timestamp_s,CH0,CH1
0.0,0,0
0.00026685,0,1
0.00076695,0,0
0.0012668,0,1
0.00176685,0,0
0.00226675,0,1
0.0027668,0,0
0.0032666,0,1
0.0037667,0,0
0.0042665,0,1
0.0047666,0,0
0.00526645,0,1
0.00576655,0,0
0.0062664,0,1
0.0067665,0,0
0.0072663,0,1
0.0077664,0,0
0.0082662,0,1
0.00876625,0,0
0.00926605,0,1
0.00976615,0,0
0.010266,0,1
0.010766,0,0
0.01126585,0,1
0.01176595,0,0
0.0122658,0,1
0.0127658,0,0
0.01326555,0,1
0.0137656,0,0
0.01426545,0,1
0.0147655,0,0
0.0152653,0,1
0.0157654,0,0
0.0162652,0,1
0.01676525,0,0
0.0172651,0,1
0.0177652,0,0
0.018265,0,1
0.01876505,0,0
0.01926495,0,1
0.01976505,0,0
0.0202649,0,1
0.020765,0,0
0.0212648,0,1
0.02176485,0,0
0.02226465,0,1
0.0227647,0,0
0.02326455,0,1
0.0237646,0,0
0.0242644,0,1
0.02476445,0,0
0.02526425,0,1
0.0257643,0,0
0.0262641,0,1
0.02676415,0,0
0.027264,0,1
0.02776405,0,0
0.02826385,0,1
0.0287639,0,0
0.0292637,0,1
0.0297637,0,0
0.03026345,0,1
0.0307635,0,0
0.0312633,0,1
0.03176335,0,0
0.0322632,0,1
0.0327633,0,0
0.0332631,0,1
0.0337631,0,0
0.0342629,0,1
0.0347629,0,0
0.03526265,0,1
0.03576265,0,0
0.03626245,0,1
0.03676245,0,0
0.0372622,0,1
0.0377622,0,0
0.038262,0,1
0.038762,0,0
0.0392618,0,1
0.0397618,0,0
0.0402615,0,1
0.0407615,0,0
0.04126125,0,1
0.04176125,0,0
0.04226105,0,1
0.0427611,0,0
0.04326085,0,1
0.04376085,0,0
0.04426065,0,1
0.04476065,0,0
0.0452604,0,1
0.0457604,0,0
0.04626015,0,1
0.0467601,0,0
0.0472601,0,1
0.0477602,0,0
0.04825975,0,1
0.0487598,0,0
0.04925985,0,1
0.04976,0,0
0.050003,1,0
0.0502597,1,1
0.05075945,1,0
0.05125955,1,1
0.05175915,1,0
0.05225925,1,1
0.0527589,1,0
0.053259,1,1
0.05375865,1,0
0.0542584,1,1
0.0547584,1,0
0.0552586,1,1
0.05576165,1,0
0.05625795,1,1
0.056758,1,0
0.05725775,1,1
0.0577577,1,0
0.05825745,1,1
0.05875745,1,0
0.0592572,1,1
0.05975725,1,0
0.060257,1,1
0.060757,1,0
0.06125675,1,1
0.0617567,1,0
0.06225645,1,1
0.0627565,1,0
0.0632563,1,1
0.06375635,1,0
0.06425615,1,1
0.06475625,1,0
0.065256,1,1
0.065756,1,0
0.0659792,0,0
0.0662563,0,1
0.06675595,0,0
0.0672557,0,1
0.0677557,0,0
0.0682555,0,1
0.0687555,0,0
0.0692553,0,1
0.0697553,0,0
0.07025505,0,1
0.0707551,0,0
0.071255,0,1
0.07175475,0,0
0.0722545,0,1
0.0727545,0,0
0.07325475,0,1
0.0737544,0,0
0.07425415,0,1
0.0747543,0,0
0.07525395,0,1
0.075754,0,0
0.07625365,0,1
0.0767537,0,0
0.0772535,0,1
0.0777535,0,0
0.0782533,0,1
0.07875335,0,0
0.0792531,0,1
0.0797531,0,0
0.08025285,0,1
0.08075285,0,0
0.0812526,0,1
0.08175255,0,0
0.0822524,0,1
0.0827524,0,0
0.0832522,0,1
0.08375225,0,0
0.084252,0,1
0.084752,0,0
0.08525175,0,1
0.08575175,0,0
0.08625155,0,1
0.0867517,0,0
0.0872515,0,1
0.08775155,0,0
0.08825145,0,1
0.08875135,0,0
0.0892512,0,1
0.08975105,0,0
0.09025085,0,1
0.0907509,0,0
0.09125075,0,1
0.0917508,0,0
0.09225065,0,1
0.0927507,0,0
0.0932505,0,1
0.09375055,0,0
0.09425035,0,1
0.0947504,0,0
0.09525015,0,1
0.09575025,0,0
0.0962501,0,1
0.09675015,0,0
0.09724995,0,1
0.09775,0,0
0.0982498,0,1
0.0987498,0,0
0.0992496,0,1
0.09974965,0,0
0.1002495,0,1
0.10074955,0,0
0.1012494,0,1
0.10174945,0,0
0.10224925,0,1
0.10274935,0,0
0.1032492,0,1
0.10374925,0,0
0.1042491,0,1
0.1047492,0,0
0.105249,0,1
0.1057491,0,0
0.1062489,0,1
0.10674895,0,0
0.10724875,0,1
0.10774885,0,0
0.10824865,0,1
0.10874875,0,0
0.10924855,0,1
0.1097486,0,0
0.11024835,0,1
0.11074845,0,0
0.11124825,0,1
0.11174825,0,0
0.11224805,0,1
0.11274815,0,0
0.11324795,0,1
0.11374805,0,0
0.11424785,0,1
0.11474795,0,0
0.1152477,0,1
0.1157478,0,0
0.11624755,0,1
0.1167476,0,0
0.11724735,0,1
0.1177474,0,0
0.11824715,0,1
0.1187472,0,0
0.11924695,0,1
0.11974695,0,0
0.12024675,0,1
0.12074685,0,0
0.12124665,0,1
0.1217467,0,0
0.1222465,0,1
0.1227466,0,0
0.1232464,0,1
0.1237465,0,0
0.1242463,0,1
0.1247463,0,0
0.1252462,0,1
0.12574645,0,0
0.12624635,0,1
0.126746,0,0
0.1272457,0,1
0.12774565,0,0
0.1282454,0,1
0.12874545,0,0
0.1292453,0,1
0.12974535,0,0
0.1302454,0,1
0.1307452,0,0
0.13124535,0,1
0.13174535,0,0
0.13224515,0,1
0.13274465,0,0
0.13324455,0,1
0.1337446,0,0
0.1342443,0,1
0.13474435,0,0
0.1352441,0,1
0.1357441,0,0
0.1362439,0,1
0.13674395,0,0
0.13724375,0,1
0.1377438,0,0
0.13824365,0,1
0.1387437,0,0
0.13924355,0,1
0.1397436,0,0
0.14024345,0,1
0.1407435,0,0
0.1412433,0,1
0.14174335,0,0
0.1422432,0,1
0.14274325,0,0
0.14324305,0,1
0.14374305,0,0
0.14424285,0,1
0.1447431,0,0
0.14524305,0,1
0.1457428,0,0
0.1462427,0,1
0.14674265,0,0
0.1472424,0,1
0.1477423,0,0
0.1482422,0,1
0.14874235,0,0
0.14924205,0,1
0.149742,0,0
0.1502419,0,1
0.15074195,0,0
0.15124165,0,1
0.15174175,0,0
0.1522417,0,1
0.15274175,0,0
0.15324155,0,1
0.1537416,0,0
0.15424145,0,1
0.15474155,0,0
0.15524175,0,1
0.15574145,0,0
0.1562415,0,1
0.1567413,0,0
0.15724125,0,1
0.1577412,0,0
0.1582411,0,1
0.1587408,0,0
0.1592407,0,1
0.15974075,0,0
0.16024055,0,1
0.16074055,0,0
0.16124035,0,1
0.16174045,0,0
0.1622406,0,1
0.16274025,0,0
0.1632402,0,1
0.16374015,0,0
0.16423995,0,1
0.16474005,0,0
0.16524,0,1
0.1657398,0,0
0.16623915,0,1
0.16673975,0,0
0.1672397,0,1
0.16773975,0,0
0.1682395,0,1
0.16873955,0,0
0.16923935,0,1
0.1697394,0,0
0.1702396,0,1
0.17073925,0,0
0.17123935,0,1
0.17173915,0,0
0.17223925,0,1
0.17273905,0,0
0.1732391,0,1
0.1737389,0,0
0.17423905,0,1
0.1747387,0,0
0.17523855,0,1
0.1757386,0,0
0.1762384,0,1
0.17673845,0,0
0.17723825,0,1
0.1777383,0,0
0.17823835,0,1
0.1787385,0,0
0.17923805,0,1
0.17973825,0,0
0.1802378,0,1
0.180738,0,0
0.18123755,0,1
0.1817376,0,0
0.1822375,0,1
0.1827375,0,0
0.18323725,0,1
0.18373725,0,0
0.18423695,0,1
0.18473695,0,0
0.18523665,0,1
0.18573665,0,0
0.1862364,0,1
0.18673645,0,0
0.1872362,0,1
0.1877362,0,0
0.1882363,0,1
0.1887359,0,0
0.18923575,0,1
0.1897359,0,0
0.1902354,0,1
0.19073565,0,0
0.19123555,0,1
0.19173515,0,0
0.1922352,0,1
0.1927352,0,0
0.19323505,0,1
0.19373465,0,0
0.19423465,0,1
0.1947344,0,0
0.1952345,0,1
0.19573415,0,0
0.19623385,0,1
0.19673385,0,0
0.1972338,0,1
0.19773385,0,0
0.1982337,0,1
0.1987337,0,0
0.19923355,0,1
0.19973365,0,0
0.20023335,0,1
0.20073355,0,0
0.2012334,0,1
0.20173345,0,0
0.20223325,0,1
0.2027333,0,0
0.2032335,0,1
0.2037332,0,0
0.2042331,0,1
0.20473325,0,0
0.2052328,0,1
0.2057331,0,0
0.20623305,0,1
0.2067327,0,0
0.20723275,0,1
0.20773285,0,0
0.2082328,0,1
0.20873255,0,0
0.20923265,0,1
0.2097325,0,0
0.21023275,0,1
0.21073245,0,0
0.21123215,0,1
0.2117322,0,0
0.21223215,0,1
0.21273225,0,0
0.2132321,0,1
0.2137322,0,0
0.21423205,0,1
0.2147321,0,0
0.21523195,0,1
0.215732,0,0
0.21623215,0,1
0.21673235,0,0
0.21723195,0,1
0.2177322,0,0
0.21823175,0,1
0.218732,0,0
0.2192317,0,1
0.21973175,0,0
0.22023155,0,1
0.2207316,0,0
0.22123145,0,1
0.2217315,0,0
0.2222313,0,1
0.22273135,0,0
0.2232313,0,1
0.2237315,0,0
0.2242311,0,1
0.2247313,0,0
0.225231,0,1
0.2257311,0,0
0.2262308,0,1
0.2267309,0,0
0.22723085,0,1
0.2277309,0,0
0.2282307,0,1
0.2287308,0,0
0.22923065,0,1
0.2297307,0,0
0.23023055,0,1
0.23073055,0,0
0.2312306,0,1
0.2317308,0,0
0.2322304,0,1
0.2327306,0,0
0.2332302,0,1
0.2337304,0,0
0.23423005,0,1
0.23473015,0,0
0.23522995,0,1
0.23573,0,0
0.2362298,0,1
0.2367298,0,0
0.2372296,0,1
0.23772965,0,0
0.2382296,0,1
0.2387298,0,0
0.2392294,0,1
0.23972955,0,0
0.24022925,0,1
0.24072935,0,0
0.24122895,0,1
0.241729,0,0
0.2422289,0,1
0.2427289,0,0
0.2432287,0,1
0.24372875,0,0
0.24422855,0,1
0.24472865,0,0
0.2452285,0,1
0.2457286,0,0
0.24622865,0,1
0.24672885,0,0
0.2472283,0,1
0.24772845,0,0
0.24822815,0,1
0.24872825,0,0
0.2492282,0,1
0.24972845,0,0
0.25022795,0,1
0.25072825,0,0
0.25122815,0,1
0.25172785,0,0
0.25222795,0,1
0.2527281,0,0
0.2532281,0,1
0.25372785,0,0
0.2542279,0,1
0.25472775,0,0
0.2552277,0,1
0.25572795,0,0
0.2562274,0,1
0.25672745,0,0
0.2572274,0,1
0.2577274,0,0
0.25822715,0,1
0.25872725,0,0
0.25922705,0,1
0.25972715,0,0
0.26022695,0,1
0.260727,0,0
0.261227,0,1
0.2617272,0,0
0.26222675,0,1
0.26272695,0,0
0.2632265,0,1
0.26372665,0,0
0.26422635,0,1
0.26472635,0,0
0.2652262,0,1
0.26572625,0,0
0.26622605,0,1
0.26672615,0,0
0.26722595,0,1
0.267726,0,0
0.268226,0,1
0.2687262,0,0
0.2692258,0,1
0.26972605,0,0
0.27022575,0,1
0.27072585,0,0
0.27122555,0,1
0.2717256,0,0
0.2722255,0,1
0.27272555,0,0
0.27322535,0,1
0.27372545,0,0
0.2742253,0,1
0.2747253,0,0
0.27522515,0,1
0.2757252,0,0
0.27622525,0,1
0.2767254,0,0
0.27722495,0,1
0.27772515,0,0
0.2782247,0,1
0.27872485,0,0
0.27922465,0,1
0.27972475,0,0
0.2802246,0,1
0.28072465,0,0
0.2812245,0,1
0.2817246,0,0
0.28222445,0,1
0.28272455,0,0
0.2832246,0,1
0.2837248,0,0
0.28422445,0,1
0.2847247,0,0
0.2852244,0,1
0.28572455,0,0
0.28622425,0,1
0.28672435,0,0
0.28722435,0,1
0.2877244,0,0
0.2882242,0,1
0.2887243,0,0
0.2892241,0,1
0.28972415,0,0
0.29022415,0,1
0.2907239,0,0
0.2912239,0,1
0.29172405,0,0
0.29222355,0,1
0.2927237,0,0
0.29322325,0,1
0.2937234,0,0
0.29422305,0,1
0.29472305,0,0
0.2952228,0,1
0.29572285,0,0
0.29622265,0,1
0.29672275,0,0
0.29722255,0,1
0.29772255,0,0
0.29822235,0,1
0.29872235,0,0
0.2992221,0,1
0.2997222,0,0
0.300222,0,1
0.30072205,0,0
0.3012218,0,1
0.3017218,0,0
0.3022217,0,1
0.30272175,0,0
0.3032215,0,1
0.30372155,0,0
0.3042213,0,1
0.30472135,0,0
0.305221,0,1
0.3057212,0,0
0.306221,0,1
0.306721,0,0
0.3072208,0,1
0.3077208,0,0
0.308221,0,1
0.3087207,0,0
0.30922065,0,1
0.30972085,0,0
0.31022045,0,1
0.31072075,0,0
0.31122065,0,1
0.31172035,0,0
0.3122204,0,1
0.31272045,0,0
0.31322035,0,1
0.31372005,0,0
0.3142201,0,1
0.31471985,0,0
0.31522,0,1
0.31571965,0,0
0.31621925,0,1
0.3167193,0,0
0.31721925,0,1
0.3177194,0,0
0.3182193,0,1
0.31871945,0,0
0.3192193,0,1
0.31971945,0,0
0.3202193,0,1
0.3207194,0,0
0.3212195,0,1
0.3217197,0,0
0.32221925,0,1
0.32271945,0,0
0.323219,0,1
0.3237192,0,0
0.32421895,0,1
0.32471905,0,0
0.3252189,0,1
0.325719,0,0
0.32621885,0,1
0.32671895,0,0
0.3272188,0,1
0.3277189,0,0
0.3282189,0,1
0.32871915,0,0
0.32921875,0,1
0.32971895,0,0
0.33021865,0,1
0.3307187,0,0
0.33121835,0,1
0.3317184,0,0
0.33221835,0,1
0.33271835,0,0
0.3332182,0,1
0.33371825,0,0
0.33421805,0,1
0.3347181,0,0
0.3352179,0,1
0.335718,0,0
0.33621805,0,1
0.33671825,0,0
0.33721785,0,1
0.33771805,0,0
0.3382176,0,1
0.33871775,0,0
0.33921745,0,1
0.33971755,0,0
0.3402174,0,1
0.34071745,0,0
0.3412173,0,1
0.3417174,0,0
0.34221715,0,1
0.34271725,0,0
0.3432172,0,1
0.34371735,0,0
0.34421695,0,1
0.34471715,0,0
0.3452169,0,1
0.34571695,0,0
0.34621665,0,1
0.34671675,0,0
0.34721665,0,1
0.3477167,0,0
0.3482165,0,1
0.34871655,0,0
0.3492163,0,1
0.34971635,0,0
0.3502162,0,1
0.35071625,0,0
0.3512163,0,1
0.3517165,0,0
0.3522161,0,1
0.3527163,0,0
0.3532159,0,1
0.35371605,0,0
0.3542158,0,1
0.3547159,0,0
0.35521575,0,1
0.3557158,0,0
0.35621565,0,1
0.3567157,0,0
0.3572155,0,1
0.35771555,0,0
0.35821555,0,1
0.35871575,0,0
0.3592153,0,1
0.3597155,0,0
0.3602152,0,1
0.36071525,0,0
0.36121495,0,1
0.36171505,0,0
0.36221505,0,1
0.3627152,0,0
0.3632151,0,1
0.3637152,0,0
0.36421505,0,1
0.3647151,0,0
0.36521495,0,1
0.365715,0,0
0.36621505,0,1
0.3667152,0,0
0.3672148,0,1
0.36771505,0,0
0.36821465,0,1
0.36871485,0,0
0.36921455,0,1
0.36971465,0,0
0.37021445,0,1
0.3707145,0,0
0.3712143,0,1
0.37171435,0,0
0.37221415,0,1
0.37271425,0,0
0.37321415,0,1
0.3737143,0,0
0.3742138,0,1
0.37471385,0,0
0.37521355,0,1
0.3757136,0,0
0.3762133,0,1
0.3767133,0,0
0.37721325,0,1
0.3777133,0,0
0.3782131,0,1
0.37871315,0,0
0.37921285,0,1
0.3797132,0,0
0.38021255,0,1
0.3807124,0,0
0.3812123,0,1
0.38171245,0,0
0.3822121,0,1
0.3827121,0,0
0.3832119,0,1
0.38371195,0,0
0.38421115,0,1
0.3847117,0,0
0.38521145,0,1
0.3857115,0,0
0.3862113,0,1
0.38671135,0,0
0.38721115,0,1
0.3877112,0,0
0.388211,0,1
0.388711,0,0
0.3892108,0,1
0.38971085,0,0
0.3902106,0,1
0.39071065,0,0
0.39121045,0,1
0.3917105,0,0
0.39221035,0,1
0.39271045,0,0
0.39321025,0,1
0.3937103,0,0
0.3942101,0,1
0.39471015,0,0
0.39520995,0,1
0.39571,0,0
0.3962098,0,1
0.39670985,0,0
0.39720965,0,1
0.39770975,0,0
0.3982095,0,1
0.39870955,0,0
0.39920935,0,1
0.39970935,0,0
0.40020915,0,1
0.4007092,0,0
0.401209,0,1
0.40170905,0,0
0.40220885,0,1
0.40270895,0,0
0.40320875,0,1
0.4037088,0,0
0.40420855,0,1
0.40470855,0,0
0.40520825,0,1
0.4057082,0,0
0.406208,0,1
0.4067081,0,0
0.407208,0,1
0.4077081,0,0
0.40820795,0,1
0.4087081,0,0
0.409208,0,1
0.4097081,0,0
0.41020795,0,1
0.410708,0,0
0.4112078,0,1
0.41170795,0,0
0.4122078,0,1
0.4127079,0,0
0.41320775,0,1
0.41370785,0,0
0.41420765,0,1
0.4147077,0,0
0.41520755,0,1
0.4157076,0,0
0.4162074,0,1
0.41670745,0,0
0.4172072,0,1
0.41770725,0,0
0.41820705,0,1
0.4187071,0,0
0.4192069,0,1
0.41970695,0,0
0.42020675,0,1
0.4207068,0,0
0.42120665,0,1
0.42170675,0,0
0.42220665,0,1
0.42270675,0,0
0.4232066,0,1
0.4237067,0,0
0.4242065,0,1
0.42470665,0,0
0.4252065,0,1
0.42570665,0,0
0.42620645,0,1
0.42670655,0,0
0.4272064,0,1
0.4277065,0,0
0.42820635,0,1
0.4287064,0,0
0.42920625,0,1
0.4297063,0,0
0.43020615,0,1
0.4307062,0,0
0.431206,0,1
0.43170605,0,0
0.43220585,0,1
0.43270595,0,0
0.4332058,0,1
0.43370595,0,0
0.4342058,0,1
0.4347059,0,0
0.4352058,0,1
0.43570585,0,0
0.4362057,0,1
0.43670585,0,0
0.4372057,0,1
0.4377057,0,0
0.43820555,0,1
0.4387056,0,0
0.4392054,0,1
0.4397055,0,0
0.44020535,0,1
0.44070545,0,0
0.44120535,0,1
0.44170545,0,0
0.44220535,0,1
0.44270545,0,0
0.44320535,0,1
0.44370545,0,0
0.44420535,0,1
0.44470545,0,0
0.4452053,0,1
0.44570535,0,0
0.4462052,0,1
0.4467053,0,0
0.44720505,0,1
0.4477051,0,0
0.44820495,0,1
0.44870505,0,0
0.44920485,0,1
0.4497049,0,0
0.45020475,0,1
0.4507048,0,0
0.4512046,0,1
0.45170465,0,0
0.45220445,0,1
0.45270455,0,0
0.45320435,0,1
0.45370435,0,0
0.4542042,0,1
0.45470425,0,0
0.4552041,0,1
0.45570415,0,0
0.45620395,0,1
0.45670405,0,0
0.45720385,0,1
0.4577039,0,0
0.4582037,0,1
0.45870375,0,0
0.45920355,0,1
0.4597036,0,0
0.4602034,0,1
0.46070345,0,0
0.46120325,0,1
0.4617033,0,0
0.46220315,0,1
0.46270325,0,0
0.4632031,0,1
0.46370315,0,0
0.464203,0,1
0.4647031,0,0
0.46520295,0,1
0.465703,0,0
0.4662028,0,1
0.4667029,0,0
0.46720275,0,1
0.4677028,0,0
0.46820265,0,1
0.4687027,0,0
0.4692025,0,1
0.46970255,0,0
0.4702024,0,1
0.47070245,0,0
0.47120225,0,1
0.4717023,0,0
0.47220215,0,1
0.4727022,0,0
0.473202,0,1
0.4737021,0,0
0.47420195,0,1
0.4747021,0,0
0.475202,0,1
0.4757021,0,0
0.47620195,0,1
0.47670205,0,0
0.4772019,0,1
0.47770195,0,0
0.4782018,0,1
0.4787019,0,0
0.47920175,0,1
0.4797018,0,0
0.48020165,0,1
0.48070175,0,0
0.4812016,0,1
0.48170165,0,0
0.4822015,0,1
0.4827016,0,0
0.4832014,0,1
0.4837014,0,0
0.4842012,0,1
0.48470135,0,0
0.48520115,0,1
0.48570125,0,0
0.4862011,0,1
0.48670115,0,0
0.48720095,0,1
0.487701,0,0
0.48820075,0,1
0.4887008,0,0
0.4892006,0,1
0.4897007,0,0
0.4902005,0,1
0.4907006,0,0
0.49120045,0,1
0.49170055,0,0
0.4922004,0,1
0.49270045,0,0
0.4932003,0,1
0.4937004,0,0
0.4942002,0,1
0.49470025,0,0
0.4952001,0,1
0.49570015,0,0
0.49619995,0,1
0.4967,0,0
0.49719975,0,1
0.49769985,0,0
0.49819965,0,1
0.4986996,0,0
0.49919935,0,1
0.4996994,0,0
0.50019915,0,1
0.50069915,0,0
0.50119895,0,1
0.50169895,0,0
0.50219875,0,1
0.5026988,0,0
0.50319855,0,1
0.5036986,0,0
0.50419835,0,1
0.5046984,0,0
0.5051982,0,1
0.5056982,0,0
0.506198,0,1
0.50669805,0,0
0.5071978,0,1
0.50769785,0,0
0.50819765,0,1
0.50869775,0,0
0.50919755,0,1
0.50969755,0,0
0.5101973,0,1
0.51069735,0,0
0.51119715,0,1
0.5116972,0,0
0.512197,0,1
0.51269705,0,0
0.5131969,0,1
0.51369695,0,0
0.5141968,0,1
0.5146968,0,0
0.51519665,0,1
0.51569665,0,0
0.51619645,0,1
0.5166965,0,0
0.51719635,0,1
0.5176964,0,0
0.5181962,0,1
0.51869625,0,0
0.519196,0,1
0.51969605,0,0
0.52019585,0,1
0.52069585,0,0
0.5211956,0,1
0.5216956,0,0
0.5221954,0,1
0.5226954,0,0
0.5231952,0,1
0.5236952,0,0
0.52419495,0,1
0.524695,0,0
0.52519485,0,1
0.5256949,0,0
0.5261947,0,1
0.5266948,0,0
0.5271946,0,1
0.52769465,0,0
0.5281944,0,1
0.52869445,0,0
0.52919425,0,1
0.5296943,0,0
0.53019415,0,1
0.5306942,0,0
0.53119405,0,1
0.5316941,0,0
0.5321939,0,1
0.53269395,0,0
0.53319375,0,1
0.5336938,0,0
0.53419355,0,1
0.53469355,0,0
0.53519335,0,1
0.53569335,0,0
0.53619315,0,1
0.5366932,0,0
0.537193,0,1
0.5376931,0,0
0.5381929,0,1
0.5386929,0,0
0.5391927,0,1
0.5396928,0,0
0.5401926,0,1
0.5406927,0,0
0.54119255,0,1
0.54169255,0,0
0.54219235,0,1
0.5426924,0,0
0.5431922,0,1
0.54369225,0,0
0.54419205,0,1
0.54469205,0,0
0.5451918,0,1
0.5456918,0,0
0.54619155,0,1
0.5466915,0,0
0.5471913,0,1
0.5476913,0,0
0.54819115,0,1
0.5486912,0,0
0.54919095,0,1
0.54969095,0,0
0.55019075,0,1
0.55069075,0,0
0.55119055,0,1
0.5516906,0,0
0.5521904,0,1
0.55269045,0,0
0.5531903,0,1
0.55369035,0,0
0.55419015,0,1
0.5546902,0,0
0.55519,0,1
0.55569005,0,0
0.5561899,0,1
0.55668995,0,0
0.5571898,0,1
0.55768985,0,0
0.55818965,0,1
0.5586897,0,0
0.55918955,0,1
0.5596896,0,0
0.56018945,0,1
0.5606895,0,0
0.56118935,0,1
0.56168945,0,0
0.56218935,0,1
0.56268945,0,0
0.5631893,0,1
0.5636894,0,0
0.56418925,0,1
0.5646893,0,0
0.56518915,0,1
0.56568925,0,0
0.56618905,0,1
0.56668915,0,0
0.567189,0,1
0.56768915,0,0
0.5681889,0,1
0.56868905,0,0
0.5691889,0,1
0.569689,0,0
0.57018885,0,1
0.5706889,0,0
0.57118875,0,1
0.57168885,0,0
0.5721887,0,1
0.5726888,0,0
0.57318865,0,1
0.5736887,0,0
0.57418855,0,1
0.5746886,0,0
0.57518845,0,1
0.5756885,0,0
0.5761883,0,1
0.5766883,0,0
0.5771881,0,1
0.57768815,0,0
0.57818795,0,1
0.578688,0,0
0.5791878,0,1
0.57968785,0,0
0.5801876,0,1
0.58068765,0,0
0.58118745,0,1
0.5816875,0,0
0.58218735,0,1
0.58268745,0,0
0.58318725,0,1
0.58368725,0,0
0.584187,0,1
0.584687,0,0
0.5851868,0,1
0.58568685,0,0
0.5861867,0,1
0.58668675,0,0
0.58718655,0,1
0.58768665,0,0
0.58818645,0,1
0.5886865,0,0
0.5891863,0,1
0.58968635,0,0
0.59018615,0,1
0.59068625,0,0
0.5911861,0,1
0.59168615,0,0
0.59218595,0,1
0.59268605,0,0
0.59318585,0,1
0.5936859,0,0
0.5941857,0,1
0.5946857,0,0
0.59518555,0,1
0.59568555,0,0
0.59618535,0,1
0.59668535,0,0
0.59718515,0,1
0.5976852,0,0
0.598185,0,1
0.59868505,0,0
0.5991848,0,1
0.5996849,0,0
0.6001847,0,1
0.6006848,0,0
0.60118465,0,1
0.60168465,0,0
0.60218445,0,1
0.60268445,0,0
0.60318425,0,1
0.6036843,0,0
0.6041841,0,1
0.6046842,0,0
0.605184,0,1
0.60568405,0,0
0.60618385,0,1
0.6066839,0,0
0.6071837,0,1
0.60768375,0,0
0.60818355,0,1
0.6086836,0,0
0.6091834,0,1
0.60968345,0,0
0.61018325,0,1
0.6106833,0,0
0.6111831,0,1
0.61168315,0,0
0.612183,0,1
0.61268305,0,0
0.6131829,0,1
0.6136829,0,0
0.6141827,0,1
0.6146828,0,0
0.61518255,0,1
0.6156826,0,0
0.6161824,0,1
0.61668245,0,0
0.61718225,0,1
0.61768225,0,0
0.61818205,0,1
0.61868215,0,0
0.61918195,0,1
0.619682,0,0
0.62018185,0,1
0.62068195,0,0
0.6211818,0,1
0.6216819,0,0
0.62218175,0,1
0.6226818,0,0
0.62318165,0,1
0.6236817,0,0
0.62418155,0,1
0.62468165,0,0
0.6251815,0,1
0.6256816,0,0
0.6261814,0,1
0.6266815,0,0
0.62718135,0,1
0.6276814,0,0
0.62818125,0,1
0.6286813,0,0
0.6291812,0,1
0.62968125,0,0
0.6301811,0,1
0.63068115,0,0
0.63118095,0,1
0.63168105,0,0
0.6321809,0,1
0.63268095,0,0
0.63318075,0,1
0.63368085,0,0
0.63418065,0,1
0.6346807,0,0
0.63518045,0,1
0.6356805,0,0
0.6361803,0,1
0.63668035,0,0
0.63718025,0,1
0.6376803,0,0
0.6381801,0,1
0.63868015,0,0
0.6391799,0,1
0.6396799,0,0
0.6401797,0,1
0.64067975,0,0
0.64117955,0,1
0.64167965,0,0
0.64217945,0,1
0.6426795,0,0
0.6431793,0,1
0.6436794,0,0
0.6441792,0,1
0.64467925,0,0
0.645179,0,1
0.64567905,0,0
0.64617885,0,1
0.6466789,0,0
0.6471787,0,1
0.64767875,0,0
0.6481786,0,1
0.6486787,0,0
0.64917855,0,1
0.64967865,0,0
0.6501785,0,1
0.65067855,0,0
0.6511784,0,1
0.6516785,0,0
0.65217835,0,1
0.6526784,0,0
0.65317825,0,1
0.65367835,0,0
0.6541782,0,1
0.6546783,0,0
0.6551781,0,1
0.65567815,0,0
0.656178,0,1
0.65667805,0,0
0.6571779,0,1
0.657678,0,0
0.6581778,0,1
0.6586779,0,0
0.65917775,0,1
0.6596778,0,0
0.66017755,0,1
0.66067765,0,0
0.6611775,0,1
0.6616776,0,0
0.66217745,0,1
0.66267755,0,0
0.66317735,0,1
0.6636774,0,0
0.6641772,0,1
0.66467725,0,0
0.6651771,0,1
0.66567715,0,0
0.666177,0,1
0.66667705,0,0
0.6671769,0,1
0.667677,0,0
0.66817685,0,1
0.6686769,0,0
0.66917675,0,1
0.66967685,0,0
0.6701767,0,1
0.6706768,0,0
0.6711766,0,1
0.6716767,0,0
0.67217655,0,1
0.6726766,0,0
0.67317645,0,1
0.6736765,0,0
0.6741763,0,1
0.67467635,0,0
0.6751762,0,1
0.6756763,0,0
0.6761761,0,1
0.67667615,0,0
0.67717595,0,1
0.67767605,0,0
0.67817585,0,1
0.67867595,0,0
0.6791758,0,1
0.6796759,0,0
0.6801757,0,1
0.68067575,0,0
0.6811755,0,1
0.6816756,0,0
0.68217545,0,1
0.68267555,0,0
0.68317545,0,1
0.68367555,0,0
0.68417545,0,1
0.68467555,0,0
0.68517545,0,1
0.6856756,0,0
0.6861755,0,1
0.6866756,0,0
0.6871755,0,1
0.68767565,0,0
0.6881755,0,1
0.68867565,0,0
0.6891755,0,1
0.6896756,0,0
0.69017545,0,1
0.6906756,0,0
0.69117545,0,1
0.69167555,0,0
0.69217545,0,1
0.6926756,0,0
0.6931755,0,1
0.69367565,0,0
0.69417555,0,1
0.69467565,0,0
0.69517555,0,1
0.69567565,0,0
0.6961755,0,1
0.69667565,0,0
0.6971755,0,1
0.6976756,0,0
0.6981755,0,1
0.6986756,0,0
0.69917545,0,1
0.6996756,0,0
0.7001755,0,1
0.7006756,0,0
0.7011755,0,1
0.70167565,0,0
0.70217555,0,1
0.7026757,0,0
0.7031756,0,1
0.7036757,0,0
0.70417555,0,1
0.70467565,0,0
0.7051754,0,1
0.70567545,0,0
0.7061752,0,1
0.7066752,0,0
0.70717495,0,1
0.707675,0,0
0.70817475,0,1
0.7086748,0,0
0.7091746,0,1
0.70967465,0,0
0.71017445,0,1
0.7106745,0,0
0.71117425,0,1
0.7116743,0,0
0.7121741,0,1
0.7126741,0,0
0.7131739,0,1
0.71367395,0,0
0.71417375,0,1
0.7146738,0,0
0.71517365,0,1
0.7156737,0,0
0.7161735,0,1
0.71667355,0,0
0.7171733,0,1
0.7176734,0,0
0.7181732,0,1
0.71867325,0,0
0.719173,0,1
0.7196731,0,0
0.7201729,0,1
0.72067295,0,0
0.7211728,0,1
0.72167285,0,0
0.72217265,0,1
0.7226727,0,0
0.7231725,0,1
0.7236726,0,0
0.72417235,0,1
0.7246724,0,0
0.7251722,0,1
0.72567225,0,0
0.72617205,0,1
0.7266721,0,0
0.72717195,0,1
0.72767205,0,0
0.72817185,0,1
0.7286719,0,0
0.72917175,0,1
0.7296718,0,0
0.7301716,0,1
0.73067165,0,0
0.7311715,0,1
0.73167155,0,0
0.73217135,0,1
0.73267145,0,0
0.73317125,0,1
0.7336713,0,0
0.73417115,0,1
0.7346712,0,0
0.735171,0,1
0.73567105,0,0
0.7361709,0,1
0.73667095,0,0
0.73717075,0,1
0.7376708,0,0
0.73817065,0,1
0.73867075,0,0
0.73917055,0,1
0.73967065,0,0
0.74017055,0,1
0.74067065,0,0
0.7411705,0,1
0.7416706,0,0
0.74217045,0,1
0.7426706,0,0
0.74317045,0,1
0.74367055,0,0
0.74417045,0,1
0.7446706,0,0
0.74517045,0,1
0.7456706,0,0
0.74617045,0,1
0.7466706,0,0
0.7471705,0,1
0.7476706,0,0
0.7481705,0,1
0.7486706,0,0
0.7491705,0,1
0.74967065,0,0
0.7501705,0,1
0.75067055,0,0
0.7511704,0,1
0.7516705,0,0
0.7521703,0,1
0.75267045,0,0
0.75317025,0,1
0.75367035,0,0
0.7541702,0,1
0.7546703,0,0
0.75517015,0,1
0.75567015,0,0
0.75617,0,1
0.7566701,0,0
0.75717,0,1
0.7576701,0,0
0.7581699,0,1
0.75867,0,0
0.75916985,0,1
0.7596699,0,0
0.76016975,0,1
0.7606698,0,0
0.76116965,0,1
0.7616697,0,0
0.7621696,0,1
0.7626697,0,0
0.76316955,0,1
0.7636696,0,0
0.7641694,0,1
0.76466945,0,0
0.7651693,0,1
0.76566935,0,0
0.76616915,0,1
0.76666925,0,0
0.76716905,0,1
0.76766915,0,0
0.768169,0,1
0.76866905,0,0
0.7691689,0,1
0.76966895,0,0
0.7701688,0,1
0.7706689,0,0
0.77116875,0,1
0.7716688,0,0
0.77216865,0,1
0.7726687,0,0
0.77316855,0,1
0.77366865,0,0
0.7741685,0,1
0.7746686,0,0
0.77516845,0,1
0.77566855,0,0
0.7761684,0,1
0.7766685,0,0
0.77716835,0,1
0.77766845,0,0
0.77816825,0,1
0.7786683,0,0
0.7791681,0,1
0.77966815,0,0
0.780168,0,1
0.7806681,0,0
0.78116795,0,1
0.78166805,0,0
0.7821679,0,1
0.78266805,0,0
0.7831679,0,1
0.78366805,0,0
0.7841679,0,1
0.78466795,0,0
0.7851678,0,1
0.7856679,0,0
0.78616775,0,1
0.7866678,0,0
0.7871676,0,1
0.7876677,0,0
0.78816755,0,1
0.78866765,0,0
0.78916755,0,1
0.78966765,0,0
0.7901675,0,1
0.79066755,0,0
0.79116745,0,1
0.79166755,0,0
0.7921674,0,1
0.79266745,0,0
0.79316735,0,1
0.79366745,0,0
0.7941673,0,1
0.7946674,0,0
0.79516725,0,1
0.7956674,0,0
0.79616725,0,1
0.7966674,0,0
0.7971672,0,1
0.7976673,0,0
0.79816715,0,1
0.79866725,0,0
0.7991671,0,1
0.7996672,0,0
0.80016705,0,1
0.80066715,0,0
0.801167,0,1
0.8016671,0,0
0.802167,0,1
0.8026671,0,0
0.80316695,0,1
0.80366705,0,0
0.8041669,0,1
0.80466705,0,0
0.8051669,0,1
0.805667,0,0
0.8061669,0,1
0.806667,0,0
0.8071668,0,1
0.80766685,0,0
0.80816675,0,1
0.8086669,0,0
0.80916675,0,1
0.80966685,0,0
0.81016675,0,1
0.81066685,0,0
0.8111667,0,1
0.8116668,0,0
0.81216665,0,1
0.8126667,0,0
0.8131665,0,1
0.81366665,0,0
0.81416645,0,1
0.8146666,0,0
0.81516645,0,1
0.81566655,0,0
0.81616645,0,1
0.8166665,0,0
0.81716635,0,1
0.81766645,0,0
0.8181663,0,1
0.81866635,0,0
0.81916615,0,1
0.81966625,0,0
0.82016605,0,1
0.8206661,0,0
0.8211659,0,1
0.82166595,0,0
0.82216575,0,1
0.8226658,0,0
0.8231656,0,1
0.82366565,0,0
0.8241655,0,1
0.82466565,0,0
0.8251655,0,1
0.82566565,0,0
0.8261655,0,1
0.8266656,0,0
0.82716545,0,1
0.82766555,0,0
0.8281654,0,1
0.8286655,0,0
0.82916535,0,1
0.82966545,0,0
0.83016525,0,1
0.8306653,0,0
0.83116515,0,1
0.83166525,0,0
0.8321651,0,1
0.8326652,0,0
0.83316505,0,1
0.83366515,0,0
0.834165,0,1
0.83466515,0,0
0.835165,0,1
0.83566505,0,0
0.83616495,0,1
0.83666505,0,0
0.8371649,0,1
0.83766505,0,0
0.83816495,0,1
0.83866505,0,0
0.8391649,0,1
0.839665,0,0
0.84016485,0,1
0.84066495,0,0
0.84116475,0,1
0.84166485,0,0
0.84216465,0,1
0.8426647,0,0
0.8431645,0,1
0.84366455,0,0
0.84416435,0,1
0.8446644,0,0
0.84516425,0,1
0.84566435,0,0
0.8461642,0,1
0.8466643,0,0
0.8471641,0,1
0.84766425,0,0
0.8481641,0,1
0.8486642,0,0
0.849164,0,1
0.84966415,0,0
0.850164,0,1
0.85066405,0,0
0.85116385,0,1
0.85166395,0,0
0.8521638,0,1
0.8526639,0,0
0.8531637,0,1
0.85366385,0,0
0.8541637,0,1
0.8546638,0,0
0.85516365,0,1
0.85566375,0,0
0.8561636,0,1
0.8566637,0,0
0.85716355,0,1
0.85766365,0,0
0.8581635,0,1
0.8586636,0,0
0.85916345,0,1
0.8596635,0,0
0.86016325,0,1
0.8606633,0,0
0.86116305,0,1
0.8616631,0,0
0.8621629,0,1
0.8626629,0,0
0.86316265,0,1
0.8636627,0,0
0.8641625,0,1
0.86466255,0,0
0.8651623,0,1
0.8656624,0,0
0.8661622,0,1
0.8666623,0,0
0.8671621,0,1
0.86766215,0,0
0.868162,0,1
0.86866195,0,0
0.86916175,0,1
0.86966175,0,0
0.8701615,0,1
0.87066155,0,0
0.8711613,0,1
0.8716613,0,0
0.87216105,0,1
0.8726611,0,0
0.8731609,0,1
0.87366095,0,0
0.8741607,0,1
0.87466075,0,0
0.8751606,0,1
0.87566065,0,0
0.87616045,0,1
0.8766605,0,0
0.87716025,0,1
0.8776602,0,0
0.87815995,0,1
0.87866,0,0
0.8791598,0,1
0.87965985,0,0
0.88015965,0,1
0.8806597,0,0
0.8811595,0,1
0.88165955,0,0
0.88215935,0,1
0.88265945,0,0
0.88315925,0,1
0.8836593,0,0
0.88415905,0,1
0.88465905,0,0
0.8851588,0,1
0.88565885,0,0
0.88615865,0,1
0.8866587,0,0
0.88715855,0,1
0.88765855,0,0
0.8881584,0,1
0.88865845,0,0
0.8891582,0,1
0.88965825,0,0
0.890158,0,1
0.890658,0,0
0.8911578,0,1
0.8916578,0,0
0.8921576,0,1
0.8926576,0,0
0.8931574,0,1
0.8936574,0,0
0.89415715,0,1
0.89465725,0,0
0.895157,0,1
0.89565705,0,0
0.89615685,0,1
0.8966569,0,0
0.8971567,0,1
0.8976567,0,0
0.8981565,0,1
0.8986565,0,0
0.8991562,0,1
0.8996562,0,0
0.90015595,0,1
0.90065595,0,0
0.90115575,0,1
0.90165575,0,0
0.90215555,0,1
0.90265555,0,0
0.90315535,0,1
0.9036554,0,0
0.90415515,0,1
0.90465515,0,0
0.9051549,0,1
0.90565495,0,0
0.90615475,0,1
0.9066548,0,0
0.9071546,0,1
0.90765465,0,0
0.90815445,0,1
0.9086545,0,0
0.9091543,0,1
0.90965435,0,0
0.91015415,0,1
0.9106542,0,0
0.91115395,0,1
0.911654,0,0
0.9121538,0,1
0.9126538,0,0
0.9131536,0,1
0.9136536,0,0
0.9141534,0,1
0.9146534,0,0
0.91515325,0,1
0.9156533,0,0
0.91615315,0,1
0.9166532,0,0
0.917153,0,1
0.91765305,0,0
0.91815285,0,1
0.9186529,0,0
0.9191527,0,1
0.91965275,0,0
0.9201526,0,1
0.9206527,0,0
0.92115255,0,1
0.92165255,0,0
0.9221523,0,1
0.9226523,0,0
0.9231521,0,1
0.92365215,0,0
0.9241519,0,1
0.924652,0,0
0.9251518,0,1
0.92565185,0,0
0.9261516,0,1
0.92665165,0,0
0.92715145,0,1
0.9276515,0,0
0.9281513,0,1
0.92865135,0,0
0.92915115,0,1
0.92965115,0,0
0.93015095,0,1
0.93065095,0,0
0.9311507,0,1
0.9316507,0,0
0.93215045,0,1
0.93265045,0,0
0.9331502,0,1
0.9336502,0,0
0.93415,0,1
0.93465005,0,0
0.93514985,0,1
0.9356499,0,0
0.93614965,0,1
0.9366497,0,0
0.9371495,0,1
0.9376495,0,0
0.9381493,0,1
0.9386493,0,0
0.93914905,0,1
0.9396491,0,0
0.9401489,0,1
0.94064895,0,0
0.94114865,0,1
0.9416487,0,0
0.94214845,0,1
0.9426485,0,0
0.9431483,0,1
0.94364835,0,0
0.94414815,0,1
0.9446482,0,0
0.945148,0,1
0.94564805,0,0
0.94614785,0,1
0.9466479,0,0
0.94714775,0,1
0.94764785,0,0
0.9481477,0,1
0.9486478,0,0
0.9491476,0,1
0.94964765,0,0
0.9501474,0,1
0.95064745,0,0
0.95114725,0,1
0.9516473,0,0
0.95214705,0,1
0.95264705,0,0
0.95314685,0,1
0.9536469,0,0
0.9541467,0,1
0.95464675,0,0
0.9551465,0,1
0.95564655,0,0
0.9561463,0,1
0.95664635,0,0
0.9571461,0,1
0.9576461,0,0
0.95814585,0,1
0.95864585,0,0
0.95914565,0,1
0.95964565,0,0
0.96014545,0,1
0.9606455,0,0
0.96114525,0,1
0.9616453,0,0
0.9621451,0,1
0.9626452,0,0
0.96314505,0,1
0.96364515,0,0
0.964145,0,1
0.9646451,0,0
0.96514495,0,1
0.96564505,0,0
0.9661449,0,1
0.9666451,0,0
0.96714495,0,1
0.96764505,0,0
0.9681449,0,1
0.968645,0,0
0.9691448,0,1
0.96964485,0,0
0.97014465,0,1
0.9706447,0,0
0.97114455,0,1
0.9716447,0,0
0.97214455,0,1
0.97264465,0,0
0.97314445,0,1
0.97364455,0,0
0.97414435,0,1
0.97464445,0,0
0.97514425,0,1
0.9756443,0,0
0.97614415,0,1
0.9766442,0,0
0.977144,0,1
0.97764405,0,0
0.9781438,0,1
0.9786438,0,0
0.97914365,0,1
0.9796437,0,0
0.98014355,0,1
0.9806436,0,0
0.9811434,0,1
0.98164345,0,0
0.98214325,0,1
0.98264335,0,0
0.9831432,0,1
0.9836433,0,0
0.9841431,0,1
0.9846432,0,0
0.98514305,0,1
0.9856431,0,0
0.98614295,0,1
0.986643,0,0
0.9871429,0,1
0.98764295,0,0
0.98814285,0,1
0.9886429,0,0
0.98914265,0,1
0.98964275,0,0
0.99014255,0,1
0.9906426,0,0
0.99114245,0,1
0.99164245,0,0
0.9921422,0,1
0.99264225,0,0
0.9931421,0,1
0.9936421,0,0
0.9941419,0,1
0.9946419,0,0
0.99514165,0,1
0.99564165,0,0
0.99614145,0,1
0.9966415,0,0
0.99714135,0,1
0.99764145,0,0
0.9981413,0,1
0.99864135,0,0
0.9991412,0,1
0.99964125,0,0
1.00014105,0,1
1.00064115,0,0
1.001141,0,1
1.00164105,0,0
1.00214085,0,1
1.00264095,0,0
1.00314075,0,1
1.00364085,0,0
1.0041407,0,1
1.0046408,0,0
1.00514065,0,1
1.0056407,0,0
1.00614055,0,1
1.0066406,0,0
1.00714045,0,1
1.00764055,0,0
1.00814035,0,1
1.0086404,0,0
1.0091403,0,1
1.0096404,0,0
1.01014025,0,1
1.01064035,0,0
1.0111402,0,1
1.01164025,0,0
1.0121401,0,1
1.01264015,0,0
1.01314,0,1
1.01364005,0,0
1.0141399,0,1
1.01463995,0,0
1.0151398,0,1
1.0156399,0,0
1.0161397,0,1
1.0166397,0,0
1.0171395,0,1
1.01763965,0,0
1.0181395,0,1
1.0186396,0,0
1.0191394,0,1
1.0196395,0,0
1.0201393,0,1
1.0206394,0,0
1.02113925,0,1
1.0216393,0,0
1.02213915,0,1
1.0226392,0,0
1.02313905,0,1
1.0236391,0,0
1.02413895,0,1
1.02463895,0,0
1.02513875,0,1
1.0256388,0,0
1.0261386,0,1
1.0266386,0,0
1.0271384,0,1
1.0276384,0,0
1.0281382,0,1
1.0286382,0,0
1.02913795,0,1
1.029638,0,0
1.03013785,0,1
1.03063785,0,0
1.03113765,0,1
1.0316377,0,0
1.03213755,0,1
1.0326376,0,0
1.03313745,0,1
1.03363755,0,0
1.03413735,0,1
1.03463745,0,0
1.03513725,0,1
1.03563735,0,0
1.03613715,0,1
1.0366372,0,0
1.037137,0,1
1.03763705,0,0
1.0381369,0,1
1.03863695,0,0
1.03913675,0,1
1.03963675,0,0
1.0401365,0,1
1.04063655,0,0
1.0411364,0,1
1.04163645,0,0
1.04213625,0,1
1.0426364,0,0
1.04313625,0,1
1.0436363,0,0
1.0441361,0,1
1.04463615,0,0
1.045136,0,1
1.04563605,0,0
1.0461359,0,1
1.04663605,0,0
1.0471359,0,1
1.04763595,0,0
1.04813585,0,1
1.04863595,0,0
1.04913575,0,1
1.0496359,0,0
1.0501357,0,1
1.0506358,0,0
1.0511357,0,1
1.05163575,0,0
1.05213565,0,1
1.0526357,0,0
1.0531356,0,1
1.0536357,0,0
1.05413555,0,1
1.05463565,0,0
1.0551355,0,1
1.0556356,0,0
1.05613545,0,1
1.0566355,0,0
1.0571353,0,1
1.05763535,0,0
1.0581352,0,1
1.05863525,0,0
1.05913505,0,1
1.0596351,0,0
1.06013495,0,1
1.060635,0,0
1.06113485,0,1
1.06163485,0,0
1.06213465,0,1
1.0626347,0,0
1.06313445,0,1
1.0636345,0,0
1.0641343,0,1
1.0646343,0,0
1.06513405,0,1
1.06563405,0,0
1.0661338,0,1
1.0666338,0,0
1.06713355,0,1
1.06763355,0,0
1.06813335,0,1
1.0686334,0,0
1.06913315,0,1
1.0696332,0,0
1.07013295,0,1
1.070633,0,0
1.0711328,0,1
1.07163285,0,0
1.0721326,0,1
1.07263265,0,0
1.0731324,0,1
1.0736324,0,0
1.07413215,0,1
1.07463215,0,0
1.0751319,0,1
1.0756319,0,0
1.07613165,0,1
1.07663165,0,0
1.0771314,0,1
1.0776314,0,0
1.0781312,0,1
1.0786312,0,0
1.079131,0,1
1.079631,0,0
1.08013075,0,1
1.08063075,0,0
1.0811305,0,1
1.08163045,0,0
1.0821302,0,1
1.08263015,0,0
1.08312995,0,1
1.08363,0,0
1.08412975,0,1
1.08462975,0,0
1.08512955,0,1
1.08562955,0,0
1.08612935,0,1
1.0866294,0,0
1.08712915,0,1
1.0876292,0,0
1.088129,0,1
1.08862905,0,0
1.08912885,0,1
1.0896289,0,0
1.09012875,0,1
1.0906288,0,0
1.0911286,0,1
1.09162865,0,0
1.0921285,0,1
1.09262855,0,0
1.09312835,0,1
1.0936284,0,0
1.0941282,0,1
1.09462825,0,0
1.09512805,0,1
1.0956281,0,0
1.09612795,0,1
1.096628,0,0
1.09712785,0,1
1.09762795,0,0
1.09812785,0,1
1.0986279,0,0
1.09912775,0,1
1.09962775,0,0
1.10012755,0,1
1.1006276,0,0
1.10112745,0,1
1.10162745,0,0
1.1021272,0,1
1.10262725,0,0
1.10312705,0,1
1.1036271,0,0
1.1041269,0,1
1.104627,0,0
1.10512685,0,1
1.1056269,0,0
1.1061267,0,1
1.10662675,0,0
1.1071266,0,1
1.10762665,0,0
1.10812645,0,1
1.1086265,0,0
1.1091263,0,1
1.10962635,0,0
1.1101261,0,1
1.1106262,0,0
1.11112595,0,1
1.11162595,0,0
1.11212565,0,1
1.11262565,0,0
1.11312545,0,1
1.11362545,0,0
1.1141252,0,1
1.1146253,0,0
1.11512505,0,1
1.11562505,0,0
1.1161248,0,1
1.11662485,0,0
1.1171246,0,1
1.1176247,0,0
1.11812445,0,1
1.1186245,0,0
1.11912425,0,1
1.1196243,0,0
1.12012405,0,1
1.1206241,0,0
1.1211239,0,1
1.1216239,0,0
1.1221237,0,1
1.12262375,0,0
1.1231235,0,1
1.12362355,0,0
1.12412335,0,1
1.12462335,0,0
1.12512315,0,1
1.1256232,0,0
1.126123,0,1
1.126623,0,0
1.12712275,0,1
1.1276228,0,0
1.12812255,0,1
1.1286226,0,0
1.12912235,0,1
1.12962235,0,0
1.1301221,0,1
1.1306221,0,0
1.1311219,0,1
1.1316219,0,0
1.13212165,0,1
1.13262165,0,0
1.13312145,0,1
1.13362145,0,0
1.13412125,0,1
1.1346213,0,0
1.13512105,0,1
1.1356211,0,0
1.1361209,0,1
1.1366209,0,0
1.13712065,0,1
1.1376207,0,0
1.1381205,0,1
1.13862055,0,0
1.13912035,0,1
1.13962035,0,0
1.14012015,0,1
1.1406202,0,0
1.14112,0,1
1.14162,0,0
1.1421198,0,1
1.1426198,0,0
1.1431196,0,1
1.1436197,0,0
1.14411945,0,1
1.1446195,0,0
1.14511925,0,1
1.1456193,0,0
1.1461191,0,1
1.14661915,0,0
1.1471189,0,1
1.1476189,0,0
1.14811865,0,1
1.1486187,0,0
1.14911845,0,1
1.1496185,0,0
1.15011825,0,1
1.1506182,0,0
1.15111795,0,1
1.15161795,0,0
1.1521177,0,1
1.1526177,0,0
1.15311755,0,1
1.15361755,0,0
1.1541173,0,1
1.1546173,0,0
1.15511705,0,1
1.1556171,0,0
1.1561169,0,1
1.1566169,0,0
1.15711675,0,1
1.1576168,0,0
1.15811655,0,1
1.15861655,0,0
1.15911635,0,1
1.1596164,0,0
1.1601162,0,1
1.16061615,0,0
1.16111585,0,1
1.16161585,0,0
1.1621156,0,1
1.1626156,0,0
1.1631154,0,1
1.1636154,0,0
1.1641152,0,1
1.1646152,0,0
1.16511495,0,1
1.165615,0,0
1.16611485,0,1
1.16661485,0,0
1.1671146,0,1
1.1676146,0,0
1.1681144,0,1
1.1686144,0,0
1.16911415,0,1
1.16961415,0,0
1.1701139,0,1
1.1706139,0,0
1.1711136,0,1
1.1716136,0,0
1.17211335,0,1
1.1726133,0,0
1.17311305,0,1
1.17361305,0,0
1.17411275,0,1
1.17461275,0,0
1.1751125,0,1
1.1756125,0,0
1.17611225,0,1
1.1766123,0,0
1.17711205,0,1
1.177612,0,0
1.1781118,0,1
1.1786118,0,0
1.17911155,0,1
1.1796116,0,0
1.1801113,0,1
1.1806113,0,0
1.181111,0,1
1.181611,0,0
1.18211075,0,1
1.18261075,0,0
1.18311055,0,1
1.18361055,0,0
1.18411035,0,1
1.18461035,0,0
1.1851101,0,1
1.1856101,0,0
1.18610985,0,1
1.1866099,0,0
1.18710965,0,1
1.18760965,0,0
1.18810935,0,1
1.18860935,0,0
1.18910915,0,1
1.1896092,0,0
1.19010895,0,1
1.190609,0,0
1.1911088,0,1
1.1916088,0,0
1.1921086,0,1
1.1926086,0,0
1.1931084,0,1
1.1936084,0,0
1.1941082,0,1
1.19460815,0,0
1.1951079,0,1
1.1956079,0,0
1.1961077,0,1
1.1966077,0,0
1.1971075,0,1
1.1976075,0,0
1.19810725,0,1
1.19860725,0,0
1.199107,0,1
1.199607,0,0
1.2001068,0,1
1.2006068,0,0
1.20110655,0,1
1.20160655,0,0
1.20210635,0,1
1.20260635,0,0
1.20310615,0,1
1.2036062,0,0
1.20410595,0,1
1.204606,0,0
1.20510575,0,1
1.2056058,0,0
1.2061056,0,1
1.20660565,0,0
1.20710545,0,1
1.2076055,0,0
1.20810525,0,1
1.20860525,0,0
1.20910505,0,1
1.20960505,0,0
1.21010485,0,1
1.21060485,0,0
1.21110465,0,1
1.2116047,0,0
1.21210445,0,1
1.2126045,0,0
1.21310425,0,1
1.2136043,0,0
1.21410405,0,1
1.2146041,0,0
1.21510385,0,1
1.2156038,0,0
1.21610355,0,1
1.2166035,0,0
1.21710325,0,1
1.2176032,0,0
1.2181029,0,1
1.21860285,0,0
1.2191026,0,1
1.2196026,0,0
1.22010235,0,1
1.2206024,0,0
1.22110215,0,1
1.22160215,0,0
1.2221019,0,1
1.22260195,0,0
1.2231017,0,1
1.2236017,0,0
1.2241015,0,1
1.2246015,0,0
1.2251013,0,1
1.22560135,0,0
1.22610115,0,1
1.22660115,0,0
1.22710095,0,1
1.22760095,0,0
1.22810075,0,1
1.2286008,0,0
1.22910055,0,1
1.22960055,0,0
1.23010035,0,1
1.2306004,0,0
1.23110015,0,1
1.23160015,0,0
1.2320999,0,1
1.2325999,0,0
1.2330997,0,1
1.23359975,0,0
1.2340995,0,1
1.2345995,0,0
1.2350993,0,1
1.2355993,0,0
1.236099,0,1
1.236599,0,0
1.2370988,0,1
1.23759885,0,0
1.2380986,0,1
1.23859865,0,0
1.2390984,0,1
1.2395984,0,0
1.2400981,0,1
1.24059815,0,0
1.24109795,0,1
1.241598,0,0
1.24209775,0,1
1.24259775,0,0
1.2430975,0,1
1.2435975,0,0
1.24409725,0,1
1.24459735,0,0
1.2450971,0,1
1.2455971,0,0
1.24609685,0,1
1.2465968,0,0
1.24709655,0,1
1.2475966,0,0
1.24809635,0,1
1.24859635,0,0
1.2490961,0,1
1.2495961,0,0
1.25009585,0,1
1.25059585,0,0
1.25109565,0,1
1.25159565,0,0
1.25209545,0,1
1.2525955,0,0
1.25309525,0,1
1.25359535,0,0
1.2540951,0,1
1.25459515,0,0
1.25509495,0,1
1.255595,0,0
1.25609475,0,1
1.25659475,0,0
1.25709455,0,1
1.2575946,0,0
1.25809435,0,1
1.25859435,0,0
1.2590941,0,1
1.2595941,0,0
1.26009385,0,1
1.26059385,0,0
1.26109365,0,1
1.26159365,0,0
1.26209345,0,1
1.2625935,0,0
1.26309325,0,1
1.2635933,0,0
1.26409315,0,1
1.26459315,0,0
1.26509295,0,1
1.265593,0,0
1.2660928,0,1
1.2665928,0,0
1.26709255,0,1
1.26759255,0,0
1.2680923,0,1
1.2685923,0,0
1.26909205,0,1
1.26959205,0,0
1.27009175,0,1
1.27059175,0,0
1.27109145,0,1
1.2715914,0,0
1.27209115,0,1
1.27259105,0,0
1.2730908,0,1
1.2735908,0,0
1.27409055,0,1
1.27459055,0,0
1.27509035,0,1
1.2755904,0,0
1.2760902,0,1
1.27659015,0,0
1.2770899,0,1
1.27758985,0,0
1.2780896,0,1
1.27858955,0,0
1.27908925,0,1
1.2795892,0,0
1.2800889,0,1
1.28058885,0,0
1.2810886,0,1
1.28158855,0,0
1.2820883,0,1
1.28258835,0,0
1.2830881,0,1
1.2835881,0,0
1.28408785,0,1
1.28458785,0,0
1.28508755,0,1
1.28558755,0,0
1.2860873,0,1
1.2865873,0,0
1.28708705,0,1
1.28758705,0,0
1.28808685,0,1
1.2885868,0,0
1.2890866,0,1
1.2895866,0,0
1.2900863,0,1
1.29058625,0,0
1.291086,0,1
1.29158595,0,0
1.29208565,0,1
1.29258565,0,0
1.2930854,0,1
1.2935854,0,0
1.2940851,0,1
1.2945851,0,0
1.29508485,0,1
1.2955848,0,0
1.2960845,0,1
1.29658445,0,0
1.2970842,0,1
1.2975842,0,0
1.29808395,0,1
1.29858395,0,0
1.2990837,0,1
1.2995837,0,0
1.30008345,0,1
1.30058345,0,0
1.30108325,0,1
1.30158325,0,0
1.302083,0,1
1.30258305,0,0
1.3030828,0,1
1.3035828,0,0
1.3040826,0,1
1.3045826,0,0
1.30508235,0,1
1.3055823,0,0
1.30608205,0,1
1.30658205,0,0
1.3070818,0,1
1.30758185,0,0
1.3080816,0,1
1.30858165,0,0
1.30908135,0,1
1.30958135,0,0
1.3100811,0,1
1.31058115,0,0
1.31108095,0,1
1.311581,0,0
1.3120808,0,1
1.31258085,0,0
1.31308065,0,1
1.31358075,0,0
1.3140805,0,1
1.31458055,0,0
1.3150803,0,1
1.3155803,0,0
1.3160801,0,1
1.3165801,0,0
1.3170799,0,1
1.31757995,0,0
1.31807975,0,1
1.3185798,0,0
1.3190796,0,1
1.3195797,0,0
1.32007945,0,1
1.3205794,0,0
1.32107915,0,1
1.3215791,0,0
1.3220788,0,1
1.3225788,0,0
1.3230786,0,1
1.32357865,0,0
1.3240784,0,1
1.32457845,0,0
1.32507825,0,1
1.3255783,0,0
1.326078,0,1
1.326578,0,0
1.3270778,0,1
1.3275778,0,0
1.3280776,0,1
1.32857765,0,0
1.32907745,0,1
1.3295775,0,0
1.33007725,0,1
1.33057725,0,0
1.331077,0,1
1.33157705,0,0
1.3320768,0,1
1.33257685,0,0
1.3330766,0,1
1.3335766,0,0
1.33407635,0,1
1.33457635,0,0
1.33507605,0,1
1.3355761,0,0
1.33607585,0,1
1.3365758,0,0
1.33707555,0,1
1.3375756,0,0
1.33807535,0,1
1.3385754,0,0
1.33907515,0,1
1.3395752,0,0
1.340075,0,1
1.340575,0,0
1.3410748,0,1
1.3415748,0,0
1.34207455,0,1
1.3425746,0,0
1.3430744,0,1
1.3435744,0,0
1.3440742,0,1
1.34457425,0,0
1.345074,0,1
1.345574,0,0
1.3460738,0,1
1.34657375,0,0
1.34707355,0,1
1.34757355,0,0
1.34807335,0,1
1.3485734,0,0
1.34907315,0,1
1.3495732,0,0
1.35007295,0,1
1.35057295,0,0
1.3510727,0,1
1.35157275,0,0
1.35207245,0,1
1.3525725,0,0
1.35307225,0,1
1.3535723,0,0
1.35407205,0,1
1.35457205,0,0
1.35507185,0,1
1.35557185,0,0
1.35607165,0,1
1.35657165,0,0
1.3570714,0,1
1.3575714,0,0
1.35807115,0,1
1.3585712,0,0
1.359071,0,1
1.359571,0,0
1.3600707,0,1
1.3605707,0,0
1.36107045,0,1
1.3615705,0,0
1.36207025,0,1
1.36257025,0,0
1.36307,0,1
1.36357,0,0
1.36406975,0,1
1.3645697,0,0
1.36506945,0,1
1.3655694,0,0
1.36606915,0,1
1.36656915,0,0
1.3670689,0,1
1.3675689,0,0
1.3680686,0,1
1.3685686,0,0
1.36906835,0,1
1.36956835,0,0
1.3700681,0,1
1.37056805,0,0
1.37106775,0,1
1.3715677,0,0
1.37206745,0,1
1.37256745,0,0
1.37306725,0,1
1.3735673,0,0
1.3740671,0,1
1.37456715,0,0
1.3750669,0,1
1.3755669,0,0
1.37606665,0,1
1.3765667,0,0
1.37706645,0,1
1.3775664,0,0
1.37806615,0,1
1.37856615,0,0
1.37906595,0,1
1.3795659,0,0
1.38006565,0,1
1.3805656,0,0
1.38106535,0,1
1.38156535,0,0
1.38206505,0,1
1.38256505,0,0
1.3830647,0,1
1.3835647,0,0
1.38406435,0,1
1.3845643,0,0
1.385064,0,1
1.385564,0,0
1.38606375,0,1
1.38656375,0,0
1.38706345,0,1
1.3875634,0,0
1.38806315,0,1
1.3885632,0,0
1.38906295,0,1
1.38956295,0,0
1.3900627,0,1
1.3905627,0,0
1.3910625,0,1
1.3915625,0,0
1.3920622,0,1
1.39256225,0,0
1.393062,0,1
1.393562,0,0
1.3940618,0,1
1.39456175,0,0
1.3950615,0,1
1.3955615,0,0
1.39606125,0,1
1.39656125,0,0
1.39706095,0,1
1.3975609,0,0
1.3980606,0,1
1.39856055,0,0
1.3990603,0,1
1.3995603,0,0
1.40006,0,1
1.40056,0,0
1.40105975,0,1
1.40155975,0,0
1.4020595,0,1
1.4025595,0,0
1.40305925,0,1
1.4035593,0,0
1.4040591,0,1
1.40455915,0,0
1.4050589,0,1
1.4055589,0,0
1.40605865,0,1
1.4065587,0,0
1.4070585,0,1
1.4075585,0,0
1.4080583,0,1
1.4085583,0,0
1.4090581,0,1
1.4095582,0,0
1.41005805,0,1
1.4105581,0,0
1.41105795,0,1
1.411558,0,0
1.4120578,0,1
1.41255785,0,0
1.41305765,0,1
1.4135577,0,0
1.4140575,0,1
1.4145575,0,0
1.4150573,0,1
1.4155574,0,0
1.4160571,0,1
1.4165571,0,0
1.41705685,0,1
1.4175569,0,0
1.4180567,0,1
1.4185567,0,0
1.4190565,0,1
1.41955655,0,0
1.4200563,0,1
1.4205563,0,0
1.42105605,0,1
1.4215561,0,0
1.4220559,0,1
1.42255595,0,0
1.4230557,0,1
1.4235557,0,0
1.4240555,0,1
1.4245555,0,0
1.4250552,0,1
1.42555525,0,0
1.426055,0,1
1.426555,0,0
1.4270548,0,1
1.4275548,0,0
1.42805455,0,1
1.4285546,0,0
1.4290543,0,1
1.42955425,0,0
1.430054,0,1
1.43055405,0,0
1.4310538,0,1
1.4315538,0,0
1.4320536,0,1
1.4325536,0,0
1.43305335,0,1
1.43355335,0,0
1.43405315,0,1
1.43455315,0,0
1.4350529,0,1
1.4355529,0,0
1.43605265,0,1
1.43655265,0,0
1.43705245,0,1
1.43755245,0,0
1.4380522,0,1
1.4385522,0,0
1.43905195,0,1
1.43955195,0,0
1.44005175,0,1
1.44055175,0,0
1.44105155,0,1
1.44155155,0,0
1.4420513,0,1
1.4425514,0,0
1.4430512,0,1
1.44355125,0,0
1.4440511,0,1
1.44455115,0,0
1.44505095,0,1
1.445551,0,0
1.4460508,0,1
1.4465508,0,0
1.4470506,0,1
1.4475507,0,0
1.4480505,0,1
1.44855055,0,0
1.4490504,0,1
1.44955045,0,0
1.45005025,0,1
1.4505503,0,0
1.4510501,0,1
1.45155015,0,0
1.45205,0,1
1.45255005,0,0
1.45304985,0,1
1.4535499,0,0
1.4540497,0,1
1.45454975,0,0
1.45504955,0,1
1.45554955,0,0
1.4560493,0,1
1.45654935,0,0
1.45704915,0,1
1.45754915,0,0
1.45804895,0,1
1.4585489,0,0
1.45904865,0,1
1.45954875,0,0
1.46004855,0,1
1.46054865,0,0
1.4610485,0,1
1.46154855,0,0
1.4620483,0,1
1.46254835,0,0
1.4630481,0,1
1.46354815,0,0
1.4640479,0,1
1.46454795,0,0
1.4650478,0,1
1.46554785,0,0
1.46604765,0,1
1.4665477,0,0
1.4670475,0,1
1.4675476,0,0
1.4680474,0,1
1.46854745,0,0
1.4690473,0,1
1.4695474,0,0
1.47004725,0,1
1.4705473,0,0
1.47104715,0,1
1.4715472,0,0
1.472047,0,1
1.4725471,0,0
1.4730469,0,1
1.4735469,0,0
1.47404675,0,1
1.4745468,0,0
1.47504655,0,1
1.47554665,0,0
1.47604645,0,1
1.4765465,0,0
1.4770463,0,1
1.47754635,0,0
1.4780462,0,1
1.47854625,0,0
1.47904605,0,1
1.47954615,0,0
1.48004595,0,1
1.4805461,0,0
1.4810459,0,1
1.48154595,0,0
1.48204575,0,1
1.48254575,0,0
1.48304555,0,1
1.4835456,0,0
1.4840454,0,1
1.48454545,0,0
1.48504525,0,1
1.48554525,0,0
1.48604505,0,1
1.4865451,0,0
1.4870449,0,1
1.48754495,0,0
1.4880447,0,1
1.4885448,0,0
1.48904455,0,1
1.4895446,0,0
1.49004435,0,1
1.4905444,0,0
1.49104415,0,1
1.49154415,0,0
1.49204395,0,1
1.49254395,0,0
1.49304375,0,1
1.49354385,0,0
1.4940436,0,1
1.4945436,0,0
1.4950434,0,1
1.49554335,0,0
1.4960431,0,1
1.49654315,0,0
1.4970429,0,1
1.49754295,0,0
1.4980427,0,1
1.4985427,0,0
1.49904245,0,1
1.4995425,0,0
1.5000423,0,1
1.5005423,0,0
1.50104205,0,1
1.5015421,0,0
1.50204185,0,1
1.5025419,0,0
1.50304165,0,1
1.5035417,0,0
1.50404145,0,1
1.50454145,0,0
1.5050412,0,1
1.50554125,0,0
1.50604105,0,1
1.5065411,0,0
1.5070409,0,1
1.50754095,0,0
1.50804075,0,1
1.5085408,0,0
1.5090406,0,1
1.50954065,0,0
1.51004045,0,1
1.5105405,0,0
1.5110403,0,1
1.5115404,0,0
1.51204025,0,1
1.51254025,0,0
1.51304005,0,1
1.5135401,0,0
1.5140399,0,1
1.5145399,0,0
1.51503965,0,1
1.51553965,0,0
1.5160394,0,1
1.5165394,0,0
1.5170392,0,1
1.5175392,0,0
1.518039,0,1
1.51853905,0,0
1.5190389,0,1
1.51953895,0,0
1.5200387,0,1
1.52053875,0,0
1.5210385,0,1
1.5215385,0,0
1.52203825,0,1
1.5225383,0,0
1.52303815,0,1
1.5235382,0,0
1.524038,0,1
1.524538,0,0
1.5250378,0,1
1.5255378,0,0
1.5260376,0,1
1.52653765,0,0
1.52703745,0,1
1.52753745,0,0
1.5280372,0,1
1.5285372,0,0
1.52903695,0,1
1.529537,0,0
1.5300368,0,1
1.53053685,0,0
1.53103665,0,1
1.53153665,0,0
1.53203645,0,1
1.5325365,0,0
1.53303625,0,1
1.5335363,0,0
1.5340361,0,1
1.5345361,0,0
1.5350359,0,1
1.53553595,0,0
1.53603575,0,1
1.53653575,0,0
1.53703555,0,1
1.5375356,0,0
1.53803535,0,1
1.5385353,0,0
1.539035,0,1
1.539535,0,0
1.5400347,0,1
1.54053465,0,0
1.5410344,0,1
1.5415344,0,0
1.54203415,0,1
1.54253415,0,0
1.54303395,0,1
1.543534,0,0
1.54403375,0,1
1.5445338,0,0
1.54503355,0,1
1.5455336,0,0
1.54603335,0,1
1.54653335,0,0
1.54703315,0,1
1.5475332,0,0
1.54803295,0,1
1.54853295,0,0
1.54903275,0,1
1.54953275,0,0
1.55003255,0,1
1.55053255,0,0
1.55103235,0,1
1.5515324,0,0
1.5520322,0,1
1.55253225,0,0
1.553032,0,1
1.55353205,0,0
1.5540318,0,1
1.5545318,0,0
1.55503155,0,1
1.55553165,0,0
1.55603145,0,1
1.5565315,0,0
1.5570313,0,1
1.55753135,0,0
1.5580312,0,1
1.5585312,0,0
1.559031,0,1
1.55953105,0,0
1.5600309,0,1
1.56053095,0,0
1.56103075,0,1
1.5615308,0,0
1.5620306,0,1
1.56253065,0,0
1.56303045,0,1
1.5635305,0,0
1.56403025,0,1
1.5645303,0,0
1.56503005,0,1
1.56553005,0,0
1.5660298,0,1
1.5665298,0,0
1.5670295,0,1
1.5675295,0,0
1.5680292,0,1
1.5685292,0,0
1.56902895,0,1
1.5695289,0,0
1.57002865,0,1
1.5705287,0,0
1.57102845,0,1
1.5715284,0,0
1.5720282,0,1
1.57252815,0,0
1.5730279,0,1
1.5735279,0,0
1.57402765,0,1
1.5745276,0,0
1.5750273,0,1
1.5755273,0,0
1.57602705,0,1
1.57652705,0,0
1.57702675,0,1
1.57752675,0,0
1.5780265,0,1
1.57852645,0,0
1.57902615,0,1
1.5795261,0,0
1.5800258,0,1
1.58052575,0,0
1.5810255,0,1
1.5815255,0,0
1.5820252,0,1
1.5825252,0,0
1.58302495,0,1
1.58352495,0,0
1.58402465,0,1
1.58452465,0,0
1.5850244,0,1
1.5855244,0,0
1.58602415,0,1
1.58652415,0,0
1.5870239,0,1
1.58752385,0,0
1.58802365,0,1
1.5885236,0,0
1.58902335,0,1
1.58952335,0,0
1.59002305,0,1
1.59052305,0,0
1.5910228,0,1
1.5915228,0,0
1.5920225,0,1
1.5925225,0,0
1.5930223,0,1
1.5935223,0,0
1.59402215,0,1
1.5945222,0,0
1.595022,0,1
1.595522,0,0
1.59602175,0,1
1.5965218,0,0
1.5970216,0,1
1.5975216,0,0
1.59802135,0,1
1.5985214,0,0
1.59902115,0,1
1.59952115,0,0
1.6000209,0,1
1.6005209,0,0
1.60102065,0,1
1.60152065,0,0
1.60202045,0,1
1.60252045,0,0
1.6030202,0,1
1.60352025,0,0
1.60402005,0,1
1.6045201,0,0
1.60501985,0,1
1.60551985,0,0
1.6060196,0,1
1.60651965,0,0
1.6070194,0,1
1.60751945,0,0
1.6080192,0,1
1.60851915,0,0
1.6090189,0,1
1.6095189,0,0
1.61001865,0,1
1.61051865,0,0
1.61101835,0,1
1.61151835,0,0
1.6120181,0,1
1.61251805,0,0
1.61301775,0,1
1.6135177,0,0
1.61401745,0,1
1.61451745,0,0
1.61501715,0,1
1.61551715,0,0
1.6160169,0,1
1.61651685,0,0
1.6170166,0,1
1.61751655,0,0
1.61801635,0,1
1.6185164,0,0
1.61901615,0,1
1.61951615,0,0
1.6200159,0,1
1.62051595,0,0
1.62101575,0,1
1.62151575,0,0
1.62201555,0,1
1.6225156,0,0
1.62301545,0,1
1.6235155,0,0
1.6240153,0,1
1.62451535,0,0
1.6250151,0,1
1.62551505,0,0
1.62601485,0,1
1.62651485,0,0
1.6270146,0,1
1.6275147,0,0
1.6280145,0,1
1.62851455,0,0
1.62901435,0,1
1.6295144,0,0
1.6300142,0,1
1.63051425,0,0
1.63101405,0,1
1.63151415,0,0
1.63201395,0,1
1.632514,0,0
1.6330138,0,1
1.63351385,0,0
1.63401355,0,1
1.6345135,0,0
1.63501325,0,1
1.6355133,0,0
1.6360131,0,1
1.63651315,0,0
1.63701295,0,1
1.637513,0,0
1.63801275,0,1
1.6385128,0,0
1.63901255,0,1
1.63951255,0,0
1.64001235,0,1
1.64051235,0,0
1.6410121,0,1
1.6415121,0,0
1.64201185,0,1
1.64251185,0,0
1.6430116,0,1
1.64351165,0,0
1.6440114,0,1
1.64451145,0,0
1.6450112,0,1
1.64551115,0,0
1.64601095,0,1
1.64651095,0,0
1.64701075,0,1
1.6475108,0,0
1.64801055,0,1
1.64851055,0,0
1.64901035,0,1
1.64951035,0,0
1.6500101,0,1
1.6505101,0,0
1.65100985,0,1
1.6515099,0,0
1.65200965,0,1
1.6525096,0,0
1.65300935,0,1
1.65350935,0,0
1.6540091,0,1
1.6545091,0,0
1.6550089,0,1
1.6555089,0,0
1.6560086,0,1
1.65650865,0,0
1.6570084,0,1
1.6575084,0,0
1.6580082,0,1
1.65850825,0,0
1.65900805,0,1
1.65950805,0,0
1.66000785,0,1
1.66050785,0,0
1.6610076,0,1
1.66150765,0,0
1.6620074,0,1
1.66250745,0,0
1.66300725,0,1
1.66350725,0,0
1.66400705,0,1
1.6645071,0,0
1.66500685,0,1
1.6655069,0,0
1.6660067,0,1
1.6665067,0,0
1.66700645,0,1
1.6675065,0,0
1.6680063,0,1
1.66850635,0,0
1.66900615,0,1
1.66950625,0,0
1.6700061,0,1
1.67050615,0,0
1.671006,0,1
1.67150605,0,0
1.6720059,0,1
1.672506,0,0
1.6730058,0,1
1.67350585,0,0
1.67400565,0,1
1.6745057,0,0
1.67500555,0,1
1.67550565,0,0
1.6760055,0,1
1.6765056,0,0
1.6770054,0,1
1.6775055,0,0
1.6780053,0,1
1.6785054,0,0
1.6790052,0,1
1.67950525,0,0
1.68000505,0,1
1.6805051,0,0
1.68100495,0,1
1.681505,0,0
1.6820048,0,1
1.68250485,0,0
1.68300465,0,1
1.6835047,0,0
1.68400455,0,1
1.68450465,0,0
1.6850045,0,1
1.6855046,0,0
1.68600445,0,1
1.6865045,0,0
1.68700435,0,1
1.6875044,0,0
1.68800425,0,1
1.68850435,0,0
1.68900415,0,1
1.68950425,0,0
1.69000405,0,1
1.6905041,0,0
1.6910039,0,1
1.69150395,0,0
1.6920038,0,1
1.6925039,0,0
1.6930037,0,1
1.6935038,0,0
1.6940036,0,1
1.6945037,0,0
1.6950035,0,1
1.69550365,0,0
1.6960035,0,1
1.6965036,0,0
1.6970034,0,1
1.69750345,0,0
1.6980033,0,1
1.69850335,0,0
1.69900315,0,1
1.6995033,0,0
1.7000032,0,1
1.70050325,0,0
1.70100315,0,1
1.70150315,0,0
1.702003,0,1
1.7025031,0,0
1.70300295,0,1
1.70350305,0,0
1.70400295,0,1
1.70450305,0,0
1.70500295,0,1
1.70550305,0,0
1.7060029,0,1
1.70650295,0,0
1.7070027,0,1
1.7075027,0,0
1.7080025,0,1
1.70850255,0,0
1.70900235,0,1
1.7095024,0,0
1.71000225,0,1
1.71050235,0,0
1.7110022,0,1
1.71150225,0,0
1.7120021,0,1
1.71250225,0,0
1.7130021,0,1
1.71350215,0,0
1.714002,0,1
1.7145021,0,0
1.7150019,0,1
1.71550195,0,0
1.7160018,0,1
1.71650185,0,0
1.71700165,0,1
1.71750165,0,0
1.71800145,0,1
1.7185015,0,0
1.71900125,0,1
1.7195013,0,0
1.7200011,0,1
1.7205011,0,0
1.7210009,0,1
1.72150095,0,0
1.7220007,0,1
1.72250075,0,0
1.72300055,0,1
1.72350055,0,0
1.72400035,0,1
1.7245004,0,0
1.72500025,0,1
1.7255003,0,0
1.7260001,0,1
1.7265002,0,0
1.727,0,1
1.7275001,0,0
1.728,0,1
1.7285001,0,0
1.72899995,0,1
1.7295,0,0
1.72999985,0,1
1.7304999,0,0
1.73099975,0,1
1.7314998,0,0
1.73199955,0,1
1.7324996,0,0
1.73299945,0,1
1.7334995,0,0
1.7339993,0,1
1.73449935,0,0
1.7349992,0,1
1.73549925,0,0
1.7359991,0,1
1.73649925,0,0
1.7369991,0,1
1.7374992,0,0
1.737999,0,1
1.7384991,0,0
1.73899885,0,1
1.7394989,0,0
1.73999875,0,1
1.7404988,0,0
1.7409987,0,1
1.74149875,0,0
1.74199855,0,1
1.7424986,0,0
1.74299835,0,1
1.7434984,0,0
1.74399825,0,1
1.7444983,0,0
1.74499815,0,1
1.7454982,0,0
1.745998,0,1
1.74649805,0,0
1.7469978,0,1
1.74749785,0,0
1.7479976,0,1
1.74849765,0,0
1.7489975,0,1
1.74949755,0,0
1.7499974,0,1
1.75049745,0,0
1.7509972,0,1
1.7514973,0,0
1.7519971,0,1
1.7524972,0,0
1.75299705,0,1
1.7534971,0,0
1.7539969,0,1
1.75449695,0,0
1.7549968,0,1
1.75549685,0,0
1.75599665,0,1
1.7564967,0,0
1.75699645,0,1
1.7574965,0,0
1.7579963,0,1
1.75849635,0,0
1.7589961,0,1
1.75949615,0,0
1.75999595,0,1
1.76049595,0,0
1.76099575,0,1
1.76149575,0,0
1.76199555,0,1
1.7624956,0,0
1.76299535,0,1
1.7634954,0,0
1.7639952,0,1
1.7644952,0,0
1.764995,0,1
1.76549505,0,0
1.7659948,0,1
1.76649485,0,0
1.7669947,0,1
1.76749475,0,0
1.7679946,0,1
1.76849465,0,0
1.76899445,0,1
1.7694945,0,0
1.7699943,0,1
1.7704943,0,0
1.77099405,0,1
1.7714941,0,0
1.77199385,0,1
1.7724939,0,0
1.7729937,0,1
1.77349375,0,0
1.7739935,0,1
1.77449355,0,0
1.7749933,0,1
1.7754933,0,0
1.775993,0,1
1.77649295,0,0
1.7769927,0,1
1.7774927,0,0
1.77799255,0,1
1.7784926,0,0
1.7789924,0,1
1.77949245,0,0
1.77999225,0,1
1.7804922,0,0
1.780992,0,1
1.78149205,0,0
1.7819918,0,1
1.78249185,0,0
1.7829916,0,1
1.78349165,0,0
1.7839914,0,1
1.78449145,0,0
1.78499125,0,1
1.7854913,0,0
1.7859911,0,1
1.7864912,0,0
1.78699095,0,1
1.787491,0,0
1.7879908,0,1
1.7884908,0,0
1.78899055,0,1
1.7894906,0,0
1.78999045,0,1
1.7904905,0,0
1.7909903,0,1
1.79149035,0,0
1.79199015,0,1
1.79249015,0,0
1.79298995,0,1
1.79349,0,0
1.7939898,0,1
1.7944898,0,0
1.7949896,0,1
1.79548965,0,0
1.79598945,0,1
1.79648945,0,0
1.79698925,0,1
1.7974893,0,0
1.79798905,0,1
1.7984891,0,0
1.7989889,0,1
1.79948895,0,0
1.79998875,0,1
1.8004888,0,0
1.8009886,0,1
1.8014887,0,0
1.80198855,0,1
1.8024886,0,0
1.8029884,0,1
1.80348845,0,0
1.8039883,0,1
1.8044884,0,0
1.80498825,0,1
1.80548835,0,0
1.80598815,0,1
1.8064882,0,0
1.80698805,0,1
1.80748815,0,0
1.807988,0,1
1.80848805,0,0
1.80898785,0,1
1.8094879,0,0
1.80998775,0,1
1.8104878,0,0
1.81098755,0,1
1.81148765,0,0
1.81198745,0,1
1.81248745,0,0
1.8129873,0,1
1.8134873,0,0
1.81398705,0,1
1.8144871,0,0
1.8149869,0,1
1.81548695,0,0
1.8159867,0,1
1.81648675,0,0
1.8169866,0,1
1.81748665,0,0
1.8179865,0,1
1.81848655,0,0
1.81898635,0,1
1.81948635,0,0
1.81998615,0,1
1.82048625,0,0
1.8209861,0,1
1.82148615,0,0
1.82198595,0,1
1.82248605,0,0
1.82298585,0,1
1.823486,0,0
1.8239859,0,1
1.824486,0,0
1.8249859,0,1
1.82548595,0,0
1.8259858,0,1
1.82648585,0,0
1.8269857,0,1
1.82748585,0,0
1.82798565,0,1
1.82848575,0,0
1.8289856,0,1
1.8294857,0,0
1.82998545,0,1
1.83048545,0,0
1.83098525,0,1
1.8314853,0,0
1.8319851,0,1
1.8324852,0,0
1.83298505,0,1
1.8334851,0,0
1.83398495,0,1
1.83448505,0,0
1.83498485,0,1
1.8354849,0,0
1.8359847,0,1
1.83648475,0,0
1.83698455,0,1
1.83748455,0,0
1.83798425,0,1
1.8384843,0,0
1.8389841,0,1
1.8394841,0,0
1.8399839,0,1
1.84048395,0,0
1.84098375,0,1
1.8414838,0,0
1.84198365,0,1
1.84248365,0,0
1.8429834,0,1
1.84348345,0,0
1.84398315,0,1
1.8444832,0,0
1.84498295,0,1
1.845483,0,0
1.8459828,0,1
1.8464828,0,0
1.8469826,0,1
1.8474827,0,0
1.84798255,0,1
1.8484826,0,0
1.8489824,0,1
1.84948245,0,0
1.8499822,0,1
1.85048225,0,0
1.85098205,0,1
1.85148205,0,0
1.8519818,0,1
1.8524818,0,0
1.85298155,0,1
1.8534816,0,0
1.8539814,0,1
1.85448145,0,0
1.85498125,0,1
1.8554813,0,0
1.8559811,0,1
1.8564811,0,0
1.8569809,0,1
1.85748095,0,0
1.8579807,0,1
1.85848075,0,0
1.85898055,0,1
1.8594805,0,0
1.85998025,0,1
1.8604803,0,0
1.86098005,0,1
1.8614801,0,0
1.8619799,0,1
1.8624799,0,0
1.8629797,0,1
1.86347975,0,0
1.86397955,0,1
1.86447955,0,0
1.8649793,0,1
1.8654793,0,0
1.86597905,0,1
1.86647905,0,0
1.8669788,0,1
1.8674788,0,0
1.8679785,0,1
1.8684785,0,0
1.86897825,0,1
1.86947815,0,0
1.86997785,0,1
1.8704778,0,0
1.87097755,0,1
1.8714775,0,0
1.87197725,0,1
1.87247725,0,0
1.87297705,0,1
1.87347705,0,0
1.8739768,0,1
1.8744768,0,0
1.8749766,0,1
1.8754766,0,0
1.87597635,0,1
1.87647635,0,0
1.87697615,0,1
1.87747615,0,0
1.8779759,0,1
1.8784759,0,0
1.8789756,0,1
1.8794756,0,0
1.87997525,0,1
1.8804752,0,0
1.8809749,0,1
1.88147485,0,0
1.88197455,0,1
1.8824745,0,0
1.88297425,0,1
1.8834742,0,0
1.883974,0,1
1.884474,0,0
1.88497375,0,1
1.8854738,0,0
1.88597355,0,1
1.88647355,0,0
1.88697335,0,1
1.88747335,0,0
1.8879731,0,1
1.8884731,0,0
1.88897285,0,1
1.8894728,0,0
1.88997255,0,1
1.89047255,0,0
1.89097225,0,1
1.89147225,0,0
1.891972,0,1
1.892472,0,0
1.89297175,0,1
1.8934718,0,0
1.89397155,0,1
1.89447155,0,0
1.89497135,0,1
1.8954714,0,0
1.8959712,0,1
1.8964712,0,0
1.89697095,0,1
1.897471,0,0
1.89797075,0,1
1.8984708,0,0
1.89897055,0,1
1.8994705,0,0
1.89997025,0,1
1.90047025,0,0
1.90097005,0,1
1.9014701,0,0
1.90196985,0,1
1.9024699,0,0
1.90296965,0,1
1.9034697,0,0
1.9039695,0,1
1.90446955,0,0
1.90496935,0,1
1.90546935,0,0
1.9059691,0,1
1.90646915,0,0
1.90696885,0,1
1.90746885,0,0
1.9079686,0,1
1.9084686,0,0
1.9089683,0,1
1.9094683,0,0
1.90996805,0,1
1.9104681,0,0
1.9109679,0,1
1.91146795,0,0
1.91196775,0,1
1.91246775,0,0
1.91296755,0,1
1.9134676,0,0
1.9139674,0,1
1.9144674,0,0
1.9149672,0,1
1.9154672,0,0
1.915967,0,1
1.91646705,0,0
1.91696685,0,1
1.91746685,0,0
1.91796665,0,1
1.9184667,0,0
1.9189665,0,1
1.9194665,0,0
1.9199663,0,1
1.9204663,0,0
1.92096605,0,1
1.92146595,0,0
1.9219657,0,1
1.9224657,0,0
1.92296535,0,1
1.92346535,0,0
1.9239651,0,1
1.9244651,0,0
1.9249648,0,1
1.9254647,0,0
1.9259644,0,1
1.92646435,0,0
1.926964,0,1
1.92746395,0,0
1.9279636,0,1
1.92846355,0,0
1.9289632,0,1
1.92946315,0,0
1.9299629,0,1
1.9304629,0,0
1.93096265,0,1
1.9314627,0,0
1.9319624,0,1
1.93246245,0,0
1.9329622,0,1
1.93346225,0,0
1.933962,0,1
1.934462,0,0
1.9349618,0,1
1.9354619,0,0
1.93596165,0,1
1.9364616,0,0
1.9369614,0,1
1.93746135,0,0
1.93796115,0,1
1.93846115,0,0
1.93896095,0,1
1.93946095,0,0
1.93996075,0,1
1.94046075,0,0
1.94096055,0,1
1.94146055,0,0
1.9419603,0,1
1.9424603,0,0
1.94296005,0,1
1.94346,0,0
1.94395975,0,1
1.9444597,0,0
1.94495945,0,1
1.9454594,0,0
1.94595915,0,1
1.94645915,0,0
1.9469589,0,1
1.94745885,0,0
1.9479586,0,1
1.94845865,0,0
1.94895845,0,1
1.94945845,0,0
1.9499582,0,1
1.95045825,0,0
1.95095805,0,1
1.95145805,0,0
1.95195785,0,1
1.95245785,0,0
1.9529577,0,1
1.9534578,0,0
1.9539576,0,1
1.95445765,0,0
1.95495745,0,1
1.95545745,0,0
1.9559572,0,1
1.9564572,0,0
1.95695695,0,1
1.95745695,0,0
1.9579567,0,1
1.95845675,0,0
1.9589565,0,1
1.9594565,0,0
1.9599562,0,1
1.9604562,0,0
1.960956,0,1
1.961456,0,0
1.96195575,0,1
1.96245575,0,0
1.9629555,0,1
1.9634555,0,0
1.9639552,0,1
1.9644552,0,0
1.96495495,0,1
1.96545495,0,0
1.9659547,0,1
1.9664547,0,0
1.96695445,0,1
1.96745445,0,0
1.96795425,0,1
1.96845425,0,0
1.96895405,0,1
1.96945405,0,0
1.9699538,0,1
1.9704538,0,0
1.97095355,0,1
1.9714536,0,0
1.9719534,0,1
1.9724534,0,0
1.97295315,0,1
1.97345315,0,0
1.9739529,0,1
1.97445295,0,0
1.97495275,0,1
1.97545275,0,0
1.97595255,0,1
1.97645255,0,0
1.97695235,0,1
1.97745245,0,0
1.9779523,0,1
1.9784524,0,0
1.97895225,0,1
1.9794523,0,0
1.9799521,0,1
1.9804521,0,0
1.9809519,0,1
1.981452,0,0
1.9819518,0,1
1.98245185,0,0
1.9829516,0,1
1.98345165,0,0
1.98395145,0,1
1.9844515,0,0
1.9849513,0,1
1.98545135,0,0
1.9859511,0,1
1.9864511,0,0
1.9869509,0,1
1.98745095,0,0
1.9879507,0,1
1.98845075,0,0
1.9889505,0,1
1.98945055,0,0
1.9899504,0,1
1.99045045,0,0
1.9909502,0,1
1.99145025,0,0
1.99195005,0,1
1.99245005,0,0
1.9929498,0,1
1.99344985,0,0
1.9939496,0,1
1.99444965,0,0
1.99494935,0,1
1.9954494,0,0
1.9959492,0,1
1.99644925,0,0
1.99694905,0,1
1.99744915,0,0
1.99794895,0,1
1.99844905,0,0
1.9989488,0,1
1.99944885,0,0
1.9999487,0,1
2.0004488,0,0
2.00094865,0,1
2.00144875,0,0
2.00194855,0,1
2.0024487,0,0
2.0029485,0,1
2.0034486,0,0
2.0039484,0,1
2.0044485,0,0
2.0049483,0,1
2.00544845,0,0
2.0059483,0,1
2.00644835,0,0
2.00694815,0,1
2.0074482,0,0
2.007948,0,1
2.0084481,0,0
2.0089479,0,1
2.009448,0,0
2.00994785,0,1
2.0104479,0,0
2.01094775,0,1
2.01144775,0,0
2.01194755,0,1
2.0124476,0,0
2.0129474,0,1
2.0134474,0,0
2.0139472,0,1
2.0144473,0,0
2.0149471,0,1
2.01544715,0,0
2.01594695,0,1
2.016447,0,0
2.01694675,0,1
2.0174468,0,0
2.0179466,0,1
2.0184466,0,0
2.01894635,0,1
2.0194464,0,0
2.0199462,0,1
2.0204462,0,0
2.02094595,0,1
2.021446,0,0
2.0219458,0,1
2.02244585,0,0
2.02294565,0,1
2.0234457,0,0
2.0239455,0,1
2.02444555,0,0
2.0249453,0,1
2.02544535,0,0
2.0259452,0,1
2.02644525,0,0
2.02694505,0,1
2.0274451,0,0
2.02794495,0,1
2.028445,0,0
2.02894485,0,1
2.0294449,0,0
2.0299447,0,1
2.03044475,0,0
2.0309446,0,1
2.03144465,0,0
2.03194445,0,1
2.0324445,0,0
2.03294435,0,1
2.0334444,0,0
2.03394425,0,1
2.0344443,0,0
2.0349441,0,1
2.03544415,0,0
2.03594395,0,1
2.03644405,0,0
2.03694385,0,1
2.0374439,0,0
2.0379437,0,1
2.03844375,0,0
2.03894355,0,1
2.0394436,0,0
2.0399434,0,1
2.0404434,0,0
2.0409432,0,1
2.0414433,0,0
2.04194315,0,1
2.0424432,0,0
2.04294305,0,1
2.04344315,0,0
2.043943,0,1
2.04444305,0,0
2.04494285,0,1
2.0454429,0,0
2.0459427,0,1
2.04644275,0,0
2.04694255,0,1
2.0474426,0,0
2.04794235,0,1
2.0484424,0,0
2.0489422,0,1
2.04944225,0,0
2.04994205,0,1
2.0504421,0,0
2.05094185,0,1
2.05144195,0,0
2.05194175,0,1
2.0524418,0,0
2.0529416,0,1
2.05344165,0,0
2.05394145,0,1
2.0544415,0,0
2.0549413,0,1
2.05544135,0,0
2.0559412,0,1
2.05644125,0,0
2.0569411,0,1
2.05744115,0,0
2.05794095,0,1
2.058441,0,0
2.05894085,0,1
2.0594409,0,0
2.0599407,0,1
2.06044075,0,0
2.06094055,0,1
2.06144055,0,0
2.06194035,0,1
2.0624404,0,0
2.0629402,0,1
2.06344025,0,0
2.06394005,0,1
2.06444005,0,0
2.06493985,0,1
2.06543985,0,0
2.0659396,0,1
2.0664396,0,0
2.0669394,0,1
2.0674394,0,0
2.06793915,0,1
2.0684392,0,0
2.068939,0,1
2.069439,0,0
2.06993875,0,1
2.0704388,0,0
2.07093855,0,1
2.0714386,0,0
2.07193835,0,1
2.0724384,0,0
2.07293825,0,1
2.0734383,0,0
2.0739381,0,1
2.07443815,0,0
2.07493795,0,1
2.075438,0,0
2.0759377,0,1
2.07643775,0,0
2.07693755,0,1
2.07743755,0,0
2.07793735,0,1
2.07843735,0,0
2.07893715,0,1
2.07943715,0,0
2.07993695,0,1
2.08043695,0,0
2.08093675,0,1
2.08143685,0,0
2.0819366,0,1
2.08243665,0,0
2.0829364,0,1
2.0834364,0,0
2.08393615,0,1
2.0844361,0,0
2.0849359,0,1
2.0854359,0,0
2.0859357,0,1
2.0864357,0,0
2.08693545,0,1
2.08743545,0,0
2.0879352,0,1
2.08843515,0,0
2.0889349,0,1
2.0894349,0,0
2.08993465,0,1
2.09043465,0,0
2.09093445,0,1
2.09143445,0,0
2.09193425,0,1
2.0924343,0,0
2.0929341,0,1
2.09343415,0,0
2.0939339,0,1
2.09443395,0,0
2.09493365,0,1
2.0954337,0,0
2.09593345,0,1
2.09643345,0,0
2.09693325,0,1
2.09743325,0,0
2.097933,0,1
2.098433,0,0
2.09893275,0,1
2.09943275,0,0
2.09993255,0,1
2.10043255,0,0
2.1009323,0,1
2.1014323,0,0
2.1019321,0,1
2.1024321,0,0
2.1029318,0,1
2.1034318,0,0
2.10393155,0,1
2.10443155,0,0
2.1049313,0,1
2.1054313,0,0
2.10593105,0,1
2.10643105,0,0
2.10693075,0,1
2.10743065,0,0
2.1079303,0,1
2.1084303,0,0
2.10893,0,1
2.10942995,0,0
2.10992965,0,1
2.1104296,0,0
2.11092935,0,1
2.11142935,0,0
2.1119291,0,1
2.1124291,0,0
2.11292885,0,1
2.11342885,0,0
2.1139286,0,1
2.11442865,0,0
2.1149285,0,1
2.11542855,0,0
2.11592835,0,1
2.1164284,0,0
2.1169282,0,1
2.11742825,0,0
2.11792805,0,1
2.1184281,0,0
2.1189279,0,1
2.11942795,0,0
2.11992775,0,1
2.12042775,0,0
2.1209276,0,1
2.1214276,0,0
2.1219273,0,1
2.12242735,0,0
2.12292715,0,1
2.1234272,0,0
2.123927,0,1
2.12442705,0,0
2.12492685,0,1
2.1254269,0,0
2.12592675,0,1
2.1264268,0,0
2.1269266,0,1
2.12742665,0,0
2.12792645,0,1
2.12842645,0,0
2.1289262,0,1
2.12942625,0,0
2.12992605,0,1
2.13042605,0,0
2.13092585,0,1
2.1314258,0,0
2.13192555,0,1
2.1324255,0,0
2.13292525,0,1
2.13342525,0,0
2.13392505,0,1
2.13442505,0,0
2.13492485,0,1
2.1354249,0,0
2.13592465,0,1
2.1364247,0,0
2.13692445,0,1
2.1374245,0,0
2.13792425,0,1
2.13842425,0,0
2.1389241,0,1
2.13942415,0,0
2.139924,0,1
2.140424,0,0
2.1409238,0,1
2.1414238,0,0
2.14192365,0,1
2.14242365,0,0
2.14292345,0,1
2.1434235,0,0
2.1439233,0,1
2.14442335,0,0
2.14492315,0,1
2.14542325,0,0
2.1459231,0,1
2.1464231,0,0
2.1469229,0,1
2.147423,0,0
2.1479228,0,1
2.14842285,0,0
2.14892265,0,1
2.1494227,0,0
2.1499225,0,1
2.15042255,0,0
2.1509223,0,1
2.1514223,0,0
2.1519221,0,1
2.1524221,0,0
2.1529219,0,1
2.15342195,0,0
2.1539218,0,1
2.15442185,0,0
2.15492165,0,1
2.15542175,0,0
2.15592155,0,1
2.1564216,0,0
2.1569214,0,1
2.15742145,0,0
2.1579213,0,1
2.15842135,0,0
2.15892115,0,1
2.1594212,0,0
2.15992105,0,1
2.1604211,0,0
2.1609209,0,1
2.16142095,0,0
2.16192075,0,1
2.1624208,0,0
2.1629206,0,1
2.16342065,0,0
2.16392045,0,1
2.1644205,0,0
2.1649203,0,1
2.16542035,0,0
2.1659201,0,1
2.16642015,0,0
2.16691995,0,1
2.16742,0,0
2.1679198,0,1
2.1684198,0,0
2.16891955,0,1
2.1694196,0,0
2.1699194,0,1
2.1704194,0,0
2.1709192,0,1
2.17141925,0,0
2.17191905,0,1
2.17241905,0,0
2.17291885,0,1
2.17341885,0,0
2.17391865,0,1
2.1744187,0,0
2.1749185,0,1
2.17541855,0,0
2.1759184,0,1
2.1764185,0,0
2.1769183,0,1
2.17741835,0,0
2.1779182,0,1
2.17841825,0,0
2.17891805,0,1
2.1794181,0,0
2.1799179,0,1
2.1804179,0,0
2.1809177,0,1
2.1814178,0,0
2.1819176,0,1
2.1824177,0,0
2.1829175,0,1
2.18341755,0,0
2.18391735,0,1
2.18441745,0,0
2.1849173,0,1
2.1854174,0,0
2.18591725,0,1
2.18641735,0,0
2.1869172,0,1
2.18741725,0,0
2.1879171,0,1
2.1884172,0,0
2.188917,0,1
2.189417,0,0
2.1899168,0,1
2.19041685,0,0
2.1909167,0,1
2.1914167,0,0
2.19191655,0,1
2.1924166,0,0
2.1929164,0,1
2.19341645,0,0
2.19391625,0,1
2.1944163,0,0
2.1949161,0,1
2.1954162,0,0
2.195916,0,1
2.1964161,0,0
2.19691595,0,1
2.19741605,0,0
2.1979159,0,1
2.198416,0,0
2.19891585,0,1
2.1994159,0,0
2.1999157,0,1
2.20041575,0,0
2.2009156,0,1
2.20141565,0,0
2.2019154,0,1
2.20241545,0,0
2.20291525,0,1
2.2034153,0,0
2.20391515,0,1
2.2044152,0,0
2.20491505,0,1
2.2054151,0,0
2.2059149,0,1
2.20641495,0,0
2.2069148,0,1
2.2074149,0,0
2.2079147,0,1
2.20841475,0,0
2.2089146,0,1
2.20941465,0,0
2.2099145,0,1
2.2104146,0,0
2.21091435,0,1
2.2114144,0,0
2.2119142,0,1
2.21241425,0,0
2.2129141,0,1
2.2134142,0,0
2.213914,0,1
2.2144141,0,0
2.21491395,0,1
2.215414,0,0
2.2159138,0,1
2.2164139,0,0
2.21691365,0,1
2.2174137,0,0
2.2179135,0,1
2.21841355,0,0
2.2189134,0,1
2.21941345,0,0
2.2199133,0,1
2.2204134,0,0
2.2209132,0,1
2.2214132,0,0
2.221913,0,1
2.2224131,0,0
2.2229129,0,1
2.223413,0,0
2.22391285,0,1
2.2244129,0,0
2.22491275,0,1
2.2254128,0,0
2.2259126,0,1
2.2264127,0,0
2.22691255,0,1
2.2274126,0,0
2.22791245,0,1
2.2284125,0,0
2.2289124,0,1
2.22941245,0,0
2.2299123,0,1
2.23041235,0,0
2.23091215,0,1
2.23141225,0,0
2.23191205,0,1
2.23241215,0,0
2.23291195,0,1
2.233412,0,0
2.2339118,0,1
2.23441185,0,0
2.23491165,0,1
2.2354117,0,0
2.2359115,0,1
2.23641155,0,0
2.2369114,0,1
2.2374115,0,0
2.23791135,0,1
2.23841145,0,0
2.2389113,0,1
2.2394114,0,0
2.2399112,0,1
2.24041125,0,0
2.24091115,0,1
2.2414112,0,0
2.24191105,0,1
2.2424111,0,0
2.24291095,0,1
2.2434109,0,0
2.24391065,0,1
2.2444107,0,0
2.2449106,0,1
2.2454107,0,0
2.24591045,0,1
2.2464105,0,0
2.2469103,0,1
2.2474103,0,0
2.2479101,0,1
2.2484101,0,0
2.2489098,0,1
2.2494098,0,0
2.24990955,0,1
2.25040965,0,0
2.25090945,0,1
2.25140955,0,0
2.2519094,0,1
2.2524095,0,0
2.25290925,0,1
2.25340925,0,0
2.25390905,0,1
2.2544091,0,0
2.2549089,0,1
2.2554089,0,0
2.2559087,0,1
2.25640875,0,0
2.25690855,0,1
2.2574086,0,0
2.2579084,0,1
2.2584084,0,0
2.25890825,0,1
2.2594083,0,0
2.2599081,0,1
2.26040815,0,0
2.2609079,0,1
2.26140795,0,0
2.26190775,0,1
2.26240785,0,0
2.26290765,0,1
2.26340765,0,0
2.26390745,0,1
2.26440755,0,0
2.2649074,0,1
2.26540745,0,0
2.2659073,0,1
2.26640735,0,0
2.2669072,0,1
2.2674073,0,0
2.2679071,0,1
2.26840715,0,0
2.26890695,0,1
2.26940705,0,0
2.2699069,0,1
2.270407,0,0
2.2709068,0,1
2.27140685,0,0
2.27190665,0,1
2.2724067,0,0
2.2729065,0,1
2.2734065,0,0
2.27390625,0,1
2.2744063,0,0
2.2749061,0,1
2.2754062,0,0
2.27590595,0,1
2.27640595,0,0
2.27690575,0,1
2.2774058,0,0
2.27790555,0,1
2.2784056,0,0
2.2789054,0,1
2.27940545,0,0
2.27990525,0,1
2.28040525,0,0
2.280905,0,1
2.2814051,0,0
2.2819049,0,1
2.28240495,0,0
2.2829048,0,1
2.2834049,0,0
2.2839047,0,1
2.2844048,0,0
2.28490465,0,1
2.2854047,0,0
2.2859045,0,1
2.2864046,0,0
2.2869044,0,1
2.2874045,0,0
2.28790435,0,1
2.2884044,0,0
2.2889042,0,1
2.28940425,0,0
2.2899041,0,1
2.29040415,0,0
2.29090395,0,1
2.291404,0,0
2.2919038,0,1
2.29240385,0,0
2.2929037,0,1
2.2934037,0,0
2.2939035,0,1
2.2944036,0,0
2.2949034,0,1
2.29540345,0,0
2.2959032,0,1
2.2964032,0,0
2.29690295,0,1
2.29740305,0,0
2.2979029,0,1
2.298403,0,0
2.2989028,0,1
2.29940285,0,0
2.29990265,0,1
2.3004027,0,0
2.30090245,0,1
2.3014025,0,0
2.3019023,0,1
2.30240235,0,0
2.30290215,0,1
2.30340225,0,0
2.30390205,0,1
2.3044021,0,0
2.3049019,0,1
2.305402,0,0
2.3059018,0,1
2.3064019,0,0
2.30690175,0,1
2.30740185,0,0
2.3079017,0,1
2.30840175,0,0
2.30890155,0,1
2.30940165,0,0
2.30990145,0,1
2.31040155,0,0
2.3109014,0,1
2.3114015,0,0
2.31190135,0,1
2.31240145,0,0
2.31290125,0,1
2.3134013,0,0
2.31390115,0,1
2.3144012,0,0
2.314901,0,1
2.31540105,0,0
2.31590085,0,1
2.31640085,0,0
2.31690065,0,1
2.3174007,0,0
2.31790055,0,1
2.31840065,0,0
2.3189005,0,1
2.31940065,0,0
2.3199005,0,1
2.3204006,0,0
2.3209004,0,1
2.32140045,0,0
2.3219003,0,1
2.3224004,0,0
2.3229002,0,1
2.32340025,0,0
2.32390005,0,1
2.3244001,0,0
2.3248999,0,1
2.3254,0,0
2.3258998,0,1
2.3263999,0,0
2.3268997,0,1
2.32739975,0,0
2.3278996,0,1
2.32839965,0,0
2.32889945,0,1
2.3293995,0,0
2.3298993,0,1
2.33039935,0,0
2.3308992,0,1
2.33139925,0,0
2.3318991,0,1
2.3323991,0,0
2.33289895,0,1
2.333399,0,0
2.3338988,0,1
2.3343989,0,0
2.3348987,0,1
2.33539875,0,0
2.3358986,0,1
2.33639865,0,0
2.33689855,0,1
2.33739865,0,0
2.3378985,0,1
2.33839855,0,0
2.3388984,0,1
2.3393985,0,0
2.3398983,0,1
2.34039835,0,0
2.34089815,0,1
2.3413982,0,0
2.341898,0,1
2.34239805,0,0
2.34289785,0,1
2.34339785,0,0
2.34389765,0,1
2.34439765,0,0
2.3448974,0,1
2.34539745,0,0
2.34589725,0,1
2.3463973,0,0
2.3468971,0,1
2.3473972,0,0
2.34789705,0,1
2.34839715,0,0
2.348897,0,1
2.3493971,0,0
2.34989695,0,1
2.350397,0,0
2.3508968,0,1
2.3513969,0,0
2.35189665,0,1
2.3523967,0,0
2.35289645,0,1
2.3533965,0,0
2.35389625,0,1
2.35439625,0,0
2.35489605,0,1
2.3553961,0,0
2.3558959,0,1
2.35639595,0,0
2.3568958,0,1
2.35739585,0,0
2.35789565,0,1
2.3583957,0,0
2.35889545,0,1
2.35939545,0,0
2.3598952,0,1
2.3603952,0,0
2.36089495,0,1
2.36139495,0,0
2.36189475,0,1
2.36239475,0,0
2.36289455,0,1
2.3633946,0,0
2.3638944,0,1
2.3643944,0,0
2.3648942,0,1
2.36539425,0,0
2.36589405,0,1
2.36639405,0,0
2.36689385,0,1
2.36739385,0,0
2.36789365,0,1
2.36839365,0,0
2.36889345,0,1
2.3693935,0,0
2.3698933,0,1
2.3703933,0,0
2.37089305,0,1
2.37139305,0,0
2.3718928,0,1
2.37239285,0,0
2.3728926,0,1
2.3733926,0,0
2.3738924,0,1
2.3743924,0,0
2.3748922,0,1
2.3753922,0,0
2.37589195,0,1
2.37639195,0,0
2.3768917,0,1
2.37739175,0,0
2.3778915,0,1
2.3783915,0,0
2.37889125,0,1
2.37939125,0,0
2.379891,0,1
2.380391,0,0
2.38089075,0,1
2.38139075,0,0
2.3818905,0,1
2.38239055,0,0
2.3828903,0,1
2.38339035,0,0
2.3838901,0,1
2.3843901,0,0
2.38488985,0,1
2.3853899,0,0
2.38588965,0,1
2.38638965,0,0
2.38688945,0,1
2.3873895,0,0
2.3878893,0,1
2.38838935,0,0
2.3888891,0,1
2.3893892,0,0
2.389889,0,1
2.390389,0,0
2.3908888,0,1
2.39138885,0,0
2.39188865,0,1
2.3923887,0,0
2.39288845,0,1
2.3933885,0,0
2.3938883,0,1
2.3943883,0,0
2.39488805,0,1
2.39538805,0,0
2.39588785,0,1
2.3963879,0,0
2.39688765,0,1
2.3973877,0,0
2.3978875,0,1
2.39838755,0,0
2.3988873,0,1
2.39938735,0,0
2.39988715,0,1
2.40038715,0,0
2.4008869,0,1
2.4013869,0,0
2.4018867,0,1
2.4023867,0,0
2.40288645,0,1
2.4033864,0,0
2.40388615,0,1
2.4043862,0,0
2.404886,0,1
2.40538605,0,0
2.4058858,0,1
2.40638585,0,0
2.40688565,0,1
2.4073857,0,0
2.40788555,0,1
2.40838555,0,0
2.40888535,0,1
2.4093854,0,0
2.40988515,0,1
2.4103852,0,0
2.410885,0,1
2.41138505,0,0
2.41188485,0,1
2.4123849,0,0
2.4128847,0,1
2.41338475,0,0
2.4138845,0,1
2.4143846,0,0
2.41488435,0,1
2.41538445,0,0
2.41588425,0,1
2.4163843,0,0
2.4168841,0,1
2.41738415,0,0
2.41788395,0,1
2.418384,0,0
2.4188838,0,1
2.41938385,0,0
2.4198837,0,1
2.42038375,0,0
2.42088355,0,1
2.4213836,0,0
2.4218834,0,1
2.42238345,0,0
2.4228833,0,1
2.4233833,0,0
2.4238831,0,1
2.42438315,0,0
2.4248829,0,1
2.425383,0,0
2.42588275,0,1
2.4263828,0,0
2.42688265,0,1
2.4273827,0,0
2.4278824,0,1
2.42838245,0,0
2.42888225,0,1
2.4293823,0,0
2.4298821,0,1
2.43038215,0,0
2.430882,0,1
2.43138205,0,0
2.4318818,0,1
2.43238185,0,0
2.43288165,0,1
2.43338175,0,0
2.43388155,0,1
2.43438165,0,0
2.43488145,0,1
2.4353815,0,0
2.4358813,0,1
2.43638135,0,0
2.4368812,0,1
2.43738125,0,0
2.43788105,0,1
2.43838105,0,0
2.4388809,0,1
2.4393809,0,0
2.4398807,0,1
2.4403807,0,0
2.4408805,0,1
2.4413805,0,0
2.44188035,0,1
2.4423804,0,0
2.44288015,0,1
2.4433802,0,0
2.44388005,0,1
2.44438005,0,0
2.44487985,0,1
2.44537985,0,0
2.4458796,0,1
2.44637965,0,0
2.44687945,0,1
2.44737945,0,0
2.44787925,0,1
2.44837925,0,0
2.448879,0,1
2.44937905,0,0
2.44987885,0,1
2.45037895,0,0
2.45087875,0,1
2.45137885,0,0
2.45187865,0,1
2.4523787,0,0
2.4528785,0,1
2.45337855,0,0
2.4538783,0,1
2.45437835,0,0
2.4548781,0,1
2.4553781,0,0
2.4558779,0,1
2.4563779,0,0
2.45687775,0,1
2.4573778,0,0
2.4578776,0,1
2.45837765,0,0
2.45887745,0,1
2.45937745,0,0
2.45987725,0,1
2.4603773,0,0
2.4608771,0,1
2.4613771,0,0
2.46187685,0,1
2.4623769,0,0
2.46287665,0,1
2.4633767,0,0
2.4638765,0,1
2.46437655,0,0
2.46487635,0,1
2.4653764,0,0
2.46587615,0,1
2.46637615,0,0
2.46687595,0,1
2.467376,0,0
2.46787585,0,1
2.46837585,0,0
2.46887565,0,1
2.4693757,0,0
2.46987555,0,1
2.4703756,0,0
2.47087545,0,1
2.4713755,0,0
2.4718753,0,1
2.47237535,0,0
2.47287515,0,1
2.4733752,0,0
2.473875,0,1
2.47437505,0,0
2.4748749,0,1
2.475375,0,0
2.4758748,0,1
2.47637485,0,0
2.47687465,0,1
2.4773747,0,0
2.47787455,0,1
2.47837455,0,0
2.4788743,0,1
2.4793743,0,0
2.4798741,0,1
2.4803741,0,0
2.4808739,0,1
2.48137395,0,0
2.4818737,0,1
2.4823737,0,0
2.4828735,0,1
2.4833735,0,0
2.4838733,0,1
2.48437335,0,0
2.48487315,0,1
2.4853732,0,0
2.485873,0,1
2.48637305,0,0
2.48687285,0,1
2.4873729,0,0
2.48787265,0,1
2.4883727,0,0
2.4888725,0,1
2.48937255,0,0
2.4898723,0,1
2.4903723,0,0
2.49087205,0,1
2.49137205,0,0
2.49187185,0,1
2.49237185,0,0
2.49287165,0,1
2.4933717,0,0
2.4938715,0,1
2.49437155,0,0
2.4948714,0,1
2.4953715,0,0
2.4958713,0,1
2.49637135,0,0
2.4968711,0,1
2.49737105,0,0
2.4978708,0,1
2.49837085,0,0
2.4988706,0,1
2.49937065,0,0
2.49987045,0,1
2.50037045,0,0
2.50087025,0,1
2.50137035,0,0
2.50187015,0,1
2.50237025,0,0
2.50287005,0,1
2.50337015,0,0
2.50386995,0,1
2.50437005,0,0
2.5048699,0,1
2.50537,0,0
2.50586985,0,1
2.50637,0,0
2.5068698,0,1
2.50736985,0,0
2.50786965,0,1
2.50836975,0,0
2.50886955,0,1
2.50936965,0,0
2.50986945,0,1
2.5103695,0,0
2.5108693,0,1
2.5113694,0,0
2.5118692,0,1
2.5123693,0,0
2.5128691,0,1
2.51336905,0,0
2.51386885,0,1
2.5143689,0,0
2.51486875,0,1
2.5153688,0,0
2.5158686,0,1
2.5163687,0,0
2.5168685,0,1
2.5173686,0,0
2.5178684,0,1
2.51836845,0,0
2.51886825,0,1
2.5193683,0,0
2.5198681,0,1
2.5203681,0,0
2.52086785,0,1
2.5213679,0,0
2.5218677,0,1
2.5223678,0,0
2.52286765,0,1
2.5233677,0,0
2.5238675,0,1
2.52436755,0,0
2.5248674,0,1
2.52536745,0,0
2.5258672,0,1
2.52636725,0,0
2.52686705,0,1
2.5273671,0,0
2.52786695,0,1
2.528367,0,0
2.52886675,0,1
2.52936675,0,0
2.5298665,0,1
2.53036655,0,0
2.53086635,0,1
2.5313664,0,0
2.5318661,0,1
2.5323661,0,0
2.53286585,0,1
2.53336585,0,0
2.5338656,0,1
2.5343656,0,0
2.53486535,0,1
2.53536535,0,0
2.53586505,0,1
2.53636515,0,0
2.53686495,0,1
2.537365,0,0
2.5378648,0,1
2.5383648,0,0
2.5388646,0,1
2.5393646,0,0
2.5398644,0,1
2.5403644,0,0
2.54086415,0,1
2.54136415,0,0
2.5418639,0,1
2.54236385,0,0
2.5428636,0,1
2.54336365,0,0
2.5438634,0,1
2.5443634,0,0
2.5448631,0,1
2.5453631,0,0
2.5458629,0,1
2.5463629,0,0
2.54686265,0,1
2.54736265,0,0
2.54786245,0,1
2.54836245,0,0
2.54886225,0,1
2.5493623,0,0
2.5498621,0,1
2.5503622,0,0
2.55086195,0,1
2.551362,0,0
2.5518618,0,1
2.55236185,0,0
2.55286165,0,1
2.55336165,0,0
2.55386145,0,1
2.55436155,0,0
2.55486135,0,1
2.5553614,0,0
2.55586115,0,1
2.55636115,0,0
2.55686095,0,1
2.55736095,0,0
2.55786075,0,1
2.5583608,0,0
2.5588606,0,1
2.55936065,0,0
2.5598604,0,1
2.56036035,0,0
2.56086015,0,1
2.56136015,0,0
2.5618599,0,1
2.5623599,0,0
2.5628597,0,1
2.5633597,0,0
2.56385945,0,1
2.5643595,0,0
2.5648593,0,1
2.5653593,0,0
2.56585915,0,1
2.56635915,0,0
2.56685895,0,1
2.56735895,0,0
2.5678587,0,1
2.5683587,0,0
2.56885845,0,1
2.5693584,0,0
2.56985815,0,1
2.5703582,0,0
2.570858,0,1
2.571358,0,0
2.57185775,0,1
2.5723578,0,0
2.57285755,0,1
2.5733576,0,0
2.5738574,0,1
2.57435745,0,0
2.5748572,0,1
2.5753572,0,0
2.57585695,0,1
2.57635695,0,0
2.5768567,0,1
2.5773567,0,0
2.5778564,0,1
2.5783564,0,0
2.57885615,0,1
2.57935615,0,0
2.57985585,0,1
2.58035585,0,0
2.5808556,0,1
2.5813556,0,0
2.58185535,0,1
2.5823553,0,0
2.58285505,0,1
2.583355,0,0
2.5838548,0,1
2.5843548,0,0
2.58485455,0,1
2.5853546,0,0
2.5858544,0,1
2.5863544,0,0
2.58685415,0,1
2.5873542,0,0
2.58785405,0,1
2.5883541,0,0
2.5888539,0,1
2.58935395,0,0
2.5898537,0,1
2.59035375,0,0
2.59085355,0,1
2.5913536,0,0
2.5918534,0,1
2.5923534,0,0
2.59285325,0,1
2.59335325,0,0
2.59385305,0,1
2.59435315,0,0
2.59485295,0,1
2.595353,0,0
2.59585275,0,1
2.59635275,0,0
2.59685255,0,1
2.59735255,0,0
2.59785235,0,1
2.5983524,0,0
2.59885215,0,1
2.5993522,0,0
2.59985195,0,1
2.60035195,0,0
2.6008517,0,1
2.6013517,0,0
2.6018515,0,1
2.6023515,0,0
2.60285125,0,1
2.6033513,0,0
2.60385105,0,1
2.6043511,0,0
2.60485085,0,1
2.60535085,0,0
2.6058506,0,1
2.6063506,0,0
2.60685035,0,1
2.6073504,0,0
2.60785015,0,1
2.6083501,0,0
2.6088499,0,1
2.6093499,0,0
2.60984965,0,1
2.6103497,0,0
2.6108495,0,1
2.6113495,0,0
2.61184925,0,1
2.61234925,0,0
2.612849,0,1
2.61334905,0,0
2.6138488,0,1
2.61434885,0,0
2.6148486,0,1
2.61534865,0,0
2.6158484,0,1
2.61634845,0,0
2.6168482,0,1
2.61734825,0,0
2.617848,0,1
2.618348,0,0
2.6188477,0,1
2.61934775,0,0
2.6198475,0,1
2.6203475,0,0
2.62084725,0,1
2.6213473,0,0
2.62184705,0,1
2.62234705,0,0
2.62284685,0,1
2.62334685,0,0
2.6238466,0,1
2.62434665,0,0
2.6248464,0,1
2.6253464,0,0
2.62584615,0,1
2.6263461,0,0
2.6268459,0,1
2.6273459,0,0
2.62784565,0,1
2.6283457,0,0
2.62884545,0,1
2.6293454,0,0
2.6298451,0,1
2.6303451,0,0
2.6308449,0,1
2.6313449,0,0
2.6318446,0,1
2.6323446,0,0
2.6328444,0,1
2.6333444,0,0
2.63384415,0,1
2.63434415,0,0
2.6348439,0,1
2.63534395,0,0
2.63584375,0,1
2.6363438,0,0
2.63684355,0,1
2.63734355,0,0
2.63784335,0,1
2.63834335,0,0
2.63884315,0,1
2.6393432,0,0
2.63984305,0,1
2.64034315,0,0
2.64084295,0,1
2.641343,0,0
2.6418428,0,1
2.64234285,0,0
2.64284265,0,1
2.6433427,0,0
2.6438425,0,1
2.64434255,0,0
2.6448424,0,1
2.6453424,0,0
2.64584215,0,1
2.6463422,0,0
2.64684195,0,1
2.64734205,0,0
2.6478418,0,1
2.64834185,0,0
2.6488416,0,1
2.64934155,0,0
2.6498413,0,1
2.65034135,0,0
2.6508411,0,1
2.6513412,0,0
2.651841,0,1
2.652341,0,0
2.6528408,0,1
2.6533408,0,0
2.6538406,0,1
2.6543406,0,0
2.65484035,0,1
2.6553404,0,0
2.65584025,0,1
2.6563403,0,0
2.6568401,0,1
2.65734015,0,0
2.65783995,0,1
2.65834,0,0
2.65883975,0,1
2.6593398,0,0
2.6598396,0,1
2.6603397,0,0
2.66083945,0,1
2.6613395,0,0
2.66183925,0,1
2.66233925,0,0
2.662839,0,1
2.663339,0,0
2.66383875,0,1
2.66433875,0,0
2.6648385,0,1
2.66533855,0,0
2.66583835,0,1
2.6663384,0,0
2.6668382,0,1
2.6673383,0,0
2.66783815,0,1
2.6683382,0,0
2.668838,0,1
2.6693381,0,0
2.66983795,0,1
2.670338,0,0
2.6708378,0,1
2.67133785,0,0
2.67183765,0,1
2.67233775,0,0
2.67283755,0,1
2.6733376,0,0
2.6738374,0,1
2.6743375,0,0
2.67483735,0,1
2.6753374,0,0
2.6758372,0,1
2.67633725,0,0
2.67683705,0,1
2.6773371,0,0
2.67783695,0,1
2.678337,0,0
2.6788368,0,1
2.67933685,0,0
2.6798367,0,1
2.68033675,0,0
2.68083655,0,1
2.6813366,0,0
2.6818364,0,1
2.68233645,0,0
2.68283625,0,1
2.68333625,0,0
2.6838361,0,1
2.68433615,0,0
2.68483595,0,1
2.685336,0,0
2.6858358,0,1
2.68633585,0,0
2.68683565,0,1
2.6873357,0,0
2.6878355,0,1
2.6883355,0,0
2.68883525,0,1
2.6893353,0,0
2.68983505,0,1
2.69033505,0,0
2.6908349,0,1
2.69133495,0,0
2.69183475,0,1
2.69233475,0,0
2.6928345,0,1
2.69333455,0,0
2.69383435,0,1
2.6943344,0,0
2.6948342,0,1
2.6953343,0,0
2.6958341,0,1
2.6963342,0,0
2.696834,0,1
2.69733405,0,0
2.69783385,0,1
2.6983339,0,0
2.69883375,0,1
2.6993338,0,0
2.69983365,0,1
2.7003337,0,0
2.70083345,0,1
2.7013335,0,0
2.7018334,0,1
2.70233345,0,0
2.70283325,0,1
2.70333335,0,0
2.70383315,0,1
2.7043332,0,0
2.704833,0,1
2.705333,0,0
2.7058328,0,1
2.70633285,0,0
2.7068326,0,1
2.7073326,0,0
2.7078324,0,1
2.70833235,0,0
2.70883215,0,1
2.7093322,0,0
2.709832,0,1
2.71033205,0,0
2.71083185,0,1
2.7113319,0,0
2.7118317,0,1
2.71233175,0,0
2.7128316,0,1
2.7133317,0,0
2.7138315,0,1
2.71433155,0,0
2.7148314,0,1
2.71533145,0,0
2.7158312,0,1
2.7163312,0,0
2.716831,0,1
2.71733105,0,0
2.71783085,0,1
2.7183309,0,0
2.71883065,0,1
2.71933065,0,0
2.7198304,0,1
2.72033045,0,0
2.7208303,0,1
2.7213304,0,0
2.72183025,0,1
2.7223303,0,0
2.7228301,0,1
2.7233302,0,0
2.72383,0,1
2.7243301,0,0
2.72482995,0,1
2.72533,0,0
2.7258298,0,1
2.72632985,0,0
2.72682965,0,1
2.7273297,0,0
2.72782955,0,1
2.7283296,0,0
2.72882945,0,1
2.72932955,0,0
2.72982935,0,1
2.7303294,0,0
2.7308292,0,1
2.7313293,0,0
2.7318291,0,1
2.7323291,0,0
2.7328289,0,1
2.73332895,0,0
2.73382875,0,1
2.73432885,0,0
2.73482865,0,1
2.73532865,0,0
2.73582845,0,1
2.7363285,0,0
2.73682835,0,1
2.7373284,0,0
2.73782825,0,1
2.7383283,0,0
2.7388281,0,1
2.73932825,0,0
2.7398281,0,1
2.74032815,0,0
2.740828,0,1
2.74132805,0,0
2.74182785,0,1
2.74232795,0,0
2.74282775,0,1
2.74332785,0,0
2.7438277,0,1
2.74432775,0,0
2.74482755,0,1
2.74532755,0,0
2.74582735,0,1
2.7463274,0,0
2.7468272,0,1
2.74732725,0,0
2.74782705,0,1
2.74832715,0,0
2.748827,0,1
2.74932705,0,0
2.7498269,0,1
2.75032695,0,0
2.7508268,0,1
2.75132685,0,0
2.7518267,0,1
2.75232675,0,0
2.7528265,0,1
2.7533266,0,0
2.7538264,0,1
2.7543265,0,0
2.7548263,0,1
2.75532635,0,0
2.75582615,0,1
2.75632625,0,0
2.756826,0,1
2.7573261,0,0
2.7578259,0,1
2.75832595,0,0
2.75882575,0,1
2.7593258,0,0
2.75982555,0,1
2.7603256,0,0
2.76082535,0,1
2.7613254,0,0
2.7618252,0,1
2.76232525,0,0
2.76282505,0,1
2.76332505,0,0
2.76382485,0,1
2.76432495,0,0
2.76482475,0,1
2.76532485,0,0
2.76582465,0,1
2.7663247,0,0
2.76682455,0,1
2.76732465,0,0
2.7678245,0,1
2.76832455,0,0
2.7688243,0,1
2.76932435,0,0
2.76982415,0,1
2.7703242,0,0
2.770824,0,1
2.7713241,0,0
2.7718239,0,1
2.772324,0,0
2.7728238,0,1
2.77332385,0,0
2.7738237,0,1
2.7743237,0,0
2.7748235,0,1
2.77532355,0,0
2.7758234,0,1
2.7763235,0,0
2.7768233,0,1
2.7773234,0,0
2.7778232,0,1
2.7783233,0,0
2.7788231,0,1
2.77932315,0,0
2.77982295,0,1
2.78032295,0,0
2.78082275,0,1
2.7813228,0,0
2.7818226,0,1
2.78232265,0,0
2.78282245,0,1
2.78332245,0,0
2.7838222,0,1
2.7843222,0,0
2.78482195,0,1
2.78532195,0,0
2.78582175,0,1
2.7863218,0,0
2.78682155,0,1
2.7873216,0,0
2.7878214,0,1
2.7883214,0,0
2.7888212,0,1
2.7893212,0,0
2.789821,0,1
2.79032105,0,0
2.7908208,0,1
2.79132085,0,0
2.79182055,0,1
2.79232055,0,0
2.79282035,0,1
2.7933204,0,0
2.7938202,0,1
2.7943203,0,0
2.7948202,0,1
2.79532025,0,0
2.79582005,0,1
2.7963201,0,0
2.7968199,0,1
2.79732,0,0
2.79781985,0,1
2.7983199,0,0
2.79881975,0,1
2.79931985,0,0
2.79981965,0,1
2.8003197,0,0
2.80081955,0,1
2.8013196,0,0
2.80181945,0,1
2.8023195,0,0
2.8028193,0,1
2.80331935,0,0
2.80381915,0,1
2.8043192,0,0
2.804819,0,1
2.805319,0,0
2.80581875,0,1
2.8063188,0,0
2.8068186,0,1
2.80731865,0,0
2.80781845,0,1
2.80831845,0,0
2.80881825,0,1
2.8093182,0,0
2.80981795,0,1
2.81031795,0,0
2.8108177,0,1
2.81131765,0,0
2.81181745,0,1
2.81231745,0,0
2.8128172,0,1
2.81331725,0,0
2.813817,0,1
2.81431705,0,0
2.81481685,0,1
2.8153169,0,0
2.8158167,0,1
2.81631675,0,0
2.8168165,0,1
2.8173165,0,0
2.8178163,0,1
2.8183163,0,0
2.81881605,0,1
2.81931615,0,0
2.8198159,0,1
2.8203159,0,0
2.8208157,0,1
2.8213157,0,0
2.8218155,0,1
2.82231555,0,0
2.8228153,0,1
2.82331535,0,0
2.82381515,0,1
2.82431515,0,0
2.8248149,0,1
2.82531495,0,0
2.82581475,0,1
2.82631475,0,0
2.8268145,0,1
2.8273145,0,0
2.82781425,0,1
2.82831425,0,0
2.82881405,0,1
2.8293141,0,0
2.82981385,0,1
2.83031385,0,0
2.83081355,0,1
2.83131355,0,0
2.8318133,0,1
2.83231335,0,0
2.83281315,0,1
2.8333132,0,0
2.833813,0,1
2.834313,0,0
2.83481285,0,1
2.8353129,0,0
2.8358127,0,1
2.83631275,0,0
2.8368125,0,1
2.8373126,0,0
2.83781245,0,1
2.8383125,0,0
2.83881235,0,1
2.8393124,0,0
2.8398122,0,1
2.84031225,0,0
2.84081205,0,1
2.8413121,0,0
2.8418119,0,1
2.8423119,0,0
2.8428117,0,1
2.8433117,0,0
2.8438115,0,1
2.8443115,0,0
2.84481125,0,1
2.84531125,0,0
2.84581105,0,1
2.84631105,0,0
2.8468108,0,1
2.84731085,0,0
2.84781065,0,1
2.84831065,0,0
2.84881045,0,1
2.8493105,0,0
2.84981025,0,1
2.85031025,0,0
2.85081,0,1
2.85131,0,0
2.8518097,0,1
2.8523097,0,0
2.85280945,0,1
2.85330945,0,0
2.8538092,0,1
2.8543092,0,0
2.85480895,0,1
2.85530895,0,0
2.8558087,0,1
2.8563087,0,0
2.8568084,0,1
2.8573084,0,0
2.8578081,0,1
2.85830815,0,0
2.8588079,0,1
2.8593079,0,0
2.85980765,0,1
2.8603077,0,0
2.86080745,0,1
2.8613075,0,0
2.8618073,0,1
2.86230735,0,0
2.8628071,0,1
2.86330715,0,0
2.86380695,0,1
2.864307,0,0
2.8648068,0,1
2.86530685,0,0
2.86580665,0,1
2.86630675,0,0
2.86680655,0,1
2.8673066,0,0
2.8678064,0,1
2.8683065,0,0
2.86880625,0,1
2.86930625,0,0
2.869806,0,1
2.87030605,0,0
2.8708058,0,1
2.8713058,0,0
2.87180555,0,1
2.8723056,0,0
2.8728054,0,1
2.8733054,0,0
2.8738052,0,1
2.8743052,0,0
2.874805,0,1
2.87530505,0,0
2.8758049,0,1
2.87630495,0,0
2.87680475,0,1
2.87730475,0,0
2.8778045,0,1
2.8783045,0,0
2.8788043,0,1
2.87930435,0,0
2.8798041,0,1
2.8803041,0,0
2.88080385,0,1
2.88130385,0,0
2.8818036,0,1
2.88230365,0,0
2.88280345,0,1
2.8833035,0,0
2.88380325,0,1
2.88430325,0,0
2.8848031,0,1
2.8853031,0,0
2.8858029,0,1
2.8863029,0,0
2.88680265,0,1
2.88730265,0,0
2.88780245,0,1
2.88830245,0,0
2.88880225,0,1
2.88930225,0,0
2.88980205,0,1
2.89030205,0,0
2.89080175,0,1
2.89130175,0,0
2.8918015,0,1
2.89230155,0,0
2.8928013,0,1
2.89330135,0,0
2.89380115,0,1
2.8943012,0,0
2.89480095,0,1
2.89530095,0,0
2.89580075,0,1
2.8963008,0,0
2.8968006,0,1
2.8973006,0,0
2.8978004,0,1
2.89830045,0,0
2.89880025,0,1
2.8993003,0,0
2.8998001,0,1
2.9003001,0,0
2.90079985,0,1
2.9012999,0,0
2.90179965,0,1
2.90229965,0,0
2.9027994,0,1
2.90329935,0,0
2.9037991,0,1
2.90429915,0,0
2.90479895,0,1
2.90529895,0,0
2.9057987,0,1
2.9062987,0,0
2.9067985,0,1
2.9072985,0,0
2.90779825,0,1
2.90829825,0,0
2.908798,0,1
2.90929805,0,0
2.9097978,0,1
2.9102978,0,0
2.91079755,0,1
2.91129755,0,0
2.91179735,0,1
2.91229735,0,0
2.9127971,0,1
2.91329715,0,0
2.91379695,0,1
2.91429705,0,0
2.91479685,0,1
2.91529685,0,0
2.91579665,0,1
2.91629665,0,0
2.9167964,0,1
2.91729645,0,0
2.91779625,0,1
2.91829625,0,0
2.91879605,0,1
2.91929605,0,0
2.9197958,0,1
2.9202958,0,0
2.92079555,0,1
2.92129555,0,0
2.9217953,0,1
2.9222953,0,0
2.9227951,0,1
2.9232951,0,0
2.9237949,0,1
2.9242949,0,0
2.9247947,0,1
2.92529475,0,0
2.92579455,0,1
2.92629455,0,0
2.92679435,0,1
2.92729435,0,0
2.92779415,0,1
2.9282942,0,0
2.928794,0,1
2.92929405,0,0
2.92979385,0,1
2.9302939,0,0
2.9307937,0,1
2.9312937,0,0
2.9317935,0,1
2.9322936,0,0
2.9327934,0,1
2.9332934,0,0
2.9337932,0,1
2.9342932,0,0
2.934793,0,1
2.935293,0,0
2.93579275,0,1
2.93629275,0,0
2.9367925,0,1
2.93729245,0,0
2.9377922,0,1
2.93829225,0,0
2.938792,0,1
2.93929205,0,0
2.93979185,0,1
2.94029185,0,0
2.94079165,0,1
2.9412917,0,0
2.94179145,0,1
2.9422914,0,0
2.94279115,0,1
2.94329115,0,0
2.94379095,0,1
2.94429095,0,0
2.94479065,0,1
2.94529065,0,0
2.9457904,0,1
2.9462904,0,0
2.94679015,0,1
2.9472901,0,0
2.94778985,0,1
2.94828985,0,0
2.9487896,0,1
2.9492896,0,0
2.94978935,0,1
2.95028935,0,0
2.9507891,0,1
2.95128915,0,0
2.95178895,0,1
2.95228905,0,0
2.95278885,0,1
2.95328885,0,0
2.9537887,0,1
2.9542887,0,0
2.95478845,0,1
2.95528845,0,0
2.95578815,0,1
2.9562881,0,0
2.9567879,0,1
2.9572879,0,0
2.95778765,0,1
2.95828765,0,0
2.9587874,0,1
2.9592874,0,0
2.95978715,0,1
2.96028715,0,0
2.9607869,0,1
2.9612869,0,0
2.96178665,0,1
2.9622866,0,0
2.9627864,0,1
2.96328645,0,0
2.96378625,0,1
2.96428625,0,0
2.96478605,0,1
2.9652861,0,0
2.9657859,0,1
2.96628595,0,0
2.96678575,0,1
2.96728575,0,0
2.9677855,0,1
2.96828555,0,0
2.9687853,0,1
2.96928535,0,0
2.9697851,0,1
2.9702851,0,0
2.9707848,0,1
2.97128475,0,0
2.97178445,0,1
2.9722844,0,0
2.97278415,0,1
2.9732842,0,0
2.973784,0,1
2.97428405,0,0
2.97478385,0,1
2.9752839,0,0
2.9757837,0,1
2.9762837,0,0
2.97678345,0,1
2.9772835,0,0
2.9777833,0,1
2.97828335,0,0
2.97878315,0,1
2.9792832,0,0
2.979783,0,1
2.98028305,0,0
2.98078285,0,1
2.9812829,0,0
2.9817827,0,1
2.98228275,0,0
2.98278255,0,1
2.98328265,0,0
2.9837824,0,1
2.98428245,0,0
2.98478225,0,1
2.9852823,0,0
2.9857821,0,1
2.98628215,0,0
2.98678195,0,1
2.987282,0,0
2.9877818,0,1
2.9882819,0,0
2.98878165,0,1
2.98928165,0,0
2.98978145,0,1
2.9902815,0,0
2.9907813,0,1
2.99128135,0,0
2.99178115,0,1
2.99228115,0,0
2.99278095,0,1
2.993281,0,0
2.99378075,0,1
2.99428075,0,0
2.99478055,0,1
2.9952806,0,0
2.99578035,0,1
2.9962804,0,0
2.9967802,0,1
2.99728025,0,0
2.99778005,0,1
2.9982801,0,0
2.99877995,0,1
2.99928,0,0
2.9997798,0,1
3.0002798,0,0
3.00077955,0,1
3.00127955,0,0
3.0017793,0,1
3.00227935,0,0
3.00277915,0,1
3.00327915,0,0
3.00377895,0,1
3.00427895,0,0
3.0047787,0,1
3.0052787,0,0
3.00577845,0,1
3.00627855,0,0
3.00677835,0,1
3.0072784,0,0
3.0077782,0,1
3.0082782,0,0
3.00877795,0,1
3.00927795,0,0
3.0097777,0,1
3.0102777,0,0
3.0107775,0,1
3.0112775,0,0
3.01177725,0,1
3.01227725,0,0
3.01277705,0,1
3.01327705,0,0
3.01377685,0,1
3.01427685,0,0
3.01477665,0,1
3.01527665,0,0
3.01577645,0,1
3.0162765,0,0
3.0167763,0,1
3.01727635,0,0
3.0177761,0,1
3.01827605,0,0
3.0187758,0,1
3.0192758,0,0
3.01977555,0,1
3.0202756,0,0
3.02077535,0,1
3.02127535,0,0
3.0217751,0,1
3.0222751,0,0
3.02277485,0,1
3.02327485,0,0
3.0237746,0,1
3.02427455,0,0
3.02477425,0,1
3.02527415,0,0
3.02577385,0,1
3.0262738,0,0
3.0267735,0,1
3.02727345,0,0
3.0277732,0,1
3.0282732,0,0
3.028773,0,1
3.029273,0,0
3.0297728,0,1
3.03027285,0,0
3.0307726,0,1
3.03127265,0,0
3.0317724,0,1
3.0322724,0,0
3.03277215,0,1
3.0332721,0,0
3.03377185,0,1
3.0342718,0,0
3.03477155,0,1
3.03527155,0,0
3.0357713,0,1
3.0362713,0,0
3.03677105,0,1
3.037271,0,0
3.0377708,0,1
3.0382708,0,0
3.03877055,0,1
3.0392706,0,0
3.03977035,0,1
3.0402704,0,0
3.04077015,0,1
3.04127025,0,0
3.04177005,0,1
3.0422701,0,0
3.04276985,0,1
3.0432699,0,0
3.04376965,0,1
3.04426965,0,0
3.04476945,0,1
3.04526955,0,0
3.04576935,0,1
3.04626945,0,0
3.04676925,0,1
3.0472693,0,0
3.0477691,0,1
3.0482692,0,0
3.048769,0,1
3.0492691,0,0
3.0497689,0,1
3.05026895,0,0
3.05076875,0,1
3.05126885,0,0
3.0517687,0,1
3.0522688,0,0
3.05276865,0,1
3.0532687,0,0
3.05376855,0,1
3.05426865,0,0
3.0547685,0,1
3.0552686,0,0
3.05576845,0,1
3.0562685,0,0
3.0567683,0,1
3.0572684,0,0
3.0577682,0,1
3.0582682,0,0
3.05876805,0,1
3.0592681,0,0
3.0597679,0,1
3.06026795,0,0
3.0607678,0,1
3.06126785,0,0
3.06176765,0,1
3.0622677,0,0
3.0627675,0,1
3.06326755,0,0
3.0637674,0,1
3.0642674,0,0
3.06476715,0,1
3.06526715,0,0
3.0657669,0,1
3.0662669,0,0
3.06676665,0,1
3.06726665,0,0
3.06776635,0,1
3.06826635,0,0
3.06876615,0,1
3.06926615,0,0
3.0697659,0,1
3.07026595,0,0
3.07076565,0,1
3.0712657,0,0
3.0717654,0,1
3.07226545,0,0
3.0727652,0,1
3.0732652,0,0
3.07376495,0,1
3.074265,0,0
3.0747648,0,1
3.0752648,0,0
3.07576455,0,1
3.0762646,0,0
3.0767644,0,1
3.0772644,0,0
3.0777642,0,1
3.07826425,0,0
3.078764,0,1
3.079264,0,0
3.07976375,0,1
3.08026375,0,0
3.0807635,0,1
3.0812635,0,0
3.0817632,0,1
3.08226325,0,0
3.082763,0,1
3.083263,0,0
3.0837628,0,1
3.0842628,0,0
3.08476255,0,1
3.0852625,0,0
3.08576225,0,1
3.0862622,0,0
3.08676195,0,1
3.08726195,0,0
3.0877617,0,1
3.0882617,0,0
3.0887615,0,1
3.0892615,0,0
3.08976125,0,1
3.0902613,0,0
3.0907611,0,1
3.09126115,0,0
3.09176095,0,1
3.09226095,0,0
3.0927607,0,1
3.0932607,0,0
3.09376045,0,1
3.09426045,0,0
3.0947602,0,1
3.0952603,0,0
3.0957601,0,1
3.0962601,0,0
3.09675985,0,1
3.0972599,0,0
3.09775965,0,1
3.09825965,0,0
3.09875945,0,1
3.09925945,0,0
3.0997593,0,1
3.10025935,0,0
3.1007591,0,1
3.10125915,0,0
3.10175895,0,1
3.10225895,0,0
3.10275875,0,1
3.1032588,0,0
3.1037586,0,1
3.1042586,0,0
3.1047584,0,1
3.1052584,0,0
3.1057582,0,1
3.10625825,0,0
3.106758,0,1
3.107258,0,0
3.10775775,0,1
3.10825775,0,0
3.10875755,0,1
3.10925755,0,0
3.10975735,0,1
3.11025735,0,0
3.11075715,0,1
3.11125715,0,0
3.1117569,0,1
3.1122569,0,0
3.1127567,0,1
3.11325675,0,0
3.1137565,0,1
3.11425655,0,0
3.11475635,0,1
3.1152563,0,0
3.1157561,0,1
3.11625615,0,0
3.11675595,0,1
3.11725595,0,0
3.11775575,0,1
3.1182558,0,0
3.1187556,0,1
3.11925565,0,0
3.1197554,0,1
3.12025545,0,0
3.1207552,0,1
3.12125525,0,0
3.12175505,0,1
3.12225505,0,0
3.12275485,0,1
3.12325485,0,0
3.12375465,0,1
3.1242547,0,0
3.12475445,0,1
3.12525445,0,0
3.12575425,0,1
3.12625425,0,0
3.12675405,0,1
3.12725405,0,0
3.12775385,0,1
3.1282539,0,0
3.1287537,0,1
3.1292537,0,0
3.1297535,0,1
3.1302535,0,0
3.13075325,0,1
3.13125325,0,0
3.13175305,0,1
3.1322531,0,0
3.1327529,0,1
3.13325295,0,0
3.13375275,0,1
3.13425285,0,0
3.1347527,0,1
3.13525275,0,0
3.13575255,0,1
3.1362526,0,0
3.13675245,0,1
3.1372525,0,0
3.13775235,0,1
3.1382524,0,0
3.1387522,0,1
3.13925225,0,0
3.13975205,0,1
3.14025205,0,0
3.14075185,0,1
3.1412519,0,0
3.1417517,0,1
3.1422517,0,0
3.1427515,0,1
3.14325155,0,0
3.14375135,0,1
3.1442514,0,0
3.1447512,0,1
3.1452512,0,0
3.14575105,0,1
3.14625105,0,0
3.14675085,0,1
3.1472509,0,0
3.14775065,0,1
3.14825065,0,0
3.14875045,0,1
3.14925045,0,0
3.14975025,0,1
3.1502503,0,0
3.15075015,0,1
3.15125025,0,0
3.15175005,0,1
3.15225015,0,0
3.15274995,0,1
3.15325005,0,0
3.1537499,0,1
3.15425,0,0
3.1547499,0,1
3.15525,0,0
3.1557499,0,1
3.15625,0,0
3.15674985,0,1
3.15724995,0,0
3.15774985,0,1
3.15824995,0,0
3.1587498,0,1
3.1592499,0,0
3.15974975,0,1
3.1602498,0,0
3.1607496,0,1
3.16124965,0,0
3.16174945,0,1
3.1622495,0,0
3.1627493,0,1
3.1632493,0,0
3.16374905,0,1
3.16424915,0,0
3.16474895,0,1
3.16524895,0,0
3.1657488,0,1
3.1662488,0,0
3.16674855,0,1
3.16724855,0,0
3.1677483,0,1
3.16824835,0,0
3.1687481,0,1
3.16924815,0,0
3.16974795,0,1
3.170248,0,0
3.1707478,0,1
3.17124785,0,0
3.1717476,0,1
3.1722476,0,0
3.1727474,0,1
3.1732474,0,0
3.17374715,0,1
3.17424715,0,0
3.1747469,0,1
3.17524685,0,0
3.17574655,0,1
3.1762465,0,0
3.17674625,0,1
3.1772462,0,0
3.17774595,0,1
3.178246,0,0
3.17874575,0,1
3.17924575,0,0
3.17974555,0,1
3.1802456,0,0
3.18074545,0,1
3.1812455,0,0
3.1817453,0,1
3.1822453,0,0
3.18274505,0,1
3.183245,0,0
3.1837448,0,1
3.18424475,0,0
3.1847445,0,1
3.18524455,0,0
3.18574435,0,1
3.1862444,0,0
3.1867441,0,1
3.18724415,0,0
3.18774395,0,1
3.18824395,0,0
3.18874375,0,1
3.1892437,0,0
3.1897435,0,1
3.1902435,0,0
3.1907433,0,1
3.19124335,0,0
3.1917431,0,1
3.19224315,0,0
3.19274295,0,1
3.193243,0,0
3.1937428,0,1
3.19424285,0,0
3.1947426,0,1
3.19524265,0,0
3.19574245,0,1
3.1962425,0,0
3.19674235,0,1
3.1972424,0,0
3.1977422,0,1
3.19824225,0,0
3.19874205,0,1
3.19924215,0,0
3.19974195,0,1
3.200242,0,0
3.2007418,0,1
3.20124185,0,0
3.20174165,0,1
3.2022417,0,0
3.2027415,0,1
3.2032416,0,0
3.2037414,0,1
3.20424145,0,0
3.2047413,0,1
3.20524135,0,0
3.2057412,0,1
3.20624125,0,0
3.2067411,0,1
3.20724115,0,0
3.20774095,0,1
3.20824105,0,0
3.20874085,0,1
3.20924095,0,0
3.20974075,0,1
3.2102408,0,0
3.21074065,0,1
3.2112407,0,0
3.21174055,0,1
3.2122406,0,0
3.2127404,0,1
3.21324045,0,0
3.21374025,0,1
3.2142403,0,0
3.21474015,0,1
3.21524025,0,0
3.21574005,0,1
3.21624015,0,0
3.21673995,0,1
3.21724,0,0
3.2177398,0,1
3.21823985,0,0
3.2187396,0,1
3.2192397,0,0
3.21973955,0,1
3.2202397,0,0
3.2207396,0,1
3.2212397,0,0
3.22173955,0,1
3.2222397,0,0
3.2227395,0,1
3.2232396,0,0
3.2237394,0,1
3.22423945,0,0
3.22473935,0,1
3.22523945,0,0
3.22573925,0,1
3.22623935,0,0
3.22673925,0,1
3.22723935,0,0
3.2277392,0,1
3.2282393,0,0
3.22873915,0,1
3.22923925,0,0
3.2297391,0,1
3.2302392,0,0
3.23073905,0,1
3.2312391,0,0
3.23173895,0,1
3.23223905,0,0
3.2327389,0,1
3.233239,0,0
3.2337388,0,1
3.23423885,0,0
3.2347387,0,1
3.23523875,0,0
3.2357386,0,1
3.23623865,0,0
3.23673845,0,1
3.23723855,0,0
3.23773835,0,1
3.2382384,0,0
3.2387382,0,1
3.2392383,0,0
3.2397381,0,1
3.2402382,0,0
3.240738,0,1
3.24123805,0,0
3.24173785,0,1
3.24223795,0,0
3.24273775,0,1
3.2432378,0,0
3.2437376,0,1
3.2442377,0,0
3.24473755,0,1
3.24523765,0,0
3.24573745,0,1
3.24623755,0,0
3.2467374,0,1
3.2472375,0,0
3.24773735,0,1
3.2482374,0,0
3.2487372,0,1
3.2492373,0,0
3.24973715,0,1
3.25023725,0,0
3.250737,0,1
3.25123705,0,0
3.25173685,0,1
3.2522369,0,0
3.25273675,0,1
3.25323685,0,0
3.2537367,0,1
3.25423675,0,0
3.2547366,0,1
3.2552367,0,0
3.2557365,0,1
3.2562366,0,0
3.25673645,0,1
3.25723655,0,0
3.2577364,0,1
3.25823655,0,0
3.2587364,0,1
3.2592365,0,0
3.25973635,0,1
3.2602364,0,0
3.26073625,0,1
3.2612363,0,0
3.26173615,0,1
3.2622363,0,0
3.2627362,0,1
3.2632363,0,0
3.26373615,0,1
3.2642363,0,0
3.26473615,0,1
3.26523625,0,0
3.26573615,0,1
3.26623625,0,0
3.26673615,0,1
3.26723625,0,0
3.2677361,0,1
3.26823625,0,0
3.26873605,0,1
3.26923615,0,0
3.26973595,0,1
3.27023605,0,0
3.2707359,0,1
3.27123605,0,0
3.27173595,0,1
3.27223605,0,0
3.2727359,0,1
3.273236,0,0
3.27373585,0,1
3.27423595,0,0
3.27473585,0,1
3.275236,0,0
3.27573585,0,1
3.276236,0,0
3.27673585,0,1
3.27723605,0,0
3.2777359,0,1
3.278236,0,0
3.2787359,0,1
3.279236,0,0
3.27973585,0,1
3.28023595,0,0
3.28073575,0,1
3.2812358,0,0
3.2817357,0,1
3.2822358,0,0
3.28273565,0,1
3.28323575,0,0
3.2837356,0,1
3.2842357,0,0
3.28473555,0,1
3.28523565,0,0
3.28573545,0,1
3.2862356,0,0
3.2867354,0,1
3.2872355,0,0
3.28773535,0,1
3.28823545,0,0
3.2887353,0,1
3.28923545,0,0
3.2897353,0,1
3.2902354,0,0
3.29073525,0,1
3.29123535,0,0
3.29173515,0,1
3.29223525,0,0
3.2927351,0,1
3.2932352,0,0
3.2937351,0,1
3.2942352,0,0
3.29473505,0,1
3.2952352,0,0
3.29573505,0,1
3.2962352,0,0
3.29673505,0,1
3.29723515,0,0
3.297735,0,1
3.2982351,0,0
3.29873495,0,1
3.29923505,0,0
3.29973495,0,1
3.30023505,0,0
3.3007349,0,1
3.30123495,0,0
3.3017348,0,1
3.3022349,0,0
3.3027347,0,1
3.3032348,0,0
3.3037347,0,1
3.3042348,0,0
3.30473465,0,1
3.30523475,0,0
3.30573455,0,1
3.3062347,0,0
3.3067346,0,1
3.3072347,0,0
3.30773465,0,1
3.3082348,0,0
3.30873475,0,1
3.30923485,0,0
3.30973475,0,1
3.3102349,0,0
3.3107348,0,1
3.31123495,0,0
3.3117348,0,1
3.31223495,0,0
3.31273485,0,1
3.313235,0,0
3.3137349,0,1
3.31423505,0,0
3.31473495,0,1
3.3152351,0,0
3.315735,0,1
3.3162351,0,0
3.31673495,0,1
3.3172351,0,0
3.31773495,0,1
3.318235,0,0
3.31873485,0,1
3.3192349,0,0
3.3197348,0,1
3.3202349,0,0
3.32073475,0,1
3.3212349,0,0
3.3217347,0,1
3.3222348,0,0
3.32273465,0,1
3.32323475,0,0
3.32373465,0,1
3.32423475,0,0
3.3247346,0,1
3.32523475,0,0
3.3257347,0,1
3.3262348,0,0
3.3267347,0,1
3.32723485,0,0
3.32773475,0,1
3.3282349,0,0
3.3287348,0,1
3.3292349,0,0
3.32973475,0,1
3.3302349,0,0
3.33073475,0,1
3.33123485,0,0
3.3317347,0,1
3.33223485,0,0
3.33273465,0,1
3.33323475,0,0
3.33373455,0,1
3.33423465,0,0
3.3347345,0,1
3.3352346,0,0
3.33573445,0,1
3.33623455,0,0
3.33673435,0,1
3.3372344,0,0
3.33773425,0,1
3.33823435,0,0
3.3387342,0,1
3.33923425,0,0
3.33973415,0,1
3.3402342,0,0
3.34073405,0,1
3.3412341,0,0
3.3417339,0,1
3.34223395,0,0
3.34273375,0,1
3.34323375,0,0
3.3437336,0,1
3.3442337,0,0
3.34473355,0,1
3.3452336,0,0
3.3457334,0,1
3.34623345,0,0
3.3467333,0,1
3.3472334,0,0
3.34773325,0,1
3.34823335,0,0
3.34873315,0,1
3.34923325,0,0
3.3497331,0,1
3.3502332,0,0
3.35073305,0,1
3.35123315,0,0
3.351733,0,1
3.35223305,0,0
3.3527329,0,1
3.353233,0,0
3.35373285,0,1
3.35423295,0,0
3.3547328,0,1
3.35523285,0,0
3.3557327,0,1
3.35623275,0,0
3.3567326,0,1
3.35723265,0,0
3.35773245,0,1
3.3582325,0,0
3.35873235,0,1
3.35923245,0,0
3.35973225,0,1
3.3602323,0,0
3.36073215,0,1
3.3612322,0,0
3.361732,0,1
3.36223215,0,0
3.362732,0,1
3.3632321,0,0
3.36373195,0,1
3.36423205,0,0
3.36473185,0,1
3.3652319,0,0
3.3657317,0,1
3.3662318,0,0
3.3667316,0,1
3.3672317,0,0
3.3677315,0,1
3.3682316,0,0
3.36873145,0,1
3.36923155,0,0
3.3697314,0,1
3.3702315,0,0
3.3707313,0,1
3.37123145,0,0
3.3717313,0,1
3.3722314,0,0
3.3727313,0,1
3.3732314,0,0
3.37373125,0,1
3.37423135,0,0
3.3747312,0,1
3.3752313,0,0
3.3757311,0,1
3.37623115,0,0
3.37673095,0,1
3.37723105,0,0
3.37773085,0,1
3.37823085,0,0
3.37873065,0,1
3.3792307,0,0
3.3797305,0,1
3.3802306,0,0
3.3807304,0,1
3.38123045,0,0
3.3817303,0,1
3.38223035,0,0
3.3827301,0,1
3.3832301,0,0
3.38372985,0,1
3.3842299,0,0
3.3847297,0,1
3.38522975,0,0
3.38572955,0,1
3.3862296,0,0
3.3867294,0,1
3.3872294,0,0
3.3877292,0,1
3.38822925,0,0
3.38872905,0,1
3.3892291,0,0
3.3897289,0,1
3.39022895,0,0
3.3907287,0,1
3.39122875,0,0
3.39172855,0,1
3.39222855,0,0
3.3927284,0,1
3.39322845,0,0
3.39372825,0,1
3.39422825,0,0
3.39472805,0,1
3.3952281,0,0
3.3957279,0,1
3.396228,0,0
3.39672785,0,1
3.3972279,0,0
3.3977277,0,1
3.39822775,0,0
3.39872755,0,1
3.39922755,0,0
3.3997273,0,1
3.4002273,0,0
3.40072705,0,1
3.4012271,0,0
3.4017269,0,1
3.4022269,0,0
3.40272665,0,1
3.4032267,0,0
3.4037265,0,1
3.40422655,0,0
3.40472635,0,1
3.40522645,0,0
3.4057263,0,1
3.4062264,0,0
3.40672625,0,1
3.4072263,0,0
3.4077261,0,1
3.40822615,0,0
3.40872595,0,1
3.409226,0,0
3.4097258,0,1
3.41022585,0,0
3.41072565,0,1
3.4112257,0,0
3.4117255,0,1
3.41222555,0,0
3.4127253,0,1
3.41322535,0,0
3.4137251,0,1
3.41422515,0,0
3.41472495,0,1
3.415225,0,0
3.41572475,0,1
3.4162248,0,0
3.4167246,0,1
3.41722465,0,0
3.41772445,0,1
3.41822455,0,0
3.41872435,0,1
3.4192243,0,0
3.41972405,0,1
3.42022405,0,0
3.4207238,0,1
3.42122385,0,0
3.42172365,0,1
3.4222237,0,0
3.42272355,0,1
3.4232236,0,0
3.4237234,0,1
3.42422345,0,0
3.42472325,0,1
3.4252233,0,0
3.42572315,0,1
3.4262232,0,0
3.426723,0,1
3.4272231,0,0
3.4277229,0,1
3.42822295,0,0
3.42872275,0,1
3.4292228,0,0
3.4297226,0,1
3.43022265,0,0
3.43072245,0,1
3.43122255,0,0
3.43172235,0,1
3.4322224,0,0
3.43272215,0,1
3.4332222,0,0
3.433722,0,1
3.43422205,0,0
3.43472185,0,1
3.4352219,0,0
3.4357217,0,1
3.4362217,0,0
3.43672145,0,1
3.4372215,0,0
3.4377213,0,1
3.43822135,0,0
3.4387211,0,1
3.4392212,0,0
3.43972095,0,1
3.44022105,0,0
3.4407208,0,1
3.44122085,0,0
3.44172065,0,1
3.44222065,0,0
3.44272045,0,1
3.44322045,0,0
3.44372025,0,1
3.4442203,0,0
3.44472015,0,1
3.44522015,0,0
3.44571995,0,1
3.44621995,0,0
3.44671975,0,1
3.4472198,0,0
3.4477196,0,1
3.4482196,0,0
3.44871945,0,1
3.44921945,0,0
3.4497192,0,1
3.4502192,0,0
3.450719,0,1
3.45121905,0,0
3.45171885,0,1
3.4522189,0,0
3.45271865,0,1
3.45321865,0,0
3.45371845,0,1
3.4542185,0,0
3.45471825,0,1
3.4552183,0,0
3.4557181,0,1
3.4562181,0,0
3.45671795,0,1
3.457218,0,0
3.4577178,0,1
3.45821785,0,0
3.4587176,0,1
3.45921765,0,0
3.45971745,0,1
3.4602175,0,0
3.46071735,0,1
3.46121735,0,0
3.46171715,0,1
3.4622172,0,0
3.46271695,0,1
3.46321705,0,0
3.46371685,0,1
3.4642169,0,0
3.4647167,0,1
3.4652167,0,0
3.4657165,0,1
3.4662165,0,0
3.4667163,0,1
3.46721635,0,0
3.4677161,0,1
3.46821615,0,0
3.4687159,0,1
3.46921595,0,0
3.46971575,0,1
3.4702158,0,0
3.47071555,0,1
3.4712156,0,0
3.4717154,0,1
3.4722154,0,0
3.4727152,0,1
3.47321525,0,0
3.47371505,0,1
3.4742151,0,0
3.4747149,0,1
3.47521495,0,0
3.4757147,0,1
3.47621475,0,0
3.47671455,0,1
3.4772146,0,0
3.47771435,0,1
3.47821435,0,0
3.4787141,0,1
3.4792141,0,0
3.47971385,0,1
3.4802139,0,0
3.48071365,0,1
3.4812137,0,0
3.48171355,0,1
3.48221355,0,0
3.4827134,0,1
3.4832134,0,0
3.4837132,0,1
3.48421325,0,0
3.484713,0,1
3.48521305,0,0
3.48571285,0,1
3.4862129,0,0
3.4867127,0,1
3.48721275,0,0
3.48771255,0,1
3.4882126,0,0
3.48871245,0,1
3.4892125,0,0
3.4897123,0,1
3.4902124,0,0
3.49071225,0,1
3.4912123,0,0
3.4917121,0,1
3.4922122,0,0
3.49271205,0,1
3.49321215,0,0
3.49371195,0,1
3.49421205,0,0
3.49471185,0,1
3.4952119,0,0
3.49571165,0,1
3.49621175,0,0
3.49671155,0,1
3.49721165,0,0
3.49771145,0,1
3.4982115,0,0
3.4987113,0,1
3.4992113,0,0
3.49971105,0,1
3.5002111,0,0
3.5007109,0,1
3.50121095,0,0
3.50171075,0,1
3.5022108,0,0
3.5027106,0,1
3.5032107,0,0
3.5037105,0,1
3.5042106,0,0
3.50471035,0,1
3.50521045,0,0
3.5057103,0,1
3.50621035,0,0
3.5067102,0,1
3.5072102,0,0
3.50771,0,1
3.50821,0,0
3.50870985,0,1
3.5092099,0,0
3.5097097,0,1
3.51020975,0,0
3.51070955,0,1
3.5112096,0,0
3.51170935,0,1
3.5122094,0,0
3.5127092,0,1
3.5132092,0,0
3.513709,0,1
3.5142091,0,0
3.5147089,0,1
3.515209,0,0
3.51570875,0,1
3.5162088,0,0
3.51670865,0,1
3.51720875,0,0
3.51770865,0,1
3.51820875,0,0
3.5187086,0,1
3.5192087,0,0
3.5197085,0,1
3.5202086,0,0
3.5207084,0,1
3.52120845,0,0
3.5217083,0,1
3.52220835,0,0
3.52270815,0,1
3.5232082,0,0
3.523708,0,1
3.52420805,0,0
3.5247079,0,1
3.52520795,0,0
3.52570775,0,1
3.5262078,0,0
3.5267076,0,1
3.52720765,0,0
3.5277075,0,1
3.5282076,0,0
3.5287074,0,1
3.52920745,0,0
3.52970725,0,1
3.5302073,0,0
3.5307071,0,1
3.5312071,0,0
3.53170685,0,1
3.5322069,0,0
3.5327067,0,1
3.53320675,0,0
3.5337066,0,1
3.5342066,0,0
3.53470645,0,1
3.53520655,0,0
3.53570635,0,1
3.5362064,0,0
3.5367062,0,1
3.5372062,0,0
3.537706,0,1
3.53820605,0,0
3.5387059,0,1
3.53920595,0,0
3.53970575,0,1
3.5402058,0,0
3.54070565,0,1
3.54120565,0,0
3.54170545,0,1
3.54220545,0,0
3.54270525,0,1
3.5432052,0,0
3.54370495,0,1
3.544205,0,0
3.5447048,0,1
3.5452048,0,0
3.5457046,0,1
3.54620455,0,0
3.5467043,0,1
3.54720435,0,0
3.5477041,0,1
3.54820415,0,0
3.5487039,0,1
3.54920395,0,0
3.5497037,0,1
3.55020375,0,0
3.55070355,0,1
3.5512036,0,0
3.5517034,0,1
3.5522034,0,0
3.55270315,0,1
3.5532032,0,0
3.553703,0,1
3.554203,0,0
3.5547027,0,1
3.5552027,0,0
3.55570245,0,1
3.5562024,0,0
3.55670215,0,1
3.5572022,0,0
3.557702,0,1
3.558202,0,0
3.55870185,0,1
3.5592019,0,0
3.55970165,0,1
3.5602017,0,0
3.56070155,0,1
3.5612016,0,0
3.5617014,0,1
3.5622014,0,0
3.56270125,0,1
3.56320125,0,0
3.5637011,0,1
3.56420115,0,0
3.56470095,0,1
3.565201,0,0
3.5657008,0,1
3.56620085,0,0
3.56670065,0,1
3.56720065,0,0
3.5677005,0,1
3.5682006,0,0
3.5687004,0,1
3.56920045,0,0
3.56970025,0,1
3.57020025,0,0
3.5707,0,1
3.57120005,0,0
3.57169985,0,1
3.57219985,0,0
3.5726996,0,1
3.57319965,0,0
3.5736994,0,1
3.5741994,0,0
3.5746992,0,1
3.5751992,0,0
3.57569905,0,1
3.5761991,0,0
3.57669885,0,1
3.57719895,0,0
3.57769875,0,1
3.5781988,0,0
3.5786986,0,1
3.5791987,0,0
3.57969845,0,1
3.58019855,0,0
3.58069835,0,1
3.58119845,0,0
3.5816982,0,1
3.58219825,0,0
3.5826981,0,1
3.5831982,0,0
3.58369805,0,1
3.5841981,0,0
3.58469795,0,1
3.585198,0,0
3.58569785,0,1
3.5861979,0,0
3.58669775,0,1
3.5871978,0,0
3.5876976,0,1
3.5881976,0,0
3.58869735,0,1
3.58919735,0,0
3.58969715,0,1
3.5901972,0,0
3.59069695,0,1
3.591197,0,0
3.5916968,0,1
3.5921968,0,0
3.5926966,0,1
3.5931966,0,0
3.59369645,0,1
3.59419655,0,0
3.59469635,0,1
3.59519635,0,0
3.5956962,0,1
3.5961962,0,0
3.596696,0,1
3.59719605,0,0
3.59769595,0,1
3.598196,0,0
3.5986958,0,1
3.59919585,0,0
3.5996957,0,1
3.6001957,0,0
3.6006955,0,1
3.60119555,0,0
3.6016954,0,1
3.60219545,0,0
3.60269525,0,1
3.60319535,0,0
3.60369515,0,1
3.6041953,0,0
3.6046951,0,1
3.60519515,0,0
3.60569495,0,1
3.606195,0,0
3.6066948,0,1
3.60719485,0,0
3.60769465,0,1
3.6081947,0,0
3.6086945,0,1
3.6091946,0,0
3.6096944,0,1
3.61019445,0,0
3.6106943,0,1
3.61119445,0,0
3.6116943,0,1
3.6121944,0,0
3.6126942,0,1
3.6131943,0,0
3.61369415,0,1
3.6141942,0,0
3.61469405,0,1
3.61519415,0,0
3.61569405,0,1
3.61619415,0,0
3.616694,0,1
3.61719405,0,0
3.6176939,0,1
3.61819405,0,0
3.6186939,0,1
3.619194,0,0
3.6196938,0,1
3.62019385,0,0
3.6206937,0,1
3.62119375,0,0
3.6216936,0,1
3.6221937,0,0
3.62269355,0,1
3.6231937,0,0
3.62369355,0,1
3.6241937,0,0
3.6246935,0,1
3.6251936,0,0
3.6256934,0,1
3.62619345,0,0
3.62669325,0,1
3.6271933,0,0
3.6276931,0,1
3.62819315,0,0
3.62869295,0,1
3.629193,0,0
3.6296928,0,1
3.63019285,0,0
3.6306927,0,1
3.63119275,0,0
3.63169255,0,1
3.6321926,0,0
3.63269245,0,1
3.6331925,0,0
3.63369235,0,1
3.63419245,0,0
3.6346923,0,1
3.63519235,0,0
3.63569215,0,1
3.63619225,0,0
3.6366921,0,1
3.6371921,0,0
3.6376919,0,1
3.63819195,0,0
3.63869175,0,1
3.6391918,0,0
3.6396916,0,1
3.64019165,0,0
3.6406914,0,1
3.64119145,0,0
3.6416913,0,1
3.6421914,0,0
3.64269115,0,1
3.64319125,0,0
3.6436911,0,1
3.64419115,0,0
3.644691,0,1
3.6451911,0,0
3.64569095,0,1
3.646191,0,0
3.6466908,0,1
3.6471909,0,0
3.6476907,0,1
3.6481907,0,0
3.6486905,0,1
3.64919055,0,0
3.64969035,0,1
3.6501904,0,0
3.6506902,0,1
3.6511903,0,0
3.6516901,0,1
3.65219015,0,0
3.65269,0,1
3.6531901,0,0
3.65368995,0,1
3.65419,0,0
3.6546899,0,1
3.65518995,0,0
3.6556898,0,1
3.6561899,0,0
3.65668975,0,1
3.65718985,0,0
3.6576897,0,1
3.6581898,0,0
3.6586897,0,1
3.6591898,0,0
3.6596896,0,1
3.6601897,0,0
3.6606895,0,1
3.66118955,0,0
3.66168935,0,1
3.66218935,0,0
3.6626892,0,1
3.66318925,0,0
3.66368905,0,1
3.66418915,0,0
3.66468895,0,1
3.66518905,0,0
3.6656889,0,1
3.66618895,0,0
3.66668875,0,1
3.6671888,0,0
3.66768865,0,1
3.66818865,0,0
3.6686885,0,1
3.6691885,0,0
3.66968825,0,1
3.67018825,0,0
3.67068805,0,1
3.67118815,0,0
3.67168795,0,1
3.672188,0,0
3.67268785,0,1
3.6731879,0,0
3.6736877,0,1
3.67418775,0,0
3.67468755,0,1
3.67518765,0,0
3.67568745,0,1
3.6761875,0,0
3.67668735,0,1
3.6771874,0,0
3.67768725,0,1
3.67818735,0,0
3.6786871,0,1
3.67918715,0,0
3.67968695,0,1
3.68018705,0,0
3.68068685,0,1
3.68118695,0,0
3.68168675,0,1
3.68218685,0,0
3.68268665,0,1
3.6831867,0,0
3.68368655,0,1
3.68418665,0,0
3.68468645,0,1
3.6851865,0,0
3.6856863,0,1
3.68618635,0,0
3.68668615,0,1
3.68718625,0,0
3.6876861,0,1
3.68818615,0,0
3.68868595,0,1
3.68918595,0,0
3.6896857,0,1
3.69018575,0,0
3.6906855,0,1
3.69118555,0,0
3.69168535,0,1
3.69218535,0,0
3.69268505,0,1
3.6931851,0,0
3.69368485,0,1
3.6941849,0,0
3.6946847,0,1
3.69518475,0,0
3.69568455,0,1
3.6961846,0,0
3.6966844,0,1
3.6971844,0,0
3.69768415,0,1
3.6981842,0,0
3.698684,0,1
3.69918405,0,0
3.6996838,0,1
3.7001838,0,0
3.7006836,0,1
3.7011836,0,0
3.70168335,0,1
3.7021834,0,0
3.70268315,0,1
3.70318315,0,0
3.70368295,0,1
3.704183,0,0
3.70468275,0,1
3.70518275,0,0
3.7056825,0,1
3.7061825,0,0
3.7066823,0,1
3.70718235,0,0
3.70768215,0,1
3.7081822,0,0
3.70868195,0,1
3.709182,0,0
3.7096818,0,1
3.71018185,0,0
3.71068165,0,1
3.7111817,0,0
3.71168155,0,1
3.7121816,0,0
3.71268135,0,1
3.7131814,0,0
3.71368115,0,1
3.7141812,0,0
3.714681,0,1
3.715181,0,0
3.7156808,0,1
3.7161808,0,0
3.7166806,0,1
3.71718065,0,0
3.7176805,0,1
3.71818055,0,0
3.71868035,0,1
3.7191804,0,0
3.71968015,0,1
3.7201802,0,0
3.72067995,0,1
3.72117995,0,0
3.7216797,0,1
3.72217975,0,0
3.7226795,0,1
3.7231795,0,0
3.7236793,0,1
3.7241793,0,0
3.72467905,0,1
3.7251791,0,0
3.7256789,0,1
3.72617895,0,0
3.72667875,0,1
3.7271788,0,0
3.7276786,0,1
3.72817865,0,0
3.72867845,0,1
3.72917845,0,0
3.7296782,0,1
3.7301783,0,0
3.73067805,0,1
3.7311781,0,0
3.73167785,0,1
3.7321779,0,0
3.7326777,0,1
3.7331777,0,0
3.73367755,0,1
3.7341776,0,0
3.7346774,0,1
3.7351774,0,0
3.7356772,0,1
3.73617725,0,0
3.73667705,0,1
3.7371771,0,0
3.7376769,0,1
3.73817695,0,0
3.7386768,0,1
3.73917685,0,0
3.7396767,0,1
3.74017675,0,0
3.74067655,0,1
3.7411766,0,0
3.7416764,0,1
3.74217645,0,0
3.7426762,0,1
3.7431762,0,0
3.74367595,0,1
3.74417595,0,0
3.7446757,0,1
3.7451757,0,0
3.74567545,0,1
3.74617545,0,0
3.74667525,0,1
3.7471753,0,0
3.74767505,0,1
3.7481751,0,0
3.74867485,0,1
3.7491749,0,0
3.7496747,0,1
3.75017475,0,0
3.7506746,0,1
3.75117465,0,0
3.7516744,0,1
3.7521745,0,0
3.7526743,0,1
3.7531744,0,0
3.7536742,0,1
3.75417425,0,0
3.754674,0,1
3.75517405,0,0
3.7556738,0,1
3.7561738,0,0
3.75667355,0,1
3.7571736,0,0
3.75767335,0,1
3.7581734,0,0
3.7586732,0,1
3.75917325,0,0
3.75967305,0,1
3.7601731,0,0
3.7606729,0,1
3.7611729,0,0
3.7616727,0,1
3.7621727,0,0
3.7626725,0,1
3.7631725,0,0
3.7636723,0,1
3.7641723,0,0
3.76467205,0,1
3.7651721,0,0
3.76567185,0,1
3.76617195,0,0
3.76667175,0,1
3.7671718,0,0
3.76767165,0,1
3.76817175,0,0
3.7686715,0,1
3.76917155,0,0
3.76967135,0,1
3.77017135,0,0
3.77067115,0,1
3.77117115,0,0
3.77167095,0,1
3.772171,0,0
3.7726708,0,1
3.7731709,0,0
3.7736707,0,1
3.7741707,0,0
3.7746705,0,1
3.77517045,0,0
3.7756702,0,1
3.7761703,0,0
3.7766701,0,1
3.7771701,0,0
3.77766995,0,1
3.77817,0,0
3.77866985,0,1
3.7791699,0,0
3.77966975,0,1
3.78016975,0,0
3.7806696,0,1
3.7811697,0,0
3.7816695,0,1
3.78216955,0,0
3.78266945,0,1
3.7831695,0,0
3.78366935,0,1
3.78416945,0,0
3.7846693,0,1
3.78516945,0,0
3.78566925,0,1
3.7861694,0,0
3.78666925,0,1
3.78716935,0,0
3.78766915,0,1
3.7881692,0,0
3.78866905,0,1
3.78916915,0,0
3.789669,0,1
3.79016905,0,0
3.7906689,0,1
3.79116895,0,0
3.79166875,0,1
3.79216885,0,0
3.79266865,0,1
3.7931687,0,0
3.79366855,0,1
3.7941686,0,0
3.79466845,0,1
3.7951685,0,0
3.79566835,0,1
3.79616845,0,0
3.79666825,0,1
3.79716835,0,0
3.79766815,0,1
3.79816825,0,0
3.79866805,0,1
3.79916815,0,0
3.7996679,0,1
3.8001679,0,0
3.80066775,0,1
3.80116785,0,0
3.80166765,0,1
3.80216775,0,0
3.80266755,0,1
3.8031676,0,0
3.8036674,0,1
3.8041675,0,0
3.80466735,0,1
3.80516745,0,0
3.80566735,0,1
3.80616745,0,0
3.80666725,0,1
3.8071673,0,0
3.8076671,0,1
3.8081672,0,0
3.80866705,0,1
3.80916715,0,0
3.809667,0,1
3.8101671,0,0
3.8106669,0,1
3.811167,0,0
3.81166685,0,1
3.81216695,0,0
3.8126668,0,1
3.81316685,0,0
3.8136667,0,1
3.8141668,0,0
3.8146666,0,1
3.8151667,0,0
3.81566655,0,1
3.81616665,0,0
3.8166665,0,1
3.81716665,0,0
3.81766655,0,1
3.81816665,0,0
3.8186665,0,1
3.8191666,0,0
3.8196664,0,1
3.8201665,0,0
3.82066635,0,1
3.8211664,0,0
3.8216663,0,1
3.8221664,0,0
3.82266625,0,1
3.8231663,0,0
3.82366615,0,1
3.8241662,0,0
3.82466605,0,1
3.8251661,0,0
3.82566595,0,1
3.82616595,0,0
3.82666575,0,1
3.82716585,0,0
3.82766565,0,1
3.8281657,0,0
3.8286655,0,1
3.82916555,0,0
3.8296654,0,1
3.83016545,0,0
3.83066525,0,1
3.83116525,0,0
3.83166505,0,1
3.83216505,0,0
3.83266485,0,1
3.8331649,0,0
3.83366465,0,1
3.8341647,0,0
3.8346645,0,1
3.83516455,0,0
3.83566435,0,1
3.8361644,0,0
3.8366642,0,1
3.8371643,0,0
3.83766415,0,1
3.83816415,0,0
3.83866395,0,1
3.83916405,0,0
3.83966385,0,1
3.84016395,0,0
3.8406638,0,1
3.84116385,0,0
3.8416637,0,1
3.8421637,0,0
3.84266345,0,1
3.8431635,0,0
3.8436633,0,1
3.84416335,0,0
3.8446632,0,1
3.84516325,0,0
3.84566305,0,1
3.8461631,0,0
3.84666295,0,1
3.84716295,0,0
3.8476628,0,1
3.84816285,0,0
3.8486627,0,1
3.84916275,0,0
3.8496626,0,1
3.85016265,0,0
3.8506625,0,1
3.85116255,0,0
3.85166235,0,1
3.8521624,0,0
3.8526622,0,1
3.85316225,0,0
3.85366205,0,1
3.8541621,0,0
3.8546619,0,1
3.85516195,0,0
3.8556618,0,1
3.85616195,0,0
3.85666175,0,1
3.85716185,0,0
3.85766165,0,1
3.85816165,0,0
3.85866145,0,1
3.8591614,0,0
3.85966125,0,1
3.86016125,0,0
3.86066105,0,1
3.86116105,0,0
3.8616608,0,1
3.8621608,0,0
3.8626606,0,1
3.86316065,0,0
3.8636604,0,1
3.8641604,0,0
3.86466015,0,1
3.86516015,0,0
3.8656599,0,1
3.8661599,0,0
3.86665965,0,1
3.8671597,0,0
3.8676594,0,1
3.86815935,0,0
3.8686591,0,1
3.8691591,0,0
3.86965885,0,1
3.8701588,0,0
3.87065855,0,1
3.87115865,0,0
3.8716584,0,1
3.8721585,0,0
3.8726583,0,1
3.87315835,0,0
3.87365815,0,1
3.8741582,0,0
3.87465805,0,1
3.87515805,0,0
3.8756578,0,1
3.8761579,0,0
3.8766577,0,1
3.87715775,0,0
3.87765755,0,1
3.8781576,0,0
3.8786574,0,1
3.87915745,0,0
3.8796573,0,1
3.88015735,0,0
3.8806572,0,1
3.88115725,0,0
3.8816571,0,1
3.8821571,0,0
3.8826569,0,1
3.8831569,0,0
3.8836567,0,1
3.88415675,0,0
3.88465655,0,1
3.8851566,0,0
3.8856564,0,1
3.8861564,0,0
3.88665615,0,1
3.88715615,0,0
3.8876559,0,1
3.88815595,0,0
3.8886557,0,1
3.88915575,0,0
3.88965555,0,1
3.8901556,0,0
3.8906554,0,1
3.89115545,0,0
3.89165525,0,1
3.8921553,0,0
3.89265505,0,1
3.89315505,0,0
3.89365485,0,1
3.89415485,0,0
3.8946547,0,1
3.8951547,0,0
3.8956545,0,1
3.8961545,0,0
3.89665425,0,1
3.8971542,0,0
3.89765405,0,1
3.8981541,0,0
3.8986539,0,1
3.89915395,0,0
3.89965375,0,1
3.9001538,0,0
3.9006536,0,1
3.90115365,0,0
3.9016534,0,1
3.90215345,0,0
3.9026532,0,1
3.9031533,0,0
3.9036531,0,1
3.9041532,0,0
3.90465305,0,1
3.9051531,0,0
3.9056529,0,1
3.90615295,0,0
3.90665275,0,1
3.90715285,0,0
3.90765265,0,1
3.90815275,0,0
3.90865255,0,1
3.9091526,0,0
3.90965245,0,1
3.9101525,0,0
3.9106523,0,1
3.91115235,0,0
3.91165215,0,1
3.91215225,0,0
3.91265205,0,1
3.91315215,0,0
3.913652,0,1
3.91415205,0,0
3.91465185,0,1
3.91515195,0,0
3.9156518,0,1
3.9161519,0,0
3.9166518,0,1
3.9171519,0,0
3.91765175,0,1
3.91815185,0,0
3.9186517,0,1
3.91915175,0,0
3.9196516,0,1
3.92015175,0,0
3.92065165,0,1
3.9211517,0,0
3.92165155,0,1
3.9221516,0,0
3.9226514,0,1
3.92315145,0,0
3.9236513,0,1
3.92415135,0,0
3.92465115,0,1
3.9251512,0,0
3.925651,0,1
3.926151,0,0
3.92665075,0,1
3.92715085,0,0
3.9276507,0,1
3.92815075,0,0
3.9286506,0,1
3.92915065,0,0
3.92965045,0,1
3.93015055,0,0
3.93065035,0,1
3.93115035,0,0
3.93165015,0,1
3.93215015,0,0
3.9326499,0,1
3.93314995,0,0
3.93364975,0,1
3.9341498,0,0
3.93464955,0,1
3.9351496,0,0
3.9356494,0,1
3.93614945,0,0
3.9366492,0,1
3.93714925,0,0
3.93764905,0,1
3.93814905,0,0
3.93864885,0,1
3.9391489,0,0
3.9396487,0,1
3.9401487,0,0
3.9406485,0,1
3.9411485,0,0
3.94164825,0,1
3.9421483,0,0
3.94264805,0,1
3.94314805,0,0
3.9436478,0,1
3.9441478,0,0
3.94464755,0,1
3.9451476,0,0
3.94564735,0,1
3.9461474,0,0
3.9466472,0,1
3.9471472,0,0
3.947647,0,1
3.94814705,0,0
3.9486469,0,1
3.94914695,0,0
3.9496467,0,1
3.9501468,0,0
3.95064655,0,1
3.95114665,0,0
3.95164645,0,1
3.9521465,0,0
3.9526463,0,1
3.95314635,0,0
3.9536461,0,1
3.95414615,0,0
3.95464595,0,1
3.95514595,0,0
3.9556457,0,1
3.95614575,0,0
3.9566455,0,1
3.95714555,0,0
3.95764535,0,1
3.9581453,0,0
3.95864505,0,1
3.9591451,0,0
3.95964485,0,1
3.96014485,0,0
3.9606446,0,1
3.96114465,0,0
3.96164445,0,1
3.96214455,0,0
3.96264435,0,1
3.9631444,0,0
3.9636442,0,1
3.9641443,0,0
3.9646441,0,1
3.9651441,0,0
3.96564395,0,1
3.9661441,0,0
3.96664395,0,1
3.9671441,0,0
3.9676439,0,1
3.968144,0,0
3.96864385,0,1
3.96914395,0,0
3.9696438,0,1
3.97014395,0,0
3.9706438,0,1
3.97114395,0,0
3.97164385,0,1
3.972144,0,0
3.9726439,0,1
3.97314405,0,0
3.97364395,0,1
3.9741441,0,0
3.974644,0,1
3.97514415,0,0
3.97564405,0,1
3.97614415,0,0
3.976644,0,1
3.9771441,0,0
3.97764395,0,1
3.97814405,0,0
3.97864395,0,1
3.979144,0,0
3.9796439,0,1
3.98014395,0,0
3.9806438,0,1
3.9811439,0,0
3.9816437,0,1
3.9821438,0,0
3.98264365,0,1
3.9831438,0,0
3.98364365,0,1
3.98414375,0,0
3.98464355,0,1
3.9851437,0,0
3.98564355,0,1
3.9861436,0,0
3.9866434,0,1
3.98714345,0,0
3.98764325,0,1
3.9881433,0,0
3.9886431,0,1
3.9891432,0,0
3.989643,0,1
3.99014305,0,0
3.99064285,0,1
3.99114295,0,0
3.99164275,0,1
3.9921428,0,0
3.99264265,0,1
3.9931427,0,0
3.99364255,0,1
3.9941426,0,0
3.9946424,0,1
3.9951424,0,0
3.99564225,0,1
3.9961423,0,0
3.99664215,0,1
3.9971422,0,0
3.99764205,0,1
3.99814215,0,0
3.998642,0,1
3.9991421,0,0
3.99964195,0,1
4.00014205,0,0
4.00064185,0,1
4.00114195,0,0
4.00164175,0,1
4.00214175,0,0
4.0026416,0,1
4.0031417,0,0
4.00364155,0,1
4.00414165,0,0
4.0046415,0,1
4.00514155,0,0
4.0056414,0,1
4.0061414,0,0
4.00664125,0,1
4.0071414,0,0
4.00764125,0,1
4.0081413,0,0
4.0086411,0,1
4.0091411,0,0
4.00964095,0,1
4.010141,0,0
4.0106408,0,1
4.0111408,0,0
4.01164065,0,1
4.0121408,0,0
4.01264065,0,1
4.0131407,0,0
4.0136405,0,1
4.0141406,0,0
4.01464045,0,1
4.0151405,0,0
4.0156404,0,1
4.0161405,0,0
4.0166404,0,1
4.01714045,0,0
4.01764035,0,1
4.01814045,0,0
4.0186403,0,1
4.01914035,0,0
4.0196402,0,1
4.02014035,0,0
4.0206402,0,1
4.0211403,0,0
4.0216402,0,1
4.02214035,0,0
4.0226402,0,1
4.02314035,0,0
4.02364025,0,1
4.02414025,0,0
4.0246401,0,1
4.0251402,0,0
4.02564005,0,1
4.02614015,0,0
4.02664,0,1
4.02714005,0,0
4.02763985,0,1
4.0281399,0,0
4.0286398,0,1
4.0291398,0,0
4.02963965,0,1
4.0301397,0,0
4.03063955,0,1
4.0311396,0,0
4.03163945,0,1
4.0321395,0,0
4.0326393,0,1
4.03313935,0,0
4.0336392,0,1
4.0341393,0,0
4.0346391,0,1
4.03513915,0,0
4.03563895,0,1
4.03613905,0,0
4.03663885,0,1
4.0371389,0,0
4.03763875,0,1
4.0381388,0,0
4.03863865,0,1
4.0391387,0,0
4.0396384,0,1
4.0401384,0,0
4.0406381,0,1
4.0411381,0,0
4.0416378,0,1
4.04213775,0,0
4.0426375,0,1
4.04313755,0,0
4.0436373,0,1
4.0441373,0,0
4.0446371,0,1
4.04513715,0,0
4.04563695,0,1
4.046137,0,0
4.04663675,0,1
4.0471368,0,0
4.0476366,0,1
4.04813665,0,0
4.0486365,0,1
4.04913655,0,0
4.04963635,0,1
4.05013645,0,0
4.05063625,0,1
4.05113635,0,0
4.05163615,0,1
4.05213625,0,0
4.0526361,0,1
4.0531362,0,0
4.053636,0,1
4.0541361,0,0
4.05463595,0,1
4.055136,0,0
4.05563585,0,1
4.0561359,0,0
4.05663575,0,1
4.0571358,0,0
4.0576356,0,1
4.0581356,0,0
4.05863535,0,1
4.05913535,0,0
4.05963515,0,1
4.0601352,0,0
4.06063495,0,1
4.06113505,0,0
4.0616348,0,1
4.06213485,0,0
4.06263465,0,1
4.0631347,0,0
4.0636345,0,1
4.06413455,0,0
4.0646344,0,1
4.0651345,0,0
4.06563435,0,1
4.06613445,0,0
4.0666343,0,1
4.06713435,0,0
4.0676342,0,1
4.0681343,0,0
4.0686341,0,1
4.0691342,0,0
4.06963405,0,1
4.0701341,0,0
4.0706339,0,1
4.071134,0,0
4.0716338,0,1
4.0721338,0,0
4.07263365,0,1
4.0731337,0,0
4.07363355,0,1
4.07413365,0,0
4.07463345,0,1
4.0751335,0,0
4.07563335,0,1
4.0761334,0,0
4.07663325,0,1
4.0771333,0,0
4.0776331,0,1
4.07813315,0,0
4.07863295,0,1
4.07913305,0,0
4.07963285,0,1
4.0801329,0,0
4.08063275,0,1
4.08113275,0,0
4.0816326,0,1
4.08213265,0,0
4.08263245,0,1
4.0831325,0,0
4.0836323,0,1
4.08413235,0,0
4.08463215,0,1
4.0851322,0,0
4.08563205,0,1
4.0861321,0,0
4.08663195,0,1
4.087132,0,0
4.08763185,0,1
4.08813185,0,0
4.0886317,0,1
4.08913175,0,0
4.0896316,0,1
4.09013165,0,0
4.0906315,0,1
4.0911316,0,0
4.0916314,0,1
4.0921315,0,0
4.09263125,0,1
4.0931313,0,0
4.09363105,0,1
4.0941311,0,0
4.0946309,0,1
4.0951309,0,0
4.0956307,0,1
4.0961307,0,0
4.0966305,0,1
4.0971305,0,0
4.09763025,0,1
4.0981302,0,0
4.09863,0,1
4.09913005,0,0
4.09962985,0,1
4.1001299,0,0
4.1006297,0,1
4.10112975,0,0
4.10162955,0,1
4.10212965,0,0
4.10262945,0,1
4.10312955,0,0
4.1036294,0,1
4.1041295,0,0
4.10462935,0,1
4.10512945,0,0
4.1056293,0,1
4.10612935,0,0
4.1066292,0,1
4.1071293,0,0
4.10762915,0,1
4.10812925,0,0
4.10862905,0,1
4.1091291,0,0
4.10962895,0,1
4.110129,0,0
4.11062885,0,1
4.1111289,0,0
4.1116288,0,1
4.1121289,0,0
4.11262875,0,1
4.11312885,0,0
4.1136287,0,1
4.1141288,0,0
4.1146286,0,1
4.11512865,0,0
4.1156284,0,1
4.11612845,0,0
4.11662825,0,1
4.1171283,0,0
4.1176281,0,1
4.11812815,0,0
4.118628,0,1
4.11912805,0,0
4.1196278,0,1
4.1201279,0,0
4.12062765,0,1
4.1211277,0,0
4.1216275,0,1
4.1221275,0,0
4.1226273,0,1
4.1231273,0,0
4.1236271,0,1
4.12412715,0,0
4.12462695,0,1
4.1251269,0,0
4.1256267,0,1
4.1261267,0,0
4.12662645,0,1
4.1271265,0,0
4.12762625,0,1
4.1281263,0,0
4.1286261,0,1
4.12912615,0,0
4.12962595,0,1
4.13012595,0,0
4.13062575,0,1
4.1311258,0,0
4.13162555,0,1
4.1321256,0,0
4.1326254,0,1
4.13312545,0,0
4.13362535,0,1
4.1341254,0,0
4.13462525,0,1
4.1351253,0,0
4.1356251,0,1
4.13612515,0,0
4.136625,0,1
4.13712505,0,0
4.13762485,0,1
4.13812495,0,0
4.13862475,0,1
4.1391248,0,0
4.1396246,0,1
4.14012465,0,0
4.14062445,0,1
4.1411245,0,0
4.1416243,0,1
4.14212435,0,0
4.14262415,0,1
4.1431242,0,0
4.143624,0,1
4.1441241,0,0
4.1446239,0,1
4.14512395,0,0
4.1456237,0,1
4.14612375,0,0
4.14662355,0,1
4.1471236,0,0
4.14762345,0,1
4.1481235,0,0
4.1486233,0,1
4.14912335,0,0
4.14962315,0,1
4.1501232,0,0
4.15062305,0,1
4.1511231,0,0
4.1516229,0,1
4.15212295,0,0
4.15262275,0,1
4.1531228,0,0
4.15362265,0,1
4.15412275,0,0
4.1546226,0,1
4.1551227,0,0
4.15562255,0,1
4.1561226,0,0
4.15662245,0,1
4.1571225,0,0
4.15762225,0,1
4.1581223,0,0
4.1586221,0,1
4.15912215,0,0
4.159622,0,1
4.16012205,0,0
4.16062185,0,1
4.16112195,0,0
4.16162175,0,1
4.1621218,0,0
4.1626216,0,1
4.1631216,0,0
4.1636214,0,1
4.16412145,0,0
4.16462125,0,1
4.1651213,0,0
4.1656211,0,1
4.1661211,0,0
4.1666209,0,1
4.1671209,0,0
4.1676207,0,1
4.16812075,0,0
4.1686205,0,1
4.16912055,0,0
4.1696204,0,1
4.1701204,0,0
4.1706202,0,1
4.17112025,0,0
4.17162005,0,1
4.17212015,0,0
4.17261995,0,1
4.17312005,0,0
4.17361985,0,1
4.1741199,0,0
4.1746197,0,1
4.1751198,0,0
4.1756196,0,1
4.1761197,0,0
4.1766195,0,1
4.17711955,0,0
4.1776193,0,1
4.17811935,0,0
4.1786192,0,1
4.1791192,0,0
4.17961905,0,1
4.1801191,0,0
4.1806189,0,1
4.181119,0,0
4.1816188,0,1
4.1821188,0,0
4.1826186,0,1
4.18311865,0,0
4.1836184,0,1
4.1841185,0,0
4.1846183,0,1
4.18511835,0,0
4.18561815,0,1
4.1861182,0,0
4.18661795,0,1
4.187118,0,0
4.1876178,0,1
4.1881179,0,0
4.1886177,0,1
4.18911775,0,0
4.18961755,0,1
4.1901176,0,0
4.1906174,0,1
4.19111745,0,0
4.19161725,0,1
4.1921173,0,0
4.1926171,0,1
4.1931171,0,0
4.19361695,0,1
4.194117,0,0
4.1946168,0,1
4.19511685,0,0
4.19561665,0,1
4.1961167,0,0
4.1966165,0,1
4.1971166,0,0
4.19761645,0,1
4.1981165,0,0
4.1986163,0,1
4.19911635,0,0
4.19961615,0,1
4.2001162,0,0
4.200616,0,1
4.20111605,0,0
4.2016158,0,1
4.20211585,0,0
4.2026156,0,1
4.2031157,0,0
4.2036156,0,1
4.2041157,0,0
4.2046156,0,1
4.2051157,0,0
4.20561555,0,1
4.2061157,0,0
4.20661555,0,1
4.20711565,0,0
4.20761545,0,1
4.20811555,0,0
4.2086154,0,1
4.20911555,0,0
4.20961545,0,1
4.21011555,0,0
4.2106154,0,1
4.2111155,0,0
4.21161535,0,1
4.2121154,0,0
4.2126152,0,1
4.21311525,0,0
4.21361515,0,1
4.21411525,0,0
4.21461505,0,1
4.21511515,0,0
4.2156149,0,1
4.216115,0,0
4.21661485,0,1
4.2171149,0,0
4.2176147,0,1
4.2181148,0,0
4.21861465,0,1
4.21911475,0,0
4.2196146,0,1
4.22011465,0,0
4.2206145,0,1
4.22111455,0,0
4.22161435,0,1
4.22211445,0,0
4.22261425,0,1
4.22311435,0,0
4.22361415,0,1
4.2241142,0,0
4.224614,0,1
4.22511405,0,0
4.22561385,0,1
4.2261139,0,0
4.22661375,0,1
4.22711385,0,0
4.2276137,0,1
4.22811385,0,0
4.2286137,0,1
4.22911385,0,0
4.2296137,0,1
4.23011385,0,0
4.2306137,0,1
4.23111385,0,0
4.2316137,0,1
4.23211375,0,0
4.2326136,0,1
4.2331137,0,0
4.2336135,0,1
4.2341136,0,0
4.2346134,0,1
4.23511345,0,0
4.23561325,0,1
4.23611335,0,0
4.2366132,0,1
4.2371133,0,0
4.2376131,0,1
4.2381132,0,0
4.23861305,0,1
4.2391131,0,0
4.239613,0,1
4.2401131,0,0
4.24061295,0,1
4.241113,0,0
4.2416128,0,1
4.2421128,0,0
4.2426126,0,1
4.24311255,0,0
4.24361235,0,1
4.2441124,0,0
4.2446122,0,1
4.24511225,0,0
4.24561205,0,1
4.2461121,0,0
4.24661185,0,1
4.2471119,0,0
4.2476117,0,1
4.24811175,0,0
4.24861155,0,1
4.2491116,0,0
4.2496114,0,1
4.2501115,0,0
4.2506113,0,1
4.2511114,0,0
4.25161125,0,1
4.2521113,0,0
4.25261115,0,1
4.25311125,0,0
4.2536111,0,1
4.25411115,0,0
4.25461095,0,1
4.25511105,0,0
4.2556109,0,1
4.256111,0,0
4.25661085,0,1
4.25711095,0,0
4.25761075,0,1
4.2581108,0,0
4.2586106,0,1
4.2591107,0,0
4.25961055,0,1
4.2601107,0,0
4.2606106,0,1
4.2611107,0,0
4.2616105,0,1
4.26211055,0,0
4.26261045,0,1
4.2631105,0,0
4.26361035,0,1
4.26411045,0,0
4.26461025,0,1
4.2651103,0,0
4.2656101,0,1
4.26611015,0,0
4.26660995,0,1
4.26711005,0,0
4.26760985,0,1
4.26810995,0,0
4.26860985,0,1
4.26910995,0,0
4.26960975,0,1
4.27010985,0,0
4.27060965,0,1
4.27110975,0,0
4.27160955,0,1
4.27210965,0,0
4.27260945,0,1
4.2731095,0,0
4.27360935,0,1
4.2741094,0,0
4.27460925,0,1
4.2751094,0,0
4.27560925,0,1
4.27610935,0,0
4.27660915,0,1
4.2771092,0,0
4.27760905,0,1
4.27810915,0,0
4.278609,0,1
4.27910915,0,0
4.27960895,0,1
4.28010905,0,0
4.2806089,0,1
4.281109,0,0
4.28160885,0,1
4.28210895,0,0
4.2826088,0,1
4.2831089,0,0
4.2836087,0,1
4.28410875,0,0
4.28460855,0,1
4.2851086,0,0
4.2856084,0,1
4.2861084,0,0
4.2866082,0,1
4.2871082,0,0
4.2876079,0,1
4.28810795,0,0
4.28860765,0,1
4.2891077,0,0
4.2896075,0,1
4.29010755,0,0
4.29060735,0,1
4.29110735,0,0
4.29160715,0,1
4.29210715,0,0
4.29260695,0,1
4.29310695,0,0
4.2936067,0,1
4.29410665,0,0
4.29460645,0,1
4.29510645,0,0
4.29560625,0,1
4.29610625,0,0
4.296606,0,1
4.297106,0,0
4.29760575,0,1
4.29810575,0,0
4.2986055,0,1
4.29910555,0,0
4.2996053,0,1
4.3001053,0,0
4.30060505,0,1
4.3011051,0,0
4.30160485,0,1
4.30210485,0,0
4.30260465,0,1
4.30310465,0,0
4.30360445,0,1
4.3041045,0,0
4.3046043,0,1
4.3051044,0,0
4.3056042,0,1
4.3061042,0,0
4.306604,0,1
4.30710405,0,0
4.30760385,0,1
4.30810395,0,0
4.30860375,0,1
4.3091037,0,0
4.30960345,0,1
4.3101034,0,0
4.3106031,0,1
4.31110315,0,0
4.311603,0,1
4.31210305,0,0
4.3126029,0,1
4.3131029,0,0
4.3136027,0,1
4.3141028,0,0
4.3146026,0,1
4.3151027,0,0
4.31560255,0,1
4.3161026,0,0
4.31660245,0,1
4.3171025,0,0
4.31760235,0,1
4.31810245,0,0
4.31860225,0,1
4.31910235,0,0
4.3196021,0,1
4.32010215,0,0
4.32060195,0,1
4.321102,0,0
4.32160185,0,1
4.32210195,0,0
4.32260175,0,1
4.3231018,0,0
4.3236016,0,1
4.3241016,0,0
4.32460145,0,1
4.3251015,0,0
4.3256013,0,1
4.32610135,0,0
4.3266012,0,1
4.32710125,0,0
4.32760105,0,1
4.3281011,0,0
4.3286009,0,1
4.3291009,0,0
4.3296007,0,1
4.3301007,0,0
4.3306005,0,1
4.33110055,0,0
4.33160035,0,1
4.33210035,0,0
4.33260015,0,1
4.3331002,0,0
4.33359995,0,1
4.33409995,0,0
4.33459975,0,1
4.33509975,0,0
4.33559955,0,1
4.3360996,0,0
4.33659935,0,1
4.3370994,0,0
4.3375992,0,1
4.33809925,0,0
4.33859905,0,1
4.3390991,0,0
4.33959885,0,1
4.34009885,0,0
4.3405986,0,1
4.34109865,0,0
4.34159845,0,1
4.34209845,0,0
4.34259825,0,1
4.3430983,0,0
4.3435981,0,1
4.34409815,0,0
4.344598,0,1
4.34509805,0,0
4.3455979,0,1
4.34609795,0,0
4.34659775,0,1
4.3470978,0,0
4.3475976,0,1
4.34809765,0,0
4.34859745,0,1
4.3490975,0,0
4.3495973,0,1
4.3500973,0,0
4.3505971,0,1
4.3510971,0,0
4.3515969,0,1
4.35209695,0,0
4.35259675,0,1
4.3530968,0,0
4.3535966,0,1
4.35409665,0,0
4.35459645,0,1
4.35509645,0,0
4.35559625,0,1
4.35609625,0,0
4.3565961,0,1
4.3570961,0,0
4.35759585,0,1
4.3580959,0,0
4.3585956,0,1
4.3590956,0,0
4.3595954,0,1
4.36009545,0,0
4.3605952,0,1
4.3610953,0,0
4.36159505,0,1
4.36209505,0,0
4.3625948,0,1
4.36309485,0,0
4.3635946,0,1
4.3640946,0,0
4.3645944,0,1
4.3650944,0,0
4.3655942,0,1
4.36609425,0,0
4.366594,0,1
4.36709405,0,0
4.36759385,0,1
4.3680939,0,0
4.3685937,0,1
4.36909375,0,0
4.36959355,0,1
4.3700935,0,0
4.3705933,0,1
4.37109335,0,0
4.37159315,0,1
4.3720932,0,0
4.372593,0,1
4.37309305,0,0
4.37359275,0,1
4.3740928,0,0
4.3745926,0,1
4.37509265,0,0
4.37559245,0,1
4.3760925,0,0
4.3765923,0,1
4.37709235,0,0
4.37759215,0,1
4.37809215,0,0
4.3785919,0,1
4.3790919,0,0
4.3795917,0,1
4.38009175,0,0
4.38059155,0,1
4.38109155,0,0
4.38159125,0,1
4.38209125,0,0
4.382591,0,1
4.383091,0,0
4.38359075,0,1
4.3840908,0,0
4.3845905,0,1
4.3850905,0,0
4.3855903,0,1
4.38609035,0,0
4.3865901,0,1
4.38709015,0,0
4.38758995,0,1
4.38808995,0,0
4.38858975,0,1
4.3890897,0,0
4.38958945,0,1
4.39008945,0,0
4.3905892,0,1
4.3910892,0,0
4.391589,0,1
4.392089,0,0
4.39258875,0,1
4.3930888,0,0
4.3935886,0,1
4.3940886,0,0
4.39458845,0,1
4.39508845,0,0
4.39558825,0,1
4.3960883,0,0
4.3965881,0,1
4.3970882,0,0
4.39758805,0,1
4.3980881,0,0
4.3985879,0,1
4.39908795,0,0
4.3995878,0,1
4.4000879,0,0
4.4005877,0,1
4.40108775,0,0
4.4015876,0,1
4.40208765,0,0
4.40258745,0,1
4.40308755,0,0
4.4035874,0,1
4.40408745,0,0
4.4045872,0,1
4.40508725,0,0
4.405587,0,1
4.40608705,0,0
4.4065868,0,1
4.40708685,0,0
4.4075867,0,1
4.40808675,0,0
4.4085865,0,1
4.40908655,0,0
4.40958635,0,1
4.4100864,0,0
4.4105862,0,1
4.41108625,0,0
4.41158605,0,1
4.4120861,0,0
4.4125859,0,1
4.4130859,0,0
4.4135857,0,1
4.4140857,0,0
4.41458545,0,1
4.4150855,0,0
4.41558535,0,1
4.4160854,0,0
4.4165852,0,1
4.4170852,0,0
4.417585,0,1
4.41808505,0,0
4.4185848,0,1
4.4190848,0,0
4.4195846,0,1
4.4200846,0,0
4.4205844,0,1
4.42108445,0,0
4.42158425,0,1
4.4220843,0,0
4.4225841,0,1
4.42308415,0,0
4.42358395,0,1
4.424084,0,0
4.4245838,0,1
4.42508385,0,0
4.4255836,0,1
4.42608365,0,0
4.42658345,0,1
4.42708355,0,0
4.42758335,0,1
4.42808345,0,0
4.42858325,0,1
4.4290833,0,0
4.4295831,0,1
4.4300832,0,0
4.430583,0,1
4.4310831,0,0
4.4315829,0,1
4.432083,0,0
4.4325828,0,1
4.4330828,0,0
4.4335826,0,1
4.4340826,0,0
4.43458245,0,1
4.43508255,0,0
4.43558235,0,1
4.4360824,0,0
4.4365822,0,1
4.43708225,0,0
4.437582,0,1
4.438082,0,0
4.43858175,0,1
4.43908175,0,0
4.4395815,0,1
4.4400815,0,0
4.44058125,0,1
4.4410813,0,0
4.44158105,0,1
4.44208105,0,0
4.4425808,0,1
4.44308085,0,0
4.4435806,0,1
4.4440806,0,0
4.4445804,0,1
4.4450804,0,0
4.44558015,0,1
4.44608015,0,0
4.4465799,0,1
4.44707995,0,0
4.4475797,0,1
4.4480797,0,0
4.44857945,0,1
4.4490795,0,0
4.44957925,0,1
4.45007925,0,0
4.45057905,0,1
4.4510791,0,0
4.4515789,0,1
4.4520789,0,0
4.4525787,0,1
4.45307875,0,0
4.4535785,0,1
4.4540785,0,0
4.45457835,0,1
4.4550784,0,0
4.45557815,0,1
4.4560782,0,0
4.45657795,0,1
4.45707795,0,0
4.4575777,0,1
4.45807775,0,0
4.4585775,0,1
4.4590775,0,0
4.4595773,0,1
4.46007735,0,0
4.46057715,0,1
4.4610772,0,0
4.461577,0,1
4.46207705,0,0
4.46257685,0,1
4.4630769,0,0
4.4635767,0,1
4.46407675,0,0
4.46457655,0,1
4.46507665,0,0
4.46557645,0,1
4.4660765,0,0
4.4665763,0,1
4.4670763,0,0
4.4675761,0,1
4.46807615,0,0
4.46857595,0,1
4.469076,0,0
4.4695758,0,1
4.47007585,0,0
4.4705756,0,1
4.47107565,0,0
4.47157545,0,1
4.4720755,0,0
4.4725753,0,1
4.4730753,0,0
4.4735751,0,1
4.4740751,0,0
4.4745749,0,1
4.47507495,0,0
4.47557475,0,1
4.4760748,0,0
4.4765746,0,1
4.47707465,0,0
4.47757445,0,1
4.4780745,0,0
4.4785743,0,1
4.4790744,0,0
4.4795742,0,1
4.48007425,0,0
4.48057405,0,1
4.4810741,0,0
4.48157385,0,1
4.48207395,0,0
4.48257375,0,1
4.4830738,0,0
4.4835736,0,1
4.48407365,0,0
4.48457345,0,1
4.4850735,0,0
4.4855733,0,1
4.4860734,0,0
4.4865732,0,1
4.4870733,0,0
4.48757315,0,1
4.48807325,0,0
4.48857315,0,1
4.48907325,0,0
4.48957315,0,1
4.49007325,0,0
4.4905731,0,1
4.4910732,0,0
4.49157305,0,1
4.4920731,0,0
4.49257295,0,1
4.493073,0,0
4.49357275,0,1
4.4940728,0,0
4.49457255,0,1
4.4950726,0,0
4.4955724,0,1
4.4960724,0,0
4.4965722,0,1
4.49707225,0,0
4.49757205,0,1
4.49807205,0,0
4.49857185,0,1
4.4990719,0,0
4.4995717,0,1
4.50007175,0,0
4.50057155,0,1
4.50107155,0,0
4.50157135,0,1
4.50207135,0,0
4.50257115,0,1
4.50307125,0,0
4.50357105,0,1
4.5040711,0,0
4.50457085,0,1
4.50507085,0,0
4.5055707,0,1
4.5060707,0,0
4.5065705,0,1
4.5070705,0,0
4.5075703,0,1
4.5080703,0,0
4.50857005,0,1
4.50907,0,0
4.5095698,0,1
4.5100698,0,0
4.5105695,0,1
4.5110695,0,0
4.51156925,0,1
4.51206925,0,0
4.512569,0,1
4.513069,0,0
4.5135688,0,1
4.5140688,0,0
4.51456855,0,1
4.5150686,0,0
4.5155684,0,1
4.51606845,0,0
4.51656825,0,1
4.5170683,0,0
4.51756815,0,1
4.51806815,0,0
4.51856795,0,1
4.51906795,0,0
4.51956775,0,1
4.52006775,0,0
4.5205675,0,1
4.52106755,0,0
4.52156735,0,1
4.5220674,0,0
4.52256715,0,1
4.5230671,0,0
4.52356685,0,1
4.52406685,0,0
4.52456665,0,1
4.5250667,0,0
4.5255665,0,1
4.5260665,0,0
4.5265663,0,1
4.5270663,0,0
4.52756605,0,1
4.52806605,0,0
4.52856585,0,1
4.5290658,0,0
4.52956555,0,1
4.53006555,0,0
4.53056535,0,1
4.5310653,0,0
4.53156505,0,1
4.532065,0,0
4.5325647,0,1
4.5330647,0,0
4.5335644,0,1
4.5340644,0,0
4.53456415,0,1
4.5350641,0,0
4.53556385,0,1
4.5360638,0,0
4.53656355,0,1
4.53706355,0,0
4.5375633,0,1
4.53806335,0,0
4.5385631,0,1
4.53906315,0,0
4.5395629,0,1
4.54006295,0,0
4.54056265,0,1
4.5410627,0,0
4.54156245,0,1
4.54206245,0,0
4.5425622,0,1
4.54306225,0,0
4.543562,0,1
4.54406205,0,0
4.54456185,0,1
4.5450619,0,0
4.54556165,0,1
4.5460616,0,0
4.54656135,0,1
4.54706135,0,0
4.5475611,0,1
4.54806115,0,0
4.5485609,0,1
4.54906095,0,0
4.54956075,0,1
4.55006075,0,0
4.5505605,0,1
4.55106055,0,0
4.5515603,0,1
4.55206035,0,0
4.5525601,0,1
4.5530601,0,0
4.55355985,0,1
4.55405985,0,0
4.5545596,0,1
4.5550596,0,0
4.5555594,0,1
4.55605945,0,0
4.5565592,0,1
4.5570592,0,0
4.55755905,0,1
4.55805905,0,0
4.55855885,0,1
4.55905895,0,0
4.55955875,0,1
4.56005875,0,0
4.56055855,0,1
4.56105865,0,0
4.5615584,0,1
4.56205845,0,0
4.5625582,0,1
4.56305825,0,0
4.56355805,0,1
4.56405815,0,0
4.5645579,0,1
4.56505795,0,0
4.56555775,0,1
4.5660578,0,0
4.5665576,0,1
4.56705765,0,0
4.5675574,0,1
4.56805745,0,0
4.5685572,0,1
4.56905725,0,0
4.56955695,0,1
4.57005695,0,0
4.5705567,0,1
4.5710567,0,0
4.5715565,0,1
4.5720565,0,0
4.57255625,0,1
4.5730563,0,0
4.57355605,0,1
4.57405605,0,0
4.5745558,0,1
4.5750558,0,0
4.57555565,0,1
4.5760557,0,0
4.5765555,0,1
4.57705555,0,0
4.57755535,0,1
4.5780554,0,0
4.5785552,0,1
4.57905525,0,0
4.57955505,0,1
4.5800551,0,0
4.58055485,0,1
4.5810548,0,0
4.58155455,0,1
4.5820545,0,0
4.58255425,0,1
4.58305425,0,0
4.58355405,0,1
4.5840541,0,0
4.58455395,0,1
4.58505395,0,0
4.58555375,0,1
4.58605375,0,0
4.5865535,0,1
4.58705345,0,0
4.58755315,0,1
4.58805315,0,0
4.58855295,0,1
4.58905295,0,0
4.58955265,0,1
4.59005265,0,0
4.5905524,0,1
4.5910524,0,0
4.59155215,0,1
4.5920522,0,0
4.59255195,0,1
4.593052,0,0
4.59355175,0,1
4.5940518,0,0
4.5945516,0,1
4.5950516,0,0
4.5955514,0,1
4.59605145,0,0
4.5965512,0,1
4.59705125,0,0
4.597551,0,1
4.598051,0,0
4.5985508,0,1
4.59905075,0,0
4.5995505,0,1
4.60005055,0,0
4.6005503,0,1
4.60105035,0,0
4.6015501,0,1
4.6020501,0,0
4.60254985,0,1
4.60304985,0,0
4.6035496,0,1
4.60404965,0,0
4.60454945,0,1
4.60504945,0,0
4.60554925,0,1
4.60604925,0,0
4.606549,0,1
4.60704905,0,0
4.60754885,0,1
4.60804885,0,0
4.60854865,0,1
4.6090487,0,0
4.60954855,0,1
4.6100486,0,0
4.61054845,0,1
4.6110485,0,0
4.6115484,0,1
4.61204845,0,0
4.6125483,0,1
4.61304835,0,0
4.6135482,0,1
4.61404825,0,0
4.6145481,0,1
4.6150482,0,0
4.61554805,0,1
4.6160481,0,0
4.61654795,0,1
4.617048,0,0
4.6175478,0,1
4.6180479,0,0
4.61854775,0,1
4.61904785,0,0
4.61954765,0,1
4.62004775,0,0
4.6205476,0,1
4.62104765,0,0
4.62154755,0,1
4.62204765,0,0
4.6225475,0,1
4.62304755,0,0
4.62354735,0,1
4.6240474,0,0
4.6245472,0,1
4.62504725,0,0
4.6255471,0,1
4.62604715,0,0
4.62654695,0,1
4.62704695,0,0
4.62754675,0,1
4.6280468,0,0
4.6285466,0,1
4.62904665,0,0
4.62954645,0,1
4.63004645,0,0
4.6305462,0,1
4.6310462,0,0
4.63154595,0,1
4.632046,0,0
4.63254585,0,1
4.63304595,0,0
4.6335458,0,1
4.6340458,0,0
4.63454555,0,1
4.6350456,0,0
4.63554535,0,1
4.6360454,0,0
4.63654515,0,1
4.6370452,0,0
4.637545,0,1
4.638045,0,0
4.6385448,0,1
4.63904485,0,0
4.6395446,0,1
4.6400446,0,0
4.64054435,0,1
4.64104435,0,0
4.64154405,0,1
4.64204405,0,0
4.64254375,0,1
4.6430437,0,0
4.64354345,0,1
4.6440434,0,0
4.64454315,0,1
4.64504315,0,0
4.6455429,0,1
4.64604285,0,0
4.6465426,0,1
4.6470426,0,0
4.6475423,0,1
4.64804225,0,0
4.64854205,0,1
4.649042,0,0
4.64954175,0,1
4.6500417,0,0
4.65054145,0,1
4.6510415,0,0
4.65154125,0,1
4.6520413,0,0
4.6525411,0,1
4.65304115,0,0
4.65354095,0,1
4.654041,0,0
4.65454075,0,1
4.65504075,0,0
4.65554055,0,1
4.65604055,0,0
4.6565403,0,1
4.65704035,0,0
4.6575401,0,1
4.65804015,0,0
4.6585399,0,1
4.65903995,0,0
4.65953975,0,1
4.6600398,0,0
4.6605396,0,1
4.6610396,0,0
4.6615394,0,1
4.66203945,0,0
4.66253925,0,1
4.6630393,0,0
4.66353915,0,1
4.6640392,0,0
4.664539,0,1
4.665039,0,0
4.6655388,0,1
4.6660388,0,0
4.66653855,0,1
4.6670386,0,0
4.66753835,0,1
4.66803835,0,0
4.6685381,0,1
4.6690381,0,0
4.66953785,0,1
4.67003785,0,0
4.6705376,0,1
4.6710376,0,0
4.6715373,0,1
4.67203735,0,0
4.6725371,0,1
4.67303715,0,0
4.6735369,0,1
4.6740369,0,0
4.6745367,0,1
4.67503675,0,0
4.67553655,0,1
4.6760366,0,0
4.6765364,0,1
4.67703645,0,0
4.67753625,0,1
4.67803625,0,0
4.678536,0,1
4.679036,0,0
4.67953575,0,1
4.68003575,0,0
4.68053555,0,1
4.6810356,0,0
4.6815354,0,1
4.68203545,0,0
4.68253525,0,1
4.68303525,0,0
4.68353505,0,1
4.68403505,0,0
4.6845348,0,1
4.68503485,0,0
4.6855346,0,1
4.6860346,0,0
4.68653435,0,1
4.6870343,0,0
4.687534,0,1
4.688034,0,0
4.68853375,0,1
4.68903375,0,0
4.6895335,0,1
4.6900335,0,0
4.6905333,0,1
4.6910333,0,0
4.6915331,0,1
4.6920331,0,0
4.6925329,0,1
4.6930329,0,0
4.69353265,0,1
4.6940326,0,0
4.6945324,0,1
4.6950324,0,0
4.6955321,0,1
4.6960321,0,0
4.69653185,0,1
4.6970318,0,0
4.69753155,0,1
4.6980316,0,0
4.69853135,0,1
4.6990313,0,0
4.699531,0,1
4.70003095,0,0
4.7005307,0,1
4.70103065,0,0
4.70153035,0,1
4.7020303,0,0
4.70253,0,1
4.70302995,0,0
4.70352965,0,1
4.70402965,0,0
4.7045293,0,1
4.70502925,0,0
4.70552895,0,1
4.70602895,0,0
4.7065286,0,1
4.70702855,0,0
4.7075283,0,1
4.70802825,0,0
4.70852795,0,1
4.7090279,0,0
4.7095276,0,1
4.7100276,0,0
4.7105273,0,1
4.7110272,0,0
4.71152695,0,1
4.7120269,0,0
4.7125266,0,1
4.7130266,0,0
4.7135263,0,1
4.7140262,0,0
4.71452595,0,1
4.7150259,0,0
4.71552565,0,1
4.7160256,0,0
4.7165253,0,1
4.7170253,0,0
4.7175251,0,1
4.71802505,0,0
4.7185248,0,1
4.7190248,0,0
4.71952455,0,1
4.72002455,0,0
4.7205243,0,1
4.7210243,0,0
4.7215241,0,1
4.7220241,0,0
4.72252385,0,1
4.72302385,0,0
4.72352365,0,1
4.7240237,0,0
4.72452355,0,1
4.7250236,0,0
4.72552335,0,1
4.72602335,0,0
4.72652315,0,1
4.72702315,0,0
4.72752295,0,1
4.728023,0,0
4.72852275,0,1
4.72902275,0,0
4.7295225,0,1
4.73002255,0,0
4.7305223,0,1
4.73102225,0,0
4.731522,0,1
4.732022,0,0
4.7325217,0,1
4.73302175,0,0
4.73352145,0,1
4.73402145,0,0
4.7345212,0,1
4.73502115,0,0
4.7355209,0,1
4.7360209,0,0
4.73652065,0,1
4.73702065,0,0
4.73752035,0,1
4.7380203,0,0
4.73852,0,1
4.73902005,0,0
4.73951975,0,1
4.7400197,0,0
4.7405194,0,1
4.74101945,0,0
4.74151915,0,1
4.7420192,0,0
4.74251895,0,1
4.74301895,0,0
4.74351875,0,1
4.74401875,0,0
4.7445185,0,1
4.74501855,0,0
4.74551835,0,1
4.7460184,0,0
4.7465182,0,1
4.7470182,0,0
4.747518,0,1
4.748018,0,0
4.74851775,0,1
4.74901775,0,0
4.7495175,0,1
4.75001755,0,0
4.7505172,0,1
4.7510172,0,0
4.751517,0,1
4.7520171,0,0
4.7525169,0,1
4.75301695,0,0
4.7535168,0,1
4.75401685,0,0
4.7545167,0,1
4.75501675,0,0
4.7555165,0,1
4.75601655,0,0
4.75651635,0,1
4.7570164,0,0
4.7575162,0,1
4.7580162,0,0
4.758516,0,1
4.7590161,0,0
4.7595159,0,1
4.76001595,0,0
4.7605157,0,1
4.76101575,0,0
4.76151555,0,1
4.7620156,0,0
4.7625154,0,1
4.7630155,0,0
4.7635153,0,1
4.76401535,0,0
4.76451515,0,1
4.7650152,0,0
4.765515,0,1
4.766015,0,0
4.7665148,0,1
4.76701485,0,0
4.76751465,0,1
4.76801465,0,0
4.7685144,0,1
4.7690144,0,0
4.7695142,0,1
4.7700142,0,0
4.7705139,0,1
4.771014,0,0
4.7715138,0,1
4.7720138,0,0
4.7725136,0,1
4.77301365,0,0
4.77351345,0,1
4.77401355,0,0
4.7745133,0,1
4.7750133,0,0
4.77551315,0,1
4.7760132,0,0
4.77651305,0,1
4.77701315,0,0
4.77751295,0,1
4.778013,0,0
4.77851275,0,1
4.77901275,0,0
4.77951255,0,1
4.78001255,0,0
4.78051235,0,1
4.78101235,0,0
4.7815121,0,1
4.7820121,0,0
4.7825119,0,1
4.78301195,0,0
4.78351175,0,1
4.7840117,0,0
4.7845115,0,1
4.78501155,0,0
4.7855113,0,1
4.78601135,0,0
4.78651115,0,1
4.7870112,0,0
4.787511,0,1
4.78801105,0,0
4.78851085,0,1
4.7890109,0,0
4.78951065,0,1
4.7900107,0,0
4.7905105,0,1
4.7910106,0,0
4.7915104,0,1
4.79201045,0,0
4.7925103,0,1
4.79301035,0,0
4.79351015,0,1
4.79401025,0,0
4.7945101,0,1
4.7950102,0,0
4.79551005,0,1
4.7960101,0,0
4.79650995,0,1
4.79701,0,0
4.79750985,0,1
4.79800985,0,0
4.7985097,0,1
4.79900975,0,0
4.7995096,0,1
4.80000965,0,0
4.80050945,0,1
4.80100945,0,0
4.80150925,0,1
4.8020093,0,0
4.80250905,0,1
4.8030091,0,0
4.80350895,0,1
4.804009,0,0
4.80450885,0,1
4.8050089,0,0
4.8055087,0,1
4.8060087,0,0
4.8065085,0,1
4.8070086,0,0
4.80750845,0,1
4.8080085,0,0
4.8085083,0,1
4.8090083,0,0
4.8095081,0,1
4.8100081,0,0
4.8105079,0,1
4.8110079,0,0
4.8115077,0,1
4.81200775,0,0
4.81250755,0,1
4.81300755,0,0
4.81350735,0,1
4.8140074,0,0
4.8145072,0,1
4.81500725,0,0
4.81550705,0,1
4.8160071,0,0
4.8165069,0,1
4.8170069,0,0
4.81750665,0,1
4.8180067,0,0
4.81850645,0,1
4.81900645,0,0
4.8195062,0,1
4.82000625,0,0
4.82050605,0,1
4.82100605,0,0
4.8215058,0,1
4.82200585,0,0
4.8225056,0,1
4.82300555,0,0
4.82350535,0,1
4.8240054,0,0
4.8245052,0,1
4.8250052,0,0
4.825505,0,1
4.82600505,0,0
4.8265048,0,1
4.8270048,0,0
4.82750455,0,1
4.82800455,0,0
4.82850435,0,1
4.8290044,0,0
4.8295042,0,1
4.83000425,0,0
4.8305041,0,1
4.8310042,0,0
4.831504,0,1
4.8320041,0,0
4.83250395,0,1
4.833004,0,0
4.8335038,0,1
4.83400385,0,0
4.83450365,0,1
4.8350037,0,0
4.83550355,0,1
4.83600365,0,0
4.83650345,0,1
4.8370035,0,0
4.83750335,0,1
4.83800345,0,0
4.8385033,0,1
4.8390033,0,0
4.8395031,0,1
4.84000315,0,0
4.84050295,0,1
4.841003,0,0
4.8415029,0,1
4.8420029,0,0
4.84250265,0,1
4.8430027,0,0
4.8435025,0,1
4.84400265,0,0
4.8445025,0,1
4.8450026,0,0
4.84550245,0,1
4.8460025,0,0
4.8465023,0,1
4.84700235,0,0
4.84750215,0,1
4.84800225,0,0
4.84850205,0,1
4.84900205,0,0
4.8495017,0,1
4.85000165,0,0
4.85050135,0,1
4.85100135,0,0
4.8515011,0,1
4.85200115,0,0
4.8525009,0,1
4.8530009,0,0
4.8535007,0,1
4.8540007,0,0
4.8545005,0,1
4.85500055,0,0
4.85550035,0,1
4.8560004,0,0
4.8565002,0,1
4.8570003,0,0
4.8575001,0,1
4.8580001,0,0
4.85849985,0,1
4.8589999,0,0
4.85949965,0,1
4.8599996,0,0
4.8604994,0,1
4.8609994,0,0
4.8614992,0,1
4.86199925,0,0
4.862499,0,1
4.86299905,0,0
4.8634988,0,1
4.8639988,0,0
4.86449855,0,1
4.8649986,0,0
4.8654984,0,1
4.8659984,0,0
4.86649825,0,1
4.8669983,0,0
4.86749805,0,1
4.86799805,0,0
4.8684978,0,1
4.8689978,0,0
4.8694976,0,1
4.86999765,0,0
4.87049745,0,1
4.87099745,0,0
4.87149725,0,1
4.8719972,0,0
4.87249695,0,1
4.872997,0,0
4.87349675,0,1
4.87399675,0,0
4.87449655,0,1
4.87499655,0,0
4.87549635,0,1
4.8759964,0,0
4.8764962,0,1
4.8769963,0,0
4.87749605,0,1
4.8779961,0,0
4.8784959,0,1
4.87899595,0,0
4.87949575,0,1
4.87999585,0,0
4.8804956,0,1
4.8809957,0,0
4.8814955,0,1
4.8819955,0,0
4.8824953,0,1
4.8829953,0,0
4.8834951,0,1
4.88399515,0,0
4.8844949,0,1
4.8849949,0,0
4.8854947,0,1
4.8859947,0,0
4.88649445,0,1
4.88699445,0,0
4.8874942,0,1
4.88799425,0,0
4.88849405,0,1
4.8889941,0,0
4.88949385,0,1
4.88999395,0,0
4.8904937,0,1
4.89099375,0,0
4.8914935,0,1
4.89199355,0,0
4.89249335,0,1
4.8929934,0,0
4.8934932,0,1
4.89399325,0,0
4.89449305,0,1
4.89499305,0,0
4.89549285,0,1
4.89599285,0,0
4.89649265,0,1
4.89699265,0,0
4.89749245,0,1
4.8979925,0,0
4.8984923,0,1
4.8989923,0,0
4.899492,0,1
4.899992,0,0
4.90049175,0,1
4.9009917,0,0
4.90149145,0,1
4.9019915,0,0
4.90249125,0,1
4.9029913,0,0
4.9034911,0,1
4.9039911,0,0
4.9044909,0,1
4.90499095,0,0
4.9054907,0,1
4.90599075,0,0
4.9064905,0,1
4.90699045,0,0
4.9074902,0,1
4.9079902,0,0
4.90848995,0,1
4.90899,0,0
4.90948975,0,1
4.9099898,0,0
4.9104896,0,1
4.91098965,0,0
4.9114895,0,1
4.9119895,0,0
4.9124893,0,1
4.9129893,0,0
4.9134891,0,1
4.9139891,0,0
4.91448895,0,1
4.91498895,0,0
4.91548865,0,1
4.91598855,0,0
4.91648825,0,1
4.9169883,0,0
4.91748805,0,1
4.91798805,0,0
4.91848785,0,1
4.91898785,0,0
4.91948745,0,1
4.9199874,0,0
4.9204871,0,1
4.92098705,0,0
4.92148675,0,1
4.92198675,0,0
4.9224865,0,1
4.9229865,0,0
4.92348625,0,1
4.92398625,0,0
4.924486,0,1
4.92498605,0,0
4.92548585,0,1
4.92598595,0,0
4.92648575,0,1
4.92698585,0,0
4.92748565,0,1
4.9279857,0,0
4.9284855,0,1
4.92898555,0,0
4.9294854,0,1
4.9299855,0,0
4.93048525,0,1
4.9309853,0,0
4.93148515,0,1
4.93198515,0,0
4.93248495,0,1
4.93298505,0,0
4.93348485,0,1
4.9339849,0,0
4.93448465,0,1
4.93498475,0,0
4.9354845,0,1
4.9359845,0,0
4.9364843,0,1
4.9369844,0,0
4.93748415,0,1
4.9379842,0,0
4.93848395,0,1
4.938984,0,0
4.9394838,0,1
4.9399839,0,0
4.9404837,0,1
4.9409838,0,0
4.94148365,0,1
4.9419838,0,0
4.9424836,0,1
4.94298365,0,0
4.9434835,0,1
4.9439836,0,0
4.9444834,0,1
4.9449835,0,0
4.9454834,0,1
4.9459835,0,0
4.9464834,0,1
4.9469835,0,0
4.9474834,0,1
4.9479835,0,0
4.94848335,0,1
4.9489834,0,0
4.9494833,0,1
4.9499834,0,0
4.95048325,0,1
4.95098335,0,0
4.95148315,0,1
4.95198325,0,0
4.9524831,0,1
4.95298315,0,0
4.95348295,0,1
4.95398305,0,0
4.9544829,0,1
4.954983,0,0
4.95548285,0,1
4.95598295,0,0
4.95648285,0,1
4.95698295,0,0
4.9574828,0,1
4.9579829,0,0
4.95848275,0,1
4.9589828,0,0
4.9594826,0,1
4.95998265,0,0
4.96048245,0,1
4.9609825,0,0
4.96148235,0,1
4.96198245,0,0
4.96248225,0,1
4.96298235,0,0
4.9634822,0,1
4.96398225,0,0
4.9644821,0,1
4.9649822,0,0
4.965482,0,1
4.9659821,0,0
4.96648195,0,1
4.96698205,0,0
4.9674819,0,1
4.96798195,0,0
4.9684818,0,1
4.9689819,0,0
4.9694818,0,1
4.9699819,0,0
4.9704817,0,1
4.9709818,0,0
4.97148165,0,1
4.97198175,0,0
4.97248165,0,1
4.97298175,0,0
4.9734816,0,1
4.9739817,0,0
4.9744815,0,1
4.97498155,0,0
4.97548135,0,1
4.97598145,0,0
4.9764812,0,1
4.97698125,0,0
4.977481,0,1
4.977981,0,0
4.97848075,0,1
4.9789807,0,0
4.9794805,0,1
4.97998055,0,0
4.98048035,0,1
4.9809804,0,0
4.98148015,0,1
4.98198025,0,0
4.98248005,0,1
4.9829801,0,0
4.9834799,0,1
4.98397995,0,0
4.98447975,0,1
4.98497975,0,0
4.98547955,0,1
4.9859796,0,0
4.98647935,0,1
4.98697935,0,0
4.98747915,0,1
4.98797915,0,0
4.9884789,0,1
4.9889789,0,0
4.98947865,0,1
4.98997865,0,0
4.99047845,0,1
4.9909785,0,0
4.9914782,0,1
4.9919782,0,0
4.992478,0,1
4.992978,0,0
4.9934778,0,1
4.9939778,0,0
4.99447755,0,1
4.9949776,0,0
4.9954774,0,1
4.9959774,0,0
4.9964772,0,1
4.99697725,0,0
4.99747695,0,1
4.997977,0,0
4.9984767,0,1
4.99897675,0,0
4.99947655,0,1
4.99997655,0,0
