timestamp_s,CH0,CH1
0.0,0,0
0.0002577,0,1
0.00075785,0,0
0.00125765,0,1
0.0017578,0,0
0.00225765,0,1
0.00275775,0,0
0.0032576,0,1
0.00375765,0,0
0.0042575,0,1
0.0047576,0,0
0.00525745,0,1
0.0057575,0,0
0.00625735,0,1
0.00675745,0,0
0.00725735,0,1
0.00775745,0,0
0.0082573,0,1
0.0087574,0,0
0.00925725,0,1
0.00975735,0,0
0.01025725,0,1
0.01075735,0,0
0.01125715,0,1
0.01175725,0,0
0.01225715,0,1
0.0127573,0,0
0.0132572,0,1
0.01375735,0,0
0.0142572,0,1
0.0147573,0,0
0.01525715,0,1
0.01575725,0,0
0.0162571,0,1
0.0167572,0,0
0.01725705,0,1
0.01775715,0,0
0.018257,0,1
0.01875715,0,0
0.019257,0,1
0.01975705,0,0
0.0202569,0,1
0.020757,0,0
0.0212569,0,1
0.021757,0,0
0.02225685,0,1
0.02275695,0,0
0.0232568,0,1
0.0237569,0,0
0.02425675,0,1
0.0247569,0,0
0.02525675,0,1
0.0257568,0,0
0.02625665,0,1
0.0267567,0,0
0.02725655,0,1
0.0277566,0,0
0.02825645,0,1
0.0287565,0,0
0.02925635,0,1
0.02975645,0,0
0.0302563,0,1
0.0307564,0,0
0.03125625,0,1
0.03175635,0,0
0.0322562,0,1
0.03275635,0,0
0.0332562,0,1
0.0337563,0,0
0.03425615,0,1
0.03475625,0,0
0.0352561,0,1
0.0357562,0,0
0.036256,0,1
0.03675615,0,0
0.03725595,0,1
0.03775605,0,0
0.0382559,0,1
0.03875605,0,0
0.0392559,0,1
0.039756,0,0
0.0402558,0,1
0.0407559,0,0
0.04125575,0,1
0.0417558,0,0
0.0422556,0,1
0.04275565,0,0
0.0432555,0,1
0.04375555,0,0
0.0442554,0,1
0.04475545,0,0
0.0452553,0,1
0.0457554,0,0
0.0462553,0,1
0.0467554,0,0
0.04725545,0,1
0.0477556,0,0
0.0482552,0,1
0.0487553,0,0
0.04925515,0,1
0.04975525,0,0
0.05000115,1,0
0.0502551,1,1
0.0507552,1,0
0.051255,1,1
0.05175505,1,0
0.05225505,1,1
0.0527554,1,0
0.05325485,1,1
0.053755,1,0
0.0542547,1,1
0.05475475,1,0
0.05525445,1,1
0.0557577,1,0
0.0562544,1,1
0.0567545,1,0
0.05725435,1,1
0.0577544,1,0
0.0582543,1,1
0.0587544,1,0
0.0592542,1,1
0.0597543,1,0
0.06025415,1,1
0.06075425,1,0
0.0612541,1,1
0.0617542,1,0
0.0622541,1,1
0.0627542,1,0
0.06325405,1,1
0.0637541,1,0
0.06425395,1,1
0.06475405,1,0
0.0652539,1,1
0.065754,1,0
0.06597725,0,0
0.0662542,0,1
0.0667541,0,0
0.06725395,0,1
0.06775405,0,0
0.0682539,0,1
0.068754,0,0
0.06925385,0,1
0.06975395,0,0
0.07025375,0,1
0.07075385,0,0
0.07125365,0,1
0.07175355,0,0
0.07225335,0,1
0.07275365,0,0
0.07325355,0,1
0.0737534,0,0
0.0742532,0,1
0.07475325,0,0
0.07525295,0,1
0.07575305,0,0
0.07625285,0,1
0.07675295,0,0
0.07725275,0,1
0.07775285,0,0
0.07825265,0,1
0.07875275,0,0
0.07925255,0,1
0.0797526,0,0
0.0802524,0,1
0.08075245,0,0
0.08125225,0,1
0.08175235,0,0
0.0822522,0,1
0.0827523,0,0
0.0832521,0,1
0.0837522,0,0
0.084252,0,1
0.08475205,0,0
0.08525195,0,1
0.08575205,0,0
0.08625195,0,1
0.0867521,0,0
0.08725195,0,1
0.08775205,0,0
0.0882519,0,1
0.088752,0,0
0.0892519,0,1
0.089752,0,0
0.09025185,0,1
0.090752,0,0
0.0912519,0,1
0.09175205,0,0
0.0922519,0,1
0.092752,0,0
0.0932519,0,1
0.093752,0,0
0.09425185,0,1
0.094752,0,0
0.0952519,0,1
0.0957521,0,0
0.096252,0,1
0.0967521,0,0
0.097252,0,1
0.09775215,0,0
0.098252,0,1
0.09875215,0,0
0.099252,0,1
0.0997521,0,0
0.10025195,0,1
0.10075205,0,0
0.10125195,0,1
0.10175205,0,0
0.10225195,0,1
0.10275205,0,0
0.10325185,0,1
0.10375195,0,0
0.1042517,0,1
0.10475175,0,0
0.1052516,0,1
0.10575175,0,0
0.1062516,0,1
0.10675175,0,0
0.10725155,0,1
0.10775165,0,0
0.10825155,0,1
0.10875165,0,0
0.1092515,0,1
0.1097516,0,0
0.1102515,0,1
0.1107516,0,0
0.1112514,0,1
0.11175145,0,0
0.1122513,0,1
0.1127514,0,0
0.11325125,0,1
0.11375135,0,0
0.1142512,0,1
0.11475135,0,0
0.1152512,0,1
0.11575125,0,0
0.1162511,0,1
0.1167512,0,0
0.117251,0,1
0.1177511,0,0
0.1182509,0,1
0.118751,0,0
0.11925085,0,1
0.11975095,0,0
0.12025075,0,1
0.1207508,0,0
0.1212507,0,1
0.12175075,0,0
0.1222506,0,1
0.1227507,0,0
0.12325065,0,1
0.12375085,0,0
0.12425065,0,1
0.1247507,0,0
0.12525055,0,1
0.12575065,0,0
0.1262504,0,1
0.1267508,0,0
0.12725025,0,1
0.12775035,0,0
0.1282501,0,1
0.12875035,0,0
0.12925035,0,1
0.12975035,0,0
0.1302502,0,1
0.1307503,0,0
0.1312502,0,1
0.13175055,0,0
0.13225,0,1
0.13275005,0,0
0.1332498,0,1
0.1337499,0,0
0.13424975,0,1
0.1347498,0,0
0.1352496,0,1
0.1357497,0,0
0.1362496,0,1
0.13674975,0,0
0.1372496,0,1
0.1377497,0,0
0.1382495,0,1
0.1387496,0,0
0.13924945,0,1
0.1397495,0,0
0.1402493,0,1
0.1407496,0,0
0.1412496,0,1
0.1417494,0,0
0.1422494,0,1
0.14274935,0,0
0.1432492,0,1
0.14374915,0,0
0.1442491,0,1
0.14474915,0,0
0.14524895,0,1
0.1457491,0,0
0.14624875,0,1
0.1467487,0,0
0.1472489,0,1
0.1477487,0,0
0.1482485,0,1
0.14874855,0,0
0.14924835,0,1
0.1497488,0,0
0.1502481,0,1
0.15074815,0,0
0.15124805,0,1
0.1517481,0,0
0.1522481,0,1
0.1527479,0,0
0.15324795,0,1
0.15374775,0,0
0.1542474,0,1
0.15474755,0,0
0.1552474,0,1
0.15574745,0,0
0.1562473,0,1
0.1567474,0,0
0.15724725,0,1
0.1577473,0,0
0.1582471,0,1
0.1587474,0,0
0.15924695,0,1
0.1597474,0,0
0.16024685,0,1
0.1607468,0,0
0.16124675,0,1
0.16174695,0,0
0.1622466,0,1
0.16274665,0,0
0.16324645,0,1
0.163747,0,0
0.1642462,0,1
0.1647462,0,0
0.165246,0,1
0.165746,0,0
0.16624605,0,1
0.16674585,0,0
0.16724585,0,1
0.16774565,0,0
0.1682453,0,1
0.1687454,0,0
0.1692452,0,1
0.1697456,0,0
0.17024505,0,1
0.1707455,0,0
0.1712449,0,1
0.171745,0,0
0.1722448,0,1
0.1727449,0,0
0.1732447,0,1
0.1737449,0,0
0.1742446,0,1
0.1747451,0,0
0.17524465,0,1
0.175745,0,0
0.1762445,0,1
0.17674455,0,0
0.17724435,0,1
0.1777447,0,0
0.17824415,0,1
0.17874425,0,0
0.1792442,0,1
0.17974425,0,0
0.18024435,0,1
0.1807441,0,0
0.1812439,0,1
0.18174395,0,0
0.18224375,0,1
0.18274385,0,0
0.18324365,0,1
0.183744,0,0
0.18424355,0,1
0.18474395,0,0
0.18524335,0,1
0.1857433,0,0
0.18624325,0,1
0.1867433,0,0
0.1872431,0,1
0.18774315,0,0
0.1882429,0,1
0.188743,0,0
0.1892432,0,1
0.18974295,0,0
0.1902428,0,1
0.19074325,0,0
0.19124275,0,1
0.1917431,0,0
0.19224255,0,1
0.1927427,0,0
0.19324265,0,1
0.19374275,0,0
0.1942428,0,1
0.1947426,0,0
0.19524255,0,1
0.19574255,0,0
0.19624225,0,1
0.1967425,0,0
0.19724235,0,1
0.19774275,0,0
0.19824235,0,1
0.1987429,0,0
0.19924235,0,1
0.1997423,0,0
0.2002423,0,1
0.2007424,0,0
0.20124225,0,1
0.20174235,0,0
0.20224225,0,1
0.20274235,0,0
0.20324255,0,1
0.20374225,0,0
0.2042421,0,1
0.2047426,0,0
0.20524205,0,1
0.2057424,0,0
0.20624185,0,1
0.20674195,0,0
0.20724195,0,1
0.20774205,0,0
0.20824215,0,1
0.20874205,0,0
0.20924205,0,1
0.20974205,0,0
0.21024185,0,1
0.21074205,0,0
0.21124185,0,1
0.21174215,0,0
0.21224175,0,1
0.2127422,0,0
0.2132417,0,1
0.2137417,0,0
0.21424165,0,1
0.2147417,0,0
0.2152415,0,1
0.2157415,0,0
0.21624145,0,1
0.21674155,0,0
0.21724175,0,1
0.21774145,0,0
0.2182413,0,1
0.2187417,0,0
0.21924115,0,1
0.21974145,0,0
0.22024095,0,1
0.220741,0,0
0.22124095,0,1
0.221741,0,0
0.2222411,0,1
0.2227409,0,0
0.22324085,0,1
0.22374085,0,0
0.2242405,0,1
0.22474075,0,0
0.2252406,0,1
0.22574095,0,0
0.22624055,0,1
0.226741,0,0
0.2272405,0,1
0.2277406,0,0
0.22824085,0,1
0.22874055,0,0
0.2292405,0,1
0.2297408,0,0
0.2302403,0,1
0.2307406,0,0
0.23124015,0,1
0.2317402,0,0
0.2322401,0,1
0.23274,0,0
0.23323985,0,1
0.2337399,0,0
0.2342396,0,1
0.23473965,0,0
0.2352396,0,1
0.23573975,0,0
0.23623985,0,1
0.2367397,0,0
0.2372397,0,1
0.23773965,0,0
0.2382394,0,1
0.2387396,0,0
0.2392396,0,1
0.23973965,0,0
0.2402395,0,1
0.24073965,0,0
0.2412395,0,1
0.24173945,0,0
0.2422398,0,1
0.2427395,0,0
0.2432395,0,1
0.24373985,0,0
0.24423935,0,1
0.24473965,0,0
0.24523925,0,1
0.24573935,0,0
0.24623935,0,1
0.2467393,0,0
0.24723915,0,1
0.24773925,0,0
0.24823895,0,1
0.24873905,0,0
0.249239,0,1
0.249739,0,0
0.25023905,0,1
0.2507389,0,0
0.25123885,0,1
0.2517389,0,0
0.25223875,0,1
0.2527388,0,0
0.2532386,0,1
0.25373895,0,0
0.2542385,0,1
0.25473875,0,0
0.25523885,0,1
0.25573845,0,0
0.25623845,0,1
0.2567386,0,0
0.25723845,0,1
0.25773855,0,0
0.2582384,0,1
0.2587385,0,0
0.2592388,0,1
0.2597385,0,0
0.2602384,0,1
0.2607389,0,0
0.26123835,0,1
0.2617387,0,0
0.26223815,0,1
0.26273825,0,0
0.26323825,0,1
0.26373835,0,0
0.2642385,0,1
0.26473835,0,0
0.26523835,0,1
0.2657383,0,0
0.26623805,0,1
0.26673825,0,0
0.26723815,0,1
0.26773825,0,0
0.2682381,0,1
0.26873855,0,0
0.269238,0,1
0.269738,0,0
0.27023795,0,1
0.2707381,0,0
0.27123795,0,1
0.27173805,0,0
0.27223795,0,1
0.2727381,0,0
0.27323835,0,1
0.2737381,0,0
0.274238,0,1
0.2747385,0,0
0.275238,0,1
0.27573835,0,0
0.27623785,0,1
0.27673795,0,0
0.2772379,0,1
0.277738,0,0
0.27823815,0,1
0.27873805,0,0
0.27923805,0,1
0.27973805,0,0
0.2802373,0,1
0.28073805,0,0
0.2812379,0,1
0.28173805,0,0
0.2822379,0,1
0.28273795,0,0
0.2832378,0,1
0.28373775,0,0
0.28423775,0,1
0.28473785,0,0
0.2852377,0,1
0.2857377,0,0
0.28623755,0,1
0.2867376,0,0
0.28723785,0,1
0.28773755,0,0
0.2882374,0,1
0.28873785,0,0
0.28923735,0,1
0.28973775,0,0
0.2902372,0,1
0.2907373,0,0
0.2912373,0,1
0.2917374,0,0
0.2922376,0,1
0.2927375,0,0
0.29323745,0,1
0.2937375,0,0
0.29423725,0,1
0.29473755,0,0
0.2952374,0,1
0.2957378,0,0
0.2962375,0,1
0.29673805,0,0
0.29723755,0,1
0.2977377,0,0
0.298238,0,1
0.29873775,0,0
0.2992378,0,1
0.2997382,0,0
0.30023775,0,1
0.30073815,0,0
0.3012378,0,1
0.3017379,0,0
0.30223795,0,1
0.3027379,0,0
0.3032378,0,1
0.3037379,0,0
0.3042377,0,1
0.3047378,0,0
0.30523785,0,1
0.30573795,0,0
0.30623805,0,1
0.30673795,0,0
0.30723795,0,1
0.3077379,0,0
0.3082377,0,1
0.308738,0,0
0.30923785,0,1
0.30973825,0,0
0.3102379,0,1
0.31073835,0,0
0.31123785,0,1
0.31173785,0,0
0.3122378,0,1
0.31273785,0,0
0.3132376,0,1
0.3137377,0,0
0.3142375,0,1
0.31473755,0,0
0.31523775,0,1
0.3157374,0,0
0.3162372,0,1
0.31673765,0,0
0.3172371,0,1
0.3177375,0,0
0.3182371,0,1
0.3187371,0,0
0.31923705,0,1
0.31973715,0,0
0.32023725,0,1
0.32073715,0,0
0.32123715,0,1
0.3217371,0,0
0.3222368,0,1
0.32273705,0,0
0.32323695,0,1
0.3237373,0,0
0.32423695,0,1
0.32473745,0,0
0.3252369,0,1
0.32573685,0,0
0.32623695,0,1
0.3267373,0,0
0.32723675,0,1
0.3277368,0,0
0.3282366,0,1
0.32873665,0,0
0.32923685,0,1
0.32973655,0,0
0.3302363,0,1
0.33073675,0,0
0.33123615,0,1
0.33173645,0,0
0.33223585,0,1
0.3327359,0,0
0.3332358,0,1
0.3337358,0,0
0.33423585,0,1
0.33473565,0,0
0.3352356,0,1
0.3357356,0,0
0.33623545,0,1
0.3367355,0,0
0.33723535,0,1
0.33773565,0,0
0.3382352,0,1
0.3387356,0,0
0.33923505,0,1
0.339735,0,0
0.34023495,0,1
0.34073505,0,0
0.3412349,0,1
0.34173495,0,0
0.3422348,0,1
0.3427349,0,0
0.34323505,0,1
0.3437348,0,0
0.34423465,0,1
0.3447351,0,0
0.3452346,0,1
0.34573495,0,0
0.3462344,0,1
0.3467345,0,0
0.3472345,0,1
0.3477346,0,0
0.34823475,0,1
0.34873455,0,0
0.3492345,0,1
0.3497345,0,0
0.35023375,0,1
0.3507345,0,0
0.35123445,0,1
0.35173435,0,0
0.3522343,0,1
0.3527348,0,0
0.35323425,0,1
0.3537342,0,0
0.35423415,0,1
0.35473425,0,0
0.35523415,0,1
0.3557342,0,0
0.3562341,0,1
0.3567342,0,0
0.35723445,0,1
0.3577342,0,0
0.35823405,0,1
0.35873455,0,0
0.35923405,0,1
0.3597344,0,0
0.3602339,0,1
0.360734,0,0
0.36123405,0,1
0.36173415,0,0
0.3622343,0,1
0.3627341,0,0
0.36323395,0,1
0.36373405,0,0
0.36423415,0,1
0.3647339,0,0
0.3652338,0,1
0.36573385,0,0
0.36623365,0,1
0.36673375,0,0
0.3672336,0,1
0.3677337,0,0
0.36823355,0,1
0.36873365,0,0
0.36923355,0,1
0.36973365,0,0
0.3702335,0,1
0.3707336,0,0
0.37123345,0,1
0.3717336,0,0
0.37223345,0,1
0.37273355,0,0
0.3732334,0,1
0.37373355,0,0
0.3742334,0,1
0.3747335,0,0
0.37523335,0,1
0.3757334,0,0
0.37623325,0,1
0.37673335,0,0
0.3772332,0,1
0.3777333,0,0
0.37823315,0,1
0.37873325,0,0
0.3792331,0,1
0.3797332,0,0
0.38023305,0,1
0.38073315,0,0
0.381233,0,1
0.3817331,0,0
0.38223295,0,1
0.38273305,0,0
0.3832329,0,1
0.383733,0,0
0.38423285,0,1
0.38473295,0,0
0.3852328,0,1
0.38573295,0,0
0.3862328,0,1
0.38673285,0,0
0.3872327,0,1
0.3877328,0,0
0.38823265,0,1
0.38873275,0,0
0.38923265,0,1
0.38973275,0,0
0.39023255,0,1
0.3907327,0,0
0.39123255,0,1
0.3917327,0,0
0.3922326,0,1
0.39273275,0,0
0.3932326,0,1
0.39373265,0,0
0.39423245,0,1
0.39473255,0,0
0.3952324,0,1
0.39573255,0,0
0.3962324,0,1
0.3967325,0,0
0.3972324,0,1
0.3977325,0,0
0.39823235,0,1
0.39873245,0,0
0.3992323,0,1
0.3997324,0,0
0.4002323,0,1
0.4007324,0,0
0.40123225,0,1
0.4017324,0,0
0.40223225,0,1
0.40273235,0,0
0.4032322,0,1
0.4037323,0,0
0.40423215,0,1
0.4047322,0,0
0.405232,0,1
0.4057321,0,0
0.406232,0,1
0.40673205,0,0
0.40723185,0,1
0.4077319,0,0
0.40823175,0,1
0.40873185,0,0
0.40923165,0,1
0.4097317,0,0
0.41023155,0,1
0.4107316,0,0
0.41123145,0,1
0.4117315,0,0
0.41223135,0,1
0.41273145,0,0
0.41323125,0,1
0.41373125,0,0
0.41423105,0,1
0.4147311,0,0
0.41523095,0,1
0.41573105,0,0
0.41623085,0,1
0.4167309,0,0
0.4172307,0,1
0.41773075,0,0
0.4182306,0,1
0.4187307,0,0
0.4192305,0,1
0.4197306,0,0
0.4202304,0,1
0.4207305,0,0
0.4212303,0,1
0.42173035,0,0
0.42223015,0,1
0.4227302,0,0
0.42323005,0,1
0.4237301,0,0
0.42422995,0,1
0.42473005,0,0
0.4252299,0,1
0.42573005,0,0
0.4262299,0,1
0.42673,0,0
0.4272299,0,1
0.42772995,0,0
0.4282298,0,1
0.42872995,0,0
0.42922975,0,1
0.42972985,0,0
0.43022965,0,1
0.43072975,0,0
0.4312296,0,1
0.4317297,0,0
0.4322296,0,1
0.4327297,0,0
0.43322955,0,1
0.43372965,0,0
0.4342295,0,1
0.43472965,0,0
0.4352295,0,1
0.43572965,0,0
0.4362295,0,1
0.43672965,0,0
0.4372295,0,1
0.43772965,0,0
0.43822955,0,1
0.43872965,0,0
0.4392295,0,1
0.4397296,0,0
0.44022945,0,1
0.4407295,0,0
0.44122935,0,1
0.44172945,0,0
0.4422293,0,1
0.44272935,0,0
0.4432292,0,1
0.4437293,0,0
0.44422915,0,1
0.44472925,0,0
0.44522905,0,1
0.44572915,0,0
0.446229,0,1
0.4467291,0,0
0.4472289,0,1
0.447729,0,0
0.44822885,0,1
0.4487289,0,0
0.4492287,0,1
0.44972875,0,0
0.4502285,0,1
0.4507286,0,0
0.4512284,0,1
0.4517284,0,0
0.45222825,0,1
0.4527283,0,0
0.4532281,0,1
0.45372815,0,0
0.45422795,0,1
0.45472805,0,0
0.4552278,0,1
0.4557278,0,0
0.45622755,0,1
0.45672755,0,0
0.45722735,0,1
0.4577274,0,0
0.45822725,0,1
0.4587273,0,0
0.45922715,0,1
0.4597272,0,0
0.46022705,0,1
0.46072715,0,0
0.46122695,0,1
0.461727,0,0
0.4622268,0,1
0.4627269,0,0
0.46322675,0,1
0.46372685,0,0
0.4642267,0,1
0.4647268,0,0
0.46522665,0,1
0.46572675,0,0
0.46622655,0,1
0.46672665,0,0
0.46722645,0,1
0.4677265,0,0
0.4682263,0,1
0.4687264,0,0
0.4692262,0,1
0.46972625,0,0
0.47022605,0,1
0.4707261,0,0
0.4712259,0,1
0.471726,0,0
0.47222585,0,1
0.4727259,0,0
0.47322575,0,1
0.47372585,0,0
0.4742257,0,1
0.47472585,0,0
0.4752257,0,1
0.47572585,0,0
0.4762257,0,1
0.47672585,0,0
0.4772257,0,1
0.47772585,0,0
0.4782257,0,1
0.4787258,0,0
0.47922565,0,1
0.4797257,0,0
0.4802255,0,1
0.48072555,0,0
0.48122535,0,1
0.4817254,0,0
0.48222525,0,1
0.4827253,0,0
0.4832251,0,1
0.4837252,0,0
0.484225,0,1
0.4847251,0,0
0.485225,0,1
0.4857251,0,0
0.486225,0,1
0.4867251,0,0
0.487225,0,1
0.48772505,0,0
0.4882249,0,1
0.488725,0,0
0.4892248,0,1
0.4897249,0,0
0.4902247,0,1
0.4907248,0,0
0.49122465,0,1
0.4917247,0,0
0.4922245,0,1
0.4927246,0,0
0.4932244,0,1
0.49372445,0,0
0.4942243,0,1
0.49472435,0,0
0.4952242,0,1
0.49572435,0,0
0.4962242,0,1
0.4967243,0,0
0.4972241,0,1
0.4977242,0,0
0.498224,0,1
0.4987241,0,0
0.49922395,0,1
0.49972405,0,0
0.500224,0,1
0.5007241,0,0
0.501224,0,1
0.5017241,0,0
0.50222395,0,1
0.50272405,0,0
0.50322395,0,1
0.50372405,0,0
0.5042239,0,1
0.504724,0,0
0.50522385,0,1
0.5057239,0,0
0.5062238,0,1
0.5067239,0,0
0.5072238,0,1
0.5077239,0,0
0.5082238,0,1
0.5087239,0,0
0.50922375,0,1
0.5097239,0,0
0.5102238,0,1
0.51072395,0,0
0.51122385,0,1
0.511724,0,0
0.5122239,0,1
0.51272405,0,0
0.51322395,0,1
0.5137241,0,0
0.51422395,0,1
0.514724,0,0
0.5152239,0,1
0.515724,0,0
0.51622385,0,1
0.516724,0,0
0.51722385,0,1
0.51772395,0,0
0.51822385,0,1
0.518724,0,0
0.5192239,0,1
0.519724,0,0
0.5202239,0,1
0.52072405,0,0
0.5212239,0,1
0.52172405,0,0
0.52222395,0,1
0.52272405,0,0
0.5232239,0,1
0.52372405,0,0
0.5242239,0,1
0.52472405,0,0
0.52522395,0,1
0.52572405,0,0
0.52622395,0,1
0.5267241,0,0
0.52722395,0,1
0.5277241,0,0
0.528224,0,1
0.5287241,0,0
0.52922395,0,1
0.5297241,0,0
0.53022395,0,1
0.53072405,0,0
0.5312239,0,1
0.53172395,0,0
0.5322238,0,1
0.5327239,0,0
0.53322375,0,1
0.53372385,0,0
0.5342237,0,1
0.5347238,0,0
0.5352237,0,1
0.5357238,0,0
0.5362237,0,1
0.53672385,0,0
0.53722375,0,1
0.53772385,0,0
0.53822365,0,1
0.53872375,0,0
0.5392236,0,1
0.53972375,0,0
0.5402236,0,1
0.5407237,0,0
0.54122355,0,1
0.5417237,0,0
0.54222355,0,1
0.5427236,0,0
0.5432235,0,1
0.5437236,0,0
0.54422345,0,1
0.5447235,0,0
0.5452234,0,1
0.54572355,0,0
0.5462234,0,1
0.54672345,0,0
0.54722335,0,1
0.5477235,0,0
0.5482234,0,1
0.54872355,0,0
0.5492235,0,1
0.54972365,0,0
0.5502235,0,1
0.5507236,0,0
0.5512234,0,1
0.55172355,0,0
0.55222345,0,1
0.5527236,0,0
0.55322345,0,1
0.55372355,0,0
0.55422345,0,1
0.55472355,0,0
0.55522345,0,1
0.55572355,0,0
0.5562234,0,1
0.55672345,0,0
0.5572233,0,1
0.5577234,0,0
0.5582232,0,1
0.55872325,0,0
0.5592231,0,1
0.5597232,0,0
0.560223,0,1
0.5607231,0,0
0.56122295,0,1
0.56172305,0,0
0.5622229,0,1
0.56272295,0,0
0.5632228,0,1
0.56372285,0,0
0.56422265,0,1
0.5647227,0,0
0.5652226,0,1
0.5657227,0,0
0.5662225,0,1
0.5667226,0,0
0.5672224,0,1
0.5677225,0,0
0.56822235,0,1
0.5687224,0,0
0.5692222,0,1
0.56972225,0,0
0.5702221,0,1
0.57072215,0,0
0.57122195,0,1
0.57172205,0,0
0.57222195,0,1
0.57272205,0,0
0.57322195,0,1
0.5737221,0,0
0.57422195,0,1
0.57472205,0,0
0.5752219,0,1
0.575722,0,0
0.57622185,0,1
0.57672195,0,0
0.5772218,0,1
0.57772185,0,0
0.57822175,0,1
0.57872185,0,0
0.5792217,0,1
0.57972185,0,0
0.58022165,0,1
0.58072175,0,0
0.5812216,0,1
0.5817217,0,0
0.58222155,0,1
0.58272165,0,0
0.5832215,0,1
0.58372155,0,0
0.58422135,0,1
0.5847214,0,0
0.58522125,0,1
0.58572135,0,0
0.58622115,0,1
0.5867212,0,0
0.5872211,0,1
0.5877211,0,0
0.58822095,0,1
0.58872105,0,0
0.5892209,0,1
0.58972095,0,0
0.5902208,0,1
0.59072085,0,0
0.59122065,0,1
0.59172065,0,0
0.59222045,0,1
0.5927205,0,0
0.5932203,0,1
0.59372035,0,0
0.59422015,0,1
0.5947202,0,0
0.59522,0,1
0.5957201,0,0
0.5962199,0,1
0.59671995,0,0
0.59721975,0,1
0.59771975,0,0
0.5982195,0,1
0.59871955,0,0
0.5992194,0,1
0.59971945,0,0
0.6002193,0,1
0.6007194,0,0
0.60121915,0,1
0.6017192,0,0
0.602219,0,1
0.6027191,0,0
0.6032189,0,1
0.603719,0,0
0.6042189,0,1
0.604719,0,0
0.60521885,0,1
0.605719,0,0
0.6062188,0,1
0.60671895,0,0
0.6072188,0,1
0.6077189,0,0
0.60821875,0,1
0.60871885,0,0
0.60921865,0,1
0.6097187,0,0
0.61021855,0,1
0.61071865,0,0
0.61121845,0,1
0.6117185,0,0
0.6122183,0,1
0.61271835,0,0
0.6132182,0,1
0.61371825,0,0
0.6142181,0,1
0.6147182,0,0
0.61521805,0,1
0.6157181,0,0
0.61621795,0,1
0.616718,0,0
0.61721785,0,1
0.61771795,0,0
0.6182178,0,1
0.6187179,0,0
0.61921775,0,1
0.6197179,0,0
0.62021775,0,1
0.62071785,0,0
0.6212177,0,1
0.6217178,0,0
0.6222176,0,1
0.6227177,0,0
0.62321755,0,1
0.62371765,0,0
0.6242175,0,1
0.62471765,0,0
0.62521755,0,1
0.6257177,0,0
0.62621755,0,1
0.6267177,0,0
0.62721755,0,1
0.62771765,0,0
0.6282175,0,1
0.6287176,0,0
0.62921745,0,1
0.62971755,0,0
0.63021745,0,1
0.6307175,0,0
0.6312174,0,1
0.6317175,0,0
0.6322173,0,1
0.6327174,0,0
0.63321725,0,1
0.63371735,0,0
0.6342172,0,1
0.6347173,0,0
0.6352171,0,1
0.6357172,0,0
0.63621705,0,1
0.63671715,0,0
0.637217,0,1
0.63771715,0,0
0.638217,0,1
0.6387171,0,0
0.63921695,0,1
0.63971705,0,0
0.6402169,0,1
0.640717,0,0
0.64121685,0,1
0.6417169,0,0
0.6422167,0,1
0.64271675,0,0
0.64321665,0,1
0.64371675,0,0
0.64421655,0,1
0.64471665,0,0
0.6452165,0,1
0.64571655,0,0
0.6462164,0,1
0.6467165,0,0
0.64721635,0,1
0.64771645,0,0
0.6482163,0,1
0.6487164,0,0
0.6492163,0,1
0.6497164,0,0
0.65021625,0,1
0.65071635,0,0
0.65121625,0,1
0.65171635,0,0
0.65221615,0,1
0.65271625,0,0
0.65321605,0,1
0.6537161,0,0
0.6542159,0,1
0.654716,0,0
0.6552158,0,1
0.6557159,0,0
0.65621575,0,1
0.65671585,0,0
0.6572157,0,1
0.6577158,0,0
0.65821565,0,1
0.65871575,0,0
0.6592156,0,1
0.6597157,0,0
0.66021555,0,1
0.66071565,0,0
0.66121545,0,1
0.66171555,0,0
0.6622154,0,1
0.6627155,0,0
0.6632154,0,1
0.6637155,0,0
0.66421535,0,1
0.66471545,0,0
0.6652153,0,1
0.66571535,0,0
0.66621525,0,1
0.66671535,0,0
0.66721515,0,1
0.66771525,0,0
0.66821505,0,1
0.6687151,0,0
0.66921495,0,1
0.669715,0,0
0.67021485,0,1
0.670715,0,0
0.6712149,0,1
0.67171505,0,0
0.6722149,0,1
0.67271495,0,0
0.6732148,0,1
0.6737149,0,0
0.67421475,0,1
0.6747148,0,0
0.67521465,0,1
0.67571475,0,0
0.6762146,0,1
0.6767147,0,0
0.67721455,0,1
0.67771465,0,0
0.67821455,0,1
0.6787147,0,0
0.6792146,0,1
0.67971465,0,0
0.6802145,0,1
0.68071465,0,0
0.68121455,0,1
0.6817147,0,0
0.6822146,0,1
0.6827148,0,0
0.6832147,0,1
0.6837148,0,0
0.68421465,0,1
0.6847148,0,0
0.68521465,0,1
0.68571475,0,0
0.68621465,0,1
0.68671475,0,0
0.68721455,0,1
0.68771465,0,0
0.6882145,0,1
0.6887146,0,0
0.68921445,0,1
0.68971455,0,0
0.6902144,0,1
0.6907145,0,0
0.69121435,0,1
0.6917145,0,0
0.6922144,0,1
0.6927145,0,0
0.69321435,0,1
0.69371445,0,0
0.69421435,0,1
0.6947145,0,0
0.6952144,0,1
0.69571455,0,0
0.6962144,0,1
0.6967145,0,0
0.69721435,0,1
0.69771445,0,0
0.69821435,0,1
0.6987144,0,0
0.6992142,0,1
0.6997143,0,0
0.7002142,0,1
0.7007143,0,0
0.70121425,0,1
0.70171435,0,0
0.7022142,0,1
0.70271435,0,0
0.70321425,0,1
0.70371435,0,0
0.7042142,0,1
0.70471435,0,0
0.7052142,0,1
0.70571425,0,0
0.7062141,0,1
0.7067142,0,0
0.70721405,0,1
0.70771415,0,0
0.70821405,0,1
0.70871405,0,0
0.70921395,0,1
0.709714,0,0
0.7102139,0,1
0.71071405,0,0
0.7112139,0,1
0.71171405,0,0
0.7122139,0,1
0.71271405,0,0
0.71321385,0,1
0.713714,0,0
0.71421385,0,1
0.71471395,0,0
0.7152138,0,1
0.71571395,0,0
0.7162138,0,1
0.7167139,0,0
0.7172138,0,1
0.71771385,0,0
0.7182137,0,1
0.71871385,0,0
0.7192137,0,1
0.71971375,0,0
0.7202136,0,1
0.72071375,0,0
0.7212136,0,1
0.7217137,0,0
0.72221355,0,1
0.7227136,0,0
0.72321335,0,1
0.72371345,0,0
0.7242133,0,1
0.7247134,0,0
0.7252132,0,1
0.7257133,0,0
0.72621315,0,1
0.72671325,0,0
0.7272131,0,1
0.7277132,0,0
0.72821305,0,1
0.72871315,0,0
0.729213,0,1
0.7297131,0,0
0.73021295,0,1
0.73071305,0,0
0.73121285,0,1
0.73171295,0,0
0.73221275,0,1
0.7327128,0,0
0.7332126,0,1
0.73371265,0,0
0.73421245,0,1
0.73471255,0,0
0.7352124,0,1
0.73571255,0,0
0.7362124,0,1
0.7367125,0,0
0.7372124,0,1
0.7377125,0,0
0.7382124,0,1
0.73871255,0,0
0.7392124,0,1
0.73971255,0,0
0.74021245,0,1
0.7407126,0,0
0.74121245,0,1
0.7417125,0,0
0.74221235,0,1
0.7427125,0,0
0.74321235,0,1
0.74371245,0,0
0.7442123,0,1
0.7447124,0,0
0.7452123,0,1
0.74571245,0,0
0.7462124,0,1
0.74671255,0,0
0.7472124,0,1
0.7477125,0,0
0.74821235,0,1
0.7487125,0,0
0.74921235,0,1
0.7497125,0,0
0.7502124,0,1
0.7507125,0,0
0.7512124,0,1
0.7517125,0,0
0.7522124,0,1
0.7527125,0,0
0.75321235,0,1
0.7537125,0,0
0.7542124,0,1
0.75471255,0,0
0.7552124,0,1
0.7557125,0,0
0.75621235,0,1
0.7567124,0,0
0.7572122,0,1
0.75771225,0,0
0.7582121,0,1
0.7587122,0,0
0.759212,0,1
0.7597121,0,0
0.7602119,0,1
0.760712,0,0
0.7612119,0,1
0.76171195,0,0
0.7622118,0,1
0.76271195,0,0
0.76321185,0,1
0.76371195,0,0
0.7642118,0,1
0.76471195,0,0
0.7652118,0,1
0.7657119,0,0
0.76621185,0,1
0.76671195,0,0
0.7672118,0,1
0.7677119,0,0
0.76821175,0,1
0.76871185,0,0
0.76921175,0,1
0.76971185,0,0
0.7702117,0,1
0.77071185,0,0
0.77121175,0,1
0.7717119,0,0
0.77221175,0,1
0.77271185,0,0
0.7732116,0,1
0.7737117,0,0
0.7742115,0,1
0.77471155,0,0
0.7752114,0,1
0.7757115,0,0
0.77621135,0,1
0.77671145,0,0
0.77721125,0,1
0.7777114,0,0
0.7782113,0,1
0.7787114,0,0
0.7792113,0,1
0.7797114,0,0
0.78021125,0,1
0.78071135,0,0
0.7812112,0,1
0.7817113,0,0
0.78221115,0,1
0.7827113,0,0
0.78321115,0,1
0.78371125,0,0
0.7842111,0,1
0.7847112,0,0
0.78521105,0,1
0.7857111,0,0
0.78621095,0,1
0.78671105,0,0
0.7872109,0,1
0.787711,0,0
0.7882109,0,1
0.788711,0,0
0.7892109,0,1
0.789711,0,0
0.7902109,0,1
0.790711,0,0
0.79121085,0,1
0.7917109,0,0
0.79221075,0,1
0.7927108,0,0
0.79321065,0,1
0.79371075,0,0
0.7942106,0,1
0.7947107,0,0
0.79521055,0,1
0.79571065,0,0
0.7962105,0,1
0.7967106,0,0
0.79721045,0,1
0.7977106,0,0
0.7982105,0,1
0.79871055,0,0
0.7992104,0,1
0.79971045,0,0
0.80021025,0,1
0.8007103,0,0
0.80121015,0,1
0.80171025,0,0
0.8022101,0,1
0.80271015,0,0
0.80321005,0,1
0.80371015,0,0
0.80421,0,1
0.80471015,0,0
0.80521,0,1
0.8057101,0,0
0.80620995,0,1
0.80671005,0,0
0.8072099,0,1
0.80771,0,0
0.80820985,0,1
0.80870995,0,0
0.8092098,0,1
0.8097099,0,0
0.8102098,0,1
0.81070995,0,0
0.81120985,0,1
0.81170995,0,0
0.81220975,0,1
0.81270975,0,0
0.8132096,0,1
0.8137097,0,0
0.81420955,0,1
0.8147096,0,0
0.81520945,0,1
0.8157095,0,0
0.81620935,0,1
0.8167094,0,0
0.81720925,0,1
0.81770935,0,0
0.81820915,0,1
0.81870925,0,0
0.8192091,0,1
0.81970915,0,0
0.820209,0,1
0.82070905,0,0
0.8212089,0,1
0.82170905,0,0
0.8222089,0,1
0.822709,0,0
0.82320885,0,1
0.823709,0,0
0.82420885,0,1
0.82470895,0,0
0.8252088,0,1
0.8257089,0,0
0.8262088,0,1
0.8267089,0,0
0.8272087,0,1
0.8277088,0,0
0.8282086,0,1
0.8287087,0,0
0.82920845,0,1
0.8297085,0,0
0.8302083,0,1
0.83070835,0,0
0.8312082,0,1
0.8317083,0,0
0.8322081,0,1
0.8327082,0,0
0.833208,0,1
0.83370805,0,0
0.8342079,0,1
0.83470795,0,0
0.83520775,0,1
0.83570785,0,0
0.83620765,0,1
0.8367077,0,0
0.8372075,0,1
0.83770755,0,0
0.83820735,0,1
0.8387074,0,0
0.83920725,0,1
0.83970735,0,0
0.84020725,0,1
0.8407073,0,0
0.8412072,0,1
0.84170725,0,0
0.84220705,0,1
0.8427071,0,0
0.84320695,0,1
0.843707,0,0
0.84420685,0,1
0.8447069,0,0
0.84520675,0,1
0.84570685,0,0
0.84620665,0,1
0.84670675,0,0
0.84720655,0,1
0.8477066,0,0
0.84820645,0,1
0.8487065,0,0
0.8492064,0,1
0.84970645,0,0
0.8502063,0,1
0.8507064,0,0
0.85120625,0,1
0.85170635,0,0
0.85220615,0,1
0.85270625,0,0
0.85320615,0,1
0.85370625,0,0
0.8542061,0,1
0.85470615,0,0
0.855206,0,1
0.85570605,0,0
0.85620585,0,1
0.8567059,0,0
0.85720575,0,1
0.85770585,0,0
0.8582057,0,1
0.85870575,0,0
0.85920555,0,1
0.85970565,0,0
0.8602055,0,1
0.86070565,0,0
0.8612055,0,1
0.86170555,0,0
0.86220535,0,1
0.86270535,0,0
0.8632052,0,1
0.8637053,0,0
0.86420515,0,1
0.86470525,0,0
0.86520505,0,1
0.86570515,0,0
0.866205,0,1
0.8667051,0,0
0.8672049,0,1
0.867705,0,0
0.8682048,0,1
0.8687049,0,0
0.86920475,0,1
0.86970485,0,0
0.87020465,0,1
0.87070475,0,0
0.8712046,0,1
0.87170465,0,0
0.87220445,0,1
0.87270455,0,0
0.87320435,0,1
0.87370435,0,0
0.8742042,0,1
0.8747042,0,0
0.875204,0,1
0.8757041,0,0
0.87620395,0,1
0.87670405,0,0
0.8772039,0,1
0.877704,0,0
0.8782038,0,1
0.87870385,0,0
0.8792037,0,1
0.87970375,0,0
0.88020355,0,1
0.8807036,0,0
0.88120345,0,1
0.88170355,0,0
0.88220335,0,1
0.88270345,0,0
0.8832033,0,1
0.88370335,0,0
0.88420325,0,1
0.8847034,0,0
0.8852032,0,1
0.8857033,0,0
0.88620315,0,1
0.8867032,0,0
0.88720305,0,1
0.8877032,0,0
0.88820305,0,1
0.8887032,0,0
0.88920305,0,1
0.8897032,0,0
0.8902031,0,1
0.89070325,0,0
0.8912031,0,1
0.89170325,0,0
0.89220305,0,1
0.89270315,0,0
0.89320305,0,1
0.8937031,0,0
0.8942029,0,1
0.894703,0,0
0.8952028,0,1
0.89570285,0,0
0.8962027,0,1
0.89670285,0,0
0.8972027,0,1
0.8977027,0,0
0.89820255,0,1
0.89870265,0,0
0.8992025,0,1
0.89970265,0,0
0.9002025,0,1
0.90070265,0,0
0.90120245,0,1
0.90170255,0,0
0.90220235,0,1
0.9027024,0,0
0.9032022,0,1
0.9037022,0,0
0.90420205,0,1
0.9047021,0,0
0.9052019,0,1
0.90570195,0,0
0.90620185,0,1
0.9067019,0,0
0.90720175,0,1
0.90770185,0,0
0.9082017,0,1
0.90870175,0,0
0.9092016,0,1
0.9097017,0,0
0.9102015,0,1
0.91070155,0,0
0.9112014,0,1
0.9117015,0,0
0.91220135,0,1
0.9127015,0,0
0.91320135,0,1
0.91370145,0,0
0.9142013,0,1
0.9147014,0,0
0.9152012,0,1
0.9157013,0,0
0.9162011,0,1
0.91670115,0,0
0.917201,0,1
0.91770105,0,0
0.91820085,0,1
0.9187009,0,0
0.91920075,0,1
0.9197009,0,0
0.9202008,0,1
0.9207009,0,0
0.92120075,0,1
0.92170095,0,0
0.9222008,0,1
0.92270095,0,0
0.92320085,0,1
0.92370095,0,0
0.92420085,0,1
0.924701,0,0
0.92520085,0,1
0.92570095,0,0
0.9262008,0,1
0.9267009,0,0
0.92720075,0,1
0.9277009,0,0
0.92820075,0,1
0.92870085,0,0
0.9292007,0,1
0.9297008,0,0
0.9302006,0,1
0.9307007,0,0
0.93120055,0,1
0.93170065,0,0
0.93220045,0,1
0.93270055,0,0
0.9332004,0,1
0.9337005,0,0
0.93420035,0,1
0.9347004,0,0
0.93520025,0,1
0.9357003,0,0
0.93620015,0,1
0.9367003,0,0
0.9372002,0,1
0.9377003,0,0
0.93820015,0,1
0.93870025,0,0
0.9392001,0,1
0.9397002,0,0
0.9402001,0,1
0.9407002,0,0
0.9412001,0,1
0.9417002,0,0
0.9422001,0,1
0.9427002,0,0
0.9432,0,1
0.94370015,0,0
0.9442,0,1
0.9447001,0,0
0.94519995,0,1
0.94570005,0,0
0.9461999,0,1
0.94670005,0,0
0.9471999,0,1
0.9477,0,0
0.94819985,0,1
0.94869995,0,0
0.94919975,0,1
0.9496998,0,0
0.95019965,0,1
0.95069975,0,0
0.9511996,0,1
0.9516997,0,0
0.95219955,0,1
0.95269965,0,0
0.95319955,0,1
0.9536997,0,0
0.9541996,0,1
0.9546997,0,0
0.9551996,0,1
0.9556997,0,0
0.9561996,0,1
0.9566997,0,0
0.95719955,0,1
0.95769965,0,0
0.9581995,0,1
0.9586996,0,0
0.9591995,0,1
0.95969965,0,0
0.9601995,0,1
0.96069965,0,0
0.9611995,0,1
0.9616997,0,0
0.9621996,0,1
0.96269975,0,0
0.9631996,0,1
0.96369975,0,0
0.9641996,0,1
0.96469975,0,0
0.9651996,0,1
0.96569975,0,0
0.96619965,0,1
0.9666998,0,0
0.9671997,0,1
0.9676998,0,0
0.96819965,0,1
0.9686998,0,0
0.96919965,0,1
0.9696998,0,0
0.9701997,0,1
0.97069985,0,0
0.97119975,0,1
0.97169995,0,0
0.9721999,0,1
0.97270005,0,0
0.97319995,0,1
0.9737001,0,0
0.9742,0,1
0.97470015,0,0
0.97520005,0,1
0.97570015,0,0
0.97620005,0,1
0.9767001,0,0
0.97719995,0,1
0.9777,0,0
0.97819985,0,1
0.9787,0,0
0.97919985,0,1
0.97969995,0,0
0.98019985,0,1
0.98070005,0,0
0.98119995,0,1
0.98170005,0,0
0.98219995,0,1
0.9827001,0,0
0.9832,0,1
0.9837001,0,0
0.98419995,0,1
0.98470005,0,0
0.98519995,0,1
0.9857001,0,0
0.9862,0,1
0.9867001,0,0
0.9872,0,1
0.98770005,0,0
0.98819995,0,1
0.98870005,0,0
0.98919995,0,1
0.98970005,0,0
0.99019995,0,1
0.99070005,0,0
0.9911999,0,1
0.9917,0,0
0.9921999,0,1
0.9927,0,0
0.99319985,0,1
0.9937,0,0
0.9941999,0,1
0.9947,0,0
0.99519985,0,1
0.99569995,0,0
0.99619985,0,1
0.99669995,0,0
0.9971998,0,1
0.99769995,0,0
0.99819985,0,1
0.99869995,0,0
0.9991998,0,1
0.9996999,0,0
1.00019975,0,1
1.0006999,0,0
1.0011998,0,1
1.00169995,0,0
1.00219985,0,1
1.00269995,0,0
1.00319985,0,1
1.00369995,0,0
1.00419985,0,1
1.0047,0,0
1.0051999,0,1
1.00570005,0,0
1.00619995,0,1
1.0067001,0,0
1.00719995,0,1
1.00770005,0,0
1.0081999,0,1
1.0087,0,0
1.00919985,0,1
1.00969995,0,0
1.01019985,0,1
1.0107,0,0
1.0111999,0,1
1.0117,0,0
1.01219985,0,1
1.0127,0,0
1.01319985,0,1
1.0136999,0,0
1.01419975,0,1
1.01469985,0,0
1.01519965,0,1
1.0156997,0,0
1.0161995,0,1
1.01669955,0,0
1.01719935,0,1
1.01769945,0,0
1.0181993,0,1
1.0186994,0,0
1.0191992,0,1
1.0196993,0,0
1.02019915,0,1
1.02069925,0,0
1.0211991,0,1
1.0216992,0,0
1.022199,0,1
1.02269905,0,0
1.02319885,0,1
1.0236989,0,0
1.0241988,0,1
1.02469885,0,0
1.0251987,0,1
1.02569875,0,0
1.02619855,0,1
1.0266986,0,0
1.02719845,0,1
1.0276985,0,0
1.0281983,0,1
1.02869835,0,0
1.02919815,0,1
1.0296982,0,0
1.03019805,0,1
1.0306981,0,0
1.031198,0,1
1.0316981,0,0
1.03219795,0,1
1.03269805,0,0
1.0331979,0,1
1.033698,0,0
1.03419785,0,1
1.0346979,0,0
1.0351977,0,1
1.0356978,0,0
1.03619765,0,1
1.03669775,0,0
1.0371976,0,1
1.0376977,0,0
1.0381975,0,1
1.03869755,0,0
1.0391974,0,1
1.0396975,0,0
1.04019735,0,1
1.04069745,0,0
1.0411973,0,1
1.04169745,0,0
1.0421973,0,1
1.04269745,0,0
1.0431973,0,1
1.0436974,0,0
1.04419735,0,1
1.04469745,0,0
1.04519735,0,1
1.04569745,0,0
1.0461973,0,1
1.0466974,0,0
1.0471972,0,1
1.0476973,0,0
1.04819715,0,1
1.0486972,0,0
1.049197,0,1
1.04969705,0,0
1.05019685,0,1
1.0506969,0,0
1.0511967,0,1
1.0516968,0,0
1.0521966,0,1
1.05269665,0,0
1.0531965,0,1
1.05369655,0,0
1.0541964,0,1
1.0546965,0,0
1.0551963,0,1
1.0556964,0,0
1.0561962,0,1
1.05669625,0,0
1.05719605,0,1
1.05769605,0,0
1.05819585,0,1
1.05869595,0,0
1.0591958,0,1
1.05969595,0,0
1.0601958,0,1
1.0606959,0,0
1.06119575,0,1
1.0616958,0,0
1.0621956,0,1
1.0626957,0,0
1.0631955,0,1
1.06369555,0,0
1.0641954,0,1
1.0646955,0,0
1.06519535,0,1
1.06569545,0,0
1.06619535,0,1
1.06669545,0,0
1.06719525,0,1
1.0676953,0,0
1.0681951,0,1
1.06869515,0,0
1.069195,0,1
1.0696951,0,0
1.0701949,0,1
1.07069495,0,0
1.07119475,0,1
1.0716948,0,0
1.0721946,0,1
1.0726947,0,0
1.07319445,0,1
1.0736945,0,0
1.07419425,0,1
1.0746943,0,0
1.0751941,0,1
1.07569415,0,0
1.07619395,0,1
1.076694,0,0
1.07719375,0,1
1.0776938,0,0
1.0781936,0,1
1.0786937,0,0
1.07919355,0,1
1.07969355,0,0
1.0801933,0,1
1.0806934,0,0
1.08119325,0,1
1.0816934,0,0
1.08219325,0,1
1.08269335,0,0
1.0831932,0,1
1.0836933,0,0
1.08419315,0,1
1.08469325,0,0
1.0851931,0,1
1.08569325,0,0
1.0861931,0,1
1.0866932,0,0
1.08719305,0,1
1.08769315,0,0
1.08819295,0,1
1.088693,0,0
1.08919285,0,1
1.08969295,0,0
1.0901928,0,1
1.0906929,0,0
1.0911928,0,1
1.09169295,0,0
1.0921929,0,1
1.092693,0,0
1.09319285,0,1
1.0936929,0,0
1.0941927,0,1
1.0946928,0,0
1.0951926,0,1
1.0956927,0,0
1.0961926,0,1
1.0966927,0,0
1.0971925,0,1
1.09769265,0,0
1.09819255,0,1
1.09869265,0,0
1.09919245,0,1
1.09969255,0,0
1.1001924,0,1
1.1006925,0,0
1.1011924,0,1
1.10169255,0,0
1.1021924,0,1
1.10269245,0,0
1.1031923,0,1
1.1036924,0,0
1.10419225,0,1
1.1046923,0,0
1.10519215,0,1
1.10569225,0,0
1.1061921,0,1
1.1066922,0,0
1.10719205,0,1
1.10769215,0,0
1.108192,0,1
1.1086921,0,0
1.10919195,0,1
1.10969205,0,0
1.1101919,0,1
1.110692,0,0
1.11119185,0,1
1.11169185,0,0
1.1121917,0,1
1.1126918,0,0
1.11319165,0,1
1.11369175,0,0
1.11419165,0,1
1.1146917,0,0
1.11519155,0,1
1.11569165,0,0
1.1161915,0,1
1.1166916,0,0
1.11719135,0,1
1.11769145,0,0
1.11819125,0,1
1.1186913,0,0
1.1191911,0,1
1.11969115,0,0
1.1201909,0,1
1.12069095,0,0
1.1211908,0,1
1.12169085,0,0
1.1221907,0,1
1.1226908,0,0
1.12319065,0,1
1.12369075,0,0
1.12419055,0,1
1.12469065,0,0
1.1251905,0,1
1.12569065,0,0
1.1261905,0,1
1.12669065,0,0
1.12719055,0,1
1.12769065,0,0
1.1281905,0,1
1.1286906,0,0
1.1291904,0,1
1.1296905,0,0
1.13019035,0,1
1.1306905,0,0
1.13119035,0,1
1.13169045,0,0
1.13219035,0,1
1.1326905,0,0
1.1331904,0,1
1.1336906,0,0
1.13419055,0,1
1.13469065,0,0
1.1351906,0,1
1.13569075,0,0
1.1361907,0,1
1.13669085,0,0
1.1371908,0,1
1.13769095,0,0
1.13819085,0,1
1.13869105,0,0
1.1391909,0,1
1.13969105,0,0
1.14019095,0,1
1.1406911,0,0
1.141191,0,1
1.14169115,0,0
1.142191,0,1
1.14269115,0,0
1.143191,0,1
1.1436911,0,0
1.144191,0,1
1.14469115,0,0
1.1451911,0,1
1.14569125,0,0
1.14619115,0,1
1.1466913,0,0
1.14719125,0,1
1.14769145,0,0
1.1481914,0,1
1.1486916,0,0
1.14919155,0,1
1.14969175,0,0
1.1501917,0,1
1.15069185,0,0
1.1511918,0,1
1.15169195,0,0
1.15219185,0,1
1.152692,0,0
1.1531919,0,1
1.153692,0,0
1.15419185,0,1
1.154692,0,0
1.1551919,0,1
1.15569205,0,0
1.15619195,0,1
1.1566921,0,0
1.157192,0,1
1.1576922,0,0
1.1581921,0,1
1.15869225,0,0
1.15919215,0,1
1.1596923,0,0
1.1601922,0,1
1.16069235,0,0
1.16119225,0,1
1.1616924,0,0
1.1621923,0,1
1.16269245,0,0
1.1631924,0,1
1.1636926,0,0
1.16419245,0,1
1.1646926,0,0
1.1651925,0,1
1.1656926,0,0
1.1661925,0,1
1.1666927,0,0
1.16719255,0,1
1.1676927,0,0
1.1681926,0,1
1.16869275,0,0
1.1691927,0,1
1.16969285,0,0
1.1701928,0,1
1.17069295,0,0
1.17119285,0,1
1.171693,0,0
1.1721929,0,1
1.17269305,0,0
1.17319295,0,1
1.17369315,0,0
1.1741931,0,1
1.17469325,0,0
1.1751932,0,1
1.17569335,0,0
1.1761933,0,1
1.1766935,0,0
1.17719345,0,1
1.1776937,0,0
1.1781936,0,1
1.1786938,0,0
1.17919375,0,1
1.1796939,0,0
1.18019385,0,1
1.180694,0,0
1.1811939,0,1
1.18169405,0,0
1.18219395,0,1
1.18269415,0,0
1.18319405,0,1
1.1836942,0,0
1.1841941,0,1
1.18469425,0,0
1.18519415,0,1
1.18569425,0,0
1.18619415,0,1
1.1866943,0,0
1.1871942,0,1
1.18769435,0,0
1.18819425,0,1
1.18869445,0,0
1.18919435,0,1
1.18969455,0,0
1.1901945,0,1
1.19069465,0,0
1.19119465,0,1
1.1916948,0,0
1.19219475,0,1
1.19269495,0,0
1.19319495,0,1
1.19369515,0,0
1.19419515,0,1
1.19469535,0,0
1.19519525,0,1
1.1956954,0,0
1.19619535,0,1
1.1966955,0,0
1.1971954,0,1
1.1976956,0,0
1.19819555,0,1
1.1986957,0,0
1.19919555,0,1
1.1996957,0,0
1.2001956,0,1
1.20069575,0,0
1.20119565,0,1
1.20169585,0,0
1.2021957,0,1
1.20269585,0,0
1.2031957,0,1
1.20369585,0,0
1.2041957,0,1
1.20469585,0,0
1.20519575,0,1
1.2056959,0,0
1.2061958,0,1
1.206696,0,0
1.2071959,0,1
1.2076961,0,0
1.208196,0,1
1.20869615,0,0
1.20919605,0,1
1.2096962,0,0
1.2101961,0,1
1.21069625,0,0
1.21119615,0,1
1.2116963,0,0
1.2121962,0,1
1.21269635,0,0
1.2131963,0,1
1.2136965,0,0
1.21419645,0,1
1.21469665,0,0
1.21519655,0,1
1.2156967,0,0
1.2161966,0,1
1.21669675,0,0
1.21719665,0,1
1.2176968,0,0
1.21819675,0,1
1.21869695,0,0
1.21919685,0,1
1.219697,0,0
1.2201969,0,1
1.22069705,0,0
1.2211969,0,1
1.22169705,0,0
1.22219695,0,1
1.2226971,0,0
1.22319705,0,1
1.2236972,0,0
1.2241971,0,1
1.2246973,0,0
1.2251972,0,1
1.2256974,0,0
1.2261974,0,1
1.22669755,0,0
1.2271975,0,1
1.22769765,0,0
1.22819755,0,1
1.2286977,0,0
1.22919765,0,1
1.2296978,0,0
1.23019775,0,1
1.23069785,0,0
1.23119775,0,1
1.2316979,0,0
1.23219785,0,1
1.232698,0,0
1.23319785,0,1
1.233698,0,0
1.2341979,0,1
1.23469805,0,0
1.235198,0,1
1.23569815,0,0
1.2361981,0,1
1.23669825,0,0
1.2371982,0,1
1.2376984,0,0
1.2381983,0,1
1.2386985,0,0
1.23919845,0,1
1.23969855,0,0
1.2401985,0,1
1.24069865,0,0
1.2411986,0,1
1.2416988,0,0
1.2421987,0,1
1.2426989,0,0
1.2431988,0,1
1.2436989,0,0
1.2441988,0,1
1.244699,0,0
1.2451989,0,1
1.24569905,0,0
1.246199,0,1
1.24669915,0,0
1.24719905,0,1
1.2476992,0,0
1.24819915,0,1
1.2486993,0,0
1.2491992,0,1
1.24969935,0,0
1.25019925,0,1
1.2506994,0,0
1.2511993,0,1
1.2516995,0,0
1.25219945,0,1
1.25269965,0,0
1.2531996,0,1
1.2536998,0,0
1.25419975,0,1
1.25469995,0,0
1.2551999,0,1
1.2557001,0,0
1.2562,0,1
1.25670015,0,0
1.2572001,0,1
1.25770025,0,0
1.25820015,0,1
1.2587003,0,0
1.2592002,0,1
1.2597003,0,0
1.26020025,0,1
1.26070045,0,0
1.26120035,0,1
1.2617005,0,0
1.2622004,0,1
1.2627006,0,0
1.2632005,0,1
1.2637007,0,0
1.2642006,0,1
1.26470075,0,0
1.26520065,0,1
1.26570085,0,0
1.26620075,0,1
1.2667009,0,0
1.2672008,0,1
1.2677009,0,0
1.2682008,0,1
1.26870095,0,0
1.2692008,0,1
1.269701,0,0
1.27020095,0,1
1.27070115,0,0
1.27120105,0,1
1.2717012,0,0
1.27220105,0,1
1.2727012,0,0
1.2732011,0,1
1.2737013,0,0
1.27420115,0,1
1.2747013,0,0
1.2752012,0,1
1.2757013,0,0
1.2762012,0,1
1.27670135,0,0
1.27720125,0,1
1.2777014,0,0
1.2782013,0,1
1.2787014,0,0
1.2792013,0,1
1.27970145,0,0
1.2802013,0,1
1.2807014,0,0
1.2812013,0,1
1.2817014,0,0
1.2822013,0,1
1.2827014,0,0
1.28320125,0,1
1.2837014,0,0
1.28420135,0,1
1.28470145,0,0
1.28520135,0,1
1.28570145,0,0
1.28620135,0,1
1.28670145,0,0
1.28720135,0,1
1.2877015,0,0
1.2882014,0,1
1.2887015,0,0
1.2892014,0,1
1.2897015,0,0
1.29020145,0,1
1.2907016,0,0
1.29120145,0,1
1.2917017,0,0
1.2922016,0,1
1.29270175,0,0
1.29320165,0,1
1.2937018,0,0
1.29420175,0,1
1.2947019,0,0
1.29520175,0,1
1.2957019,0,0
1.2962018,0,1
1.29670195,0,0
1.2972018,0,1
1.2977019,0,0
1.2982017,0,1
1.2987018,0,0
1.2992017,0,1
1.29970185,0,0
1.3002018,0,1
1.30070195,0,0
1.30120185,0,1
1.30170205,0,0
1.3022019,0,1
1.30270205,0,0
1.30320195,0,1
1.3037021,0,0
1.304202,0,1
1.30470215,0,0
1.30520205,0,1
1.3057022,0,0
1.3062021,0,1
1.3067023,0,0
1.3072022,0,1
1.3077024,0,0
1.30820235,0,1
1.30870255,0,0
1.30920245,0,1
1.3097026,0,0
1.31020255,0,1
1.3107027,0,0
1.31120265,0,1
1.31170275,0,0
1.31220255,0,1
1.3127027,0,0
1.3132026,0,1
1.31370275,0,0
1.3142026,0,1
1.31470275,0,0
1.3152026,0,1
1.3157027,0,0
1.3162026,0,1
1.3167027,0,0
1.3172026,0,1
1.31770275,0,0
1.31820265,0,1
1.3187028,0,0
1.31920265,0,1
1.3197027,0,0
1.32020255,0,1
1.32070265,0,0
1.32120255,0,1
1.32170265,0,0
1.3222025,0,1
1.32270265,0,0
1.32320255,0,1
1.32370265,0,0
1.32420255,0,1
1.32470265,0,0
1.3252026,0,1
1.32570275,0,0
1.3262026,0,1
1.3267027,0,0
1.3272026,0,1
1.32770275,0,0
1.3282026,0,1
1.32870275,0,0
1.3292026,0,1
1.32970275,0,0
1.3302026,0,1
1.3307027,0,0
1.3312026,0,1
1.33170275,0,0
1.33220265,0,1
1.3327028,0,0
1.33320265,0,1
1.3337028,0,0
1.3342027,0,1
1.33470285,0,0
1.3352027,0,1
1.33570285,0,0
1.3362028,0,1
1.33670295,0,0
1.33720285,0,1
1.337703,0,0
1.3382029,0,1
1.338703,0,0
1.3392029,0,1
1.3397031,0,0
1.340203,0,1
1.34070315,0,0
1.3412031,0,1
1.34170325,0,0
1.34220315,0,1
1.34270335,0,0
1.3432032,0,1
1.34370335,0,0
1.34420325,0,1
1.3447034,0,0
1.34520325,0,1
1.3457034,0,0
1.34620325,0,1
1.3467034,0,0
1.3472033,0,1
1.34770345,0,0
1.3482033,0,1
1.34870345,0,0
1.34920335,0,1
1.3497035,0,0
1.35020335,0,1
1.35070345,0,0
1.35120335,0,1
1.35170345,0,0
1.3522033,0,1
1.3527034,0,0
1.35320325,0,1
1.35370335,0,0
1.35420325,0,1
1.3547034,0,0
1.35520325,0,1
1.35570335,0,0
1.3562032,0,1
1.35670335,0,0
1.35720325,0,1
1.3577034,0,0
1.3582033,0,1
1.35870345,0,0
1.35920335,0,1
1.3597035,0,0
1.3602034,0,1
1.36070355,0,0
1.3612034,0,1
1.36170355,0,0
1.36220345,0,1
1.36270355,0,0
1.36320345,0,1
1.36370355,0,0
1.3642034,0,1
1.3647035,0,0
1.3652034,0,1
1.3657035,0,0
1.3662034,0,1
1.3667036,0,0
1.3672035,0,1
1.3677036,0,0
1.3682035,0,1
1.36870365,0,0
1.36920355,0,1
1.3697037,0,0
1.37020365,0,1
1.37070385,0,0
1.3712038,0,1
1.371704,0,0
1.37220395,0,1
1.3727041,0,0
1.37320405,0,1
1.3737042,0,0
1.3742041,0,1
1.3747042,0,0
1.37520405,0,1
1.3757042,0,0
1.37620405,0,1
1.37670415,0,0
1.37720405,0,1
1.37770425,0,0
1.37820415,0,1
1.3787043,0,0
1.3792042,0,1
1.37970435,0,0
1.38020425,0,1
1.3807044,0,0
1.3812043,0,1
1.3817045,0,0
1.38220435,0,1
1.3827045,0,0
1.38320445,0,1
1.38370465,0,0
1.38420455,0,1
1.3847047,0,0
1.38520455,0,1
1.3857047,0,0
1.38620455,0,1
1.3867046,0,0
1.38720445,0,1
1.38770455,0,0
1.38820445,0,1
1.3887046,0,0
1.3892045,0,1
1.3897046,0,0
1.3902044,0,1
1.3907045,0,0
1.39120435,0,1
1.3917044,0,0
1.3922042,0,1
1.3927043,0,0
1.39320415,0,1
1.3937042,0,0
1.394204,0,1
1.39470405,0,0
1.3952038,0,1
1.39570385,0,0
1.39620365,0,1
1.3967037,0,0
1.3972035,0,1
1.39770355,0,0
1.39820335,0,1
1.3987034,0,0
1.39920325,0,1
1.39970335,0,0
1.40020315,0,1
1.4007032,0,0
1.401203,0,1
1.4017031,0,0
1.40220295,0,1
1.40270305,0,0
1.40320295,0,1
1.403703,0,0
1.4042028,0,1
1.4047028,0,0
1.40520265,0,1
1.40570275,0,0
1.40620255,0,1
1.4067027,0,0
1.4072026,0,1
1.40770265,0,0
1.40820255,0,1
1.4087026,0,0
1.40920245,0,1
1.40970255,0,0
1.41020235,0,1
1.4107024,0,0
1.41120225,0,1
1.41170235,0,0
1.41220215,0,1
1.41270225,0,0
1.41320205,0,1
1.41370215,0,0
1.41420195,0,1
1.414702,0,0
1.4152019,0,1
1.41570195,0,0
1.4162018,0,1
1.41670195,0,0
1.4172018,0,1
1.4177019,0,0
1.41820175,0,1
1.41870185,0,0
1.41920165,0,1
1.4197017,0,0
1.42020155,0,1
1.42070165,0,0
1.42120145,0,1
1.4217015,0,0
1.4222013,0,1
1.4227014,0,0
1.4232012,0,1
1.42370125,0,0
1.4242011,0,1
1.42470115,0,0
1.42520095,0,1
1.42570105,0,0
1.4262009,0,1
1.426701,0,0
1.42720085,0,1
1.4277009,0,0
1.42820075,0,1
1.42870085,0,0
1.4292007,0,1
1.42970085,0,0
1.4302007,0,1
1.43070085,0,0
1.4312007,0,1
1.4317008,0,0
1.4322007,0,1
1.4327008,0,0
1.43320065,0,1
1.4337007,0,0
1.43420055,0,1
1.4347006,0,0
1.43520045,0,1
1.4357005,0,0
1.43620035,0,1
1.4367004,0,0
1.4372003,0,1
1.4377004,0,0
1.4382003,0,1
1.43870035,0,0
1.4392002,0,1
1.4397003,0,0
1.44020015,0,1
1.44070025,0,0
1.4412001,0,1
1.44170015,0,0
1.4422,0,1
1.4427001,0,0
1.44319985,0,1
1.4436998,0,0
1.44419955,0,1
1.4446996,0,0
1.44519945,0,1
1.4456996,0,0
1.44619945,0,1
1.4466996,0,0
1.4471995,0,1
1.44769965,0,0
1.4481995,0,1
1.44869965,0,0
1.44919955,0,1
1.44969965,0,0
1.45019955,0,1
1.4506997,0,0
1.45119955,0,1
1.4516997,0,0
1.45219955,0,1
1.45269965,0,0
1.4531995,0,1
1.4536996,0,0
1.45419945,0,1
1.4546996,0,0
1.45519945,0,1
1.45569955,0,0
1.4561994,0,1
1.45669945,0,0
1.4571993,0,1
1.4576994,0,0
1.4581993,0,1
1.4586994,0,0
1.45919925,0,1
1.4596994,0,0
1.46019925,0,1
1.46069935,0,0
1.4611992,0,1
1.46169925,0,0
1.46219905,0,1
1.4626991,0,0
1.46319895,0,1
1.46369905,0,0
1.4641989,0,1
1.464699,0,0
1.4651988,0,1
1.46569885,0,0
1.4661987,0,1
1.4666988,0,0
1.46719865,0,1
1.4676987,0,0
1.4681986,0,1
1.4686987,0,0
1.46919855,0,1
1.46969865,0,0
1.4701985,0,1
1.4706986,0,0
1.47119845,0,1
1.47169855,0,0
1.4721984,0,1
1.47269855,0,0
1.47319845,0,1
1.4736985,0,0
1.4741984,0,1
1.47469855,0,0
1.4751984,0,1
1.47569855,0,0
1.4761984,0,1
1.4766985,0,0
1.47719835,0,1
1.47769845,0,0
1.47819825,0,1
1.47869835,0,0
1.47919815,0,1
1.4796982,0,0
1.48019805,0,1
1.4806981,0,0
1.48119795,0,1
1.481698,0,0
1.48219785,0,1
1.48269795,0,0
1.48319785,0,1
1.48369795,0,0
1.48419775,0,1
1.48469785,0,0
1.4851977,0,1
1.4856978,0,0
1.48619765,0,1
1.48669775,0,0
1.4871976,0,1
1.4876977,0,0
1.48819755,0,1
1.4886977,0,0
1.48919755,0,1
1.48969765,0,0
1.49019745,0,1
1.49069755,0,0
1.4911974,0,1
1.4916975,0,0
1.4921973,0,1
1.49269735,0,0
1.49319715,0,1
1.4936972,0,0
1.49419705,0,1
1.49469715,0,0
1.495197,0,1
1.49569705,0,0
1.4961969,0,1
1.49669695,0,0
1.4971968,0,1
1.49769685,0,0
1.4981967,0,1
1.4986967,0,0
1.49919655,0,1
1.4996966,0,0
1.5001965,0,1
1.50069655,0,0
1.50119635,0,1
1.50169645,0,0
1.5021963,0,1
1.5026964,0,0
1.5031962,0,1
1.50369625,0,0
1.50419605,0,1
1.5046962,0,0
1.50519605,0,1
1.5056961,0,0
1.50619595,0,1
1.50669605,0,0
1.5071959,0,1
1.507696,0,0
1.50819585,0,1
1.50869595,0,0
1.5091958,0,1
1.5096959,0,0
1.5101958,0,1
1.5106959,0,0
1.5111958,0,1
1.51169595,0,0
1.5121958,0,1
1.5126959,0,0
1.51319585,0,1
1.513696,0,0
1.51419585,0,1
1.514696,0,0
1.51519585,0,1
1.51569595,0,0
1.5161958,0,1
1.5166959,0,0
1.51719575,0,1
1.51769585,0,0
1.5181957,0,1
1.5186958,0,0
1.51919565,0,1
1.5196958,0,0
1.5201957,0,1
1.5206958,0,0
1.5211957,0,1
1.5216958,0,0
1.52219565,0,1
1.52269575,0,0
1.5231956,0,1
1.52369575,0,0
1.5241956,0,1
1.5246957,0,0
1.5251956,0,1
1.5256957,0,0
1.5261956,0,1
1.5266957,0,0
1.52719555,0,1
1.5276957,0,0
1.52819555,0,1
1.52869565,0,0
1.52919555,0,1
1.52969565,0,0
1.53019555,0,1
1.53069565,0,0
1.53119555,0,1
1.5316957,0,0
1.5321956,0,1
1.5326957,0,0
1.5331956,0,1
1.5336957,0,0
1.53419555,0,1
1.5346957,0,0
1.53519555,0,1
1.53569575,0,0
1.5361956,0,1
1.53669575,0,0
1.5371956,0,1
1.53769575,0,0
1.5381956,0,1
1.53869575,0,0
1.5391956,0,1
1.5396957,0,0
1.5401956,0,1
1.54069575,0,0
1.5411956,0,1
1.54169575,0,0
1.54219565,0,1
1.5426958,0,0
1.54319565,0,1
1.5436958,0,0
1.5441957,0,1
1.5446958,0,0
1.5451957,0,1
1.54569575,0,0
1.5461956,0,1
1.54669575,0,0
1.54719565,0,1
1.5476958,0,0
1.5481957,0,1
1.54869585,0,0
1.5491958,0,1
1.54969595,0,0
1.55019585,0,1
1.550696,0,0
1.5511959,0,1
1.551696,0,0
1.5521959,0,1
1.55269605,0,0
1.5531959,0,1
1.55369605,0,0
1.554196,0,1
1.5546961,0,0
1.555196,0,1
1.5556961,0,0
1.5561959,0,1
1.55669595,0,0
1.5571958,0,1
1.5576959,0,0
1.5581957,0,1
1.5586958,0,0
1.5591956,0,1
1.5596957,0,0
1.56019555,0,1
1.56069565,0,0
1.5611955,0,1
1.5616956,0,0
1.5621954,0,1
1.5626955,0,0
1.5631953,0,1
1.5636954,0,0
1.56419525,0,1
1.56469535,0,0
1.56519525,0,1
1.56569535,0,0
1.5661952,0,1
1.56669525,0,0
1.5671951,0,1
1.56769515,0,0
1.568195,0,1
1.5686951,0,0
1.569195,0,1
1.56969505,0,0
1.5701949,0,1
1.57069505,0,0
1.57119495,0,1
1.5716951,0,0
1.572195,0,1
1.57269515,0,0
1.57319505,0,1
1.57369515,0,0
1.574195,0,1
1.57469515,0,0
1.57519505,0,1
1.57569515,0,0
1.576195,0,1
1.57669515,0,0
1.5771951,0,1
1.5776952,0,0
1.5781951,0,1
1.5786953,0,0
1.5791952,0,1
1.57969535,0,0
1.5801953,0,1
1.5806954,0,0
1.58119525,0,1
1.5816954,0,0
1.5821953,0,1
1.58269545,0,0
1.58319535,0,1
1.5836955,0,0
1.58419545,0,1
1.5846956,0,0
1.58519555,0,1
1.58569565,0,0
1.58619555,0,1
1.58669565,0,0
1.58719545,0,1
1.58769555,0,0
1.5881954,0,1
1.58869545,0,0
1.58919535,0,1
1.5896954,0,0
1.59019525,0,1
1.59069535,0,0
1.5911952,0,1
1.5916953,0,0
1.5921952,0,1
1.5926953,0,0
1.5931952,0,1
1.5936953,0,0
1.59419525,0,1
1.59469535,0,0
1.59519525,0,1
1.5956954,0,0
1.59619525,0,1
1.59669535,0,0
1.59719525,0,1
1.5976954,0,0
1.59819525,0,1
1.5986954,0,0
1.59919525,0,1
1.5996954,0,0
1.60019525,0,1
1.6006953,0,0
1.6011952,0,1
1.6016953,0,0
1.6021952,0,1
1.6026953,0,0
1.6031952,0,1
1.60369535,0,0
1.60419525,0,1
1.60469535,0,0
1.60519525,0,1
1.6056954,0,0
1.60619535,0,1
1.6066955,0,0
1.6071954,0,1
1.60769555,0,0
1.6081954,0,1
1.60869555,0,0
1.60919545,0,1
1.60969565,0,0
1.6101956,0,1
1.61069575,0,0
1.61119565,0,1
1.6116958,0,0
1.6121957,0,1
1.61269585,0,0
1.61319575,0,1
1.61369595,0,0
1.6141958,0,1
1.61469595,0,0
1.6151958,0,1
1.615696,0,0
1.61619585,0,1
1.61669595,0,0
1.6171958,0,1
1.61769585,0,0
1.61819575,0,1
1.61869585,0,0
1.61919575,0,1
1.61969585,0,0
1.62019575,0,1
1.6206959,0,0
1.6211958,0,1
1.6216959,0,0
1.6221958,0,1
1.6226959,0,0
1.6231958,0,1
1.62369595,0,0
1.62419585,0,1
1.624696,0,0
1.6251959,0,1
1.625696,0,0
1.62619585,0,1
1.626696,0,0
1.6271959,0,1
1.627696,0,0
1.62819585,0,1
1.628696,0,0
1.62919595,0,1
1.6296961,0,0
1.630196,0,1
1.63069615,0,0
1.631196,0,1
1.63169615,0,0
1.63219595,0,1
1.63269605,0,0
1.63319595,0,1
1.63369605,0,0
1.63419595,0,1
1.63469605,0,0
1.6351959,0,1
1.635696,0,0
1.6361959,0,1
1.636696,0,0
1.63719585,0,1
1.637696,0,0
1.63819585,0,1
1.63869595,0,0
1.63919585,0,1
1.639696,0,0
1.64019595,0,1
1.6406961,0,0
1.641196,0,1
1.6416961,0,0
1.642196,0,1
1.64269615,0,0
1.64319605,0,1
1.64369615,0,0
1.64419605,0,1
1.6446962,0,0
1.64519605,0,1
1.6456962,0,0
1.64619605,0,1
1.6466961,0,0
1.647196,0,1
1.6476961,0,0
1.64819595,0,1
1.6486961,0,0
1.6491959,0,1
1.649696,0,0
1.65019585,0,1
1.65069595,0,0
1.65119585,0,1
1.65169595,0,0
1.6521958,0,1
1.6526959,0,0
1.65319575,0,1
1.65369585,0,0
1.65419575,0,1
1.65469585,0,0
1.65519575,0,1
1.65569585,0,0
1.6561957,0,1
1.65669585,0,0
1.6571957,0,1
1.6576958,0,0
1.6581956,0,1
1.6586957,0,0
1.65919555,0,1
1.6596956,0,0
1.6601954,0,1
1.6606955,0,0
1.6611953,0,1
1.66169545,0,0
1.6621953,0,1
1.6626954,0,0
1.6631953,0,1
1.6636954,0,0
1.6641953,0,1
1.66469545,0,0
1.6651953,0,1
1.6656954,0,0
1.66619525,0,1
1.66669535,0,0
1.6671952,0,1
1.66769535,0,0
1.6681952,0,1
1.6686953,0,0
1.66919515,0,1
1.66969525,0,0
1.67019515,0,1
1.67069525,0,0
1.6711951,0,1
1.67169515,0,0
1.672195,0,1
1.67269505,0,0
1.67319485,0,1
1.6736949,0,0
1.67419475,0,1
1.67469485,0,0
1.67519475,0,1
1.6756949,0,0
1.6761948,0,1
1.676695,0,0
1.6771949,0,1
1.67769505,0,0
1.67819495,0,1
1.6786951,0,0
1.67919495,0,1
1.67969505,0,0
1.6801949,0,1
1.68069505,0,0
1.6811949,0,1
1.681695,0,0
1.68219485,0,1
1.68269495,0,0
1.6831948,0,1
1.6836949,0,0
1.6841947,0,1
1.6846948,0,0
1.6851947,0,1
1.68569475,0,0
1.6861946,0,1
1.6866947,0,0
1.68719455,0,1
1.68769465,0,0
1.6881945,0,1
1.6886946,0,0
1.68919445,0,1
1.68969455,0,0
1.6901944,0,1
1.6906945,0,0
1.6911944,0,1
1.6916945,0,0
1.69219435,0,1
1.69269445,0,0
1.69319425,0,1
1.6936943,0,0
1.69419415,0,1
1.69469425,0,0
1.6951941,0,1
1.6956942,0,0
1.69619405,0,1
1.6966942,0,0
1.69719405,0,1
1.6976941,0,0
1.69819395,0,1
1.69869405,0,0
1.6991939,0,1
1.699694,0,0
1.70019375,0,1
1.70069385,0,0
1.70119365,0,1
1.7016937,0,0
1.7021935,0,1
1.7026936,0,0
1.7031934,0,1
1.7036935,0,0
1.70419335,0,1
1.7046935,0,0
1.7051934,0,1
1.7056935,0,0
1.7061934,0,1
1.7066935,0,0
1.7071934,0,1
1.7076935,0,0
1.70819345,0,1
1.70869355,0,0
1.7091935,0,1
1.7096936,0,0
1.7101935,0,1
1.7106936,0,0
1.71119345,0,1
1.71169355,0,0
1.7121934,0,1
1.7126935,0,0
1.71319335,0,1
1.7136934,0,0
1.71419325,0,1
1.71469335,0,0
1.7151932,0,1
1.7156933,0,0
1.7161932,0,1
1.71669335,0,0
1.7171932,0,1
1.71769335,0,0
1.71819325,0,1
1.71869335,0,0
1.7191932,0,1
1.7196933,0,0
1.72019315,0,1
1.7206932,0,0
1.7211931,0,1
1.72169325,0,0
1.72219315,0,1
1.72269335,0,0
1.72319325,0,1
1.7236934,0,0
1.7241933,0,1
1.72469345,0,0
1.72519335,0,1
1.7256935,0,0
1.72619335,0,1
1.7266935,0,0
1.7271934,0,1
1.72769345,0,0
1.7281933,0,1
1.7286934,0,0
1.72919325,0,1
1.72969345,0,0
1.7301934,0,1
1.7306936,0,0
1.73119355,0,1
1.7316937,0,0
1.73219355,0,1
1.73269365,0,0
1.73319355,0,1
1.73369365,0,0
1.7341935,0,1
1.7346936,0,0
1.73519345,0,1
1.73569355,0,0
1.7361934,0,1
1.7366935,0,0
1.7371934,0,1
1.7376935,0,0
1.73819335,0,1
1.7386935,0,0
1.73919335,0,1
1.7396935,0,0
1.7401934,0,1
1.74069355,0,0
1.74119345,0,1
1.74169355,0,0
1.74219345,0,1
1.7426936,0,0
1.74319345,0,1
1.7436935,0,0
1.7441934,0,1
1.7446935,0,0
1.74519335,0,1
1.74569345,0,0
1.74619335,0,1
1.74669345,0,0
1.74719335,0,1
1.74769345,0,0
1.7481933,0,1
1.7486934,0,0
1.7491932,0,1
1.74969325,0,0
1.7501931,0,1
1.7506932,0,0
1.75119305,0,1
1.75169315,0,0
1.75219295,0,1
1.752693,0,0
1.75319285,0,1
1.7536929,0,0
1.75419275,0,1
1.75469285,0,0
1.75519265,0,1
1.75569275,0,0
1.75619255,0,1
1.7566927,0,0
1.75719255,0,1
1.75769265,0,0
1.7581925,0,1
1.7586926,0,0
1.7591924,0,1
1.7596925,0,0
1.7601923,0,1
1.76069235,0,0
1.7611921,0,1
1.76169215,0,0
1.76219195,0,1
1.76269205,0,0
1.7631919,0,1
1.763692,0,0
1.76419185,0,1
1.76469195,0,0
1.76519185,0,1
1.76569195,0,0
1.76619175,0,1
1.76669185,0,0
1.76719165,0,1
1.7676918,0,0
1.7681916,0,1
1.7686917,0,0
1.76919155,0,1
1.7696917,0,0
1.7701915,0,1
1.7706916,0,0
1.77119145,0,1
1.77169155,0,0
1.77219135,0,1
1.77269145,0,0
1.77319125,0,1
1.7736914,0,0
1.77419125,0,1
1.7746914,0,0
1.77519125,0,1
1.77569135,0,0
1.77619125,0,1
1.7766914,0,0
1.77719125,0,1
1.7776913,0,0
1.7781911,0,1
1.7786912,0,0
1.77919105,0,1
1.77969115,0,0
1.78019105,0,1
1.7806912,0,0
1.7811911,0,1
1.7816912,0,0
1.7821911,0,1
1.7826913,0,0
1.7831912,0,1
1.7836913,0,0
1.78419115,0,1
1.7846913,0,0
1.7851911,0,1
1.7856912,0,0
1.786191,0,1
1.7866911,0,0
1.7871909,0,1
1.78769095,0,0
1.7881908,0,1
1.7886909,0,0
1.78919075,0,1
1.7896909,0,0
1.79019075,0,1
1.79069085,0,0
1.79119065,0,1
1.79169075,0,0
1.79219065,0,1
1.79269075,0,0
1.79319065,0,1
1.7936907,0,0
1.79419055,0,1
1.7946906,0,0
1.7951904,0,1
1.7956905,0,0
1.79619035,0,1
1.7966904,0,0
1.79719025,0,1
1.7976903,0,0
1.7981901,0,1
1.79869015,0,0
1.79919,0,1
1.79969,0,0
1.8001898,0,1
1.8006899,0,0
1.8011897,0,1
1.80168975,0,0
1.8021896,0,1
1.8026897,0,0
1.8031895,0,1
1.80368955,0,0
1.80418935,0,1
1.80468945,0,0
1.8051892,0,1
1.8056893,0,0
1.8061891,0,1
1.8066892,0,0
1.807189,0,1
1.8076891,0,0
1.80818895,0,1
1.80868905,0,0
1.8091889,0,1
1.809689,0,0
1.81018885,0,1
1.81068895,0,0
1.8111888,0,1
1.8116889,0,0
1.81218875,0,1
1.81268885,0,0
1.81318875,0,1
1.81368885,0,0
1.81418875,0,1
1.81468885,0,0
1.8151887,0,1
1.8156888,0,0
1.81618865,0,1
1.81668875,0,0
1.8171886,0,1
1.8176887,0,0
1.81818855,0,1
1.81868865,0,0
1.8191885,0,1
1.81968855,0,0
1.8201884,0,1
1.82068855,0,0
1.8211884,0,1
1.82168845,0,0
1.8221883,0,1
1.82268835,0,0
1.82318815,0,1
1.82368825,0,0
1.8241881,0,1
1.8246882,0,0
1.8251881,0,1
1.8256882,0,0
1.82618805,0,1
1.82668815,0,0
1.827188,0,1
1.8276881,0,0
1.8281879,0,1
1.828688,0,0
1.8291878,0,1
1.82968785,0,0
1.83018775,0,1
1.83068785,0,0
1.83118765,0,1
1.8316877,0,0
1.8321875,0,1
1.83268755,0,0
1.8331874,0,1
1.83368745,0,0
1.83418725,0,1
1.8346873,0,0
1.83518715,0,1
1.8356872,0,0
1.836187,0,1
1.8366871,0,0
1.8371869,0,1
1.83768695,0,0
1.8381868,0,1
1.8386869,0,0
1.83918675,0,1
1.83968685,0,0
1.8401867,0,1
1.8406868,0,0
1.8411867,0,1
1.84168685,0,0
1.8421867,0,1
1.8426868,0,0
1.8431867,0,1
1.8436868,0,0
1.84418665,0,1
1.8446868,0,0
1.8451866,0,1
1.8456867,0,0
1.84618655,0,1
1.84668665,0,0
1.84718645,0,1
1.8476865,0,0
1.84818635,0,1
1.8486864,0,0
1.8491863,0,1
1.8496864,0,0
1.8501862,0,1
1.85068635,0,0
1.85118615,0,1
1.85168625,0,0
1.8521861,0,1
1.8526862,0,0
1.85318605,0,1
1.85368615,0,0
1.854186,0,1
1.8546861,0,0
1.85518595,0,1
1.855686,0,0
1.85618585,0,1
1.85668595,0,0
1.85718575,0,1
1.85768585,0,0
1.8581857,0,1
1.8586858,0,0
1.85918565,0,1
1.8596857,0,0
1.86018555,0,1
1.86068565,0,0
1.86118545,0,1
1.8616855,0,0
1.86218535,0,1
1.86268545,0,0
1.86318525,0,1
1.86368535,0,0
1.86418515,0,1
1.86468525,0,0
1.86518505,0,1
1.86568515,0,0
1.866185,0,1
1.86668505,0,0
1.8671849,0,1
1.867685,0,0
1.8681848,0,1
1.86868495,0,0
1.8691848,0,1
1.8696849,0,0
1.87018475,0,1
1.87068485,0,0
1.8711847,0,1
1.87168475,0,0
1.8721846,0,1
1.8726847,0,0
1.8731845,0,1
1.8736846,0,0
1.87418445,0,1
1.87468455,0,0
1.87518445,0,1
1.87568455,0,0
1.87618445,0,1
1.87668455,0,0
1.8771844,0,1
1.87768455,0,0
1.87818445,0,1
1.87868455,0,0
1.8791844,0,1
1.87968445,0,0
1.8801843,0,1
1.8806844,0,0
1.8811843,0,1
1.8816844,0,0
1.8821843,0,1
1.8826844,0,0
1.8831843,0,1
1.8836844,0,0
1.8841843,0,1
1.88468445,0,0
1.8851843,0,1
1.88568445,0,0
1.88618435,0,1
1.88668445,0,0
1.88718435,0,1
1.8876844,0,0
1.88818425,0,1
1.8886844,0,0
1.8891843,0,1
1.88968445,0,0
1.8901843,0,1
1.8906844,0,0
1.8911842,0,1
1.8916843,0,0
1.89218415,0,1
1.89268425,0,0
1.8931841,0,1
1.89368415,0,0
1.894184,0,1
1.8946841,0,0
1.89518395,0,1
1.89568405,0,0
1.89618395,0,1
1.8966841,0,0
1.89718395,0,1
1.8976841,0,0
1.89818395,0,1
1.89868405,0,0
1.8991839,0,1
1.89968405,0,0
1.9001839,0,1
1.900684,0,0
1.9011839,0,1
1.901684,0,0
1.9021838,0,1
1.9026839,0,0
1.90318375,0,1
1.90368385,0,0
1.9041837,0,1
1.90468375,0,0
1.90518365,0,1
1.90568375,0,0
1.9061836,0,1
1.9066837,0,0
1.90718355,0,1
1.90768365,0,0
1.9081835,0,1
1.90868355,0,0
1.9091834,0,1
1.90968355,0,0
1.9101834,0,1
1.9106835,0,0
1.91118335,0,1
1.9116834,0,0
1.91218325,0,1
1.9126834,0,0
1.9131833,0,1
1.91368345,0,0
1.9141833,0,1
1.91468345,0,0
1.91518335,0,1
1.91568345,0,0
1.9161833,0,1
1.91668345,0,0
1.9171833,0,1
1.91768345,0,0
1.9181833,0,1
1.9186834,0,0
1.91918325,0,1
1.9196833,0,0
1.92018315,0,1
1.9206832,0,0
1.9211831,0,1
1.9216832,0,0
1.9221831,0,1
1.9226832,0,0
1.92318305,0,1
1.92368315,0,0
1.92418305,0,1
1.9246832,0,0
1.9251831,0,1
1.9256832,0,0
1.92618305,0,1
1.9266832,0,0
1.9271831,0,1
1.9276832,0,0
1.9281831,0,1
1.92868315,0,0
1.92918295,0,1
1.929683,0,0
1.93018285,0,1
1.930683,0,0
1.93118285,0,1
1.9316829,0,0
1.9321827,0,1
1.9326828,0,0
1.93318265,0,1
1.93368275,0,0
1.9341826,0,1
1.93468275,0,0
1.9351826,0,1
1.9356827,0,0
1.9361825,0,1
1.9366826,0,0
1.9371825,0,1
1.9376826,0,0
1.9381825,0,1
1.9386826,0,0
1.93918245,0,1
1.93968255,0,0
1.9401824,0,1
1.9406825,0,0
1.9411824,0,1
1.94168255,0,0
1.9421824,0,1
1.94268255,0,0
1.94318245,0,1
1.9436826,0,0
1.9441825,0,1
1.94468265,0,0
1.9451825,0,1
1.94568265,0,0
1.94618255,0,1
1.9466827,0,0
1.9471826,0,1
1.9476827,0,0
1.94818265,0,1
1.9486828,0,0
1.9491827,0,1
1.9496828,0,0
1.9501827,0,1
1.95068285,0,0
1.95118275,0,1
1.9516829,0,0
1.9521828,0,1
1.952683,0,0
1.95318285,0,1
1.953683,0,0
1.95418295,0,1
1.95468315,0,0
1.95518305,0,1
1.95568315,0,0
1.95618305,0,1
1.9566832,0,0
1.9571831,0,1
1.9576833,0,0
1.9581832,0,1
1.9586834,0,0
1.9591833,0,1
1.9596835,0,0
1.96018335,0,1
1.9606835,0,0
1.96118345,0,1
1.9616836,0,0
1.9621836,0,1
1.9626838,0,0
1.96318375,0,1
1.96368395,0,0
1.9641839,0,1
1.96468405,0,0
1.96518395,0,1
1.96568415,0,0
1.96618405,0,1
1.96668415,0,0
1.967184,0,1
1.9676842,0,0
1.9681841,0,1
1.96868425,0,0
1.96918415,0,1
1.9696843,0,0
1.97018415,0,1
1.9706843,0,0
1.97118415,0,1
1.97168425,0,0
1.9721842,0,1
1.97268435,0,0
1.9731842,0,1
1.97368435,0,0
1.97418425,0,1
1.9746844,0,0
1.9751843,0,1
1.9756845,0,0
1.97618435,0,1
1.9766845,0,0
1.9771844,0,1
1.97768455,0,0
1.9781845,0,1
1.97868465,0,0
1.97918455,0,1
1.97968475,0,0
1.9801847,0,1
1.98068485,0,0
1.98118475,0,1
1.9816849,0,0
1.98218485,0,1
1.982685,0,0
1.9831849,0,1
1.98368505,0,0
1.98418495,0,1
1.98468515,0,0
1.98518505,0,1
1.9856852,0,0
1.9861851,0,1
1.98668525,0,0
1.9871851,0,1
1.98768525,0,0
1.9881851,0,1
1.9886852,0,0
1.98918505,0,1
1.9896852,0,0
1.99018505,0,1
1.99068515,0,0
1.991185,0,1
1.9916851,0,0
1.99218495,0,1
1.9926851,0,0
1.99318495,0,1
1.9936851,0,0
1.99418495,0,1
1.994685,0,0
1.99518485,0,1
1.99568495,0,0
1.9961848,0,1
1.99668495,0,0
1.99718485,0,1
1.99768495,0,0
1.9981848,0,1
1.9986849,0,0
1.99918475,0,1
1.9996849,0,0
2.00018475,0,1
2.00068485,0,0
2.00118475,0,1
2.0016849,0,0
2.00218475,0,1
2.00268485,0,0
2.00318475,0,1
2.00368485,0,0
2.0041847,0,1
2.00468485,0,0
2.00518465,0,1
2.00568475,0,0
2.0061846,0,1
2.00668475,0,0
2.00718465,0,1
2.00768475,0,0
2.00818465,0,1
2.00868475,0,0
2.00918465,0,1
2.0096848,0,0
2.01018465,0,1
2.0106848,0,0
2.0111847,0,1
2.01168485,0,0
2.01218475,0,1
2.0126849,0,0
2.0131848,0,1
2.0136849,0,0
2.01418475,0,1
2.01468495,0,0
2.0151849,0,1
2.01568505,0,0
2.01618495,0,1
2.01668515,0,0
2.01718505,0,1
2.01768525,0,0
2.0181852,0,1
2.01868535,0,0
2.0191853,0,1
2.01968545,0,0
2.02018535,0,1
2.0206855,0,0
2.0211854,0,1
2.0216856,0,0
2.0221855,0,1
2.02268565,0,0
2.02318555,0,1
2.0236857,0,0
2.02418555,0,1
2.0246857,0,0
2.02518555,0,1
2.02568565,0,0
2.0261855,0,1
2.0266856,0,0
2.0271855,0,1
2.0276856,0,0
2.02818545,0,1
2.0286856,0,0
2.0291855,0,1
2.0296857,0,0
2.03018565,0,1
2.0306858,0,0
2.0311857,0,1
2.0316858,0,0
2.0321857,0,1
2.03268585,0,0
2.03318575,0,1
2.0336859,0,0
2.0341858,0,1
2.03468595,0,0
2.03518585,0,1
2.035686,0,0
2.0361859,0,1
2.03668605,0,0
2.037186,0,1
2.03768615,0,0
2.038186,0,1
2.0386861,0,0
2.039186,0,1
2.0396861,0,0
2.04018595,0,1
2.0406861,0,0
2.04118595,0,1
2.0416861,0,0
2.04218595,0,1
2.04268605,0,0
2.04318595,0,1
2.04368605,0,0
2.04418595,0,1
2.04468605,0,0
2.04518595,0,1
2.045686,0,0
2.0461859,0,1
2.04668605,0,0
2.04718595,0,1
2.0476861,0,0
2.048186,0,1
2.04868615,0,0
2.0491861,0,1
2.0496862,0,0
2.0501861,0,1
2.05068625,0,0
2.0511861,0,1
2.0516863,0,0
2.0521862,0,1
2.05268635,0,0
2.05318625,0,1
2.05368635,0,0
2.05418625,0,1
2.05468635,0,0
2.05518625,0,1
2.0556864,0,0
2.0561863,0,1
2.0566865,0,0
2.0571864,0,1
2.0576866,0,0
2.05818645,0,1
2.05868665,0,0
2.05918655,0,1
2.0596867,0,0
2.06018665,0,1
2.0606868,0,0
2.0611867,0,1
2.0616869,0,0
2.0621868,0,1
2.06268695,0,0
2.0631869,0,1
2.06368705,0,0
2.06418695,0,1
2.06468715,0,0
2.0651871,0,1
2.06568725,0,0
2.0661872,0,1
2.0666874,0,0
2.06718735,0,1
2.0676875,0,0
2.06818735,0,1
2.0686875,0,0
2.06918745,0,1
2.06968755,0,0
2.07018745,0,1
2.07068755,0,0
2.07118745,0,1
2.0716876,0,0
2.0721875,0,1
2.07268765,0,0
2.0731875,0,1
2.07368765,0,0
2.0741875,0,1
2.07468765,0,0
2.0751875,0,1
2.07568765,0,0
2.0761875,0,1
2.07668765,0,0
2.0771875,0,1
2.07768765,0,0
2.0781875,0,1
2.0786876,0,0
2.07918745,0,1
2.0796876,0,0
2.08018745,0,1
2.0806876,0,0
2.0811875,0,1
2.0816876,0,0
2.0821875,0,1
2.0826876,0,0
2.0831875,0,1
2.08368765,0,0
2.0841875,0,1
2.0846876,0,0
2.08518745,0,1
2.08568755,0,0
2.08618745,0,1
2.08668755,0,0
2.08718735,0,1
2.08768745,0,0
2.0881873,0,1
2.08868735,0,0
2.0891872,0,1
2.0896873,0,0
2.0901872,0,1
2.0906873,0,0
2.0911871,0,1
2.0916872,0,0
2.09218705,0,1
2.0926871,0,0
2.09318695,0,1
2.093687,0,0
2.09418685,0,1
2.09468695,0,0
2.0951868,0,1
2.0956869,0,0
2.09618675,0,1
2.0966869,0,0
2.0971868,0,1
2.09768695,0,0
2.09818685,0,1
2.098687,0,0
2.0991869,0,1
2.099687,0,0
2.1001869,0,1
2.100687,0,0
2.1011869,0,1
2.101687,0,0
2.10218685,0,1
2.102687,0,0
2.10318685,0,1
2.103687,0,0
2.10418685,0,1
2.104687,0,0
2.1051869,0,1
2.105687,0,0
2.10618685,0,1
2.10668695,0,0
2.1071868,0,1
2.1076869,0,0
2.1081868,0,1
2.10868695,0,0
2.10918685,0,1
2.10968695,0,0
2.11018685,0,1
2.110687,0,0
2.1111869,0,1
2.11168705,0,0
2.11218695,0,1
2.11268715,0,0
2.1131871,0,1
2.11368725,0,0
2.11418715,0,1
2.1146873,0,0
2.1151872,0,1
2.11568745,0,0
2.11618735,0,1
2.11668755,0,0
2.1171875,0,1
2.11768765,0,0
2.11818755,0,1
2.1186877,0,0
2.11918765,0,1
2.11968785,0,0
2.1201878,0,1
2.120688,0,0
2.12118785,0,1
2.12168795,0,0
2.12218785,0,1
2.122688,0,0
2.1231879,0,1
2.12368805,0,0
2.12418795,0,1
2.1246881,0,0
2.125188,0,1
2.1256881,0,0
2.12618805,0,1
2.1266882,0,0
2.1271881,0,1
2.12768825,0,0
2.1281882,0,1
2.12868835,0,0
2.12918825,0,1
2.12968845,0,0
2.1301884,0,1
2.1306886,0,0
2.1311885,0,1
2.1316887,0,0
2.13218855,0,1
2.13268865,0,0
2.1331885,0,1
2.13368865,0,0
2.13418855,0,1
2.13468865,0,0
2.1351885,0,1
2.1356886,0,0
2.1361885,0,1
2.13668865,0,0
2.1371885,0,1
2.13768865,0,0
2.1381886,0,1
2.1386887,0,0
2.1391886,0,1
2.1396887,0,0
2.14018865,0,1
2.14068875,0,0
2.14118865,0,1
2.1416888,0,0
2.1421886,0,1
2.1426887,0,0
2.14318855,0,1
2.14368865,0,0
2.14418855,0,1
2.1446887,0,0
2.1451886,0,1
2.1456887,0,0
2.14618855,0,1
2.1466887,0,0
2.1471886,0,1
2.14768875,0,0
2.1481886,0,1
2.14868875,0,0
2.14918865,0,1
2.14968875,0,0
2.1501886,0,1
2.15068875,0,0
2.1511886,0,1
2.15168875,0,0
2.1521887,0,1
2.1526889,0,0
2.1531888,0,1
2.15368895,0,0
2.15418885,0,1
2.15468895,0,0
2.1551889,0,1
2.155689,0,0
2.1561889,0,1
2.15668905,0,0
2.15718895,0,1
2.1576891,0,0
2.15818895,0,1
2.15868905,0,0
2.15918895,0,1
2.1596891,0,0
2.160189,0,1
2.16068915,0,0
2.161189,0,1
2.16168915,0,0
2.16218905,0,1
2.1626892,0,0
2.16318915,0,1
2.1636893,0,0
2.16418925,0,1
2.1646894,0,0
2.1651893,0,1
2.16568945,0,0
2.16618935,0,1
2.1666895,0,0
2.16718945,0,1
2.16768965,0,0
2.1681896,0,1
2.1686897,0,0
2.16918965,0,1
2.16968975,0,0
2.17018965,0,1
2.1706898,0,0
2.1711897,0,1
2.1716898,0,0
2.1721897,0,1
2.17268985,0,0
2.1731897,0,1
2.17368985,0,0
2.1741897,0,1
2.1746898,0,0
2.1751897,0,1
2.1756898,0,0
2.17618965,0,1
2.1766898,0,0
2.1771896,0,1
2.17768975,0,0
2.1781896,0,1
2.1786897,0,0
2.17918955,0,1
2.17968965,0,0
2.18018955,0,1
2.1806897,0,0
2.1811896,0,1
2.18168975,0,0
2.18218965,0,1
2.1826898,0,0
2.1831897,0,1
2.18368985,0,0
2.18418975,0,1
2.18468995,0,0
2.1851899,0,1
2.18569005,0,0
2.18618995,0,1
2.1866901,0,0
2.18719,0,1
2.1876901,0,0
2.18819,0,1
2.1886901,0,0
2.18919,0,1
2.1896901,0,0
2.19019,0,1
2.1906901,0,0
2.19118995,0,1
2.19169005,0,0
2.1921899,0,1
2.19269,0,0
2.19318985,0,1
2.19369,0,0
2.1941899,0,1
2.19469,0,0
2.19518985,0,1
2.19568995,0,0
2.19618985,0,1
2.19668995,0,0
2.19718985,0,1
2.19769,0,0
2.1981899,0,1
2.19869,0,0
2.1991899,0,1
2.19969,0,0
2.2001899,0,1
2.20069,0,0
2.20118985,0,1
2.20169,0,0
2.20218985,0,1
2.20269,0,0
2.20318985,0,1
2.20369,0,0
2.20418985,0,1
2.20468995,0,0
2.2051898,0,1
2.20568995,0,0
2.2061898,0,1
2.20668985,0,0
2.2071897,0,1
2.20768975,0,0
2.2081896,0,1
2.2086897,0,0
2.20918955,0,1
2.2096896,0,0
2.21018945,0,1
2.21068955,0,0
2.21118945,0,1
2.21168955,0,0
2.21218945,0,1
2.21268955,0,0
2.2131895,0,1
2.21368965,0,0
2.2141896,0,1
2.21468975,0,0
2.2151897,0,1
2.2156899,0,0
2.21618985,0,1
2.21669,0,0
2.21718995,0,1
2.2176901,0,0
2.21819005,0,1
2.2186902,0,0
2.2191901,0,1
2.2196903,0,0
2.22019025,0,1
2.2206904,0,0
2.22119035,0,1
2.2216905,0,0
2.22219045,0,1
2.2226906,0,0
2.22319055,0,1
2.2236907,0,0
2.22419055,0,1
2.22469065,0,0
2.2251905,0,1
2.22569065,0,0
2.22619055,0,1
2.22669065,0,0
2.2271905,0,1
2.22769055,0,0
2.22819045,0,1
2.22869055,0,0
2.2291904,0,1
2.22969055,0,0
2.2301904,0,1
2.23069055,0,0
2.23119045,0,1
2.2316906,0,0
2.2321904,0,1
2.2326905,0,0
2.23319035,0,1
2.2336904,0,0
2.23419025,0,1
2.23469035,0,0
2.2351902,0,1
2.2356903,0,0
2.23619015,0,1
2.2366903,0,0
2.2371902,0,1
2.2376904,0,0
2.2381903,0,1
2.23869035,0,0
2.2391902,0,1
2.2396903,0,0
2.2401901,0,1
2.2406902,0,0
2.24119,0,1
2.2416901,0,0
2.24218995,0,1
2.24269,0,0
2.2431898,0,1
2.24368985,0,0
2.24418975,0,1
2.24468985,0,0
2.2451897,0,1
2.2456898,0,0
2.24618965,0,1
2.24668975,0,0
2.2471896,0,1
2.24768965,0,0
2.24818945,0,1
2.24868955,0,0
2.2491894,0,1
2.24968945,0,0
2.2501893,0,1
2.2506894,0,0
2.2511892,0,1
2.2516893,0,0
2.2521892,0,1
2.2526893,0,0
2.25318915,0,1
2.25368925,0,0
2.2541891,0,1
2.25468925,0,0
2.25518915,0,1
2.2556893,0,0
2.25618915,0,1
2.25668925,0,0
2.25718905,0,1
2.25768915,0,0
2.258189,0,1
2.25868905,0,0
2.25918885,0,1
2.25968895,0,0
2.2601888,0,1
2.26068885,0,0
2.2611887,0,1
2.2616888,0,0
2.2621886,0,1
2.26268865,0,0
2.26318845,0,1
2.2636885,0,0
2.26418835,0,1
2.26468835,0,0
2.26518815,0,1
2.2656882,0,0
2.266188,0,1
2.26668805,0,0
2.26718785,0,1
2.26768795,0,0
2.26818775,0,1
2.2686878,0,0
2.2691876,0,1
2.2696877,0,0
2.27018755,0,1
2.2706876,0,0
2.2711874,0,1
2.27168745,0,0
2.27218725,0,1
2.2726873,0,0
2.2731871,0,1
2.27368715,0,0
2.274187,0,1
2.274687,0,0
2.2751868,0,1
2.27568685,0,0
2.2761867,0,1
2.27668675,0,0
2.27718655,0,1
2.2776866,0,0
2.2781864,0,1
2.27868645,0,0
2.2791863,0,1
2.27968635,0,0
2.28018615,0,1
2.2806862,0,0
2.28118595,0,1
2.281686,0,0
2.2821858,0,1
2.28268585,0,0
2.2831856,0,1
2.28368565,0,0
2.28418545,0,1
2.2846855,0,0
2.28518535,0,1
2.2856854,0,0
2.2861852,0,1
2.2866852,0,0
2.287185,0,1
2.287685,0,0
2.28818485,0,1
2.2886849,0,0
2.2891847,0,1
2.2896848,0,0
2.2901846,0,1
2.29068465,0,0
2.2911844,0,1
2.2916844,0,0
2.29218425,0,1
2.2926843,0,0
2.29318405,0,1
2.29368415,0,0
2.29418395,0,1
2.29468395,0,0
2.2951838,0,1
2.29568385,0,0
2.29618365,0,1
2.29668365,0,0
2.29718345,0,1
2.2976835,0,0
2.29818335,0,1
2.29868335,0,0
2.29918315,0,1
2.2996832,0,0
2.300183,0,1
2.30068305,0,0
2.30118285,0,1
2.30168285,0,0
2.3021827,0,1
2.30268275,0,0
2.30318255,0,1
2.30368255,0,0
2.30418235,0,1
2.3046824,0,0
2.3051822,0,1
2.30568225,0,0
2.306182,0,1
2.30668205,0,0
2.30718185,0,1
2.3076819,0,0
2.30818165,0,1
2.30868165,0,0
2.30918145,0,1
2.3096815,0,0
2.31018135,0,1
2.31068145,0,0
2.3111813,0,1
2.3116814,0,0
2.31218125,0,1
2.31268135,0,0
2.31318125,0,1
2.31368135,0,0
2.31418115,0,1
2.3146813,0,0
2.3151812,0,1
2.31568135,0,0
2.31618125,0,1
2.31668135,0,0
2.31718125,0,1
2.3176814,0,0
2.3181813,0,1
2.31868145,0,0
2.31918135,0,1
2.3196815,0,0
2.32018145,0,1
2.3206816,0,0
2.32118155,0,1
2.3216817,0,0
2.3221816,0,1
2.3226818,0,0
2.3231817,0,1
2.3236818,0,0
2.3241817,0,1
2.3246818,0,0
2.32518165,0,1
2.3256818,0,0
2.32618165,0,1
2.32668175,0,0
2.3271816,0,1
2.3276817,0,0
2.3281815,0,1
2.32868155,0,0
2.3291814,0,1
2.3296814,0,0
2.33018115,0,1
2.33068115,0,0
2.33118095,0,1
2.33168105,0,0
2.33218085,0,1
2.33268095,0,0
2.3331808,0,1
2.33368085,0,0
2.33418075,0,1
2.33468085,0,0
2.33518075,0,1
2.33568085,0,0
2.3361807,0,1
2.3366808,0,0
2.33718065,0,1
2.33768075,0,0
2.33818055,0,1
2.33868065,0,0
2.33918045,0,1
2.33968055,0,0
2.34018035,0,1
2.3406804,0,0
2.34118025,0,1
2.3416803,0,0
2.3421801,0,1
2.34268015,0,0
2.3431799,0,1
2.34367995,0,0
2.3441797,0,1
2.34467975,0,0
2.34517955,0,1
2.3456796,0,0
2.3461794,0,1
2.34667945,0,0
2.34717925,0,1
2.3476793,0,0
2.3481791,0,1
2.3486792,0,0
2.34917905,0,1
2.34967915,0,0
2.35017905,0,1
2.3506791,0,0
2.351179,0,1
2.35167905,0,0
2.35217885,0,1
2.3526789,0,0
2.3531787,0,1
2.35367875,0,0
2.3541785,0,1
2.3546786,0,0
2.3551784,0,1
2.35567845,0,0
2.3561782,0,1
2.35667825,0,0
2.35717805,0,1
2.3576781,0,0
2.35817785,0,1
2.3586779,0,0
2.3591777,0,1
2.3596777,0,0
2.3601775,0,1
2.3606775,0,0
2.3611773,0,1
2.36167735,0,0
2.36217715,0,1
2.3626772,0,0
2.363177,0,1
2.3636771,0,0
2.3641769,0,1
2.36467695,0,0
2.36517675,0,1
2.36567685,0,0
2.36617665,0,1
2.36667665,0,0
2.3671765,0,1
2.36767655,0,0
2.36817635,0,1
2.36867645,0,0
2.3691763,0,1
2.36967635,0,0
2.3701762,0,1
2.3706763,0,0
2.37117615,0,1
2.3716763,0,0
2.37217615,0,1
2.3726762,0,0
2.373176,0,1
2.37367605,0,0
2.37417585,0,1
2.37467585,0,0
2.37517565,0,1
2.3756757,0,0
2.3761755,0,1
2.37667555,0,0
2.37717535,0,1
2.37767545,0,0
2.3781753,0,1
2.3786754,0,0
2.3791752,0,1
2.3796753,0,0
2.38017515,0,1
2.38067525,0,0
2.38117505,0,1
2.3816752,0,0
2.38217505,0,1
2.38267515,0,0
2.383175,0,1
2.38367505,0,0
2.38417495,0,1
2.384675,0,0
2.3851748,0,1
2.3856749,0,0
2.38617475,0,1
2.3866748,0,0
2.3871746,0,1
2.38767465,0,0
2.38817445,0,1
2.38867455,0,0
2.3891744,0,1
2.3896745,0,0
2.39017435,0,1
2.3906744,0,0
2.3911743,0,1
2.39167435,0,0
2.3921742,0,1
2.3926743,0,0
2.3931742,0,1
2.3936743,0,0
2.3941742,0,1
2.3946743,0,0
2.3951742,0,1
2.3956743,0,0
2.3961742,0,1
2.3966743,0,0
2.39717415,0,1
2.3976742,0,0
2.39817405,0,1
2.3986742,0,0
2.39917405,0,1
2.3996742,0,0
2.40017405,0,1
2.4006741,0,0
2.40117395,0,1
2.401674,0,0
2.40217385,0,1
2.40267395,0,0
2.4031738,0,1
2.4036739,0,0
2.40417375,0,1
2.4046738,0,0
2.40517365,0,1
2.4056738,0,0
2.40617365,0,1
2.4066737,0,0
2.4071736,0,1
2.4076737,0,0
2.4081736,0,1
2.4086737,0,0
2.4091736,0,1
2.40967375,0,0
2.4101736,0,1
2.41067365,0,0
2.4111735,0,1
2.41167355,0,0
2.41217335,0,1
2.41267345,0,0
2.4131733,0,1
2.4136734,0,0
2.41417325,0,1
2.4146733,0,0
2.41517315,0,1
2.41567325,0,0
2.41617315,0,1
2.41667325,0,0
2.4171731,0,1
2.4176732,0,0
2.41817305,0,1
2.41867315,0,0
2.41917295,0,1
2.41967305,0,0
2.42017285,0,1
2.4206729,0,0
2.42117275,0,1
2.42167285,0,0
2.42217265,0,1
2.4226727,0,0
2.4231725,0,1
2.4236726,0,0
2.4241724,0,1
2.42467245,0,0
2.4251723,0,1
2.42567235,0,0
2.4261722,0,1
2.42667225,0,0
2.42717215,0,1
2.42767225,0,0
2.4281721,0,1
2.4286722,0,0
2.42917205,0,1
2.4296721,0,0
2.430172,0,1
2.4306721,0,0
2.43117195,0,1
2.4316721,0,0
2.432172,0,1
2.4326721,0,0
2.4331719,0,1
2.433672,0,0
2.43417185,0,1
2.434672,0,0
2.4351718,0,1
2.4356719,0,0
2.4361718,0,1
2.4366719,0,0
2.43717175,0,1
2.43767185,0,0
2.43817175,0,1
2.43867185,0,0
2.4391717,0,1
2.4396718,0,0
2.44017165,0,1
2.44067175,0,0
2.4411716,0,1
2.4416717,0,0
2.44217155,0,1
2.44267165,0,0
2.4431715,0,1
2.4436716,0,0
2.44417145,0,1
2.44467155,0,0
2.44517145,0,1
2.44567155,0,0
2.4461714,0,1
2.4466715,0,0
2.44717135,0,1
2.44767145,0,0
2.4481713,0,1
2.4486714,0,0
2.4491712,0,1
2.4496713,0,0
2.4501712,0,1
2.4506713,0,0
2.45117115,0,1
2.4516713,0,0
2.4521711,0,1
2.4526712,0,0
2.45317105,0,1
2.45367115,0,0
2.45417095,0,1
2.45467105,0,0
2.4551709,0,1
2.45567095,0,0
2.4561708,0,1
2.4566709,0,0
2.45717075,0,1
2.4576708,0,0
2.45817065,0,1
2.45867075,0,0
2.4591706,0,1
2.4596707,0,0
2.46017055,0,1
2.46067065,0,0
2.46117045,0,1
2.4616705,0,0
2.46217035,0,1
2.4626704,0,0
2.4631702,0,1
2.46367025,0,0
2.46417005,0,1
2.46467005,0,0
2.46516985,0,1
2.4656699,0,0
2.4661697,0,1
2.46666975,0,0
2.4671695,0,1
2.46766955,0,0
2.46816935,0,1
2.4686694,0,0
2.4691692,0,1
2.46966925,0,0
2.47016905,0,1
2.4706691,0,0
2.47116895,0,1
2.471669,0,0
2.47216885,0,1
2.47266885,0,0
2.47316865,0,1
2.4736687,0,0
2.4741685,0,1
2.4746686,0,0
2.4751684,0,1
2.4756685,0,0
2.47616825,0,1
2.4766683,0,0
2.4771681,0,1
2.47766815,0,0
2.47816795,0,1
2.478668,0,0
2.4791678,0,1
2.47966785,0,0
2.4801677,0,1
2.48066775,0,0
2.48116755,0,1
2.4816676,0,0
2.48216745,0,1
2.48266755,0,0
2.48316735,0,1
2.48366745,0,0
2.4841673,0,1
2.4846674,0,0
2.48516725,0,1
2.4856673,0,0
2.4861672,0,1
2.4866673,0,0
2.48716715,0,1
2.48766725,0,0
2.48816705,0,1
2.48866715,0,0
2.48916695,0,1
2.489667,0,0
2.49016685,0,1
2.49066695,0,0
2.4911668,0,1
2.4916669,0,0
2.4921667,0,1
2.4926667,0,0
2.49316655,0,1
2.49366665,0,0
2.4941665,0,1
2.49466655,0,0
2.4951663,0,1
2.49566635,0,0
2.4961661,0,1
2.49666615,0,0
2.497166,0,1
2.497666,0,0
2.49816585,0,1
2.4986659,0,0
2.4991657,0,1
2.4996658,0,0
2.50016565,0,1
2.50066575,0,0
2.5011656,0,1
2.5016657,0,0
2.50216555,0,1
2.5026656,0,0
2.5031654,0,1
2.5036655,0,0
2.50416535,0,1
2.50466545,0,0
2.50516525,0,1
2.5056653,0,0
2.50616515,0,1
2.50666525,0,0
2.5071651,0,1
2.50766515,0,0
2.508165,0,1
2.5086651,0,0
2.5091649,0,1
2.50966495,0,0
2.5101648,0,1
2.5106649,0,0
2.51116475,0,1
2.5116648,0,0
2.51216465,0,1
2.51266475,0,0
2.5131646,0,1
2.5136647,0,0
2.5141646,0,1
2.5146647,0,0
2.51516455,0,1
2.51566465,0,0
2.5161645,0,1
2.51666465,0,0
2.5171645,0,1
2.51766465,0,0
2.51816455,0,1
2.5186647,0,0
2.5191646,0,1
2.51966475,0,0
2.5201646,0,1
2.5206647,0,0
2.52116455,0,1
2.52166465,0,0
2.52216455,0,1
2.5226647,0,0
2.52316455,0,1
2.5236647,0,0
2.52416455,0,1
2.5246647,0,0
2.5251646,0,1
2.5256647,0,0
2.52616455,0,1
2.5266647,0,0
2.5271646,0,1
2.52766475,0,0
2.52816465,0,1
2.5286648,0,0
2.52916465,0,1
2.52966475,0,0
2.53016465,0,1
2.5306648,0,0
2.5311647,0,1
2.53166485,0,0
2.53216475,0,1
2.53266485,0,0
2.5331647,0,1
2.53366485,0,0
2.53416475,0,1
2.5346649,0,0
2.53516485,0,1
2.535665,0,0
2.53616495,0,1
2.53666515,0,0
2.5371651,0,1
2.5376653,0,0
2.5381652,0,1
2.53866535,0,0
2.53916525,0,1
2.5396654,0,0
2.5401653,0,1
2.54066545,0,0
2.5411653,0,1
2.5416654,0,0
2.5421653,0,1
2.54266545,0,0
2.54316535,0,1
2.5436655,0,0
2.54416535,0,1
2.5446655,0,0
2.5451654,0,1
2.54566555,0,0
2.5461654,0,1
2.5466655,0,0
2.5471654,0,1
2.54766555,0,0
2.54816545,0,1
2.54866555,0,0
2.5491654,0,1
2.5496655,0,0
2.55016535,0,1
2.5506655,0,0
2.55116535,0,1
2.55166555,0,0
2.55216545,0,1
2.55266565,0,0
2.55316555,0,1
2.55366575,0,0
2.5541657,0,1
2.55466585,0,0
2.55516575,0,1
2.55566595,0,0
2.55616585,0,1
2.55666605,0,0
2.55716595,0,1
2.55766615,0,0
2.55816605,0,1
2.5586662,0,0
2.5591661,0,1
2.55966625,0,0
2.56016615,0,1
2.56066635,0,0
2.56116625,0,1
2.56166635,0,0
2.56216625,0,1
2.56266635,0,0
2.56316625,0,1
2.56366635,0,0
2.56416625,0,1
2.5646663,0,0
2.56516615,0,1
2.5656663,0,0
2.56616615,0,1
2.56666625,0,0
2.56716615,0,1
2.56766625,0,0
2.56816615,0,1
2.5686663,0,0
2.5691662,0,1
2.56966635,0,0
2.57016625,0,1
2.57066635,0,0
2.57116625,0,1
2.5716664,0,0
2.5721663,0,1
2.5726665,0,0
2.5731664,0,1
2.5736666,0,0
2.5741665,0,1
2.57466665,0,0
2.57516655,0,1
2.5756667,0,0
2.5761666,0,1
2.57666675,0,0
2.57716665,0,1
2.57766685,0,0
2.57816675,0,1
2.5786669,0,0
2.57916685,0,1
2.57966705,0,0
2.58016695,0,1
2.5806671,0,0
2.58116705,0,1
2.5816672,0,0
2.58216705,0,1
2.5826672,0,0
2.58316705,0,1
2.5836672,0,0
2.5841671,0,1
2.58466725,0,0
2.5851672,0,1
2.58566735,0,0
2.5861673,0,1
2.58666745,0,0
2.5871673,0,1
2.58766745,0,0
2.5881674,0,1
2.58866755,0,0
2.58916745,0,1
2.58966765,0,0
2.59016755,0,1
2.5906677,0,0
2.5911676,0,1
2.5916678,0,0
2.5921677,0,1
2.5926679,0,0
2.5931678,0,1
2.593668,0,0
2.5941679,0,1
2.59466805,0,0
2.5951679,0,1
2.595668,0,0
2.59616785,0,1
2.59666795,0,0
2.59716775,0,1
2.5976679,0,0
2.5981678,0,1
2.59866795,0,0
2.59916785,0,1
2.59966795,0,0
2.6001679,0,1
2.60066805,0,0
2.601168,0,1
2.60166815,0,0
2.60216805,0,1
2.6026682,0,0
2.60316815,0,1
2.6036684,0,0
2.60416835,0,1
2.6046686,0,0
2.6051685,0,1
2.6056687,0,0
2.6061686,0,1
2.6066688,0,0
2.6071687,0,1
2.6076689,0,0
2.60816885,0,1
2.60866905,0,0
2.609169,0,1
2.6096692,0,0
2.6101692,0,1
2.61066935,0,0
2.6111693,0,1
2.61166945,0,0
2.6121694,0,1
2.61266955,0,0
2.61316945,0,1
2.61366965,0,0
2.61416955,0,1
2.6146697,0,0
2.61516965,0,1
2.61566985,0,0
2.61616975,0,1
2.6166699,0,0
2.6171698,0,1
2.61766995,0,0
2.6181699,0,1
2.61867005,0,0
2.61916995,0,1
2.6196701,0,0
2.62017,0,1
2.62067015,0,0
2.62117,0,1
2.6216701,0,0
2.62217,0,1
2.62267015,0,0
2.6231701,0,1
2.6236703,0,0
2.62417025,0,1
2.62467045,0,0
2.6251704,0,1
2.6256706,0,0
2.62617055,0,1
2.62667075,0,0
2.6271707,0,1
2.62767085,0,0
2.62817075,0,1
2.6286709,0,0
2.62917085,0,1
2.629671,0,0
2.630171,0,1
2.6306712,0,0
2.6311712,0,1
2.63167135,0,0
2.63217125,0,1
2.6326714,0,0
2.63317135,0,1
2.63367155,0,0
2.6341715,0,1
2.63467175,0,0
2.63517165,0,1
2.63567185,0,0
2.6361718,0,1
2.63667195,0,0
2.63717185,0,1
2.637672,0,0
2.6381719,0,1
2.6386721,0,0
2.639172,0,1
2.6396721,0,0
2.640172,0,1
2.6406721,0,0
2.64117195,0,1
2.6416721,0,0
2.64217195,0,1
2.6426721,0,0
2.64317195,0,1
2.64367205,0,0
2.6441719,0,1
2.644672,0,0
2.64517185,0,1
2.64567195,0,0
2.64617175,0,1
2.64667185,0,0
2.64717175,0,1
2.6476718,0,0
2.6481717,0,1
2.64867185,0,0
2.64917175,0,1
2.64967185,0,0
2.65017175,0,1
2.6506719,0,0
2.65117175,0,1
2.65167195,0,0
2.6521719,0,1
2.65267205,0,0
2.65317195,0,1
2.6536721,0,0
2.654172,0,1
2.6546721,0,0
2.655172,0,1
2.65567215,0,0
2.65617205,0,1
2.6566722,0,0
2.6571721,0,1
2.65767225,0,0
2.65817215,0,1
2.65867235,0,0
2.6591723,0,1
2.65967245,0,0
2.6601724,0,1
2.66067255,0,0
2.66117245,0,1
2.6616726,0,0
2.6621725,0,1
2.66267265,0,0
2.66317255,0,1
2.66367275,0,0
2.66417265,0,1
2.6646728,0,0
2.66517265,0,1
2.6656728,0,0
2.6661727,0,1
2.66667285,0,0
2.6671727,0,1
2.66767285,0,0
2.66817275,0,1
2.66867295,0,0
2.66917285,0,1
2.669673,0,0
2.67017295,0,1
2.6706731,0,0
2.671173,0,1
2.67167315,0,0
2.672173,0,1
2.67267315,0,0
2.67317305,0,1
2.67367315,0,0
2.674173,0,1
2.67467315,0,0
2.67517305,0,1
2.6756732,0,0
2.6761731,0,1
2.6766732,0,0
2.6771731,0,1
2.67767325,0,0
2.6781732,0,1
2.6786734,0,0
2.67917335,0,1
2.67967355,0,0
2.68017345,0,1
2.68067365,0,0
2.68117355,0,1
2.6816737,0,0
2.6821736,0,1
2.6826737,0,0
2.68317365,0,1
2.6836738,0,0
2.68417375,0,1
2.6846739,0,0
2.6851738,0,1
2.685674,0,0
2.6861739,0,1
2.6866741,0,0
2.687174,0,1
2.6876742,0,0
2.68817405,0,1
2.6886742,0,0
2.6891741,0,1
2.6896743,0,0
2.69017425,0,1
2.69067445,0,0
2.6911744,0,1
2.6916745,0,0
2.6921744,0,1
2.69267455,0,0
2.69317445,0,1
2.6936746,0,0
2.6941745,0,1
2.69467465,0,0
2.6951745,0,1
2.69567465,0,0
2.6961746,0,1
2.69667475,0,0
2.6971747,0,1
2.69767485,0,0
2.6981748,0,1
2.69867505,0,0
2.69917495,0,1
2.6996751,0,0
2.700175,0,1
2.70067515,0,0
2.70117505,0,1
2.70167525,0,0
2.70217515,0,1
2.7026753,0,0
2.70317515,0,1
2.70367535,0,0
2.70417525,0,1
2.70467535,0,0
2.70517525,0,1
2.70567535,0,0
2.70617525,0,1
2.70667545,0,0
2.7071754,0,1
2.70767555,0,0
2.7081755,0,1
2.7086757,0,0
2.7091756,0,1
2.70967575,0,0
2.71017565,0,1
2.7106758,0,0
2.7111757,0,1
2.7116758,0,0
2.7121757,0,1
2.7126758,0,0
2.7131757,0,1
2.71367585,0,0
2.71417575,0,1
2.7146759,0,0
2.71517575,0,1
2.7156759,0,0
2.71617575,0,1
2.71667585,0,0
2.7171757,0,1
2.7176758,0,0
2.71817565,0,1
2.71867575,0,0
2.7191756,0,1
2.7196757,0,0
2.7201756,0,1
2.72067575,0,0
2.7211756,0,1
2.7216757,0,0
2.7221756,0,1
2.72267575,0,0
2.7231756,0,1
2.72367575,0,0
2.72417565,0,1
2.72467575,0,0
2.7251756,0,1
2.72567575,0,0
2.7261756,0,1
2.7266757,0,0
2.7271756,0,1
2.72767575,0,0
2.7281756,0,1
2.7286757,0,0
2.7291756,0,1
2.7296757,0,0
2.7301756,0,1
2.73067575,0,0
2.73117565,0,1
2.7316758,0,0
2.7321757,0,1
2.7326759,0,0
2.73317585,0,1
2.733676,0,0
2.73417595,0,1
2.7346761,0,0
2.735176,0,1
2.73567615,0,0
2.73617605,0,1
2.73667625,0,0
2.73717615,0,1
2.73767635,0,0
2.73817625,0,1
2.73867645,0,0
2.73917635,0,1
2.7396765,0,0
2.7401764,0,1
2.74067655,0,0
2.74117645,0,1
2.74167665,0,0
2.74217655,0,1
2.74267675,0,0
2.74317665,0,1
2.7436768,0,0
2.74417675,0,1
2.74467695,0,0
2.74517685,0,1
2.74567705,0,0
2.74617695,0,1
2.7466771,0,0
2.747177,0,1
2.7476772,0,0
2.7481771,0,1
2.7486773,0,0
2.74917725,0,1
2.7496774,0,0
2.75017735,0,1
2.7506775,0,0
2.75117745,0,1
2.7516776,0,0
2.7521775,0,1
2.75267765,0,0
2.7531776,0,1
2.7536778,0,0
2.75417775,0,1
2.7546779,0,0
2.7551778,0,1
2.7556779,0,0
2.7561778,0,1
2.75667795,0,0
2.75717785,0,1
2.75767795,0,0
2.7581778,0,1
2.75867795,0,0
2.75917775,0,1
2.7596779,0,0
2.76017775,0,1
2.76067785,0,0
2.7611777,0,1
2.76167785,0,0
2.7621777,0,1
2.7626778,0,0
2.7631777,0,1
2.76367785,0,0
2.76417775,0,1
2.7646779,0,0
2.7651778,0,1
2.7656779,0,0
2.7661778,0,1
2.7666779,0,0
2.7671778,0,1
2.767678,0,0
2.7681779,0,1
2.768678,0,0
2.7691779,0,1
2.769678,0,0
2.7701778,0,1
2.77067785,0,0
2.7711777,0,1
2.77167785,0,0
2.7721777,0,1
2.7726778,0,0
2.7731777,0,1
2.7736778,0,0
2.7741777,0,1
2.7746778,0,0
2.7751777,0,1
2.77567785,0,0
2.77617775,0,1
2.7766779,0,0
2.7771778,0,1
2.77767795,0,0
2.77817785,0,1
2.77867795,0,0
2.7791778,0,1
2.77967795,0,0
2.78017785,0,1
2.78067795,0,0
2.78117785,0,1
2.78167795,0,0
2.78217785,0,1
2.782678,0,0
2.7831779,0,1
2.78367805,0,0
2.78417795,0,1
2.784678,0,0
2.78517785,0,1
2.785678,0,0
2.7861778,0,1
2.7866779,0,0
2.78717775,0,1
2.7876778,0,0
2.78817765,0,1
2.7886778,0,0
2.78917765,0,1
2.78967775,0,0
2.7901776,0,1
2.79067775,0,0
2.7911776,0,1
2.79167775,0,0
2.79217765,0,1
2.79267775,0,0
2.79317765,0,1
2.79367785,0,0
2.7941777,0,1
2.7946778,0,0
2.79517765,0,1
2.79567775,0,0
2.7961776,0,1
2.7966777,0,0
2.79717755,0,1
2.79767765,0,0
2.79817745,0,1
2.79867755,0,0
2.7991774,0,1
2.7996775,0,0
2.80017735,0,1
2.8006774,0,0
2.8011773,0,1
2.8016774,0,0
2.80217725,0,1
2.8026774,0,0
2.8031773,0,1
2.8036774,0,0
2.8041773,0,1
2.80467745,0,0
2.8051773,0,1
2.8056774,0,0
2.8061773,0,1
2.8066774,0,0
2.80717725,0,1
2.80767735,0,0
2.8081772,0,1
2.80867735,0,0
2.80917725,0,1
2.80967735,0,0
2.8101772,0,1
2.8106773,0,0
2.81117715,0,1
2.8116772,0,0
2.8121771,0,1
2.81267725,0,0
2.81317715,0,1
2.81367725,0,0
2.81417715,0,1
2.81467725,0,0
2.81517705,0,1
2.81567715,0,0
2.81617705,0,1
2.8166772,0,0
2.81717705,0,1
2.81767715,0,0
2.818177,0,1
2.8186771,0,0
2.81917695,0,1
2.8196771,0,0
2.820177,0,1
2.8206772,0,0
2.8211771,0,1
2.82167725,0,0
2.8221771,0,1
2.8226772,0,0
2.8231771,0,1
2.82367725,0,0
2.8241772,0,1
2.82467735,0,0
2.82517725,0,1
2.8256774,0,0
2.82617725,0,1
2.8266774,0,0
2.82717725,0,1
2.82767745,0,0
2.8281773,0,1
2.82867745,0,0
2.8291773,0,1
2.8296774,0,0
2.8301773,0,1
2.8306774,0,0
2.83117725,0,1
2.8316774,0,0
2.83217725,0,1
2.83267745,0,0
2.83317735,0,1
2.8336775,0,0
2.8341774,0,1
2.8346775,0,0
2.83517735,0,1
2.83567745,0,0
2.83617735,0,1
2.8366775,0,0
2.8371774,0,1
2.8376775,0,0
2.8381774,0,1
2.83867755,0,0
2.83917745,0,1
2.83967755,0,0
2.8401774,0,1
2.8406775,0,0
2.84117735,0,1
2.8416775,0,0
2.84217735,0,1
2.8426775,0,0
2.8431774,0,1
2.84367755,0,0
2.8441774,0,1
2.84467755,0,0
2.84517745,0,1
2.8456776,0,0
2.84617745,0,1
2.84667755,0,0
2.84717745,0,1
2.84767755,0,0
2.8481774,0,1
2.84867745,0,0
2.8491773,0,1
2.84967745,0,0
2.8501773,0,1
2.85067735,0,0
2.85117725,0,1
2.85167735,0,0
2.8521772,0,1
2.85267735,0,0
2.8531772,0,1
2.8536773,0,0
2.85417715,0,1
2.85467725,0,0
2.8551771,0,1
2.8556772,0,0
2.856177,0,1
2.8566771,0,0
2.857177,0,1
2.8576771,0,0
2.85817695,0,1
2.85867705,0,0
2.85917695,0,1
2.8596771,0,0
2.86017695,0,1
2.8606771,0,0
2.86117695,0,1
2.86167705,0,0
2.8621769,0,1
2.86267695,0,0
2.86317685,0,1
2.863677,0,0
2.86417685,0,1
2.86467695,0,0
2.86517685,0,1
2.865677,0,0
2.86617685,0,1
2.86667695,0,0
2.8671769,0,1
2.867677,0,0
2.8681769,0,1
2.868677,0,0
2.86917685,0,1
2.86967695,0,0
2.8701768,0,1
2.8706769,0,0
2.87117675,0,1
2.87167685,0,0
2.87217665,0,1
2.87267675,0,0
2.8731766,0,1
2.87367665,0,0
2.8741765,0,1
2.87467655,0,0
2.8751764,0,1
2.87567645,0,0
2.87617625,0,1
2.8766763,0,0
2.8771761,0,1
2.8776762,0,0
2.878176,0,1
2.8786761,0,0
2.8791759,0,1
2.87967595,0,0
2.8801758,0,1
2.88067585,0,0
2.88117565,0,1
2.8816757,0,0
2.8821755,0,1
2.88267555,0,0
2.8831754,0,1
2.88367545,0,0
2.8841753,0,1
2.88467535,0,0
2.8851752,0,1
2.8856753,0,0
2.88617515,0,1
2.88667525,0,0
2.8871751,0,1
2.8876752,0,0
2.88817515,0,1
2.8886753,0,0
2.8891752,0,1
2.88967535,0,0
2.89017525,0,1
2.8906754,0,0
2.8911753,0,1
2.8916754,0,0
2.89217525,0,1
2.89267535,0,0
2.8931752,0,1
2.89367525,0,0
2.8941751,0,1
2.8946752,0,0
2.89517505,0,1
2.89567515,0,0
2.896175,0,1
2.89667515,0,0
2.897175,0,1
2.89767515,0,0
2.89817505,0,1
2.8986752,0,0
2.89917505,0,1
2.8996752,0,0
2.90017505,0,1
2.90067515,0,0
2.9011751,0,1
2.90167525,0,0
2.9021752,0,1
2.9026754,0,0
2.9031753,0,1
2.9036754,0,0
2.9041753,0,1
2.90467545,0,0
2.9051753,0,1
2.9056754,0,0
2.9061753,0,1
2.9066754,0,0
2.90717525,0,1
2.90767535,0,0
2.9081752,0,1
2.90867525,0,0
2.9091751,0,1
2.90967525,0,0
2.91017515,0,1
2.91067525,0,0
2.91117515,0,1
2.9116752,0,0
2.9121751,0,1
2.9126752,0,0
2.913175,0,1
2.9136751,0,0
2.91417495,0,1
2.91467505,0,0
2.9151749,0,1
2.91567495,0,0
2.91617475,0,1
2.9166748,0,0
2.9171746,0,1
2.91767465,0,0
2.91817445,0,1
2.91867455,0,0
2.9191744,0,1
2.91967455,0,0
2.9201744,0,1
2.9206745,0,0
2.92117435,0,1
2.92167445,0,0
2.9221743,0,1
2.9226744,0,0
2.9231743,0,1
2.9236744,0,0
2.92417425,0,1
2.92467435,0,0
2.9251742,0,1
2.92567425,0,0
2.92617405,0,1
2.92667415,0,0
2.927174,0,1
2.9276741,0,0
2.92817395,0,1
2.92867405,0,0
2.9291739,0,1
2.92967395,0,0
2.93017375,0,1
2.93067385,0,0
2.93117365,0,1
2.93167375,0,0
2.93217355,0,1
2.93267365,0,0
2.9331735,0,1
2.9336736,0,0
2.9341735,0,1
2.9346736,0,0
2.93517345,0,1
2.9356735,0,0
2.93617335,0,1
2.93667345,0,0
2.93717325,0,1
2.93767335,0,0
2.93817325,0,1
2.93867335,0,0
2.9391732,0,1
2.9396733,0,0
2.9401731,0,1
2.9406732,0,0
2.94117305,0,1
2.94167315,0,0
2.94217305,0,1
2.94267315,0,0
2.94317295,0,1
2.943673,0,0
2.9441729,0,1
2.94467295,0,0
2.9451728,0,1
2.94567285,0,0
2.9461726,0,1
2.94667265,0,0
2.94717245,0,1
2.94767255,0,0
2.94817235,0,1
2.94867245,0,0
2.94917225,0,1
2.94967235,0,0
2.9501722,0,1
2.9506723,0,0
2.9511721,0,1
2.9516722,0,0
2.952172,0,1
2.9526721,0,0
2.95317195,0,1
2.9536721,0,0
2.954172,0,1
2.95467215,0,0
2.955172,0,1
2.95567215,0,0
2.95617205,0,1
2.9566722,0,0
2.95717205,0,1
2.9576722,0,0
2.9581721,0,1
2.9586722,0,0
2.959172,0,1
2.9596721,0,0
2.9601719,0,1
2.960672,0,0
2.96117185,0,1
2.96167195,0,0
2.96217175,0,1
2.9626719,0,0
2.96317175,0,1
2.96367185,0,0
2.96417175,0,1
2.96467185,0,0
2.96517165,0,1
2.96567175,0,0
2.9661716,0,1
2.9666717,0,0
2.9671715,0,1
2.96767155,0,0
2.96817145,0,1
2.9686716,0,0
2.96917145,0,1
2.9696716,0,0
2.97017155,0,1
2.97067165,0,0
2.97117155,0,1
2.97167165,0,0
2.97217155,0,1
2.97267165,0,0
2.9731715,0,1
2.9736716,0,0
2.9741715,0,1
2.9746716,0,0
2.97517145,0,1
2.9756715,0,0
2.97617135,0,1
2.9766714,0,0
2.97717125,0,1
2.97767135,0,0
2.9781712,0,1
2.97867125,0,0
2.97917115,0,1
2.97967125,0,0
2.9801711,0,1
2.98067115,0,0
2.98117095,0,1
2.981671,0,0
2.98217085,0,1
2.98267095,0,0
2.9831708,0,1
2.98367085,0,0
2.98417065,0,1
2.9846707,0,0
2.98517055,0,1
2.98567065,0,0
2.98617045,0,1
2.98667055,0,0
2.98717035,0,1
2.9876704,0,0
2.9881702,0,1
2.98867025,0,0
2.9891701,0,1
2.98967015,0,0
2.99016995,0,1
2.99067005,0,0
2.9911699,0,1
2.99167,0,0
2.99216985,0,1
2.99266995,0,0
2.99316975,0,1
2.99366985,0,0
2.9941697,0,1
2.9946698,0,0
2.9951697,0,1
2.99566985,0,0
2.99616975,0,1
2.99666985,0,0
2.99716975,0,1
2.9976699,0,0
2.9981698,0,1
2.99866995,0,0
2.99916985,0,1
2.99966995,0,0
3.00016985,0,1
3.00067,0,0
3.0011698,0,1
3.0016699,0,0
3.00216975,0,1
3.0026699,0,0
3.00316975,0,1
3.00366985,0,0
3.0041697,0,1
3.0046698,0,0
3.00516965,0,1
3.0056697,0,0
3.00616955,0,1
3.0066696,0,0
3.00716945,0,1
3.00766955,0,0
3.00816935,0,1
3.00866945,0,0
3.0091693,0,1
3.0096694,0,0
3.0101693,0,1
3.01066935,0,0
3.0111692,0,1
3.0116693,0,0
3.01216915,0,1
3.0126692,0,0
3.013169,0,1
3.0136691,0,0
3.01416895,0,1
3.014669,0,0
3.0151688,0,1
3.0156689,0,0
3.01616875,0,1
3.0166689,0,0
3.0171688,0,1
3.0176689,0,0
3.0181688,0,1
3.0186689,0,0
3.0191688,0,1
3.0196689,0,0
3.02016875,0,1
3.0206689,0,0
3.02116875,0,1
3.02166885,0,0
3.02216865,0,1
3.02266875,0,0
3.0231686,0,1
3.0236687,0,0
3.02416855,0,1
3.02466865,0,0
3.0251685,0,1
3.0256686,0,0
3.0261685,0,1
3.0266686,0,0
3.02716845,0,1
3.0276685,0,0
3.02816835,0,1
3.02866845,0,0
3.0291683,0,1
3.02966835,0,0
3.0301682,0,1
3.03066825,0,0
3.03116805,0,1
3.0316681,0,0
3.03216795,0,1
3.032668,0,0
3.0331678,0,1
3.03366795,0,0
3.0341678,0,1
3.0346679,0,0
3.0351678,0,1
3.0356679,0,0
3.0361678,0,1
3.03666785,0,0
3.03716765,0,1
3.03766775,0,0
3.0381676,0,1
3.03866775,0,0
3.03916765,0,1
3.0396678,0,0
3.0401677,0,1
3.0406678,0,0
3.0411677,0,1
3.0416678,0,0
3.04216765,0,1
3.0426678,0,0
3.04316765,0,1
3.0436678,0,0
3.04416765,0,1
3.0446678,0,0
3.04516765,0,1
3.04566775,0,0
3.0461676,0,1
3.04666775,0,0
3.0471676,0,1
3.0476677,0,0
3.04816755,0,1
3.0486676,0,0
3.04916745,0,1
3.04966755,0,0
3.0501674,0,1
3.05066755,0,0
3.05116735,0,1
3.05166745,0,0
3.05216725,0,1
3.05266735,0,0
3.05316725,0,1
3.05366735,0,0
3.0541672,0,1
3.05466735,0,0
3.0551672,0,1
3.0556674,0,0
3.05616725,0,1
3.0566674,0,0
3.05716725,0,1
3.05766735,0,0
3.0581672,0,1
3.05866735,0,0
3.0591672,0,1
3.0596673,0,0
3.0601671,0,1
3.06066715,0,0
3.06116705,0,1
3.06166715,0,0
3.062167,0,1
3.0626671,0,0
3.06316695,0,1
3.06366705,0,0
3.0641669,0,1
3.064667,0,0
3.06516685,0,1
3.06566695,0,0
3.0661668,0,1
3.0666669,0,0
3.0671667,0,1
3.06766675,0,0
3.06816655,0,1
3.0686666,0,0
3.0691664,0,1
3.0696665,0,0
3.0701663,0,1
3.0706664,0,0
3.07116625,0,1
3.0716664,0,0
3.07216625,0,1
3.0726664,0,0
3.07316625,0,1
3.0736664,0,0
3.07416625,0,1
3.07466635,0,0
3.07516615,0,1
3.07566625,0,0
3.0761661,0,1
3.07666615,0,0
3.07716595,0,1
3.07766605,0,0
3.07816585,0,1
3.0786659,0,0
3.07916575,0,1
3.0796658,0,0
3.08016565,0,1
3.0806657,0,0
3.08116555,0,1
3.08166565,0,0
3.0821655,0,1
3.0826655,0,0
3.0831653,0,1
3.08366535,0,0
3.08416515,0,1
3.08466525,0,0
3.08516505,0,1
3.0856651,0,0
3.0861649,0,1
3.0866649,0,0
3.0871647,0,1
3.0876647,0,0
3.08816445,0,1
3.08866445,0,0
3.0891642,0,1
3.08966425,0,0
3.0901641,0,1
3.0906642,0,0
3.09116405,0,1
3.09166415,0,0
3.092164,0,1
3.0926641,0,0
3.09316395,0,1
3.09366405,0,0
3.0941639,0,1
3.094664,0,0
3.09516385,0,1
3.09566395,0,0
3.09616385,0,1
3.0966639,0,0
3.09716375,0,1
3.09766385,0,0
3.09816375,0,1
3.09866385,0,0
3.09916365,0,1
3.09966375,0,0
3.1001636,0,1
3.10066365,0,0
3.10116345,0,1
3.1016635,0,0
3.10216335,0,1
3.10266345,0,0
3.10316335,0,1
3.10366345,0,0
3.1041633,0,1
3.10466345,0,0
3.1051633,0,1
3.1056634,0,0
3.1061632,0,1
3.1066633,0,0
3.10716315,0,1
3.10766325,0,0
3.1081631,0,1
3.10866315,0,0
3.109163,0,1
3.1096631,0,0
3.1101629,0,1
3.110663,0,0
3.11116285,0,1
3.111663,0,0
3.11216285,0,1
3.1126629,0,0
3.11316275,0,1
3.11366285,0,0
3.1141626,0,1
3.1146626,0,0
3.1151624,0,1
3.1156624,0,0
3.11616225,0,1
3.1166623,0,0
3.1171622,0,1
3.11766225,0,0
3.1181621,0,1
3.11866225,0,0
3.1191621,0,1
3.1196622,0,0
3.1201621,0,1
3.12066225,0,0
3.12116215,0,1
3.12166225,0,0
3.12216205,0,1
3.1226621,0,0
3.12316195,0,1
3.123662,0,0
3.12416185,0,1
3.12466195,0,0
3.1251618,0,1
3.12566185,0,0
3.12616165,0,1
3.12666165,0,0
3.12716145,0,1
3.12766155,0,0
3.12816145,0,1
3.12866155,0,0
3.1291614,0,1
3.1296615,0,0
3.1301614,0,1
3.1306615,0,0
3.13116135,0,1
3.1316614,0,0
3.13216125,0,1
3.1326613,0,0
3.1331611,0,1
3.1336612,0,0
3.134161,0,1
3.1346611,0,0
3.13516095,0,1
3.13566105,0,0
3.1361609,0,1
3.136661,0,0
3.13716085,0,1
3.1376609,0,0
3.13816075,0,1
3.13866085,0,0
3.13916065,0,1
3.13966075,0,0
3.14016055,0,1
3.14066065,0,0
3.14116045,0,1
3.14166055,0,0
3.1421604,0,1
3.1426605,0,0
3.14316035,0,1
3.14366045,0,0
3.1441603,0,1
3.1446604,0,0
3.14516025,0,1
3.14566035,0,0
3.1461602,0,1
3.1466603,0,0
3.14716015,0,1
3.1476603,0,0
3.1481602,0,1
3.1486603,0,0
3.1491602,0,1
3.14966035,0,0
3.15016025,0,1
3.15066035,0,0
3.15116025,0,1
3.1516604,0,0
3.15216025,0,1
3.1526604,0,0
3.15316025,0,1
3.15366035,0,0
3.1541603,0,1
3.15466045,0,0
3.15516035,0,1
3.15566055,0,0
3.15616045,0,1
3.15666055,0,0
3.1571604,0,1
3.1576605,0,0
3.15816035,0,1
3.15866045,0,0
3.1591603,0,1
3.1596604,0,0
3.1601603,0,1
3.1606604,0,0
3.1611603,0,1
3.16166045,0,0
3.1621603,0,1
3.16266045,0,0
3.1631603,0,1
3.16366045,0,0
3.16416035,0,1
3.16466045,0,0
3.1651603,0,1
3.16566045,0,0
3.16616035,0,1
3.16666045,0,0
3.16716035,0,1
3.1676605,0,0
3.16816045,0,1
3.16866055,0,0
3.1691604,0,1
3.16966055,0,0
3.17016045,0,1
3.1706606,0,0
3.1711605,0,1
3.1716606,0,0
3.17216045,0,1
3.17266055,0,0
3.17316045,0,1
3.17366055,0,0
3.17416035,0,1
3.17466045,0,0
3.17516035,0,1
3.1756605,0,0
3.1761604,0,1
3.17666055,0,0
3.1771604,0,1
3.1776605,0,0
3.1781604,0,1
3.1786605,0,0
3.1791603,0,1
3.17966035,0,0
3.18016015,0,1
3.1806602,0,0
3.18116005,0,1
3.1816602,0,0
3.18216,0,1
3.18266005,0,0
3.1831599,0,1
3.18366,0,0
3.18415985,0,1
3.18465995,0,0
3.1851598,0,1
3.1856599,0,0
3.18615975,0,1
3.18665985,0,0
3.18715965,0,1
3.18765975,0,0
3.18815955,0,1
3.1886596,0,0
3.18915945,0,1
3.18965955,0,0
3.1901594,0,1
3.1906595,0,0
3.1911593,0,1
3.1916594,0,0
3.19215925,0,1
3.1926594,0,0
3.19315925,0,1
3.19365935,0,0
3.19415925,0,1
3.19465935,0,0
3.1951592,0,1
3.19565935,0,0
3.19615925,0,1
3.1966593,0,0
3.1971591,0,1
3.19765915,0,0
3.19815895,0,1
3.19865905,0,0
3.19915885,0,1
3.19965895,0,0
3.2001588,0,1
3.2006589,0,0
3.20115875,0,1
3.20165885,0,0
3.2021587,0,1
3.20265885,0,0
3.20315875,0,1
3.2036588,0,0
3.20415865,0,1
3.2046587,0,0
3.2051585,0,1
3.2056586,0,0
3.20615845,0,1
3.2066585,0,0
3.2071583,0,1
3.2076584,0,0
3.20815825,0,1
3.2086583,0,0
3.20915815,0,1
3.2096582,0,0
3.21015805,0,1
3.21065815,0,0
3.211158,0,1
3.21165805,0,0
3.2121579,0,1
3.212658,0,0
3.2131578,0,1
3.21365785,0,0
3.2141577,0,1
3.2146578,0,0
3.2151576,0,1
3.21565775,0,0
3.2161576,0,1
3.21665765,0,0
3.21715755,0,1
3.2176577,0,0
3.2181575,0,1
3.2186576,0,0
3.21915745,0,1
3.2196575,0,0
3.22015735,0,1
3.2206574,0,0
3.2211573,0,1
3.2216574,0,0
3.22215725,0,1
3.22265735,0,0
3.22315725,0,1
3.22365735,0,0
3.2241572,0,1
3.2246573,0,0
3.2251572,0,1
3.2256573,0,0
3.22615715,0,1
3.22665725,0,0
3.22715715,0,1
3.22765725,0,0
3.2281571,0,1
3.2286572,0,0
3.229157,0,1
3.2296571,0,0
3.2301569,0,1
3.23065695,0,0
3.2311568,0,1
3.23165695,0,0
3.2321568,0,1
3.2326569,0,0
3.23315675,0,1
3.23365685,0,0
3.2341567,0,1
3.23465675,0,0
3.23515655,0,1
3.23565665,0,0
3.2361565,0,1
3.2366566,0,0
3.23715645,0,1
3.2376566,0,0
3.2381564,0,1
3.2386565,0,0
3.23915635,0,1
3.23965645,0,0
3.2401563,0,1
3.2406564,0,0
3.2411563,0,1
3.2416564,0,0
3.24215625,0,1
3.2426564,0,0
3.24315625,0,1
3.2436564,0,0
3.2441563,0,1
3.2446564,0,0
3.2451563,0,1
3.2456564,0,0
3.24615625,0,1
3.24665635,0,0
3.24715615,0,1
3.24765625,0,0
3.24815605,0,1
3.24865615,0,0
3.249156,0,1
3.2496561,0,0
3.25015595,0,1
3.250656,0,0
3.25115585,0,1
3.25165595,0,0
3.25215585,0,1
3.25265595,0,0
3.25315575,0,1
3.25365585,0,0
3.2541557,0,1
3.2546558,0,0
3.25515565,0,1
3.25565575,0,0
3.25615565,0,1
3.25665575,0,0
3.2571556,0,1
3.25765565,0,0
3.25815545,0,1
3.2586555,0,0
3.25915535,0,1
3.25965545,0,0
3.26015535,0,1
3.2606554,0,0
3.26115525,0,1
3.2616553,0,0
3.26215515,0,1
3.26265525,0,0
3.2631551,0,1
3.26365515,0,0
3.264155,0,1
3.2646551,0,0
3.265155,0,1
3.2656551,0,0
3.26615495,0,1
3.2666551,0,0
3.2671549,0,1
3.26765505,0,0
3.26815495,0,1
3.26865505,0,0
3.2691549,0,1
3.26965505,0,0
3.27015495,0,1
3.2706551,0,0
3.271155,0,1
3.2716551,0,0
3.27215495,0,1
3.272655,0,0
3.27315485,0,1
3.27365495,0,0
3.27415475,0,1
3.27465485,0,0
3.27515465,0,1
3.2756547,0,0
3.2761545,0,1
3.2766546,0,0
3.27715445,0,1
3.27765455,0,0
3.27815445,0,1
3.2786546,0,0
3.2791545,0,1
3.27965465,0,0
3.2801545,0,1
3.28065465,0,0
3.28115455,0,1
3.28165465,0,0
3.28215455,0,1
3.28265465,0,0
3.28315455,0,1
3.28365465,0,0
3.28415455,0,1
3.28465465,0,0
3.2851545,0,1
3.28565465,0,0
3.28615455,0,1
3.28665465,0,0
3.2871545,0,1
3.28765455,0,0
3.2881544,0,1
3.2886545,0,0
3.2891544,0,1
3.2896545,0,0
3.29015435,0,1
3.29065445,0,0
3.29115435,0,1
3.2916545,0,0
3.29215435,0,1
3.29265455,0,0
3.2931545,0,1
3.29365465,0,0
3.2941545,0,1
3.29465465,0,0
3.2951545,0,1
3.29565465,0,0
3.2961546,0,1
3.29665475,0,0
3.2971547,0,1
3.29765485,0,0
3.29815475,0,1
3.29865485,0,0
3.2991547,0,1
3.29965485,0,0
3.3001548,0,1
3.3006549,0,0
3.30115485,0,1
3.301655,0,0
3.3021549,0,1
3.302655,0,0
3.30315485,0,1
3.30365495,0,0
3.30415485,0,1
3.304655,0,0
3.3051549,0,1
3.30565505,0,0
3.30615495,0,1
3.30665505,0,0
3.3071549,0,1
3.307655,0,0
3.30815485,0,1
3.30865495,0,0
3.30915485,0,1
3.309655,0,0
3.31015485,0,1
3.31065495,0,0
3.31115485,0,1
3.31165495,0,0
3.3121549,0,1
3.31265505,0,0
3.31315495,0,1
3.3136551,0,0
3.31415505,0,1
3.3146552,0,0
3.31515505,0,1
3.31565525,0,0
3.3161552,0,1
3.31665535,0,0
3.3171552,0,1
3.3176553,0,0
3.3181552,0,1
3.3186554,0,0
3.31915535,0,1
3.31965555,0,0
3.32015545,0,1
3.3206556,0,0
3.32115545,0,1
3.3216556,0,0
3.3221554,0,1
3.32265555,0,0
3.3231554,0,1
3.32365555,0,0
3.3241554,0,1
3.3246555,0,0
3.3251554,0,1
3.3256555,0,0
3.3261554,0,1
3.3266555,0,0
3.3271554,0,1
3.32765555,0,0
3.3281555,0,1
3.32865565,0,0
3.32915555,0,1
3.3296557,0,0
3.33015555,0,1
3.3306557,0,0
3.33115565,0,1
3.3316558,0,0
3.33215575,0,1
3.3326559,0,0
3.3331558,0,1
3.3336559,0,0
3.3341558,0,1
3.33465595,0,0
3.33515585,0,1
3.335656,0,0
3.3361559,0,1
3.336656,0,0
3.33715585,0,1
3.337656,0,0
3.33815595,0,1
3.33865605,0,0
3.3391559,0,1
3.33965605,0,0
3.34015595,0,1
3.3406561,0,0
3.34115595,0,1
3.3416561,0,0
3.342156,0,1
3.34265615,0,0
3.3431561,0,1
3.34365625,0,0
3.3441561,0,1
3.3446563,0,0
3.3451562,0,1
3.34565625,0,0
3.3461561,0,1
3.3466562,0,0
3.3471561,0,1
3.34765625,0,0
3.34815615,0,1
3.3486563,0,0
3.3491562,0,1
3.3496564,0,0
3.3501563,0,1
3.35065645,0,0
3.35115635,0,1
3.35165655,0,0
3.3521565,0,1
3.3526567,0,0
3.3531566,0,1
3.3536568,0,0
3.3541567,0,1
3.3546569,0,0
3.35515685,0,1
3.35565695,0,0
3.35615685,0,1
3.35665705,0,0
3.35715695,0,1
3.3576571,0,0
3.358157,0,1
3.35865715,0,0
3.35915705,0,1
3.3596572,0,0
3.3601571,0,1
3.3606572,0,0
3.36115705,0,1
3.3616572,0,0
3.36215705,0,1
3.3626572,0,0
3.3631571,0,1
3.36365725,0,0
3.36415715,0,1
3.36465725,0,0
3.36515715,0,1
3.36565725,0,0
3.3661571,0,1
3.36665725,0,0
3.36715715,0,1
3.3676573,0,0
3.3681572,0,1
3.3686573,0,0
3.36915715,0,1
3.36965725,0,0
3.3701571,0,1
3.3706572,0,0
3.37115705,0,1
3.3716572,0,0
3.37215715,0,1
3.3726573,0,0
3.37315725,0,1
3.3736574,0,0
3.37415735,0,1
3.3746575,0,0
3.3751574,0,1
3.3756576,0,0
3.37615755,0,1
3.37665775,0,0
3.3771577,0,1
3.3776579,0,0
3.37815785,0,1
3.37865805,0,0
3.37915795,0,1
3.37965815,0,0
3.3801581,0,1
3.3806583,0,0
3.38115825,0,1
3.3816584,0,0
3.38215835,0,1
3.38265855,0,0
3.3831585,0,1
3.3836587,0,0
3.38415865,0,1
3.3846588,0,0
3.3851587,0,1
3.38565885,0,0
3.38615875,0,1
3.3866589,0,0
3.38715885,0,1
3.38765905,0,0
3.38815895,0,1
3.38865915,0,0
3.38915905,0,1
3.3896592,0,0
3.3901591,0,1
3.3906593,0,0
3.3911592,0,1
3.3916594,0,0
3.39215935,0,1
3.39265955,0,0
3.39315945,0,1
3.3936596,0,0
3.3941595,0,1
3.3946597,0,0
3.3951596,0,1
3.39565975,0,0
3.39615965,0,1
3.39665975,0,0
3.3971596,0,1
3.39765975,0,0
3.39815965,0,1
3.39865975,0,0
3.39915965,0,1
3.39965975,0,0
3.40015965,0,1
3.40065985,0,0
3.40115975,0,1
3.4016599,0,0
3.4021598,0,1
3.40265995,0,0
3.4031599,0,1
3.40366005,0,0
3.40415995,0,1
3.40466005,0,0
3.40516,0,1
3.40566015,0,0
3.40616,0,1
3.40666015,0,0
3.40716005,0,1
3.4076602,0,0
3.4081601,0,1
3.40866025,0,0
3.40916015,0,1
3.4096603,0,0
3.4101602,0,1
3.4106604,0,0
3.4111603,0,1
3.41166045,0,0
3.41216035,0,1
3.4126605,0,0
3.4131604,0,1
3.4136606,0,0
3.4141605,0,1
3.41466065,0,0
3.4151606,0,1
3.4156608,0,0
3.41616075,0,1
3.4166609,0,0
3.41716085,0,1
3.417661,0,0
3.41816085,0,1
3.418661,0,0
3.41916095,0,1
3.4196611,0,0
3.42016105,0,1
3.4206612,0,0
3.4211611,0,1
3.4216613,0,0
3.4221612,0,1
3.42266135,0,0
3.42316125,0,1
3.4236614,0,0
3.4241613,0,1
3.4246614,0,0
3.4251613,0,1
3.4256614,0,0
3.4261613,0,1
3.42666145,0,0
3.4271614,0,1
3.4276615,0,0
3.4281614,0,1
3.4286616,0,0
3.4291615,0,1
3.42966165,0,0
3.43016155,0,1
3.43066175,0,0
3.4311617,0,1
3.4316619,0,0
3.4321618,0,1
3.43266195,0,0
3.43316185,0,1
3.433662,0,0
3.43416185,0,1
3.434662,0,0
3.4351619,0,1
3.435662,0,0
3.4361619,0,1
3.43666205,0,0
3.4371619,0,1
3.437662,0,0
3.4381619,0,1
3.43866205,0,0
3.439162,0,1
3.4396622,0,0
3.44016215,0,1
3.4406624,0,0
3.44116235,0,1
3.4416625,0,0
3.44216245,0,1
3.4426626,0,0
3.44316245,0,1
3.4436626,0,0
3.44416245,0,1
3.4446626,0,0
3.4451625,0,1
3.44566265,0,0
3.4461625,0,1
3.4466627,0,0
3.44716265,0,1
3.4476628,0,0
3.4481628,0,1
3.44866295,0,0
3.44916295,0,1
3.44966315,0,0
3.4501631,0,1
3.4506632,0,0
3.45116315,0,1
3.4516633,0,0
3.4521632,0,1
3.4526633,0,0
3.4531632,0,1
3.4536633,0,0
3.4541632,0,1
3.4546633,0,0
3.45516315,0,1
3.4556633,0,0
3.4561632,0,1
3.45666335,0,0
3.4571632,0,1
3.4576633,0,0
3.4581632,0,1
3.45866335,0,0
3.4591633,0,1
3.4596634,0,0
3.4601633,0,1
3.46066345,0,0
3.46116335,0,1
3.4616635,0,0
3.4621634,0,1
3.4626635,0,0
3.4631634,0,1
3.46366355,0,0
3.4641634,0,1
3.46466355,0,0
3.4651634,0,1
3.46566355,0,0
3.46616345,0,1
3.4666636,0,0
3.4671635,0,1
3.4676636,0,0
3.4681635,0,1
3.4686636,0,0
3.4691635,0,1
3.46966365,0,0
3.4701635,0,1
3.4706636,0,0
3.47116345,0,1
3.47166355,0,0
3.47216345,0,1
3.47266355,0,0
3.47316345,0,1
3.47366355,0,0
3.4741634,0,1
3.47466355,0,0
3.4751634,0,1
3.47566355,0,0
3.47616345,0,1
3.4766636,0,0
3.47716355,0,1
3.47766365,0,0
3.47816355,0,1
3.4786637,0,0
3.4791636,0,1
3.4796637,0,0
3.48016355,0,1
3.4806637,0,0
3.48116365,0,1
3.48166375,0,0
3.48216365,0,1
3.4826638,0,0
3.4831637,0,1
3.48366385,0,0
3.4841637,0,1
3.4846638,0,0
3.48516365,0,1
3.4856638,0,0
3.48616365,0,1
3.4866638,0,0
3.4871637,0,1
3.48766385,0,0
3.48816375,0,1
3.48866395,0,0
3.4891638,0,1
3.48966395,0,0
3.49016385,0,1
3.490664,0,0
3.49116395,0,1
3.4916641,0,0
3.49216405,0,1
3.4926642,0,0
3.49316415,0,1
3.49366435,0,0
3.49416425,0,1
3.4946645,0,0
3.4951644,0,1
3.49566455,0,0
3.4961644,0,1
3.4966645,0,0
3.49716435,0,1
3.4976645,0,0
3.49816445,0,1
3.49866465,0,0
3.4991646,0,1
3.4996648,0,0
3.50016475,0,1
3.50066495,0,0
3.5011649,0,1
3.5016651,0,0
3.5021651,0,1
3.50266535,0,0
3.5031653,0,1
3.5036655,0,0
3.5041654,0,1
3.5046656,0,0
3.50516555,0,1
3.50566575,0,0
3.50616565,0,1
3.5066658,0,0
3.5071657,0,1
3.50766585,0,0
3.50816575,0,1
3.5086659,0,0
3.5091658,0,1
3.509666,0,0
3.51016585,0,1
3.51066595,0,0
3.5111659,0,1
3.51166605,0,0
3.51216595,0,1
3.51266615,0,0
3.51316605,0,1
3.5136662,0,0
3.51416605,0,1
3.5146662,0,0
3.51516605,0,1
3.5156662,0,0
3.5161661,0,1
3.51666615,0,0
3.517166,0,1
3.51766605,0,0
3.51816595,0,1
3.5186661,0,0
3.51916595,0,1
3.5196661,0,0
3.52016595,0,1
3.52066605,0,0
3.52116595,0,1
3.5216661,0,0
3.52216595,0,1
3.52266605,0,0
3.5231659,0,1
3.523666,0,0
3.5241658,0,1
3.5246659,0,0
3.52516575,0,1
3.52566585,0,0
3.5261657,0,1
3.5266658,0,0
3.5271657,0,1
3.52766585,0,0
3.5281657,0,1
3.5286658,0,0
3.52916565,0,1
3.5296658,0,0
3.53016565,0,1
3.5306658,0,0
3.5311657,0,1
3.53166585,0,0
3.53216575,0,1
3.5326659,0,0
3.53316575,0,1
3.5336659,0,0
3.53416575,0,1
3.53466585,0,0
3.53516575,0,1
3.53566585,0,0
3.5361657,0,1
3.53666575,0,0
3.5371656,0,1
3.5376657,0,0
3.53816565,0,1
3.5386658,0,0
3.53916575,0,1
3.5396659,0,0
3.54016585,0,1
3.54066595,0,0
3.54116585,0,1
3.54166595,0,0
3.54216585,0,1
3.542666,0,0
3.5431659,0,1
3.543666,0,0
3.54416585,0,1
3.54466595,0,0
3.5451658,0,1
3.54566595,0,0
3.54616585,0,1
3.546666,0,0
3.5471659,0,1
3.54766605,0,0
3.54816595,0,1
3.54866605,0,0
3.5491659,0,1
3.54966605,0,0
3.55016595,0,1
3.55066605,0,0
3.551166,0,1
3.5516661,0,0
3.552166,0,1
3.5526661,0,0
3.55316595,0,1
3.5536661,0,0
3.55416595,0,1
3.55466605,0,0
3.5551659,0,1
3.555666,0,0
3.55616585,0,1
3.556666,0,0
3.55716585,0,1
3.557666,0,0
3.55816585,0,1
3.55866595,0,0
3.55916585,0,1
3.559666,0,0
3.56016585,0,1
3.560666,0,0
3.5611659,0,1
3.561666,0,0
3.56216585,0,1
3.56266595,0,0
3.56316585,0,1
3.56366595,0,0
3.5641659,0,1
3.564666,0,0
3.5651659,0,1
3.56566605,0,0
3.566166,0,1
3.5666662,0,0
3.5671661,0,1
3.5676663,0,0
3.5681662,0,1
3.5686664,0,0
3.5691663,0,1
3.56966645,0,0
3.57016635,0,1
3.57066645,0,0
3.57116635,0,1
3.5716665,0,0
3.5721664,0,1
3.57266655,0,0
3.5731665,0,1
3.57366665,0,0
3.57416655,0,1
3.57466675,0,0
3.5751667,0,1
3.5756669,0,0
3.5761668,0,1
3.576667,0,0
3.5771669,0,1
3.5776671,0,0
3.578167,0,1
3.57866715,0,0
3.579167,0,1
3.5796672,0,0
3.5801671,0,1
3.5806672,0,0
3.58116705,0,1
3.5816672,0,0
3.58216705,0,1
3.5826672,0,0
3.58316705,0,1
3.58366715,0,0
3.58416695,0,1
3.58466705,0,0
3.58516685,0,1
3.58566695,0,0
3.58616685,0,1
3.58666695,0,0
3.5871668,0,1
3.5876669,0,0
3.58816675,0,1
3.58866685,0,0
3.58916675,0,1
3.58966685,0,0
3.59016675,0,1
3.5906669,0,0
3.5911668,0,1
3.591667,0,0
3.5921669,0,1
3.5926671,0,0
3.59316705,0,1
3.5936672,0,0
3.59416705,0,1
3.5946672,0,0
3.5951671,0,1
3.59566725,0,0
3.59616715,0,1
3.5966673,0,0
3.5971672,0,1
3.59766735,0,0
3.59816725,0,1
3.5986674,0,0
3.59916725,0,1
3.59966735,0,0
3.6001672,0,1
3.60066725,0,0
3.60116705,0,1
3.6016672,0,0
3.60216705,0,1
3.60266715,0,0
3.60316705,0,1
3.6036672,0,0
3.60416705,0,1
3.60466725,0,0
3.6051671,0,1
3.60566725,0,0
3.60616715,0,1
3.6066673,0,0
3.6071672,0,1
3.60766735,0,0
3.60816725,0,1
3.6086674,0,0
3.60916725,0,1
3.60966735,0,0
3.61016725,0,1
3.61066735,0,0
3.6111672,0,1
3.6116673,0,0
3.61216715,0,1
3.61266725,0,0
3.6131671,0,1
3.6136672,0,0
3.61416705,0,1
3.6146672,0,0
3.61516715,0,1
3.6156673,0,0
3.61616715,0,1
3.6166673,0,0
3.61716725,0,1
3.61766735,0,0
3.61816725,0,1
3.61866735,0,0
3.6191672,0,1
3.6196673,0,0
3.62016715,0,1
3.62066725,0,0
3.6211671,0,1
3.62166725,0,0
3.62216705,0,1
3.62266715,0,0
3.6231671,0,1
3.62366715,0,0
3.624167,0,1
3.6246671,0,0
3.6251669,0,1
3.62566705,0,0
3.62616685,0,1
3.626667,0,0
3.6271669,0,1
3.627667,0,0
3.62816685,0,1
3.62866695,0,0
3.6291668,0,1
3.62966685,0,0
3.6301667,0,1
3.6306668,0,0
3.6311666,0,1
3.6316667,0,0
3.6321666,0,1
3.63266675,0,0
3.6331666,0,1
3.6336667,0,0
3.6341666,0,1
3.63466675,0,0
3.6351666,0,1
3.63566675,0,0
3.63616665,0,1
3.6366668,0,0
3.63716675,0,1
3.6376669,0,0
3.6381668,0,1
3.63866695,0,0
3.63916685,0,1
3.639667,0,0
3.64016695,0,1
3.6406671,0,0
3.64116705,0,1
3.6416672,0,0
3.6421671,0,1
3.64266725,0,0
3.64316715,0,1
3.6436673,0,0
3.6441672,0,1
3.64466735,0,0
3.64516725,0,1
3.6456674,0,0
3.6461673,0,1
3.6466674,0,0
3.64716735,0,1
3.6476675,0,0
3.6481674,0,1
3.64866755,0,0
3.6491675,0,1
3.64966765,0,0
3.65016755,0,1
3.6506677,0,0
3.65116755,0,1
3.6516677,0,0
3.65216755,0,1
3.6526677,0,0
3.6531676,0,1
3.6536677,0,0
3.65416765,0,1
3.65466775,0,0
3.65516765,0,1
3.65566775,0,0
3.6561676,0,1
3.6566677,0,0
3.65716755,0,1
3.65766765,0,0
3.6581675,0,1
3.65866755,0,0
3.65916745,0,1
3.65966755,0,0
3.66016735,0,1
3.6606675,0,0
3.6611674,0,1
3.66166755,0,0
3.66216745,0,1
3.66266765,0,0
3.66316755,0,1
3.6636677,0,0
3.6641676,0,1
3.6646678,0,0
3.6651677,0,1
3.66566785,0,0
3.66616775,0,1
3.6666679,0,0
3.66716775,0,1
3.66766785,0,0
3.66816775,0,1
3.66866795,0,0
3.6691678,0,1
3.66966795,0,0
3.6701679,0,1
3.6706681,0,0
3.671168,0,1
3.67166815,0,0
3.67216805,0,1
3.67266815,0,0
3.67316795,0,1
3.67366805,0,0
3.6741679,0,1
3.674668,0,0
3.67516795,0,1
3.67566805,0,0
3.67616795,0,1
3.6766681,0,0
3.67716795,0,1
3.6776681,0,0
3.67816795,0,1
3.67866805,0,0
3.67916795,0,1
3.67966805,0,0
3.6801679,0,1
3.68066805,0,0
3.6811679,0,1
3.681668,0,0
3.68216785,0,1
3.682668,0,0
3.68316785,0,1
3.68366795,0,0
3.6841678,0,1
3.6846679,0,0
3.6851678,0,1
3.6856679,0,0
3.68616775,0,1
3.68666785,0,0
3.6871677,0,1
3.68766785,0,0
3.68816775,0,1
3.6886679,0,0
3.68916785,0,1
3.68966805,0,0
3.69016795,0,1
3.69066815,0,0
3.69116805,0,1
3.6916682,0,0
3.69216805,0,1
3.6926682,0,0
3.69316805,0,1
3.6936682,0,0
3.6941681,0,1
3.69466825,0,0
3.6951681,0,1
3.69566825,0,0
3.6961681,0,1
3.69666825,0,0
3.6971682,0,1
3.69766835,0,0
3.69816825,0,1
3.69866835,0,0
3.69916825,0,1
3.69966845,0,0
3.7001684,0,1
3.70066855,0,0
3.7011684,0,1
3.7016685,0,0
3.7021683,0,1
3.7026684,0,0
3.70316825,0,1
3.70366835,0,0
3.70416825,0,1
3.70466835,0,0
3.7051682,0,1
3.70566825,0,0
3.70616805,0,1
3.70666815,0,0
3.707168,0,1
3.7076681,0,0
3.7081679,0,1
3.708668,0,0
3.70916785,0,1
3.70966795,0,0
3.7101678,0,1
3.7106679,0,0
3.71116775,0,1
3.71166785,0,0
3.7121677,0,1
3.7126678,0,0
3.71316765,0,1
3.71366775,0,0
3.71416765,0,1
3.71466775,0,0
3.71516765,0,1
3.7156678,0,0
3.7161677,0,1
3.71666785,0,0
3.7171677,0,1
3.7176679,0,0
3.7181678,0,1
3.7186679,0,0
3.71916775,0,1
3.7196679,0,0
3.72016775,0,1
3.72066785,0,0
3.72116775,0,1
3.72166785,0,0
3.7221677,0,1
3.7226678,0,0
3.72316765,0,1
3.7236678,0,0
3.72416765,0,1
3.72466775,0,0
3.72516765,0,1
3.72566775,0,0
3.7261676,0,1
3.7266677,0,0
3.7271675,0,1
3.72766755,0,0
3.72816735,0,1
3.72866745,0,0
3.7291673,0,1
3.72966735,0,0
3.73016725,0,1
3.73066735,0,0
3.73116725,0,1
3.7316674,0,0
3.7321673,0,1
3.7326674,0,0
3.7331673,0,1
3.73366735,0,0
3.73416725,0,1
3.7346674,0,0
3.7351673,0,1
3.73566745,0,0
3.73616735,0,1
3.7366675,0,0
3.73716745,0,1
3.7376676,0,0
3.7381675,0,1
3.73866765,0,0
3.73916755,0,1
3.7396677,0,0
3.7401676,0,1
3.74066775,0,0
3.74116765,0,1
3.7416678,0,0
3.74216765,0,1
3.7426678,0,0
3.74316765,0,1
3.7436678,0,0
3.74416775,0,1
3.74466785,0,0
3.7451677,0,1
3.7456678,0,0
3.74616765,0,1
3.74666775,0,0
3.7471676,0,1
3.74766775,0,0
3.7481676,0,1
3.74866775,0,0
3.74916765,0,1
3.74966775,0,0
3.75016765,0,1
3.75066775,0,0
3.75116765,0,1
3.7516678,0,0
3.75216765,0,1
3.7526678,0,0
3.7531677,0,1
3.75366785,0,0
3.7541678,0,1
3.75466795,0,0
3.7551678,0,1
3.7556679,0,0
3.7561678,0,1
3.7566679,0,0
3.7571678,0,1
3.7576679,0,0
3.7581678,0,1
3.75866795,0,0
3.7591678,0,1
3.75966795,0,0
3.7601678,0,1
3.76066785,0,0
3.7611677,0,1
3.76166785,0,0
3.76216765,0,1
3.7626678,0,0
3.76316765,0,1
3.76366775,0,0
3.7641676,0,1
3.7646677,0,0
3.76516755,0,1
3.7656677,0,0
3.7661675,0,1
3.7666676,0,0
3.76716745,0,1
3.76766755,0,0
3.76816735,0,1
3.76866745,0,0
3.7691673,0,1
3.76966745,0,0
3.77016735,0,1
3.77066755,0,0
3.77116745,0,1
3.7716676,0,0
3.7721675,0,1
3.77266765,0,0
3.77316755,0,1
3.77366775,0,0
3.77416765,0,1
3.7746678,0,0
3.7751677,0,1
3.77566785,0,0
3.77616775,0,1
3.7766679,0,0
3.77716785,0,1
3.77766805,0,0
3.778168,0,1
3.77866815,0,0
3.77916815,0,1
3.7796683,0,0
3.7801682,0,1
3.7806684,0,0
3.7811683,0,1
3.7816685,0,0
3.7821684,0,1
3.78266855,0,0
3.7831685,0,1
3.7836686,0,0
3.7841685,0,1
3.78466865,0,0
3.78516855,0,1
3.78566865,0,0
3.78616855,0,1
3.7866687,0,0
3.7871686,0,1
3.7876687,0,0
3.7881686,0,1
3.78866875,0,0
3.7891686,0,1
3.7896687,0,0
3.7901686,0,1
3.7906687,0,0
3.79116855,0,1
3.7916687,0,0
3.7921686,0,1
3.7926687,0,0
3.7931685,0,1
3.7936686,0,0
3.7941684,0,1
3.7946685,0,0
3.7951683,0,1
3.79566835,0,0
3.79616815,0,1
3.79666825,0,0
3.79716805,0,1
3.7976681,0,0
3.79816795,0,1
3.798668,0,0
3.7991678,0,1
3.7996678,0,0
3.8001676,0,1
3.80066765,0,0
3.8011675,0,1
3.80166755,0,0
3.8021674,0,1
3.8026675,0,0
3.80316735,0,1
3.8036675,0,0
3.80416735,0,1
3.80466745,0,0
3.8051673,0,1
3.8056674,0,0
3.80616725,0,1
3.8066674,0,0
3.8071673,0,1
3.80766745,0,0
3.8081673,0,1
3.80866745,0,0
3.80916735,0,1
3.8096675,0,0
3.8101674,0,1
3.81066755,0,0
3.8111674,0,1
3.81166755,0,0
3.8121675,0,1
3.81266765,0,0
3.81316755,0,1
3.8136677,0,0
3.81416755,0,1
3.8146677,0,0
3.8151676,0,1
3.8156678,0,0
3.81616775,0,1
3.8166679,0,0
3.8171678,0,1
3.8176679,0,0
3.8181678,0,1
3.81866785,0,0
3.8191678,0,1
3.8196679,0,0
3.8201678,0,1
3.82066795,0,0
3.82116785,0,1
3.821668,0,0
3.82216795,0,1
3.82266815,0,0
3.82316805,0,1
3.82366825,0,0
3.8241682,0,1
3.82466835,0,0
3.82516825,0,1
3.82566845,0,0
3.82616835,0,1
3.8266685,0,0
3.8271684,0,1
3.82766855,0,0
3.8281685,0,1
3.82866865,0,0
3.8291686,0,1
3.8296688,0,0
3.83016875,0,1
3.83066895,0,0
3.8311689,0,1
3.8316691,0,0
3.832169,0,1
3.8326692,0,0
3.83316905,0,1
3.8336691,0,0
3.834169,0,1
3.83466915,0,0
3.83516905,0,1
3.8356692,0,0
3.83616905,0,1
3.83666925,0,0
3.8371692,0,1
3.83766935,0,0
3.8381693,0,1
3.83866945,0,0
3.8391694,0,1
3.83966955,0,0
3.8401695,0,1
3.84066965,0,0
3.84116955,0,1
3.84166975,0,0
3.84216965,0,1
3.84266985,0,0
3.84316975,0,1
3.84366995,0,0
3.8441699,0,1
3.8446701,0,0
3.8451701,0,1
3.84567025,0,0
3.8461702,0,1
3.84667035,0,0
3.8471703,0,1
3.8476705,0,0
3.8481704,0,1
3.84867055,0,0
3.84917045,0,1
3.8496706,0,0
3.85017055,0,1
3.8506707,0,0
3.85117065,0,1
3.85167075,0,0
3.85217075,0,1
3.8526709,0,0
3.8531708,0,1
3.85367095,0,0
3.85417085,0,1
3.854671,0,0
3.85517095,0,1
3.8556711,0,0
3.856171,0,1
3.85667115,0,0
3.85717105,0,1
3.85767125,0,0
3.85817115,0,1
3.8586713,0,0
3.85917125,0,1
3.85967135,0,0
3.86017125,0,1
3.8606714,0,0
3.86117135,0,1
3.8616715,0,0
3.8621714,0,1
3.8626716,0,0
3.8631715,0,1
3.86367165,0,0
3.86417155,0,1
3.8646717,0,0
3.8651716,0,1
3.8656718,0,0
3.8661717,0,1
3.86667185,0,0
3.8671718,0,1
3.8676719,0,0
3.8681718,0,1
3.86867195,0,0
3.86917185,0,1
3.869672,0,0
3.8701719,0,1
3.87067205,0,0
3.8711719,0,1
3.87167205,0,0
3.87217195,0,1
3.87267205,0,0
3.87317195,0,1
3.87367205,0,0
3.87417195,0,1
3.87467205,0,0
3.87517195,0,1
3.87567205,0,0
3.8761719,0,1
3.876672,0,0
3.87717185,0,1
3.87767195,0,0
3.8781718,0,1
3.87867185,0,0
3.8791717,0,1
3.8796718,0,0
3.88017165,0,1
3.88067175,0,0
3.8811716,0,1
3.8816717,0,0
3.8821716,0,1
3.8826717,0,0
3.8831716,0,1
3.8836717,0,0
3.88417155,0,1
3.88467165,0,0
3.8851715,0,1
3.8856716,0,0
3.8861715,0,1
3.88667165,0,0
3.8871715,0,1
3.88767165,0,0
3.8881715,0,1
3.88867165,0,0
3.88917155,0,1
3.8896717,0,0
3.8901716,0,1
3.89067175,0,0
3.89117165,0,1
3.8916718,0,0
3.89217165,0,1
3.8926718,0,0
3.8931717,0,1
3.89367185,0,0
3.89417175,0,1
3.8946719,0,0
3.8951718,0,1
3.89567195,0,0
3.89617185,0,1
3.896672,0,0
3.897172,0,1
3.89767215,0,0
3.89817205,0,1
3.89867225,0,0
3.89917215,0,1
3.8996723,0,0
3.9001722,0,1
3.90067235,0,0
3.90117225,0,1
3.90167235,0,0
3.9021723,0,1
3.9026724,0,0
3.9031723,0,1
3.9036724,0,0
3.9041723,0,1
3.9046725,0,0
3.9051724,0,1
3.90567255,0,0
3.9061725,0,1
3.90667265,0,0
3.90717255,0,1
3.90767265,0,0
3.9081726,0,1
3.90867275,0,0
3.90917265,0,1
3.9096728,0,0
3.91017265,0,1
3.91067275,0,0
3.9111726,0,1
3.91167275,0,0
3.9121726,0,1
3.91267275,0,0
3.91317265,0,1
3.9136727,0,0
3.9141726,0,1
3.91467275,0,0
3.9151727,0,1
3.91567285,0,0
3.91617275,0,1
3.9166729,0,0
3.91717275,0,1
3.9176729,0,0
3.91817275,0,1
3.9186729,0,0
3.91917285,0,1
3.91967295,0,0
3.92017285,0,1
3.92067295,0,0
3.92117285,0,1
3.92167295,0,0
3.92217285,0,1
3.92267295,0,0
3.92317285,0,1
3.923673,0,0
3.92417285,0,1
3.92467295,0,0
3.92517285,0,1
3.925673,0,0
3.92617285,0,1
3.926673,0,0
3.9271729,0,1
3.9276731,0,0
3.928173,0,1
3.9286731,0,0
3.929173,0,1
3.9296731,0,0
3.93017295,0,1
3.930673,0,0
3.93117285,0,1
3.931673,0,0
3.9321729,0,1
3.932673,0,0
3.9331729,0,1
3.933673,0,0
3.9341729,0,1
3.93467295,0,0
3.93517275,0,1
3.93567285,0,0
3.93617265,0,1
3.93667275,0,0
3.93717265,0,1
3.93767275,0,0
3.93817255,0,1
3.93867265,0,0
3.9391725,0,1
3.9396726,0,0
3.94017245,0,1
3.9406725,0,0
3.94117235,0,1
3.9416724,0,0
3.94217225,0,1
3.9426723,0,0
3.9431721,0,1
3.9436721,0,0
3.94417195,0,1
3.944672,0,0
3.9451718,0,1
3.9456719,0,0
3.9461717,0,1
3.94667175,0,0
3.9471716,0,1
3.9476717,0,0
3.94817155,0,1
3.9486716,0,0
3.94917145,0,1
3.9496715,0,0
3.9501713,0,1
3.9506714,0,0
3.9511712,0,1
3.95167125,0,0
3.95217105,0,1
3.95267115,0,0
3.953171,0,1
3.95367105,0,0
3.9541708,0,1
3.95467085,0,0
3.9551707,0,1
3.9556708,0,0
3.95617065,0,1
3.95667075,0,0
3.9571706,0,1
3.95767075,0,0
3.95817065,0,1
3.95867075,0,0
3.95917065,0,1
3.9596708,0,0
3.96017065,0,1
3.96067075,0,0
3.9611706,0,1
3.9616707,0,0
3.96217055,0,1
3.9626706,0,0
3.9631705,0,1
3.96367055,0,0
3.9641704,0,1
3.9646705,0,0
3.96517035,0,1
3.9656704,0,0
3.96617025,0,1
3.96667035,0,0
3.96717015,0,1
3.96767025,0,0
3.96817,0,1
3.96867005,0,0
3.96916985,0,1
3.96966985,0,0
3.9701697,0,1
3.9706698,0,0
3.9711696,0,1
3.97166965,0,0
3.9721695,0,1
3.9726696,0,0
3.97316945,0,1
3.9736695,0,0
3.97416935,0,1
3.97466945,0,0
3.9751693,0,1
3.9756694,0,0
3.9761693,0,1
3.9766694,0,0
3.97716925,0,1
3.97766925,0,0
3.97816905,0,1
3.97866915,0,0
3.97916905,0,1
3.9796691,0,0
3.9801689,0,1
3.98066895,0,0
3.98116875,0,1
3.98166875,0,0
3.9821685,0,1
3.9826686,0,0
3.98316835,0,1
3.98366845,0,0
3.9841683,0,1
3.98466835,0,0
3.9851682,0,1
3.9856683,0,0
3.9861681,0,1
3.98666815,0,0
3.987168,0,1
3.9876681,0,0
3.988168,0,1
3.98866805,0,0
3.9891679,0,1
3.989668,0,0
3.99016785,0,1
3.990668,0,0
3.99116785,0,1
3.99166795,0,0
3.9921678,0,1
3.9926679,0,0
3.99316775,0,1
3.99366785,0,0
3.9941677,0,1
3.9946678,0,0
3.99516765,0,1
3.99566775,0,0
3.99616765,0,1
3.99666775,0,0
3.9971676,0,1
3.9976677,0,0
3.99816755,0,1
3.99866765,0,0
3.99916755,0,1
3.99966765,0,0
4.0001675,0,1
4.00066755,0,0
4.0011674,0,1
4.0016675,0,0
4.00216735,0,1
4.00266745,0,0
4.0031673,0,1
4.00366745,0,0
4.0041673,0,1
4.0046674,0,0
4.00516725,0,1
4.00566735,0,0
4.0061672,0,1
4.00666735,0,0
4.0071672,0,1
4.0076673,0,0
4.00816715,0,1
4.00866725,0,0
4.00916705,0,1
4.0096672,0,0
4.010167,0,1
4.0106671,0,0
4.01116695,0,1
4.01166705,0,0
4.0121669,0,1
4.012667,0,0
4.01316685,0,1
4.01366695,0,0
4.01416675,0,1
4.01466675,0,0
4.01516655,0,1
4.0156667,0,0
4.01616655,0,1
4.0166666,0,0
4.01716645,0,1
4.01766655,0,0
4.01816635,0,1
4.01866645,0,0
4.0191663,0,1
4.01966635,0,0
4.02016615,0,1
4.02066625,0,0
4.02116605,0,1
4.02166615,0,0
4.02216595,0,1
4.02266605,0,0
4.0231659,0,1
4.02366595,0,0
4.02416585,0,1
4.02466595,0,0
4.0251658,0,1
4.02566585,0,0
4.0261657,0,1
4.0266658,0,0
4.0271657,0,1
4.0276658,0,0
4.02816565,0,1
4.02866575,0,0
4.02916555,0,1
4.0296656,0,0
4.0301654,0,1
4.03066545,0,0
4.03116525,0,1
4.03166535,0,0
4.0321652,0,1
4.03266535,0,0
4.0331652,0,1
4.0336653,0,0
4.0341652,0,1
4.0346653,0,0
4.03516515,0,1
4.03566525,0,0
4.03616515,0,1
4.03666525,0,0
4.03716515,0,1
4.0376653,0,0
4.0381652,0,1
4.0386653,0,0
4.0391652,0,1
4.03966535,0,0
4.0401652,0,1
4.0406653,0,0
4.04116515,0,1
4.0416652,0,0
4.04216505,0,1
4.0426652,0,0
4.043165,0,1
4.0436651,0,0
4.04416495,0,1
4.044665,0,0
4.0451649,0,1
4.04566495,0,0
4.0461648,0,1
4.04666495,0,0
4.04716475,0,1
4.0476649,0,0
4.04816475,0,1
4.04866485,0,0
4.0491647,0,1
4.0496648,0,0
4.05016465,0,1
4.0506647,0,0
4.0511646,0,1
4.0516647,0,0
4.05216455,0,1
4.0526647,0,0
4.05316455,0,1
4.0536646,0,0
4.05416445,0,1
4.0546645,0,0
4.05516435,0,1
4.05566445,0,0
4.0561643,0,1
4.0566644,0,0
4.0571642,0,1
4.05766425,0,0
4.0581641,0,1
4.05866415,0,0
4.059164,0,1
4.0596641,0,0
4.06016395,0,1
4.06066405,0,0
4.0611639,0,1
4.06166395,0,0
4.0621638,0,1
4.06266385,0,0
4.0631637,0,1
4.0636638,0,0
4.0641636,0,1
4.0646637,0,0
4.06516355,0,1
4.0656637,0,0
4.06616355,0,1
4.06666365,0,0
4.06716345,0,1
4.06766355,0,0
4.0681634,0,1
4.0686635,0,0
4.0691634,0,1
4.06966345,0,0
4.07016335,0,1
4.0706635,0,0
4.07116335,0,1
4.0716635,0,0
4.07216335,0,1
4.07266355,0,0
4.0731634,0,1
4.0736636,0,0
4.07416345,0,1
4.0746636,0,0
4.0751634,0,1
4.07566355,0,0
4.07616345,0,1
4.07666345,0,0
4.0771633,0,1
4.0776634,0,0
4.07816325,0,1
4.0786633,0,0
4.07916315,0,1
4.0796632,0,0
4.08016305,0,1
4.08066315,0,0
4.08116295,0,1
4.0816631,0,0
4.0821629,0,1
4.08266305,0,0
4.08316285,0,1
4.08366295,0,0
4.08416285,0,1
4.08466295,0,0
4.08516275,0,1
4.0856629,0,0
4.08616275,0,1
4.08666285,0,0
4.08716275,0,1
4.08766285,0,0
4.0881627,0,1
4.08866285,0,0
4.08916275,0,1
4.08966285,0,0
4.0901627,0,1
4.09066285,0,0
4.0911627,0,1
4.0916628,0,0
4.0921627,0,1
4.09266275,0,0
4.09316265,0,1
4.09366275,0,0
4.0941626,0,1
4.09466275,0,0
4.09516265,0,1
4.09566275,0,0
4.0961626,0,1
4.09666275,0,0
4.0971626,0,1
4.0976627,0,0
4.09816255,0,1
4.0986626,0,0
4.09916245,0,1
4.0996625,0,0
4.10016225,0,1
4.10066235,0,0
4.10116215,0,1
4.1016622,0,0
4.102162,0,1
4.10266205,0,0
4.10316185,0,1
4.1036619,0,0
4.1041617,0,1
4.1046617,0,0
4.1051615,0,1
4.1056615,0,0
4.1061613,0,1
4.1066613,0,0
4.1071611,0,1
4.10766115,0,0
4.10816095,0,1
4.108661,0,0
4.10916085,0,1
4.1096609,0,0
4.1101607,0,1
4.1106608,0,0
4.1111606,0,1
4.11166065,0,0
4.1121605,0,1
4.11266055,0,0
4.11316035,0,1
4.11366045,0,0
4.1141603,0,1
4.11466035,0,0
4.1151602,0,1
4.1156603,0,0
4.1161601,0,1
4.11666015,0,0
4.1171599,0,1
4.11765995,0,0
4.1181597,0,1
4.11865975,0,0
4.11915955,0,1
4.11965955,0,0
4.1201593,0,1
4.12065935,0,0
4.1211592,0,1
4.12165925,0,0
4.1221591,0,1
4.12265915,0,0
4.12315895,0,1
4.12365905,0,0
4.1241588,0,1
4.12465885,0,0
4.12515865,0,1
4.12565865,0,0
4.12615845,0,1
4.1266585,0,0
4.12715825,0,1
4.1276583,0,0
4.1281581,0,1
4.1286581,0,0
4.12915785,0,1
4.1296579,0,0
4.1301577,0,1
4.13065775,0,0
4.1311576,0,1
4.13165765,0,0
4.1321575,0,1
4.13265755,0,0
4.1331574,0,1
4.1336575,0,0
4.1341573,0,1
4.13465735,0,0
4.1351571,0,1
4.13565715,0,0
4.13615695,0,1
4.136657,0,0
4.1371568,0,1
4.13765685,0,0
4.1381567,0,1
4.13865675,0,0
4.13915655,0,1
4.1396566,0,0
4.1401564,0,1
4.14065645,0,0
4.1411562,0,1
4.14165625,0,0
4.14215605,0,1
4.1426561,0,0
4.1431559,0,1
4.1436559,0,0
4.1441557,0,1
4.1446557,0,0
4.14515545,0,1
4.14565545,0,0
4.1461552,0,1
4.14665525,0,0
4.147155,0,1
4.14765505,0,0
4.14815485,0,1
4.1486549,0,0
4.14915465,0,1
4.1496547,0,0
4.15015455,0,1
4.1506546,0,0
4.1511544,0,1
4.15165445,0,0
4.15215425,0,1
4.1526543,0,0
4.15315405,0,1
4.1536541,0,0
4.15415395,0,1
4.154654,0,0
4.1551538,0,1
4.1556539,0,0
4.1561537,0,1
4.15665375,0,0
4.1571535,0,1
4.1576535,0,0
4.1581533,0,1
4.15865335,0,0
4.15915315,0,1
4.1596532,0,0
4.160153,0,1
4.16065305,0,0
4.1611528,0,1
4.1616529,0,0
4.1621527,0,1
4.16265285,0,0
4.1631527,0,1
4.16365285,0,0
4.1641527,0,1
4.1646528,0,0
4.1651526,0,1
4.16565265,0,0
4.16615245,0,1
4.16665245,0,0
4.16715225,0,1
4.16765225,0,0
4.16815205,0,1
4.1686521,0,0
4.1691519,0,1
4.16965195,0,0
4.17015175,0,1
4.17065175,0,0
4.17115155,0,1
4.17165165,0,0
4.17215145,0,1
4.1726515,0,0
4.17315135,0,1
4.17365145,0,0
4.17415125,0,1
4.17465135,0,0
4.17515115,0,1
4.17565115,0,0
4.17615095,0,1
4.176651,0,0
4.1771508,0,1
4.17765085,0,0
4.17815065,0,1
4.17865075,0,0
4.1791505,0,1
4.17965055,0,0
4.1801504,0,1
4.18065045,0,0
4.18115025,0,1
4.1816503,0,0
4.18215005,0,1
4.18265015,0,0
4.18314995,0,1
4.18364995,0,0
4.18414975,0,1
4.18464975,0,0
4.18514955,0,1
4.18564955,0,0
4.18614935,0,1
4.18664945,0,0
4.18714925,0,1
4.18764935,0,0
4.18814915,0,1
4.1886492,0,0
4.189149,0,1
4.18964905,0,0
4.19014885,0,1
4.1906489,0,0
4.1911487,0,1
4.19164875,0,0
4.1921486,0,1
4.1926487,0,0
4.1931485,0,1
4.1936486,0,0
4.1941484,0,1
4.19464845,0,0
4.19514825,0,1
4.1956483,0,0
4.19614815,0,1
4.19664825,0,0
4.19714805,0,1
4.19764805,0,0
4.19814785,0,1
4.19864785,0,0
4.19914765,0,1
4.1996477,0,0
4.2001475,0,1
4.2006476,0,0
4.20114735,0,1
4.2016474,0,0
4.2021472,0,1
4.20264725,0,0
4.20314705,0,1
4.20364715,0,0
4.20414695,0,1
4.204647,0,0
4.2051468,0,1
4.2056469,0,0
4.2061467,0,1
4.20664675,0,0
4.2071466,0,1
4.20764675,0,0
4.20814665,0,1
4.2086468,0,0
4.2091467,0,1
4.20964685,0,0
4.2101468,0,1
4.21064695,0,0
4.2111468,0,1
4.21164695,0,0
4.2121468,0,1
4.21264695,0,0
4.2131468,0,1
4.2136469,0,0
4.2141468,0,1
4.21464685,0,0
4.21514675,0,1
4.21564685,0,0
4.2161467,0,1
4.2166468,0,0
4.21714665,0,1
4.2176468,0,0
4.21814665,0,1
4.21864675,0,0
4.2191467,0,1
4.2196468,0,0
4.22014665,0,1
4.22064675,0,0
4.2211466,0,1
4.2216467,0,0
4.22214655,0,1
4.22264665,0,0
4.22314655,0,1
4.22364665,0,0
4.2241466,0,1
4.22464675,0,0
4.2251466,0,1
4.2256467,0,0
4.2261466,0,1
4.2266467,0,0
4.22714655,0,1
4.22764665,0,0
4.2281465,0,1
4.2286466,0,0
4.22914645,0,1
4.22964655,0,0
4.23014645,0,1
4.2306466,0,0
4.2311465,0,1
4.2316466,0,0
4.23214645,0,1
4.23264655,0,0
4.2331464,0,1
4.2336465,0,0
4.2341464,0,1
4.2346465,0,0
4.23514635,0,1
4.2356465,0,0
4.23614635,0,1
4.2366464,0,0
4.23714625,0,1
4.23764635,0,0
4.2381462,0,1
4.23864625,0,0
4.2391461,0,1
4.2396462,0,0
4.2401461,0,1
4.2406462,0,0
4.241146,0,1
4.24164605,0,0
4.2421459,0,1
4.242646,0,0
4.24314585,0,1
4.243646,0,0
4.24414585,0,1
4.244646,0,0
4.24514585,0,1
4.24564595,0,0
4.2461458,0,1
4.2466459,0,0
4.2471458,0,1
4.2476459,0,0
4.24814575,0,1
4.24864585,0,0
4.24914565,0,1
4.24964575,0,0
4.25014565,0,1
4.25064575,0,0
4.2511456,0,1
4.25164565,0,0
4.2521455,0,1
4.2526456,0,0
4.25314545,0,1
4.25364555,0,0
4.25414545,0,1
4.25464555,0,0
4.25514545,0,1
4.2556456,0,0
4.2561455,0,1
4.2566456,0,0
4.25714545,0,1
4.25764555,0,0
4.2581454,0,1
4.25864555,0,0
4.2591454,0,1
4.2596455,0,0
4.2601454,0,1
4.2606455,0,0
4.26114535,0,1
4.2616455,0,0
4.26214535,0,1
4.2626455,0,0
4.2631454,0,1
4.26364555,0,0
4.2641454,0,1
4.2646455,0,0
4.26514535,0,1
4.2656454,0,0
4.26614525,0,1
4.26664535,0,0
4.26714525,0,1
4.26764535,0,0
4.2681452,0,1
4.26864525,0,0
4.2691451,0,1
4.2696452,0,0
4.27014505,0,1
4.27064515,0,0
4.271145,0,1
4.2716451,0,0
4.27214495,0,1
4.272645,0,0
4.27314485,0,1
4.27364495,0,0
4.27414475,0,1
4.2746448,0,0
4.2751447,0,1
4.2756448,0,0
4.2761446,0,1
4.2766447,0,0
4.2771445,0,1
4.2776446,0,0
4.2781444,0,1
4.27864445,0,0
4.27914425,0,1
4.27964435,0,0
4.28014415,0,1
4.28064425,0,0
4.2811441,0,1
4.2816442,0,0
4.28214405,0,1
4.28264415,0,0
4.28314395,0,1
4.2836441,0,0
4.28414395,0,1
4.28464405,0,0
4.28514395,0,1
4.2856441,0,0
4.28614395,0,1
4.28664405,0,0
4.2871439,0,1
4.287644,0,0
4.28814385,0,1
4.28864395,0,0
4.28914385,0,1
4.28964395,0,0
4.2901438,0,1
4.2906439,0,0
4.2911438,0,1
4.2916439,0,0
4.29214375,0,1
4.2926438,0,0
4.29314365,0,1
4.2936438,0,0
4.29414365,0,1
4.2946437,0,0
4.29514355,0,1
4.2956437,0,0
4.29614355,0,1
4.2966437,0,0
4.29714355,0,1
4.29764365,0,0
4.2981435,0,1
4.2986436,0,0
4.29914345,0,1
4.2996435,0,0
4.30014335,0,1
4.3006435,0,0
4.30114335,0,1
4.30164345,0,0
4.30214335,0,1
4.3026435,0,0
4.30314335,0,1
4.3036435,0,0
4.3041434,0,1
4.30464355,0,0
4.3051434,0,1
4.30564355,0,0
4.30614345,0,1
4.30664355,0,0
4.3071434,0,1
4.3076435,0,0
4.30814335,0,1
4.30864345,0,0
4.30914335,0,1
4.3096434,0,0
4.31014325,0,1
4.3106433,0,0
4.31114315,0,1
4.31164325,0,0
4.3121431,0,1
4.3126432,0,0
4.31314305,0,1
4.31364315,0,0
4.31414295,0,1
4.31464305,0,0
4.31514285,0,1
4.3156429,0,0
4.3161427,0,1
4.31664285,0,0
4.3171427,0,1
4.3176428,0,0
4.31814275,0,1
4.31864285,0,0
4.31914275,0,1
4.31964285,0,0
4.32014275,0,1
4.3206428,0,0
4.32114265,0,1
4.32164275,0,0
4.3221426,0,1
4.3226427,0,0
4.32314255,0,1
4.32364265,0,0
4.3241425,0,1
4.32464265,0,0
4.3251425,0,1
4.3256426,0,0
4.32614245,0,1
4.3266425,0,0
4.32714235,0,1
4.3276424,0,0
4.32814225,0,1
4.3286424,0,0
4.3291423,0,1
4.32964245,0,0
4.33014235,0,1
4.3306425,0,0
4.33114235,0,1
4.33164245,0,0
4.3321423,0,1
4.3326425,0,0
4.33314235,0,1
4.3336425,0,0
4.33414235,0,1
4.3346425,0,0
4.33514235,0,1
4.3356424,0,0
4.3361422,0,1
4.33664235,0,0
4.3371422,0,1
4.3376423,0,0
4.33814215,0,1
4.33864225,0,0
4.33914205,0,1
4.3396422,0,0
4.34014205,0,1
4.34064215,0,0
4.341142,0,1
4.34164215,0,0
4.342142,0,1
4.3426421,0,0
4.343142,0,1
4.3436421,0,0
4.34414195,0,1
4.34464205,0,0
4.3451419,0,1
4.345642,0,0
4.3461419,0,1
4.34664195,0,0
4.34714175,0,1
4.3476418,0,0
4.34814165,0,1
4.34864175,0,0
4.3491416,0,1
4.34964165,0,0
4.3501415,0,1
4.3506416,0,0
4.35114145,0,1
4.3516415,0,0
4.3521413,0,1
4.35264135,0,0
4.35314115,0,1
4.35364125,0,0
4.35414105,0,1
4.35464115,0,0
4.35514095,0,1
4.35564105,0,0
4.3561408,0,1
4.3566409,0,0
4.3571407,0,1
4.35764075,0,0
4.35814055,0,1
4.3586406,0,0
4.3591404,0,1
4.35964045,0,0
4.3601402,0,1
4.36064025,0,0
4.36114005,0,1
4.3616401,0,0
4.36213995,0,1
4.36264005,0,0
4.36313985,0,1
4.3636399,0,0
4.36413975,0,1
4.3646398,0,0
4.3651396,0,1
4.36563965,0,0
4.3661394,0,1
4.36663945,0,0
4.3671392,0,1
4.36763925,0,0
4.36813905,0,1
4.3686391,0,0
4.3691389,0,1
4.3696389,0,0
4.37013875,0,1
4.3706388,0,0
4.3711386,0,1
4.37163865,0,0
4.37213845,0,1
4.3726385,0,0
4.3731383,0,1
4.37363835,0,0
4.3741382,0,1
4.37463825,0,0
4.37513815,0,1
4.3756382,0,0
4.376138,0,1
4.37663815,0,0
4.377138,0,1
4.3776381,0,0
4.378138,0,1
4.3786381,0,0
4.379138,0,1
4.3796381,0,0
4.38013795,0,1
4.38063805,0,0
4.3811379,0,1
4.38163795,0,0
4.38213775,0,1
4.38263785,0,0
4.38313765,0,1
4.38363775,0,0
4.38413755,0,1
4.3846376,0,0
4.3851374,0,1
4.3856375,0,0
4.38613735,0,1
4.38663745,0,0
4.38713725,0,1
4.38763735,0,0
4.3881372,0,1
4.38863725,0,0
4.3891371,0,1
4.3896372,0,0
4.39013705,0,1
4.39063715,0,0
4.391137,0,1
4.39163705,0,0
4.39213685,0,1
4.3926369,0,0
4.3931367,0,1
4.3936368,0,0
4.39413665,0,1
4.3946367,0,0
4.39513655,0,1
4.39563665,0,0
4.3961365,0,1
4.39663655,0,0
4.39713635,0,1
4.3976364,0,0
4.3981362,0,1
4.39863625,0,0
4.39913605,0,1
4.3996361,0,0
4.40013595,0,1
4.40063595,0,0
4.40113575,0,1
4.40163585,0,0
4.4021357,0,1
4.40263575,0,0
4.40313555,0,1
4.40363565,0,0
4.40413545,0,1
4.4046355,0,0
4.40513535,0,1
4.40563545,0,0
4.4061353,0,1
4.40663535,0,0
4.40713515,0,1
4.40763525,0,0
4.4081351,0,1
4.4086352,0,0
4.409135,0,1
4.4096351,0,0
4.4101349,0,1
4.41063495,0,0
4.41113475,0,1
4.4116348,0,0
4.4121346,0,1
4.4126347,0,0
4.4131345,0,1
4.41363455,0,0
4.4141344,0,1
4.4146345,0,0
4.41513435,0,1
4.41563445,0,0
4.41613425,0,1
4.41663435,0,0
4.41713415,0,1
4.41763415,0,0
4.4181339,0,1
4.418634,0,0
4.41913385,0,1
4.4196339,0,0
4.42013375,0,1
4.4206338,0,0
4.4211336,0,1
4.42163365,0,0
4.42213345,0,1
4.4226335,0,0
4.42313325,0,1
4.42363325,0,0
4.424133,0,1
4.424633,0,0
4.4251328,0,1
4.42563285,0,0
4.4261327,0,1
4.42663275,0,0
4.42713255,0,1
4.42763255,0,0
4.42813235,0,1
4.42863235,0,0
4.42913215,0,1
4.42963225,0,0
4.43013205,0,1
4.43063215,0,0
4.431132,0,1
4.4316321,0,0
4.4321319,0,1
4.43263195,0,0
4.43313185,0,1
4.43363195,0,0
4.4341318,0,1
4.4346319,0,0
4.43513175,0,1
4.43563185,0,0
4.4361317,0,1
4.4366318,0,0
4.4371316,0,1
4.43763165,0,0
4.4381315,0,1
4.4386316,0,0
4.4391314,0,1
4.4396315,0,0
4.44013135,0,1
4.44063145,0,0
4.44113135,0,1
4.44163145,0,0
4.44213135,0,1
4.44263145,0,0
4.44313135,0,1
4.44363155,0,0
4.44413145,0,1
4.4446316,0,0
4.44513145,0,1
4.44563155,0,0
4.4461314,0,1
4.4466315,0,0
4.4471314,0,1
4.4476315,0,0
4.44813135,0,1
4.4486314,0,0
4.44913125,0,1
4.44963135,0,0
4.45013125,0,1
4.45063135,0,0
4.45113125,0,1
4.4516314,0,0
4.45213125,0,1
4.4526313,0,0
4.4531311,0,1
4.45363115,0,0
4.45413105,0,1
4.45463115,0,0
4.45513105,0,1
4.45563115,0,0
4.456131,0,1
4.45663115,0,0
4.457131,0,1
4.45763115,0,0
4.45813105,0,1
4.45863115,0,0
4.45913105,0,1
4.45963115,0,0
4.460131,0,1
4.46063115,0,0
4.46113095,0,1
4.46163105,0,0
4.4621309,0,1
4.462631,0,0
4.46313085,0,1
4.463631,0,0
4.46413085,0,1
4.46463095,0,0
4.46513075,0,1
4.46563085,0,0
4.4661307,0,1
4.46663075,0,0
4.46713065,0,1
4.4676307,0,0
4.46813055,0,1
4.46863065,0,0
4.4691305,0,1
4.46963055,0,0
4.4701304,0,1
4.47063045,0,0
4.4711303,0,1
4.47163035,0,0
4.47213015,0,1
4.4726302,0,0
4.47313005,0,1
4.4736301,0,0
4.4741299,0,1
4.47463,0,0
4.47512985,0,1
4.47562995,0,0
4.4761298,0,1
4.4766299,0,0
4.4771298,0,1
4.4776299,0,0
4.4781298,0,1
4.47862995,0,0
4.4791298,0,1
4.4796299,0,0
4.4801298,0,1
4.48062995,0,0
4.4811298,0,1
4.4816299,0,0
4.48212975,0,1
4.4826299,0,0
4.48312975,0,1
4.48362985,0,0
4.48412975,0,1
4.48462985,0,0
4.4851297,0,1
4.48562985,0,0
4.4861297,0,1
4.4866298,0,0
4.48712965,0,1
4.4876297,0,0
4.4881296,0,1
4.4886297,0,0
4.48912955,0,1
4.48962965,0,0
4.4901295,0,1
4.4906296,0,0
4.4911295,0,1
4.4916296,0,0
4.4921295,0,1
4.4926296,0,0
4.49312945,0,1
4.49362955,0,0
4.49412945,0,1
4.49462955,0,0
4.49512945,0,1
4.4956296,0,0
4.4961295,0,1
4.4966296,0,0
4.49712955,0,1
4.4976297,0,0
4.4981296,0,1
4.49862975,0,0
4.49912965,0,1
4.49962975,0,0
4.5001297,0,1
4.50062985,0,0
4.50112975,0,1
4.50162985,0,0
4.50212975,0,1
4.50262985,0,0
4.5031297,0,1
4.5036298,0,0
4.50412965,0,1
4.50462975,0,0
4.5051296,0,1
4.5056297,0,0
4.50612955,0,1
4.50662965,0,0
4.50712955,0,1
4.50762965,0,0
4.50812955,0,1
4.5086297,0,0
4.5091296,0,1
4.50962975,0,0
4.51012965,0,1
4.5106298,0,0
4.5111297,0,1
4.5116298,0,0
4.5121297,0,1
4.51262985,0,0
4.5131298,0,1
4.51362995,0,0
4.5141298,0,1
4.51462995,0,0
4.51512985,0,1
4.51563,0,0
4.51612985,0,1
4.51663,0,0
4.5171299,0,1
4.51763,0,0
4.5181298,0,1
4.51862995,0,0
4.5191298,0,1
4.51962995,0,0
4.5201298,0,1
4.5206299,0,0
4.5211298,0,1
4.52162995,0,0
4.52212985,0,1
4.52262995,0,0
4.52312985,0,1
4.52363,0,0
4.52412985,0,1
4.5246299,0,0
4.52512975,0,1
4.52562985,0,0
4.5261297,0,1
4.52662975,0,0
4.52712955,0,1
4.52762965,0,0
4.5281295,0,1
4.52862955,0,0
4.52912935,0,1
4.5296294,0,0
4.5301293,0,1
4.53062935,0,0
4.53112925,0,1
4.53162935,0,0
4.53212915,0,1
4.53262925,0,0
4.5331291,0,1
4.53362915,0,0
4.53412895,0,1
4.53462905,0,0
4.53512895,0,1
4.53562905,0,0
4.5361289,0,1
4.536629,0,0
4.5371289,0,1
4.53762905,0,0
4.53812895,0,1
4.5386291,0,0
4.53912895,0,1
4.53962905,0,0
4.5401289,0,1
4.540629,0,0
4.54112885,0,1
4.541629,0,0
4.54212885,0,1
4.542629,0,0
4.5431289,0,1
4.543629,0,0
4.54412885,0,1
4.54462895,0,0
4.54512885,0,1
4.5456289,0,0
4.54612875,0,1
4.54662885,0,0
4.54712865,0,1
4.5476288,0,0
4.54812865,0,1
4.54862875,0,0
4.54912855,0,1
4.5496286,0,0
4.5501284,0,1
4.55062845,0,0
4.55112825,0,1
4.55162835,0,0
4.55212815,0,1
4.55262825,0,0
4.55312805,0,1
4.5536281,0,0
4.55412795,0,1
4.554628,0,0
4.5551278,0,1
4.55562795,0,0
4.55612775,0,1
4.5566279,0,0
4.55712775,0,1
4.55762785,0,0
4.5581277,0,1
4.5586278,0,0
4.55912765,0,1
4.55962775,0,0
4.5601276,0,1
4.56062775,0,0
4.5611276,0,1
4.56162765,0,0
4.56212745,0,1
4.56262755,0,0
4.56312735,0,1
4.56362735,0,0
4.56412715,0,1
4.56462725,0,0
4.56512705,0,1
4.56562715,0,0
4.5661269,0,1
4.566627,0,0
4.56712685,0,1
4.56762695,0,0
4.5681268,0,1
4.5686269,0,0
4.5691267,0,1
4.5696268,0,0
4.5701267,0,1
4.57062675,0,0
4.57112665,0,1
4.57162675,0,0
4.5721266,0,1
4.5726267,0,0
4.57312655,0,1
4.57362665,0,0
4.5741265,0,1
4.5746265,0,0
4.5751263,0,1
4.5756263,0,0
4.5761261,0,1
4.57662615,0,0
4.57712595,0,1
4.577626,0,0
4.57812575,0,1
4.5786258,0,0
4.5791256,0,1
4.57962565,0,0
4.58012545,0,1
4.5806255,0,0
4.5811253,0,1
4.58162535,0,0
4.58212515,0,1
4.58262515,0,0
4.58312495,0,1
4.583625,0,0
4.5841248,0,1
4.58462485,0,0
4.58512465,0,1
4.58562475,0,0
4.58612455,0,1
4.5866246,0,0
4.58712445,0,1
4.58762445,0,0
4.58812425,0,1
4.58862425,0,0
4.58912405,0,1
4.5896242,0,0
4.59012405,0,1
4.59062415,0,0
4.59112395,0,1
4.59162405,0,0
4.5921239,0,1
4.592624,0,0
4.5931238,0,1
4.5936239,0,0
4.59412375,0,1
4.5946238,0,0
4.5951236,0,1
4.5956236,0,0
4.5961234,0,1
4.59662345,0,0
4.59712325,0,1
4.5976233,0,0
4.59812305,0,1
4.59862305,0,0
4.59912285,0,1
4.59962285,0,0
4.6001227,0,1
4.60062275,0,0
4.60112255,0,1
4.6016226,0,0
4.60212235,0,1
4.60262235,0,0
4.60312215,0,1
4.6036222,0,0
4.604122,0,1
4.60462205,0,0
4.60512185,0,1
4.60562195,0,0
4.60612175,0,1
4.60662185,0,0
4.6071217,0,1
4.6076218,0,0
4.60812155,0,1
4.6086216,0,0
4.6091214,0,1
4.60962145,0,0
4.6101212,0,1
4.61062125,0,0
4.611121,0,1
4.61162105,0,0
4.6121208,0,1
4.6126208,0,0
4.6131206,0,1
4.61362065,0,0
4.61412045,0,1
4.61462045,0,0
4.61512025,0,1
4.6156203,0,0
4.61612,0,1
4.61662,0,0
4.6171197,0,1
4.6176197,0,0
4.61811945,0,1
4.61861945,0,0
4.61911915,0,1
4.61961915,0,0
4.62011885,0,1
4.62061875,0,0
4.62111845,0,1
4.62161845,0,0
4.6221181,0,1
4.62261805,0,0
4.62311775,0,1
4.6236177,0,0
4.62411745,0,1
4.62461745,0,0
4.6251172,0,1
4.6256172,0,0
4.62611695,0,1
4.62661695,0,0
4.6271167,0,1
4.6276167,0,0
4.62811645,0,1
4.6286164,0,0
4.62911615,0,1
4.62961615,0,0
4.63011585,0,1
4.6306158,0,0
4.63111555,0,1
4.63161555,0,0
4.63211525,0,1
4.63261525,0,0
4.633115,0,1
4.63361495,0,0
4.63411475,0,1
4.63461475,0,0
4.6351145,0,1
4.6356145,0,0
4.63611425,0,1
4.63661425,0,0
4.637114,0,1
4.63761395,0,0
4.6381137,0,1
4.6386137,0,0
4.6391135,0,1
4.63961355,0,0
4.6401133,0,1
4.64061325,0,0
4.641113,0,1
4.64161295,0,0
4.6421127,0,1
4.6426127,0,0
4.64311245,0,1
4.64361245,0,0
4.6441123,0,1
4.6446123,0,0
4.6451121,0,1
4.64561215,0,0
4.64611195,0,1
4.64661205,0,0
4.6471118,0,1
4.64761185,0,0
4.64811165,0,1
4.6486117,0,0
4.6491114,0,1
4.6496114,0,0
4.65011115,0,1
4.65061115,0,0
4.65111085,0,1
4.6516109,0,0
4.65211065,0,1
4.6526106,0,0
4.6531104,0,1
4.6536103,0,0
4.65411005,0,1
4.6546101,0,0
4.6551099,0,1
4.65560995,0,0
4.6561097,0,1
4.65660975,0,0
4.65710955,0,1
4.65760965,0,0
4.65810945,0,1
4.6586095,0,0
4.65910935,0,1
4.6596094,0,0
4.6601092,0,1
4.6606092,0,0
4.661109,0,1
4.66160905,0,0
4.6621088,0,1
4.66260885,0,0
4.6631086,0,1
4.6636086,0,0
4.66410835,0,1
4.66460835,0,0
4.66510805,0,1
4.66560805,0,0
4.6661078,0,1
4.6666078,0,0
4.66710755,0,1
4.66760755,0,0
4.66810725,0,1
4.66860725,0,0
4.66910695,0,1
4.669607,0,0
4.67010675,0,1
4.6706068,0,0
4.67110655,0,1
4.6716066,0,0
4.6721064,0,1
4.67260645,0,0
4.6731062,0,1
4.67360625,0,0
4.674106,0,1
4.674606,0,0
4.6751058,0,1
4.6756058,0,0
4.6761055,0,1
4.6766055,0,0
4.6771052,0,1
4.6776052,0,0
4.67810495,0,1
4.6786049,0,0
4.67910455,0,1
4.67960455,0,0
4.6801043,0,1
4.6806043,0,0
4.68110405,0,1
4.68160405,0,0
4.68210375,0,1
4.68260375,0,0
4.6831035,0,1
4.68360345,0,0
4.68410315,0,1
4.68460315,0,0
4.68510285,0,1
4.68560285,0,0
4.68610255,0,1
4.68660255,0,0
4.6871023,0,1
4.68760225,0,0
4.688102,0,1
4.688602,0,0
4.68910175,0,1
4.6896018,0,0
4.69010155,0,1
4.6906016,0,0
4.6911014,0,1
4.6916015,0,0
4.69210125,0,1
4.69260125,0,0
4.69310105,0,1
4.69360105,0,0
4.6941008,0,1
4.69460075,0,0
4.69510055,0,1
4.69560055,0,0
4.69610035,0,1
4.69660045,0,0
4.6971003,0,1
4.6976004,0,0
4.69810025,0,1
4.69860035,0,0
4.6991002,0,1
4.6996003,0,0
4.70010015,0,1
4.70060025,0,0
4.7011001,0,1
4.70160025,0,0
4.7021001,0,1
4.7026002,0,0
4.70310005,0,1
4.70360015,0,0
4.70409995,0,1
4.70460005,0,0
4.7050999,0,1
4.70559995,0,0
4.70609975,0,1
4.7065998,0,0
4.70709965,0,1
4.70759965,0,0
4.7080995,0,1
4.70859955,0,0
4.7090994,0,1
4.70959945,0,0
4.71009925,0,1
4.71059935,0,0
4.7110991,0,1
4.71159915,0,0
4.71209895,0,1
4.71259895,0,0
4.71309875,0,1
4.7135988,0,0
4.7140986,0,1
4.71459865,0,0
4.71509845,0,1
4.71559855,0,0
4.7160984,0,1
4.7165985,0,0
4.7170983,0,1
4.7175984,0,0
4.71809825,0,1
4.71859835,0,0
4.7190982,0,1
4.7195983,0,0
4.72009815,0,1
4.72059825,0,0
4.7210981,0,1
4.72159815,0,0
4.722098,0,1
4.72259805,0,0
4.7230979,0,1
4.723598,0,0
4.7240978,0,1
4.7245979,0,0
4.72509775,0,1
4.7255978,0,0
4.7260976,0,1
4.72659765,0,0
4.72709745,0,1
4.72759755,0,0
4.72809735,0,1
4.7285974,0,0
4.72909725,0,1
4.7295973,0,0
4.73009715,0,1
4.7305972,0,0
4.73109705,0,1
4.7315971,0,0
4.73209695,0,1
4.732597,0,0
4.7330968,0,1
4.73359685,0,0
4.73409665,0,1
4.73459665,0,0
4.7350964,0,1
4.7355964,0,0
4.7360962,0,1
4.7365962,0,0
4.737096,0,1
4.737596,0,0
4.7380957,0,1
4.73859575,0,0
4.7390955,0,1
4.7395955,0,0
4.74009525,0,1
4.74059525,0,0
4.7410951,0,1
4.7415952,0,0
4.742095,0,1
4.74259505,0,0
4.7430949,0,1
4.74359495,0,0
4.74409475,0,1
4.7445948,0,0
4.74509455,0,1
4.74559455,0,0
4.74609425,0,1
4.74659425,0,0
4.74709405,0,1
4.7475941,0,0
4.7480939,0,1
4.748594,0,0
4.74909385,0,1
4.7495939,0,0
4.7500937,0,1
4.75059375,0,0
4.75109355,0,1
4.7515936,0,0
4.7520934,0,1
4.75259345,0,0
4.75309325,0,1
4.75359335,0,0
4.7540931,0,1
4.7545931,0,0
4.7550929,0,1
4.755593,0,0
4.75609285,0,1
4.75659295,0,0
4.75709275,0,1
4.75759285,0,0
4.75809265,0,1
4.7585927,0,0
4.75909255,0,1
4.7595926,0,0
4.7600924,0,1
4.7605925,0,0
4.76109235,0,1
4.76159245,0,0
4.76209235,0,1
4.76259245,0,0
4.76309225,0,1
4.7635923,0,0
4.76409215,0,1
4.7645922,0,0
4.76509205,0,1
4.7655921,0,0
4.7660919,0,1
4.76659195,0,0
4.7670918,0,1
4.76759185,0,0
4.7680917,0,1
4.7685917,0,0
4.7690915,0,1
4.7695915,0,0
4.7700913,0,1
4.77059135,0,0
4.7710912,0,1
4.7715913,0,0
4.77209115,0,1
4.77259115,0,0
4.773091,0,1
4.77359105,0,0
4.77409085,0,1
4.7745909,0,0
4.7750907,0,1
4.77559075,0,0
4.7760905,0,1
4.77659055,0,0
4.77709035,0,1
4.7775904,0,0
4.77809015,0,1
4.7785902,0,0
4.77909,0,1
4.77959005,0,0
4.78008985,0,1
4.78058985,0,0
4.78108965,0,1
4.7815897,0,0
4.78208945,0,1
4.7825895,0,0
4.78308925,0,1
4.78358925,0,0
4.78408905,0,1
4.78458905,0,0
4.7850888,0,1
4.78558885,0,0
4.7860886,0,1
4.78658865,0,0
4.7870884,0,1
4.7875884,0,0
4.7880882,0,1
4.78858825,0,0
4.78908805,0,1
4.78958805,0,0
4.79008785,0,1
4.7905879,0,0
4.79108775,0,1
4.7915878,0,0
4.7920876,0,1
4.79258765,0,0
4.7930875,0,1
4.7935875,0,0
4.79408735,0,1
4.7945874,0,0
4.7950872,0,1
4.79558725,0,0
4.79608705,0,1
4.7965871,0,0
4.7970869,0,1
4.797587,0,0
4.79808685,0,1
4.798587,0,0
4.79908685,0,1
4.7995869,0,0
4.80008675,0,1
4.8005868,0,0
4.80108665,0,1
4.80158675,0,0
4.8020865,0,1
4.8025866,0,0
4.8030864,0,1
4.8035865,0,0
4.80408635,0,1
4.8045864,0,0
4.80508625,0,1
4.80558635,0,0
4.8060862,0,1
4.8065863,0,0
4.80708615,0,1
4.80758625,0,0
4.8080861,0,1
4.8085862,0,0
4.80908605,0,1
4.8095861,0,0
4.8100859,0,1
4.810586,0,0
4.8110858,0,1
4.8115859,0,0
4.8120857,0,1
4.81258575,0,0
4.81308555,0,1
4.81358565,0,0
4.8140855,0,1
4.8145856,0,0
4.8150854,0,1
4.8155855,0,0
4.81608535,0,1
4.81658545,0,0
4.81708535,0,1
4.81758545,0,0
4.81808535,0,1
4.81858545,0,0
4.8190853,0,1
4.81958545,0,0
4.82008535,0,1
4.82058545,0,0
4.8210853,0,1
4.82158535,0,0
4.8220852,0,1
4.82258535,0,0
4.8230852,0,1
4.82358535,0,0
4.82408515,0,1
4.82458525,0,0
4.8250851,0,1
4.8255852,0,0
4.82608505,0,1
4.82658515,0,0
4.827085,0,1
4.8275851,0,0
4.82808495,0,1
4.8285851,0,0
4.82908495,0,1
4.82958505,0,0
4.83008495,0,1
4.8305851,0,0
4.83108495,0,1
4.8315851,0,0
4.83208495,0,1
4.83258505,0,0
4.83308495,0,1
4.83358505,0,0
4.83408495,0,1
4.834585,0,0
4.83508485,0,1
4.8355849,0,0
4.83608475,0,1
4.8365848,0,0
4.83708465,0,1
4.83758475,0,0
4.83808455,0,1
4.8385846,0,0
4.8390844,0,1
4.83958445,0,0
4.84008425,0,1
4.84058435,0,0
4.84108415,0,1
4.84158425,0,0
4.84208415,0,1
4.84258425,0,0
4.8430841,0,1
4.84358415,0,0
4.844084,0,1
4.84458405,0,0
4.84508385,0,1
4.8455839,0,0
4.8460837,0,1
4.84658375,0,0
4.8470835,0,1
4.8475835,0,0
4.84808325,0,1
4.8485833,0,0
4.84908305,0,1
4.8495831,0,0
4.8500829,0,1
4.85058295,0,0
4.8510828,0,1
4.85158285,0,0
4.85208265,0,1
4.8525828,0,0
4.85308265,0,1
4.85358275,0,0
4.85408255,0,1
4.8545826,0,0
4.85508245,0,1
4.85558255,0,0
4.85608235,0,1
4.85658245,0,0
4.85708225,0,1
4.85758235,0,0
4.85808215,0,1
4.85858225,0,0
4.859082,0,1
4.85958205,0,0
4.8600819,0,1
4.86058195,0,0
4.86108185,0,1
4.86158195,0,0
4.8620818,0,1
4.8625819,0,0
4.86308175,0,1
4.86358185,0,0
4.86408165,0,1
4.8645817,0,0
4.8650816,0,1
4.8655817,0,0
4.86608155,0,1
4.8665816,0,0
4.8670815,0,1
4.86758155,0,0
4.8680814,0,1
4.86858155,0,0
4.8690814,0,1
4.8695815,0,0
4.8700813,0,1
4.87058135,0,0
4.8710811,0,1
4.87158115,0,0
4.87208095,0,1
4.872581,0,0
4.87308075,0,1
4.87358075,0,0
4.87408055,0,1
4.87458055,0,0
4.8750803,0,1
4.87558035,0,0
4.87608015,0,1
4.8765802,0,0
4.87708,0,1
4.87758,0,0
4.87807975,0,1
4.87857975,0,0
4.8790795,0,1
4.87957955,0,0
4.8800793,0,1
4.88057935,0,0
4.8810792,0,1
4.88157925,0,0
4.88207905,0,1
4.8825791,0,0
4.8830789,0,1
4.883579,0,0
4.88407885,0,1
4.8845789,0,0
4.88507875,0,1
4.8855788,0,0
4.88607865,0,1
4.8865787,0,0
4.8870785,0,1
4.88757855,0,0
4.88807835,0,1
4.8885784,0,0
4.88907815,0,1
4.8895782,0,0
4.89007795,0,1
4.890578,0,0
4.89107775,0,1
4.89157775,0,0
4.89207755,0,1
4.89257755,0,0
4.8930773,0,1
4.89357735,0,0
4.8940771,0,1
4.89457715,0,0
4.89507695,0,1
4.895577,0,0
4.8960768,0,1
4.89657685,0,0
4.89707665,0,1
4.8975767,0,0
4.89807655,0,1
4.8985766,0,0
4.8990764,0,1
4.8995765,0,0
4.90007625,0,1
4.9005763,0,0
4.9010761,0,1
4.9015762,0,0
4.902076,0,1
4.90257605,0,0
4.9030759,0,1
4.903576,0,0
4.9040758,0,1
4.9045759,0,0
4.90507575,0,1
4.90557585,0,0
4.90607565,0,1
4.90657575,0,0
4.9070756,0,1
4.9075757,0,0
4.9080755,0,1
4.9085756,0,0
4.9090754,0,1
4.90957545,0,0
4.91007525,0,1
4.91057535,0,0
4.91107515,0,1
4.9115752,0,0
4.91207505,0,1
4.91257515,0,0
4.91307495,0,1
4.913575,0,0
4.91407475,0,1
4.91457475,0,0
4.91507455,0,1
4.9155746,0,0
4.91607445,0,1
4.9165745,0,0
4.91707435,0,1
4.9175744,0,0
4.9180742,0,1
4.9185742,0,0
4.919074,0,1
4.919574,0,0
4.92007375,0,1
4.92057375,0,0
4.9210735,0,1
4.9215735,0,0
4.9220733,0,1
4.9225733,0,0
4.9230731,0,1
4.9235731,0,0
4.92407285,0,1
4.9245729,0,0
4.9250727,0,1
4.9255727,0,0
4.92607245,0,1
4.92657245,0,0
4.92707225,0,1
4.92757225,0,0
4.928072,0,1
4.92857205,0,0
4.92907185,0,1
4.92957185,0,0
4.93007165,0,1
4.9305717,0,0
4.9310715,0,1
4.9315715,0,0
4.93207125,0,1
4.9325713,0,0
4.9330711,0,1
4.9335711,0,0
4.93407085,0,1
4.93457085,0,0
4.9350706,0,1
4.93557065,0,0
4.9360704,0,1
4.93657045,0,0
4.9370702,0,1
4.93757025,0,0
4.93807,0,1
4.93857,0,0
4.93906975,0,1
4.93956975,0,0
4.94006955,0,1
4.9405695,0,0
4.94106925,0,1
4.9415693,0,0
4.94206905,0,1
4.9425691,0,0
4.94306885,0,1
4.94356885,0,0
4.9440687,0,1
4.94456875,0,0
4.9450685,0,1
4.9455686,0,0
4.9460684,0,1
4.9465684,0,0
4.94706825,0,1
4.94756825,0,0
4.948068,0,1
4.948568,0,0
4.9490678,0,1
4.9495678,0,0
4.95006755,0,1
4.9505676,0,0
4.95106735,0,1
4.95156735,0,0
4.9520671,0,1
4.9525671,0,0
4.9530669,0,1
4.95356695,0,0
4.95406675,0,1
4.9545668,0,0
4.9550666,0,1
4.95556665,0,0
4.9560664,0,1
4.9565664,0,0
4.95706615,0,1
4.95756615,0,0
4.95806595,0,1
4.958566,0,0
4.95906585,0,1
4.95956585,0,0
4.96006565,0,1
4.96056575,0,0
4.96106555,0,1
4.9615656,0,0
4.9620654,0,1
4.96256545,0,0
4.96306515,0,1
4.96356515,0,0
4.96406495,0,1
4.96456495,0,0
4.9650647,0,1
4.9655647,0,0
4.96606445,0,1
4.96656445,0,0
4.9670642,0,1
4.96756415,0,0
4.9680639,0,1
4.96856385,0,0
4.9690636,0,1
4.96956365,0,0
4.97006345,0,1
4.97056345,0,0
4.9710632,0,1
4.97156325,0,0
4.972063,0,1
4.972563,0,0
4.97306275,0,1
4.9735628,0,0
4.9740626,0,1
4.9745626,0,0
4.9750624,0,1
4.9755624,0,0
4.9760621,0,1
4.97656215,0,0
4.97706185,0,1
4.9775618,0,0
4.97806155,0,1
4.9785615,0,0
4.9790612,0,1
4.97956115,0,0
4.9800609,0,1
4.9805609,0,0
4.98106065,0,1
4.98156065,0,0
4.9820604,0,1
4.9825604,0,0
4.98306015,0,1
4.98356015,0,0
4.98405985,0,1
4.9845598,0,0
4.98505955,0,1
4.98555955,0,0
4.98605925,0,1
4.9865592,0,0
4.98705895,0,1
4.98755895,0,0
4.9880587,0,1
4.98855865,0,0
4.9890584,0,1
4.9895584,0,0
4.99005815,0,1
4.99055815,0,0
4.9910579,0,1
4.9915579,0,0
4.99205765,0,1
4.99255765,0,0
4.9930574,0,1
4.9935574,0,0
4.9940571,0,1
4.99455715,0,0
4.9950569,0,1
4.99555695,0,0
4.99605675,0,1
4.99655675,0,0
4.9970565,0,1
4.9975565,0,0
4.9980563,0,1
4.9985563,0,0
4.99905605,0,1
4.999556,0,0
