timestamp_s,CH0,CH1
0.0,0,1
0.0003727,0,0
0.0008726,0,1
0.00137275,0,0
0.0018726,0,1
0.00237275,0,0
0.00287265,0,1
0.00337275,0,0
0.0038726,0,1
0.0043727,0,0
0.0048726,0,1
0.0053728,0,0
0.0058727,0,1
0.0063728,0,0
0.00687265,0,1
0.0073728,0,0
0.0078727,0,1
0.0083728,0,0
0.0088727,0,1
0.00937285,0,0
0.0098727,0,1
0.0103728,0,0
0.0108726,0,1
0.0113727,0,0
0.01187255,0,1
0.01237265,0,0
0.0128725,0,1
0.01337255,0,0
0.0138724,0,1
0.01437255,0,0
0.0148724,0,1
0.0153725,0,0
0.01587235,0,1
0.01637245,0,0
0.0168723,0,1
0.0173724,0,0
0.01787225,0,1
0.01837235,0,0
0.0188722,0,1
0.01937235,0,0
0.01987225,0,1
0.0203724,0,0
0.0208723,0,1
0.02137245,0,0
0.02187235,0,1
0.0223725,0,0
0.02287235,0,1
0.02337245,0,0
0.02387225,0,1
0.0243724,0,0
0.0248723,0,1
0.02537245,0,0
0.02587235,0,1
0.02637245,0,0
0.02687235,0,1
0.0273725,0,0
0.0278724,0,1
0.02837255,0,0
0.02887245,0,1
0.02937255,0,0
0.0298725,0,1
0.0303727,0,0
0.03087265,0,1
0.0313728,0,0
0.03187275,0,1
0.03237295,0,0
0.0328729,0,1
0.0333731,0,0
0.03387305,0,1
0.0343732,0,0
0.03487315,0,1
0.03537335,0,0
0.0358733,0,1
0.0363735,0,0
0.0368734,0,1
0.03737365,0,0
0.0378736,0,1
0.03837375,0,0
0.03887365,0,1
0.03937385,0,0
0.03987375,0,1
0.0403739,0,0
0.04087375,0,1
0.04137385,0,0
0.0418737,0,1
0.04237385,0,0
0.0428737,0,1
0.0433738,0,0
0.04387365,0,1
0.04437375,0,0
0.0448736,0,1
0.0453737,0,0
0.0458736,0,1
0.0463737,0,0
0.0468736,0,1
0.0473737,0,0
0.04787355,0,1
0.04837365,0,0
0.04887345,0,1
0.04937355,0,0
0.0498734,0,1
0.05000205,1,1
0.05037355,1,0
0.0508734,1,1
0.051001,0,1
0.05137355,0,0
0.0518734,0,1
0.0523735,0,0
0.0528734,0,1
0.0533735,0,0
0.0538734,0,1
0.0543735,0,0
0.05487335,0,1
0.05537345,0,0
0.0558733,0,1
0.0563734,0,0
0.05687325,0,1
0.0573733,0,0
0.05787315,0,1
0.05837325,0,0
0.05887305,0,1
0.0593731,0,0
0.05987295,0,1
0.060373,0,0
0.0608728,0,1
0.0613729,0,0
0.0618728,0,1
0.0623729,0,0
0.06287275,0,1
0.0633728,0,0
0.0638726,0,1
0.0643727,0,0
0.0648726,0,1
0.06537275,0,0
0.0658726,0,1
0.06637275,0,0
0.06687255,0,1
0.0673726,0,0
0.0678725,0,1
0.0683726,0,0
0.0688724,0,1
0.0693725,0,0
0.06987235,0,1
0.07037245,0,0
0.0708723,0,1
0.0713724,0,0
0.0718723,0,1
0.0723724,0,0
0.07287225,0,1
0.0733723,0,0
0.0738722,0,1
0.0743723,0,0
0.07487215,0,1
0.07537225,0,0
0.0758721,0,1
0.07637225,0,0
0.0768721,0,1
0.0773722,0,0
0.07787205,0,1
0.0783722,0,0
0.0788721,0,1
0.07937215,0,0
0.07987205,0,1
0.08037215,0,0
0.080872,0,1
0.0813721,0,0
0.0818719,0,1
0.08237195,0,0
0.0828718,0,1
0.0833719,0,0
0.08387175,0,1
0.08437185,0,0
0.0848717,0,1
0.0853718,0,0
0.08587165,0,1
0.08637175,0,0
0.0868716,0,1
0.08737175,0,0
0.08787155,0,1
0.08837165,0,0
0.08887155,0,1
0.08937165,0,0
0.08987155,0,1
0.0903717,0,0
0.09087155,0,1
0.0913717,0,0
0.0918716,0,1
0.09237165,0,0
0.09287145,0,1
0.0933715,0,0
0.0938714,0,1
0.0943715,0,0
0.09487135,0,1
0.0953715,0,0
0.09587135,0,1
0.09637145,0,0
0.0968713,0,1
0.0973714,0,0
0.09787125,0,1
0.09837135,0,0
0.0988712,0,1
0.0993713,0,0
0.0998711,0,1
0.10037115,0,0
0.100871,0,1
0.10137105,0,0
0.1018709,0,1
0.102371,0,0
0.10287085,0,1
0.103371,0,0
0.1038709,0,1
0.104371,0,0
0.1048709,0,1
0.105371,0,0
0.10587085,0,1
0.10637095,0,0
0.10687085,0,1
0.10737095,0,0
0.1078708,0,1
0.1083709,0,0
0.1088708,0,1
0.10937095,0,0
0.10987085,0,1
0.110371,0,0
0.1108709,0,1
0.11137105,0,0
0.1118709,0,1
0.112371,0,0
0.1128709,0,1
0.11337095,0,0
0.11387085,0,1
0.11437095,0,0
0.11487085,0,1
0.11537095,0,0
0.11587085,0,1
0.1163709,0,0
0.1168708,0,1
0.11737095,0,0
0.11787085,0,1
0.118371,0,0
0.1188709,0,1
0.119371,0,0
0.11987095,0,1
0.12037105,0,0
0.12087095,0,1
0.12137105,0,0
0.1218709,0,1
0.122371,0,0
0.12287085,0,1
0.12337095,0,0
0.12387085,0,1
0.12437105,0,0
0.12487095,0,1
0.12537105,0,0
0.12587095,0,1
0.12637105,0,0
0.12687095,0,1
0.1273711,0,0
0.127871,0,1
0.12837115,0,0
0.12887105,0,1
0.12937125,0,0
0.12987115,0,1
0.1303713,0,0
0.13087125,0,1
0.13137135,0,0
0.1318713,0,1
0.13237145,0,0
0.13287145,0,1
0.1333716,0,0
0.13387155,0,1
0.13437175,0,0
0.13487165,0,1
0.1353717,0,0
0.1358716,0,1
0.1363717,0,0
0.1368716,0,1
0.13737175,0,0
0.1378717,0,1
0.13837185,0,0
0.1388718,0,1
0.13937195,0,0
0.1398719,0,1
0.1403721,0,0
0.140872,0,1
0.14137215,0,0
0.1418721,0,1
0.14237225,0,0
0.1428722,0,1
0.1433724,0,0
0.1438723,0,1
0.1443725,0,0
0.1448724,0,1
0.1453725,0,0
0.14587235,0,1
0.1463724,0,0
0.1468723,0,1
0.14737245,0,0
0.14787235,0,1
0.1483725,0,0
0.1488724,0,1
0.14937255,0,0
0.1498724,0,1
0.1503726,0,0
0.1508725,0,1
0.15137265,0,0
0.1518725,0,1
0.1523726,0,0
0.15287255,0,1
0.1533727,0,0
0.1538726,0,1
0.15437275,0,0
0.15487265,0,1
0.15537285,0,0
0.1558728,0,1
0.15637295,0,0
0.15687285,0,1
0.157373,0,0
0.1578729,0,1
0.1583731,0,0
0.158873,0,1
0.1593732,0,0
0.1598731,0,1
0.16037325,0,0
0.16087315,0,1
0.1613733,0,0
0.16187315,0,1
0.16237325,0,0
0.1628731,0,1
0.1633732,0,0
0.16387305,0,1
0.16437315,0,0
0.16487305,0,1
0.16537315,0,0
0.165873,0,1
0.1663731,0,0
0.1668729,0,1
0.167373,0,0
0.1678729,0,1
0.168373,0,0
0.1688729,0,1
0.169373,0,0
0.1698729,0,1
0.170373,0,0
0.17087285,0,1
0.171373,0,0
0.17187285,0,1
0.17237295,0,0
0.1728728,0,1
0.1733729,0,0
0.17387275,0,1
0.17437285,0,0
0.17487275,0,1
0.1753729,0,0
0.1758728,0,1
0.1763729,0,0
0.1768728,0,1
0.17737295,0,0
0.17787285,0,1
0.178373,0,0
0.17887285,0,1
0.179373,0,0
0.1798729,0,1
0.1803731,0,0
0.180873,0,1
0.18137315,0,0
0.181873,0,1
0.1823731,0,0
0.182873,0,1
0.1833731,0,0
0.183873,0,1
0.18437315,0,0
0.1848731,0,1
0.1853733,0,0
0.1858733,0,1
0.1863735,0,0
0.1868734,0,1
0.1873736,0,0
0.18787355,0,1
0.1883737,0,0
0.1888736,0,1
0.1893737,0,0
0.1898736,0,1
0.1903738,0,0
0.1908737,0,1
0.1913739,0,0
0.1918738,0,1
0.19237395,0,0
0.1928739,0,1
0.19337405,0,0
0.19387405,0,1
0.1943742,0,0
0.19487415,0,1
0.1953743,0,0
0.19587425,0,1
0.1963744,0,0
0.1968743,0,1
0.19737445,0,0
0.19787435,0,1
0.19837455,0,0
0.19887455,0,1
0.1993747,0,0
0.19987465,0,1
0.2003748,0,0
0.20087475,0,1
0.2013749,0,0
0.20187475,0,1
0.2023749,0,0
0.2028748,0,1
0.20337495,0,0
0.20387485,0,1
0.20437505,0,0
0.20487495,0,1
0.20537505,0,0
0.20587495,0,1
0.20637505,0,0
0.2068749,0,1
0.20737505,0,0
0.207875,0,1
0.2083751,0,0
0.208875,0,1
0.20937515,0,0
0.20987505,0,1
0.21037525,0,0
0.21087515,0,1
0.21137535,0,0
0.21187525,0,1
0.2123754,0,0
0.2128753,0,1
0.2133755,0,0
0.2138754,0,1
0.21437555,0,0
0.21487545,0,1
0.21537565,0,0
0.21587555,0,1
0.21637565,0,0
0.2168756,0,1
0.21737575,0,0
0.21787565,0,1
0.2183758,0,0
0.21887565,0,1
0.2193758,0,0
0.2198757,0,1
0.22037585,0,0
0.2208757,0,1
0.22137585,0,0
0.2218757,0,1
0.2223758,0,0
0.22287575,0,1
0.2233759,0,0
0.2238758,0,1
0.224376,0,0
0.22487595,0,1
0.22537605,0,0
0.22587595,0,1
0.2263761,0,0
0.226876,0,1
0.22737615,0,0
0.22787605,0,1
0.22837615,0,0
0.22887605,0,1
0.22937615,0,0
0.22987605,0,1
0.23037615,0,0
0.230876,0,1
0.2313761,0,0
0.2318759,0,1
0.23237605,0,0
0.2328759,0,1
0.23337605,0,0
0.23387595,0,1
0.2343761,0,0
0.23487595,0,1
0.2353761,0,0
0.235876,0,1
0.2363762,0,0
0.23687615,0,1
0.2373763,0,0
0.23787625,0,1
0.2383764,0,0
0.2388763,0,1
0.23937645,0,0
0.23987635,0,1
0.2403765,0,0
0.24087645,0,1
0.24137655,0,0
0.2418764,0,1
0.24237645,0,0
0.2428763,0,1
0.2433764,0,0
0.2438763,0,1
0.2443764,0,0
0.2448763,0,1
0.24537635,0,0
0.24587625,0,1
0.24637635,0,0
0.24687625,0,1
0.24737635,0,0
0.2478762,0,1
0.24837625,0,0
0.2488761,0,1
0.2493762,0,0
0.2498761,0,1
0.25037625,0,0
0.25087615,0,1
0.2513763,0,0
0.2518762,0,1
0.25237635,0,0
0.25287625,0,1
0.25337635,0,0
0.25387625,0,1
0.25437635,0,0
0.2548762,0,1
0.2553763,0,0
0.2558762,0,1
0.2563764,0,0
0.25687625,0,1
0.25737635,0,0
0.25787625,0,1
0.2583764,0,0
0.25887625,0,1
0.2593764,0,0
0.25987635,0,1
0.26037645,0,0
0.26087635,0,1
0.26137655,0,0
0.2618764,0,1
0.2623765,0,0
0.2628764,0,1
0.2633765,0,0
0.26387635,0,1
0.2643765,0,0
0.26487635,0,1
0.2653765,0,0
0.2658764,0,1
0.26637655,0,0
0.26687645,0,1
0.2673766,0,0
0.2678765,0,1
0.2683766,0,0
0.26887645,0,1
0.26937655,0,0
0.26987645,0,1
0.2703766,0,0
0.2708765,0,1
0.2713766,0,0
0.2718765,0,1
0.2723766,0,0
0.27287645,0,1
0.2733766,0,0
0.27387645,0,1
0.2743766,0,0
0.2748765,0,1
0.27537665,0,0
0.2758765,0,1
0.2763766,0,0
0.2768765,0,1
0.2773766,0,0
0.27787655,0,1
0.2783767,0,0
0.2788766,0,1
0.27937675,0,0
0.27987665,0,1
0.28037685,0,0
0.2808767,0,1
0.28137685,0,0
0.28187675,0,1
0.2823769,0,0
0.28287685,0,1
0.28337705,0,0
0.283877,0,1
0.28437715,0,0
0.2848771,0,1
0.2853773,0,0
0.28587725,0,1
0.2863774,0,0
0.2868773,0,1
0.2873775,0,0
0.2878774,0,1
0.2883776,0,0
0.2888775,0,1
0.2893777,0,0
0.28987765,0,1
0.2903778,0,0
0.29087775,0,1
0.2913779,0,0
0.2918778,0,1
0.29237795,0,0
0.29287785,0,1
0.29337795,0,0
0.2938778,0,1
0.2943779,0,0
0.2948778,0,1
0.2953779,0,0
0.2958778,0,1
0.296378,0,0
0.29687795,0,1
0.2973781,0,0
0.297878,0,1
0.2983782,0,0
0.2988781,0,1
0.29937825,0,0
0.29987815,0,1
0.3003783,0,0
0.3008782,0,1
0.30137835,0,0
0.30187825,0,1
0.3023784,0,0
0.30287835,0,1
0.30337845,0,0
0.30387835,0,1
0.3043785,0,0
0.3048784,0,1
0.3053785,0,0
0.30587845,0,1
0.3063786,0,0
0.30687845,0,1
0.3073786,0,0
0.3078785,0,1
0.3083786,0,0
0.30887855,0,1
0.3093787,0,0
0.3098786,0,1
0.3103787,0,0
0.31087865,0,1
0.3113788,0,0
0.3118787,0,1
0.31237885,0,0
0.31287875,0,1
0.31337885,0,0
0.3138787,0,1
0.3143789,0,0
0.31487885,0,1
0.315379,0,0
0.3158789,0,1
0.31637905,0,0
0.31687895,0,1
0.3173791,0,0
0.317879,0,1
0.31837905,0,0
0.31887885,0,1
0.3193789,0,0
0.3198788,0,1
0.32037895,0,0
0.32087885,0,1
0.32137895,0,0
0.32187885,0,1
0.322379,0,0
0.32287895,0,1
0.3233791,0,0
0.323879,0,1
0.32437915,0,0
0.32487905,0,1
0.3253792,0,0
0.3258791,0,1
0.3263793,0,0
0.32687925,0,1
0.3273794,0,0
0.3278793,0,1
0.3283795,0,0
0.3288794,0,1
0.32937955,0,0
0.3298794,0,1
0.33037955,0,0
0.33087945,0,1
0.33137955,0,0
0.33187945,0,1
0.33237955,0,0
0.3328794,0,1
0.33337955,0,0
0.33387945,0,1
0.33437955,0,0
0.3348794,0,1
0.33537955,0,0
0.33587945,0,1
0.33637955,0,0
0.3368794,0,1
0.3373795,0,0
0.33787935,0,1
0.3383795,0,0
0.33887945,0,1
0.3393796,0,0
0.33987945,0,1
0.34037955,0,0
0.34087945,0,1
0.34137955,0,0
0.3418794,0,1
0.3423795,0,0
0.3428794,0,1
0.3433795,0,0
0.34387935,0,1
0.34437945,0,0
0.3448793,0,1
0.34537945,0,0
0.34587925,0,1
0.3463794,0,0
0.3468792,0,1
0.34737925,0,0
0.34787905,0,1
0.34837915,0,0
0.348879,0,1
0.3493791,0,0
0.349879,0,1
0.3503791,0,0
0.35087895,0,1
0.35137905,0,0
0.3518789,0,1
0.35237905,0,0
0.35287895,0,1
0.3533791,0,0
0.35387895,0,1
0.354379,0,0
0.35487885,0,1
0.355379,0,0
0.35587885,0,1
0.3563789,0,0
0.3568788,0,1
0.35737885,0,0
0.35787875,0,1
0.35837885,0,0
0.3588787,0,1
0.35937885,0,0
0.35987865,0,1
0.3603788,0,0
0.36087865,0,1
0.36137875,0,0
0.36187865,0,1
0.3623787,0,0
0.36287855,0,1
0.3633787,0,0
0.36387855,0,1
0.3643786,0,0
0.36487845,0,1
0.3653785,0,0
0.36587835,0,1
0.36637845,0,0
0.36687825,0,1
0.36737835,0,0
0.3678782,0,1
0.36837835,0,0
0.3688782,0,1
0.3693783,0,0
0.36987815,0,1
0.37037825,0,0
0.37087805,0,1
0.37137815,0,0
0.37187805,0,1
0.3723782,0,0
0.37287805,0,1
0.3733782,0,0
0.373878,0,1
0.37437815,0,0
0.374878,0,1
0.3753781,0,0
0.37587795,0,1
0.376378,0,0
0.37687785,0,1
0.37737795,0,0
0.37787785,0,1
0.37837795,0,0
0.37887785,0,1
0.37937795,0,0
0.37987785,0,1
0.38037795,0,0
0.38087785,0,1
0.38137795,0,0
0.3818779,0,1
0.38237795,0,0
0.3828777,0,1
0.38337775,0,0
0.38387765,0,1
0.38437775,0,0
0.3848776,0,1
0.38537775,0,0
0.3858776,0,1
0.3863777,0,0
0.38687755,0,1
0.38737765,0,0
0.3878775,0,1
0.38837755,0,0
0.3888774,0,1
0.3893775,0,0
0.38987735,0,1
0.3903775,0,0
0.39087735,0,1
0.39137745,0,0
0.3918773,0,1
0.3923774,0,0
0.3928773,0,1
0.3933774,0,0
0.39387725,0,1
0.3943774,0,0
0.39487725,0,1
0.3953773,0,0
0.3958772,0,1
0.39637735,0,0
0.39687725,0,1
0.3973774,0,0
0.3978773,0,1
0.39837745,0,0
0.3988774,0,1
0.39937755,0,0
0.39987745,0,1
0.4003776,0,0
0.40087745,0,1
0.4013776,0,0
0.40187745,0,1
0.4023775,0,0
0.40287735,0,1
0.40337745,0,0
0.40387725,0,1
0.4043773,0,0
0.40487715,0,1
0.4053772,0,0
0.40587705,0,1
0.40637715,0,0
0.406877,0,1
0.4073771,0,0
0.407877,0,1
0.4083771,0,0
0.40887695,0,1
0.4093771,0,0
0.409877,0,1
0.41037715,0,0
0.410877,0,1
0.41137715,0,0
0.411877,0,1
0.4123771,0,0
0.41287695,0,1
0.4133771,0,0
0.41387695,0,1
0.4143771,0,0
0.41487695,0,1
0.41537705,0,0
0.4158769,0,1
0.416377,0,0
0.41687685,0,1
0.41737705,0,0
0.41787695,0,1
0.41837705,0,0
0.418877,0,1
0.41937715,0,0
0.41987705,0,1
0.42037715,0,0
0.420877,0,1
0.42137715,0,0
0.421877,0,1
0.42237715,0,0
0.422877,0,1
0.42337715,0,0
0.423877,0,1
0.4243771,0,0
0.424877,0,1
0.4253771,0,0
0.425877,0,1
0.4263771,0,0
0.42687695,0,1
0.42737705,0,0
0.42787695,0,1
0.42837705,0,0
0.42887685,0,1
0.42937695,0,0
0.4298768,0,1
0.4303769,0,0
0.43087675,0,1
0.4313769,0,0
0.4318767,0,1
0.4323768,0,0
0.4328767,0,1
0.4333768,0,0
0.4338766,0,1
0.43437675,0,0
0.4348766,0,1
0.43537675,0,0
0.43587665,0,1
0.43637685,0,0
0.43687675,0,1
0.43737695,0,0
0.4378769,0,1
0.4383771,0,0
0.438877,0,1
0.4393772,0,0
0.4398771,0,1
0.4403773,0,0
0.4408772,0,1
0.4413773,0,0
0.4418772,0,1
0.44237735,0,0
0.4428772,0,1
0.4433773,0,0
0.44387715,0,1
0.4443773,0,0
0.44487715,0,1
0.4453773,0,0
0.44587715,0,1
0.4463773,0,0
0.4468772,0,1
0.4473773,0,0
0.4478772,0,1
0.44837735,0,0
0.4488772,0,1
0.4493774,0,0
0.4498773,0,1
0.45037745,0,0
0.4508774,0,1
0.4513776,0,0
0.45187755,0,1
0.4523777,0,0
0.4528776,0,1
0.45337775,0,0
0.45387765,0,1
0.45437785,0,0
0.45487785,0,1
0.45537805,0,0
0.455878,0,1
0.4563782,0,0
0.4568781,0,1
0.45737825,0,0
0.45787815,0,1
0.4583783,0,0
0.4588782,0,1
0.4593784,0,0
0.4598783,0,1
0.46037845,0,0
0.4608783,0,1
0.46137845,0,0
0.4618783,0,1
0.46237845,0,0
0.46287835,0,1
0.46337855,0,0
0.4638784,0,1
0.4643785,0,0
0.46487835,0,1
0.46537845,0,0
0.46587835,0,1
0.46637845,0,0
0.4668783,0,1
0.46737845,0,0
0.4678783,0,1
0.4683784,0,0
0.4688783,0,1
0.46937845,0,0
0.4698783,0,1
0.4703784,0,0
0.4708783,0,1
0.4713784,0,0
0.4718783,0,1
0.47237845,0,0
0.4728783,0,1
0.4733784,0,0
0.4738782,0,1
0.4743783,0,0
0.4748782,0,1
0.4753783,0,0
0.4758782,0,1
0.4763784,0,0
0.4768783,0,1
0.4773784,0,0
0.47787825,0,1
0.47837835,0,0
0.4788782,0,1
0.4793783,0,0
0.47987815,0,1
0.48037825,0,0
0.48087815,0,1
0.48137835,0,0
0.4818782,0,1
0.48237835,0,0
0.4828782,0,1
0.4833783,0,0
0.48387815,0,1
0.4843782,0,0
0.484878,0,1
0.48537815,0,0
0.485878,0,1
0.48637815,0,0
0.4868781,0,1
0.48737825,0,0
0.48787815,0,1
0.48837835,0,0
0.48887825,0,1
0.4893784,0,0
0.4898783,0,1
0.49037845,0,0
0.4908783,0,1
0.49137845,0,0
0.49187835,0,1
0.4923785,0,0
0.4928784,0,1
0.49337855,0,0
0.49387845,0,1
0.4943786,0,0
0.4948785,0,1
0.4953786,0,0
0.4958785,0,1
0.49637865,0,0
0.4968786,0,1
0.4973788,0,0
0.49787875,0,1
0.49837895,0,0
0.49887885,0,1
0.499379,0,0
0.4998789,0,1
0.5003791,0,0
0.50087905,0,1
0.5013792,0,0
0.50187915,0,1
0.50237925,0,0
0.5028791,0,1
0.50337925,0,0
0.5038791,0,1
0.5043792,0,0
0.50487905,0,1
0.50537915,0,0
0.50587905,0,1
0.5063792,0,0
0.5068791,0,1
0.50737925,0,0
0.50787915,0,1
0.5083793,0,0
0.50887915,0,1
0.5093793,0,0
0.50987915,0,1
0.5103793,0,0
0.51087915,0,1
0.51137925,0,0
0.5118791,0,1
0.5123792,0,0
0.51287905,0,1
0.5133792,0,0
0.5138791,0,1
0.51437925,0,0
0.5148791,0,1
0.5153792,0,0
0.51587905,0,1
0.5163791,0,0
0.51687895,0,1
0.51737905,0,0
0.5178789,0,1
0.51837905,0,0
0.5188789,0,1
0.519379,0,0
0.51987885,0,1
0.52037895,0,0
0.52087885,0,1
0.52137895,0,0
0.5218788,0,1
0.5223789,0,0
0.5228787,0,1
0.5233788,0,0
0.52387865,0,1
0.5243788,0,0
0.5248786,0,1
0.5253787,0,0
0.52587855,0,1
0.5263786,0,0
0.52687845,0,1
0.52737855,0,0
0.52787835,0,1
0.5283784,0,0
0.52887825,0,1
0.52937835,0,0
0.5298782,0,1
0.5303783,0,0
0.5308781,0,1
0.5313782,0,0
0.531878,0,1
0.53237805,0,0
0.5328779,0,1
0.533378,0,0
0.5338778,0,1
0.5343779,0,0
0.5348777,0,1
0.53537775,0,0
0.53587755,0,1
0.53637765,0,0
0.53687745,0,1
0.53737755,0,0
0.5378774,0,1
0.5383775,0,0
0.5388773,0,1
0.5393774,0,0
0.53987715,0,1
0.5403772,0,0
0.540877,0,1
0.5413771,0,0
0.541877,0,1
0.54237715,0,0
0.542877,0,1
0.54337715,0,0
0.543877,0,1
0.5443771,0,0
0.544877,0,1
0.5453771,0,0
0.54587695,0,1
0.54637705,0,0
0.5468769,0,1
0.547377,0,0
0.5478769,0,1
0.548377,0,0
0.54887685,0,1
0.54937695,0,0
0.54987685,0,1
0.55037695,0,0
0.55087685,0,1
0.55137695,0,0
0.55187675,0,1
0.5523769,0,0
0.55287685,0,1
0.553377,0,0
0.55387695,0,1
0.5543771,0,0
0.55487705,0,1
0.55537725,0,0
0.5558771,0,1
0.55637725,0,0
0.55687715,0,1
0.55737735,0,0
0.5578772,0,1
0.55837735,0,0
0.5588772,0,1
0.55937735,0,0
0.5598772,0,1
0.5603773,0,0
0.5608772,0,1
0.5613773,0,0
0.5618772,0,1
0.56237735,0,0
0.5628772,0,1
0.56337735,0,0
0.5638772,0,1
0.5643773,0,0
0.56487715,0,1
0.5653772,0,0
0.56587705,0,1
0.56637715,0,0
0.566877,0,1
0.5673771,0,0
0.567877,0,1
0.5683771,0,0
0.568877,0,1
0.56937715,0,0
0.56987705,0,1
0.57037715,0,0
0.57087705,0,1
0.57137715,0,0
0.57187705,0,1
0.57237715,0,0
0.57287695,0,1
0.57337705,0,0
0.5738769,0,1
0.574377,0,0
0.57487685,0,1
0.57537695,0,0
0.57587675,0,1
0.5763768,0,0
0.57687665,0,1
0.5773767,0,0
0.57787655,0,1
0.5783766,0,0
0.5788764,0,1
0.57937645,0,0
0.5798763,0,1
0.5803764,0,0
0.5808762,0,1
0.5813763,0,0
0.5818761,0,1
0.58237615,0,0
0.582876,0,1
0.58337615,0,0
0.583876,0,1
0.58437615,0,0
0.584876,0,1
0.5853761,0,0
0.585876,0,1
0.58637605,0,0
0.5868759,0,1
0.587376,0,0
0.58787585,0,1
0.58837595,0,0
0.5888758,0,1
0.58937595,0,0
0.5898758,0,1
0.5903759,0,0
0.59087575,0,1
0.59137585,0,0
0.5918757,0,1
0.59237575,0,0
0.5928756,0,1
0.5933757,0,0
0.59387555,0,1
0.5943757,0,0
0.59487555,0,1
0.59537565,0,0
0.59587555,0,1
0.59637575,0,0
0.59687565,0,1
0.59737575,0,0
0.59787565,0,1
0.59837575,0,0
0.59887565,0,1
0.59937575,0,0
0.5998755,0,1
0.6003756,0,0
0.60087545,0,1
0.60137555,0,0
0.6018754,0,1
0.60237545,0,0
0.6028753,0,1
0.6033754,0,0
0.60387525,0,1
0.60437535,0,0
0.60487525,0,1
0.60537535,0,0
0.6058752,0,1
0.6063753,0,0
0.60687515,0,1
0.6073753,0,0
0.60787515,0,1
0.60837525,0,0
0.6088751,0,1
0.6093752,0,0
0.6098751,0,1
0.61037515,0,0
0.610875,0,1
0.61137515,0,0
0.611875,0,1
0.61237505,0,0
0.6128749,0,1
0.61337495,0,0
0.6138748,0,1
0.61437485,0,0
0.61487465,0,1
0.61537475,0,0
0.6158746,0,1
0.61637475,0,0
0.6168746,0,1
0.6173747,0,0
0.61787455,0,1
0.6183746,0,0
0.61887445,0,1
0.61937445,0,0
0.61987425,0,1
0.6203743,0,0
0.62087415,0,1
0.6213742,0,0
0.621874,0,1
0.6223741,0,0
0.6228739,0,1
0.623374,0,0
0.6238738,0,1
0.6243739,0,0
0.6248737,0,1
0.6253737,0,0
0.6258735,0,1
0.6263736,0,0
0.6268734,0,1
0.6273735,0,0
0.6278733,0,1
0.62837325,0,0
0.628873,0,1
0.6293731,0,0
0.62987295,0,1
0.630373,0,0
0.6308728,0,1
0.6313729,0,0
0.63187275,0,1
0.63237275,0,0
0.63287255,0,1
0.63337265,0,0
0.6338725,0,1
0.63437255,0,0
0.6348724,0,1
0.6353725,0,0
0.63587235,0,1
0.6363725,0,0
0.6368724,0,1
0.63737255,0,0
0.63787245,0,1
0.63837255,0,0
0.63887245,0,1
0.6393725,0,0
0.63987235,0,1
0.6403724,0,0
0.6408722,0,1
0.6413723,0,0
0.6418721,0,1
0.6423722,0,0
0.6428721,0,1
0.6433722,0,0
0.643872,0,1
0.6443721,0,0
0.64487195,0,1
0.64537205,0,0
0.6458719,0,1
0.646372,0,0
0.6468719,0,1
0.64737195,0,0
0.64787175,0,1
0.64837185,0,0
0.64887165,0,1
0.64937175,0,0
0.64987155,0,1
0.65037165,0,0
0.6508715,0,1
0.65137155,0,0
0.6518714,0,1
0.6523715,0,0
0.65287135,0,1
0.65337145,0,0
0.6538713,0,1
0.6543714,0,0
0.6548712,0,1
0.65537125,0,0
0.65587105,0,1
0.6563711,0,0
0.65687085,0,1
0.6573709,0,0
0.65787075,0,1
0.65837075,0,0
0.65887055,0,1
0.65937065,0,0
0.6598705,0,1
0.66037065,0,0
0.6608705,0,1
0.66137055,0,0
0.6618704,0,1
0.66237045,0,0
0.66287025,0,1
0.66337035,0,0
0.66387015,0,1
0.6643702,0,0
0.66487,0,1
0.6653701,0,0
0.6658699,0,1
0.66637,0,0
0.66686985,0,1
0.66736995,0,0
0.6678698,0,1
0.6683699,0,0
0.66886975,0,1
0.6693699,0,0
0.6698697,0,1
0.6703698,0,0
0.6708696,0,1
0.6713697,0,0
0.67186945,0,1
0.67236955,0,0
0.67286935,0,1
0.67336945,0,0
0.67386925,0,1
0.6743693,0,0
0.67486915,0,1
0.67536925,0,0
0.6758691,0,1
0.6763692,0,0
0.67686905,0,1
0.67736915,0,0
0.677869,0,1
0.67836905,0,0
0.67886885,0,1
0.6793689,0,0
0.67986875,0,1
0.6803688,0,0
0.68086865,0,1
0.6813687,0,0
0.68186855,0,1
0.6823686,0,0
0.6828684,0,1
0.6833685,0,0
0.68386835,0,1
0.6843684,0,0
0.6848682,0,1
0.68536825,0,0
0.6858681,0,1
0.6863681,0,0
0.68686795,0,1
0.68736805,0,0
0.6878679,0,1
0.68836795,0,0
0.6888677,0,1
0.6893677,0,0
0.6898675,0,1
0.69036755,0,0
0.6908674,0,1
0.6913675,0,0
0.6918674,0,1
0.6923675,0,0
0.69286735,0,1
0.69336745,0,0
0.69386735,0,1
0.69436745,0,0
0.6948673,0,1
0.6953674,0,0
0.69586725,0,1
0.6963673,0,0
0.69686715,0,1
0.69736725,0,0
0.6978671,0,1
0.6983672,0,0
0.69886705,0,1
0.6993671,0,0
0.69986695,0,1
0.700367,0,0
0.70086685,0,1
0.701367,0,0
0.70186685,0,1
0.70236685,0,0
0.7028667,0,1
0.70336675,0,0
0.70386665,0,1
0.7043667,0,0
0.70486655,0,1
0.70536665,0,0
0.7058665,0,1
0.7063666,0,0
0.7068665,0,1
0.7073666,0,0
0.70786645,0,1
0.70836655,0,0
0.70886635,0,1
0.7093665,0,0
0.70986635,0,1
0.71036645,0,0
0.7108663,0,1
0.7113664,0,0
0.71186625,0,1
0.7123664,0,0
0.71286625,0,1
0.7133663,0,0
0.71386615,0,1
0.7143662,0,0
0.71486605,0,1
0.71536615,0,0
0.715866,0,1
0.71636605,0,0
0.71686585,0,1
0.71736595,0,0
0.7178658,0,1
0.71836585,0,0
0.71886565,0,1
0.7193657,0,0
0.7198655,0,1
0.72036555,0,0
0.7208654,0,1
0.72136545,0,0
0.72186525,0,1
0.7223653,0,0
0.7228651,0,1
0.7233652,0,0
0.723865,0,1
0.72436505,0,0
0.72486485,0,1
0.7253649,0,0
0.7258647,0,1
0.7263647,0,0
0.7268645,0,1
0.7273645,0,0
0.7278643,0,1
0.72836435,0,0
0.72886415,0,1
0.7293642,0,0
0.72986405,0,1
0.7303641,0,0
0.73086395,0,1
0.73136405,0,0
0.7318639,0,1
0.732364,0,0
0.73286385,0,1
0.73336395,0,0
0.7338638,0,1
0.73436395,0,0
0.73486385,0,1
0.735364,0,0
0.7358639,0,1
0.73636405,0,0
0.73686395,0,1
0.737364,0,0
0.73786385,0,1
0.73836395,0,0
0.7388638,0,1
0.7393639,0,0
0.73986375,0,1
0.7403639,0,0
0.74086375,0,1
0.7413639,0,0
0.7418638,0,1
0.7423639,0,0
0.7428638,0,1
0.74336395,0,0
0.74386385,0,1
0.744364,0,0
0.74486385,0,1
0.745364,0,0
0.74586385,0,1
0.746364,0,0
0.7468639,0,1
0.74736405,0,0
0.7478639,0,1
0.748364,0,0
0.7488638,0,1
0.7493639,0,0
0.74986375,0,1
0.75036385,0,0
0.75086375,0,1
0.75136385,0,0
0.75186375,0,1
0.75236385,0,0
0.7528637,0,1
0.75336385,0,0
0.75386375,0,1
0.7543639,0,0
0.7548638,0,1
0.75536395,0,0
0.75586385,0,1
0.75636395,0,0
0.75686385,0,1
0.75736395,0,0
0.75786385,0,1
0.75836395,0,0
0.7588638,0,1
0.75936395,0,0
0.75986375,0,1
0.76036385,0,0
0.76086375,0,1
0.76136385,0,0
0.7618637,0,1
0.7623638,0,0
0.7628637,0,1
0.7633638,0,0
0.7638637,0,1
0.76436385,0,0
0.76486365,0,1
0.76536375,0,0
0.76586365,0,1
0.76636375,0,0
0.7668636,0,1
0.76736365,0,0
0.76786355,0,1
0.76836365,0,0
0.76886355,0,1
0.7693637,0,0
0.7698636,0,1
0.77036375,0,0
0.77086365,0,1
0.77136385,0,0
0.77186375,0,1
0.7723639,0,0
0.7728638,0,1
0.77336395,0,0
0.7738638,0,1
0.77436395,0,0
0.77486385,0,1
0.77536395,0,0
0.77586385,0,1
0.776364,0,0
0.77686385,0,1
0.777364,0,0
0.77786385,0,1
0.77836395,0,0
0.77886375,0,1
0.7793639,0,0
0.77986375,0,1
0.78036385,0,0
0.7808637,0,1
0.7813638,0,0
0.78186365,0,1
0.7823637,0,0
0.78286355,0,1
0.7833636,0,0
0.7838634,0,1
0.78436345,0,0
0.78486325,0,1
0.7853633,0,0
0.78586315,0,1
0.78636325,0,0
0.78686305,0,1
0.78736315,0,0
0.787863,0,1
0.7883631,0,0
0.78886295,0,1
0.78936305,0,0
0.78986295,0,1
0.79036305,0,0
0.79086295,0,1
0.7913631,0,0
0.791863,0,1
0.79236315,0,0
0.79286305,0,1
0.7933632,0,0
0.7938631,0,1
0.7943632,0,0
0.79486305,0,1
0.79536325,0,0
0.7958631,0,1
0.7963632,0,0
0.7968631,0,1
0.79736325,0,0
0.79786315,0,1
0.79836325,0,0
0.7988632,0,1
0.79936335,0,0
0.79986325,0,1
0.80036335,0,0
0.80086325,0,1
0.80136335,0,0
0.8018633,0,1
0.8023634,0,0
0.80286335,0,1
0.8033635,0,0
0.8038634,0,1
0.8043636,0,0
0.8048635,0,1
0.80536365,0,0
0.80586355,0,1
0.8063638,0,0
0.8068637,0,1
0.80736385,0,0
0.80786375,0,1
0.8083639,0,0
0.80886375,0,1
0.8093639,0,0
0.80986375,0,1
0.8103639,0,0
0.81086375,0,1
0.81136385,0,0
0.81186375,0,1
0.8123639,0,0
0.8128638,0,1
0.81336395,0,0
0.8138639,0,1
0.814364,0,0
0.81486395,0,1
0.8153641,0,0
0.815864,0,1
0.81636415,0,0
0.8168641,0,1
0.81736425,0,0
0.81786415,0,1
0.81836435,0,0
0.8188643,0,1
0.81936445,0,0
0.8198644,0,1
0.82036455,0,0
0.82086445,0,1
0.82136465,0,0
0.82186455,0,1
0.8223647,0,0
0.8228646,0,1
0.82336475,0,0
0.8238647,0,1
0.82436485,0,0
0.8248648,0,1
0.82536495,0,0
0.8258649,0,1
0.82636505,0,0
0.826865,0,1
0.82736515,0,0
0.82786505,0,1
0.82836515,0,0
0.8288651,0,1
0.82936525,0,0
0.8298652,0,1
0.8303653,0,0
0.8308652,0,1
0.83136535,0,0
0.83186525,0,1
0.8323654,0,0
0.8328653,0,1
0.8333655,0,0
0.8338654,0,1
0.8343656,0,0
0.83486555,0,1
0.8353657,0,0
0.8358656,0,1
0.8363658,0,0
0.8368657,0,1
0.83736585,0,0
0.83786575,0,1
0.8383659,0,0
0.8388658,0,1
0.83936595,0,0
0.83986585,0,1
0.84036605,0,0
0.84086595,0,1
0.8413661,0,0
0.84186605,0,1
0.8423662,0,0
0.8428661,0,1
0.8433663,0,0
0.84386615,0,1
0.84436635,0,0
0.84486625,0,1
0.84536645,0,0
0.84586635,0,1
0.84636655,0,0
0.84686645,0,1
0.8473666,0,0
0.84786655,0,1
0.8483667,0,0
0.8488666,0,1
0.84936675,0,0
0.84986665,0,1
0.85036675,0,0
0.85086665,0,1
0.8513668,0,0
0.85186675,0,1
0.85236685,0,0
0.85286675,0,1
0.8533669,0,0
0.8538668,0,1
0.85436695,0,0
0.85486685,0,1
0.855367,0,0
0.85586685,0,1
0.85636695,0,0
0.85686685,0,1
0.85736695,0,0
0.85786685,0,1
0.858367,0,0
0.85886695,0,1
0.8593671,0,0
0.859867,0,1
0.8603672,0,0
0.86086715,0,1
0.8613674,0,0
0.86186735,0,1
0.8623675,0,0
0.86286745,0,1
0.8633676,0,0
0.86386755,0,1
0.8643677,0,0
0.8648676,0,1
0.8653677,0,0
0.8658676,0,1
0.8663677,0,0
0.86686765,0,1
0.8673678,0,0
0.8678677,0,1
0.86836785,0,0
0.86886775,0,1
0.86936795,0,0
0.86986785,0,1
0.870368,0,0
0.87086795,0,1
0.8713681,0,0
0.871868,0,1
0.8723682,0,0
0.8728681,0,1
0.87336825,0,0
0.8738682,0,1
0.8743683,0,0
0.8748682,0,1
0.8753684,0,0
0.87586835,0,1
0.87636855,0,0
0.8768685,0,1
0.8773687,0,0
0.8778686,0,1
0.87836875,0,0
0.87886865,0,1
0.8793688,0,0
0.8798687,0,1
0.8803689,0,0
0.88086885,0,1
0.881369,0,0
0.88186895,0,1
0.8823691,0,0
0.88286905,0,1
0.8833692,0,0
0.8838691,0,1
0.88436925,0,0
0.8848692,0,1
0.88536935,0,0
0.88586925,0,1
0.8863694,0,0
0.8868693,0,1
0.88736945,0,0
0.88786935,0,1
0.8883695,0,0
0.8888694,0,1
0.88936955,0,0
0.88986945,0,1
0.89036955,0,0
0.89086945,0,1
0.8913696,0,0
0.89186945,0,1
0.8923696,0,0
0.89286945,0,1
0.8933696,0,0
0.89386945,0,1
0.89436955,0,0
0.8948694,0,1
0.8953695,0,0
0.89586935,0,1
0.8963694,0,0
0.8968693,0,1
0.8973694,0,0
0.89786925,0,1
0.89836935,0,0
0.8988692,0,1
0.8993693,0,0
0.89986915,0,1
0.90036925,0,0
0.9008691,0,1
0.9013692,0,0
0.90186915,0,1
0.9023693,0,0
0.90286915,0,1
0.9033693,0,0
0.9038692,0,1
0.9043693,0,0
0.9048692,0,1
0.90536935,0,0
0.90586925,0,1
0.90636935,0,0
0.90686925,0,1
0.90736935,0,0
0.90786925,0,1
0.90836935,0,0
0.90886925,0,1
0.90936935,0,0
0.90986925,0,1
0.91036935,0,0
0.9108693,0,1
0.91136945,0,0
0.9118694,0,1
0.9123696,0,0
0.9128695,0,1
0.91336965,0,0
0.91386955,0,1
0.91436975,0,0
0.9148696,0,1
0.91536975,0,0
0.91586965,0,1
0.9163698,0,0
0.91686965,0,1
0.91736985,0,0
0.9178698,0,1
0.91837,0,0
0.91886995,0,1
0.9193702,0,0
0.91987015,0,1
0.9203703,0,0
0.92087025,0,1
0.92137045,0,0
0.9218704,0,1
0.92237055,0,0
0.9228705,0,1
0.9233707,0,0
0.9238706,0,1
0.92437085,0,0
0.92487075,0,1
0.92537085,0,0
0.9258708,0,1
0.92637095,0,0
0.9268709,0,1
0.9273711,0,0
0.92787105,0,1
0.9283712,0,0
0.9288711,0,1
0.92937125,0,0
0.9298712,0,1
0.9303713,0,0
0.9308713,0,1
0.93137145,0,0
0.9318714,0,1
0.9323716,0,0
0.93287155,0,1
0.93337165,0,0
0.93387155,0,1
0.9343717,0,0
0.93487165,0,1
0.9353718,0,0
0.93587175,0,1
0.9363719,0,0
0.93687185,0,1
0.93737205,0,0
0.93787195,0,1
0.9383721,0,0
0.93887205,0,1
0.9393722,0,0
0.93987215,0,1
0.9403724,0,0
0.9408724,0,1
0.9413726,0,0
0.94187255,0,1
0.94237275,0,0
0.94287265,0,1
0.94337285,0,0
0.9438728,0,1
0.944373,0,0
0.94487295,0,1
0.9453731,0,0
0.94587305,0,1
0.94637325,0,0
0.94687325,0,1
0.9473734,0,0
0.94787335,0,1
0.94837355,0,0
0.9488735,0,1
0.94937365,0,0
0.94987355,0,1
0.9503737,0,0
0.9508736,0,1
0.9513738,0,0
0.9518737,0,1
0.9523738,0,0
0.9528737,0,1
0.9533738,0,0
0.9538736,0,1
0.95437375,0,0
0.95487365,0,1
0.95537375,0,0
0.95587365,0,1
0.95637375,0,0
0.9568737,0,1
0.95737385,0,0
0.95787375,0,1
0.95837385,0,0
0.9588737,0,1
0.9593738,0,0
0.9598737,0,1
0.96037385,0,0
0.9608738,0,1
0.96137395,0,0
0.9618738,0,1
0.96237395,0,0
0.96287385,0,1
0.96337405,0,0
0.96387395,0,1
0.9643741,0,0
0.964874,0,1
0.96537415,0,0
0.9658741,0,1
0.9663742,0,0
0.9668741,0,1
0.9673742,0,0
0.9678741,0,1
0.9683742,0,0
0.9688741,0,1
0.9693742,0,0
0.96987405,0,1
0.9703742,0,0
0.97087405,0,1
0.9713742,0,0
0.9718741,0,1
0.97237425,0,0
0.9728742,0,1
0.9733743,0,0
0.9738742,0,1
0.9743743,0,0
0.9748742,0,1
0.9753743,0,0
0.97587415,0,1
0.9763743,0,0
0.9768742,0,1
0.9773743,0,0
0.97787415,0,1
0.9783743,0,0
0.9788742,0,1
0.9793744,0,0
0.97987435,0,1
0.98037445,0,0
0.9808744,0,1
0.98137455,0,0
0.98187445,0,1
0.9823746,0,0
0.9828745,0,1
0.98337465,0,0
0.98387455,0,1
0.9843747,0,0
0.9848746,0,1
0.9853748,0,0
0.98587465,0,1
0.98637475,0,0
0.9868746,0,1
0.98737475,0,0
0.98787465,0,1
0.9883748,0,0
0.9888747,0,1
0.9893748,0,0
0.9898747,0,1
0.9903748,0,0
0.99087465,0,1
0.9913747,0,0
0.9918746,0,1
0.99237475,0,0
0.99287465,0,1
0.9933748,0,0
0.9938747,0,1
0.99437485,0,0
0.99487475,0,1
0.9953749,0,0
0.9958748,0,1
0.9963749,0,0
0.9968748,0,1
0.99737495,0,0
0.99787485,0,1
0.99837495,0,0
0.99887485,0,1
0.999375,0,0
0.99987485,0,1
1.00037505,0,0
1.00087495,0,1
1.00137505,0,0
1.00187495,0,1
1.0023751,0,0
1.00287495,0,1
1.0033751,0,0
1.00387495,0,1
1.0043751,0,0
1.00487495,0,1
1.0053751,0,0
1.005875,0,1
1.00637515,0,0
1.00687515,0,1
1.00737525,0,0
1.00787515,0,1
1.0083752,0,0
1.0088751,0,1
1.0093752,0,0
1.0098751,0,1
1.0103752,0,0
1.01087505,0,1
1.01137515,0,0
1.011875,0,1
1.01237515,0,0
1.01287505,0,1
1.01337515,0,0
1.01387505,0,1
1.0143752,0,0
1.0148751,0,1
1.01537525,0,0
1.01587515,0,1
1.0163753,0,0
1.01687515,0,1
1.0173753,0,0
1.01787515,0,1
1.0183753,0,0
1.0188752,0,1
1.01937535,0,0
1.01987525,0,1
1.02037535,0,0
1.02087525,0,1
1.0213754,0,0
1.0218753,0,1
1.0223755,0,0
1.0228754,0,1
1.02337555,0,0
1.0238754,0,1
1.0243756,0,0
1.0248755,0,1
1.02537565,0,0
1.0258756,0,1
1.0263758,0,0
1.02687565,0,1
1.0273758,0,0
1.0278757,0,1
1.02837585,0,0
1.0288758,0,1
1.029376,0,0
1.02987595,0,1
1.0303761,0,0
1.030876,0,1
1.03137615,0,0
1.0318761,0,1
1.03237625,0,0
1.03287615,0,1
1.0333763,0,0
1.0338762,0,1
1.0343763,0,0
1.0348763,0,1
1.03537645,0,0
1.03587635,0,1
1.03637645,0,0
1.0368763,0,1
1.03737645,0,0
1.03787635,0,1
1.03837645,0,0
1.03887635,0,1
1.0393765,0,0
1.03987645,0,1
1.0403766,0,0
1.0408765,0,1
1.0413766,0,0
1.04187645,0,1
1.04237665,0,0
1.04287655,0,1
1.04337675,0,0
1.04387665,0,1
1.0443768,0,0
1.0448767,0,1
1.0453768,0,0
1.04587675,0,1
1.04637695,0,0
1.04687685,0,1
1.04737695,0,0
1.0478769,0,1
1.04837705,0,0
1.0488769,0,1
1.049377,0,0
1.04987685,0,1
1.050377,0,0
1.0508769,0,1
1.051377,0,0
1.05187695,0,1
1.05237705,0,0
1.05287695,0,1
1.05337715,0,0
1.05387705,0,1
1.0543772,0,0
1.0548771,0,1
1.05537725,0,0
1.0558772,0,1
1.05637735,0,0
1.0568773,0,1
1.0573775,0,0
1.0578774,0,1
1.0583776,0,0
1.0588775,0,1
1.0593776,0,0
1.0598775,0,1
1.0603777,0,0
1.06087755,0,1
1.06137765,0,0
1.06187755,0,1
1.0623777,0,0
1.0628776,0,1
1.06337775,0,0
1.06387765,0,1
1.06437775,0,0
1.0648777,0,1
1.06537785,0,0
1.0658778,0,1
1.06637795,0,0
1.06687785,0,1
1.06737795,0,0
1.0678779,0,1
1.068378,0,0
1.06887785,0,1
1.069378,0,0
1.0698779,0,1
1.070378,0,0
1.0708779,0,1
1.07137805,0,0
1.071878,0,1
1.0723781,0,0
1.07287805,0,1
1.07337815,0,0
1.07387805,0,1
1.0743782,0,0
1.07487805,0,1
1.07537815,0,0
1.07587805,0,1
1.0763782,0,0
1.0768781,0,1
1.0773783,0,0
1.0778783,0,1
1.07837845,0,0
1.0788784,0,1
1.07937855,0,0
1.0798784,0,1
1.08037855,0,0
1.0808785,0,1
1.0813787,0,0
1.0818786,0,1
1.08237875,0,0
1.0828787,0,1
1.08337885,0,0
1.0838788,0,1
1.084379,0,0
1.0848789,0,1
1.08537905,0,0
1.085879,0,1
1.08637915,0,0
1.08687905,0,1
1.0873792,0,0
1.0878791,0,1
1.08837925,0,0
1.08887915,0,1
1.08937925,0,0
1.08987915,0,1
1.09037925,0,0
1.09087915,0,1
1.0913793,0,0
1.0918792,0,1
1.09237935,0,0
1.09287925,0,1
1.0933794,0,0
1.09387935,0,1
1.0943795,0,0
1.0948794,0,1
1.09537955,0,0
1.09587945,0,1
1.0963796,0,0
1.09687955,0,1
1.0973797,0,0
1.09787965,0,1
1.09837985,0,0
1.0988798,0,1
1.09938,0,0
1.0998799,0,1
1.10038005,0,0
1.10088,0,1
1.10138015,0,0
1.10188005,0,1
1.10238025,0,0
1.10288015,0,1
1.1033803,0,0
1.1038802,0,1
1.1043804,0,0
1.10488025,0,1
1.10538045,0,0
1.10588035,0,1
1.1063805,0,0
1.1068804,0,1
1.1073805,0,0
1.10788045,0,1
1.1083806,0,0
1.1088805,0,1
1.10938065,0,0
1.1098805,0,1
1.11038065,0,0
1.11088055,0,1
1.1113808,0,0
1.1118807,0,1
1.11238085,0,0
1.11288075,0,1
1.11338095,0,0
1.1138809,0,1
1.11438105,0,0
1.114881,0,1
1.11538115,0,0
1.11588105,0,1
1.11638115,0,0
1.1168811,0,1
1.1173813,0,0
1.11788125,0,1
1.11838145,0,0
1.11888145,0,1
1.1193816,0,0
1.11988155,0,1
1.1203818,0,0
1.12088175,0,1
1.12138195,0,0
1.12188185,0,1
1.122382,0,0
1.12288195,0,1
1.1233821,0,0
1.123882,0,1
1.1243822,0,0
1.12488215,0,1
1.12538235,0,0
1.1258823,0,1
1.1263825,0,0
1.1268824,0,1
1.1273826,0,0
1.12788255,0,1
1.12838275,0,0
1.12888265,0,1
1.1293829,0,0
1.12988285,0,1
1.13038305,0,0
1.130883,0,1
1.1313832,0,0
1.1318831,0,1
1.1323833,0,0
1.1328832,0,1
1.13338335,0,0
1.13388325,0,1
1.1343834,0,0
1.13488335,0,1
1.1353835,0,0
1.13588345,0,1
1.1363836,0,0
1.13688345,0,1
1.1373836,0,0
1.1378835,0,1
1.13838365,0,0
1.1388836,0,1
1.13938375,0,0
1.13988365,0,1
1.14038375,0,0
1.14088365,0,1
1.14138375,0,0
1.1418837,0,1
1.1423838,0,0
1.1428837,0,1
1.1433838,0,0
1.14388365,0,1
1.1443838,0,0
1.1448837,0,1
1.1453838,0,0
1.14588365,0,1
1.14638375,0,0
1.14688365,0,1
1.1473838,0,0
1.1478837,0,1
1.14838385,0,0
1.1488838,0,1
1.14938395,0,0
1.1498838,0,1
1.1503839,0,0
1.1508838,0,1
1.15138395,0,0
1.15188385,0,1
1.152384,0,0
1.1528839,0,1
1.15338405,0,0
1.153884,0,1
1.15438415,0,0
1.15488405,0,1
1.1553842,0,0
1.1558841,0,1
1.1563842,0,0
1.15688405,0,1
1.15738415,0,0
1.15788405,0,1
1.15838415,0,0
1.1588841,0,1
1.1593842,0,0
1.1598841,0,1
1.16038415,0,0
1.160884,0,1
1.16138415,0,0
1.16188405,0,1
1.1623842,0,0
1.16288405,0,1
1.1633842,0,0
1.16388405,0,1
1.1643842,0,0
1.16488405,0,1
1.1653842,0,0
1.16588405,0,1
1.16638415,0,0
1.166884,0,1
1.16738415,0,0
1.1678841,0,1
1.1683842,0,0
1.1688841,0,1
1.16938425,0,0
1.16988415,0,1
1.1703843,0,0
1.17088415,0,1
1.17138425,0,0
1.1718842,0,1
1.17238435,0,0
1.17288425,0,1
1.1733844,0,0
1.1738843,0,1
1.1743844,0,0
1.1748843,0,1
1.1753844,0,0
1.17588425,0,1
1.17638445,0,0
1.17688435,0,1
1.17738455,0,0
1.17788445,0,1
1.17838465,0,0
1.17888455,0,1
1.1793847,0,0
1.17988465,0,1
1.1803848,0,0
1.1808847,0,1
1.1813848,0,0
1.18188475,0,1
1.1823849,0,0
1.1828848,0,1
1.183385,0,0
1.1838849,0,1
1.18438505,0,0
1.18488495,0,1
1.18538515,0,0
1.18588505,0,1
1.1863852,0,0
1.18688515,0,1
1.18738535,0,0
1.1878853,0,1
1.18838555,0,0
1.1888855,0,1
1.18938565,0,0
1.18988555,0,1
1.19038575,0,0
1.19088565,0,1
1.1913858,0,0
1.1918857,0,1
1.1923859,0,0
1.19288575,0,1
1.19338585,0,0
1.19388575,0,1
1.19438585,0,0
1.19488575,0,1
1.19538595,0,0
1.1958858,0,1
1.1963859,0,0
1.1968858,0,1
1.1973859,0,0
1.1978858,0,1
1.1983859,0,0
1.19888575,0,1
1.1993858,0,0
1.19988565,0,1
1.20038575,0,0
1.20088565,0,1
1.20138575,0,0
1.20188565,0,1
1.20238575,0,0
1.2028857,0,1
1.20338585,0,0
1.20388575,0,1
1.20438585,0,0
1.20488575,0,1
1.20538585,0,0
1.20588575,0,1
1.20638585,0,0
1.2068858,0,1
1.2073859,0,0
1.20788575,0,1
1.2083859,0,0
1.20888575,0,1
1.20938585,0,0
1.20988575,0,1
1.2103859,0,0
1.2108857,0,1
1.21138585,0,0
1.21188565,0,1
1.2123858,0,0
1.2128856,0,1
1.21338575,0,0
1.2138856,0,1
1.2143857,0,0
1.21488565,0,1
1.2153858,0,0
1.2158857,0,1
1.2163859,0,0
1.2168858,0,1
1.2173859,0,0
1.2178858,0,1
1.2183859,0,0
1.2188858,0,1
1.2193859,0,0
1.21988575,0,1
1.2203859,0,0
1.2208858,0,1
1.22138595,0,0
1.22188585,0,1
1.22238605,0,0
1.22288595,0,1
1.2233861,0,0
1.223886,0,1
1.22438615,0,0
1.2248861,0,1
1.2253862,0,0
1.2258861,0,1
1.22638625,0,0
1.2268862,0,1
1.22738635,0,0
1.22788625,0,1
1.22838645,0,0
1.2288863,0,1
1.22938645,0,0
1.22988635,0,1
1.23038645,0,0
1.2308863,0,1
1.2313864,0,0
1.2318863,0,1
1.23238645,0,0
1.2328863,0,1
1.23338645,0,0
1.2338863,0,1
1.2343864,0,0
1.2348863,0,1
1.23538635,0,0
1.23588625,0,1
1.2363864,0,0
1.2368863,0,1
1.23738645,0,0
1.23788625,0,1
1.2383864,0,0
1.2388863,0,1
1.23938645,0,0
1.2398863,0,1
1.24038645,0,0
1.24088635,0,1
1.24138645,0,0
1.2418863,0,1
1.24238645,0,0
1.2428863,0,1
1.24338645,0,0
1.24388635,0,1
1.24438645,0,0
1.24488635,0,1
1.2453865,0,0
1.24588635,0,1
1.2463865,0,0
1.2468864,0,1
1.2473865,0,0
1.24788635,0,1
1.24838645,0,0
1.2488863,0,1
1.24938645,0,0
1.24988635,0,1
1.25038645,0,0
1.2508864,0,1
1.25138655,0,0
1.2518865,0,1
1.25238665,0,0
1.25288655,0,1
1.25338675,0,0
1.2538866,0,1
1.25438675,0,0
1.2548866,0,1
1.25538675,0,0
1.25588665,0,1
1.25638675,0,0
1.25688665,0,1
1.25738685,0,0
1.25788675,0,1
1.2583869,0,0
1.2588868,0,1
1.25938695,0,0
1.2598868,0,1
1.26038695,0,0
1.2608869,0,1
1.2613871,0,0
1.26188705,0,1
1.2623872,0,0
1.26288715,0,1
1.2633873,0,0
1.2638872,0,1
1.2643873,0,0
1.2648872,0,1
1.26538735,0,0
1.26588725,0,1
1.2663874,0,0
1.26688725,0,1
1.26738735,0,0
1.26788725,0,1
1.26838735,0,0
1.2688872,0,1
1.26938735,0,0
1.26988725,0,1
1.27038745,0,0
1.27088735,0,1
1.2713875,0,0
1.2718874,0,1
1.27238755,0,0
1.27288745,0,1
1.27338765,0,0
1.27388755,0,1
1.27438775,0,0
1.27488765,0,1
1.2753878,0,0
1.27588775,0,1
1.27638785,0,0
1.27688775,0,1
1.27738795,0,0
1.27788785,0,1
1.27838805,0,0
1.27888795,0,1
1.27938815,0,0
1.27988805,0,1
1.2803882,0,0
1.2808881,0,1
1.28138825,0,0
1.2818881,0,1
1.2823883,0,0
1.2828882,0,1
1.28338835,0,0
1.2838883,0,1
1.2843885,0,0
1.2848884,0,1
1.28538855,0,0
1.2858885,0,1
1.28638865,0,0
1.2868886,0,1
1.28738875,0,0
1.28788865,0,1
1.2883888,0,0
1.28888865,0,1
1.28938885,0,0
1.28988875,0,1
1.29038895,0,0
1.2908889,0,1
1.2913891,0,0
1.29188905,0,1
1.2923893,0,0
1.29288925,0,1
1.29338945,0,0
1.29388935,0,1
1.2943895,0,0
1.2948894,0,1
1.2953896,0,0
1.29588955,0,1
1.2963897,0,0
1.29688965,0,1
1.29738985,0,0
1.2978898,0,1
1.29838995,0,0
1.2988899,0,1
1.29939,0,0
1.2998899,0,1
1.30039005,0,0
1.30088995,0,1
1.3013901,0,0
1.30189005,0,1
1.3023902,0,0
1.3028901,0,1
1.3033903,0,0
1.30389025,0,1
1.3043904,0,0
1.30489035,0,1
1.3053905,0,0
1.3058904,0,1
1.3063905,0,0
1.3068904,0,1
1.30739055,0,0
1.30789045,0,1
1.3083906,0,0
1.3088905,0,1
1.3093906,0,0
1.30989045,0,1
1.3103906,0,0
1.3108905,0,1
1.3113906,0,0
1.3118905,0,1
1.31239065,0,0
1.3128906,0,1
1.31339075,0,0
1.3138907,0,1
1.3143908,0,0
1.31489065,0,1
1.3153908,0,0
1.3158907,0,1
1.3163908,0,0
1.3168907,0,1
1.31739085,0,0
1.3178907,0,1
1.3183908,0,0
1.3188907,0,1
1.31939085,0,0
1.31989075,0,1
1.3203909,0,0
1.3208908,0,1
1.3213909,0,0
1.3218908,0,1
1.32239095,0,0
1.3228908,0,1
1.323391,0,0
1.32389085,0,1
1.324391,0,0
1.3248909,0,1
1.3253911,0,0
1.325891,0,1
1.32639115,0,0
1.32689105,0,1
1.3273912,0,0
1.3278911,0,1
1.32839125,0,0
1.32889115,0,1
1.3293913,0,0
1.3298912,0,1
1.33039135,0,0
1.3308912,0,1
1.3313913,0,0
1.33189125,0,1
1.33239135,0,0
1.33289125,0,1
1.3333914,0,0
1.3338913,0,1
1.3343914,0,0
1.3348913,0,1
1.33539145,0,0
1.3358914,0,1
1.3363916,0,0
1.33689155,0,1
1.3373917,0,0
1.33789165,0,1
1.33839185,0,0
1.33889175,0,1
1.33939195,0,0
1.3398918,0,1
1.340392,0,0
1.3408919,0,1
1.3413921,0,0
1.3418921,0,1
1.3423923,0,0
1.34289225,0,1
1.34339245,0,0
1.3438924,0,1
1.34439265,0,0
1.3448926,0,1
1.3453928,0,0
1.34589275,0,1
1.34639295,0,0
1.34689285,0,1
1.34739305,0,0
1.34789295,0,1
1.34839315,0,0
1.34889305,0,1
1.3493932,0,0
1.34989315,0,1
1.35039335,0,0
1.3508933,0,1
1.3513935,0,0
1.35189345,0,1
1.3523936,0,0
1.35289355,0,1
1.35339375,0,0
1.3538937,0,1
1.35439385,0,0
1.3548938,0,1
1.355394,0,0
1.35589395,0,1
1.35639415,0,0
1.35689405,0,1
1.35739425,0,0
1.35789425,0,1
1.35839445,0,0
1.3588944,0,1
1.3593946,0,0
1.3598946,0,1
1.36039485,0,0
1.36089475,0,1
1.36139495,0,0
1.3618949,0,1
1.3623951,0,0
1.3628951,0,1
1.3633953,0,0
1.36389525,0,1
1.36439545,0,0
1.36489545,0,1
1.36539565,0,0
1.36589555,0,1
1.36639575,0,0
1.36689565,0,1
1.3673959,0,0
1.3678958,0,1
1.368396,0,0
1.36889595,0,1
1.3693962,0,0
1.36989615,0,1
1.37039635,0,0
1.3708963,0,1
1.3713965,0,0
1.37189645,0,1
1.37239665,0,0
1.37289655,0,1
1.37339675,0,0
1.3738967,0,1
1.3743969,0,0
1.3748968,0,1
1.375397,0,0
1.375897,0,1
1.37639725,0,0
1.3768972,0,1
1.37739735,0,0
1.37789735,0,1
1.3783975,0,0
1.3788974,0,1
1.3793975,0,0
1.37989745,0,1
1.38039755,0,0
1.38089745,0,1
1.38139755,0,0
1.38189745,0,1
1.3823976,0,0
1.38289755,0,1
1.3833977,0,0
1.3838976,0,1
1.3843978,0,0
1.3848977,0,1
1.38539785,0,0
1.38589775,0,1
1.38639795,0,0
1.38689785,0,1
1.387398,0,0
1.3878979,0,1
1.38839805,0,0
1.388898,0,1
1.38939815,0,0
1.38989805,0,1
1.3903982,0,0
1.3908981,0,1
1.39139825,0,0
1.3918982,0,1
1.3923984,0,0
1.3928983,0,1
1.39339845,0,0
1.3938984,0,1
1.39439865,0,0
1.3948986,0,1
1.3953988,0,0
1.3958987,0,1
1.3963989,0,0
1.3968988,0,1
1.397399,0,0
1.3978989,0,1
1.3983991,0,0
1.398899,0,1
1.3993992,0,0
1.39989915,0,1
1.40039935,0,0
1.40089925,0,1
1.4013994,0,0
1.4018993,0,1
1.40239945,0,0
1.4028994,0,1
1.40339955,0,0
1.40389945,0,1
1.40439965,0,0
1.40489955,0,1
1.4053998,0,0
1.40589975,0,1
1.4063999,0,0
1.4068998,0,1
1.40739995,0,0
1.40789985,0,1
1.4084,0,0
1.4088999,0,1
1.40940005,0,0
1.4099,0,1
1.4104002,0,0
1.41090015,0,1
1.41140035,0,0
1.41190025,0,1
1.4124004,0,0
1.4129003,0,1
1.41340045,0,0
1.4139004,0,1
1.41440055,0,0
1.41490045,0,1
1.41540065,0,0
1.41590055,0,1
1.41640075,0,0
1.4169007,0,1
1.41740085,0,0
1.41790085,0,1
1.41840105,0,0
1.418901,0,1
1.41940115,0,0
1.4199011,0,1
1.42040125,0,0
1.42090115,0,1
1.42140135,0,0
1.42190125,0,1
1.4224014,0,0
1.4229013,0,1
1.4234015,0,0
1.4239015,0,1
1.4244017,0,0
1.4249017,0,1
1.4254019,0,0
1.42590185,0,1
1.42640205,0,0
1.426902,0,1
1.4274022,0,0
1.42790215,0,1
1.42840235,0,0
1.4289023,0,1
1.42940245,0,0
1.4299023,0,1
1.4304024,0,0
1.4309023,0,1
1.4314024,0,0
1.4319023,0,1
1.4324024,0,0
1.4329023,0,1
1.43340245,0,0
1.43390235,0,1
1.4344025,0,0
1.43490235,0,1
1.43540245,0,0
1.43590235,0,1
1.4364025,0,0
1.43690235,0,1
1.4374025,0,0
1.43790235,0,1
1.4384025,0,0
1.4389024,0,1
1.4394026,0,0
1.43990255,0,1
1.44040275,0,0
1.44090265,0,1
1.44140285,0,0
1.44190275,0,1
1.44240295,0,0
1.44290295,0,1
1.4434031,0,0
1.443903,0,1
1.4444032,0,0
1.4449031,0,1
1.44540325,0,0
1.44590315,0,1
1.44640325,0,0
1.44690315,0,1
1.44740325,0,0
1.4479031,0,1
1.44840325,0,0
1.44890315,0,1
1.44940325,0,0
1.4499031,0,1
1.45040325,0,0
1.45090315,0,1
1.4514033,0,0
1.4519032,0,1
1.4524033,0,0
1.4529032,0,1
1.4534033,0,0
1.45390315,0,1
1.4544033,0,0
1.4549031,0,1
1.45540325,0,0
1.4559031,0,1
1.4564032,0,0
1.4569031,0,1
1.4574033,0,0
1.45790315,0,1
1.4584033,0,0
1.4589032,0,1
1.45940335,0,0
1.45990325,0,1
1.46040345,0,0
1.46090345,0,1
1.46140365,0,0
1.46190355,0,1
1.4624037,0,0
1.4629036,0,1
1.46340375,0,0
1.4639037,0,1
1.46440385,0,0
1.46490375,0,1
1.4654039,0,0
1.46590385,0,1
1.466404,0,0
1.4669039,0,1
1.46740405,0,0
1.467904,0,1
1.4684042,0,0
1.4689042,0,1
1.46940435,0,0
1.4699043,0,1
1.47040445,0,0
1.4709044,0,1
1.47140455,0,0
1.47190445,0,1
1.47240465,0,0
1.47290455,0,1
1.47340475,0,0
1.4739047,0,1
1.4744049,0,0
1.47490485,0,1
1.475405,0,0
1.4759049,0,1
1.47640505,0,0
1.476905,0,1
1.47740515,0,0
1.47790505,0,1
1.4784052,0,0
1.4789051,0,1
1.47940525,0,0
1.4799052,0,1
1.4804054,0,0
1.4809053,0,1
1.4814055,0,0
1.48190545,0,1
1.4824056,0,0
1.4829055,0,1
1.48340565,0,0
1.48390555,0,1
1.4844057,0,0
1.4849056,0,1
1.4854058,0,0
1.4859057,0,1
1.48640585,0,0
1.48690575,0,1
1.4874059,0,0
1.48790585,0,1
1.48840605,0,0
1.48890595,0,1
1.4894061,0,0
1.48990605,0,1
1.4904062,0,0
1.49090615,0,1
1.4914063,0,0
1.49190625,0,1
1.4924064,0,0
1.4929063,0,1
1.4934064,0,0
1.4939063,0,1
1.4944064,0,0
1.4949062,0,1
1.4954063,0,0
1.4959062,0,1
1.49640635,0,0
1.4969062,0,1
1.49740635,0,0
1.49790625,0,1
1.49840635,0,0
1.4989063,0,1
1.49940645,0,0
1.49990635,0,1
1.5004065,0,0
1.5009064,0,1
1.50140655,0,0
1.5019064,0,1
1.50240655,0,0
1.5029064,0,1
1.50340655,0,0
1.50390645,0,1
1.50440655,0,0
1.5049065,0,1
1.50540665,0,0
1.5059066,0,1
1.50640675,0,0
1.5069067,0,1
1.50740685,0,0
1.50790675,0,1
1.5084069,0,0
1.5089068,0,1
1.50940695,0,0
1.5099068,0,1
1.51040695,0,0
1.51090685,0,1
1.511407,0,0
1.5119069,0,1
1.51240705,0,0
1.51290695,0,1
1.513407,0,0
1.5139069,0,1
1.5144071,0,0
1.514907,0,1
1.51540715,0,0
1.51590705,0,1
1.5164072,0,0
1.5169071,0,1
1.51740725,0,0
1.51790715,0,1
1.5184073,0,0
1.5189072,0,1
1.51940735,0,0
1.51990735,0,1
1.52040755,0,0
1.5209075,0,1
1.52140775,0,0
1.52190765,0,1
1.5224078,0,0
1.5229078,0,1
1.523408,0,0
1.52390795,0,1
1.52440815,0,0
1.52490815,0,1
1.52540835,0,0
1.5259083,0,1
1.52640845,0,0
1.5269084,0,1
1.52740865,0,0
1.5279086,0,1
1.5284088,0,0
1.52890875,0,1
1.5294089,0,0
1.5299089,0,1
1.5304091,0,0
1.5309091,0,1
1.5314093,0,0
1.53190925,0,1
1.53240945,0,0
1.5329093,0,1
1.53340945,0,0
1.53390935,0,1
1.53440945,0,0
1.53490935,0,1
1.5354095,0,0
1.53590945,0,1
1.5364096,0,0
1.5369095,0,1
1.5374097,0,0
1.53790965,0,1
1.5384098,0,0
1.5389097,0,1
1.53940985,0,0
1.5399098,0,1
1.54040995,0,0
1.54090985,0,1
1.54141005,0,0
1.54191,0,1
1.54241015,0,0
1.54291005,0,1
1.54341025,0,0
1.5439102,0,1
1.5444104,0,0
1.5449104,0,1
1.5454106,0,0
1.54591055,0,1
1.54641075,0,0
1.54691065,0,1
1.54741085,0,0
1.54791085,0,1
1.548411,0,0
1.548911,0,1
1.5494112,0,0
1.5499112,0,1
1.55041135,0,0
1.5509113,0,1
1.5514115,0,0
1.55191145,0,1
1.55241165,0,0
1.5529116,0,1
1.5534118,0,0
1.5539117,0,1
1.5544119,0,0
1.5549118,0,1
1.555412,0,0
1.55591195,0,1
1.55641215,0,0
1.5569121,0,1
1.5574123,0,0
1.5579122,0,1
1.5584124,0,0
1.5589123,0,1
1.55941245,0,0
1.5599124,0,1
1.5604126,0,0
1.56091255,0,1
1.56141275,0,0
1.5619127,0,1
1.5624129,0,0
1.5629129,0,1
1.5634131,0,0
1.56391315,0,1
1.56441335,0,0
1.56491335,0,1
1.5654136,0,0
1.5659136,0,1
1.5664139,0,0
1.5669139,0,1
1.5674141,0,0
1.5679141,0,1
1.5684143,0,0
1.5689142,0,1
1.5694144,0,0
1.56991435,0,1
1.57041455,0,0
1.5709145,0,1
1.57141475,0,0
1.57191465,0,1
1.5724149,0,0
1.5729149,0,1
1.5734151,0,0
1.5739151,0,1
1.5744153,0,0
1.5749153,0,1
1.57541555,0,0
1.5759155,0,1
1.57641575,0,0
1.5769157,0,1
1.57741585,0,0
1.57791575,0,1
1.57841585,0,0
1.57891575,0,1
1.5794159,0,0
1.5799158,0,1
1.5804159,0,0
1.58091575,0,1
1.5814159,0,0
1.5819158,0,1
1.58241595,0,0
1.58291585,0,1
1.58341605,0,0
1.583916,0,1
1.5844161,0,0
1.584916,0,1
1.58541615,0,0
1.585916,0,1
1.5864161,0,0
1.586916,0,1
1.5874161,0,0
1.587916,0,1
1.5884161,0,0
1.588916,0,1
1.58941615,0,0
1.58991605,0,1
1.5904162,0,0
1.59091605,0,1
1.5914162,0,0
1.5919161,0,1
1.5924162,0,0
1.5929161,0,1
1.5934162,0,0
1.59391605,0,1
1.5944162,0,0
1.5949161,0,1
1.5954162,0,0
1.59591605,0,1
1.59641615,0,0
1.596916,0,1
1.59741615,0,0
1.59791605,0,1
1.59841615,0,0
1.5989161,0,1
1.5994162,0,0
1.5999161,0,1
1.6004162,0,0
1.60091605,0,1
1.60141625,0,0
1.6019162,0,1
1.6024164,0,0
1.6029163,0,1
1.6034165,0,0
1.60391645,0,1
1.60441665,0,0
1.6049166,0,1
1.6054168,0,0
1.6059167,0,1
1.6064169,0,0
1.6069169,0,1
1.60741705,0,0
1.607917,0,1
1.6084171,0,0
1.608917,0,1
1.60941715,0,0
1.6099171,0,1
1.61041725,0,0
1.6109172,0,1
1.6114174,0,0
1.61191735,0,1
1.61241755,0,0
1.6129175,0,1
1.6134177,0,0
1.6139176,0,1
1.61441775,0,0
1.61491765,0,1
1.61541775,0,0
1.6159177,0,1
1.61641795,0,0
1.6169179,0,1
1.61741805,0,0
1.617918,0,1
1.6184182,0,0
1.61891815,0,1
1.61941835,0,0
1.6199183,0,1
1.6204185,0,0
1.62091845,0,1
1.6214186,0,0
1.62191855,0,1
1.6224187,0,0
1.62291865,0,1
1.62341885,0,0
1.6239188,0,1
1.62441895,0,0
1.62491885,0,1
1.625419,0,0
1.6259189,0,1
1.6264191,0,0
1.626919,0,1
1.6274192,0,0
1.62791915,0,1
1.6284193,0,0
1.62891925,0,1
1.6294194,0,0
1.62991935,0,1
1.6304195,0,0
1.6309194,0,1
1.6314196,0,0
1.6319195,0,1
1.63241965,0,0
1.6329196,0,1
1.6334198,0,0
1.63391965,0,1
1.6344198,0,0
1.63491975,0,1
1.6354199,0,0
1.63591985,0,1
1.63641995,0,0
1.6369199,0,1
1.63742005,0,0
1.63792,0,1
1.63842015,0,0
1.63892005,0,1
1.63942025,0,0
1.6399202,0,1
1.64042035,0,0
1.6409203,0,1
1.6414205,0,0
1.6419204,0,1
1.64242055,0,0
1.64292045,0,1
1.6434207,0,0
1.64392055,0,1
1.64442075,0,0
1.64492065,0,1
1.64542085,0,0
1.6459208,0,1
1.646421,0,0
1.6469209,0,1
1.6474211,0,0
1.64792105,0,1
1.64842125,0,0
1.6489212,0,1
1.6494214,0,0
1.6499213,0,1
1.6504215,0,0
1.65092145,0,1
1.6514216,0,0
1.65192145,0,1
1.6524216,0,0
1.6529215,0,1
1.65342165,0,0
1.6539216,0,1
1.6544218,0,0
1.65492175,0,1
1.655422,0,0
1.65592195,0,1
1.6564221,0,0
1.6569221,0,1
1.65742225,0,0
1.65792215,0,1
1.65842235,0,0
1.6589223,0,1
1.6594225,0,0
1.65992245,0,1
1.6604227,0,0
1.6609227,0,1
1.661423,0,0
1.661923,0,1
1.6624233,0,0
1.6629233,0,1
1.66342355,0,0
1.6639236,0,1
1.66442385,0,0
1.6649239,0,1
1.6654242,0,0
1.6659242,0,1
1.6664245,0,0
1.66692445,0,1
1.6674247,0,0
1.6679247,0,1
1.66842495,0,0
1.66892495,0,1
1.6694252,0,0
1.6699252,0,1
1.67042545,0,0
1.67092545,0,1
1.67142565,0,0
1.67192565,0,1
1.6724259,0,0
1.67292585,0,1
1.67342605,0,0
1.6739261,0,1
1.67442635,0,0
1.67492635,0,1
1.6754266,0,0
1.67592655,0,1
1.67642675,0,0
1.6769267,0,1
1.6774269,0,0
1.6779269,0,1
1.6784271,0,0
1.67892705,0,1
1.67942725,0,0
1.6799272,0,1
1.6804274,0,0
1.6809274,0,1
1.68142765,0,0
1.68192765,0,1
1.68242785,0,0
1.68292785,0,1
1.6834281,0,0
1.68392805,0,1
1.6844283,0,0
1.68492825,0,1
1.68542855,0,0
1.6859285,0,1
1.68642875,0,0
1.6869288,0,1
1.68742905,0,0
1.68792905,0,1
1.6884293,0,0
1.6889293,0,1
1.6894295,0,0
1.68992945,0,1
1.6904297,0,0
1.6909297,0,1
1.6914299,0,0
1.69192985,0,1
1.69243015,0,0
1.6929301,0,1
1.69343035,0,0
1.69393035,0,1
1.69443055,0,0
1.69493055,0,1
1.6954308,0,0
1.69593075,0,1
1.69643095,0,0
1.69693095,0,1
1.6974312,0,0
1.6979312,0,1
1.69843145,0,0
1.6989314,0,1
1.6994317,0,0
1.6999317,0,1
1.700432,0,0
1.700932,0,1
1.7014322,0,0
1.7019322,0,1
1.7024325,0,0
1.7029325,0,1
1.70343275,0,0
1.70393275,0,1
1.70443305,0,0
1.70493305,0,1
1.70543325,0,0
1.70593325,0,1
1.70643345,0,0
1.70693345,0,1
1.7074337,0,0
1.70793365,0,1
1.7084339,0,0
1.70893385,0,1
1.70943405,0,0
1.709934,0,1
1.71043425,0,0
1.7109342,0,1
1.71143445,0,0
1.7119344,0,1
1.7124347,0,0
1.7129347,0,1
1.7134349,0,0
1.71393495,0,1
1.71443525,0,0
1.71493525,0,1
1.7154355,0,0
1.71593555,0,1
1.71643585,0,0
1.71693585,0,1
1.71743615,0,0
1.71793605,0,1
1.7184363,0,0
1.71893625,0,1
1.7194365,0,0
1.71993655,0,1
1.7204368,0,0
1.72093685,0,1
1.7214371,0,0
1.7219371,0,1
1.7224373,0,0
1.7229373,0,1
1.7234375,0,0
1.72393745,0,1
1.72443775,0,0
1.72493775,0,1
1.72543805,0,0
1.72593805,0,1
1.7264383,0,0
1.7269383,0,1
1.72743855,0,0
1.72793855,0,1
1.7284388,0,0
1.7289388,0,1
1.72943905,0,0
1.72993905,0,1
1.7304393,0,0
1.73093935,0,1
1.7314396,0,0
1.7319396,0,1
1.73243985,0,0
1.7329399,0,1
1.73344015,0,0
1.7339402,0,1
1.73444045,0,0
1.7349404,0,1
1.73544065,0,0
1.73594065,0,1
1.7364409,0,0
1.73694085,0,1
1.7374411,0,0
1.73794115,0,1
1.7384414,0,0
1.7389414,0,1
1.73944165,0,0
1.73994165,0,1
1.74044195,0,0
1.74094195,0,1
1.74144225,0,0
1.7419423,0,1
1.74244255,0,0
1.74294255,0,1
1.7434428,0,0
1.7439427,0,1
1.74444295,0,0
1.744943,0,1
1.74544325,0,0
1.74594325,0,1
1.7464435,0,0
1.74694355,0,1
1.7474438,0,0
1.74794385,0,1
1.7484441,0,0
1.7489441,0,1
1.7494444,0,0
1.7499444,0,1
1.75044475,0,0
1.7509448,0,1
1.7514451,0,0
1.75194515,0,1
1.75244545,0,0
1.7529455,0,1
1.7534458,0,0
1.75394585,0,1
1.75444615,0,0
1.75494615,0,1
1.7554464,0,0
1.7559464,0,1
1.7564467,0,0
1.7569467,0,1
1.75744695,0,0
1.75794695,0,1
1.7584472,0,0
1.75894715,0,1
1.75944735,0,0
1.7599473,0,1
1.76044745,0,0
1.76094745,0,1
1.76144765,0,0
1.7619476,0,1
1.76244785,0,0
1.7629478,0,1
1.76344805,0,0
1.76394805,0,1
1.76444825,0,0
1.76494825,0,1
1.7654485,0,0
1.7659485,0,1
1.7664488,0,0
1.76694885,0,1
1.7674491,0,0
1.76794915,0,1
1.7684494,0,0
1.76894945,0,1
1.7694497,0,0
1.7699497,0,1
1.77044995,0,0
1.77094995,0,1
1.77145025,0,0
1.77195025,0,1
1.77245055,0,0
1.7729506,0,1
1.77345085,0,0
1.7739509,0,1
1.7744512,0,0
1.77495125,0,1
1.7754515,0,0
1.77595155,0,1
1.7764518,0,0
1.7769518,0,1
1.77745205,0,0
1.77795205,0,1
1.7784523,0,0
1.77895225,0,1
1.7794525,0,0
1.77995245,0,1
1.78045275,0,0
1.78095275,0,1
1.781453,0,0
1.781953,0,1
1.78245335,0,0
1.78295335,0,1
1.7834536,0,0
1.7839536,0,1
1.7844539,0,0
1.7849539,0,1
1.78545415,0,0
1.78595415,0,1
1.7864544,0,0
1.7869544,0,1
1.78745465,0,0
1.78795465,0,1
1.7884549,0,0
1.7889549,0,1
1.78945515,0,0
1.78995515,0,1
1.7904554,0,0
1.7909554,0,1
1.79145565,0,0
1.7919556,0,1
1.79245585,0,0
1.79295585,0,1
1.79345615,0,0
1.79395615,0,1
1.79445645,0,0
1.7949565,0,1
1.79545675,0,0
1.7959568,0,1
1.7964571,0,0
1.7969571,0,1
1.79745735,0,0
1.79795735,0,1
1.7984576,0,0
1.7989576,0,1
1.79945785,0,0
1.7999578,0,1
1.800458,0,0
1.80095795,0,1
1.8014582,0,0
1.80195815,0,1
1.8024584,0,0
1.8029584,0,1
1.8034587,0,0
1.8039587,0,1
1.80445895,0,0
1.80495895,0,1
1.80545925,0,0
1.8059592,0,1
1.80645945,0,0
1.80695945,0,1
1.8074597,0,0
1.80795965,0,1
1.80845985,0,0
1.8089598,0,1
1.80946005,0,0
1.80996005,0,1
1.8104603,0,0
1.81096025,0,1
1.8114605,0,0
1.8119605,0,1
1.81246075,0,0
1.81296075,0,1
1.813461,0,0
1.813961,0,1
1.81446125,0,0
1.8149612,0,1
1.81546145,0,0
1.8159614,0,1
1.81646165,0,0
1.8169616,0,1
1.8174618,0,0
1.8179618,0,1
1.81846205,0,0
1.81896205,0,1
1.8194623,0,0
1.81996225,0,1
1.8204625,0,0
1.82096245,0,1
1.82146265,0,0
1.8219627,0,1
1.82246295,0,0
1.82296295,0,1
1.8234632,0,0
1.82396315,0,1
1.8244634,0,0
1.8249633,0,1
1.82546355,0,0
1.82596355,0,1
1.8264638,0,0
1.82696375,0,1
1.82746395,0,0
1.8279639,0,1
1.8284641,0,0
1.82896405,0,1
1.82946425,0,0
1.82996415,0,1
1.8304643,0,0
1.83096425,0,1
1.83146445,0,0
1.8319644,0,1
1.83246465,0,0
1.8329646,0,1
1.83346485,0,0
1.8339648,0,1
1.83446505,0,0
1.834965,0,1
1.8354652,0,0
1.8359652,0,1
1.8364654,0,0
1.8369654,0,1
1.83746555,0,0
1.83796555,0,1
1.83846575,0,0
1.83896575,0,1
1.83946595,0,0
1.83996595,0,1
1.84046615,0,0
1.8409661,0,1
1.8414663,0,0
1.8419663,0,1
1.84246655,0,0
1.84296655,0,1
1.8434668,0,0
1.8439668,0,1
1.84446705,0,0
1.844967,0,1
1.84546725,0,0
1.8459673,0,1
1.8464675,0,0
1.8469675,0,1
1.8474677,0,0
1.8479677,0,1
1.8484679,0,0
1.8489679,0,1
1.84946805,0,0
1.849968,0,1
1.85046815,0,0
1.85096805,0,1
1.8514682,0,0
1.8519681,0,1
1.85246825,0,0
1.85296815,0,1
1.8534683,0,0
1.8539682,0,1
1.8544684,0,0
1.85496835,0,1
1.85546855,0,0
1.8559685,0,1
1.8564687,0,0
1.85696865,0,1
1.85746885,0,0
1.85796885,0,1
1.858469,0,0
1.85896895,0,1
1.8594691,0,0
1.85996905,0,1
1.86046925,0,0
1.86096915,0,1
1.8614694,0,0
1.86196925,0,1
1.86246945,0,0
1.86296935,0,1
1.86346955,0,0
1.8639695,0,1
1.8644697,0,0
1.86496965,0,1
1.86546985,0,0
1.8659698,0,1
1.86647,0,0
1.86696995,0,1
1.8674702,0,0
1.8679702,0,1
1.86847045,0,0
1.8689704,0,1
1.86947055,0,0
1.8699705,0,1
1.8704707,0,0
1.87097065,0,1
1.8714708,0,0
1.8719707,0,1
1.8724709,0,0
1.87297085,0,1
1.87347105,0,0
1.873971,0,1
1.87447115,0,0
1.87497105,0,1
1.87547125,0,0
1.87597115,0,1
1.87647125,0,0
1.8769712,0,1
1.8774714,0,0
1.87797135,0,1
1.87847155,0,0
1.87897155,0,1
1.87947175,0,0
1.8799717,0,1
1.88047195,0,0
1.880972,0,1
1.8814722,0,0
1.88197215,0,1
1.88247235,0,0
1.88297235,0,1
1.8834726,0,0
1.88397255,0,1
1.8844728,0,0
1.8849728,0,1
1.88547305,0,0
1.885973,0,1
1.8864732,0,0
1.8869732,0,1
1.8874734,0,0
1.88797335,0,1
1.88847355,0,0
1.88897355,0,1
1.8894738,0,0
1.8899738,0,1
1.89047395,0,0
1.8909739,0,1
1.8914741,0,0
1.891974,0,1
1.89247425,0,0
1.89297415,0,1
1.89347425,0,0
1.8939741,0,1
1.89447425,0,0
1.8949741,0,1
1.8954742,0,0
1.8959741,0,1
1.89647425,0,0
1.89697415,0,1
1.8974743,0,0
1.89797425,0,1
1.89847445,0,0
1.89897435,0,1
1.8994745,0,0
1.8999744,0,1
1.90047455,0,0
1.9009744,0,1
1.9014745,0,0
1.9019744,0,1
1.90247455,0,0
1.9029745,0,1
1.90347465,0,0
1.90397455,0,1
1.90447475,0,0
1.9049747,0,1
1.90547485,0,0
1.90597475,0,1
1.90647495,0,0
1.90697485,0,1
1.907475,0,0
1.90797485,0,1
1.908475,0,0
1.90897485,0,1
1.90947495,0,0
1.9099748,0,1
1.9104749,0,0
1.91097475,0,1
1.91147485,0,0
1.9119747,0,1
1.9124748,0,0
1.91297465,0,1
1.91347475,0,0
1.9139746,0,1
1.91447475,0,0
1.9149746,0,1
1.91547475,0,0
1.9159746,0,1
1.91647475,0,0
1.9169746,0,1
1.9174747,0,0
1.91797455,0,1
1.91847465,0,0
1.9189745,0,1
1.9194746,0,0
1.91997445,0,1
1.92047455,0,0
1.9209744,0,1
1.9214745,0,0
1.92197435,0,1
1.92247445,0,0
1.9229743,0,1
1.9234744,0,0
1.9239743,0,1
1.9244744,0,0
1.9249743,0,1
1.92547445,0,0
1.92597435,0,1
1.9264745,0,0
1.9269744,0,1
1.9274745,0,0
1.9279744,0,1
1.9284745,0,0
1.9289744,0,1
1.92947455,0,0
1.92997445,0,1
1.9304746,0,0
1.93097445,0,1
1.9314746,0,0
1.93197455,0,1
1.9324747,0,0
1.9329746,0,1
1.93347475,0,0
1.93397465,0,1
1.93447475,0,0
1.93497465,0,1
1.9354748,0,0
1.9359747,0,1
1.9364748,0,0
1.93697465,0,1
1.9374748,0,0
1.9379747,0,1
1.9384748,0,0
1.9389747,0,1
1.9394748,0,0
1.9399747,0,1
1.9404748,0,0
1.9409747,0,1
1.9414748,0,0
1.94197465,0,1
1.9424748,0,0
1.94297465,0,1
1.94347475,0,0
1.94397465,0,1
1.94447475,0,0
1.9449746,0,1
1.94547475,0,0
1.9459746,0,1
1.94647475,0,0
1.9469746,0,1
1.9474747,0,0
1.9479746,0,1
1.94847475,0,0
1.94897465,0,1
1.94947475,0,0
1.9499746,0,1
1.95047475,0,0
1.95097465,0,1
1.9514748,0,0
1.95197465,0,1
1.9524747,0,0
1.9529745,0,1
1.9534746,0,0
1.9539744,0,1
1.9544745,0,0
1.95497435,0,1
1.9554745,0,0
1.95597435,0,1
1.95647445,0,0
1.9569743,0,1
1.9574744,0,0
1.95797425,0,1
1.9584744,0,0
1.95897435,0,1
1.9594745,0,0
1.9599744,0,1
1.9604745,0,0
1.9609744,0,1
1.96147455,0,0
1.9619744,0,1
1.9624745,0,0
1.96297435,0,1
1.9634744,0,0
1.96397425,0,1
1.9644743,0,0
1.96497415,0,1
1.9654742,0,0
1.96597405,0,1
1.9664741,0,0
1.9669739,0,1
1.96747395,0,0
1.9679738,0,1
1.9684739,0,0
1.96897375,0,1
1.9694738,0,0
1.96997365,0,1
1.97047375,0,0
1.97097355,0,1
1.97147365,0,0
1.9719735,0,1
1.9724736,0,0
1.97297345,0,1
1.97347355,0,0
1.97397345,0,1
1.97447355,0,0
1.9749734,0,1
1.97547355,0,0
1.9759734,0,1
1.9764735,0,0
1.97697335,0,1
1.9774734,0,0
1.9779733,0,1
1.97847345,0,0
1.97897335,0,1
1.97947345,0,0
1.97997335,0,1
1.98047345,0,0
1.98097335,0,1
1.98147355,0,0
1.98197345,0,1
1.9824736,0,0
1.9829735,0,1
1.98347365,0,0
1.98397355,0,1
1.9844737,0,0
1.9849736,0,1
1.98547375,0,0
1.98597365,0,1
1.98647385,0,0
1.9869737,0,1
1.9874739,0,0
1.9879738,0,1
1.98847395,0,0
1.98897385,0,1
1.989474,0,0
1.98997385,0,1
1.990474,0,0
1.9909739,0,1
1.991474,0,0
1.99197385,0,1
1.992474,0,0
1.9929739,0,1
1.99347405,0,0
1.9939739,0,1
1.994474,0,0
1.9949739,0,1
1.99547405,0,0
1.99597395,0,1
1.9964741,0,0
1.99697395,0,1
1.9974741,0,0
1.99797395,0,1
1.99847405,0,0
1.9989739,0,1
1.999474,0,0
1.99997385,0,1
2.00047395,0,0
2.0009738,0,1
2.00147395,0,0
2.00197385,0,1
2.00247395,0,0
2.0029738,0,1
2.00347395,0,0
2.00397385,0,1
2.00447395,0,0
2.0049738,0,1
2.0054739,0,0
2.00597375,0,1
2.00647385,0,0
2.00697365,0,1
2.00747375,0,0
2.00797355,0,1
2.00847365,0,0
2.0089735,0,1
2.00947365,0,0
2.0099735,0,1
2.01047365,0,0
2.0109735,0,1
2.0114736,0,0
2.0119735,0,1
2.01247365,0,0
2.0129735,0,1
2.01347365,0,0
2.01397355,0,1
2.0144737,0,0
2.01497365,0,1
2.0154738,0,0
2.01597375,0,1
2.01647395,0,0
2.01697385,0,1
2.01747405,0,0
2.01797395,0,1
2.0184741,0,0
2.01897395,0,1
2.0194741,0,0
2.01997395,0,1
2.0204741,0,0
2.02097395,0,1
2.02147405,0,0
2.021974,0,1
2.02247415,0,0
2.0229741,0,1
2.0234742,0,0
2.0239741,0,1
2.02447425,0,0
2.02497415,0,1
2.02547425,0,0
2.0259741,0,1
2.02647425,0,0
2.0269741,0,1
2.02747425,0,0
2.0279741,0,1
2.02847425,0,0
2.0289741,0,1
2.02947425,0,0
2.02997415,0,1
2.0304743,0,0
2.03097415,0,1
2.0314743,0,0
2.03197415,0,1
2.03247425,0,0
2.03297415,0,1
2.03347425,0,0
2.03397415,0,1
2.03447435,0,0
2.03497425,0,1
2.03547445,0,0
2.03597435,0,1
2.03647455,0,0
2.03697455,0,1
2.0374747,0,0
2.0379746,0,1
2.03847475,0,0
2.03897465,0,1
2.03947485,0,0
2.03997475,0,1
2.0404749,0,0
2.04097485,0,1
2.04147495,0,0
2.04197485,0,1
2.042475,0,0
2.04297485,0,1
2.043475,0,0
2.0439749,0,1
2.044475,0,0
2.0449749,0,1
2.04547505,0,0
2.045975,0,1
2.04647515,0,0
2.04697505,0,1
2.0474752,0,0
2.0479751,0,1
2.0484753,0,0
2.0489752,0,1
2.04947535,0,0
2.04997525,0,1
2.0504754,0,0
2.05097535,0,1
2.0514755,0,0
2.05197545,0,1
2.0524756,0,0
2.05297555,0,1
2.0534757,0,0
2.05397565,0,1
2.0544758,0,0
2.0549757,0,1
2.0554759,0,0
2.0559758,0,1
2.056476,0,0
2.0569759,0,1
2.05747605,0,0
2.057976,0,1
2.0584761,0,0
2.058976,0,1
2.0594762,0,0
2.0599761,0,1
2.06047625,0,0
2.06097615,0,1
2.06147635,0,0
2.06197625,0,1
2.0624764,0,0
2.0629763,0,1
2.06347645,0,0
2.06397635,0,1
2.0644765,0,0
2.0649764,0,1
2.06547655,0,0
2.0659764,0,1
2.06647655,0,0
2.0669764,0,1
2.0674765,0,0
2.06797635,0,1
2.0684765,0,0
2.0689764,0,1
2.06947655,0,0
2.06997645,0,1
2.0704766,0,0
2.0709765,0,1
2.0714766,0,0
2.0719765,0,1
2.07247665,0,0
2.0729765,0,1
2.07347665,0,0
2.0739765,0,1
2.07447665,0,0
2.07497655,0,1
2.07547675,0,0
2.0759766,0,1
2.07647675,0,0
2.07697665,0,1
2.0774768,0,0
2.0779767,0,1
2.07847685,0,0
2.0789768,0,1
2.07947695,0,0
2.07997685,0,1
2.08047705,0,0
2.0809769,0,1
2.0814771,0,0
2.08197705,0,1
2.08247715,0,0
2.0829771,0,1
2.08347725,0,0
2.0839772,0,1
2.08447735,0,0
2.08497725,0,1
2.08547745,0,0
2.0859773,0,1
2.0864775,0,0
2.0869774,0,1
2.08747755,0,0
2.08797745,0,1
2.08847765,0,0
2.0889776,0,1
2.0894778,0,0
2.08997775,0,1
2.0904779,0,0
2.0909778,0,1
2.09147795,0,0
2.09197785,0,1
2.092478,0,0
2.0929779,0,1
2.0934781,0,0
2.093978,0,1
2.09447815,0,0
2.09497805,0,1
2.0954782,0,0
2.0959781,0,1
2.09647825,0,0
2.09697815,0,1
2.0974783,0,0
2.0979782,0,1
2.09847835,0,0
2.09897825,0,1
2.09947845,0,0
2.09997835,0,1
2.10047855,0,0
2.1009785,0,1
2.10147865,0,0
2.10197855,0,1
2.1024787,0,0
2.10297865,0,1
2.1034788,0,0
2.1039787,0,1
2.1044789,0,0
2.1049788,0,1
2.10547895,0,0
2.10597885,0,1
2.106479,0,0
2.1069789,0,1
2.10747905,0,0
2.1079789,0,1
2.108479,0,0
2.10897885,0,1
2.1094789,0,0
2.10997875,0,1
2.11047885,0,0
2.11097875,0,1
2.1114789,0,0
2.1119788,0,1
2.11247895,0,0
2.1129789,0,1
2.11347905,0,0
2.11397895,0,1
2.11447905,0,0
2.11497895,0,1
2.11547905,0,0
2.11597895,0,1
2.1164791,0,0
2.116979,0,1
2.1174791,0,0
2.117979,0,1
2.1184791,0,0
2.118979,0,1
2.11947915,0,0
2.11997905,0,1
2.12047915,0,0
2.12097905,0,1
2.1214792,0,0
2.12197905,0,1
2.1224792,0,0
2.12297905,0,1
2.1234792,0,0
2.1239791,0,1
2.1244792,0,0
2.1249791,0,1
2.1254792,0,0
2.12597905,0,1
2.12647915,0,0
2.12697905,0,1
2.12747915,0,0
2.12797905,0,1
2.12847915,0,0
2.12897905,0,1
2.12947915,0,0
2.129979,0,1
2.13047905,0,0
2.13097885,0,1
2.13147885,0,0
2.1319787,0,1
2.1324788,0,0
2.1329787,0,1
2.1334789,0,0
2.1339788,0,1
2.13447895,0,0
2.1349789,0,1
2.13547905,0,0
2.135979,0,1
2.13647915,0,0
2.13697905,0,1
2.1374792,0,0
2.13797915,0,1
2.1384793,0,0
2.1389792,0,1
2.13947935,0,0
2.13997925,0,1
2.1404794,0,0
2.1409793,0,1
2.14147945,0,0
2.14197935,0,1
2.1424795,0,0
2.14297945,0,1
2.1434796,0,0
2.14397955,0,1
2.1444797,0,0
2.1449796,0,1
2.1454797,0,0
2.1459796,0,1
2.1464797,0,0
2.1469796,0,1
2.1474797,0,0
2.14797955,0,1
2.14847965,0,0
2.1489795,0,1
2.14947965,0,0
2.1499795,0,1
2.15047965,0,0
2.1509795,0,1
2.15147965,0,0
2.15197955,0,1
2.15247965,0,0
2.15297955,0,1
2.15347965,0,0
2.1539795,0,1
2.15447965,0,0
2.1549796,0,1
2.1554798,0,0
2.15597965,0,1
2.15647975,0,0
2.1569796,0,1
2.1574797,0,0
2.1579796,0,1
2.15847975,0,0
2.15897965,0,1
2.1594798,0,0
2.15997965,0,1
2.16047975,0,0
2.16097965,0,1
2.16147975,0,0
2.1619796,0,1
2.16247975,0,0
2.1629796,0,1
2.1634797,0,0
2.1639796,0,1
2.16447965,0,0
2.16497955,0,1
2.16547975,0,0
2.16597965,0,1
2.1664798,0,0
2.16697965,0,1
2.1674798,0,0
2.1679796,0,1
2.16847965,0,0
2.16897955,0,1
2.1694797,0,0
2.1699796,0,1
2.1704797,0,0
2.1709796,0,1
2.17147975,0,0
2.17197965,0,1
2.17247975,0,0
2.17297965,0,1
2.17347975,0,0
2.17397965,0,1
2.17447985,0,0
2.1749797,0,1
2.1754798,0,0
2.1759797,0,1
2.17647985,0,0
2.17697975,0,1
2.17747995,0,0
2.17797985,0,1
2.17848005,0,0
2.17898,0,1
2.17948015,0,0
2.17998,0,1
2.1804802,0,0
2.18098015,0,1
2.18148035,0,0
2.18198025,0,1
2.18248045,0,0
2.18298035,0,1
2.18348055,0,0
2.18398045,0,1
2.1844806,0,0
2.1849805,0,1
2.18548065,0,0
2.18598055,0,1
2.18648075,0,0
2.1869807,0,1
2.1874809,0,0
2.18798085,0,1
2.188481,0,0
2.1889809,0,1
2.18948105,0,0
2.1899809,0,1
2.19048105,0,0
2.19098095,0,1
2.1914811,0,0
2.191981,0,1
2.19248115,0,0
2.19298105,0,1
2.19348115,0,0
2.19398105,0,1
2.19448115,0,0
2.1949811,0,1
2.1954813,0,0
2.19598115,0,1
2.1964813,0,0
2.1969812,0,1
2.1974814,0,0
2.1979813,0,1
2.19848145,0,0
2.19898135,0,1
2.19948145,0,0
2.19998135,0,1
2.2004815,0,0
2.20098135,0,1
2.2014815,0,0
2.20198135,0,1
2.20248145,0,0
2.2029813,0,1
2.20348145,0,0
2.20398135,0,1
2.2044815,0,0
2.20498145,0,1
2.2054816,0,0
2.20598155,0,1
2.2064817,0,0
2.20698165,0,1
2.2074818,0,0
2.20798175,0,1
2.20848195,0,0
2.20898185,0,1
2.20948195,0,0
2.20998185,0,1
2.210482,0,0
2.21098185,0,1
2.211482,0,0
2.2119819,0,1
2.21248205,0,0
2.21298195,0,1
2.2134821,0,0
2.21398195,0,1
2.2144821,0,0
2.214982,0,1
2.21548215,0,0
2.2159821,0,1
2.21648225,0,0
2.21698215,0,1
2.2174823,0,0
2.2179822,0,1
2.2184823,0,0
2.2189822,0,1
2.21948235,0,0
2.21998225,0,1
2.2204824,0,0
2.2209823,0,1
2.22148245,0,0
2.2219824,0,1
2.22248255,0,0
2.2229824,0,1
2.22348255,0,0
2.22398245,0,1
2.2244826,0,0
2.22498255,0,1
2.22548265,0,0
2.22598255,0,1
2.22648275,0,0
2.22698265,0,1
2.22748285,0,0
2.22798275,0,1
2.2284829,0,0
2.2289828,0,1
2.229483,0,0
2.22998295,0,1
2.2304831,0,0
2.23098305,0,1
2.2314832,0,0
2.2319831,0,1
2.23248325,0,0
2.2329832,0,1
2.23348335,0,0
2.2339833,0,1
2.23448345,0,0
2.2349834,0,1
2.23548355,0,0
2.23598345,0,1
2.23648355,0,0
2.23698345,0,1
2.23748365,0,0
2.23798355,0,1
2.23848365,0,0
2.2389835,0,1
2.2394836,0,0
2.23998345,0,1
2.24048345,0,0
2.24098325,0,1
2.24148335,0,0
2.2419832,0,1
2.24248335,0,0
2.2429832,0,1
2.2434833,0,0
2.24398315,0,1
2.24448325,0,0
2.24498315,0,1
2.2454832,0,0
2.24598305,0,1
2.24648315,0,0
2.24698305,0,1
2.24748315,0,0
2.247983,0,1
2.2484831,0,0
2.248983,0,1
2.2494831,0,0
2.2499829,0,1
2.250483,0,0
2.25098285,0,1
2.25148295,0,0
2.2519828,0,1
2.2524829,0,0
2.25298275,0,1
2.25348285,0,0
2.25398275,0,1
2.25448285,0,0
2.25498275,0,1
2.25548285,0,0
2.2559827,0,1
2.25648285,0,0
2.25698275,0,1
2.25748285,0,0
2.2579827,0,1
2.2584828,0,0
2.2589827,0,1
2.25948285,0,0
2.25998275,0,1
2.2604828,0,0
2.26098265,0,1
2.26148275,0,0
2.2619826,0,1
2.2624827,0,0
2.2629826,0,1
2.2634827,0,0
2.26398255,0,1
2.26448265,0,0
2.2649825,0,1
2.2654826,0,0
2.26598245,0,1
2.26648255,0,0
2.2669824,0,1
2.2674825,0,0
2.2679824,0,1
2.26848255,0,0
2.2689824,0,1
2.26948255,0,0
2.26998245,0,1
2.2704826,0,0
2.2709825,0,1
2.2714826,0,0
2.2719825,0,1
2.27248265,0,0
2.27298255,0,1
2.2734827,0,0
2.27398255,0,1
2.2744827,0,0
2.27498255,0,1
2.2754827,0,0
2.2759826,0,1
2.27648275,0,0
2.2769826,0,1
2.2774828,0,0
2.27798265,0,1
2.2784828,0,0
2.2789827,0,1
2.27948285,0,0
2.27998275,0,1
2.2804829,0,0
2.2809828,0,1
2.28148295,0,0
2.28198285,0,1
2.282483,0,0
2.2829829,0,1
2.2834831,0,0
2.283983,0,1
2.28448315,0,0
2.28498305,0,1
2.2854832,0,0
2.2859831,0,1
2.28648325,0,0
2.28698315,0,1
2.2874833,0,0
2.2879832,0,1
2.2884834,0,0
2.28898335,0,1
2.28948355,0,0
2.2899835,0,1
2.2904837,0,0
2.2909836,0,1
2.29148375,0,0
2.2919836,0,1
2.29248375,0,0
2.2929836,0,1
2.29348375,0,0
2.29398365,0,1
2.29448375,0,0
2.29498365,0,1
2.2954838,0,0
2.2959837,0,1
2.2964839,0,0
2.29698375,0,1
2.29748385,0,0
2.29798375,0,1
2.2984839,0,0
2.29898375,0,1
2.2994839,0,0
2.29998375,0,1
2.3004839,0,0
2.30098375,0,1
2.30148385,0,0
2.3019838,0,1
2.30248395,0,0
2.30298385,0,1
2.30348395,0,0
2.3039838,0,1
2.3044839,0,0
2.3049837,0,1
2.30548385,0,0
2.30598375,0,1
2.30648385,0,0
2.3069838,0,1
2.30748395,0,0
2.30798385,0,1
2.308484,0,0
2.3089839,0,1
2.309484,0,0
2.3099839,0,1
2.310484,0,0
2.3109839,0,1
2.3114841,0,0
2.311984,0,1
2.3124841,0,0
2.312984,0,1
2.31348415,0,0
2.31398415,0,1
2.31448435,0,0
2.3149843,0,1
2.31548445,0,0
2.31598435,0,1
2.3164845,0,0
2.31698445,0,1
2.31748465,0,0
2.31798455,0,1
2.31848475,0,0
2.31898465,0,1
2.3194848,0,0
2.31998475,0,1
2.32048495,0,0
2.32098485,0,1
2.321485,0,0
2.32198495,0,1
2.3224851,0,0
2.32298495,0,1
2.3234851,0,0
2.323985,0,1
2.3244852,0,0
2.3249851,0,1
2.32548525,0,0
2.32598515,0,1
2.32648525,0,0
2.32698515,0,1
2.32748525,0,0
2.3279851,0,1
2.32848525,0,0
2.32898515,0,1
2.3294853,0,0
2.32998525,0,1
2.3304854,0,0
2.3309853,0,1
2.33148545,0,0
2.33198535,0,1
2.33248555,0,0
2.33298545,0,1
2.33348565,0,0
2.3339856,0,1
2.33448575,0,0
2.3349857,0,1
2.33548585,0,0
2.33598575,0,1
2.3364859,0,0
2.33698585,0,1
2.3374861,0,0
2.337986,0,1
2.33848615,0,0
2.3389861,0,1
2.33948625,0,0
2.33998625,0,1
2.3404865,0,0
2.34098645,0,1
2.34148665,0,0
2.34198665,0,1
2.34248685,0,0
2.34298685,0,1
2.34348705,0,0
2.343987,0,1
2.34448715,0,0
2.3449871,0,1
2.3454873,0,0
2.3459872,0,1
2.3464874,0,0
2.34698735,0,1
2.3474875,0,0
2.34798745,0,1
2.3484876,0,0
2.34898755,0,1
2.3494877,0,0
2.3499876,0,1
2.35048775,0,0
2.3509877,0,1
2.3514879,0,0
2.35198785,0,1
2.352488,0,0
2.35298795,0,1
2.3534881,0,0
2.35398805,0,1
2.35448825,0,0
2.35498815,0,1
2.35548835,0,0
2.35598825,0,1
2.3564884,0,0
2.3569883,0,1
2.3574885,0,0
2.35798835,0,1
2.3584885,0,0
2.35898845,0,1
2.3594886,0,0
2.35998855,0,1
2.36048875,0,0
2.36098865,0,1
2.36148885,0,0
2.3619888,0,1
2.36248895,0,0
2.36298885,0,1
2.36348905,0,0
2.36398895,0,1
2.3644891,0,0
2.36498905,0,1
2.36548925,0,0
2.36598915,0,1
2.36648935,0,0
2.3669893,0,1
2.3674895,0,0
2.3679894,0,1
2.3684896,0,0
2.36898955,0,1
2.36948975,0,0
2.3699897,0,1
2.37048985,0,0
2.37098975,0,1
2.3714899,0,0
2.37198985,0,1
2.37249,0,0
2.37299,0,1
2.3734902,0,0
2.37399015,0,1
2.37449035,0,0
2.37499025,0,1
2.3754904,0,0
2.3759903,0,1
2.37649045,0,0
2.37699035,0,1
2.3774905,0,0
2.37799045,0,1
2.37849065,0,0
2.37899055,0,1
2.37949075,0,0
2.3799907,0,1
2.38049095,0,0
2.38099095,0,1
2.38149115,0,0
2.3819911,0,1
2.3824913,0,0
2.38299125,0,1
2.3834914,0,0
2.38399135,0,1
2.38449155,0,0
2.38499145,0,1
2.3854916,0,0
2.3859915,0,1
2.3864917,0,0
2.38699165,0,1
2.3874918,0,0
2.3879917,0,1
2.38849185,0,0
2.3889918,0,1
2.38949195,0,0
2.3899919,0,1
2.3904921,0,0
2.39099205,0,1
2.3914923,0,0
2.3919922,0,1
2.3924923,0,0
2.3929922,0,1
2.39349235,0,0
2.3939922,0,1
2.39449235,0,0
2.3949923,0,1
2.39549245,0,0
2.39599235,0,1
2.3964925,0,0
2.3969924,0,1
2.39749255,0,0
2.3979925,0,1
2.39849265,0,0
2.3989926,0,1
2.3994928,0,0
2.3999927,0,1
2.4004929,0,0
2.4009928,0,1
2.40149295,0,0
2.4019929,0,1
2.40249305,0,0
2.40299295,0,1
2.40349315,0,0
2.4039931,0,1
2.40449325,0,0
2.4049932,0,1
2.40549335,0,0
2.40599325,0,1
2.4064934,0,0
2.40699335,0,1
2.40749355,0,0
2.4079935,0,1
2.40849365,0,0
2.4089936,0,1
2.40949375,0,0
2.40999365,0,1
2.41049385,0,0
2.4109937,0,1
2.41149385,0,0
2.4119938,0,1
2.412494,0,0
2.412994,0,1
2.41349415,0,0
2.4139941,0,1
2.41449425,0,0
2.41499415,0,1
2.4154943,0,0
2.41599415,0,1
2.4164943,0,0
2.4169942,0,1
2.41749435,0,0
2.41799425,0,1
2.4184944,0,0
2.4189943,0,1
2.4194945,0,0
2.41999435,0,1
2.42049455,0,0
2.42099445,0,1
2.42149465,0,0
2.42199455,0,1
2.42249475,0,0
2.4229947,0,1
2.42349485,0,0
2.42399475,0,1
2.4244949,0,0
2.42499475,0,1
2.42549485,0,0
2.4259947,0,1
2.4264948,0,0
2.4269947,0,1
2.42749485,0,0
2.42799475,0,1
2.4284949,0,0
2.4289948,0,1
2.42949495,0,0
2.42999485,0,1
2.430495,0,0
2.4309949,0,1
2.431495,0,0
2.43199495,0,1
2.4324951,0,0
2.432995,0,1
2.43349515,0,0
2.43399495,0,1
2.43449505,0,0
2.4349949,0,1
2.43549505,0,0
2.43599495,0,1
2.4364951,0,0
2.43699495,0,1
2.43749515,0,0
2.43799505,0,1
2.43849515,0,0
2.43899505,0,1
2.43949525,0,0
2.43999515,0,1
2.4404953,0,0
2.4409952,0,1
2.44149535,0,0
2.4419953,0,1
2.44249545,0,0
2.4429953,0,1
2.44349545,0,0
2.44399535,0,1
2.44449545,0,0
2.4449953,0,1
2.44549545,0,0
2.4459953,0,1
2.44649545,0,0
2.44699535,0,1
2.4474955,0,0
2.44799535,0,1
2.4484955,0,0
2.44899535,0,1
2.44949545,0,0
2.4499953,0,1
2.45049535,0,0
2.4509952,0,1
2.4514953,0,0
2.4519951,0,1
2.45249515,0,0
2.45299495,0,1
2.45349505,0,0
2.4539949,0,1
2.454495,0,0
2.4549948,0,1
2.45549485,0,0
2.4559947,0,1
2.4564948,0,0
2.4569946,0,1
2.4574947,0,0
2.4579945,0,1
2.4584946,0,0
2.4589944,0,1
2.45949445,0,0
2.45999425,0,1
2.4604943,0,0
2.46099415,0,1
2.4614943,0,0
2.46199415,0,1
2.46249425,0,0
2.4629941,0,1
2.4634942,0,0
2.46399405,0,1
2.46449415,0,0
2.46499395,0,1
2.46549405,0,0
2.4659939,0,1
2.466494,0,0
2.4669938,0,1
2.4674939,0,0
2.46799375,0,1
2.46849385,0,0
2.4689937,0,1
2.4694938,0,0
2.4699936,0,1
2.4704937,0,0
2.47099365,0,1
2.47149375,0,0
2.47199365,0,1
2.4724938,0,0
2.4729937,0,1
2.47349385,0,0
2.4739937,0,1
2.47449385,0,0
2.4749937,0,1
2.4754939,0,0
2.47599375,0,1
2.4764939,0,0
2.4769938,0,1
2.4774939,0,0
2.47799375,0,1
2.4784938,0,0
2.4789937,0,1
2.4794938,0,0
2.4799937,0,1
2.48049385,0,0
2.48099365,0,1
2.48149375,0,0
2.4819936,0,1
2.48249375,0,0
2.4829936,0,1
2.4834937,0,0
2.48399355,0,1
2.48449365,0,0
2.48499355,0,1
2.48549365,0,0
2.4859935,0,1
2.4864936,0,0
2.4869935,0,1
2.4874936,0,0
2.48799345,0,1
2.48849355,0,0
2.48899345,0,1
2.48949365,0,0
2.48999355,0,1
2.4904937,0,0
2.4909936,0,1
2.4914938,0,0
2.4919937,0,1
2.49249385,0,0
2.4929938,0,1
2.4934939,0,0
2.49399375,0,1
2.49449385,0,0
2.4949937,0,1
2.4954938,0,0
2.49599365,0,1
2.49649375,0,0
2.4969936,0,1
2.4974937,0,0
2.49799355,0,1
2.4984936,0,0
2.4989934,0,1
2.49949345,0,0
2.4999933,0,1
2.50049335,0,0
2.5009932,0,1
2.5014933,0,0
2.50199315,0,1
2.5024932,0,0
2.502993,0,1
2.50349305,0,0
2.50399285,0,1
2.50449295,0,0
2.5049928,0,1
2.5054929,0,0
2.50599275,0,1
2.5064929,0,0
2.50699275,0,1
2.50749285,0,0
2.5079927,0,1
2.50849285,0,0
2.5089927,0,1
2.5094928,0,0
2.50999265,0,1
2.51049285,0,0
2.5109927,0,1
2.51149285,0,0
2.5119927,0,1
2.5124928,0,0
2.5129927,0,1
2.51349285,0,0
2.51399275,0,1
2.5144929,0,0
2.5149928,0,1
2.51549295,0,0
2.51599285,0,1
2.51649295,0,0
2.5169928,0,1
2.5174929,0,0
2.5179928,0,1
2.51849295,0,0
2.51899285,0,1
2.519493,0,0
2.51999295,0,1
2.5204931,0,0
2.520993,0,1
2.52149315,0,0
2.521993,0,1
2.5224931,0,0
2.522993,0,1
2.52349305,0,0
2.52399285,0,1
2.52449305,0,0
2.52499295,0,1
2.52549305,0,0
2.5259929,0,1
2.526493,0,0
2.5269929,0,1
2.527493,0,0
2.52799285,0,1
2.5284929,0,0
2.52899275,0,1
2.5294929,0,0
2.52999275,0,1
2.53049285,0,0
2.5309927,0,1
2.53149285,0,0
2.53199275,0,1
2.53249285,0,0
2.5329927,0,1
2.53349275,0,0
2.53399265,0,1
2.53449275,0,0
2.53499255,0,1
2.53549265,0,0
2.53599245,0,1
2.53649255,0,0
2.5369924,0,1
2.53749255,0,0
2.5379924,0,1
2.5384925,0,0
2.5389923,0,1
2.5394924,0,0
2.5399922,0,1
2.5404923,0,0
2.54099215,0,1
2.54149225,0,0
2.54199215,0,1
2.54249225,0,0
2.54299215,0,1
2.5434923,0,0
2.54399215,0,1
2.5444923,0,0
2.54499225,0,1
2.54549235,0,0
2.54599225,0,1
2.5464924,0,0
2.5469923,0,1
2.5474924,0,0
2.5479922,0,1
2.5484923,0,0
2.54899215,0,1
2.5494922,0,0
2.54999205,0,1
2.5504921,0,0
2.5509919,0,1
2.55149205,0,0
2.55199185,0,1
2.55249195,0,0
2.55299175,0,1
2.5534918,0,0
2.55399165,0,1
2.5544917,0,0
2.55499155,0,1
2.5554916,0,0
2.55599145,0,1
2.55649155,0,0
2.55699135,0,1
2.55749145,0,0
2.55799125,0,1
2.55849135,0,0
2.5589912,0,1
2.55949125,0,0
2.55999105,0,1
2.5604911,0,0
2.5609909,0,1
2.561491,0,0
2.5619908,0,1
2.5624909,0,0
2.5629907,0,1
2.56349075,0,0
2.5639906,0,1
2.56449065,0,0
2.56499045,0,1
2.56549055,0,0
2.5659904,0,1
2.56649045,0,0
2.5669903,0,1
2.56749035,0,0
2.56799015,0,1
2.5684903,0,0
2.5689901,0,1
2.5694902,0,0
2.56999005,0,1
2.57049015,0,0
2.57099,0,1
2.5714901,0,0
2.57199,0,1
2.57249,0,0
2.5729898,0,1
2.57348985,0,0
2.57398965,0,1
2.57448975,0,0
2.5749896,0,1
2.5754897,0,0
2.5759895,0,1
2.57648955,0,0
2.57698935,0,1
2.5774894,0,0
2.5779892,0,1
2.5784893,0,0
2.5789891,0,1
2.5794892,0,0
2.57998905,0,1
2.5804891,0,0
2.58098895,0,1
2.58148905,0,0
2.58198895,0,1
2.58248905,0,0
2.58298895,0,1
2.58348905,0,0
2.58398895,0,1
2.58448905,0,0
2.5849889,0,1
2.58548905,0,0
2.58598895,0,1
2.58648905,0,0
2.5869889,0,1
2.58748905,0,0
2.5879889,0,1
2.58848905,0,0
2.58898895,0,1
2.5894891,0,0
2.589989,0,1
2.59048915,0,0
2.590989,0,1
2.59148915,0,0
2.59198905,0,1
2.5924892,0,0
2.5929891,0,1
2.5934892,0,0
2.5939891,0,1
2.5944892,0,0
2.5949891,0,1
2.5954892,0,0
2.5959891,0,1
2.59648925,0,0
2.59698915,0,1
2.5974893,0,0
2.5979892,0,1
2.5984893,0,0
2.5989892,0,1
2.59948935,0,0
2.5999892,0,1
2.60048935,0,0
2.6009892,0,1
2.60148925,0,0
2.60198915,0,1
2.60248925,0,0
2.60298915,0,1
2.6034893,0,0
2.6039892,0,1
2.6044893,0,0
2.60498925,0,1
2.60548935,0,0
2.60598925,0,1
2.6064894,0,0
2.6069893,0,1
2.60748945,0,0
2.6079893,0,1
2.60848945,0,0
2.6089893,0,1
2.6094894,0,0
2.60998925,0,1
2.61048935,0,0
2.61098925,0,1
2.61148935,0,0
2.61198925,0,1
2.61248935,0,0
2.6129893,0,1
2.61348945,0,0
2.6139893,0,1
2.61448945,0,0
2.61498935,0,1
2.6154895,0,0
2.6159894,0,1
2.61648955,0,0
2.61698945,0,1
2.6174895,0,0
2.6179894,0,1
2.6184895,0,0
2.6189894,0,1
2.61948955,0,0
2.6199894,0,1
2.6204895,0,0
2.62098935,0,1
2.62148945,0,0
2.62198935,0,1
2.6224895,0,0
2.62298935,0,1
2.6234895,0,0
2.6239894,0,1
2.6244896,0,0
2.6249895,0,1
2.6254896,0,0
2.62598945,0,1
2.62648955,0,0
2.6269894,0,1
2.62748955,0,0
2.6279894,0,1
2.6284895,0,0
2.62898935,0,1
2.62948945,0,0
2.62998935,0,1
2.6304895,0,0
2.6309894,0,1
2.6314896,0,0
2.6319895,0,1
2.63248965,0,0
2.6329896,0,1
2.6334897,0,0
2.63398965,0,1
2.6344898,0,0
2.63498965,0,1
2.6354898,0,0
2.6359897,0,1
2.63648985,0,0
2.63698975,0,1
2.6374899,0,0
2.6379898,0,1
2.63848995,0,0
2.63898985,0,1
2.63948995,0,0
2.6399899,0,1
2.6404901,0,0
2.64099005,0,1
2.64149025,0,0
2.64199015,0,1
2.6424903,0,0
2.64299025,0,1
2.64349035,0,0
2.64399025,0,1
2.64449035,0,0
2.64499025,0,1
2.64549035,0,0
2.64599025,0,1
2.6464904,0,0
2.64699025,0,1
2.64749035,0,0
2.6479903,0,1
2.64849045,0,0
2.6489903,0,1
2.64949045,0,0
2.6499903,0,1
2.6504904,0,0
2.6509903,0,1
2.65149045,0,0
2.6519903,0,1
2.65249045,0,0
2.65299035,0,1
2.6534905,0,0
2.6539904,0,1
2.65449055,0,0
2.65499045,0,1
2.6554906,0,0
2.6559904,0,1
2.6564905,0,0
2.65699035,0,1
2.6574905,0,0
2.65799035,0,1
2.65849045,0,0
2.6589903,0,1
2.65949035,0,0
2.6599902,0,1
2.66049025,0,0
2.6609901,0,1
2.6614902,0,0
2.66199,0,1
2.6624901,0,0
2.66298995,0,1
2.66349005,0,0
2.6639899,0,1
2.66449005,0,0
2.6649899,0,1
2.66549,0,0
2.6659899,0,1
2.66649,0,0
2.6669899,0,1
2.66749005,0,0
2.66798995,0,1
2.66849005,0,0
2.66898995,0,1
2.66949005,0,0
2.66998995,0,1
2.6704901,0,0
2.67099,0,1
2.6714901,0,0
2.67199,0,1
2.6724901,0,0
2.67299,0,1
2.67349015,0,0
2.67399005,0,1
2.6744902,0,0
2.67499015,0,1
2.67549025,0,0
2.67599015,0,1
2.67649025,0,0
2.67699015,0,1
2.6774903,0,0
2.6779902,0,1
2.67849035,0,0
2.6789903,0,1
2.6794905,0,0
2.6799904,0,1
2.6804906,0,0
2.6809905,0,1
2.68149065,0,0
2.6819906,0,1
2.68249075,0,0
2.6829907,0,1
2.68349085,0,0
2.6839908,0,1
2.684491,0,0
2.68499085,0,1
2.685491,0,0
2.6859909,0,1
2.68649105,0,0
2.68699095,0,1
2.68749105,0,0
2.6879909,0,1
2.68849105,0,0
2.68899095,0,1
2.6894911,0,0
2.68999105,0,1
2.6904912,0,0
2.6909911,0,1
2.6914913,0,0
2.6919912,0,1
2.69249135,0,0
2.6929913,0,1
2.69349145,0,0
2.6939914,0,1
2.69449155,0,0
2.6949915,0,1
2.6954917,0,0
2.6959916,0,1
2.6964918,0,0
2.69699175,0,1
2.69749195,0,0
2.6979919,0,1
2.69849205,0,0
2.69899195,0,1
2.69949215,0,0
2.69999205,0,1
2.7004922,0,0
2.70099215,0,1
2.7014923,0,0
2.70199225,0,1
2.70249235,0,0
2.70299225,0,1
2.70349235,0,0
2.70399225,0,1
2.7044924,0,0
2.70499225,0,1
2.7054924,0,0
2.7059923,0,1
2.7064924,0,0
2.7069923,0,1
2.7074925,0,0
2.70799235,0,1
2.7084925,0,0
2.7089924,0,1
2.7094925,0,0
2.70999245,0,1
2.7104926,0,0
2.7109925,0,1
2.71149265,0,0
2.71199255,0,1
2.7124927,0,0
2.7129926,0,1
2.7134928,0,0
2.71399275,0,1
2.7144929,0,0
2.7149928,0,1
2.715493,0,0
2.7159929,0,1
2.71649305,0,0
2.71699295,0,1
2.7174931,0,0
2.717993,0,1
2.71849315,0,0
2.71899305,0,1
2.7194932,0,0
2.71999315,0,1
2.7204933,0,0
2.7209932,0,1
2.7214934,0,0
2.72199335,0,1
2.72249355,0,0
2.72299345,0,1
2.7234937,0,0
2.7239936,0,1
2.72449375,0,0
2.7249937,0,1
2.72549385,0,0
2.72599375,0,1
2.72649395,0,0
2.72699385,0,1
2.727494,0,0
2.72799395,0,1
2.72849415,0,0
2.7289941,0,1
2.72949435,0,0
2.7299943,0,1
2.7304945,0,0
2.73099445,0,1
2.73149465,0,0
2.73199455,0,1
2.73249475,0,0
2.7329947,0,1
2.73349485,0,0
2.73399475,0,1
2.7344949,0,0
2.7349948,0,1
2.7354949,0,0
2.7359948,0,1
2.73649495,0,0
2.73699485,0,1
2.737495,0,0
2.73799485,0,1
2.738495,0,0
2.73899485,0,1
2.73949505,0,0
2.73999495,0,1
2.7404951,0,0
2.74099505,0,1
2.7414952,0,0
2.74199515,0,1
2.7424953,0,0
2.7429952,0,1
2.74349535,0,0
2.74399525,0,1
2.7444954,0,0
2.7449953,0,1
2.74549545,0,0
2.74599535,0,1
2.74649545,0,0
2.74699535,0,1
2.7474955,0,0
2.7479954,0,1
2.7484955,0,0
2.7489954,0,1
2.74949555,0,0
2.74999545,0,1
2.7504956,0,0
2.75099545,0,1
2.75149555,0,0
2.75199545,0,1
2.7524956,0,0
2.75299545,0,1
2.75349555,0,0
2.75399545,0,1
2.7544956,0,0
2.7549955,0,1
2.7554957,0,0
2.7559956,0,1
2.75649575,0,0
2.7569956,0,1
2.75749575,0,0
2.7579956,0,1
2.7584958,0,0
2.75899565,0,1
2.7594958,0,0
2.7599957,0,1
2.7604958,0,0
2.76099575,0,1
2.7614959,0,0
2.7619958,0,1
2.76249595,0,0
2.76299585,0,1
2.763496,0,0
2.7639959,0,1
2.76449605,0,0
2.76499595,0,1
2.76549605,0,0
2.76599595,0,1
2.76649605,0,0
2.76699595,0,1
2.7674961,0,0
2.767996,0,1
2.76849615,0,0
2.76899605,0,1
2.7694962,0,0
2.7699961,0,1
2.77049625,0,0
2.77099615,0,1
2.7714963,0,0
2.77199625,0,1
2.7724964,0,0
2.7729963,0,1
2.77349645,0,0
2.7739963,0,1
2.7744964,0,0
2.7749964,0,1
2.7754966,0,0
2.77599655,0,1
2.7764967,0,0
2.77699665,0,1
2.7774968,0,0
2.77799675,0,1
2.7784969,0,0
2.7789968,0,1
2.77949695,0,0
2.77999685,0,1
2.780497,0,0
2.7809969,0,1
2.7814971,0,0
2.78199705,0,1
2.78249725,0,0
2.7829972,0,1
2.7834974,0,0
2.7839973,0,1
2.78449745,0,0
2.7849973,0,1
2.78549745,0,0
2.78599735,0,1
2.78649755,0,0
2.78699745,0,1
2.7874976,0,0
2.78799755,0,1
2.78849775,0,0
2.78899765,0,1
2.78949785,0,0
2.7899978,0,1
2.790498,0,0
2.79099795,0,1
2.7914981,0,0
2.79199805,0,1
2.79249825,0,0
2.79299815,0,1
2.7934983,0,0
2.7939982,0,1
2.79449835,0,0
2.79499825,0,1
2.7954984,0,0
2.79599835,0,1
2.79649845,0,0
2.7969984,0,1
2.79749855,0,0
2.7979985,0,1
2.7984986,0,0
2.7989985,0,1
2.79949865,0,0
2.7999986,0,1
2.8004988,0,0
2.80099875,0,1
2.80149895,0,0
2.8019989,0,1
2.8024991,0,0
2.802999,0,1
2.80349915,0,0
2.8039991,0,1
2.80449925,0,0
2.80499915,0,1
2.8054993,0,0
2.8059992,0,1
2.80649935,0,0
2.8069993,0,1
2.80749945,0,0
2.8079993,0,1
2.80849945,0,0
2.80899935,0,1
2.8094995,0,0
2.80999945,0,1
2.8104996,0,0
2.81099955,0,1
2.8114997,0,0
2.8119996,0,1
2.81249985,0,0
2.81299975,0,1
2.81349995,0,0
2.8139999,0,1
2.8145001,0,0
2.815,0,1
2.8155001,0,0
2.816,0,1
2.8165002,0,0
2.81700015,0,1
2.8175003,0,0
2.81800025,0,1
2.81850045,0,0
2.81900035,0,1
2.81950055,0,0
2.8200005,0,1
2.82050065,0,0
2.8210006,0,1
2.8215008,0,0
2.82200075,0,1
2.8225009,0,0
2.82300085,0,1
2.823501,0,0
2.82400095,0,1
2.82450115,0,0
2.82500105,0,1
2.8255012,0,0
2.82600105,0,1
2.82650125,0,0
2.8270012,0,1
2.82750135,0,0
2.8280013,0,1
2.82850145,0,0
2.82900135,0,1
2.8295015,0,0
2.83000145,0,1
2.83050165,0,0
2.8310016,0,1
2.83150175,0,0
2.8320017,0,1
2.83250195,0,0
2.8330019,0,1
2.8335021,0,0
2.83400205,0,1
2.8345022,0,0
2.8350021,0,1
2.8355023,0,0
2.83600225,0,1
2.8365024,0,0
2.83700235,0,1
2.83750255,0,0
2.8380025,0,1
2.8385027,0,0
2.83900265,0,1
2.8395028,0,0
2.84000275,0,1
2.84050295,0,0
2.84100285,0,1
2.84150305,0,0
2.842003,0,1
2.8425032,0,0
2.84300315,0,1
2.84350335,0,0
2.84400325,0,1
2.84450335,0,0
2.8450032,0,1
2.8455034,0,0
2.84600325,0,1
2.84650345,0,0
2.8470033,0,1
2.8475035,0,0
2.84800345,0,1
2.8485036,0,0
2.8490035,0,1
2.8495037,0,0
2.8500036,0,1
2.8505038,0,0
2.85100375,0,1
2.85150395,0,0
2.85200385,0,1
2.85250405,0,0
2.85300395,0,1
2.8535041,0,0
2.854004,0,1
2.85450415,0,0
2.8550041,0,1
2.8555042,0,0
2.8560041,0,1
2.85650425,0,0
2.85700415,0,1
2.85750425,0,0
2.8580042,0,1
2.85850435,0,0
2.85900425,0,1
2.8595044,0,0
2.8600043,0,1
2.86050445,0,0
2.8610043,0,1
2.8615044,0,0
2.86200425,0,1
2.8625044,0,0
2.8630042,0,1
2.8635043,0,0
2.86400415,0,1
2.8645043,0,0
2.8650042,0,1
2.86550435,0,0
2.86600425,0,1
2.86650445,0,0
2.86700435,0,1
2.8675044,0,0
2.8680043,0,1
2.86850445,0,0
2.86900435,0,1
2.8695045,0,0
2.8700044,0,1
2.8705045,0,0
2.8710043,0,1
2.87150445,0,0
2.8720043,0,1
2.8725044,0,0
2.8730043,0,1
2.8735044,0,0
2.87400425,0,1
2.8745043,0,0
2.8750041,0,1
2.8755042,0,0
2.87600405,0,1
2.87650415,0,0
2.877004,0,1
2.8775041,0,0
2.878004,0,1
2.8785042,0,0
2.8790041,0,1
2.87950425,0,0
2.88000415,0,1
2.88050435,0,0
2.88100425,0,1
2.8815044,0,0
2.8820043,0,1
2.8825044,0,0
2.88300425,0,1
2.8835044,0,0
2.8840043,0,1
2.88450445,0,0
2.8850044,0,1
2.88550455,0,0
2.88600445,0,1
2.88650455,0,0
2.88700445,0,1
2.8875047,0,0
2.8880046,0,1
2.8885048,0,0
2.8890047,0,1
2.8895049,0,0
2.8900048,0,1
2.89050495,0,0
2.89100485,0,1
2.89150495,0,0
2.8920049,0,1
2.89250505,0,0
2.89300495,0,1
2.89350515,0,0
2.8940051,0,1
2.89450525,0,0
2.89500515,0,1
2.8955053,0,0
2.89600515,0,1
2.8965053,0,0
2.89700515,0,1
2.8975053,0,0
2.8980052,0,1
2.8985053,0,0
2.8990052,0,1
2.8995053,0,0
2.9000052,0,1
2.9005054,0,0
2.90100525,0,1
2.9015054,0,0
2.90200525,0,1
2.9025053,0,0
2.90300515,0,1
2.9035053,0,0
2.9040052,0,1
2.9045053,0,0
2.90500515,0,1
2.9055053,0,0
2.90600515,0,1
2.90650525,0,0
2.9070051,0,1
2.90750525,0,0
2.9080051,0,1
2.90850525,0,0
2.90900515,0,1
2.9095053,0,0
2.9100052,0,1
2.91050535,0,0
2.9110052,0,1
2.9115053,0,0
2.91200515,0,1
2.91250525,0,0
2.9130051,0,1
2.91350515,0,0
2.91400495,0,1
2.91450505,0,0
2.91500485,0,1
2.91550495,0,0
2.9160048,0,1
2.91650495,0,0
2.9170048,0,1
2.9175049,0,0
2.91800475,0,1
2.9185049,0,0
2.91900475,0,1
2.91950485,0,0
2.92000465,0,1
2.92050475,0,0
2.92100455,0,1
2.9215047,0,0
2.9220046,0,1
2.9225047,0,0
2.92300455,0,1
2.9235047,0,0
2.92400455,0,1
2.9245047,0,0
2.92500455,0,1
2.9255047,0,0
2.9260046,0,1
2.9265047,0,0
2.9270046,0,1
2.92750475,0,0
2.92800465,0,1
2.92850485,0,0
2.92900475,0,1
2.92950495,0,0
2.93000485,0,1
2.930505,0,0
2.9310049,0,1
2.931505,0,0
2.9320049,0,1
2.932505,0,0
2.93300495,0,1
2.93350505,0,0
2.934005,0,1
2.9345051,0,0
2.935005,0,1
2.93550515,0,0
2.9360051,0,1
2.93650525,0,0
2.93700515,0,1
2.93750535,0,0
2.9380052,0,1
2.93850535,0,0
2.93900525,0,1
2.9395054,0,0
2.94000525,0,1
2.94050535,0,0
2.94100525,0,1
2.9415054,0,0
2.94200525,0,1
2.94250535,0,0
2.9430052,0,1
2.9435053,0,0
2.9440052,0,1
2.9445053,0,0
2.94500515,0,1
2.94550525,0,0
2.9460051,0,1
2.9465052,0,0
2.9470051,0,1
2.9475052,0,0
2.94800505,0,1
2.94850515,0,0
2.94900505,0,1
2.94950515,0,0
2.95000505,0,1
2.9505052,0,0
2.95100505,0,1
2.95150515,0,0
2.952005,0,1
2.95250515,0,0
2.953005,0,1
2.9535051,0,0
2.95400495,0,1
2.95450505,0,0
2.95500495,0,1
2.95550505,0,0
2.9560049,0,1
2.95650495,0,0
2.95700485,0,1
2.957505,0,0
2.9580049,0,1
2.95850505,0,0
2.9590049,0,1
2.959505,0,0
2.96000485,0,1
2.96050495,0,0
2.96100475,0,1
2.96150485,0,0
2.96200475,0,1
2.96250485,0,0
2.9630047,0,1
2.9635048,0,0
2.9640047,0,1
2.9645048,0,0
2.9650047,0,1
2.9655049,0,0
2.96600485,0,1
2.96650505,0,0
2.96700495,0,1
2.9675051,0,0
2.96800495,0,1
2.9685051,0,0
2.969005,0,1
2.9695051,0,0
2.97000495,0,1
2.97050505,0,0
2.9710049,0,1
2.97150505,0,0
2.9720049,0,1
2.972505,0,0
2.97300485,0,1
2.97350495,0,0
2.9740048,0,1
2.9745049,0,0
2.97500475,0,1
2.97550485,0,0
2.9760047,0,1
2.9765048,0,0
2.9770047,0,1
2.97750485,0,0
2.97800465,0,1
2.9785048,0,0
2.97900465,0,1
2.97950475,0,0
2.9800046,0,1
2.98050465,0,0
2.9810045,0,1
2.9815046,0,0
2.98200445,0,1
2.98250455,0,0
2.98300445,0,1
2.98350455,0,0
2.98400445,0,1
2.98450455,0,0
2.98500445,0,1
2.98550455,0,0
2.9860044,0,1
2.98650455,0,0
2.98700445,0,1
2.9875046,0,0
2.9880045,0,1
2.9885046,0,0
2.9890045,0,1
2.9895046,0,0
2.9900045,0,1
2.9905047,0,0
2.9910046,0,1
2.9915047,0,0
2.9920046,0,1
2.99250475,0,0
2.9930046,0,1
2.9935047,0,0
2.99400455,0,1
2.99450465,0,0
2.9950045,0,1
2.9955046,0,0
2.99600445,0,1
2.99650455,0,0
2.9970044,0,1
2.9975045,0,0
2.9980044,0,1
2.99850455,0,0
2.9990044,0,1
2.99950455,0,0
3.0000044,0,1
3.00050455,0,0
3.00100445,0,1
3.0015046,0,0
3.00200445,0,1
3.0025046,0,0
3.0030045,0,1
3.0035047,0,0
3.00400455,0,1
3.0045047,0,0
3.0050046,0,1
3.0055048,0,0
3.00600465,0,1
3.0065048,0,0
3.0070047,0,1
3.00750485,0,0
3.00800475,0,1
3.0085049,0,0
3.00900485,0,1
3.009505,0,0
3.0100049,0,1
3.01050505,0,0
3.01100495,0,1
3.01150505,0,0
3.0120049,0,1
3.01250505,0,0
3.01300495,0,1
3.0135051,0,0
3.01400495,0,1
3.0145051,0,0
3.01500495,0,1
3.0155051,0,0
3.01600495,0,1
3.01650505,0,0
3.0170049,0,1
3.01750505,0,0
3.01800495,0,1
3.01850505,0,0
3.01900495,0,1
3.01950505,0,0
3.0200049,0,1
3.020505,0,0
3.02100485,0,1
3.0215049,0,0
3.02200475,0,1
3.02250485,0,0
3.0230047,0,1
3.02350475,0,0
3.02400455,0,1
3.0245046,0,0
3.02500445,0,1
3.02550455,0,0
3.0260044,0,1
3.0265045,0,0
3.0270043,0,1
3.0275044,0,0
3.02800425,0,1
3.0285044,0,0
3.02900425,0,1
3.0295044,0,0
3.0300043,0,1
3.0305044,0,0
3.0310043,0,1
3.03150445,0,0
3.03200435,0,1
3.0325045,0,0
3.03300435,0,1
3.03350445,0,0
3.03400435,0,1
3.0345045,0,0
3.03500435,0,1
3.03550445,0,0
3.03600435,0,1
3.03650455,0,0
3.0370045,0,1
3.03750465,0,0
3.03800455,0,1
3.03850465,0,0
3.03900455,0,1
3.0395047,0,0
3.04000465,0,1
3.0405048,0,0
3.0410047,0,1
3.0415049,0,0
3.0420048,0,1
3.042505,0,0
3.0430049,0,1
3.04350505,0,0
3.04400495,0,1
3.0445051,0,0
3.04500505,0,1
3.04550515,0,0
3.046005,0,1
3.04650515,0,0
3.04700505,0,1
3.0475052,0,0
3.0480051,0,1
3.04850525,0,0
3.04900515,0,1
3.04950525,0,0
3.0500051,0,1
3.05050525,0,0
3.0510051,0,1
3.0515052,0,0
3.0520051,0,1
3.05250525,0,0
3.05300515,0,1
3.05350535,0,0
3.0540052,0,1
3.05450535,0,0
3.05500525,0,1
3.0555054,0,0
3.0560053,0,1
3.05650545,0,0
3.0570053,0,1
3.0575055,0,0
3.05800535,0,1
3.05850545,0,0
3.05900535,0,1
3.05950545,0,0
3.0600053,0,1
3.0605054,0,0
3.06100525,0,1
3.06150535,0,0
3.0620052,0,1
3.06250535,0,0
3.06300525,0,1
3.06350535,0,0
3.06400525,0,1
3.06450535,0,0
3.06500515,0,1
3.0655052,0,0
3.06600505,0,1
3.06650515,0,0
3.067005,0,1
3.06750515,0,0
3.068005,0,1
3.06850515,0,0
3.069005,0,1
3.0695051,0,0
3.070005,0,1
3.07050505,0,0
3.0710049,0,1
3.07150505,0,0
3.0720049,0,1
3.07250505,0,0
3.0730049,0,1
3.073505,0,0
3.07400485,0,1
3.07450495,0,0
3.0750048,0,1
3.0755049,0,0
3.0760047,0,1
3.0765048,0,0
3.07700465,0,1
3.0775047,0,0
3.07800455,0,1
3.07850465,0,0
3.0790045,0,1
3.0795046,0,0
3.08000445,0,1
3.0805046,0,0
3.08100445,0,1
3.0815046,0,0
3.0820045,0,1
3.0825046,0,0
3.08300455,0,1
3.0835047,0,0
3.08400455,0,1
3.0845047,0,0
3.0850046,0,1
3.0855047,0,0
3.08600455,0,1
3.0865046,0,0
3.0870045,0,1
3.08750465,0,0
3.0880045,0,1
3.0885046,0,0
3.0890045,0,1
3.08950465,0,0
3.0900045,0,1
3.09050465,0,0
3.0910045,0,1
3.0915046,0,0
3.09200445,0,1
3.09250455,0,0
3.0930044,0,1
3.09350455,0,0
3.0940044,0,1
3.09450455,0,0
3.09500435,0,1
3.0955045,0,0
3.09600435,0,1
3.0965045,0,0
3.0970044,0,1
3.09750455,0,0
3.09800445,0,1
3.0985046,0,0
3.0990045,0,1
3.09950465,0,0
3.1000045,0,1
3.1005046,0,0
3.10100445,0,1
3.10150455,0,0
3.10200435,0,1
3.1025045,0,0
3.10300435,0,1
3.1035045,0,0
3.1040044,0,1
3.1045045,0,0
3.1050044,0,1
3.1055045,0,0
3.10600435,0,1
3.10650445,0,0
3.10700425,0,1
3.1075043,0,0
3.10800415,0,1
3.10850425,0,0
3.1090041,0,1
3.1095042,0,0
3.11000405,0,1
3.1105041,0,0
3.11100395,0,1
3.11150405,0,0
3.11200385,0,1
3.11250395,0,0
3.1130038,0,1
3.11350395,0,0
3.1140038,0,1
3.1145039,0,0
3.11500375,0,1
3.11550385,0,0
3.11600365,0,1
3.1165037,0,0
3.1170035,0,1
3.11750355,0,0
3.1180033,0,1
3.11850335,0,0
3.1190032,0,1
3.11950325,0,0
3.1200031,0,1
3.1205032,0,0
3.121003,0,1
3.1215031,0,0
3.12200295,0,1
3.122503,0,0
3.1230029,0,1
3.12350305,0,0
3.1240029,0,1
3.124503,0,0
3.12500285,0,1
3.12550295,0,0
3.1260028,0,1
3.12650285,0,0
3.12700275,0,1
3.12750285,0,0
3.1280027,0,1
3.12850285,0,0
3.1290027,0,1
3.12950285,0,0
3.13000275,0,1
3.1305029,0,0
3.13100275,0,1
3.1315028,0,0
3.13200265,0,1
3.13250275,0,0
3.1330026,0,1
3.1335027,0,0
3.13400255,0,1
3.1345027,0,0
3.13500255,0,1
3.13550265,0,0
3.13600245,0,1
3.13650255,0,0
3.13700245,0,1
3.13750255,0,0
3.13800245,0,1
3.13850255,0,0
3.13900245,0,1
3.13950255,0,0
3.14000245,0,1
3.1405026,0,0
3.1410025,0,1
3.1415026,0,0
3.1420025,0,1
3.14250265,0,0
3.1430025,0,1
3.1435026,0,0
3.14400245,0,1
3.14450255,0,0
3.14500235,0,1
3.1455025,0,0
3.14600235,0,1
3.14650245,0,0
3.1470023,0,1
3.1475024,0,0
3.14800235,0,1
3.14850245,0,0
3.1490023,0,1
3.14950245,0,0
3.15000235,0,1
3.15050245,0,0
3.15100235,0,1
3.1515025,0,0
3.15200235,0,1
3.15250245,0,0
3.15300235,0,1
3.15350245,0,0
3.15400235,0,1
3.1545025,0,0
3.1550024,0,1
3.1555025,0,0
3.1560024,0,1
3.1565025,0,0
3.1570024,0,1
3.15750255,0,0
3.1580025,0,1
3.1585027,0,0
3.15900255,0,1
3.1595027,0,0
3.1600026,0,1
3.1605027,0,0
3.16100255,0,1
3.1615027,0,0
3.1620026,0,1
3.16250275,0,0
3.1630026,0,1
3.16350275,0,0
3.16400265,0,1
3.1645028,0,0
3.1650027,0,1
3.1655029,0,0
3.1660027,0,1
3.1665029,0,0
3.16700285,0,1
3.16750295,0,0
3.1680028,0,1
3.16850295,0,0
3.1690028,0,1
3.16950295,0,0
3.17000285,0,1
3.17050295,0,0
3.17100285,0,1
3.171503,0,0
3.17200285,0,1
3.172503,0,0
3.1730029,0,1
3.17350305,0,0
3.1740029,0,1
3.174503,0,0
3.1750029,0,1
3.175503,0,0
3.17600285,0,1
3.17650295,0,0
3.17700285,0,1
3.17750295,0,0
3.17800285,0,1
3.17850305,0,0
3.17900295,0,1
3.1795031,0,0
3.180003,0,1
3.18050315,0,0
3.1810031,0,1
3.18150325,0,0
3.18200315,0,1
3.18250325,0,0
3.18300315,0,1
3.1835032,0,0
3.1840031,0,1
3.1845032,0,0
3.18500315,0,1
3.18550325,0,0
3.18600305,0,1
3.1865032,0,0
3.187003,0,1
3.1875031,0,0
3.1880029,0,1
3.188503,0,0
3.1890028,0,1
3.1895029,0,0
3.1900028,0,1
3.1905029,0,0
3.19100275,0,1
3.19150285,0,0
3.19200275,0,1
3.1925029,0,0
3.19300275,0,1
3.19350285,0,0
3.1940027,0,1
3.19450275,0,0
3.1950026,0,1
3.1955027,0,0
3.19600255,0,1
3.1965027,0,0
3.19700255,0,1
3.19750265,0,0
3.1980025,0,1
3.1985026,0,0
3.1990025,0,1
3.19950255,0,0
3.2000024,0,1
3.2005025,0,0
3.2010024,0,1
3.2015025,0,0
3.2020024,0,1
3.2025025,0,0
3.20300235,0,1
3.2035025,0,0
3.20400235,0,1
3.20450245,0,0
3.2050023,0,1
3.2055024,0,0
3.2060023,0,1
3.2065024,0,0
3.20700225,0,1
3.2075024,0,0
3.20800225,0,1
3.20850235,0,0
3.2090022,0,1
3.2095023,0,0
3.2100021,0,1
3.2105022,0,0
3.2110021,0,1
3.2115022,0,0
3.21200205,0,1
3.21250215,0,0
3.213002,0,1
3.2135022,0,0
3.2140021,0,1
3.21450225,0,0
3.2150021,0,1
3.2155022,0,0
3.2160021,0,1
3.2165022,0,0
3.21700205,0,1
3.2175022,0,0
3.2180021,0,1
3.2185022,0,0
3.21900205,0,1
3.21950225,0,0
3.2200021,0,1
3.2205022,0,0
3.22100205,0,1
3.2215022,0,0
3.22200205,0,1
3.22250215,0,0
3.22300205,0,1
3.22350215,0,0
3.224002,0,1
3.22450215,0,0
3.22500205,0,1
3.22550215,0,0
3.22600205,0,1
3.2265022,0,0
3.227002,0,1
3.2275021,0,0
3.228002,0,1
3.22850215,0,0
3.229002,0,1
3.22950215,0,0
3.23000205,0,1
3.23050225,0,0
3.2310022,0,1
3.23150235,0,0
3.23200225,0,1
3.2325025,0,0
3.23300245,0,1
3.2335026,0,0
3.2340025,0,1
3.23450265,0,0
3.23500255,0,1
3.2355027,0,0
3.2360026,0,1
3.23650275,0,0
3.2370027,0,1
3.23750285,0,0
3.2380028,0,1
3.23850295,0,0
3.23900295,0,1
3.23950315,0,0
3.24000315,0,1
3.24050335,0,0
3.2410033,0,1
3.24150355,0,0
3.2420035,0,1
3.2425037,0,0
3.2430036,0,1
3.24350375,0,0
3.2440037,0,1
3.24450385,0,0
3.24500375,0,1
3.24550395,0,0
3.2460039,0,1
3.24650405,0,0
3.247004,0,1
3.2475042,0,0
3.24800415,0,1
3.24850435,0,0
3.2490043,0,1
3.2495045,0,0
3.25000445,0,1
3.25050465,0,0
3.2510046,0,1
3.2515048,0,0
3.25200475,0,1
3.25250495,0,0
3.2530049,0,1
3.253505,0,0
3.2540049,0,1
3.2545051,0,0
3.255005,0,1
3.25550515,0,0
3.2560051,0,1
3.2565053,0,0
3.25700525,0,1
3.2575054,0,0
3.25800535,0,1
3.25850545,0,0
3.2590053,0,1
3.2595055,0,0
3.26000545,0,1
3.26050565,0,0
3.2610056,0,1
3.2615058,0,0
3.26200575,0,1
3.2625059,0,0
3.2630059,0,1
3.26350605,0,0
3.26400595,0,1
3.26450615,0,0
3.2650061,0,1
3.26550635,0,0
3.2660063,0,1
3.2665065,0,0
3.2670064,0,1
3.26750655,0,0
3.2680065,0,1
3.2685067,0,0
3.26900665,0,1
3.2695069,0,0
3.27000685,0,1
3.270507,0,0
3.2710069,0,1
3.2715071,0,0
3.272007,0,1
3.2725072,0,0
3.27300705,0,1
3.27350725,0,0
3.27400715,0,1
3.27450735,0,0
3.2750073,0,1
3.2755075,0,0
3.27600745,0,1
3.2765077,0,0
3.27700765,0,1
3.27750785,0,0
3.2780078,0,1
3.278508,0,0
3.2790079,0,1
3.2795081,0,0
3.280008,0,1
3.2805082,0,0
3.28100815,0,1
3.2815083,0,0
3.28200825,0,1
3.28250835,0,0
3.28300825,0,1
3.28350845,0,0
3.28400835,0,1
3.28450845,0,0
3.28500835,0,1
3.28550855,0,0
3.2860084,0,1
3.28650855,0,0
3.28700845,0,1
3.28750865,0,0
3.28800855,0,1
3.2885087,0,0
3.2890086,0,1
3.28950875,0,0
3.29000865,0,1
3.29050875,0,0
3.29100865,0,1
3.29150885,0,0
3.29200875,0,1
3.29250885,0,0
3.29300875,0,1
3.2935089,0,0
3.29400885,0,1
3.294509,0,0
3.29500885,0,1
3.295509,0,0
3.2960089,0,1
3.29650905,0,0
3.2970089,0,1
3.29750905,0,0
3.29800895,0,1
3.29850915,0,0
3.299009,0,1
3.2995092,0,0
3.30000915,0,1
3.3005093,0,0
3.3010092,0,1
3.30150935,0,0
3.30200925,0,1
3.30250935,0,0
3.30300925,0,1
3.30350935,0,0
3.30400925,0,1
3.3045094,0,0
3.30500925,0,1
3.3055094,0,0
3.3060093,0,1
3.30650945,0,0
3.30700935,0,1
3.3075095,0,0
3.3080094,0,1
3.30850955,0,0
3.3090095,0,1
3.3095097,0,0
3.3100096,0,1
3.31050975,0,0
3.3110097,0,1
3.31150985,0,0
3.31200975,0,1
3.31250995,0,0
3.31300985,0,1
3.31351005,0,0
3.31401,0,1
3.31451015,0,0
3.31501015,0,1
3.31551035,0,0
3.3160103,0,1
3.3165105,0,0
3.31701045,0,1
3.31751065,0,0
3.31801055,0,1
3.31851065,0,0
3.31901055,0,1
3.31951065,0,0
3.32001055,0,1
3.32051065,0,0
3.32101055,0,1
3.3215107,0,0
3.3220106,0,1
3.3225108,0,0
3.32301075,0,1
3.323511,0,0
3.3240109,0,1
3.3245111,0,0
3.32501095,0,1
3.32551115,0,0
3.32601105,0,1
3.32651125,0,0
3.32701125,0,1
3.3275114,0,0
3.32801135,0,1
3.32851155,0,0
3.3290115,0,1
3.32951165,0,0
3.33001155,0,1
3.33051175,0,0
3.33101175,0,1
3.33151195,0,0
3.33201185,0,1
3.33251205,0,0
3.333012,0,1
3.33351225,0,0
3.33401215,0,1
3.33451235,0,0
3.33501225,0,1
3.33551245,0,0
3.33601245,0,1
3.33651265,0,0
3.33701255,0,1
3.33751275,0,0
3.33801265,0,1
3.3385128,0,0
3.33901275,0,1
3.33951295,0,0
3.34001295,0,1
3.3405132,0,0
3.34101315,0,1
3.34151335,0,0
3.34201335,0,1
3.34251355,0,0
3.3430135,0,1
3.34351375,0,0
3.3440137,0,1
3.34451395,0,0
3.34501385,0,1
3.34551405,0,0
3.346014,0,1
3.34651415,0,0
3.34701415,0,1
3.3475144,0,0
3.3480144,0,1
3.3485146,0,0
3.34901455,0,1
3.34951475,0,0
3.3500147,0,1
3.35051485,0,0
3.3510148,0,1
3.35151495,0,0
3.35201495,0,1
3.35251515,0,0
3.3530151,0,1
3.3535153,0,0
3.3540153,0,1
3.35451555,0,0
3.3550155,0,1
3.35551565,0,0
3.3560156,0,1
3.3565158,0,0
3.3570157,0,1
3.3575159,0,0
3.3580158,0,1
3.358516,0,0
3.3590159,0,1
3.3595161,0,0
3.360016,0,1
3.36051615,0,0
3.36101605,0,1
3.3615162,0,0
3.3620161,0,1
3.3625162,0,0
3.36301605,0,1
3.3635162,0,0
3.3640161,0,1
3.36451625,0,0
3.36501615,0,1
3.36551635,0,0
3.36601625,0,1
3.36651635,0,0
3.3670163,0,1
3.3675164,0,0
3.36801635,0,1
3.3685165,0,0
3.3690164,0,1
3.3695165,0,0
3.3700164,0,1
3.3705165,0,0
3.37101635,0,1
3.3715165,0,0
3.3720164,0,1
3.37251655,0,0
3.37301645,0,1
3.37351655,0,0
3.37401645,0,1
3.3745166,0,0
3.3750165,0,1
3.37551665,0,0
3.3760165,0,1
3.3765166,0,0
3.3770165,0,1
3.37751655,0,0
3.3780164,0,1
3.3785165,0,0
3.37901635,0,1
3.37951645,0,0
3.38001635,0,1
3.3805165,0,0
3.38101645,0,1
3.3815166,0,0
3.3820165,0,1
3.38251665,0,0
3.3830165,0,1
3.38351665,0,0
3.38401655,0,1
3.38451665,0,0
3.38501655,0,1
3.3855167,0,0
3.38601655,0,1
3.3865166,0,0
3.3870165,0,1
3.3875166,0,0
3.38801645,0,1
3.38851655,0,0
3.38901645,0,1
3.38951655,0,0
3.3900164,0,1
3.39051655,0,0
3.3910164,0,1
3.3915165,0,0
3.39201635,0,1
3.39251645,0,0
3.3930163,0,1
3.39351645,0,0
3.3940163,0,1
3.39451645,0,0
3.3950163,0,1
3.39551635,0,0
3.39601625,0,1
3.39651635,0,0
3.39701625,0,1
3.39751635,0,0
3.39801625,0,1
3.39851635,0,0
3.39901625,0,1
3.39951635,0,0
3.40001625,0,1
3.4005164,0,0
3.4010163,0,1
3.4015164,0,0
3.40201625,0,1
3.4025164,0,0
3.4030162,0,1
3.4035162,0,0
3.40401605,0,1
3.4045161,0,0
3.40501595,0,1
3.40551605,0,0
3.40601585,0,1
3.40651595,0,0
3.40701575,0,1
3.40751585,0,0
3.40801575,0,1
3.4085159,0,0
3.4090158,0,1
3.409516,0,0
3.41001585,0,1
3.41051605,0,0
3.41101595,0,1
3.4115161,0,0
3.41201605,0,1
3.4125162,0,0
3.4130161,0,1
3.41351625,0,0
3.4140162,0,1
3.41451635,0,0
3.41501625,0,1
3.4155164,0,0
3.4160163,0,1
3.41651645,0,0
3.41701635,0,1
3.41751655,0,0
3.41801645,0,1
3.4185166,0,0
3.41901645,0,1
3.41951655,0,0
3.4200164,0,1
3.4205165,0,0
3.4210163,0,1
3.4215164,0,0
3.42201625,0,1
3.42251635,0,0
3.4230162,0,1
3.4235163,0,0
3.42401615,0,1
3.4245162,0,0
3.42501605,0,1
3.4255162,0,0
3.42601615,0,1
3.42651625,0,0
3.42701615,0,1
3.42751625,0,0
3.42801615,0,1
3.4285163,0,0
3.42901615,0,1
3.4295163,0,0
3.43001615,0,1
3.4305163,0,0
3.4310162,0,1
3.43151635,0,0
3.43201625,0,1
3.4325164,0,0
3.43301635,0,1
3.4335165,0,0
3.43401635,0,1
3.4345165,0,0
3.4350164,0,1
3.4355165,0,0
3.4360164,0,1
3.4365165,0,0
3.43701635,0,1
3.43751645,0,0
3.4380163,0,1
3.4385164,0,0
3.43901625,0,1
3.4395164,0,0
3.44001625,0,1
3.44051635,0,0
3.44101625,0,1
3.4415163,0,0
3.4420162,0,1
3.4425163,0,0
3.44301615,0,1
3.44351625,0,0
3.4440161,0,1
3.44451625,0,0
3.4450161,0,1
3.4455162,0,0
3.44601605,0,1
3.4465161,0,0
3.44701595,0,1
3.44751605,0,0
3.44801585,0,1
3.4485159,0,0
3.44901575,0,1
3.4495158,0,0
3.4500156,0,1
3.4505157,0,0
3.45101545,0,1
3.45151555,0,0
3.4520154,0,1
3.4525155,0,0
3.4530154,0,1
3.4535155,0,0
3.45401535,0,1
3.4545154,0,0
3.45501525,0,1
3.45551535,0,0
3.4560152,0,1
3.45651535,0,0
3.45701525,0,1
3.45751535,0,0
3.45801525,0,1
3.4585154,0,0
3.45901525,0,1
3.4595154,0,0
3.46001525,0,1
3.46051535,0,0
3.4610153,0,1
3.46151545,0,0
3.46201535,0,1
3.4625155,0,0
3.4630154,0,1
3.46351545,0,0
3.46401525,0,1
3.46451535,0,0
3.46501525,0,1
3.4655154,0,0
3.4660153,0,1
3.4665154,0,0
3.4670153,0,1
3.4675154,0,0
3.4680153,0,1
3.46851545,0,0
3.46901535,0,1
3.4695155,0,0
3.4700154,0,1
3.4705156,0,0
3.4710155,0,1
3.47151565,0,0
3.4720156,0,1
3.47251575,0,0
3.4730157,0,1
3.47351585,0,0
3.4740158,0,1
3.47451595,0,0
3.4750159,0,1
3.47551605,0,0
3.476016,0,1
3.47651615,0,0
3.477016,0,1
3.4775162,0,0
3.4780161,0,1
3.47851625,0,0
3.47901615,0,1
3.47951635,0,0
3.48001625,0,1
3.4805164,0,0
3.48101635,0,1
3.4815165,0,0
3.48201645,0,1
3.4825166,0,0
3.4830165,0,1
3.4835166,0,0
3.4840165,0,1
3.4845166,0,0
3.4850165,0,1
3.4855166,0,0
3.48601645,0,1
3.48651655,0,0
3.4870164,0,1
3.4875165,0,0
3.48801635,0,1
3.4885165,0,0
3.4890164,0,1
3.48951655,0,0
3.49001645,0,1
3.4905166,0,0
3.4910165,0,1
3.4915167,0,0
3.49201665,0,1
3.49251685,0,0
3.4930168,0,1
3.493517,0,0
3.49401695,0,1
3.4945171,0,0
3.49501705,0,1
3.49551725,0,0
3.49601715,0,1
3.4965173,0,0
3.4970172,0,1
3.49751735,0,0
3.49801725,0,1
3.4985174,0,0
3.49901735,0,1
3.4995175,0,0
3.5000174,0,1
3.50051755,0,0
3.50101745,0,1
3.50151755,0,0
3.50201745,0,1
3.5025176,0,0
3.50301745,0,1
3.50351765,0,0
3.50401755,0,1
3.5045177,0,0
3.5050176,0,1
3.50551775,0,0
3.50601765,0,1
3.5065178,0,0
3.50701775,0,1
3.5075179,0,0
3.5080178,0,1
3.5085179,0,0
3.50901775,0,1
3.5095179,0,0
3.51001775,0,1
3.5105179,0,0
3.51101775,0,1
3.5115179,0,0
3.51201775,0,1
3.5125179,0,0
3.5130178,0,1
3.51351795,0,0
3.51401785,0,1
3.514518,0,0
3.51501785,0,1
3.515518,0,0
3.51601785,0,1
3.51651795,0,0
3.51701785,0,1
3.51751795,0,0
3.5180178,0,1
3.5185179,0,0
3.51901775,0,1
3.5195179,0,0
3.5200178,0,1
3.52051795,0,0
3.52101785,0,1
3.521518,0,0
3.5220179,0,1
3.52251805,0,0
3.52301795,0,1
3.52351815,0,0
3.52401805,0,1
3.52451825,0,0
3.52501825,0,1
3.5255184,0,0
3.5260183,0,1
3.52651845,0,0
3.5270184,0,1
3.5275186,0,0
3.52801855,0,1
3.52851875,0,0
3.52901865,0,1
3.5295188,0,0
3.53001865,0,1
3.5305188,0,0
3.5310187,0,1
3.53151885,0,0
3.5320188,0,1
3.53251895,0,0
3.5330188,0,1
3.53351895,0,0
3.53401885,0,1
3.53451895,0,0
3.53501885,0,1
3.535519,0,0
3.5360189,0,1
3.53651905,0,0
3.5370189,0,1
3.53751905,0,0
3.5380189,0,1
3.53851905,0,0
3.53901895,0,1
3.53951905,0,0
3.5400189,0,1
3.54051905,0,0
3.5410189,0,1
3.54151905,0,0
3.54201895,0,1
3.54251905,0,0
3.54301895,0,1
3.5435191,0,0
3.54401895,0,1
3.54451905,0,0
3.5450189,0,1
3.54551905,0,0
3.54601895,0,1
3.5465191,0,0
3.547019,0,1
3.54751915,0,0
3.54801905,0,1
3.5485192,0,0
3.54901905,0,1
3.5495192,0,0
3.5500191,0,1
3.5505193,0,0
3.5510192,0,1
3.55151945,0,0
3.55201935,0,1
3.5525195,0,0
3.55301945,0,1
3.55351965,0,0
3.55401955,0,1
3.5545197,0,0
3.5550196,0,1
3.55551975,0,0
3.55601965,0,1
3.5565198,0,0
3.55701975,0,1
3.55751995,0,0
3.55801985,0,1
3.55852005,0,0
3.55902,0,1
3.5595202,0,0
3.5600201,0,1
3.56052025,0,0
3.56102015,0,1
3.56152035,0,0
3.5620202,0,1
3.56252035,0,0
3.56302025,0,1
3.5635204,0,0
3.5640203,0,1
3.5645204,0,0
3.5650203,0,1
3.56552045,0,0
3.5660203,0,1
3.56652045,0,0
3.56702035,0,1
3.56752045,0,0
3.56802035,0,1
3.56852045,0,0
3.5690203,0,1
3.56952045,0,0
3.57002025,0,1
3.5705204,0,0
3.57102025,0,1
3.57152035,0,0
3.57202025,0,1
3.5725204,0,0
3.57302035,0,1
3.5735205,0,0
3.5740204,0,1
3.57452055,0,0
3.5750205,0,1
3.5755206,0,0
3.5760205,0,1
3.57652065,0,0
3.5770205,0,1
3.57752065,0,0
3.57802055,0,1
3.57852065,0,0
3.5790206,0,1
3.57952075,0,0
3.5800207,0,1
3.58052085,0,0
3.5810208,0,1
3.58152095,0,0
3.58202085,0,1
3.58252105,0,0
3.583021,0,1
3.5835212,0,0
3.58402115,0,1
3.58452135,0,0
3.58502125,0,1
3.58552145,0,0
3.58602135,0,1
3.58652155,0,0
3.5870215,0,1
3.5875217,0,0
3.5880216,0,1
3.5885218,0,0
3.58902175,0,1
3.58952195,0,0
3.5900219,0,1
3.59052215,0,0
3.5910221,0,1
3.5915223,0,0
3.5920222,0,1
3.59252235,0,0
3.59302225,0,1
3.5935224,0,0
3.5940223,0,1
3.59452245,0,0
3.5950224,0,1
3.59552255,0,0
3.5960225,0,1
3.5965227,0,0
3.59702265,0,1
3.59752285,0,0
3.5980228,0,1
3.598523,0,0
3.59902295,0,1
3.5995231,0,0
3.600023,0,1
3.6005232,0,0
3.6010231,0,1
3.6015232,0,0
3.6020231,0,1
3.6025232,0,0
3.6030231,0,1
3.6035232,0,0
3.60402305,0,1
3.6045232,0,0
3.6050231,0,1
3.6055232,0,0
3.6060231,0,1
3.6065233,0,0
3.60702315,0,1
3.6075233,0,0
3.6080232,0,1
3.6085233,0,0
3.60902325,0,1
3.6095233,0,0
3.6100232,0,1
3.6105233,0,0
3.6110232,0,1
3.61152335,0,0
3.61202325,0,1
3.61252335,0,0
3.61302325,0,1
3.61352335,0,0
3.61402325,0,1
3.6145234,0,0
3.61502325,0,1
3.6155234,0,0
3.6160233,0,1
3.6165234,0,0
3.6170233,0,1
3.6175235,0,0
3.6180234,0,1
3.6185235,0,0
3.6190234,0,1
3.6195235,0,0
3.6200234,0,1
3.6205235,0,0
3.6210234,0,1
3.6215236,0,0
3.6220235,0,1
3.62252365,0,0
3.62302355,0,1
3.62352365,0,0
3.62402355,0,1
3.6245237,0,0
3.6250236,0,1
3.6255237,0,0
3.6260236,0,1
3.62652365,0,0
3.62702355,0,1
3.62752365,0,0
3.6280235,0,1
3.62852355,0,0
3.6290234,0,1
3.6295235,0,0
3.63002335,0,1
3.6305235,0,0
3.6310234,0,1
3.63152355,0,0
3.63202345,0,1
3.63252365,0,0
3.6330235,0,1
3.63352365,0,0
3.63402355,0,1
3.6345237,0,0
3.63502355,0,1
3.6355237,0,0
3.63602355,0,1
3.63652365,0,0
3.63702355,0,1
3.6375237,0,0
3.63802355,0,1
3.63852365,0,0
3.63902355,0,1
3.63952375,0,0
3.6400236,0,1
3.64052375,0,0
3.64102365,0,1
3.64152375,0,0
3.64202365,0,1
3.6425238,0,0
3.6430237,0,1
3.64352385,0,0
3.64402375,0,1
3.64452395,0,0
3.64502385,0,1
3.645524,0,0
3.64602395,0,1
3.64652405,0,0
3.64702385,0,1
3.64752395,0,0
3.64802385,0,1
3.64852395,0,0
3.6490238,0,1
3.64952395,0,0
3.65002385,0,1
3.65052395,0,0
3.65102385,0,1
3.65152395,0,0
3.6520238,0,1
3.6525239,0,0
3.65302375,0,1
3.6535238,0,0
3.6540236,0,1
3.65452365,0,0
3.65502345,0,1
3.65552355,0,0
3.6560234,0,1
3.65652345,0,0
3.6570233,0,1
3.6575234,0,0
3.6580233,0,1
3.65852345,0,0
3.6590233,0,1
3.65952345,0,0
3.6600233,0,1
3.66052345,0,0
3.6610234,0,1
3.66152355,0,0
3.6620234,0,1
3.66252355,0,0
3.66302335,0,1
3.66352345,0,0
3.6640233,0,1
3.6645234,0,0
3.66502325,0,1
3.6655234,0,0
3.6660233,0,1
3.66652345,0,0
3.66702335,0,1
3.66752355,0,0
3.6680234,0,1
3.6685235,0,0
3.6690234,0,1
3.66952355,0,0
3.6700234,0,1
3.67052355,0,0
3.67102345,0,1
3.6715236,0,0
3.6720234,0,1
3.67252355,0,0
3.6730234,0,1
3.67352345,0,0
3.67402335,0,1
3.67452355,0,0
3.67502345,0,1
3.67552355,0,0
3.67602345,0,1
3.6765236,0,0
3.67702355,0,1
3.6775237,0,0
3.6780236,0,1
3.67852375,0,0
3.67902365,0,1
3.67952375,0,0
3.6800236,0,1
3.68052375,0,0
3.6810236,0,1
3.68152375,0,0
3.6820236,0,1
3.6825237,0,0
3.68302355,0,1
3.68352365,0,0
3.6840235,0,1
3.68452355,0,0
3.6850234,0,1
3.68552345,0,0
3.6860233,0,1
3.6865234,0,0
3.68702325,0,1
3.68752335,0,0
3.6880232,0,1
3.6885233,0,0
3.6890232,0,1
3.68952335,0,0
3.6900232,0,1
3.6905233,0,0
3.69102315,0,1
3.69152325,0,0
3.69202305,0,1
3.6925232,0,0
3.69302305,0,1
3.6935232,0,0
3.69402305,0,1
3.6945232,0,0
3.69502305,0,1
3.69552315,0,0
3.69602305,0,1
3.6965232,0,0
3.69702305,0,1
3.6975232,0,0
3.6980231,0,1
3.6985232,0,0
3.69902305,0,1
3.69952315,0,0
3.700023,0,1
3.70052305,0,0
3.7010229,0,1
3.701523,0,0
3.70202285,0,1
3.7025229,0,0
3.7030228,0,1
3.70352285,0,0
3.70402275,0,1
3.70452285,0,0
3.7050227,0,1
3.70552275,0,0
3.70602255,0,1
3.70652265,0,0
3.7070225,0,1
3.70752255,0,0
3.70802235,0,1
3.70852245,0,0
3.70902225,0,1
3.7095223,0,0
3.7100221,0,1
3.7105222,0,0
3.71102205,0,1
3.71152215,0,0
3.712022,0,1
3.712522,0,0
3.7130218,0,1
3.71352185,0,0
3.71402165,0,1
3.7145217,0,0
3.71502155,0,1
3.7155217,0,0
3.71602155,0,1
3.71652165,0,0
3.71702145,0,1
3.71752155,0,0
3.71802135,0,1
3.71852145,0,0
3.7190212,0,1
3.7195212,0,0
3.72002105,0,1
3.72052115,0,0
3.721021,0,1
3.7215211,0,0
3.72202095,0,1
3.72252105,0,0
3.72302095,0,1
3.72352105,0,0
3.7240209,0,1
3.724521,0,0
3.72502085,0,1
3.725521,0,0
3.72602085,0,1
3.726521,0,0
3.72702085,0,1
3.72752095,0,0
3.7280208,0,1
3.72852095,0,0
3.7290208,0,1
3.7295209,0,0
3.7300208,0,1
3.7305209,0,0
3.7310207,0,1
3.73152085,0,0
3.73202075,0,1
3.73252085,0,0
3.7330207,0,1
3.73352085,0,0
3.7340207,0,1
3.7345208,0,0
3.73502065,0,1
3.73552075,0,0
3.73602065,0,1
3.73652075,0,0
3.73702065,0,1
3.73752075,0,0
3.73802065,0,1
3.73852075,0,0
3.7390206,0,1
3.7395207,0,0
3.7400205,0,1
3.7405206,0,0
3.7410204,0,1
3.7415205,0,0
3.7420203,0,1
3.7425204,0,0
3.7430202,0,1
3.7435203,0,0
3.74402015,0,1
3.74452025,0,0
3.74502015,0,1
3.7455202,0,0
3.74602005,0,1
3.74652015,0,0
3.74701995,0,1
3.74752,0,0
3.7480198,0,1
3.7485199,0,0
3.7490197,0,1
3.7495198,0,0
3.7500196,0,1
3.75051975,0,0
3.7510196,0,1
3.7515197,0,0
3.75201955,0,1
3.7525196,0,0
3.75301945,0,1
3.75351955,0,0
3.75401935,0,1
3.7545195,0,0
3.75501935,0,1
3.75551945,0,0
3.7560193,0,1
3.7565194,0,0
3.75701925,0,1
3.75751935,0,0
3.75801925,0,1
3.75851935,0,0
3.75901915,0,1
3.7595193,0,0
3.7600191,0,1
3.7605192,0,0
3.76101905,0,1
3.7615191,0,0
3.76201895,0,1
3.76251905,0,0
3.7630189,0,1
3.763519,0,0
3.76401885,0,1
3.76451895,0,0
3.7650188,0,1
3.76551895,0,0
3.76601885,0,1
3.766519,0,0
3.7670189,0,1
3.767519,0,0
3.7680189,0,1
3.768519,0,0
3.7690189,0,1
3.769519,0,0
3.7700189,0,1
3.770519,0,0
3.77101885,0,1
3.7715189,0,0
3.77201875,0,1
3.77251885,0,0
3.77301875,0,1
3.77351885,0,0
3.7740187,0,1
3.77451885,0,0
3.77501875,0,1
3.7755189,0,0
3.77601875,0,1
3.77651885,0,0
3.77701875,0,1
3.77751885,0,0
3.7780187,0,1
3.7785188,0,0
3.77901865,0,1
3.7795188,0,0
3.78001865,0,1
3.7805188,0,0
3.78101865,0,1
3.78151875,0,0
3.7820186,0,1
3.7825187,0,0
3.7830185,0,1
3.78351855,0,0
3.7840184,0,1
3.7845185,0,0
3.78501835,0,1
3.7855184,0,0
3.78601825,0,1
3.7865183,0,0
3.78701815,0,1
3.78751825,0,0
3.7880181,0,1
3.7885182,0,0
3.78901805,0,1
3.7895181,0,0
3.79001795,0,1
3.79051805,0,0
3.7910179,0,1
3.791518,0,0
3.79201785,0,1
3.79251795,0,0
3.79301785,0,1
3.793518,0,0
3.79401785,0,1
3.7945179,0,0
3.79501775,0,1
3.7955178,0,0
3.7960176,0,1
3.7965177,0,0
3.79701755,0,1
3.7975176,0,0
3.79801745,0,1
3.7985175,0,0
3.7990173,0,1
3.79951735,0,0
3.8000172,0,1
3.8005173,0,0
3.80101715,0,1
3.80151725,0,0
3.8020171,0,1
3.8025172,0,0
3.803017,0,1
3.8035171,0,0
3.8040169,0,1
3.804517,0,0
3.80501685,0,1
3.80551695,0,0
3.8060168,0,1
3.8065169,0,0
3.80701675,0,1
3.8075168,0,0
3.80801665,0,1
3.8085167,0,0
3.80901655,0,1
3.80951665,0,0
3.81001645,0,1
3.8105166,0,0
3.8110164,0,1
3.8115165,0,0
3.81201635,0,1
3.81251645,0,0
3.8130163,0,1
3.8135164,0,0
3.81401625,0,1
3.81451635,0,0
3.8150162,0,1
3.8155163,0,0
3.81601615,0,1
3.8165162,0,0
3.8170161,0,1
3.8175162,0,0
3.81801605,0,1
3.81851615,0,0
3.819016,0,1
3.8195161,0,0
3.8200159,0,1
3.820516,0,0
3.82101585,0,1
3.82151595,0,0
3.8220158,0,1
3.8225159,0,0
3.82301575,0,1
3.8235159,0,0
3.82401575,0,1
3.8245159,0,0
3.82501575,0,1
3.82551585,0,0
3.82601575,0,1
3.82651585,0,0
3.8270157,0,1
3.82751575,0,0
3.8280156,0,1
3.82851565,0,0
3.82901555,0,1
3.82951565,0,0
3.8300155,0,1
3.8305156,0,0
3.83101545,0,1
3.83151555,0,0
3.83201545,0,1
3.8325156,0,0
3.83301545,0,1
3.8335156,0,0
3.8340155,0,1
3.83451565,0,0
3.83501555,0,1
3.83551565,0,0
3.83601555,0,1
3.83651565,0,0
3.8370155,0,1
3.83751565,0,0
3.83801545,0,1
3.83851555,0,0
3.83901545,0,1
3.8395156,0,0
3.8400155,0,1
3.84051565,0,0
3.84101545,0,1
3.8415156,0,0
3.8420155,0,1
3.84251565,0,0
3.84301555,0,1
3.84351565,0,0
3.84401555,0,1
3.8445157,0,0
3.8450156,0,1
3.84551575,0,0
3.84601565,0,1
3.8465158,0,0
3.8470157,0,1
3.8475158,0,0
3.84801565,0,1
3.84851575,0,0
3.8490157,0,1
3.84951585,0,0
3.85001575,0,1
3.85051595,0,0
3.85101585,0,1
3.851516,0,0
3.85201585,0,1
3.852516,0,0
3.85301585,0,1
3.85351595,0,0
3.85401585,0,1
3.854516,0,0
3.8550159,0,1
3.8555161,0,0
3.85601595,0,1
3.8565161,0,0
3.85701595,0,1
3.8575161,0,0
3.858016,0,1
3.85851615,0,0
3.85901605,0,1
3.85951625,0,0
3.8600161,0,1
3.86051625,0,0
3.86101615,0,1
3.86151635,0,0
3.8620162,0,1
3.8625163,0,0
3.8630162,0,1
3.86351635,0,0
3.8640162,0,1
3.86451635,0,0
3.8650163,0,1
3.86551645,0,0
3.86601635,0,1
3.8665165,0,0
3.86701635,0,1
3.8675165,0,0
3.86801635,0,1
3.8685165,0,0
3.86901635,0,1
3.86951645,0,0
3.8700163,0,1
3.8705164,0,0
3.8710162,0,1
3.8715163,0,0
3.87201615,0,1
3.87251625,0,0
3.87301615,0,1
3.87351635,0,0
3.87401625,0,1
3.8745164,0,0
3.8750163,0,1
3.8755164,0,0
3.8760163,0,1
3.87651645,0,0
3.8770163,0,1
3.87751645,0,0
3.87801635,0,1
3.8785165,0,0
3.8790164,0,1
3.8795166,0,0
3.88001655,0,1
3.8805167,0,0
3.88101655,0,1
3.88151665,0,0
3.88201655,0,1
3.88251665,0,0
3.88301655,0,1
3.8835167,0,0
3.88401655,0,1
3.8845167,0,0
3.8850166,0,1
3.8855167,0,0
3.8860166,0,1
3.8865167,0,0
3.88701655,0,1
3.88751665,0,0
3.88801655,0,1
3.88851665,0,0
3.8890165,0,1
3.8895166,0,0
3.89001645,0,1
3.8905166,0,0
3.8910165,0,1
3.89151665,0,0
3.8920166,0,1
3.89251675,0,0
3.89301665,0,1
3.89351675,0,0
3.89401665,0,1
3.89451675,0,0
3.89501665,0,1
3.89551675,0,0
3.8960166,0,1
3.89651675,0,0
3.89701665,0,1
3.89751675,0,0
3.8980166,0,1
3.89851665,0,0
3.8990165,0,1
3.89951655,0,0
3.90001635,0,1
3.90051645,0,0
3.9010163,0,1
3.9015164,0,0
3.9020163,0,1
3.90251645,0,0
3.90301635,0,1
3.90351645,0,0
3.90401635,0,1
3.9045165,0,0
3.9050164,0,1
3.9055165,0,0
3.90601645,0,1
3.9065166,0,0
3.9070165,0,1
3.90751665,0,0
3.90801655,0,1
3.90851665,0,0
3.90901655,0,1
3.9095167,0,0
3.9100166,0,1
3.9105167,0,0
3.91101665,0,1
3.9115168,0,0
3.91201675,0,1
3.9125169,0,0
3.9130168,0,1
3.91351695,0,0
3.91401685,0,1
3.91451695,0,0
3.91501685,0,1
3.915517,0,0
3.9160169,0,1
3.916517,0,0
3.9170169,0,1
3.9175171,0,0
3.918017,0,1
3.91851715,0,0
3.91901705,0,1
3.91951725,0,0
3.92001715,0,1
3.9205173,0,0
3.9210172,0,1
3.9215174,0,0
3.9220173,0,1
3.9225175,0,0
3.9230174,0,1
3.92351755,0,0
3.92401745,0,1
3.9245176,0,0
3.92501745,0,1
3.9255176,0,0
3.9260175,0,1
3.9265177,0,0
3.9270176,0,1
3.92751775,0,0
3.9280176,0,1
3.9285177,0,0
3.9290176,0,1
3.9295177,0,0
3.9300176,0,1
3.9305177,0,0
3.9310176,0,1
3.9315177,0,0
3.9320176,0,1
3.9325177,0,0
3.93301755,0,1
3.93351765,0,0
3.9340175,0,1
3.93451765,0,0
3.9350175,0,1
3.93551765,0,0
3.9360175,0,1
3.93651765,0,0
3.9370175,0,1
3.93751765,0,0
3.93801755,0,1
3.9385177,0,0
3.9390176,0,1
3.93951775,0,0
3.9400176,0,1
3.9405177,0,0
3.9410176,0,1
3.9415177,0,0
3.94201755,0,1
3.9425177,0,0
3.94301755,0,1
3.94351765,0,0
3.9440175,0,1
3.94451765,0,0
3.94501755,0,1
3.94551765,0,0
3.94601755,0,1
3.9465177,0,0
3.94701755,0,1
3.9475177,0,0
3.9480176,0,1
3.94851775,0,0
3.9490177,0,1
3.9495179,0,0
3.9500178,0,1
3.95051795,0,0
3.9510179,0,1
3.9515181,0,0
3.95201805,0,1
3.95251825,0,0
3.95301825,0,1
3.9535185,0,0
3.95401845,0,1
3.95451865,0,0
3.9550186,0,1
3.95551875,0,0
3.9560187,0,1
3.95651885,0,0
3.95701875,0,1
3.95751895,0,0
3.9580189,0,1
3.95851905,0,0
3.95901895,0,1
3.95951905,0,0
3.960019,0,1
3.9605192,0,0
3.9610192,0,1
3.9615194,0,0
3.96201925,0,1
3.96251945,0,0
3.96301935,0,1
3.96351945,0,0
3.9640194,0,1
3.9645196,0,0
3.9650195,0,1
3.9655197,0,0
3.96601955,0,1
3.9665197,0,0
3.9670196,0,1
3.9675197,0,0
3.9680196,0,1
3.9685197,0,0
3.9690196,0,1
3.9695197,0,0
3.97001965,0,1
3.97051975,0,0
3.97101965,0,1
3.9715198,0,0
3.9720197,0,1
3.97251975,0,0
3.97301965,0,1
3.9735198,0,0
3.9740197,0,1
3.97451985,0,0
3.9750197,0,1
3.97551985,0,0
3.97601975,0,1
3.9765199,0,0
3.97701975,0,1
3.97751985,0,0
3.97801975,0,1
3.97851985,0,0
3.97901975,0,1
3.97951985,0,0
3.9800198,0,1
3.98052005,0,0
3.98101995,0,1
3.98152015,0,0
3.9820201,0,1
3.98252035,0,0
3.9830203,0,1
3.9835205,0,0
3.9840205,0,1
3.9845207,0,0
3.9850206,0,1
3.98552075,0,0
3.98602065,0,1
3.9865208,0,0
3.9870207,0,1
3.98752085,0,0
3.98802075,0,1
3.98852095,0,0
3.9890209,0,1
3.98952105,0,0
3.99002095,0,1
3.9905211,0,0
3.991021,0,1
3.9915211,0,0
3.99202105,0,1
3.9925212,0,0
3.99302115,0,1
3.99352135,0,0
3.99402125,0,1
3.9945214,0,0
3.99502125,0,1
3.9955214,0,0
3.99602135,0,1
3.9965215,0,0
3.9970214,0,1
3.99752155,0,0
3.9980215,0,1
3.99852165,0,0
3.99902155,0,1
3.99952165,0,0
4.00002155,0,1
4.00052165,0,0
4.00102155,0,1
4.00152175,0,0
4.00202165,0,1
4.0025218,0,0
4.0030217,0,1
4.0035219,0,0
4.0040218,0,1
4.00452195,0,0
4.0050219,0,1
4.0055221,0,0
4.006022,0,1
4.0065222,0,0
4.00702215,0,1
4.00752235,0,0
4.00802225,0,1
4.0085224,0,0
4.0090223,0,1
4.0095225,0,0
4.01002235,0,1
4.0105225,0,0
4.0110224,0,1
4.0115226,0,0
4.0120225,0,1
4.01252265,0,0
4.01302255,0,1
4.0135227,0,0
4.0140226,0,1
4.01452275,0,0
4.01502265,0,1
4.0155228,0,0
4.0160227,0,1
4.01652285,0,0
4.01702275,0,1
4.0175229,0,0
4.01802275,0,1
4.0185229,0,0
4.0190228,0,1
4.0195229,0,0
4.02002285,0,1
4.020523,0,0
4.0210229,0,1
4.021523,0,0
4.0220229,0,1
4.0225231,0,0
4.023023,0,1
4.02352315,0,0
4.0240231,0,1
4.02452325,0,0
4.02502315,0,1
4.02552335,0,0
4.02602325,0,1
4.0265235,0,0
4.02702345,0,1
4.02752365,0,0
4.0280236,0,1
4.0285238,0,0
4.0290237,0,1
4.0295239,0,0
4.03002385,0,1
4.030524,0,0
4.03102395,0,1
4.0315241,0,0
4.03202405,0,1
4.0325242,0,0
4.0330241,0,1
4.03352425,0,0
4.03402415,0,1
4.0345243,0,0
4.03502415,0,1
4.0355243,0,0
4.0360242,0,1
4.03652435,0,0
4.0370242,0,1
4.0375243,0,0
4.0380242,0,1
4.0385244,0,0
4.03902435,0,1
4.0395245,0,0
4.0400244,0,1
4.04052455,0,0
4.04102445,0,1
4.0415246,0,0
4.04202455,0,1
4.0425247,0,0
4.04302465,0,1
4.0435248,0,0
4.0440248,0,1
4.04452495,0,0
4.0450249,0,1
4.0455251,0,0
4.046025,0,1
4.04652515,0,0
4.0470251,0,1
4.04752525,0,0
4.0480251,0,1
4.0485253,0,0
4.0490252,0,1
4.0495254,0,0
4.0500253,0,1
4.05052545,0,0
4.05102535,0,1
4.0515255,0,0
4.0520254,0,1
4.05252555,0,0
4.05302545,0,1
4.05352565,0,0
4.05402555,0,1
4.0545257,0,0
4.0550256,0,1
4.0555258,0,0
4.05602575,0,1
4.0565259,0,0
4.0570258,0,1
4.057526,0,0
4.0580259,0,1
4.0585261,0,0
4.05902605,0,1
4.05952625,0,0
4.06002615,0,1
4.06052635,0,0
4.06102625,0,1
4.06152645,0,0
4.06202635,0,1
4.06252655,0,0
4.0630265,0,1
4.06352665,0,0
4.0640266,0,1
4.06452675,0,0
4.06502665,0,1
4.06552685,0,0
4.0660268,0,1
4.06652695,0,0
4.06702685,0,1
4.06752705,0,0
4.06802695,0,1
4.06852715,0,0
4.069027,0,1
4.06952715,0,0
4.07002705,0,1
4.0705272,0,0
4.07102715,0,1
4.0715273,0,0
4.07202715,0,1
4.0725273,0,0
4.0730272,0,1
4.0735274,0,0
4.07402735,0,1
4.07452755,0,0
4.0750275,0,1
4.07552765,0,0
4.07602755,0,1
4.07652775,0,0
4.07702765,0,1
4.0775279,0,0
4.07802785,0,1
4.07852805,0,0
4.079028,0,1
4.07952815,0,0
4.0800281,0,1
4.0805283,0,0
4.08102825,0,1
4.08152845,0,0
4.08202835,0,1
4.08252855,0,0
4.08302845,0,1
4.0835286,0,0
4.0840285,0,1
4.08452865,0,0
4.08502855,0,1
4.0855287,0,0
4.0860286,0,1
4.0865288,0,0
4.0870287,0,1
4.0875288,0,0
4.0880287,0,1
4.08852885,0,0
4.0890288,0,1
4.08952895,0,0
4.0900288,0,1
4.0905289,0,0
4.09102885,0,1
4.09152905,0,0
4.09202895,0,1
4.09252915,0,0
4.09302905,0,1
4.09352925,0,0
4.0940292,0,1
4.09452935,0,0
4.09502925,0,1
4.09552945,0,0
4.09602935,0,1
4.0965295,0,0
4.09702935,0,1
4.09752955,0,0
4.09802945,0,1
4.09852965,0,0
4.09902955,0,1
4.09952975,0,0
4.1000297,0,1
4.1005299,0,0
4.10102985,0,1
4.10152995,0,0
4.1020299,0,1
4.10253005,0,0
4.10303,0,1
4.1035302,0,0
4.10403015,0,1
4.10453035,0,0
4.10503025,0,1
4.10553045,0,0
4.10603035,0,1
4.10653045,0,0
4.10703035,0,1
4.1075305,0,0
4.1080304,0,1
4.10853055,0,0
4.10903045,0,1
4.1095306,0,0
4.11003055,0,1
4.11053065,0,0
4.1110305,0,1
4.11153065,0,0
4.11203055,0,1
4.1125307,0,0
4.11303055,0,1
4.1135307,0,0
4.1140306,0,1
4.11453075,0,0
4.1150307,0,1
4.11553085,0,0
4.11603075,0,1
4.11653085,0,0
4.11703075,0,1
4.1175309,0,0
4.11803075,0,1
4.1185309,0,0
4.1190308,0,1
4.1195309,0,0
4.1200308,0,1
4.120531,0,0
4.1210309,0,1
4.1215311,0,0
4.122031,0,1
4.1225311,0,0
4.12303095,0,1
4.1235311,0,0
4.12403095,0,1
4.1245311,0,0
4.125031,0,1
4.1255311,0,0
4.126031,0,1
4.1265311,0,0
4.127031,0,1
4.1275311,0,0
4.128031,0,1
4.1285311,0,0
4.12903095,0,1
4.1295311,0,0
4.13003095,0,1
4.13053105,0,0
4.1310309,0,1
4.131531,0,0
4.13203085,0,1
4.13253095,0,0
4.13303075,0,1
4.1335309,0,0
4.13403075,0,1
4.13453085,0,0
4.1350307,0,1
4.13553085,0,0
4.1360307,0,1
4.1365308,0,0
4.1370307,0,1
4.13753085,0,0
4.13803075,0,1
4.13853095,0,0
4.13903085,0,1
4.13953105,0,0
4.140031,0,1
4.14053115,0,0
4.14103105,0,1
4.1415312,0,0
4.1420311,0,1
4.14253125,0,0
4.14303115,0,1
4.1435313,0,0
4.1440312,0,1
4.14453135,0,0
4.14503125,0,1
4.1455314,0,0
4.1460313,0,1
4.14653145,0,0
4.1470314,0,1
4.1475316,0,0
4.14803155,0,1
4.14853175,0,0
4.1490316,0,1
4.1495318,0,0
4.15003175,0,1
4.1505319,0,0
4.1510318,0,1
4.15153195,0,0
4.1520319,0,1
4.1525321,0,0
4.15303195,0,1
4.15353205,0,0
4.154032,0,1
4.15453215,0,0
4.1550321,0,1
4.15553235,0,0
4.1560323,0,1
4.15653245,0,0
4.15703235,0,1
4.15753255,0,0
4.15803245,0,1
4.15853265,0,0
4.15903255,0,1
4.15953265,0,0
4.16003255,0,1
4.1605327,0,0
4.1610326,0,1
4.16153275,0,0
4.16203265,0,1
4.1625328,0,0
4.1630327,0,1
4.16353285,0,0
4.1640328,0,1
4.16453295,0,0
4.1650328,0,1
4.165533,0,0
4.1660329,0,1
4.1665331,0,0
4.167033,0,1
4.16753315,0,0
4.16803305,0,1
4.16853325,0,0
4.1690331,0,1
4.1695333,0,0
4.1700332,0,1
4.17053335,0,0
4.17103325,0,1
4.17153335,0,0
4.17203325,0,1
4.17253335,0,0
4.1730332,0,1
4.17353335,0,0
4.17403315,0,1
4.1745333,0,0
4.1750332,0,1
4.1755333,0,0
4.17603315,0,1
4.1765333,0,0
4.1770332,0,1
4.17753335,0,0
4.1780332,0,1
4.17853335,0,0
4.17903325,0,1
4.1795334,0,0
4.1800333,0,1
4.18053345,0,0
4.18103325,0,1
4.1815334,0,0
4.1820333,0,1
4.1825335,0,0
4.18303335,0,1
4.1835335,0,0
4.18403335,0,1
4.1845335,0,0
4.1850334,0,1
4.1855336,0,0
4.1860335,0,1
4.1865337,0,0
4.1870336,0,1
4.1875338,0,0
4.1880337,0,1
4.18853385,0,0
4.18903375,0,1
4.18953385,0,0
4.19003365,0,1
4.1905337,0,0
4.19103355,0,1
4.1915337,0,0
4.1920336,0,1
4.19253375,0,0
4.1930337,0,1
4.1935339,0,0
4.19403385,0,1
4.19453405,0,0
4.19503405,0,1
4.19553425,0,0
4.1960342,0,1
4.19653445,0,0
4.1970344,0,1
4.1975346,0,0
4.19803455,0,1
4.19853475,0,0
4.1990347,0,1
4.19953485,0,0
4.2000348,0,1
4.200535,0,0
4.2010349,0,1
4.20153515,0,0
4.20203505,0,1
4.2025352,0,0
4.2030351,0,1
4.2035353,0,0
4.20403525,0,1
4.20453545,0,0
4.2050354,0,1
4.20553565,0,0
4.20603565,0,1
4.2065359,0,0
4.20703585,0,1
4.207536,0,0
4.20803595,0,1
4.20853615,0,0
4.2090361,0,1
4.20953635,0,0
4.2100363,0,1
4.21053645,0,0
4.2110364,0,1
4.21153655,0,0
4.21203645,0,1
4.21253665,0,0
4.21303655,0,1
4.21353675,0,0
4.21403665,0,1
4.21453685,0,0
4.21503675,0,1
4.21553695,0,0
4.21603685,0,1
4.21653705,0,0
4.21703695,0,1
4.21753715,0,0
4.21803705,0,1
4.21853725,0,0
4.2190372,0,1
4.21953745,0,0
4.22003745,0,1
4.22053765,0,0
4.2210376,0,1
4.22153775,0,0
4.2220377,0,1
4.2225379,0,0
4.22303785,0,1
4.22353805,0,0
4.22403795,0,1
4.2245381,0,0
4.225038,0,1
4.2255382,0,0
4.2260381,0,1
4.2265383,0,0
4.2270382,0,1
4.2275384,0,0
4.2280383,0,1
4.2285385,0,0
4.2290384,0,1
4.22953855,0,0
4.23003845,0,1
4.2305386,0,0
4.2310386,0,1
4.2315388,0,0
4.23203875,0,1
4.2325389,0,0
4.23303885,0,1
4.233539,0,0
4.23403895,0,1
4.23453915,0,0
4.2350391,0,1
4.2355393,0,0
4.23603925,0,1
4.2365394,0,0
4.2370393,0,1
4.2375395,0,0
4.2380394,0,1
4.23853955,0,0
4.23903945,0,1
4.23953965,0,0
4.2400396,0,1
4.24053975,0,0
4.2410397,0,1
4.24153985,0,0
4.2420398,0,1
4.2425399,0,0
4.2430398,0,1
4.24354,0,0
4.2440399,0,1
4.24454005,0,0
4.24503995,0,1
4.2455401,0,0
4.24604,0,1
4.2465401,0,0
4.24704,0,1
4.2475401,0,0
4.24804,0,1
4.24854015,0,0
4.24904005,0,1
4.2495402,0,0
4.2500401,0,1
4.2505403,0,0
4.2510402,0,1
4.25154035,0,0
4.25204025,0,1
4.25254045,0,0
4.2530404,0,1
4.25354055,0,0
4.25404045,0,1
4.25454065,0,0
4.25504055,0,1
4.2555407,0,0
4.25604065,0,1
4.25654085,0,0
4.2570408,0,1
4.25754095,0,0
4.2580409,0,1
4.25854105,0,0
4.259041,0,1
4.2595412,0,0
4.26004115,0,1
4.26054135,0,0
4.26104125,0,1
4.26154145,0,0
4.26204135,0,1
4.26254155,0,0
4.26304145,0,1
4.26354165,0,0
4.2640416,0,1
4.26454175,0,0
4.26504165,0,1
4.2655418,0,0
4.26604175,0,1
4.26654195,0,0
4.2670419,0,1
4.2675421,0,0
4.26804205,0,1
4.26854225,0,0
4.26904215,0,1
4.26954235,0,0
4.2700422,0,1
4.2705423,0,0
4.27104215,0,1
4.27154235,0,0
4.27204225,0,1
4.2725425,0,0
4.2730424,0,1
4.27354255,0,0
4.2740425,0,1
4.2745427,0,0
4.2750426,0,1
4.27554275,0,0
4.27604265,0,1
4.2765428,0,0
4.2770427,0,1
4.27754285,0,0
4.2780428,0,1
4.27854295,0,0
4.27904285,0,1
4.279543,0,0
4.28004295,0,1
4.2805431,0,0
4.281043,0,1
4.28154315,0,0
4.2820431,0,1
4.2825433,0,0
4.2830432,0,1
4.2835433,0,0
4.2840432,0,1
4.28454325,0,0
4.2850431,0,1
4.28554325,0,0
4.2860431,0,1
4.2865432,0,0
4.28704305,0,1
4.2875432,0,0
4.28804305,0,1
4.2885432,0,0
4.28904305,0,1
4.28954315,0,0
4.29004305,0,1
4.2905432,0,0
4.2910431,0,1
4.2915432,0,0
4.29204305,0,1
4.29254315,0,0
4.293043,0,1
4.29354305,0,0
4.2940429,0,1
4.294543,0,0
4.29504285,0,1
4.2955429,0,0
4.29604275,0,1
4.29654285,0,0
4.29704275,0,1
4.29754285,0,0
4.29804265,0,1
4.29854275,0,0
4.2990426,0,1
4.29954275,0,0
4.3000426,0,1
4.3005427,0,0
4.3010425,0,1
4.30154265,0,0
4.30204255,0,1
4.3025427,0,0
4.3030426,0,1
4.30354275,0,0
4.3040426,0,1
4.30454275,0,0
4.3050426,0,1
4.3055427,0,0
4.3060426,0,1
4.30654275,0,0
4.30704265,0,1
4.3075428,0,0
4.3080427,0,1
4.30854285,0,0
4.3090427,0,1
4.30954285,0,0
4.31004275,0,1
4.31054285,0,0
4.31104275,0,1
4.3115429,0,0
4.31204285,0,1
4.312543,0,0
4.3130429,0,1
4.313543,0,0
4.3140429,0,1
4.31454305,0,0
4.3150429,0,1
4.31554305,0,0
4.31604295,0,1
4.31654315,0,0
4.31704305,0,1
4.31754315,0,0
4.31804305,0,1
4.31854315,0,0
4.31904305,0,1
4.31954315,0,0
4.320043,0,1
4.32054315,0,0
4.32104305,0,1
4.3215432,0,0
4.3220431,0,1
4.32254325,0,0
4.3230432,0,1
4.32354335,0,0
4.3240433,0,1
4.3245435,0,0
4.3250434,0,1
4.32554355,0,0
4.32604345,0,1
4.32654355,0,0
4.3270434,0,1
4.32754355,0,0
4.32804345,0,1
4.32854365,0,0
4.32904355,0,1
4.3295437,0,0
4.3300436,0,1
4.3305438,0,0
4.3310437,0,1
4.33154385,0,0
4.33204375,0,1
4.3325439,0,0
4.33304385,0,1
4.33354395,0,0
4.33404385,0,1
4.334544,0,0
4.3350439,0,1
4.33554405,0,0
4.33604395,0,1
4.336544,0,0
4.33704385,0,1
4.337544,0,0
4.3380439,0,1
4.3385441,0,0
4.339044,0,1
4.33954415,0,0
4.34004405,0,1
4.3405442,0,0
4.3410441,0,1
4.34154425,0,0
4.3420442,0,1
4.34254435,0,0
4.34304425,0,1
4.34354435,0,0
4.3440442,0,1
4.34454435,0,0
4.34504425,0,1
4.3455444,0,0
4.34604435,0,1
4.3465445,0,0
4.34704435,0,1
4.34754445,0,0
4.3480443,0,1
4.3485444,0,0
4.3490442,0,1
4.3495443,0,0
4.35004415,0,1
4.35054425,0,0
4.35104415,0,1
4.35154425,0,0
4.35204415,0,1
4.35254425,0,0
4.35304415,0,1
4.35354425,0,0
4.3540441,0,1
4.3545442,0,0
4.3550441,0,1
4.3555442,0,0
4.35604405,0,1
4.3565442,0,0
4.3570441,0,1
4.3575442,0,0
4.35804405,0,1
4.3585442,0,0
4.3590441,0,1
4.35954425,0,0
4.36004415,0,1
4.36054425,0,0
4.36104415,0,1
4.36154425,0,0
4.36204415,0,1
4.36254425,0,0
4.36304415,0,1
4.36354425,0,0
4.36404415,0,1
4.3645443,0,0
4.3650442,0,1
4.36554435,0,0
4.36604425,0,1
4.36654435,0,0
4.3670442,0,1
4.36754435,0,0
4.36804425,0,1
4.3685444,0,0
4.3690443,0,1
4.3695444,0,0
4.3700443,0,1
4.3705444,0,0
4.3710443,0,1
4.37154435,0,0
4.3720442,0,1
4.37254425,0,0
4.3730441,0,1
4.3735442,0,0
4.37404405,0,1
4.3745442,0,0
4.3750441,0,1
4.3755442,0,0
4.37604405,0,1
4.37654415,0,0
4.37704405,0,1
4.37754415,0,0
4.378044,0,1
4.3785441,0,0
4.37904395,0,1
4.37954405,0,0
4.38004395,0,1
4.38054405,0,0
4.38104395,0,1
4.38154405,0,0
4.3820439,0,1
4.38254405,0,0
4.3830439,0,1
4.383544,0,0
4.38404385,0,1
4.38454395,0,0
4.3850438,0,1
4.3855439,0,0
4.38604375,0,1
4.38654385,0,0
4.3870437,0,1
4.38754375,0,0
4.3880436,0,1
4.3885437,0,0
4.38904355,0,1
4.38954365,0,0
4.3900435,0,1
4.39054365,0,0
4.3910435,0,1
4.39154355,0,0
4.3920434,0,1
4.39254345,0,0
4.39304335,0,1
4.3935435,0,0
4.39404335,0,1
4.3945434,0,0
4.39504325,0,1
4.39554335,0,0
4.3960432,0,1
4.3965433,0,0
4.3970432,0,1
4.3975433,0,0
4.3980432,0,1
4.3985433,0,0
4.39904315,0,1
4.3995433,0,0
4.40004315,0,1
4.40054325,0,0
4.4010431,0,1
4.4015432,0,0
4.4020431,0,1
4.4025432,0,0
4.40304305,0,1
4.4035431,0,0
4.404043,0,1
4.4045431,0,0
4.40504305,0,1
4.40554315,0,0
4.406043,0,1
4.4065431,0,0
4.4070429,0,1
4.40754295,0,0
4.4080428,0,1
4.40854285,0,0
4.4090427,0,1
4.4095428,0,0
4.41004265,0,1
4.41054275,0,0
4.4110426,0,1
4.4115427,0,0
4.4120425,0,1
4.4125426,0,0
4.41304245,0,1
4.4135426,0,0
4.4140425,0,1
4.4145426,0,0
4.41504245,0,1
4.4155426,0,0
4.41604245,0,1
4.41654255,0,0
4.41704245,0,1
4.41754255,0,0
4.41804245,0,1
4.4185425,0,0
4.41904235,0,1
4.41954245,0,0
4.4200423,0,1
4.4205424,0,0
4.4210422,0,1
4.4215423,0,0
4.42204215,0,1
4.42254225,0,0
4.4230421,0,1
4.42354215,0,0
4.42404205,0,1
4.42454215,0,0
4.42504205,0,1
4.42554215,0,0
4.426042,0,1
4.4265421,0,0
4.42704195,0,1
4.42754205,0,0
4.4280419,0,1
4.428542,0,0
4.42904185,0,1
4.42954195,0,0
4.4300418,0,1
4.4305419,0,0
4.4310418,0,1
4.4315419,0,0
4.43204175,0,1
4.43254185,0,0
4.4330417,0,1
4.4335418,0,0
4.43404165,0,1
4.4345417,0,0
4.43504155,0,1
4.43554165,0,0
4.4360415,0,1
4.4365416,0,0
4.43704145,0,1
4.43754155,0,0
4.43804135,0,1
4.43854145,0,0
4.4390413,0,1
4.4395414,0,0
4.44004125,0,1
4.44054135,0,0
4.4410412,0,1
4.4415413,0,0
4.4420411,0,1
4.4425412,0,0
4.443041,0,1
4.4435411,0,0
4.44404095,0,1
4.444541,0,0
4.44504085,0,1
4.4455409,0,0
4.4460407,0,1
4.44654075,0,0
4.44704055,0,1
4.44754055,0,0
4.44804035,0,1
4.4485404,0,0
4.44904015,0,1
4.4495402,0,0
4.45004,0,1
4.45054005,0,0
4.45103985,0,1
4.4515399,0,0
4.4520397,0,1
4.45253975,0,0
4.4530396,0,1
4.45353965,0,0
4.45403945,0,1
4.4545395,0,0
4.45503935,0,1
4.45553945,0,0
4.45603925,0,1
4.45653935,0,0
4.4570392,0,1
4.4575393,0,0
4.45803915,0,1
4.45853925,0,0
4.4590391,0,1
4.4595392,0,0
4.46003905,0,1
4.46053915,0,0
4.461039,0,1
4.4615391,0,0
4.46203895,0,1
4.46253905,0,0
4.46303885,0,1
4.46353895,0,0
4.4640388,0,1
4.46453885,0,0
4.4650387,0,1
4.4655388,0,0
4.4660386,0,1
4.46653865,0,0
4.46703845,0,1
4.46753845,0,0
4.4680382,0,1
4.46853825,0,0
4.46903805,0,1
4.4695381,0,0
4.47003785,0,1
4.47053785,0,0
4.47103765,0,1
4.4715377,0,0
4.4720375,0,1
4.4725375,0,0
4.4730373,0,1
4.47353735,0,0
4.4740371,0,1
4.47453715,0,0
4.4750369,0,1
4.475537,0,0
4.4760368,0,1
4.4765368,0,0
4.4770366,0,1
4.47753665,0,0
4.47803645,0,1
4.47853645,0,0
4.47903625,0,1
4.47953625,0,0
4.4800361,0,1
4.4805362,0,0
4.481036,0,1
4.48153605,0,0
4.4820359,0,1
4.48253605,0,0
4.48303595,0,1
4.48353605,0,0
4.48403595,0,1
4.4845361,0,0
4.485036,0,1
4.48553615,0,0
4.48603605,0,1
4.4865362,0,0
4.4870361,0,1
4.4875362,0,0
4.4880361,0,1
4.48853625,0,0
4.48903615,0,1
4.48953625,0,0
4.49003615,0,1
4.49053625,0,0
4.49103615,0,1
4.49153625,0,0
4.4920361,0,1
4.49253625,0,0
4.49303615,0,1
4.4935363,0,0
4.49403615,0,1
4.49453625,0,0
4.4950361,0,1
4.4955362,0,0
4.4960361,0,1
4.4965362,0,0
4.49703605,0,1
4.4975361,0,0
4.498036,0,1
4.4985361,0,0
4.49903595,0,1
4.49953605,0,0
4.50003595,0,1
4.50053605,0,0
4.5010359,0,1
4.50153605,0,0
4.50203585,0,1
4.50253595,0,0
4.5030358,0,1
4.5035359,0,0
4.50403575,0,1
4.5045359,0,0
4.50503575,0,1
4.5055359,0,0
4.50603585,0,1
4.50653595,0,0
4.50703585,0,1
4.507536,0,0
4.5080359,0,1
4.508536,0,0
4.5090359,0,1
4.509536,0,0
4.51003585,0,1
4.510536,0,0
4.51103595,0,1
4.5115361,0,0
4.51203605,0,1
4.5125362,0,0
4.5130361,0,1
4.5135363,0,0
4.5140362,0,1
4.51453645,0,0
4.51503635,0,1
4.51553655,0,0
4.51603645,0,1
4.5165366,0,0
4.51703655,0,1
4.5175367,0,0
4.51803665,0,1
4.5185368,0,0
4.5190367,0,1
4.51953685,0,0
4.5200367,0,1
4.5205369,0,0
4.5210369,0,1
4.52153705,0,0
4.52203695,0,1
4.52253715,0,0
4.52303705,0,1
4.5235372,0,0
4.52403705,0,1
4.52453725,0,0
4.52503715,0,1
4.5255373,0,0
4.5260372,0,1
4.5265374,0,0
4.5270373,0,1
4.52753745,0,0
4.5280374,0,1
4.5285376,0,0
4.5290375,0,1
4.52953765,0,0
4.53003755,0,1
4.53053765,0,0
4.53103755,0,1
4.53153765,0,0
4.53203755,0,1
4.53253765,0,0
4.5330376,0,1
4.5335377,0,0
4.53403765,0,1
4.53453785,0,0
4.5350377,0,1
4.53553785,0,0
4.53603775,0,1
4.53653785,0,0
4.53703775,0,1
4.53753785,0,0
4.5380377,0,1
4.53853785,0,0
4.53903775,0,1
4.5395379,0,0
4.54003775,0,1
4.54053785,0,0
4.5410377,0,1
4.5415378,0,0
4.54203765,0,1
4.5425378,0,0
4.54303765,0,1
4.5435378,0,0
4.5440376,0,1
4.5445377,0,0
4.54503755,0,1
4.54553765,0,0
4.5460375,0,1
4.5465376,0,0
4.5470375,0,1
4.54753755,0,0
4.54803745,0,1
4.54853755,0,0
4.54903735,0,1
4.5495374,0,0
4.5500372,0,1
4.55053725,0,0
4.55103715,0,1
4.5515372,0,0
4.5520371,0,1
4.5525372,0,0
4.55303715,0,1
4.55353725,0,0
4.5540371,0,1
4.55453725,0,0
4.5550371,0,1
4.5555372,0,0
4.5560371,0,1
4.55653715,0,0
4.557037,0,1
4.55753715,0,0
4.55803705,0,1
4.5585372,0,0
4.55903705,0,1
4.55953715,0,0
4.560037,0,1
4.5605371,0,0
4.56103695,0,1
4.56153705,0,0
4.5620369,0,1
4.56253705,0,0
4.56303695,0,1
4.56353705,0,0
4.56403695,0,1
4.5645371,0,0
4.565037,0,1
4.56553715,0,0
4.56603705,0,1
4.56653715,0,0
4.56703705,0,1
4.5675372,0,0
4.56803705,0,1
4.56853715,0,0
4.569037,0,1
4.5695371,0,0
4.5700369,0,1
4.570537,0,0
4.57103685,0,1
4.5715369,0,0
4.57203675,0,1
4.57253685,0,0
4.5730367,0,1
4.57353685,0,0
4.5740367,0,1
4.5745368,0,0
4.57503665,0,1
4.57553675,0,0
4.57603665,0,1
4.57653675,0,0
4.5770366,0,1
4.5775367,0,0
4.5780366,0,1
4.5785367,0,0
4.57903655,0,1
4.5795366,0,0
4.58003645,0,1
4.58053655,0,0
4.58103645,0,1
4.58153655,0,0
4.58203645,0,1
4.5825366,0,0
4.58303645,0,1
4.5835366,0,0
4.5840365,0,1
4.58453665,0,0
4.5850365,0,1
4.58553665,0,0
4.5860365,0,1
4.5865366,0,0
4.5870364,0,1
4.5875365,0,0
4.58803635,0,1
4.58853645,0,0
4.5890363,0,1
4.5895364,0,0
4.5900363,0,1
4.5905364,0,0
4.5910363,0,1
4.5915364,0,0
4.5920363,0,1
4.59253645,0,0
4.5930363,0,1
4.5935364,0,0
4.5940363,0,1
4.59453645,0,0
4.59503635,0,1
4.5955365,0,0
4.59603635,0,1
4.5965365,0,0
4.59703635,0,1
4.5975365,0,0
4.59803635,0,1
4.5985365,0,0
4.59903635,0,1
4.5995365,0,0
4.6000364,0,1
4.60053655,0,0
4.60103645,0,1
4.60153655,0,0
4.6020364,0,1
4.60253655,0,0
4.6030364,0,1
4.6035365,0,0
4.6040364,0,1
4.60453655,0,0
4.6050364,0,1
4.60553655,0,0
4.6060364,0,1
4.60653655,0,0
4.6070364,0,1
4.6075365,0,0
4.6080364,0,1
4.6085365,0,0
4.60903635,0,1
4.6095365,0,0
4.61003635,0,1
4.61053645,0,0
4.61103625,0,1
4.6115363,0,0
4.61203615,0,1
4.61253625,0,0
4.6130361,0,1
4.6135362,0,0
4.61403605,0,1
4.61453615,0,0
4.615036,0,1
4.61553615,0,0
4.616036,0,1
4.6165361,0,0
4.61703595,0,1
4.6175361,0,0
4.61803595,0,1
4.61853605,0,0
4.6190359,0,1
4.61953605,0,0
4.6200359,0,1
4.62053605,0,0
4.6210359,0,1
4.621536,0,0
4.62203585,0,1
4.622536,0,0
4.62303585,0,1
4.62353595,0,0
4.62403585,0,1
4.624536,0,0
4.6250359,0,1
4.6255361,0,0
4.626036,0,1
4.6265361,0,0
4.627036,0,1
4.62753615,0,0
4.628036,0,1
4.6285361,0,0
4.629036,0,1
4.62953615,0,0
4.63003605,0,1
4.6305362,0,0
4.6310361,0,1
4.63153625,0,0
4.63203615,0,1
4.63253625,0,0
4.63303615,0,1
4.63353625,0,0
4.6340361,0,1
4.63453625,0,0
4.6350361,0,1
4.6355362,0,0
4.63603605,0,1
4.63653615,0,0
4.637036,0,1
4.6375361,0,0
4.63803595,0,1
4.63853605,0,0
4.6390359,0,1
4.639536,0,0
4.64003585,0,1
4.64053595,0,0
4.64103585,0,1
4.641536,0,0
4.64203585,0,1
4.642536,0,0
4.6430359,0,1
4.643536,0,0
4.6440359,0,1
4.644536,0,0
4.64503585,0,1
4.645536,0,0
4.6460359,0,1
4.64653605,0,0
4.64703595,0,1
4.64753615,0,0
4.64803605,0,1
4.6485362,0,0
4.64903605,0,1
4.64953625,0,0
4.65003615,0,1
4.65053635,0,0
4.6510363,0,1
4.65153645,0,0
4.65203635,0,1
4.6525365,0,0
4.6530364,0,1
4.6535365,0,0
4.6540364,0,1
4.6545365,0,0
4.65503635,0,1
4.65553655,0,0
4.6560364,0,1
4.6565365,0,0
4.65703635,0,1
4.65753645,0,0
4.6580363,0,1
4.6585364,0,0
4.6590363,0,1
4.6595364,0,0
4.6600362,0,1
4.6605363,0,0
4.6610362,0,1
4.6615363,0,0
4.6620361,0,1
4.6625361,0,0
4.6630359,0,1
4.6635359,0,0
4.66403565,0,1
4.6645357,0,0
4.6650355,0,1
4.6655356,0,0
4.6660354,0,1
4.6665355,0,0
4.6670354,0,1
4.6675355,0,0
4.66803535,0,1
4.6685355,0,0
4.66903535,0,1
4.66953545,0,0
4.6700353,0,1
4.6705354,0,0
4.67103525,0,1
4.67153535,0,0
4.6720352,0,1
4.67253525,0,0
4.6730351,0,1
4.6735352,0,0
4.6740351,0,1
4.6745352,0,0
4.675035,0,1
4.6755351,0,0
4.67603495,0,1
4.6765351,0,0
4.67703495,0,1
4.677535,0,0
4.67803485,0,1
4.6785349,0,0
4.6790347,0,1
4.6795348,0,0
4.68003465,0,1
4.6805347,0,0
4.6810345,0,1
4.68153455,0,0
4.6820343,0,1
4.6825344,0,0
4.68303425,0,1
4.68353435,0,0
4.6840342,0,1
4.68453425,0,0
4.6850341,0,1
4.68553425,0,0
4.68603415,0,1
4.68653425,0,0
4.6870341,0,1
4.6875342,0,0
4.6880341,0,1
4.6885342,0,0
4.6890341,0,1
4.6895342,0,0
4.690034,0,1
4.69053415,0,0
4.691034,0,1
4.6915341,0,0
4.69203395,0,1
4.69253405,0,0
4.69303385,0,1
4.69353395,0,0
4.6940338,0,1
4.6945339,0,0
4.69503375,0,1
4.69553385,0,0
4.6960337,0,1
4.6965338,0,0
4.69703365,0,1
4.69753375,0,0
4.6980336,0,1
4.69853375,0,0
4.6990336,0,1
4.6995337,0,0
4.70003355,0,1
4.70053365,0,0
4.7010335,0,1
4.7015336,0,0
4.70203345,0,1
4.70253355,0,0
4.70303345,0,1
4.70353355,0,0
4.70403335,0,1
4.7045335,0,0
4.70503335,0,1
4.70553345,0,0
4.7060333,0,1
4.7065334,0,0
4.70703325,0,1
4.7075334,0,0
4.70803325,0,1
4.7085334,0,0
4.7090333,0,1
4.7095334,0,0
4.7100333,0,1
4.71053345,0,0
4.7110333,0,1
4.7115334,0,0
4.7120333,0,1
4.7125334,0,0
4.71303325,0,1
4.7135333,0,0
4.71403315,0,1
4.7145333,0,0
4.71503315,0,1
4.71553325,0,0
4.71603305,0,1
4.7165332,0,0
4.717033,0,1
4.71753315,0,0
4.718033,0,1
4.7185331,0,0
4.719033,0,1
4.71953305,0,0
4.72003285,0,1
4.7205329,0,0
4.72103275,0,1
4.7215328,0,0
4.7220326,0,1
4.7225327,0,0
4.72303255,0,1
4.72353265,0,0
4.72403245,0,1
4.7245325,0,0
4.72503235,0,1
4.7255324,0,0
4.7260323,0,1
4.72653235,0,0
4.72703225,0,1
4.72753235,0,0
4.7280322,0,1
4.72853225,0,0
4.72903215,0,1
4.72953225,0,0
4.7300321,0,1
4.7305322,0,0
4.731032,0,1
4.7315321,0,0
4.73203195,0,1
4.732532,0,0
4.7330319,0,1
4.73353195,0,0
4.7340318,0,1
4.7345318,0,0
4.7350316,0,1
4.7355317,0,0
4.7360316,0,1
4.7365317,0,0
4.73703155,0,1
4.7375316,0,0
4.73803145,0,1
4.73853155,0,0
4.73903145,0,1
4.73953155,0,0
4.74003145,0,1
4.74053155,0,0
4.74103145,0,1
4.74153155,0,0
4.74203145,0,1
4.7425316,0,0
4.74303155,0,1
4.7435317,0,0
4.74403165,0,1
4.7445318,0,0
4.74503165,0,1
4.7455318,0,0
4.7460317,0,1
4.74653185,0,0
4.7470318,0,1
4.747532,0,0
4.74803195,0,1
4.7485321,0,0
4.749032,0,1
4.74953215,0,0
4.75003205,0,1
4.7505322,0,0
4.7510321,0,1
4.75153225,0,0
4.7520322,0,1
4.7525323,0,0
4.7530322,0,1
4.75353235,0,0
4.75403225,0,1
4.75453245,0,0
4.75503235,0,1
4.75553255,0,0
4.75603245,0,1
4.75653265,0,0
4.7570326,0,1
4.75753275,0,0
4.7580327,0,1
4.75853285,0,0
4.7590328,0,1
4.75953295,0,0
4.76003285,0,1
4.760533,0,0
4.7610329,0,1
4.76153305,0,0
4.762033,0,1
4.76253315,0,0
4.763033,0,1
4.7635331,0,0
4.764033,0,1
4.76453315,0,0
4.7650331,0,1
4.7655332,0,0
4.76603305,0,1
4.7665332,0,0
4.7670331,0,1
4.7675332,0,0
4.76803305,0,1
4.76853315,0,0
4.76903305,0,1
4.7695332,0,0
4.7700331,0,1
4.7705333,0,0
4.7710332,0,1
4.7715334,0,0
4.7720333,0,1
4.77253345,0,0
4.7730334,0,1
4.77353355,0,0
4.7740335,0,1
4.77453365,0,0
4.7750336,0,1
4.7755338,0,0
4.77603365,0,1
4.77653385,0,0
4.7770338,0,1
4.77753395,0,0
4.7780339,0,1
4.77853405,0,0
4.779034,0,1
4.77953415,0,0
4.78003405,0,1
4.7805342,0,0
4.7810341,0,1
4.7815342,0,0
4.78203415,0,1
4.7825343,0,0
4.78303415,0,1
4.78353435,0,0
4.78403425,0,1
4.7845344,0,0
4.78503435,0,1
4.7855345,0,0
4.7860344,0,1
4.7865345,0,0
4.7870344,0,1
4.78753455,0,0
4.78803445,0,1
4.78853455,0,0
4.78903445,0,1
4.7895346,0,0
4.7900345,0,1
4.7905346,0,0
4.7910345,0,1
4.7915347,0,0
4.79203455,0,1
4.7925347,0,0
4.79303455,0,1
4.7935346,0,0
4.79403445,0,1
4.7945346,0,0
4.79503445,0,1
4.7955346,0,0
4.7960345,0,1
4.7965346,0,0
4.79703445,0,1
4.79753455,0,0
4.79803445,0,1
4.79853455,0,0
4.79903445,0,1
4.79953455,0,0
4.80003445,0,1
4.8005346,0,0
4.8010344,0,1
4.80153445,0,0
4.80203425,0,1
4.80253435,0,0
4.80303425,0,1
4.80353435,0,0
4.80403425,0,1
4.8045344,0,0
4.80503425,0,1
4.8055343,0,0
4.80603415,0,1
4.80653425,0,0
4.8070341,0,1
4.80753425,0,0
4.8080341,0,1
4.80853425,0,0
4.80903415,0,1
4.80953425,0,0
4.8100341,0,1
4.8105342,0,0
4.811034,0,1
4.8115341,0,0
4.81203395,0,1
4.81253405,0,0
4.8130339,0,1
4.81353395,0,0
4.81403375,0,1
4.81453385,0,0
4.81503365,0,1
4.81553375,0,0
4.8160336,0,1
4.8165337,0,0
4.8170335,0,1
4.8175336,0,0
4.81803345,0,1
4.8185336,0,0
4.8190334,0,1
4.8195335,0,0
4.82003335,0,1
4.82053335,0,0
4.82103315,0,1
4.8215332,0,0
4.822033,0,1
4.82253305,0,0
4.8230329,0,1
4.823533,0,0
4.82403285,0,1
4.82453295,0,0
4.8250328,0,1
4.8255329,0,0
4.82603275,0,1
4.82653285,0,0
4.8270327,0,1
4.8275328,0,0
4.8280327,0,1
4.82853285,0,0
4.82903265,0,1
4.82953275,0,0
4.8300326,0,1
4.83053265,0,0
4.8310325,0,1
4.83153265,0,0
4.83203245,0,1
4.83253255,0,0
4.83303245,0,1
4.83353255,0,0
4.8340324,0,1
4.8345325,0,0
4.83503235,0,1
4.83553245,0,0
4.8360323,0,1
4.83653245,0,0
4.8370323,0,1
4.83753245,0,0
4.83803235,0,1
4.83853245,0,0
4.8390323,0,1
4.83953245,0,0
4.8400323,0,1
4.84053245,0,0
4.84103235,0,1
4.8415324,0,0
4.84203225,0,1
4.84253225,0,0
4.84303205,0,1
4.84353215,0,0
4.84403195,0,1
4.84453205,0,0
4.84503195,0,1
4.84553205,0,0
4.84603185,0,1
4.84653195,0,0
4.8470318,0,1
4.84753185,0,0
4.8480317,0,1
4.84853185,0,0
4.8490317,0,1
4.84953185,0,0
4.85003175,0,1
4.85053185,0,0
4.8510317,0,1
4.8515318,0,0
4.8520317,0,1
4.85253185,0,0
4.85303175,0,1
4.8535319,0,0
4.8540318,0,1
4.85453195,0,0
4.85503185,0,1
4.85553195,0,0
4.85603185,0,1
4.856532,0,0
4.85703185,0,1
4.85753205,0,0
4.8580319,0,1
4.85853205,0,0
4.85903195,0,1
4.8595321,0,0
4.86003205,0,1
4.8605322,0,0
4.8610321,0,1
4.86153225,0,0
4.86203215,0,1
4.8625323,0,0
4.8630322,0,1
4.8635323,0,0
4.86403215,0,1
4.86453225,0,0
4.8650322,0,1
4.86553235,0,0
4.8660322,0,1
4.86653235,0,0
4.8670322,0,1
4.86753235,0,0
4.86803225,0,1
4.8685324,0,0
4.86903225,0,1
4.8695324,0,0
4.8700323,0,1
4.87053245,0,0
4.87103235,0,1
4.87153245,0,0
4.87203235,0,1
4.8725325,0,0
4.8730324,0,1
4.87353255,0,0
4.8740325,0,1
4.87453265,0,0
4.87503255,0,1
4.8755327,0,0
4.8760326,0,1
4.87653275,0,0
4.87703265,0,1
4.87753275,0,0
4.8780327,0,1
4.8785328,0,0
4.8790327,0,1
4.8795328,0,0
4.88003265,0,1
4.88053275,0,0
4.8810326,0,1
4.8815327,0,0
4.88203255,0,1
4.88253255,0,0
4.88303235,0,1
4.8835324,0,0
4.88403225,0,1
4.8845323,0,0
4.88503215,0,1
4.88553225,0,0
4.8860321,0,1
4.8865322,0,0
4.88703205,0,1
4.88753215,0,0
4.888032,0,1
4.88853215,0,0
4.889032,0,1
4.8895321,0,0
4.89003195,0,1
4.890532,0,0
4.89103185,0,1
4.891532,0,0
4.89203185,0,1
4.89253205,0,0
4.89303195,0,1
4.8935321,0,0
4.894032,0,1
4.89453215,0,0
4.8950321,0,1
4.8955322,0,0
4.8960321,0,1
4.8965322,0,0
4.8970321,0,1
4.89753225,0,0
4.89803215,0,1
4.8985323,0,0
4.8990322,0,1
4.8995324,0,0
4.90003235,0,1
4.9005325,0,0
4.90103235,0,1
4.9015325,0,0
4.90203235,0,1
4.9025325,0,0
4.9030324,0,1
4.90353255,0,0
4.90403245,0,1
4.9045326,0,0
4.90503245,0,1
4.9055326,0,0
4.90603245,0,1
4.9065326,0,0
4.90703255,0,1
4.9075327,0,0
4.90803265,0,1
4.9085328,0,0
4.9090327,0,1
4.9095329,0,0
4.91003285,0,1
4.910533,0,0
4.91103295,0,1
4.9115331,0,0
4.912033,0,1
4.91253315,0,0
4.91303305,0,1
4.91353325,0,0
4.91403315,0,1
4.91453325,0,0
4.91503315,0,1
4.91553335,0,0
4.91603325,0,1
4.9165334,0,0
4.91703335,0,1
4.9175335,0,0
4.91803345,0,1
4.91853365,0,0
4.9190336,0,1
4.91953375,0,0
4.9200337,0,1
4.92053385,0,0
4.92103375,0,1
4.92153395,0,0
4.9220339,0,1
4.92253405,0,0
4.92303395,0,1
4.9235341,0,0
4.924034,0,1
4.92453415,0,0
4.92503405,0,1
4.9255342,0,0
4.92603405,0,1
4.9265342,0,0
4.9270341,0,1
4.9275342,0,0
4.9280341,0,1
4.92853425,0,0
4.92903415,0,1
4.92953425,0,0
4.9300341,0,1
4.9305343,0,0
4.93103415,0,1
4.93153425,0,0
4.9320341,0,1
4.9325342,0,0
4.9330341,0,1
4.9335342,0,0
4.9340341,0,1
4.93453425,0,0
4.9350341,0,1
4.93553425,0,0
4.93603415,0,1
4.93653425,0,0
4.9370342,0,1
4.93753435,0,0
4.93803425,0,1
4.9385344,0,0
4.9390343,0,1
4.93953445,0,0
4.94003435,0,1
4.94053455,0,0
4.94103445,0,1
4.94153455,0,0
4.94203445,0,1
4.94253455,0,0
4.9430344,0,1
4.94353455,0,0
4.94403445,0,1
4.9445346,0,0
4.9450345,0,1
4.9455346,0,0
4.9460345,0,1
4.9465346,0,0
4.9470345,0,1
4.9475346,0,0
4.9480345,0,1
4.94853465,0,0
4.9490345,0,1
4.9495346,0,0
4.9500345,0,1
4.9505346,0,0
4.9510345,0,1
4.95153455,0,0
4.9520344,0,1
4.9525345,0,0
4.9530344,0,1
4.9535345,0,0
4.95403435,0,1
4.9545345,0,0
4.9550344,0,1
4.9555345,0,0
4.95603435,0,1
4.9565345,0,0
4.95703435,0,1
4.9575345,0,0
4.95803435,0,1
4.9585345,0,0
4.95903445,0,1
4.9595346,0,0
4.96003445,0,1
4.96053455,0,0
4.9610344,0,1
4.96153455,0,0
4.9620344,0,1
4.9625345,0,0
4.96303435,0,1
4.96353445,0,0
4.96403435,0,1
4.96453445,0,0
4.96503435,0,1
4.96553445,0,0
4.96603435,0,1
4.9665345,0,0
4.96703435,0,1
4.9675345,0,0
4.9680344,0,1
4.96853455,0,0
4.96903445,0,1
4.96953455,0,0
4.9700344,0,1
4.97053455,0,0
4.97103445,0,1
4.9715346,0,0
4.97203455,0,1
4.97253475,0,0
4.9730347,0,1
4.97353485,0,0
4.97403475,0,1
4.97453495,0,0
4.9750348,0,1
4.975535,0,0
4.97603495,0,1
4.97653515,0,0
4.9770351,0,1
4.97753525,0,0
4.9780352,0,1
4.97853535,0,0
4.97903525,0,1
4.9795354,0,0
4.9800353,0,1
4.98053545,0,0
4.98103535,0,1
4.9815355,0,0
4.98203535,0,1
4.9825355,0,0
4.9830354,0,1
4.9835356,0,0
4.9840355,0,1
4.98453565,0,0
4.9850356,0,1
4.9855358,0,0
4.9860357,0,1
4.9865358,0,0
4.98703575,0,1
4.9875359,0,0
4.98803585,0,1
4.98853605,0,0
4.989036,0,1
4.98953615,0,0
4.99003605,0,1
4.99053625,0,0
4.99103625,0,1
4.9915364,0,0
4.99203635,0,1
4.99253655,0,0
4.9930365,0,1
4.99353665,0,0
4.9940366,0,1
4.99453675,0,0
4.99503665,0,1
4.9955367,0,0
4.9960366,0,1
4.99653675,0,0
4.99703665,0,1
4.9975368,0,0
4.99803665,0,1
4.9985368,0,0
4.99903665,0,1
4.9995368,0,0
5.00003665,0,1
