timestamp_s,CH0,CH1
0.0,0,0
0.0002656,0,1
0.00076565,0,0
0.00126555,0,1
0.00176565,0,0
0.00226545,0,1
0.00276545,0,0
0.0032653,0,1
0.0037654,0,0
0.00426525,0,1
0.00476525,0,0
0.005265,0,1
0.00576505,0,0
0.00626485,0,1
0.0067649,0,0
0.0072647,0,1
0.0077648,0,0
0.0082646,0,1
0.00876465,0,0
0.00926445,0,1
0.0097645,0,0
0.01026435,0,1
0.0107644,0,0
0.01126425,0,1
0.01176435,0,0
0.01226415,0,1
0.0127642,0,0
0.013264,0,1
0.01376405,0,0
0.01426385,0,1
0.0147639,0,0
0.0152637,0,1
0.01576375,0,0
0.0162635,0,1
0.0167636,0,0
0.0172634,0,1
0.01776345,0,0
0.0182633,0,1
0.0187634,0,0
0.0192632,0,1
0.0197632,0,0
0.020263,0,1
0.02076305,0,0
0.02126285,0,1
0.0217629,0,0
0.0222627,0,1
0.02276275,0,0
0.0232626,0,1
0.02376265,0,0
0.02426245,0,1
0.02476255,0,0
0.02526235,0,1
0.0257624,0,0
0.0262622,0,1
0.02676225,0,0
0.02726205,0,1
0.0277621,0,0
0.0282619,0,1
0.028762,0,0
0.0292618,0,1
0.0297619,0,0
0.0302617,0,1
0.03076175,0,0
0.03126155,0,1
0.0317616,0,0
0.03226145,0,1
0.0327615,0,0
0.03326125,0,1
0.0337613,0,0
0.03426105,0,1
0.0347611,0,0
0.0352609,0,1
0.03576095,0,0
0.03626075,0,1
0.0367608,0,0
0.0372606,0,1
0.03776065,0,0
0.0382605,0,1
0.03876055,0,0
0.0392604,0,1
0.03976045,0,0
0.04026025,0,1
0.0407603,0,0
0.0412601,0,1
0.04176015,0,0
0.04225995,0,1
0.04276,0,0
0.0432598,0,1
0.0437598,0,0
0.04425955,0,1
0.0447596,0,0
0.0452594,0,1
0.0457594,0,0
0.04625925,0,1
0.04675925,0,0
0.0472593,0,1
0.04775945,0,0
0.048259,0,1
0.048759,0,0
0.04925905,0,1
0.04975925,0,0
0.05000025,1,0
0.0502587,1,1
0.0507587,1,0
0.0512585,1,1
0.05175855,1,0
0.05225845,1,1
0.05275865,1,0
0.0532582,1,1
0.05375835,1,0
0.05425805,1,1
0.05475815,1,0
0.055258,1,1
0.0557631,1,0
0.0562578,1,1
0.0567579,1,0
0.05725775,1,1
0.0577578,1,0
0.0582576,1,1
0.05875765,1,0
0.05925745,1,1
0.0597575,1,0
0.06025735,1,1
0.0607574,1,0
0.0612572,1,1
0.0617573,1,0
0.06225705,1,1
0.06275705,1,0
0.06325685,1,1
0.0637569,1,0
0.0642567,1,1
0.06475675,1,0
0.06525655,1,1
0.06575665,1,0
0.0659799,0,0
0.06625685,0,1
0.06675665,0,0
0.06725645,0,1
0.06775655,0,0
0.0682564,0,1
0.06875645,0,0
0.0692564,0,1
0.0697567,0,0
0.07025625,0,1
0.0707562,0,0
0.0712562,0,1
0.07175605,0,0
0.07225585,0,1
0.0727559,0,0
0.0732557,0,1
0.0737557,0,0
0.0742555,0,1
0.07475555,0,0
0.0752553,0,1
0.0757554,0,0
0.0762552,0,1
0.07675525,0,0
0.07725505,0,1
0.0777552,0,0
0.078255,0,1
0.0787551,0,0
0.07925495,0,1
0.079755,0,0
0.08025485,0,1
0.0807549,0,0
0.0812548,0,1
0.08175485,0,0
0.0822547,0,1
0.08275475,0,0
0.0832546,0,1
0.08375475,0,0
0.0842546,0,1
0.0847547,0,0
0.0852545,0,1
0.08575455,0,0
0.0862544,0,1
0.0867545,0,0
0.0872543,0,1
0.0877544,0,0
0.0882542,0,1
0.0887543,0,0
0.08925415,0,1
0.08975415,0,0
0.09025395,0,1
0.090754,0,0
0.0912538,0,1
0.0917539,0,0
0.0922537,0,1
0.09275375,0,0
0.0932536,0,1
0.0937537,0,0
0.09425345,0,1
0.0947535,0,0
0.0952533,0,1
0.0957534,0,0
0.0962532,0,1
0.0967533,0,0
0.09725315,0,1
0.0977532,0,0
0.09825295,0,1
0.09875305,0,0
0.09925285,0,1
0.0997529,0,0
0.10025275,0,1
0.10075285,0,0
0.1012527,0,1
0.1017528,0,0
0.10225265,0,1
0.1027527,0,0
0.10325255,0,1
0.10375255,0,0
0.1042524,0,1
0.10475245,0,0
0.1052523,0,1
0.10575235,0,0
0.1062522,0,1
0.10675225,0,0
0.10725205,0,1
0.10775215,0,0
0.108252,0,1
0.1087521,0,0
0.10925195,0,1
0.109752,0,0
0.1102518,0,1
0.1107519,0,0
0.11125175,0,1
0.11175185,0,0
0.1122517,0,1
0.1127518,0,0
0.1132517,0,1
0.1137518,0,0
0.11425165,0,1
0.1147517,0,0
0.11525155,0,1
0.1157516,0,0
0.1162514,0,1
0.11675145,0,0
0.1172512,0,1
0.11775125,0,0
0.11825105,0,1
0.1187511,0,0
0.1192509,0,1
0.11975095,0,0
0.1202508,0,1
0.12075085,0,0
0.1212508,0,1
0.121751,0,0
0.12225065,0,1
0.12275075,0,0
0.1232507,0,1
0.12375065,0,0
0.12425045,0,1
0.1247505,0,0
0.12525035,0,1
0.1257504,0,0
0.1262503,0,1
0.1267502,0,0
0.12725015,0,1
0.12775025,0,0
0.1282499,0,1
0.12874995,0,0
0.12925,0,1
0.1297498,0,0
0.1302495,0,1
0.13074955,0,0
0.1312494,0,1
0.1317495,0,0
0.1322493,0,1
0.13274935,0,0
0.13324915,0,1
0.13374925,0,0
0.1342491,0,1
0.1347492,0,0
0.135249,0,1
0.13574905,0,0
0.1362489,0,1
0.13674895,0,0
0.13724875,0,1
0.13774895,0,0
0.13824875,0,1
0.13874875,0,0
0.13924895,0,1
0.13974865,0,0
0.14024845,0,1
0.14074835,0,0
0.1412482,0,1
0.1417485,0,0
0.14224805,0,1
0.14274835,0,0
0.1432479,0,1
0.14374805,0,0
0.1442476,0,1
0.14474785,0,0
0.1452477,0,1
0.14574795,0,0
0.1462478,0,1
0.1467478,0,0
0.1472478,0,1
0.1477479,0,0
0.1482479,0,1
0.1487478,0,0
0.1492478,0,1
0.14974775,0,0
0.1502476,0,1
0.15074775,0,0
0.15124745,0,1
0.1517476,0,0
0.15224755,0,1
0.15274765,0,0
0.1532475,0,1
0.1537476,0,0
0.1542474,0,1
0.1547479,0,0
0.1552474,0,1
0.1557475,0,0
0.1562473,0,1
0.15674755,0,0
0.1572477,0,1
0.1577476,0,0
0.1582477,0,1
0.15874735,0,0
0.1592476,0,1
0.1597475,0,0
0.1602475,0,1
0.16074795,0,0
0.16124745,0,1
0.16174785,0,0
0.16224745,0,1
0.1627476,0,0
0.1632475,0,1
0.16374765,0,0
0.16424755,0,1
0.16474775,0,0
0.1652475,0,1
0.1657476,0,0
0.16624765,0,1
0.16674775,0,0
0.1672476,0,1
0.1677477,0,0
0.1682476,0,1
0.16874805,0,0
0.1692469,0,1
0.16974775,0,0
0.1702478,0,1
0.1707477,0,0
0.17124755,0,1
0.17174805,0,0
0.1722476,0,1
0.1727476,0,0
0.17324755,0,1
0.17374765,0,0
0.17424785,0,1
0.17474755,0,0
0.1752478,0,1
0.17574755,0,0
0.1762473,0,1
0.17674755,0,0
0.17724745,0,1
0.1777475,0,0
0.17824735,0,1
0.17874745,0,0
0.1792477,0,1
0.1797473,0,0
0.18024725,0,1
0.18074735,0,0
0.1812472,0,1
0.18174725,0,0
0.1822471,0,1
0.18274745,0,0
0.183247,0,1
0.18374745,0,0
0.18424695,0,1
0.1847469,0,0
0.1852471,0,1
0.18574685,0,0
0.18624665,0,1
0.1867466,0,0
0.1872469,0,1
0.18774665,0,0
0.1882465,0,1
0.1887466,0,0
0.18924645,0,1
0.1897468,0,0
0.19024635,0,1
0.1907464,0,0
0.1912462,0,1
0.1917462,0,0
0.19224635,0,1
0.19274605,0,0
0.19324585,0,1
0.19374575,0,0
0.1942456,0,1
0.1947457,0,0
0.1952457,0,1
0.1957458,0,0
0.19624565,0,1
0.19674565,0,0
0.19724545,0,1
0.1977457,0,0
0.19824525,0,1
0.19874565,0,0
0.1992451,0,1
0.19974505,0,0
0.20024525,0,1
0.2007451,0,0
0.2012449,0,1
0.2017448,0,0
0.2022447,0,1
0.2027448,0,0
0.2032446,0,1
0.2037447,0,0
0.2042445,0,1
0.2047448,0,0
0.2052444,0,1
0.20574485,0,0
0.2062443,0,1
0.20674435,0,0
0.2072444,0,1
0.2077442,0,0
0.20824405,0,1
0.208744,0,0
0.20924385,0,1
0.20974395,0,0
0.21024385,0,1
0.21074395,0,0
0.2112438,0,1
0.21174385,0,0
0.2122437,0,1
0.212744,0,0
0.21324355,0,1
0.2137436,0,0
0.2142434,0,1
0.2147433,0,0
0.2152435,0,1
0.2157433,0,0
0.2162431,0,1
0.21674305,0,0
0.21724295,0,1
0.2177431,0,0
0.21824315,0,1
0.21874285,0,0
0.21924265,0,1
0.21974275,0,0
0.22024275,0,1
0.22074255,0,0
0.22124235,0,1
0.22174225,0,0
0.2222422,0,1
0.2227424,0,0
0.2232421,0,1
0.2237421,0,0
0.2242419,0,1
0.224742,0,0
0.2252419,0,1
0.225742,0,0
0.22624185,0,1
0.2267419,0,0
0.22724175,0,1
0.22774205,0,0
0.22824165,0,1
0.22874175,0,0
0.22924165,0,1
0.2297416,0,0
0.23024155,0,1
0.2307415,0,0
0.2312413,0,1
0.2317412,0,0
0.2322412,0,1
0.23274125,0,0
0.23324105,0,1
0.2337415,0,0
0.2342409,0,1
0.23474125,0,0
0.2352408,0,1
0.23574125,0,0
0.2362407,0,1
0.23674075,0,0
0.23724075,0,1
0.23774055,0,0
0.23824035,0,1
0.2387403,0,0
0.2392401,0,1
0.23974015,0,0
0.2402401,0,1
0.24074015,0,0
0.24123995,0,1
0.24174,0,0
0.2422398,0,1
0.2427401,0,0
0.24323965,0,1
0.24373975,0,0
0.24423955,0,1
0.2447396,0,0
0.24523975,0,1
0.2457394,0,0
0.2462392,0,1
0.24673915,0,0
0.2472391,0,1
0.2477392,0,0
0.24823905,0,1
0.24873915,0,0
0.24923905,0,1
0.2497394,0,0
0.250239,0,1
0.2507395,0,0
0.25123895,0,1
0.25173885,0,0
0.252239,0,1
0.2527388,0,0
0.25323855,0,1
0.25373845,0,0
0.25423825,0,1
0.2547383,0,0
0.2552383,0,1
0.2557384,0,0
0.25623825,0,1
0.25673835,0,0
0.2572382,0,1
0.25773855,0,0
0.25823815,0,1
0.25873865,0,0
0.25923815,0,1
0.2597382,0,0
0.26023845,0,1
0.26073815,0,0
0.26123795,0,1
0.2617379,0,0
0.26223795,0,1
0.26273785,0,0
0.2632377,0,1
0.263738,0,0
0.26423795,0,1
0.2647376,0,0
0.2652377,0,1
0.2657376,0,0
0.2662375,0,1
0.2667373,0,0
0.26723725,0,1
0.26773715,0,0
0.268237,0,1
0.26873695,0,0
0.2692368,0,1
0.26973685,0,0
0.2702368,0,1
0.2707369,0,0
0.27123675,0,1
0.27173705,0,0
0.27223695,0,1
0.2727366,0,0
0.2732364,0,1
0.27373655,0,0
0.27423645,0,1
0.27473625,0,0
0.2752361,0,1
0.27573655,0,0
0.276236,0,1
0.27673595,0,0
0.27723585,0,1
0.27773595,0,0
0.27823575,0,1
0.27873575,0,0
0.27923555,0,1
0.27973585,0,0
0.28023545,0,1
0.28073555,0,0
0.2812353,0,1
0.28173535,0,0
0.28223555,0,1
0.28273525,0,0
0.28323505,0,1
0.283735,0,0
0.28423485,0,1
0.2847349,0,0
0.28523485,0,1
0.28573495,0,0
0.28623475,0,1
0.2867348,0,0
0.2872346,0,1
0.28773485,0,0
0.28823435,0,1
0.2887344,0,0
0.2892342,0,1
0.28973405,0,0
0.2902342,0,1
0.290734,0,0
0.2912338,0,1
0.2917337,0,0
0.29223375,0,1
0.29273405,0,0
0.2932335,0,1
0.2937338,0,0
0.2942337,0,1
0.2947334,0,0
0.29523345,0,1
0.29573335,0,0
0.29623335,0,1
0.29673315,0,0
0.29723315,0,1
0.2977331,0,0
0.2982329,0,1
0.29873295,0,0
0.29923265,0,1
0.2997327,0,0
0.3002326,0,1
0.30073295,0,0
0.30123255,0,1
0.30173285,0,0
0.30223275,0,1
0.30273235,0,0
0.30323215,0,1
0.3037323,0,0
0.3042322,0,1
0.30473185,0,0
0.305232,0,1
0.30573175,0,0
0.30623155,0,1
0.30673145,0,0
0.30723155,0,1
0.3077318,0,0
0.3082312,0,1
0.3087315,0,0
0.3092314,0,1
0.3097311,0,0
0.3102309,0,1
0.3107311,0,0
0.31123105,0,1
0.31173085,0,0
0.31223085,0,1
0.31273065,0,0
0.3132304,0,1
0.3137303,0,0
0.3142296,0,1
0.31473015,0,0
0.3152301,0,1
0.31573015,0,0
0.31622995,0,1
0.31673005,0,0
0.3172298,0,1
0.3177301,0,0
0.3182296,0,1
0.3187296,0,0
0.31922935,0,1
0.31972925,0,0
0.3202295,0,1
0.32072915,0,0
0.32122895,0,1
0.3217289,0,0
0.3222292,0,1
0.32272885,0,0
0.32322865,0,1
0.32372865,0,0
0.32422845,0,1
0.32472875,0,0
0.32522835,0,1
0.3257284,0,0
0.32622825,0,1
0.32672835,0,0
0.32722845,0,1
0.3277282,0,0
0.32822805,0,1
0.3287279,0,0
0.3292277,0,1
0.32972775,0,0
0.33022765,0,1
0.3307277,0,0
0.33122755,0,1
0.3317276,0,0
0.33222745,0,1
0.3327278,0,0
0.3332273,0,1
0.3337274,0,0
0.3342272,0,1
0.3347271,0,0
0.3352273,0,1
0.33572715,0,0
0.3362269,0,1
0.33672685,0,0
0.3372268,0,1
0.33772695,0,0
0.33822695,0,1
0.33872655,0,0
0.3392263,0,1
0.33972635,0,0
0.3402263,0,1
0.3407261,0,0
0.3412258,0,1
0.34172565,0,0
0.34222555,0,1
0.3427257,0,0
0.34322535,0,1
0.34372525,0,0
0.34422505,0,1
0.3447251,0,0
0.34522505,0,1
0.34572505,0,0
0.3462248,0,1
0.3467248,0,0
0.3472246,0,1
0.34772485,0,0
0.34822435,0,1
0.34872465,0,0
0.34922455,0,1
0.34972415,0,0
0.3502243,0,1
0.3507241,0,0
0.3512239,0,1
0.35172385,0,0
0.35222405,0,1
0.35272385,0,0
0.35322365,0,1
0.3537237,0,0
0.35422345,0,1
0.3547237,0,0
0.35522325,0,1
0.35572365,0,0
0.3562231,0,1
0.35672305,0,0
0.3572232,0,1
0.357723,0,0
0.3582228,0,1
0.35872275,0,0
0.35922255,0,1
0.35972255,0,0
0.36022245,0,1
0.36072245,0,0
0.3612222,0,1
0.36172225,0,0
0.36222205,0,1
0.36272235,0,0
0.3632219,0,1
0.363722,0,0
0.3642218,0,1
0.3647219,0,0
0.36522205,0,1
0.36572175,0,0
0.36622155,0,1
0.3667215,0,0
0.3672214,0,1
0.3677217,0,0
0.3682216,0,1
0.3687213,0,0
0.3692211,0,1
0.3697211,0,0
0.3702209,0,1
0.37072095,0,0
0.37122075,0,1
0.3717208,0,0
0.372221,0,1
0.37272065,0,0
0.3732205,0,1
0.3737204,0,0
0.3742202,0,1
0.37472025,0,0
0.37522,0,1
0.3757201,0,0
0.3762199,0,1
0.37672,0,0
0.3772198,0,1
0.37771985,0,0
0.3782196,0,1
0.3787197,0,0
0.3792195,0,1
0.37971955,0,0
0.38021935,0,1
0.3807194,0,0
0.3812192,0,1
0.38171925,0,0
0.3822191,0,1
0.38271915,0,0
0.3832189,0,1
0.383719,0,0
0.38421885,0,1
0.3847189,0,0
0.3852187,0,1
0.3857188,0,0
0.3862186,0,1
0.38671865,0,0
0.3872185,0,1
0.38771855,0,0
0.38821835,0,1
0.38871845,0,0
0.38921825,0,1
0.3897183,0,0
0.39021815,0,1
0.3907182,0,0
0.39121805,0,1
0.3917181,0,0
0.3922179,0,1
0.392718,0,0
0.3932178,0,1
0.39371785,0,0
0.39421765,0,1
0.3947177,0,0
0.3952175,0,1
0.3957176,0,0
0.3962174,0,1
0.3967175,0,0
0.3972173,0,1
0.3977174,0,0
0.39821725,0,1
0.39871735,0,0
0.3992172,0,1
0.3997173,0,0
0.4002171,0,1
0.4007172,0,0
0.40121705,0,1
0.4017171,0,0
0.40221695,0,1
0.402717,0,0
0.40321685,0,1
0.4037169,0,0
0.4042167,0,1
0.4047168,0,0
0.4052166,0,1
0.4057167,0,0
0.4062165,0,1
0.40671655,0,0
0.4072164,0,1
0.4077165,0,0
0.40821635,0,1
0.40871645,0,0
0.4092162,0,1
0.40971625,0,0
0.41021605,0,1
0.41071605,0,0
0.41121585,0,1
0.41171585,0,0
0.41221565,0,1
0.41271575,0,0
0.41321555,0,1
0.41371565,0,0
0.41421545,0,1
0.41471555,0,0
0.4152154,0,1
0.41571555,0,0
0.4162155,0,1
0.41671565,0,0
0.4172156,0,1
0.41771575,0,0
0.41821565,0,1
0.4187158,0,0
0.41921565,0,1
0.4197158,0,0
0.42021565,0,1
0.4207158,0,0
0.4212157,0,1
0.4217158,0,0
0.4222157,0,1
0.42271585,0,0
0.42321575,0,1
0.42371585,0,0
0.42421575,0,1
0.4247159,0,0
0.4252158,0,1
0.4257159,0,0
0.42621575,0,1
0.4267159,0,0
0.4272158,0,1
0.42771595,0,0
0.4282158,0,1
0.42871595,0,0
0.4292158,0,1
0.4297159,0,0
0.4302157,0,1
0.4307158,0,0
0.4312157,0,1
0.4317158,0,0
0.4322156,0,1
0.4327157,0,0
0.4332156,0,1
0.43371575,0,0
0.43421565,0,1
0.4347158,0,0
0.43521575,0,1
0.4357159,0,0
0.4362158,0,1
0.43671585,0,0
0.43721575,0,1
0.43771585,0,0
0.43821575,0,1
0.4387159,0,0
0.43921575,0,1
0.4397159,0,0
0.44021575,0,1
0.44071585,0,0
0.4412158,0,1
0.44171595,0,0
0.44221585,0,1
0.44271595,0,0
0.44321585,0,1
0.443716,0,0
0.44421585,0,1
0.444716,0,0
0.4452159,0,1
0.4457161,0,0
0.44621605,0,1
0.44671625,0,0
0.4472162,0,1
0.4477164,0,0
0.44821635,0,1
0.44871655,0,0
0.44921645,0,1
0.44971665,0,0
0.45021655,0,1
0.4507167,0,0
0.4512166,0,1
0.45171675,0,0
0.4522167,0,1
0.45271685,0,0
0.4532168,0,1
0.45371695,0,0
0.4542169,0,1
0.4547171,0,0
0.455217,0,1
0.4557172,0,0
0.4562171,0,1
0.45671725,0,0
0.4572172,0,1
0.4577173,0,0
0.4582172,0,1
0.45871735,0,0
0.4592173,0,1
0.4597175,0,0
0.46021745,0,1
0.46071765,0,0
0.46121755,0,1
0.4617177,0,0
0.4622176,0,1
0.4627177,0,0
0.4632176,0,1
0.46371775,0,0
0.46421765,0,1
0.4647178,0,0
0.46521775,0,1
0.4657179,0,0
0.46621785,0,1
0.466718,0,0
0.4672179,0,1
0.46771805,0,0
0.46821795,0,1
0.46871815,0,0
0.4692181,0,1
0.46971825,0,0
0.47021815,0,1
0.47071825,0,0
0.47121815,0,1
0.4717183,0,0
0.4722182,0,1
0.4727183,0,0
0.4732182,0,1
0.4737183,0,0
0.47421815,0,1
0.47471835,0,0
0.47521825,0,1
0.47571845,0,0
0.4762183,0,1
0.47671845,0,0
0.4772184,0,1
0.4777185,0,0
0.4782184,0,1
0.47871855,0,0
0.47921845,0,1
0.4797186,0,0
0.48021855,0,1
0.48071865,0,0
0.4812186,0,1
0.48171875,0,0
0.4822187,0,1
0.48271885,0,0
0.48321875,0,1
0.48371895,0,0
0.4842188,0,1
0.48471895,0,0
0.48521885,0,1
0.485719,0,0
0.4862189,0,1
0.48671905,0,0
0.48721895,0,1
0.4877191,0,0
0.488219,0,1
0.48871915,0,0
0.48921905,0,1
0.48971915,0,0
0.490219,0,1
0.49071915,0,0
0.49121905,0,1
0.4917192,0,0
0.4922191,0,1
0.4927193,0,0
0.4932192,0,1
0.49371935,0,0
0.49421925,0,1
0.4947194,0,0
0.4952193,0,1
0.49571945,0,0
0.4962194,0,1
0.4967195,0,0
0.4972194,0,1
0.49771955,0,0
0.4982194,0,1
0.4987195,0,0
0.49921935,0,1
0.49971945,0,0
0.50021935,0,1
0.50071955,0,0
0.50121945,0,1
0.5017196,0,0
0.5022195,0,1
0.5027197,0,0
0.5032196,0,1
0.50371975,0,0
0.50421965,0,1
0.50471985,0,0
0.50521975,0,1
0.50571985,0,0
0.5062197,0,1
0.50671985,0,0
0.5072197,0,1
0.5077198,0,0
0.5082196,0,1
0.50871965,0,0
0.5092195,0,1
0.5097196,0,0
0.51021945,0,1
0.51071955,0,0
0.51121945,0,1
0.51171955,0,0
0.5122194,0,1
0.5127195,0,0
0.51321935,0,1
0.51371945,0,0
0.5142193,0,1
0.5147194,0,0
0.51521925,0,1
0.51571935,0,0
0.5162192,0,1
0.5167193,0,0
0.5172192,0,1
0.5177193,0,0
0.51821915,0,1
0.5187193,0,0
0.5192192,0,1
0.5197193,0,0
0.52021915,0,1
0.5207193,0,0
0.5212192,0,1
0.52171935,0,0
0.52221925,0,1
0.5227194,0,0
0.52321925,0,1
0.52371935,0,0
0.52421925,0,1
0.5247194,0,0
0.52521925,0,1
0.5257194,0,0
0.52621935,0,1
0.5267195,0,0
0.5272194,0,1
0.52771955,0,0
0.5282194,0,1
0.5287195,0,0
0.5292194,0,1
0.5297195,0,0
0.53021935,0,1
0.53071945,0,0
0.5312193,0,1
0.53171945,0,0
0.5322193,0,1
0.5327194,0,0
0.5332193,0,1
0.5337194,0,0
0.5342193,0,1
0.53471945,0,0
0.53521935,0,1
0.53571945,0,0
0.5362193,0,1
0.53671935,0,0
0.53721925,0,1
0.5377194,0,0
0.53821925,0,1
0.5387194,0,0
0.53921925,0,1
0.5397194,0,0
0.5402193,0,1
0.5407194,0,0
0.54121925,0,1
0.5417193,0,0
0.5422191,0,1
0.5427192,0,0
0.54321915,0,1
0.54371925,0,0
0.5442192,0,1
0.54471935,0,0
0.54521925,0,1
0.5457194,0,0
0.5462193,0,1
0.54671945,0,0
0.54721935,0,1
0.54771945,0,0
0.54821935,0,1
0.5487195,0,0
0.5492194,0,1
0.54971955,0,0
0.55021945,0,1
0.5507196,0,0
0.5512195,0,1
0.55171965,0,0
0.55221955,0,1
0.55271975,0,0
0.55321965,0,1
0.55371975,0,0
0.55421965,0,1
0.5547198,0,0
0.5552197,0,1
0.55571985,0,0
0.5562198,0,1
0.55671995,0,0
0.5572199,0,1
0.5577201,0,0
0.55822,0,1
0.5587202,0,0
0.55922015,0,1
0.5597203,0,0
0.5602202,0,1
0.56072035,0,0
0.56122025,0,1
0.5617204,0,0
0.5622203,0,1
0.56272045,0,0
0.5632203,0,1
0.5637204,0,0
0.5642203,0,1
0.56472045,0,0
0.56522035,0,1
0.5657205,0,0
0.56622045,0,1
0.5667206,0,0
0.56722055,0,1
0.56772065,0,0
0.5682206,0,1
0.56872075,0,0
0.5692206,0,1
0.5697207,0,0
0.57022055,0,1
0.5707207,0,0
0.5712206,0,1
0.57172065,0,0
0.57222055,0,1
0.57272065,0,0
0.57322055,0,1
0.5737207,0,0
0.5742206,0,1
0.57472075,0,0
0.57522065,0,1
0.5757208,0,0
0.57622065,0,1
0.5767208,0,0
0.5772207,0,1
0.5777208,0,0
0.57822065,0,1
0.57872075,0,0
0.5792206,0,1
0.57972075,0,0
0.5802206,0,1
0.58072075,0,0
0.58122055,0,1
0.5817207,0,0
0.58222055,0,1
0.5827207,0,0
0.5832206,0,1
0.58372075,0,0
0.58422065,0,1
0.58472075,0,0
0.5852206,0,1
0.58572075,0,0
0.58622065,0,1
0.58672075,0,0
0.58722065,0,1
0.5877208,0,0
0.5882207,0,1
0.5887208,0,0
0.5892207,0,1
0.5897209,0,0
0.5902208,0,1
0.5907209,0,0
0.5912208,0,1
0.59172095,0,0
0.59222085,0,1
0.59272095,0,0
0.59322085,0,1
0.59372095,0,0
0.5942208,0,1
0.59472085,0,0
0.59522065,0,1
0.59572075,0,0
0.59622055,0,1
0.59672055,0,0
0.5972204,0,1
0.59772045,0,0
0.59822025,0,1
0.5987203,0,0
0.5992201,0,1
0.5997202,0,0
0.60022005,0,1
0.60072015,0,0
0.60122005,0,1
0.6017201,0,0
0.60221995,0,1
0.60272005,0,0
0.60321985,0,1
0.60371995,0,0
0.6042198,0,1
0.60471985,0,0
0.60521965,0,1
0.60571975,0,0
0.60621955,0,1
0.60671965,0,0
0.6072195,0,1
0.6077196,0,0
0.60821945,0,1
0.60871945,0,0
0.6092193,0,1
0.60971935,0,0
0.6102192,0,1
0.6107193,0,0
0.6112192,0,1
0.6117193,0,0
0.61221915,0,1
0.61271925,0,0
0.61321905,0,1
0.61371915,0,0
0.61421895,0,1
0.61471905,0,0
0.6152189,0,1
0.615719,0,0
0.61621885,0,1
0.61671895,0,0
0.6172188,0,1
0.6177189,0,0
0.61821875,0,1
0.6187188,0,0
0.6192186,0,1
0.6197187,0,0
0.6202185,0,1
0.6207186,0,0
0.62121845,0,1
0.6217185,0,0
0.62221835,0,1
0.62271845,0,0
0.62321825,0,1
0.6237183,0,0
0.62421815,0,1
0.6247182,0,0
0.625218,0,1
0.6257181,0,0
0.6262179,0,1
0.626718,0,0
0.6272178,0,1
0.6277179,0,0
0.62821775,0,1
0.62871785,0,0
0.6292177,0,1
0.6297178,0,0
0.63021765,0,1
0.6307177,0,0
0.63121755,0,1
0.63171765,0,0
0.6322175,0,1
0.63271765,0,0
0.6332175,0,1
0.6337176,0,0
0.63421745,0,1
0.63471755,0,0
0.63521745,0,1
0.63571755,0,0
0.63621745,0,1
0.63671755,0,0
0.6372174,0,1
0.6377175,0,0
0.63821735,0,1
0.63871745,0,0
0.6392173,0,1
0.6397174,0,0
0.6402172,0,1
0.6407173,0,0
0.6412172,0,1
0.6417173,0,0
0.64221715,0,1
0.6427172,0,0
0.643217,0,1
0.6437171,0,0
0.64421695,0,1
0.64471705,0,0
0.64521685,0,1
0.64571685,0,0
0.64621665,0,1
0.6467167,0,0
0.6472165,0,1
0.64771655,0,0
0.6482163,0,1
0.64871635,0,0
0.64921615,0,1
0.6497162,0,0
0.650216,0,1
0.65071605,0,0
0.65121585,0,1
0.6517159,0,0
0.6522157,0,1
0.65271575,0,0
0.6532156,0,1
0.65371565,0,0
0.65421545,0,1
0.6547155,0,0
0.6552153,0,1
0.6557153,0,0
0.6562151,0,1
0.65671515,0,0
0.6572149,0,1
0.65771495,0,0
0.65821475,0,1
0.6587148,0,0
0.65921465,0,1
0.65971475,0,0
0.66021455,0,1
0.66071465,0,0
0.6612145,0,1
0.6617146,0,0
0.66221445,0,1
0.6627146,0,0
0.66321445,0,1
0.6637145,0,0
0.66421435,0,1
0.66471445,0,0
0.66521435,0,1
0.6657145,0,0
0.66621435,0,1
0.66671445,0,0
0.66721435,0,1
0.66771445,0,0
0.66821435,0,1
0.66871445,0,0
0.6692143,0,1
0.66971435,0,0
0.6702142,0,1
0.6707143,0,0
0.6712142,0,1
0.67171435,0,0
0.67221425,0,1
0.67271435,0,0
0.67321415,0,1
0.6737142,0,0
0.6742141,0,1
0.6747142,0,0
0.67521405,0,1
0.67571415,0,0
0.67621405,0,1
0.6767141,0,0
0.67721395,0,1
0.677714,0,0
0.67821385,0,1
0.678714,0,0
0.67921385,0,1
0.67971395,0,0
0.6802138,0,1
0.68071385,0,0
0.6812137,0,1
0.68171375,0,0
0.6822136,0,1
0.6827137,0,0
0.6832135,0,1
0.6837136,0,0
0.68421345,0,1
0.68471355,0,0
0.68521335,0,1
0.6857134,0,0
0.6862132,0,1
0.68671325,0,0
0.6872131,0,1
0.68771325,0,0
0.68821315,0,1
0.68871325,0,0
0.6892131,0,1
0.6897132,0,0
0.690213,0,1
0.6907131,0,0
0.6912129,0,1
0.691713,0,0
0.6922128,0,1
0.6927129,0,0
0.69321275,0,1
0.69371285,0,0
0.6942127,0,1
0.69471275,0,0
0.6952126,0,1
0.69571265,0,0
0.69621255,0,1
0.69671265,0,0
0.6972125,0,1
0.69771255,0,0
0.6982124,0,1
0.69871255,0,0
0.6992124,0,1
0.69971255,0,0
0.70021245,0,1
0.7007126,0,0
0.70121245,0,1
0.70171255,0,0
0.7022124,0,1
0.70271255,0,0
0.70321235,0,1
0.70371245,0,0
0.7042123,0,1
0.70471245,0,0
0.70521225,0,1
0.70571235,0,0
0.7062122,0,1
0.7067122,0,0
0.707212,0,1
0.70771205,0,0
0.70821185,0,1
0.7087119,0,0
0.7092117,0,1
0.7097118,0,0
0.7102116,0,1
0.71071165,0,0
0.71121145,0,1
0.7117115,0,0
0.71221135,0,1
0.7127114,0,0
0.71321125,0,1
0.71371135,0,0
0.71421115,0,1
0.7147112,0,0
0.715211,0,1
0.71571105,0,0
0.7162109,0,1
0.71671095,0,0
0.71721075,0,1
0.71771085,0,0
0.71821065,0,1
0.7187107,0,0
0.71921055,0,1
0.71971065,0,0
0.72021055,0,1
0.72071065,0,0
0.72121055,0,1
0.72171065,0,0
0.72221045,0,1
0.7227105,0,0
0.72321035,0,1
0.72371035,0,0
0.72421015,0,1
0.72471025,0,0
0.7252101,0,1
0.72571015,0,0
0.72620995,0,1
0.72671005,0,0
0.72720985,0,1
0.7277099,0,0
0.72820975,0,1
0.7287098,0,0
0.72920965,0,1
0.72970975,0,0
0.7302096,0,1
0.73070965,0,0
0.7312095,0,1
0.73170955,0,0
0.7322094,0,1
0.7327095,0,0
0.73320935,0,1
0.73370945,0,0
0.7342093,0,1
0.7347094,0,0
0.7352092,0,1
0.7357093,0,0
0.7362092,0,1
0.73670925,0,0
0.7372091,0,1
0.73770915,0,0
0.738209,0,1
0.7387091,0,0
0.73920895,0,1
0.73970905,0,0
0.7402089,0,1
0.740709,0,0
0.74120885,0,1
0.7417089,0,0
0.74220875,0,1
0.7427089,0,0
0.74320875,0,1
0.74370885,0,0
0.7442087,0,1
0.74470875,0,0
0.74520865,0,1
0.7457087,0,0
0.74620855,0,1
0.7467086,0,0
0.74720845,0,1
0.7477085,0,0
0.7482084,0,1
0.7487085,0,0
0.7492083,0,1
0.74970845,0,0
0.75020825,0,1
0.7507084,0,0
0.7512082,0,1
0.75170825,0,0
0.7522081,0,1
0.7527082,0,0
0.7532081,0,1
0.7537082,0,0
0.75420805,0,1
0.7547081,0,0
0.75520795,0,1
0.755708,0,0
0.75620785,0,1
0.7567079,0,0
0.75720775,0,1
0.7577078,0,0
0.75820765,0,1
0.75870775,0,0
0.75920755,0,1
0.7597076,0,0
0.76020745,0,1
0.7607075,0,0
0.7612073,0,1
0.76170735,0,0
0.7622072,0,1
0.76270725,0,0
0.7632071,0,1
0.7637072,0,0
0.764207,0,1
0.7647071,0,0
0.76520685,0,1
0.7657069,0,0
0.7662067,0,1
0.76670675,0,0
0.76720655,0,1
0.76770665,0,0
0.76820645,0,1
0.7687065,0,0
0.7692063,0,1
0.7697064,0,0
0.7702062,0,1
0.77070625,0,0
0.7712061,0,1
0.7717062,0,0
0.772206,0,1
0.77270605,0,0
0.77320585,0,1
0.7737059,0,0
0.7742057,0,1
0.77470575,0,0
0.77520555,0,1
0.77570565,0,0
0.77620545,0,1
0.77670555,0,0
0.77720535,0,1
0.77770545,0,0
0.7782053,0,1
0.77870535,0,0
0.7792052,0,1
0.7797053,0,0
0.7802051,0,1
0.78070525,0,0
0.7812051,0,1
0.78170515,0,0
0.78220505,0,1
0.78270515,0,0
0.783205,0,1
0.7837051,0,0
0.7842049,0,1
0.784705,0,0
0.78520485,0,1
0.7857049,0,0
0.7862047,0,1
0.78670475,0,0
0.7872046,0,1
0.7877047,0,0
0.7882045,0,1
0.7887045,0,0
0.7892043,0,1
0.78970435,0,0
0.79020415,0,1
0.7907042,0,0
0.79120405,0,1
0.79170415,0,0
0.79220395,0,1
0.7927041,0,0
0.7932039,0,1
0.793704,0,0
0.7942038,0,1
0.7947039,0,0
0.79520375,0,1
0.7957038,0,0
0.7962036,0,1
0.79670365,0,0
0.7972034,0,1
0.7977034,0,0
0.79820325,0,1
0.7987033,0,0
0.7992031,0,1
0.7997032,0,0
0.800203,0,1
0.8007031,0,0
0.80120295,0,1
0.80170305,0,0
0.80220295,0,1
0.802703,0,0
0.80320285,0,1
0.8037029,0,0
0.80420275,0,1
0.8047028,0,0
0.80520265,0,1
0.80570275,0,0
0.80620255,0,1
0.8067027,0,0
0.8072025,0,1
0.80770255,0,0
0.8082024,0,1
0.80870245,0,0
0.80920225,0,1
0.80970235,0,0
0.81020215,0,1
0.8107022,0,0
0.81120195,0,1
0.811702,0,0
0.8122018,0,1
0.81270185,0,0
0.81320165,0,1
0.81370165,0,0
0.81420145,0,1
0.81470145,0,0
0.81520125,0,1
0.81570125,0,0
0.816201,0,1
0.81670105,0,0
0.81720085,0,1
0.81770085,0,0
0.8182006,0,1
0.81870065,0,0
0.8192003,0,1
0.8197003,0,0
0.82020005,0,1
0.82070005,0,0
0.82119975,0,1
0.82169975,0,0
0.8221995,0,1
0.8226996,0,0
0.82319935,0,1
0.8236994,0,0
0.8241992,0,1
0.82469915,0,0
0.82519895,0,1
0.825699,0,0
0.8261988,0,1
0.82669885,0,0
0.8271986,0,1
0.8276987,0,0
0.8281985,0,1
0.8286986,0,0
0.8291984,0,1
0.8296985,0,0
0.83019835,0,1
0.83069845,0,0
0.83119825,0,1
0.8316983,0,0
0.83219815,0,1
0.83269825,0,0
0.83319805,0,1
0.8336981,0,0
0.8341979,0,1
0.834698,0,0
0.83519785,0,1
0.8356979,0,0
0.83619775,0,1
0.8366978,0,0
0.8371976,0,1
0.83769765,0,0
0.8381975,0,1
0.83869755,0,0
0.8391973,0,1
0.8396974,0,0
0.84019725,0,1
0.84069735,0,0
0.8411972,0,1
0.84169725,0,0
0.842197,0,1
0.8426971,0,0
0.8431969,0,1
0.84369695,0,0
0.8441968,0,1
0.84469685,0,0
0.84519665,0,1
0.84569665,0,0
0.8461965,0,1
0.8466966,0,0
0.8471964,0,1
0.8476965,0,0
0.84819635,0,1
0.84869645,0,0
0.8491963,0,1
0.8496964,0,0
0.8501962,0,1
0.85069635,0,0
0.8511962,0,1
0.85169635,0,0
0.8521962,0,1
0.85269635,0,0
0.8531962,0,1
0.85369625,0,0
0.85419605,0,1
0.8546961,0,0
0.85519595,0,1
0.855696,0,0
0.8561958,0,1
0.85669585,0,0
0.8571957,0,1
0.8576958,0,0
0.85819565,0,1
0.85869575,0,0
0.85919565,0,1
0.85969575,0,0
0.8601956,0,1
0.86069575,0,0
0.86119565,0,1
0.8616958,0,0
0.86219565,0,1
0.8626958,0,0
0.86319565,0,1
0.86369575,0,0
0.8641956,0,1
0.86469575,0,0
0.8651956,0,1
0.8656957,0,0
0.8661955,0,1
0.86669565,0,0
0.8671955,0,1
0.86769565,0,0
0.86819555,0,1
0.8686956,0,0
0.86919545,0,1
0.8696955,0,0
0.87019535,0,1
0.87069545,0,0
0.87119525,0,1
0.87169535,0,0
0.87219515,0,1
0.87269525,0,0
0.87319505,0,1
0.87369515,0,0
0.874195,0,1
0.874695,0,0
0.8751948,0,1
0.87569485,0,0
0.8761947,0,1
0.8766948,0,0
0.87719465,0,1
0.87769475,0,0
0.8781946,0,1
0.8786947,0,0
0.8791945,0,1
0.87969465,0,0
0.88019455,0,1
0.8806947,0,0
0.88119465,0,1
0.8816948,0,0
0.8821947,0,1
0.88269485,0,0
0.8831948,0,1
0.88369495,0,0
0.88419485,0,1
0.884695,0,0
0.8851949,0,1
0.8856951,0,0
0.88619495,0,1
0.8866951,0,0
0.887195,0,1
0.8876951,0,0
0.88819495,0,1
0.88869505,0,0
0.8891949,0,1
0.88969495,0,0
0.8901948,0,1
0.8906949,0,0
0.8911948,0,1
0.8916949,0,0
0.8921947,0,1
0.8926948,0,0
0.89319465,0,1
0.89369475,0,0
0.8941946,0,1
0.89469475,0,0
0.8951946,0,1
0.89569465,0,0
0.8961945,0,1
0.8966946,0,0
0.89719445,0,1
0.89769455,0,0
0.8981944,0,1
0.8986945,0,0
0.8991944,0,1
0.89969455,0,0
0.90019445,0,1
0.90069455,0,0
0.90119435,0,1
0.90169445,0,0
0.9021943,0,1
0.90269445,0,0
0.9031943,0,1
0.90369435,0,0
0.90419425,0,1
0.90469435,0,0
0.9051942,0,1
0.90569425,0,0
0.90619405,0,1
0.90669415,0,0
0.907194,0,1
0.9076941,0,0
0.908194,0,1
0.90869415,0,0
0.90919405,0,1
0.90969425,0,0
0.9101941,0,1
0.91069425,0,0
0.9111941,0,1
0.9116942,0,0
0.91219405,0,1
0.91269415,0,0
0.913194,0,1
0.91369415,0,0
0.91419405,0,1
0.9146942,0,0
0.915194,0,1
0.91569415,0,0
0.91619395,0,1
0.916694,0,0
0.9171938,0,1
0.9176939,0,0
0.9181938,0,1
0.9186939,0,0
0.91919375,0,1
0.91969385,0,0
0.92019375,0,1
0.92069385,0,0
0.9211937,0,1
0.92169385,0,0
0.9221937,0,1
0.9226938,0,0
0.9231936,0,1
0.92369375,0,0
0.92419365,0,1
0.92469375,0,0
0.9251937,0,1
0.92569385,0,0
0.92619375,0,1
0.92669385,0,0
0.92719375,0,1
0.9276939,0,0
0.92819375,0,1
0.9286939,0,0
0.9291937,0,1
0.9296938,0,0
0.9301936,0,1
0.93069365,0,0
0.9311934,0,1
0.93169345,0,0
0.93219325,0,1
0.93269325,0,0
0.93319305,0,1
0.93369315,0,0
0.934193,0,1
0.93469305,0,0
0.93519295,0,1
0.93569295,0,0
0.9361928,0,1
0.9366929,0,0
0.9371927,0,1
0.9376928,0,0
0.93819265,0,1
0.9386927,0,0
0.93919255,0,1
0.9396926,0,0
0.9401924,0,1
0.9406925,0,0
0.9411923,0,1
0.9416923,0,0
0.9421921,0,1
0.9426921,0,0
0.9431919,0,1
0.9436919,0,0
0.9441917,0,1
0.9446917,0,0
0.94519145,0,1
0.94569145,0,0
0.94619125,0,1
0.94669125,0,0
0.947191,0,1
0.947691,0,0
0.94819075,0,1
0.9486908,0,0
0.9491906,0,1
0.9496906,0,0
0.9501904,0,1
0.95069045,0,0
0.95119025,0,1
0.9516903,0,0
0.9521901,0,1
0.95269015,0,0
0.95318995,0,1
0.95369,0,0
0.9541898,0,1
0.95468985,0,0
0.9551897,0,1
0.95568975,0,0
0.9561896,0,1
0.95668965,0,0
0.9571894,0,1
0.95768945,0,0
0.95818925,0,1
0.95868925,0,0
0.9591891,0,1
0.9596891,0,0
0.9601889,0,1
0.9606889,0,0
0.9611887,0,1
0.9616887,0,0
0.9621885,0,1
0.96268855,0,0
0.9631883,0,1
0.96368835,0,0
0.96418805,0,1
0.9646881,0,0
0.9651879,0,1
0.96568795,0,0
0.96618765,0,1
0.96668765,0,0
0.9671874,0,1
0.9676874,0,0
0.9681872,0,1
0.96868725,0,0
0.969187,0,1
0.96968705,0,0
0.9701869,0,1
0.9706869,0,0
0.9711867,0,1
0.9716868,0,0
0.97218655,0,1
0.97268665,0,0
0.97318645,0,1
0.97368645,0,0
0.9741863,0,1
0.9746863,0,0
0.9751861,0,1
0.97568615,0,0
0.9761859,0,1
0.976686,0,0
0.9771858,0,1
0.9776858,0,0
0.9781855,0,1
0.9786855,0,0
0.97918525,0,1
0.9796852,0,0
0.98018495,0,1
0.98068495,0,0
0.98118475,0,1
0.98168475,0,0
0.9821845,0,1
0.9826845,0,0
0.98318425,0,1
0.98368425,0,0
0.98418395,0,1
0.984684,0,0
0.98518375,0,1
0.98568375,0,0
0.9861835,0,1
0.9866835,0,0
0.9871833,0,1
0.9876833,0,0
0.98818305,0,1
0.988683,0,0
0.98918275,0,1
0.98968275,0,0
0.9901825,0,1
0.9906825,0,0
0.99118225,0,1
0.99168225,0,0
0.992182,0,1
0.992682,0,0
0.99318175,0,1
0.9936817,0,0
0.9941814,0,1
0.9946814,0,0
0.99518115,0,1
0.9956812,0,0
0.996181,0,1
0.996681,0,0
0.99718075,0,1
0.99768075,0,0
0.9981805,0,1
0.99868055,0,0
0.9991803,0,1
0.99968025,0,0
1.00018,0,1
1.00068,0,0
1.0011798,0,1
1.00167975,0,0
1.00217945,0,1
1.0026795,0,0
1.0031792,0,1
1.00367925,0,0
1.004179,0,1
1.004679,0,0
1.0051788,0,1
1.00567875,0,0
1.00617855,0,1
1.0066786,0,0
1.00717835,0,1
1.0076784,0,0
1.00817815,0,1
1.0086782,0,0
1.009178,0,1
1.0096781,0,0
1.01017785,0,1
1.01067785,0,0
1.01117765,0,1
1.0116777,0,0
1.0121775,0,1
1.01267755,0,0
1.01317735,0,1
1.01367735,0,0
1.01417715,0,1
1.0146771,0,0
1.0151769,0,1
1.0156769,0,0
1.01617665,0,1
1.01667665,0,0
1.0171764,0,1
1.0176764,0,0
1.01817615,0,1
1.0186761,0,0
1.01917585,0,1
1.0196758,0,0
1.02017555,0,1
1.02067555,0,0
1.0211753,0,1
1.0216753,0,0
1.02217505,0,1
1.022675,0,0
1.0231747,0,1
1.0236747,0,0
1.02417445,0,1
1.0246744,0,0
1.02517415,0,1
1.0256741,0,0
1.0261738,0,1
1.0266738,0,0
1.02717355,0,1
1.02767355,0,0
1.02817325,0,1
1.02867325,0,0
1.029173,0,1
1.029673,0,0
1.03017275,0,1
1.0306728,0,0
1.0311726,0,1
1.03167265,0,0
1.03217245,0,1
1.03267245,0,0
1.03317225,0,1
1.03367225,0,0
1.034172,0,1
1.034672,0,0
1.03517175,0,1
1.0356718,0,0
1.03617155,0,1
1.03667155,0,0
1.03717135,0,1
1.03767135,0,0
1.03817115,0,1
1.0386712,0,0
1.03917095,0,1
1.0396709,0,0
1.0401707,0,1
1.04067075,0,0
1.04117055,0,1
1.04167055,0,0
1.0421704,0,1
1.0426705,0,0
1.0431703,0,1
1.04367035,0,0
1.04417015,0,1
1.0446702,0,0
1.04517,0,1
1.04567005,0,0
1.0461698,0,1
1.04666985,0,0
1.0471696,0,1
1.04766965,0,0
1.04816945,0,1
1.04866945,0,0
1.0491693,0,1
1.04966935,0,0
1.05016915,0,1
1.05066915,0,0
1.05116895,0,1
1.051669,0,0
1.0521688,0,1
1.05266885,0,0
1.05316865,0,1
1.0536687,0,0
1.0541685,0,1
1.0546685,0,0
1.0551683,0,1
1.05566835,0,0
1.05616805,0,1
1.0566681,0,0
1.05716785,0,1
1.05766785,0,0
1.0581676,0,1
1.05866765,0,0
1.05916745,0,1
1.05966745,0,0
1.06016725,0,1
1.06066735,0,0
1.06116715,0,1
1.06166725,0,0
1.06216705,0,1
1.06266715,0,0
1.06316695,0,1
1.063667,0,0
1.0641668,0,1
1.06466685,0,0
1.0651667,0,1
1.06566675,0,0
1.06616655,0,1
1.06666665,0,0
1.0671665,0,1
1.06766655,0,0
1.0681664,0,1
1.0686665,0,0
1.0691663,0,1
1.0696664,0,0
1.0701662,0,1
1.07066625,0,0
1.0711661,0,1
1.07166615,0,0
1.07216595,0,1
1.07266605,0,0
1.07316585,0,1
1.07366595,0,0
1.07416585,0,1
1.0746659,0,0
1.0751658,0,1
1.07566585,0,0
1.07616565,0,1
1.0766658,0,0
1.07716565,0,1
1.07766575,0,0
1.0781656,0,1
1.07866565,0,0
1.0791655,0,1
1.0796656,0,0
1.0801654,0,1
1.0806655,0,0
1.08116535,0,1
1.08166545,0,0
1.0821653,0,1
1.0826654,0,0
1.08316525,0,1
1.08366535,0,0
1.0841652,0,1
1.0846653,0,0
1.0851652,0,1
1.0856653,0,0
1.08616515,0,1
1.0866653,0,0
1.08716515,0,1
1.0876652,0,0
1.08816505,0,1
1.0886651,0,0
1.08916495,0,1
1.08966505,0,0
1.0901649,0,1
1.09066495,0,0
1.0911648,0,1
1.09166485,0,0
1.09216465,0,1
1.0926647,0,0
1.09316455,0,1
1.09366465,0,0
1.0941645,0,1
1.09466455,0,0
1.0951644,0,1
1.09566445,0,0
1.0961643,0,1
1.09666435,0,0
1.0971642,0,1
1.09766425,0,0
1.09816405,0,1
1.09866415,0,0
1.09916395,0,1
1.099664,0,0
1.1001638,0,1
1.10066385,0,0
1.1011637,0,1
1.1016638,0,0
1.10216365,0,1
1.1026637,0,0
1.10316355,0,1
1.10366365,0,0
1.10416345,0,1
1.10466355,0,0
1.10516345,0,1
1.10566355,0,0
1.10616345,0,1
1.1066635,0,0
1.1071633,0,1
1.10766335,0,0
1.10816315,0,1
1.10866325,0,0
1.10916305,0,1
1.1096631,0,0
1.1101629,0,1
1.110663,0,0
1.1111629,0,1
1.11166295,0,0
1.11216275,0,1
1.1126628,0,0
1.11316265,0,1
1.1136627,0,0
1.1141625,0,1
1.11466255,0,0
1.1151624,0,1
1.1156624,0,0
1.1161622,0,1
1.11666225,0,0
1.11716205,0,1
1.11766215,0,0
1.11816195,0,1
1.118662,0,0
1.1191618,0,1
1.1196619,0,0
1.1201617,0,1
1.1206618,0,0
1.1211616,0,1
1.1216617,0,0
1.1221615,0,1
1.12266155,0,0
1.1231614,0,1
1.1236615,0,0
1.1241613,0,1
1.1246614,0,0
1.12516125,0,1
1.1256613,0,0
1.12616115,0,1
1.12666125,0,0
1.1271611,0,1
1.1276612,0,0
1.128161,0,1
1.1286611,0,0
1.12916095,0,1
1.12966105,0,0
1.1301609,0,1
1.130661,0,0
1.13116085,0,1
1.13166095,0,0
1.1321608,0,1
1.1326609,0,0
1.13316075,0,1
1.13366085,0,0
1.13416075,0,1
1.13466085,0,0
1.1351607,0,1
1.1356608,0,0
1.13616065,0,1
1.13666075,0,0
1.13716055,0,1
1.1376607,0,0
1.13816055,0,1
1.13866065,0,0
1.1391605,0,1
1.1396606,0,0
1.14016045,0,1
1.1406605,0,0
1.14116035,0,1
1.1416604,0,0
1.1421602,0,1
1.14266025,0,0
1.14316005,0,1
1.14366015,0,0
1.14415995,0,1
1.14466,0,0
1.1451598,0,1
1.14565985,0,0
1.1461597,0,1
1.14665975,0,0
1.14715955,0,1
1.14765965,0,0
1.1481594,0,1
1.1486594,0,0
1.1491592,0,1
1.1496592,0,0
1.150159,0,1
1.150659,0,0
1.15115875,0,1
1.15165875,0,0
1.1521585,0,1
1.1526585,0,0
1.15315825,0,1
1.15365825,0,0
1.154158,0,1
1.154658,0,0
1.1551577,0,1
1.1556577,0,0
1.1561575,0,1
1.1566575,0,0
1.15715725,0,1
1.15765725,0,0
1.15815705,0,1
1.15865705,0,0
1.15915675,0,1
1.15965675,0,0
1.1601565,0,1
1.1606565,0,0
1.1611563,0,1
1.16165635,0,0
1.16215615,0,1
1.16265615,0,0
1.1631559,0,1
1.16365595,0,0
1.1641557,0,1
1.1646558,0,0
1.1651556,0,1
1.1656557,0,0
1.1661555,0,1
1.16665555,0,0
1.16715535,0,1
1.1676554,0,0
1.1681552,0,1
1.16865525,0,0
1.1691551,0,1
1.1696552,0,0
1.17015505,0,1
1.1706551,0,0
1.1711549,0,1
1.171655,0,0
1.1721548,0,1
1.1726548,0,0
1.1731546,0,1
1.17365465,0,0
1.17415445,0,1
1.1746545,0,0
1.17515435,0,1
1.1756544,0,0
1.17615425,0,1
1.1766544,0,0
1.17715425,0,1
1.1776543,0,0
1.17815415,0,1
1.17865425,0,0
1.1791541,0,1
1.17965425,0,0
1.1801541,0,1
1.1806542,0,0
1.18115405,0,1
1.1816541,0,0
1.1821539,0,1
1.18265395,0,0
1.1831538,0,1
1.1836539,0,0
1.1841537,0,1
1.18465375,0,0
1.18515355,0,1
1.18565365,0,0
1.18615345,0,1
1.1866535,0,0
1.18715325,0,1
1.1876533,0,0
1.1881531,0,1
1.18865315,0,0
1.189153,0,1
1.189653,0,0
1.1901528,0,1
1.19065285,0,0
1.1911527,0,1
1.1916528,0,0
1.1921526,0,1
1.1926527,0,0
1.1931525,0,1
1.1936525,0,0
1.1941523,0,1
1.19465235,0,0
1.1951522,0,1
1.19565225,0,0
1.1961521,0,1
1.19665215,0,0
1.197152,0,1
1.19765215,0,0
1.198152,0,1
1.19865205,0,0
1.1991519,0,1
1.19965195,0,0
1.20015175,0,1
1.20065185,0,0
1.20115165,0,1
1.20165175,0,0
1.2021516,0,1
1.20265165,0,0
1.20315145,0,1
1.20365155,0,0
1.2041514,0,1
1.2046515,0,0
1.20515135,0,1
1.20565145,0,0
1.20615125,0,1
1.2066513,0,0
1.20715115,0,1
1.2076512,0,0
1.20815095,0,1
1.208651,0,0
1.2091508,0,1
1.2096508,0,0
1.2101506,0,1
1.2106507,0,0
1.2111505,0,1
1.21165055,0,0
1.21215035,0,1
1.21265045,0,0
1.21315025,0,1
1.2136504,0,0
1.2141502,0,1
1.2146503,0,0
1.2151501,0,1
1.2156502,0,0
1.21615005,0,1
1.21665015,0,0
1.21715,0,1
1.21765015,0,0
1.21815005,0,1
1.21865015,0,0
1.21915,0,1
1.21965005,0,0
1.22014985,0,1
1.2206499,0,0
1.22114975,0,1
1.22164985,0,0
1.2221497,0,1
1.2226498,0,0
1.2231496,0,1
1.2236497,0,0
1.2241495,0,1
1.22464955,0,0
1.2251494,0,1
1.22564945,0,0
1.2261492,0,1
1.2266493,0,0
1.22714905,0,1
1.22764915,0,0
1.22814895,0,1
1.228649,0,0
1.22914885,0,1
1.22964895,0,0
1.2301488,0,1
1.23064885,0,0
1.2311487,0,1
1.2316488,0,0
1.2321486,0,1
1.23264875,0,0
1.23314855,0,1
1.23364865,0,0
1.2341485,0,1
1.2346486,0,0
1.23514845,0,1
1.23564855,0,0
1.23614835,0,1
1.2366484,0,0
1.2371482,0,1
1.23764825,0,0
1.23814805,0,1
1.23864815,0,0
1.239148,0,1
1.2396481,0,0
1.24014795,0,1
1.2406481,0,0
1.24114795,0,1
1.241648,0,0
1.24214785,0,1
1.24264795,0,0
1.2431478,0,1
1.2436479,0,0
1.24414775,0,1
1.24464785,0,0
1.24514765,0,1
1.24564775,0,0
1.24614755,0,1
1.24664765,0,0
1.2471475,0,1
1.24764755,0,0
1.24814735,0,1
1.24864745,0,0
1.2491473,0,1
1.2496474,0,0
1.25014725,0,1
1.25064735,0,0
1.2511472,0,1
1.25164735,0,0
1.25214715,0,1
1.25264725,0,0
1.25314705,0,1
1.2536471,0,0
1.25414695,0,1
1.254647,0,0
1.25514685,0,1
1.25564695,0,0
1.25614675,0,1
1.25664685,0,0
1.2571467,0,1
1.25764675,0,0
1.25814665,0,1
1.25864675,0,0
1.25914655,0,1
1.2596466,0,0
1.26014645,0,1
1.2606465,0,0
1.2611463,0,1
1.26164635,0,0
1.2621461,0,1
1.2626462,0,0
1.263146,0,1
1.26364605,0,0
1.26414585,0,1
1.26464585,0,0
1.2651456,0,1
1.2656456,0,0
1.2661454,0,1
1.2666454,0,0
1.2671452,0,1
1.26764525,0,0
1.26814505,0,1
1.26864505,0,0
1.2691448,0,1
1.2696448,0,0
1.2701445,0,1
1.2706445,0,0
1.2711442,0,1
1.2716442,0,0
1.27214395,0,1
1.27264395,0,0
1.2731436,0,1
1.2736436,0,0
1.2741433,0,1
1.2746432,0,0
1.2751429,0,1
1.2756428,0,0
1.2761425,0,1
1.27664245,0,0
1.2771421,0,1
1.27764205,0,0
1.27814175,0,1
1.2786417,0,0
1.27914145,0,1
1.2796415,0,0
1.2801413,0,1
1.2806413,0,0
1.28114115,0,1
1.2816412,0,0
1.282141,0,1
1.282641,0,0
1.28314085,0,1
1.2836409,0,0
1.2841407,0,1
1.2846408,0,0
1.2851406,0,1
1.2856407,0,0
1.28614055,0,1
1.2866407,0,0
1.2871405,0,1
1.2876406,0,0
1.2881404,0,1
1.28864045,0,0
1.2891403,0,1
1.2896404,0,0
1.29014015,0,1
1.29064025,0,0
1.29114,0,1
1.29164005,0,0
1.29213985,0,1
1.29263985,0,0
1.29313965,0,1
1.29363965,0,0
1.29413945,0,1
1.29463955,0,0
1.29513935,0,1
1.2956394,0,0
1.2961392,0,1
1.29663925,0,0
1.2971391,0,1
1.29763915,0,0
1.29813895,0,1
1.298639,0,0
1.2991388,0,1
1.2996389,0,0
1.3001387,0,1
1.30063875,0,0
1.3011385,0,1
1.30163845,0,0
1.30213825,0,1
1.30263835,0,0
1.30313815,0,1
1.3036382,0,0
1.304138,0,1
1.304638,0,0
1.30513775,0,1
1.3056378,0,0
1.30613755,0,1
1.3066376,0,0
1.30713735,0,1
1.30763735,0,0
1.30813715,0,1
1.30863715,0,0
1.30913695,0,1
1.309637,0,0
1.3101368,0,1
1.3106368,0,0
1.3111366,0,1
1.3116366,0,0
1.3121364,0,1
1.3126364,0,0
1.3131362,0,1
1.31363625,0,0
1.314136,0,1
1.314636,0,0
1.3151358,0,1
1.3156358,0,0
1.31613565,0,1
1.3166357,0,0
1.31713555,0,1
1.3176356,0,0
1.31813545,0,1
1.3186355,0,0
1.31913535,0,1
1.31963545,0,0
1.32013525,0,1
1.32063535,0,0
1.32113515,0,1
1.32163525,0,0
1.32213505,0,1
1.3226351,0,0
1.32313485,0,1
1.32363495,0,0
1.3241347,0,1
1.32463475,0,0
1.3251345,0,1
1.32563455,0,0
1.3261343,0,1
1.3266343,0,0
1.32713405,0,1
1.3276341,0,0
1.3281339,0,1
1.32863395,0,0
1.32913375,0,1
1.3296338,0,0
1.33013365,0,1
1.3306337,0,0
1.33113355,0,1
1.3316336,0,0
1.3321334,0,1
1.33263345,0,0
1.33313325,0,1
1.33363325,0,0
1.3341331,0,1
1.3346332,0,0
1.33513305,0,1
1.3356331,0,0
1.33613285,0,1
1.3366329,0,0
1.3371327,0,1
1.33763275,0,0
1.33813255,0,1
1.3386326,0,0
1.3391324,0,1
1.33963245,0,0
1.34013225,0,1
1.34063235,0,0
1.34113215,0,1
1.34163215,0,0
1.342132,0,1
1.34263205,0,0
1.34313185,0,1
1.3436319,0,0
1.3441317,0,1
1.3446317,0,0
1.3451315,0,1
1.34563155,0,0
1.34613135,0,1
1.34663135,0,0
1.3471311,0,1
1.34763115,0,0
1.34813095,0,1
1.34863095,0,0
1.3491307,0,1
1.34963075,0,0
1.3501305,0,1
1.35063055,0,0
1.3511304,0,1
1.35163045,0,0
1.3521303,0,1
1.3526304,0,0
1.3531302,0,1
1.35363025,0,0
1.3541301,0,1
1.35463015,0,0
1.35512995,0,1
1.35563,0,0
1.3561298,0,1
1.3566299,0,0
1.3571297,0,1
1.35762975,0,0
1.3581296,0,1
1.35862965,0,0
1.35912945,0,1
1.3596295,0,0
1.36012925,0,1
1.36062925,0,0
1.36112895,0,1
1.36162895,0,0
1.36212875,0,1
1.36262885,0,0
1.3631287,0,1
1.36362875,0,0
1.3641286,0,1
1.36462865,0,0
1.36512845,0,1
1.36562845,0,0
1.3661282,0,1
1.36662825,0,0
1.367128,0,1
1.3676281,0,0
1.36812785,0,1
1.36862795,0,0
1.36912775,0,1
1.3696278,0,0
1.37012755,0,1
1.37062755,0,0
1.37112735,0,1
1.37162735,0,0
1.37212715,0,1
1.3726272,0,0
1.373127,0,1
1.37362705,0,0
1.37412685,0,1
1.3746269,0,0
1.3751267,0,1
1.3756268,0,0
1.3761266,0,1
1.3766267,0,0
1.37712655,0,1
1.37762665,0,0
1.37812645,0,1
1.37862655,0,0
1.37912635,0,1
1.3796264,0,0
1.38012615,0,1
1.38062615,0,0
1.3811259,0,1
1.38162595,0,0
1.38212575,0,1
1.3826258,0,0
1.3831256,0,1
1.3836256,0,0
1.3841254,0,1
1.3846254,0,0
1.38512515,0,1
1.3856252,0,0
1.386125,0,1
1.3866251,0,0
1.3871249,0,1
1.38762495,0,0
1.3881247,0,1
1.38862475,0,0
1.3891245,0,1
1.3896245,0,0
1.3901243,0,1
1.39062435,0,0
1.39112415,0,1
1.3916242,0,0
1.392124,0,1
1.39262405,0,0
1.39312385,0,1
1.3936239,0,0
1.39412365,0,1
1.39462365,0,0
1.3951234,0,1
1.39562345,0,0
1.39612325,0,1
1.39662325,0,0
1.39712305,0,1
1.39762305,0,0
1.3981229,0,1
1.3986229,0,0
1.3991227,0,1
1.3996227,0,0
1.40012245,0,1
1.4006225,0,0
1.40112225,0,1
1.4016223,0,0
1.40212205,0,1
1.40262205,0,0
1.40312185,0,1
1.40362185,0,0
1.40412165,0,1
1.40462165,0,0
1.40512145,0,1
1.40562145,0,0
1.40612125,0,1
1.40662125,0,0
1.40712105,0,1
1.4076211,0,0
1.4081209,0,1
1.4086209,0,0
1.4091207,0,1
1.4096207,0,0
1.41012055,0,1
1.4106206,0,0
1.41112035,0,1
1.41162035,0,0
1.41212015,0,1
1.4126202,0,0
1.41312,0,1
1.41362005,0,0
1.41411985,0,1
1.4146199,0,0
1.41511975,0,1
1.4156198,0,0
1.4161196,0,1
1.41661965,0,0
1.41711945,0,1
1.41761945,0,0
1.41811925,0,1
1.4186193,0,0
1.4191191,0,1
1.4196191,0,0
1.42011885,0,1
1.4206189,0,0
1.4211187,0,1
1.42161875,0,0
1.42211855,0,1
1.4226186,0,0
1.4231184,0,1
1.42361845,0,0
1.4241182,0,1
1.4246182,0,0
1.4251179,0,1
1.42561795,0,0
1.42611775,0,1
1.42661775,0,0
1.42711755,0,1
1.4276176,0,0
1.42811745,0,1
1.42861755,0,0
1.42911745,0,1
1.4296175,0,0
1.43011735,0,1
1.4306174,0,0
1.43111725,0,1
1.43161735,0,0
1.43211715,0,1
1.43261715,0,0
1.43311695,0,1
1.43361705,0,0
1.4341169,0,1
1.43461695,0,0
1.4351168,0,1
1.43561685,0,0
1.43611665,0,1
1.4366167,0,0
1.43711655,0,1
1.4376166,0,0
1.4381164,0,1
1.43861645,0,0
1.43911625,0,1
1.43961635,0,0
1.4401162,0,1
1.4406163,0,0
1.44111615,0,1
1.4416163,0,0
1.4421161,0,1
1.4426162,0,0
1.4431161,0,1
1.4436162,0,0
1.44411605,0,1
1.44461615,0,0
1.44511595,0,1
1.445616,0,0
1.4461158,0,1
1.44661585,0,0
1.4471157,0,1
1.44761575,0,0
1.4481156,0,1
1.44861565,0,0
1.44911545,0,1
1.44961545,0,0
1.45011525,0,1
1.4506153,0,0
1.4511151,0,1
1.45161515,0,0
1.45211495,0,1
1.45261505,0,0
1.4531149,0,1
1.453615,0,0
1.45411485,0,1
1.45461495,0,0
1.45511475,0,1
1.4556148,0,0
1.45611455,0,1
1.4566146,0,0
1.4571144,0,1
1.4576144,0,0
1.4581142,0,1
1.45861425,0,0
1.459114,0,1
1.4596141,0,0
1.46011385,0,1
1.4606139,0,0
1.4611137,0,1
1.46161375,0,0
1.4621136,0,1
1.4626136,0,0
1.4631134,0,1
1.46361345,0,0
1.46411325,0,1
1.46461335,0,0
1.46511315,0,1
1.46561315,0,0
1.466113,0,1
1.46661305,0,0
1.4671129,0,1
1.46761295,0,0
1.46811275,0,1
1.46861285,0,0
1.4691126,0,1
1.46961265,0,0
1.47011245,0,1
1.47061245,0,0
1.47111225,0,1
1.4716123,0,0
1.4721121,0,1
1.47261215,0,0
1.473112,0,1
1.47361205,0,0
1.47411185,0,1
1.47461195,0,0
1.4751118,0,1
1.47561185,0,0
1.4761117,0,1
1.4766118,0,0
1.4771116,0,1
1.47761165,0,0
1.4781115,0,1
1.47861165,0,0
1.4791115,0,1
1.47961155,0,0
1.48011135,0,1
1.48061145,0,0
1.48111125,0,1
1.48161135,0,0
1.48211115,0,1
1.48261115,0,0
1.48311095,0,1
1.48361105,0,0
1.4841109,0,1
1.48461095,0,0
1.4851108,0,1
1.4856109,0,0
1.48611075,0,1
1.48661085,0,0
1.48711065,0,1
1.48761075,0,0
1.4881106,0,1
1.48861065,0,0
1.48911045,0,1
1.48961055,0,0
1.49011035,0,1
1.49061045,0,0
1.4911103,0,1
1.4916104,0,0
1.4921102,0,1
1.4926103,0,0
1.4931102,0,1
1.4936103,0,0
1.49411015,0,1
1.49461025,0,0
1.4951101,0,1
1.4956102,0,0
1.49611,0,1
1.4966101,0,0
1.49710995,0,1
1.49761005,0,0
1.4981099,0,1
1.49860995,0,0
1.4991098,0,1
1.4996099,0,0
1.5001098,0,1
1.5006099,0,0
1.5011097,0,1
1.5016098,0,0
1.50210965,0,1
1.5026097,0,0
1.50310955,0,1
1.50360965,0,0
1.50410945,0,1
1.5046095,0,0
1.50510925,0,1
1.50560935,0,0
1.50610915,0,1
1.5066092,0,0
1.507109,0,1
1.5076091,0,0
1.5081089,0,1
1.508609,0,0
1.50910885,0,1
1.50960895,0,0
1.51010885,0,1
1.51060895,0,0
1.51110875,0,1
1.5116089,0,0
1.51210875,0,1
1.51260885,0,0
1.51310875,0,1
1.51360885,0,0
1.51410875,0,1
1.5146089,0,0
1.51510875,0,1
1.51560895,0,0
1.5161088,0,1
1.5166089,0,0
1.51710875,0,1
1.51760885,0,0
1.5181086,0,1
1.51860865,0,0
1.5191085,0,1
1.51960855,0,0
1.52010845,0,1
1.5206086,0,0
1.52110845,0,1
1.52160855,0,0
1.5221084,0,1
1.5226085,0,0
1.5231083,0,1
1.5236084,0,0
1.52410825,0,1
1.52460835,0,0
1.52510815,0,1
1.52560825,0,0
1.5261081,0,1
1.5266082,0,0
1.527108,0,1
1.52760805,0,0
1.5281079,0,1
1.52860795,0,0
1.52910775,0,1
1.5296078,0,0
1.53010765,0,1
1.5306078,0,0
1.53110765,0,1
1.53160775,0,0
1.5321076,0,1
1.53260765,0,0
1.5331075,0,1
1.53360755,0,0
1.5341074,0,1
1.5346075,0,0
1.5351073,0,1
1.53560735,0,0
1.53610715,0,1
1.5366072,0,0
1.53710705,0,1
1.5376071,0,0
1.5381069,0,1
1.53860695,0,0
1.53910675,0,1
1.5396068,0,0
1.5401066,0,1
1.54060665,0,0
1.54110645,0,1
1.5416065,0,0
1.5421063,0,1
1.54260635,0,0
1.5431062,0,1
1.5436063,0,0
1.5441061,0,1
1.5446062,0,0
1.54510605,0,1
1.54560615,0,0
1.54610595,0,1
1.54660605,0,0
1.5471058,0,1
1.5476058,0,0
1.5481056,0,1
1.5486056,0,0
1.5491054,0,1
1.5496054,0,0
1.55010515,0,1
1.5506051,0,0
1.55110485,0,1
1.5516048,0,0
1.55210455,0,1
1.55260455,0,0
1.55310435,0,1
1.5536044,0,0
1.55410415,0,1
1.5546042,0,0
1.55510395,0,1
1.55560385,0,0
1.5561035,0,1
1.55660345,0,0
1.55710325,0,1
1.5576032,0,0
1.558103,0,1
1.55860295,0,0
1.55910275,0,1
1.55960275,0,0
1.5601025,0,1
1.56060245,0,0
1.5611022,0,1
1.5616022,0,0
1.56210195,0,1
1.56260195,0,0
1.5631017,0,1
1.5636017,0,0
1.5641015,0,1
1.56460155,0,0
1.56510125,0,1
1.5656013,0,0
1.56610105,0,1
1.5666011,0,0
1.56710095,0,1
1.567601,0,0
1.5681008,0,1
1.5686009,0,0
1.5691007,0,1
1.56960085,0,0
1.5701007,0,1
1.5706008,0,0
1.57110065,0,1
1.57160075,0,0
1.5721006,0,1
1.5726007,0,0
1.57310055,0,1
1.5736006,0,0
1.57410045,0,1
1.57460045,0,0
1.5751003,0,1
1.57560035,0,0
1.5761002,0,1
1.57660025,0,0
1.57710005,0,1
1.5776001,0,0
1.5780999,0,1
1.57859995,0,0
1.5790997,0,1
1.57959975,0,0
1.58009955,0,1
1.5805996,0,0
1.58109945,0,1
1.5815995,0,0
1.58209925,0,1
1.5825993,0,0
1.5830991,0,1
1.58359915,0,0
1.58409895,0,1
1.58459905,0,0
1.5850989,0,1
1.585599,0,0
1.58609885,0,1
1.58659895,0,0
1.58709875,0,1
1.5875988,0,0
1.58809865,0,1
1.58859875,0,0
1.5890986,0,1
1.5895987,0,0
1.5900985,0,1
1.5905986,0,0
1.59109845,0,1
1.59159855,0,0
1.59209835,0,1
1.59259845,0,0
1.5930983,0,1
1.59359845,0,0
1.5940983,0,1
1.59459845,0,0
1.5950983,0,1
1.59559845,0,0
1.5960984,0,1
1.5965986,0,0
1.5970985,0,1
1.5975986,0,0
1.5980985,0,1
1.5985986,0,0
1.5990985,0,1
1.59959865,0,0
1.60009855,0,1
1.6005987,0,0
1.60109855,0,1
1.6015987,0,0
1.60209855,0,1
1.6025986,0,0
1.6030984,0,1
1.60359845,0,0
1.6040983,0,1
1.60459835,0,0
1.60509815,0,1
1.60559825,0,0
1.6060981,0,1
1.60659815,0,0
1.6070979,0,1
1.607598,0,0
1.6080978,0,1
1.6085979,0,0
1.6090977,0,1
1.60959775,0,0
1.6100975,0,1
1.61059755,0,0
1.6110973,0,1
1.6115974,0,0
1.61209725,0,1
1.6125973,0,0
1.6130971,0,1
1.6135971,0,0
1.6140969,0,1
1.61459695,0,0
1.6150968,0,1
1.6155969,0,0
1.6160967,0,1
1.61659685,0,0
1.61709665,0,1
1.61759675,0,0
1.61809665,0,1
1.61859675,0,0
1.61909665,0,1
1.6195968,0,0
1.6200967,0,1
1.62059685,0,0
1.6210967,0,1
1.62159685,0,0
1.6220967,0,1
1.62259685,0,0
1.62309675,0,1
1.62359695,0,0
1.62409685,0,1
1.624597,0,0
1.6250969,0,1
1.62559705,0,0
1.62609695,0,1
1.62659705,0,0
1.62709695,0,1
1.6275971,0,0
1.62809695,0,1
1.6285971,0,0
1.629097,0,1
1.62959715,0,0
1.63009705,0,1
1.6305972,0,0
1.6310971,0,1
1.6315972,0,0
1.63209705,0,1
1.63259715,0,0
1.63309705,0,1
1.6335972,0,0
1.6340971,0,1
1.6345972,0,0
1.6350971,0,1
1.6355972,0,0
1.6360971,0,1
1.6365972,0,0
1.6370971,0,1
1.6375972,0,0
1.638097,0,1
1.63859715,0,0
1.63909695,0,1
1.6395971,0,0
1.640097,0,1
1.6405971,0,0
1.64109695,0,1
1.6415971,0,0
1.642097,0,1
1.6425971,0,0
1.64309695,0,1
1.64359705,0,0
1.64409695,0,1
1.64459705,0,0
1.64509695,0,1
1.64559705,0,0
1.64609695,0,1
1.64659705,0,0
1.6470969,0,1
1.64759695,0,0
1.64809675,0,1
1.64859675,0,0
1.6490965,0,1
1.6495966,0,0
1.65009645,0,1
1.65059655,0,0
1.65109645,0,1
1.65159655,0,0
1.65209645,0,1
1.65259655,0,0
1.65309645,0,1
1.6535966,0,0
1.6540965,0,1
1.65459655,0,0
1.6550964,0,1
1.6555965,0,0
1.65609635,0,1
1.6565964,0,0
1.6570963,0,1
1.6575964,0,0
1.6580963,0,1
1.6585964,0,0
1.65909625,0,1
1.6595964,0,0
1.6600963,0,1
1.6605964,0,0
1.6610963,0,1
1.6615964,0,0
1.6620963,0,1
1.66259645,0,0
1.66309635,0,1
1.66359645,0,0
1.6640963,0,1
1.6645964,0,0
1.6650963,0,1
1.66559645,0,0
1.66609635,0,1
1.66659645,0,0
1.6670963,0,1
1.6675964,0,0
1.66809625,0,1
1.66859635,0,0
1.6690962,0,1
1.6695963,0,0
1.6700962,0,1
1.6705963,0,0
1.6710962,0,1
1.6715963,0,0
1.67209615,0,1
1.6725963,0,0
1.67309615,0,1
1.67359625,0,0
1.67409615,0,1
1.6745963,0,0
1.67509615,0,1
1.67559625,0,0
1.6760961,0,1
1.6765962,0,0
1.6770961,0,1
1.6775962,0,0
1.67809615,0,1
1.67859625,0,0
1.6790962,0,1
1.67959635,0,0
1.68009615,0,1
1.6805963,0,0
1.68109615,0,1
1.68159625,0,0
1.68209605,0,1
1.68259615,0,0
1.68309605,0,1
1.6835962,0,0
1.684096,0,1
1.6845961,0,0
1.6850959,0,1
1.68559595,0,0
1.6860958,0,1
1.6865959,0,0
1.68709575,0,1
1.6875958,0,0
1.6880956,0,1
1.6885957,0,0
1.6890955,0,1
1.6895956,0,0
1.6900955,0,1
1.69059565,0,0
1.69109555,0,1
1.69159565,0,0
1.69209555,0,1
1.69259565,0,0
1.69309545,0,1
1.6935956,0,0
1.69409545,0,1
1.69459555,0,0
1.69509545,0,1
1.6955955,0,0
1.6960954,0,1
1.6965955,0,0
1.6970953,0,1
1.69759545,0,0
1.69809535,0,1
1.6985955,0,0
1.6990954,0,1
1.6995955,0,0
1.70009535,0,1
1.70059545,0,0
1.70109535,0,1
1.70159545,0,0
1.70209535,0,1
1.70259545,0,0
1.7030953,0,1
1.70359545,0,0
1.7040953,0,1
1.7045954,0,0
1.70509525,0,1
1.70559535,0,0
1.7060952,0,1
1.70659525,0,0
1.7070951,0,1
1.70759525,0,0
1.70809505,0,1
1.7085952,0,0
1.70909505,0,1
1.70959515,0,0
1.710095,0,1
1.7105951,0,0
1.71109495,0,1
1.7115951,0,0
1.71209495,0,1
1.71259505,0,0
1.71309485,0,1
1.713595,0,0
1.7140949,0,1
1.71459495,0,0
1.71509485,0,1
1.71559495,0,0
1.71609475,0,1
1.7165948,0,0
1.7170946,0,1
1.7175947,0,0
1.7180945,0,1
1.7185946,0,0
1.71909445,0,1
1.71959455,0,0
1.7200944,0,1
1.72059445,0,0
1.7210943,0,1
1.7215944,0,0
1.72209425,0,1
1.7225944,0,0
1.72309425,0,1
1.72359435,0,0
1.7240942,0,1
1.72459425,0,0
1.72509405,0,1
1.72559415,0,0
1.726094,0,1
1.7265941,0,0
1.7270939,0,1
1.727594,0,0
1.72809385,0,1
1.72859395,0,0
1.72909375,0,1
1.72959385,0,0
1.7300937,0,1
1.7305938,0,0
1.73109365,0,1
1.7315937,0,0
1.73209355,0,1
1.7325936,0,0
1.7330934,0,1
1.7335935,0,0
1.73409335,0,1
1.73459345,0,0
1.7350933,0,1
1.73559345,0,0
1.7360933,0,1
1.7365934,0,0
1.7370933,0,1
1.73759345,0,0
1.73809335,0,1
1.7385935,0,0
1.73909335,0,1
1.73959345,0,0
1.74009325,0,1
1.74059325,0,0
1.7410931,0,1
1.74159325,0,0
1.7420931,0,1
1.7425932,0,0
1.74309305,0,1
1.7435931,0,0
1.7440929,0,1
1.74459295,0,0
1.7450928,0,1
1.74559285,0,0
1.7460927,0,1
1.7465928,0,0
1.74709265,0,1
1.74759275,0,0
1.7480926,0,1
1.74859265,0,0
1.7490925,0,1
1.7495926,0,0
1.75009245,0,1
1.75059255,0,0
1.75109245,0,1
1.75159255,0,0
1.7520924,0,1
1.7525925,0,0
1.75309235,0,1
1.7535924,0,0
1.7540922,0,1
1.7545923,0,0
1.75509215,0,1
1.7555922,0,0
1.7560921,0,1
1.7565922,0,0
1.757092,0,1
1.7575921,0,0
1.7580919,0,1
1.75859195,0,0
1.7590918,0,1
1.7595918,0,0
1.76009155,0,1
1.76059165,0,0
1.76109145,0,1
1.76159145,0,0
1.76209125,0,1
1.7625913,0,0
1.7630911,0,1
1.76359115,0,0
1.76409095,0,1
1.764591,0,0
1.7650908,0,1
1.7655908,0,0
1.7660906,0,1
1.76659065,0,0
1.76709045,0,1
1.7675905,0,0
1.76809035,0,1
1.7685904,0,0
1.76909025,0,1
1.76959035,0,0
1.77009015,0,1
1.77059015,0,0
1.77109,0,1
1.77159005,0,0
1.7720899,0,1
1.77259,0,0
1.7730898,0,1
1.77358985,0,0
1.77408965,0,1
1.77458975,0,0
1.77508955,0,1
1.7755896,0,0
1.77608945,0,1
1.7765895,0,0
1.77708935,0,1
1.77758945,0,0
1.7780893,0,1
1.7785894,0,0
1.77908925,0,1
1.7795893,0,0
1.78008915,0,1
1.78058915,0,0
1.78108895,0,1
1.78158895,0,0
1.78208875,0,1
1.7825888,0,0
1.7830886,0,1
1.78358865,0,0
1.7840884,0,1
1.78458845,0,0
1.78508825,0,1
1.78558825,0,0
1.78608805,0,1
1.7865881,0,0
1.78708785,0,1
1.78758785,0,0
1.78808765,0,1
1.78858765,0,0
1.78908745,0,1
1.78958745,0,0
1.79008725,0,1
1.7905873,0,0
1.7910871,0,1
1.79158715,0,0
1.79208695,0,1
1.792587,0,0
1.79308675,0,1
1.7935868,0,0
1.7940866,0,1
1.7945867,0,0
1.7950865,0,1
1.79558655,0,0
1.79608635,0,1
1.7965864,0,0
1.79708615,0,1
1.79758625,0,0
1.7980861,0,1
1.79858615,0,0
1.7990859,0,1
1.79958595,0,0
1.80008575,0,1
1.80058585,0,0
1.8010857,0,1
1.8015858,0,0
1.80208555,0,1
1.80258565,0,0
1.8030854,0,1
1.80358545,0,0
1.80408525,0,1
1.8045853,0,0
1.80508515,0,1
1.8055852,0,0
1.806085,0,1
1.80658505,0,0
1.80708485,0,1
1.807585,0,0
1.8080848,0,1
1.80858485,0,0
1.80908465,0,1
1.8095847,0,0
1.81008445,0,1
1.8105845,0,0
1.8110843,0,1
1.81158435,0,0
1.8120841,0,1
1.81258415,0,0
1.81308395,0,1
1.813584,0,0
1.81408375,0,1
1.81458375,0,0
1.81508355,0,1
1.81558355,0,0
1.8160833,0,1
1.8165833,0,0
1.81708305,0,1
1.81758305,0,0
1.8180828,0,1
1.8185828,0,0
1.81908255,0,1
1.81958255,0,0
1.8200823,0,1
1.8205823,0,0
1.82108205,0,1
1.82158205,0,0
1.82208185,0,1
1.82258185,0,0
1.8230816,0,1
1.8235816,0,0
1.82408135,0,1
1.8245814,0,0
1.8250811,0,1
1.82558115,0,0
1.82608095,0,1
1.82658095,0,0
1.8270807,0,1
1.8275807,0,0
1.8280805,0,1
1.82858055,0,0
1.82908035,0,1
1.82958035,0,0
1.83008015,0,1
1.83058015,0,0
1.8310799,0,1
1.8315799,0,0
1.8320797,0,1
1.8325797,0,0
1.83307945,0,1
1.83357945,0,0
1.83407915,0,1
1.8345791,0,0
1.83507885,0,1
1.83557885,0,0
1.83607865,0,1
1.83657865,0,0
1.83707845,0,1
1.8375785,0,0
1.83807825,0,1
1.83857825,0,0
1.839078,0,1
1.8395781,0,0
1.8400779,0,1
1.8405779,0,0
1.8410777,0,1
1.8415777,0,0
1.84207755,0,1
1.8425776,0,0
1.84307745,0,1
1.84357745,0,0
1.84407725,0,1
1.84457725,0,0
1.845077,0,1
1.845577,0,0
1.8460768,0,1
1.8465768,0,0
1.84707655,0,1
1.8475766,0,0
1.84807635,0,1
1.8485764,0,0
1.8490762,0,1
1.8495763,0,0
1.8500761,0,1
1.8505761,0,0
1.8510759,0,1
1.85157595,0,0
1.85207575,0,1
1.8525758,0,0
1.8530756,0,1
1.85357565,0,0
1.8540755,0,1
1.85457555,0,0
1.85507535,0,1
1.8555754,0,0
1.8560752,0,1
1.85657525,0,0
1.85707505,0,1
1.8575751,0,0
1.85807495,0,1
1.858575,0,0
1.85907475,0,1
1.8595748,0,0
1.86007465,0,1
1.8605747,0,0
1.8610745,0,1
1.86157455,0,0
1.8620744,0,1
1.86257445,0,0
1.86307425,0,1
1.86357435,0,0
1.86407415,0,1
1.86457415,0,0
1.86507395,0,1
1.865574,0,0
1.8660738,0,1
1.86657385,0,0
1.86707365,0,1
1.86757375,0,0
1.86807355,0,1
1.8685736,0,0
1.8690734,0,1
1.86957345,0,0
1.87007325,0,1
1.8705733,0,0
1.8710731,0,1
1.8715732,0,0
1.872073,0,1
1.8725731,0,0
1.87307295,0,1
1.87357305,0,0
1.8740729,0,1
1.87457295,0,0
1.87507275,0,1
1.8755728,0,0
1.87607265,0,1
1.87657265,0,0
1.8770725,0,1
1.8775726,0,0
1.8780724,0,1
1.87857245,0,0
1.87907225,0,1
1.8795723,0,0
1.8800721,0,1
1.8805722,0,0
1.881072,0,1
1.88157205,0,0
1.88207185,0,1
1.88257185,0,0
1.88307165,0,1
1.88357165,0,0
1.88407145,0,1
1.88457145,0,0
1.88507125,0,1
1.88557125,0,0
1.886071,0,1
1.886571,0,0
1.88707075,0,1
1.8875708,0,0
1.8880706,0,1
1.8885706,0,0
1.8890704,0,1
1.88957045,0,0
1.8900702,0,1
1.89057025,0,0
1.89107005,0,1
1.89157005,0,0
1.8920698,0,1
1.89256985,0,0
1.89306965,0,1
1.8935697,0,0
1.8940695,0,1
1.89456955,0,0
1.89506935,0,1
1.89556945,0,0
1.89606925,0,1
1.8965693,0,0
1.89706905,0,1
1.8975691,0,0
1.89806895,0,1
1.898569,0,0
1.89906885,0,1
1.8995689,0,0
1.9000687,0,1
1.90056875,0,0
1.9010686,0,1
1.90156865,0,0
1.90206845,0,1
1.9025685,0,0
1.90306825,0,1
1.9035683,0,0
1.9040681,0,1
1.9045682,0,0
1.905068,0,1
1.905568,0,0
1.9060678,0,1
1.9065679,0,0
1.9070677,0,1
1.90756775,0,0
1.90806755,0,1
1.9085676,0,0
1.90906735,0,1
1.9095673,0,0
1.91006705,0,1
1.9105671,0,0
1.91106685,0,1
1.91156695,0,0
1.91206675,0,1
1.9125668,0,0
1.9130666,0,1
1.91356665,0,0
1.91406645,0,1
1.9145665,0,0
1.9150663,0,1
1.9155663,0,0
1.91606605,0,1
1.9165661,0,0
1.91706585,0,1
1.91756585,0,0
1.91806565,0,1
1.9185657,0,0
1.91906545,0,1
1.9195655,0,0
1.9200653,0,1
1.92056535,0,0
1.92106515,0,1
1.9215652,0,0
1.92206495,0,1
1.922565,0,0
1.92306475,0,1
1.9235648,0,0
1.92406455,0,1
1.92456455,0,0
1.9250643,0,1
1.9255643,0,0
1.9260641,0,1
1.92656405,0,0
1.9270638,0,1
1.92756385,0,0
1.9280636,0,1
1.92856365,0,0
1.92906345,0,1
1.92956345,0,0
1.9300632,0,1
1.93056325,0,0
1.93106305,0,1
1.93156305,0,0
1.9320629,0,1
1.93256295,0,0
1.93306275,0,1
1.9335628,0,0
1.93406265,0,1
1.9345627,0,0
1.93506255,0,1
1.9355626,0,0
1.93606245,0,1
1.93656255,0,0
1.9370624,0,1
1.93756255,0,0
1.9380624,0,1
1.93856245,0,0
1.9390623,0,1
1.93956235,0,0
1.94006215,0,1
1.94056225,0,0
1.94106205,0,1
1.9415621,0,0
1.9420619,0,1
1.94256195,0,0
1.94306175,0,1
1.9435618,0,0
1.9440616,0,1
1.94456165,0,0
1.9450614,0,1
1.9455615,0,0
1.94606125,0,1
1.9465613,0,0
1.9470611,0,1
1.94756115,0,0
1.9480609,0,1
1.94856095,0,0
1.94906075,0,1
1.9495608,0,0
1.9500606,0,1
1.9505606,0,0
1.95106035,0,1
1.95156035,0,0
1.95206015,0,1
1.9525602,0,0
1.95305995,0,1
1.95356,0,0
1.9540598,0,1
1.9545598,0,0
1.9550596,0,1
1.9555597,0,0
1.9560595,0,1
1.95655955,0,0
1.95705935,0,1
1.95755935,0,0
1.9580592,0,1
1.9585592,0,0
1.959059,0,1
1.95955905,0,0
1.9600589,0,1
1.96055895,0,0
1.96105875,0,1
1.96155885,0,0
1.96205865,0,1
1.9625587,0,0
1.9630585,0,1
1.96355855,0,0
1.9640583,0,1
1.96455835,0,0
1.9650582,0,1
1.96555825,0,0
1.96605805,0,1
1.9665581,0,0
1.96705795,0,1
1.967558,0,0
1.9680579,0,1
1.968558,0,0
1.9690578,0,1
1.9695579,0,0
1.9700577,0,1
1.97055775,0,0
1.9710575,0,1
1.97155755,0,0
1.9720573,0,1
1.97255735,0,0
1.97305715,0,1
1.9735572,0,0
1.97405695,0,1
1.974557,0,0
1.9750568,0,1
1.97555685,0,0
1.9760566,0,1
1.97655665,0,0
1.97705645,0,1
1.97755645,0,0
1.9780562,0,1
1.9785563,0,0
1.9790561,0,1
1.97955615,0,0
1.98005595,0,1
1.98055595,0,0
1.9810557,0,1
1.98155575,0,0
1.9820555,0,1
1.98255555,0,0
1.98305535,0,1
1.98355535,0,0
1.9840551,0,1
1.98455515,0,0
1.98505495,0,1
1.985555,0,0
1.9860548,0,1
1.9865548,0,0
1.98705465,0,1
1.9875547,0,0
1.9880545,0,1
1.9885545,0,0
1.9890543,0,1
1.9895543,0,0
1.9900541,0,1
1.99055415,0,0
1.99105395,0,1
1.99155395,0,0
1.99205375,0,1
1.99255375,0,0
1.99305355,0,1
1.99355355,0,0
1.99405335,0,1
1.99455335,0,0
1.9950532,0,1
1.9955532,0,0
1.996053,0,1
1.99655305,0,0
1.9970528,0,1
1.9975528,0,0
1.9980526,0,1
1.9985526,0,0
1.99905235,0,1
1.99955235,0,0
2.0000521,0,1
2.00055215,0,0
2.00105185,0,1
2.00155185,0,0
2.0020516,0,1
2.00255165,0,0
2.00305145,0,1
2.0035515,0,0
2.00405125,0,1
2.00455125,0,0
2.005051,0,1
2.00555105,0,0
2.00605085,0,1
2.0065509,0,0
2.0070507,0,1
2.00755075,0,0
2.0080505,0,1
2.0085505,0,0
2.0090503,0,1
2.0095503,0,0
2.0100501,0,1
2.0105501,0,0
2.01104985,0,1
2.01154985,0,0
2.01204965,0,1
2.01254965,0,0
2.01304945,0,1
2.01354945,0,0
2.01404925,0,1
2.0145493,0,0
2.0150491,0,1
2.0155491,0,0
2.0160489,0,1
2.0165489,0,0
2.0170487,0,1
2.01754875,0,0
2.01804855,0,1
2.0185486,0,0
2.0190484,0,1
2.01954845,0,0
2.02004815,0,1
2.02054815,0,0
2.02104795,0,1
2.021548,0,0
2.02204775,0,1
2.02254785,0,0
2.0230476,0,1
2.02354765,0,0
2.0240474,0,1
2.02454745,0,0
2.0250472,0,1
2.02554725,0,0
2.026047,0,1
2.026547,0,0
2.02704675,0,1
2.02754675,0,0
2.0280465,0,1
2.02854645,0,0
2.0290462,0,1
2.0295462,0,0
2.030046,0,1
2.030546,0,0
2.03104575,0,1
2.03154575,0,0
2.0320455,0,1
2.0325455,0,0
2.03304525,0,1
2.03354525,0,0
2.03404505,0,1
2.0345451,0,0
2.0350449,0,1
2.035545,0,0
2.03604475,0,1
2.03654485,0,0
2.03704465,0,1
2.03754465,0,0
2.03804445,0,1
2.03854445,0,0
2.03904425,0,1
2.03954425,0,0
2.04004405,0,1
2.04054405,0,0
2.04104385,0,1
2.0415439,0,0
2.04204365,0,1
2.0425437,0,0
2.04304345,0,1
2.0435435,0,0
2.0440433,0,1
2.0445434,0,0
2.0450432,0,1
2.04554325,0,0
2.0460431,0,1
2.04654315,0,0
2.04704295,0,1
2.04754305,0,0
2.0480428,0,1
2.04854285,0,0
2.04904265,0,1
2.04954265,0,0
2.05004245,0,1
2.05054245,0,0
2.0510422,0,1
2.05154225,0,0
2.05204205,0,1
2.05254205,0,0
2.05304185,0,1
2.0535419,0,0
2.0540417,0,1
2.0545418,0,0
2.0550416,0,1
2.05554165,0,0
2.0560415,0,1
2.05654155,0,0
2.05704135,0,1
2.0575414,0,0
2.05804125,0,1
2.05854135,0,0
2.05904115,0,1
2.05954125,0,0
2.06004105,0,1
2.06054105,0,0
2.06104085,0,1
2.0615409,0,0
2.0620407,0,1
2.06254075,0,0
2.0630406,0,1
2.0635407,0,0
2.0640405,0,1
2.0645405,0,0
2.0650403,0,1
2.0655404,0,0
2.0660402,0,1
2.06654025,0,0
2.06704005,0,1
2.0675401,0,0
2.0680399,0,1
2.06854,0,0
2.0690398,0,1
2.0695399,0,0
2.0700397,0,1
2.07053975,0,0
2.07103955,0,1
2.07153965,0,0
2.07203945,0,1
2.0725395,0,0
2.0730393,0,1
2.07353935,0,0
2.07403915,0,1
2.0745392,0,0
2.075039,0,1
2.0755391,0,0
2.07603895,0,1
2.07653895,0,0
2.0770387,0,1
2.07753875,0,0
2.0780385,0,1
2.07853855,0,0
2.0790384,0,1
2.07953845,0,0
2.0800382,0,1
2.08053825,0,0
2.08103805,0,1
2.0815381,0,0
2.08203785,0,1
2.0825379,0,0
2.0830377,0,1
2.08353775,0,0
2.08403755,0,1
2.08453755,0,0
2.08503735,0,1
2.0855374,0,0
2.0860372,0,1
2.0865373,0,0
2.0870371,0,1
2.0875371,0,0
2.0880369,0,1
2.0885369,0,0
2.08903665,0,1
2.08953665,0,0
2.09003635,0,1
2.09053635,0,0
2.0910361,0,1
2.09153615,0,0
2.0920359,0,1
2.0925359,0,0
2.09303565,0,1
2.09353565,0,0
2.09403545,0,1
2.09453545,0,0
2.0950352,0,1
2.0955352,0,0
2.096035,0,1
2.096535,0,0
2.0970348,0,1
2.09753485,0,0
2.0980347,0,1
2.09853475,0,0
2.09903455,0,1
2.0995345,0,0
2.10003425,0,1
2.10053425,0,0
2.101034,0,1
2.10153405,0,0
2.1020338,0,1
2.1025338,0,0
2.10303355,0,1
2.1035336,0,0
2.10403335,0,1
2.1045334,0,0
2.10503315,0,1
2.1055331,0,0
2.10603285,0,1
2.10653285,0,0
2.10703255,0,1
2.1075326,0,0
2.10803235,0,1
2.1085323,0,0
2.1090321,0,1
2.10953215,0,0
2.1100319,0,1
2.11053195,0,0
2.11103175,0,1
2.1115318,0,0
2.1120316,0,1
2.1125316,0,0
2.1130314,0,1
2.11353145,0,0
2.1140312,0,1
2.1145312,0,0
2.115031,0,1
2.115531,0,0
2.1160307,0,1
2.1165307,0,0
2.1170304,0,1
2.1175304,0,0
2.11803015,0,1
2.1185302,0,0
2.11903,0,1
2.11953,0,0
2.1200298,0,1
2.1205298,0,0
2.1210296,0,1
2.12152965,0,0
2.12202945,0,1
2.1225295,0,0
2.12302925,0,1
2.12352925,0,0
2.124029,0,1
2.12452905,0,0
2.12502875,0,1
2.1255288,0,0
2.12602855,0,1
2.1265286,0,0
2.12702835,0,1
2.1275283,0,0
2.1280281,0,1
2.1285281,0,0
2.12902785,0,1
2.1295279,0,0
2.13002765,0,1
2.13052765,0,0
2.13102735,0,1
2.1315274,0,0
2.1320272,0,1
2.1325272,0,0
2.133027,0,1
2.13352705,0,0
2.1340268,0,1
2.1345269,0,0
2.1350267,0,1
2.1355267,0,0
2.1360265,0,1
2.13652655,0,0
2.13702635,0,1
2.13752645,0,0
2.13802625,0,1
2.13852625,0,0
2.13902605,0,1
2.1395261,0,0
2.1400259,0,1
2.14052595,0,0
2.1410257,0,1
2.1415257,0,0
2.1420255,0,1
2.14252555,0,0
2.1430253,0,1
2.1435253,0,0
2.1440251,0,1
2.1445251,0,0
2.1450249,0,1
2.1455249,0,0
2.14602465,0,1
2.1465247,0,0
2.14702445,0,1
2.14752445,0,0
2.14802425,0,1
2.1485242,0,0
2.149024,0,1
2.149524,0,0
2.1500238,0,1
2.1505238,0,0
2.1510236,0,1
2.15152365,0,0
2.1520234,0,1
2.1525234,0,0
2.1530232,0,1
2.1535232,0,0
2.154023,0,1
2.15452305,0,0
2.15502285,0,1
2.1555229,0,0
2.15602275,0,1
2.1565228,0,0
2.1570226,0,1
2.1575227,0,0
2.1580226,0,1
2.1585227,0,0
2.1590225,0,1
2.15952255,0,0
2.1600224,0,1
2.1605225,0,0
2.16102235,0,1
2.1615224,0,0
2.1620223,0,1
2.16252235,0,0
2.16302215,0,1
2.1635222,0,0
2.164022,0,1
2.16452205,0,0
2.16502185,0,1
2.16552185,0,0
2.16602165,0,1
2.16652165,0,0
2.1670215,0,1
2.16752155,0,0
2.16802135,0,1
2.1685214,0,0
2.16902115,0,1
2.16952115,0,0
2.17002095,0,1
2.170521,0,0
2.1710208,0,1
2.17152085,0,0
2.17202065,0,1
2.17252075,0,0
2.17302055,0,1
2.1735206,0,0
2.1740204,0,1
2.17452045,0,0
2.17502025,0,1
2.17552035,0,0
2.17602015,0,1
2.17652025,0,0
2.17702,0,1
2.17752005,0,0
2.17801985,0,1
2.1785199,0,0
2.1790197,0,1
2.1795197,0,0
2.1800195,0,1
2.1805195,0,0
2.1810193,0,1
2.18151935,0,0
2.1820191,0,1
2.18251915,0,0
2.1830189,0,1
2.1835189,0,0
2.1840187,0,1
2.1845187,0,0
2.1850185,0,1
2.1855185,0,0
2.18601825,0,1
2.18651825,0,0
2.1870181,0,1
2.1875181,0,0
2.1880179,0,1
2.18851795,0,0
2.18901775,0,1
2.18951775,0,0
2.19001755,0,1
2.1905176,0,0
2.1910174,0,1
2.1915175,0,0
2.1920174,0,1
2.1925175,0,0
2.19301735,0,1
2.19351745,0,0
2.1940173,0,1
2.1945174,0,0
2.1950172,0,1
2.1955173,0,0
2.19601715,0,1
2.1965173,0,0
2.1970171,0,1
2.1975172,0,0
2.19801705,0,1
2.19851715,0,0
2.199017,0,1
2.1995171,0,0
2.20001695,0,1
2.200517,0,0
2.2010168,0,1
2.2015169,0,0
2.20201675,0,1
2.20251685,0,0
2.2030167,0,1
2.20351675,0,0
2.2040166,0,1
2.2045167,0,0
2.2050165,0,1
2.20551655,0,0
2.20601635,0,1
2.20651645,0,0
2.2070163,0,1
2.20751635,0,0
2.20801615,0,1
2.2085162,0,0
2.209016,0,1
2.2095161,0,0
2.2100159,0,1
2.210516,0,0
2.2110158,0,1
2.21151585,0,0
2.21201565,0,1
2.21251575,0,0
2.2130156,0,1
2.2135157,0,0
2.21401555,0,1
2.2145156,0,0
2.21501535,0,1
2.2155154,0,0
2.21601515,0,1
2.21651515,0,0
2.21701495,0,1
2.217515,0,0
2.2180148,0,1
2.21851485,0,0
2.2190146,0,1
2.21951465,0,0
2.22001445,0,1
2.2205145,0,0
2.2210143,0,1
2.22151435,0,0
2.22201415,0,1
2.22251425,0,0
2.22301405,0,1
2.22351415,0,0
2.224014,0,1
2.22451405,0,0
2.22501385,0,1
2.2255139,0,0
2.22601365,0,1
2.22651375,0,0
2.2270136,0,1
2.2275136,0,0
2.2280134,0,1
2.22851345,0,0
2.2290133,0,1
2.2295133,0,0
2.2300131,0,1
2.2305131,0,0
2.23101295,0,1
2.23151305,0,0
2.2320129,0,1
2.23251295,0,0
2.23301275,0,1
2.2335128,0,0
2.23401265,0,1
2.2345127,0,0
2.2350125,0,1
2.2355126,0,0
2.2360124,0,1
2.2365125,0,0
2.23701235,0,1
2.23751245,0,0
2.2380123,0,1
2.23851235,0,0
2.2390121,0,1
2.23951215,0,0
2.2400119,0,1
2.24051195,0,0
2.24101175,0,1
2.24151185,0,0
2.2420117,0,1
2.24251175,0,0
2.24301155,0,1
2.2435116,0,0
2.24401145,0,1
2.24451155,0,0
2.2450113,0,1
2.2455114,0,0
2.2460112,0,1
2.2465113,0,0
2.2470111,0,1
2.24751115,0,0
2.24801095,0,1
2.248511,0,0
2.2490108,0,1
2.24951085,0,0
2.25001065,0,1
2.2505107,0,0
2.2510105,0,1
2.2515105,0,0
2.25201025,0,1
2.2525103,0,0
2.25301005,0,1
2.2535101,0,0
2.2540099,0,1
2.2545099,0,0
2.25500965,0,1
2.2555097,0,0
2.2560095,0,1
2.2565096,0,0
2.25700935,0,1
2.2575094,0,0
2.2580092,0,1
2.25850925,0,0
2.25900905,0,1
2.25950915,0,0
2.26000895,0,1
2.2605091,0,0
2.2610089,0,1
2.26150895,0,0
2.2620088,0,1
2.2625088,0,0
2.26300865,0,1
2.2635087,0,0
2.2640085,0,1
2.26450855,0,0
2.26500835,0,1
2.2655084,0,0
2.2660082,0,1
2.2665082,0,0
2.267008,0,1
2.267508,0,0
2.26800775,0,1
2.2685078,0,0
2.2690076,0,1
2.2695076,0,0
2.27000735,0,1
2.2705074,0,0
2.27100715,0,1
2.2715071,0,0
2.2720069,0,1
2.2725069,0,0
2.27300665,0,1
2.27350665,0,0
2.27400645,0,1
2.27450645,0,0
2.27500625,0,1
2.27550625,0,0
2.27600605,0,1
2.27650615,0,0
2.27700595,0,1
2.277506,0,0
2.2780058,0,1
2.27850585,0,0
2.27900565,0,1
2.27950575,0,0
2.28000555,0,1
2.28050565,0,0
2.28100545,0,1
2.2815055,0,0
2.28200535,0,1
2.28250545,0,0
2.28300525,0,1
2.28350535,0,0
2.28400515,0,1
2.2845052,0,0
2.28500505,0,1
2.28550515,0,0
2.286005,0,1
2.2865051,0,0
2.2870049,0,1
2.28750495,0,0
2.28800475,0,1
2.28850485,0,0
2.28900465,0,1
2.28950475,0,0
2.29000455,0,1
2.29050455,0,0
2.29100435,0,1
2.2915044,0,0
2.29200415,0,1
2.29250415,0,0
2.29300395,0,1
2.293504,0,0
2.2940038,0,1
2.2945038,0,0
2.2950036,0,1
2.29550365,0,0
2.29600345,0,1
2.29650355,0,0
2.29700335,0,1
2.2975034,0,0
2.2980032,0,1
2.29850325,0,0
2.29900305,0,1
2.29950305,0,0
2.30000285,0,1
2.30050285,0,0
2.30100265,0,1
2.3015027,0,0
2.3020025,0,1
2.30250255,0,0
2.30300235,0,1
2.30350245,0,0
2.3040022,0,1
2.3045023,0,0
2.3050021,0,1
2.3055021,0,0
2.30600185,0,1
2.30650195,0,0
2.30700175,0,1
2.3075018,0,0
2.3080016,0,1
2.30850165,0,0
2.30900145,0,1
2.3095015,0,0
2.31000125,0,1
2.3105013,0,0
2.3110011,0,1
2.3115011,0,0
2.31200085,0,1
2.3125009,0,0
2.3130007,0,1
2.3135007,0,0
2.31400045,0,1
2.3145005,0,0
2.31500025,0,1
2.31550025,0,0
2.31599995,0,1
2.3164999,0,0
2.3169996,0,1
2.31749965,0,0
2.31799935,0,1
2.31849935,0,0
2.31899905,0,1
2.31949905,0,0
2.3199988,0,1
2.3204988,0,0
2.32099855,0,1
2.32149855,0,0
2.3219983,0,1
2.3224983,0,0
2.3229981,0,1
2.3234981,0,0
2.3239978,0,1
2.3244978,0,0
2.32499755,0,1
2.32549755,0,0
2.3259973,0,1
2.32649725,0,0
2.326997,0,1
2.32749695,0,0
2.32799675,0,1
2.3284967,0,0
2.3289965,0,1
2.32949645,0,0
2.3299962,0,1
2.33049625,0,0
2.330996,0,1
2.3314961,0,0
2.33199585,0,1
2.3324959,0,0
2.3329957,0,1
2.3334957,0,0
2.3339955,0,1
2.33449555,0,0
2.3349953,0,1
2.3354953,0,0
2.33599505,0,1
2.336495,0,0
2.33699475,0,1
2.3374947,0,0
2.33799445,0,1
2.3384945,0,0
2.33899425,0,1
2.3394943,0,0
2.3399941,0,1
2.34049415,0,0
2.3409939,0,1
2.34149395,0,0
2.3419937,0,1
2.3424937,0,0
2.3429935,0,1
2.3434935,0,0
2.34399325,0,1
2.34449325,0,0
2.344993,0,1
2.345493,0,0
2.3459927,0,1
2.34649275,0,0
2.3469926,0,1
2.34749265,0,0
2.34799245,0,1
2.34849255,0,0
2.3489924,0,1
2.3494925,0,0
2.3499923,0,1
2.3504924,0,0
2.3509922,0,1
2.3514923,0,0
2.35199215,0,1
2.35249225,0,0
2.35299205,0,1
2.35349205,0,0
2.35399185,0,1
2.3544919,0,0
2.3549917,0,1
2.35549175,0,0
2.3559916,0,1
2.35649165,0,0
2.35699145,0,1
2.35749155,0,0
2.3579914,0,1
2.3584914,0,0
2.35899125,0,1
2.3594913,0,0
2.3599911,0,1
2.3604912,0,0
2.360991,0,1
2.36149105,0,0
2.36199085,0,1
2.3624909,0,0
2.3629907,0,1
2.3634908,0,0
2.3639906,0,1
2.36449065,0,0
2.36499045,0,1
2.36549045,0,0
2.3659903,0,1
2.36649035,0,0
2.36699025,0,1
2.36749035,0,0
2.3679902,0,1
2.3684903,0,0
2.3689901,0,1
2.36949015,0,0
2.36999,0,1
2.37049005,0,0
2.37098985,0,1
2.3714899,0,0
2.3719897,0,1
2.3724898,0,0
2.37298965,0,1
2.37348975,0,0
2.37398965,0,1
2.3744897,0,0
2.3749895,0,1
2.37548955,0,0
2.3759894,0,1
2.3764895,0,0
2.3769893,0,1
2.3774893,0,0
2.3779891,0,1
2.3784891,0,0
2.37898885,0,1
2.37948895,0,0
2.37998875,0,1
2.3804888,0,0
2.3809886,0,1
2.38148865,0,0
2.3819885,0,1
2.38248855,0,0
2.3829884,0,1
2.38348845,0,0
2.3839883,0,1
2.38448835,0,0
2.38498815,0,1
2.3854882,0,0
2.385988,0,1
2.3864881,0,0
2.38698795,0,1
2.3874881,0,0
2.38798795,0,1
2.38848805,0,0
2.3889879,0,1
2.38948805,0,0
2.38998785,0,1
2.39048795,0,0
2.39098775,0,1
2.39148785,0,0
2.3919876,0,1
2.39248765,0,0
2.39298745,0,1
2.3934875,0,0
2.39398735,0,1
2.3944874,0,0
2.3949872,0,1
2.39548725,0,0
2.39598705,0,1
2.39648715,0,0
2.396987,0,1
2.39748705,0,0
2.3979869,0,1
2.39848695,0,0
2.39898675,0,1
2.3994868,0,0
2.39998655,0,1
2.4004866,0,0
2.40098635,0,1
2.4014864,0,0
2.40198615,0,1
2.40248625,0,0
2.4029861,0,1
2.4034862,0,0
2.40398605,0,1
2.4044861,0,0
2.40498595,0,1
2.40548605,0,0
2.4059859,0,1
2.40648595,0,0
2.40698575,0,1
2.40748585,0,0
2.4079856,0,1
2.40848565,0,0
2.4089855,0,1
2.40948555,0,0
2.40998535,0,1
2.4104854,0,0
2.4109852,0,1
2.41148525,0,0
2.41198505,0,1
2.4124851,0,0
2.4129849,0,1
2.41348495,0,0
2.41398475,0,1
2.41448475,0,0
2.41498455,0,1
2.4154846,0,0
2.41598435,0,1
2.4164844,0,0
2.41698425,0,1
2.4174843,0,0
2.4179841,0,1
2.41848415,0,0
2.418984,0,1
2.41948405,0,0
2.41998385,0,1
2.4204839,0,0
2.4209837,0,1
2.4214837,0,0
2.4219835,0,1
2.4224836,0,0
2.42298335,0,1
2.4234834,0,0
2.4239832,0,1
2.4244833,0,0
2.4249831,0,1
2.4254832,0,0
2.42598295,0,1
2.42648295,0,0
2.4269827,0,1
2.42748275,0,0
2.4279826,0,1
2.4284827,0,0
2.42898255,0,1
2.42948265,0,0
2.4299825,0,1
2.43048255,0,0
2.4309823,0,1
2.4314824,0,0
2.43198215,0,1
2.43248225,0,0
2.43298205,0,1
2.4334821,0,0
2.43398195,0,1
2.434482,0,0
2.4349818,0,1
2.43548185,0,0
2.4359817,0,1
2.4364818,0,0
2.43698165,0,1
2.4374817,0,0
2.43798155,0,1
2.43848165,0,0
2.43898145,0,1
2.4394815,0,0
2.43998135,0,1
2.4404814,0,0
2.4409812,0,1
2.44148125,0,0
2.44198105,0,1
2.4424811,0,0
2.44298095,0,1
2.44348105,0,0
2.4439809,0,1
2.444481,0,0
2.44498085,0,1
2.44548095,0,0
2.44598075,0,1
2.44648085,0,0
2.44698065,0,1
2.44748075,0,0
2.4479806,0,1
2.44848065,0,0
2.4489805,0,1
2.4494806,0,0
2.4499805,0,1
2.45048055,0,0
2.4509804,0,1
2.45148045,0,0
2.4519803,0,1
2.4524804,0,0
2.4529802,0,1
2.4534803,0,0
2.45398015,0,1
2.4544802,0,0
2.45498,0,1
2.4554801,0,0
2.4559799,0,1
2.45648,0,0
2.4569798,0,1
2.4574799,0,0
2.4579797,0,1
2.4584798,0,0
2.45897965,0,1
2.45947975,0,0
2.4599796,0,1
2.46047965,0,0
2.46097945,0,1
2.4614795,0,0
2.4619793,0,1
2.4624794,0,0
2.4629792,0,1
2.4634793,0,0
2.46397915,0,1
2.46447925,0,0
2.4649791,0,1
2.4654792,0,0
2.465979,0,1
2.46647905,0,0
2.46697885,0,1
2.4674789,0,0
2.46797865,0,1
2.4684787,0,0
2.46897845,0,1
2.4694785,0,0
2.46997835,0,1
2.47047845,0,0
2.47097825,0,1
2.47147835,0,0
2.4719782,0,1
2.47247825,0,0
2.47297815,0,1
2.47347825,0,0
2.4739781,0,1
2.4744782,0,0
2.474978,0,1
2.47547805,0,0
2.4759779,0,1
2.47647795,0,0
2.47697775,0,1
2.47747775,0,0
2.4779775,0,1
2.4784775,0,0
2.4789772,0,1
2.47947725,0,0
2.47997705,0,1
2.4804771,0,0
2.48097695,0,1
2.481477,0,0
2.4819768,0,1
2.4824768,0,0
2.4829766,0,1
2.4834766,0,0
2.4839764,0,1
2.4844764,0,0
2.48497615,0,1
2.48547615,0,0
2.48597595,0,1
2.486476,0,0
2.48697575,0,1
2.48747585,0,0
2.48797555,0,1
2.4884756,0,0
2.4889754,0,1
2.48947545,0,0
2.4899752,0,1
2.4904752,0,0
2.49097495,0,1
2.49147495,0,0
2.49197475,0,1
2.49247475,0,0
2.4929745,0,1
2.4934745,0,0
2.4939743,0,1
2.4944743,0,0
2.49497405,0,1
2.4954741,0,0
2.49597385,0,1
2.4964739,0,0
2.4969737,0,1
2.4974737,0,0
2.4979735,0,1
2.49847355,0,0
2.4989733,0,1
2.4994733,0,0
2.49997305,0,1
2.50047315,0,0
2.50097295,0,1
2.501473,0,0
2.50197275,0,1
2.50247285,0,0
2.50297265,0,1
2.5034727,0,0
2.5039725,0,1
2.5044725,0,0
2.50497225,0,1
2.50547225,0,0
2.50597205,0,1
2.50647205,0,0
2.5069718,0,1
2.5074718,0,0
2.50797165,0,1
2.5084717,0,0
2.5089715,0,1
2.50947155,0,0
2.50997135,0,1
2.5104714,0,0
2.51097115,0,1
2.5114712,0,0
2.51197095,0,1
2.51247095,0,0
2.51297075,0,1
2.51347075,0,0
2.51397055,0,1
2.51447055,0,0
2.51497035,0,1
2.51547045,0,0
2.5159703,0,1
2.51647035,0,0
2.51697015,0,1
2.51747025,0,0
2.51797005,0,1
2.5184701,0,0
2.5189699,0,1
2.51946995,0,0
2.51996975,0,1
2.52046975,0,0
2.52096955,0,1
2.5214696,0,0
2.5219694,0,1
2.5224694,0,0
2.52296915,0,1
2.52346915,0,0
2.52396895,0,1
2.52446895,0,0
2.52496875,0,1
2.5254688,0,0
2.52596855,0,1
2.5264686,0,0
2.5269684,0,1
2.52746845,0,0
2.5279683,0,1
2.52846835,0,0
2.5289682,0,1
2.5294683,0,0
2.5299681,0,1
2.5304682,0,0
2.530968,0,1
2.53146805,0,0
2.53196785,0,1
2.5324679,0,0
2.5329677,0,1
2.5334678,0,0
2.5339676,0,1
2.53446765,0,0
2.53496745,0,1
2.53546755,0,0
2.53596735,0,1
2.53646745,0,0
2.5369672,0,1
2.53746725,0,0
2.53796705,0,1
2.5384671,0,0
2.5389669,0,1
2.53946695,0,0
2.5399667,0,1
2.54046675,0,0
2.54096655,0,1
2.5414666,0,0
2.5419664,0,1
2.5424664,0,0
2.54296625,0,1
2.54346625,0,0
2.54396605,0,1
2.54446615,0,0
2.54496595,0,1
2.54546605,0,0
2.54596585,0,1
2.54646595,0,0
2.54696575,0,1
2.5474658,0,0
2.54796565,0,1
2.5484657,0,0
2.54896555,0,1
2.54946565,0,0
2.54996545,0,1
2.55046545,0,0
2.5509652,0,1
2.55146515,0,0
2.5519649,0,1
2.55246495,0,0
2.5529647,0,1
2.5534648,0,0
2.5539646,0,1
2.5544646,0,0
2.5549644,0,1
2.55546445,0,0
2.55596425,0,1
2.5564643,0,0
2.55696405,0,1
2.55746405,0,0
2.5579638,0,1
2.5584638,0,0
2.5589636,0,1
2.5594637,0,0
2.5599635,0,1
2.5604635,0,0
2.5609633,0,1
2.56146335,0,0
2.56196315,0,1
2.5624632,0,0
2.56296295,0,1
2.563463,0,0
2.5639628,0,1
2.56446285,0,0
2.56496265,0,1
2.5654627,0,0
2.5659625,0,1
2.56646255,0,0
2.56696235,0,1
2.56746235,0,0
2.56796215,0,1
2.5684622,0,0
2.568962,0,1
2.56946205,0,0
2.56996185,0,1
2.5704619,0,0
2.5709617,0,1
2.5714617,0,0
2.5719615,0,1
2.57246155,0,0
2.57296135,0,1
2.5734614,0,0
2.5739612,0,1
2.5744613,0,0
2.57496115,0,1
2.5754612,0,0
2.575961,0,1
2.576461,0,0
2.5769608,0,1
2.57746085,0,0
2.5779607,0,1
2.5784608,0,0
2.57896065,0,1
2.5794608,0,0
2.57996065,0,1
2.5804607,0,0
2.58096055,0,1
2.58146065,0,0
2.58196045,0,1
2.58246055,0,0
2.58296035,0,1
2.58346045,0,0
2.58396035,0,1
2.58446045,0,0
2.5849603,0,1
2.58546035,0,0
2.58596015,0,1
2.58646015,0,0
2.5869599,0,1
2.58745995,0,0
2.5879597,0,1
2.5884598,0,0
2.5889596,0,1
2.58945965,0,0
2.5899595,0,1
2.5904596,0,0
2.5909594,0,1
2.59145945,0,0
2.5919593,0,1
2.59245935,0,0
2.59295915,0,1
2.59345925,0,0
2.59395905,0,1
2.59445915,0,0
2.59495895,0,1
2.59545905,0,0
2.5959589,0,1
2.5964589,0,0
2.5969587,0,1
2.59745875,0,0
2.5979586,0,1
2.59845865,0,0
2.59895845,0,1
2.59945845,0,0
2.5999583,0,1
2.6004583,0,0
2.60095815,0,1
2.6014582,0,0
2.601958,0,1
2.60245805,0,0
2.60295785,0,1
2.60345795,0,0
2.6039577,0,1
2.60445775,0,0
2.60495755,0,1
2.60545765,0,0
2.60595745,0,1
2.60645745,0,0
2.60695725,0,1
2.60745725,0,0
2.6079571,0,1
2.6084571,0,0
2.6089569,0,1
2.60945695,0,0
2.60995675,0,1
2.6104568,0,0
2.61095665,0,1
2.6114567,0,0
2.6119565,0,1
2.61245655,0,0
2.61295635,0,1
2.61345645,0,0
2.6139563,0,1
2.6144564,0,0
2.61495625,0,1
2.6154563,0,0
2.61595615,0,1
2.61645625,0,0
2.616956,0,1
2.617456,0,0
2.61795585,0,1
2.6184559,0,0
2.61895575,0,1
2.6194558,0,0
2.6199556,0,1
2.62045565,0,0
2.6209555,0,1
2.62145555,0,0
2.62195535,0,1
2.6224554,0,0
2.6229552,0,1
2.6234553,0,0
2.6239551,0,1
2.6244552,0,0
2.62495505,0,1
2.62545515,0,0
2.625955,0,1
2.6264551,0,0
2.62695495,0,1
2.62745505,0,0
2.6279549,0,1
2.628455,0,0
2.62895485,0,1
2.62945495,0,0
2.62995475,0,1
2.6304548,0,0
2.6309546,0,1
2.63145465,0,0
2.63195445,0,1
2.6324545,0,0
2.6329543,0,1
2.63345435,0,0
2.63395415,0,1
2.63445425,0,0
2.63495405,0,1
2.63545415,0,0
2.63595395,0,1
2.63645405,0,0
2.63695395,0,1
2.637454,0,0
2.63795385,0,1
2.63845395,0,0
2.63895375,0,1
2.6394538,0,0
2.6399536,0,1
2.6404537,0,0
2.6409535,0,1
2.64145355,0,0
2.64195335,0,1
2.6424534,0,0
2.64295325,0,1
2.6434533,0,0
2.64395315,0,1
2.6444532,0,0
2.64495305,0,1
2.64545315,0,0
2.64595305,0,1
2.6464531,0,0
2.646953,0,1
2.64745315,0,0
2.647953,0,1
2.64845315,0,0
2.648953,0,1
2.64945315,0,0
2.649953,0,1
2.6504531,0,0
2.65095295,0,1
2.65145305,0,0
2.65195285,0,1
2.6524529,0,0
2.6529527,0,1
2.65345275,0,0
2.6539525,0,1
2.65445255,0,0
2.6549523,0,1
2.65545235,0,0
2.65595215,0,1
2.6564522,0,0
2.656952,0,1
2.6574521,0,0
2.65795195,0,1
2.658452,0,0
2.65895175,0,1
2.65945175,0,0
2.65995155,0,1
2.6604516,0,0
2.6609514,0,1
2.66145145,0,0
2.6619513,0,1
2.66245135,0,0
2.6629512,0,1
2.6634513,0,0
2.6639511,0,1
2.6644512,0,0
2.66495105,0,1
2.6654511,0,0
2.66595095,0,1
2.66645105,0,0
2.66695085,0,1
2.66745095,0,0
2.6679508,0,1
2.66845085,0,0
2.6689507,0,1
2.66945085,0,0
2.66995065,0,1
2.6704507,0,0
2.6709505,0,1
2.67145055,0,0
2.67195035,0,1
2.6724504,0,0
2.67295025,0,1
2.67345035,0,0
2.67395015,0,1
2.67445025,0,0
2.6749501,0,1
2.67545015,0,0
2.67595,0,1
2.67645005,0,0
2.67694985,0,1
2.67744995,0,0
2.67794975,0,1
2.6784498,0,0
2.6789496,0,1
2.6794497,0,0
2.67994945,0,1
2.68044955,0,0
2.68094935,0,1
2.6814494,0,0
2.6819493,0,1
2.68244935,0,0
2.68294925,0,1
2.68344935,0,0
2.6839492,0,1
2.6844493,0,0
2.6849491,0,1
2.68544915,0,0
2.685949,0,1
2.68644905,0,0
2.68694885,0,1
2.68744885,0,0
2.68794865,0,1
2.6884487,0,0
2.68894845,0,1
2.68944855,0,0
2.68994835,0,1
2.69044845,0,0
2.69094825,0,1
2.69144835,0,0
2.69194815,0,1
2.6924482,0,0
2.692948,0,1
2.693448,0,0
2.6939478,0,1
2.6944478,0,0
2.6949476,0,1
2.69544765,0,0
2.6959475,0,1
2.69644755,0,0
2.69694735,0,1
2.6974474,0,0
2.6979472,0,1
2.69844725,0,0
2.698947,0,1
2.699447,0,0
2.6999468,0,1
2.70044685,0,0
2.7009467,0,1
2.7014467,0,0
2.70194655,0,1
2.7024466,0,0
2.70294635,0,1
2.7034464,0,0
2.70394615,0,1
2.70444625,0,0
2.704946,0,1
2.705446,0,0
2.7059458,0,1
2.7064458,0,0
2.7069456,0,1
2.70744565,0,0
2.70794545,0,1
2.70844545,0,0
2.7089453,0,1
2.7094453,0,0
2.7099451,0,1
2.7104451,0,0
2.7109449,0,1
2.7114449,0,0
2.7119447,0,1
2.71244475,0,0
2.7129445,0,1
2.71344455,0,0
2.71394435,0,1
2.71444435,0,0
2.71494415,0,1
2.71544415,0,0
2.7159439,0,1
2.71644395,0,0
2.7169438,0,1
2.7174438,0,0
2.7179436,0,1
2.71844355,0,0
2.7189433,0,1
2.7194433,0,0
2.71994305,0,1
2.72044305,0,0
2.7209428,0,1
2.72144285,0,0
2.7219427,0,1
2.72244275,0,0
2.72294255,0,1
2.7234426,0,0
2.7239424,0,1
2.72444245,0,0
2.72494225,0,1
2.72544235,0,0
2.7259421,0,1
2.72644215,0,0
2.72694195,0,1
2.727442,0,0
2.7279418,0,1
2.72844185,0,0
2.7289416,0,1
2.72944165,0,0
2.72994145,0,1
2.7304415,0,0
2.73094135,0,1
2.7314414,0,0
2.7319412,0,1
2.7324412,0,0
2.732941,0,1
2.73344105,0,0
2.73394085,0,1
2.73444095,0,0
2.73494075,0,1
2.73544085,0,0
2.73594065,0,1
2.7364407,0,0
2.7369405,0,1
2.73744055,0,0
2.7379404,0,1
2.73844045,0,0
2.7389403,0,1
2.7394404,0,0
2.73994025,0,1
2.7404403,0,0
2.7409401,0,1
2.74144015,0,0
2.74193995,0,1
2.74244,0,0
2.7429398,0,1
2.7434399,0,0
2.74393975,0,1
2.74443985,0,0
2.74493965,0,1
2.74543975,0,0
2.74593965,0,1
2.74643975,0,0
2.7469396,0,1
2.74743965,0,0
2.74793945,0,1
2.74843955,0,0
2.7489394,0,1
2.74943945,0,0
2.74993925,0,1
2.75043935,0,0
2.75093925,0,1
2.7514393,0,0
2.75193915,0,1
2.7524392,0,0
2.75293905,0,1
2.7534391,0,0
2.75393895,0,1
2.754439,0,0
2.7549388,0,1
2.7554388,0,0
2.75593855,0,1
2.7564386,0,0
2.7569384,0,1
2.7574385,0,0
2.75793835,0,1
2.7584384,0,0
2.7589382,0,1
2.75943825,0,0
2.7599381,0,1
2.76043815,0,0
2.760938,0,1
2.76143805,0,0
2.76193785,0,1
2.7624379,0,0
2.7629377,0,1
2.7634378,0,0
2.7639376,0,1
2.76443775,0,0
2.76493755,0,1
2.76543765,0,0
2.7659375,0,1
2.76643755,0,0
2.76693735,0,1
2.7674374,0,0
2.7679372,0,1
2.76843725,0,0
2.76893705,0,1
2.76943715,0,0
2.769937,0,1
2.7704371,0,0
2.77093695,0,1
2.77143705,0,0
2.7719369,0,1
2.77243695,0,0
2.7729368,0,1
2.77343685,0,0
2.7739367,0,1
2.77443675,0,0
2.77493655,0,1
2.77543665,0,0
2.77593645,0,1
2.77643655,0,0
2.77693635,0,1
2.77743645,0,0
2.77793625,0,1
2.77843625,0,0
2.77893605,0,1
2.77943605,0,0
2.77993585,0,1
2.7804359,0,0
2.7809357,0,1
2.7814357,0,0
2.78193555,0,1
2.78243555,0,0
2.7829353,0,1
2.78343535,0,0
2.78393515,0,1
2.7844352,0,0
2.78493505,0,1
2.7854351,0,0
2.7859349,0,1
2.78643495,0,0
2.78693475,0,1
2.7874348,0,0
2.7879346,0,1
2.78843465,0,0
2.78893445,0,1
2.78943445,0,0
2.78993425,0,1
2.79043425,0,0
2.79093405,0,1
2.79143405,0,0
2.79193385,0,1
2.7924339,0,0
2.79293365,0,1
2.79343365,0,0
2.79393345,0,1
2.79443345,0,0
2.79493325,0,1
2.7954332,0,0
2.795933,0,1
2.796433,0,0
2.79693275,0,1
2.7974328,0,0
2.79793255,0,1
2.7984326,0,0
2.79893245,0,1
2.79943245,0,0
2.79993225,0,1
2.80043225,0,0
2.80093205,0,1
2.8014321,0,0
2.8019319,0,1
2.8024319,0,0
2.80293165,0,1
2.80343165,0,0
2.8039314,0,1
2.80443145,0,0
2.80493125,0,1
2.80543125,0,0
2.80593105,0,1
2.8064311,0,0
2.8069309,0,1
2.8074309,0,0
2.8079307,0,1
2.80843075,0,0
2.8089305,0,1
2.80943055,0,0
2.8099303,0,1
2.8104303,0,0
2.81093005,0,1
2.81143005,0,0
2.8119298,0,1
2.81242985,0,0
2.8129296,0,1
2.8134296,0,0
2.8139294,0,1
2.8144294,0,0
2.81492915,0,1
2.81542915,0,0
2.8159289,0,1
2.8164289,0,0
2.8169286,0,1
2.81742855,0,0
2.8179283,0,1
2.8184283,0,0
2.81892815,0,1
2.81942815,0,0
2.8199279,0,1
2.82042795,0,0
2.8209277,0,1
2.82142775,0,0
2.8219275,0,1
2.82242745,0,0
2.8229272,0,1
2.8234272,0,0
2.82392685,0,1
2.82442685,0,0
2.8249266,0,1
2.8254266,0,0
2.82592635,0,1
2.8264264,0,0
2.8269262,0,1
2.8274262,0,0
2.827926,0,1
2.82842605,0,0
2.82892585,0,1
2.8294259,0,0
2.8299257,0,1
2.83042575,0,0
2.83092555,0,1
2.83142565,0,0
2.8319254,0,1
2.8324255,0,0
2.8329253,0,1
2.83342535,0,0
2.83392515,0,1
2.83442515,0,0
2.83492495,0,1
2.835425,0,0
2.8359248,0,1
2.83642485,0,0
2.83692465,0,1
2.83742465,0,0
2.8379245,0,1
2.8384245,0,0
2.8389243,0,1
2.8394243,0,0
2.8399241,0,1
2.8404241,0,0
2.8409238,0,1
2.84142385,0,0
2.8419235,0,1
2.8424235,0,0
2.84292325,0,1
2.8434233,0,0
2.84392305,0,1
2.84442305,0,0
2.8449228,0,1
2.84542285,0,0
2.8459226,0,1
2.8464226,0,0
2.84692235,0,1
2.84742235,0,0
2.84792215,0,1
2.84842215,0,0
2.84892195,0,1
2.849422,0,0
2.8499218,0,1
2.85042185,0,0
2.85092165,0,1
2.8514217,0,0
2.8519215,0,1
2.85242155,0,0
2.85292135,0,1
2.8534213,0,0
2.8539211,0,1
2.85442115,0,0
2.8549209,0,1
2.8554209,0,0
2.85592065,0,1
2.85642065,0,0
2.8569204,0,1
2.8574204,0,0
2.85792015,0,1
2.8584202,0,0
2.85892,0,1
2.85942,0,0
2.85991975,0,1
2.86041975,0,0
2.8609195,0,1
2.8614195,0,0
2.86191925,0,1
2.8624193,0,0
2.8629191,0,1
2.86341915,0,0
2.8639189,0,1
2.86441895,0,0
2.8649187,0,1
2.86541875,0,0
2.86591855,0,1
2.86641865,0,0
2.86691845,0,1
2.86741855,0,0
2.86791835,0,1
2.8684184,0,0
2.8689182,0,1
2.86941825,0,0
2.86991805,0,1
2.8704181,0,0
2.8709178,0,1
2.8714178,0,0
2.8719175,0,1
2.87241755,0,0
2.8729173,0,1
2.8734173,0,0
2.87391705,0,1
2.874417,0,0
2.87491675,0,1
2.8754167,0,0
2.87591645,0,1
2.8764165,0,0
2.87691625,0,1
2.8774163,0,0
2.87791605,0,1
2.8784161,0,0
2.87891585,0,1
2.87941585,0,0
2.8799156,0,1
2.88041565,0,0
2.8809154,0,1
2.88141545,0,0
2.8819152,0,1
2.8824152,0,0
2.88291505,0,1
2.8834151,0,0
2.88391485,0,1
2.8844149,0,0
2.88491465,0,1
2.8854147,0,0
2.8859145,0,1
2.88641455,0,0
2.8869144,0,1
2.88741445,0,0
2.88791425,0,1
2.8884143,0,0
2.8889141,0,1
2.8894141,0,0
2.88991385,0,1
2.8904139,0,0
2.8909137,0,1
2.8914137,0,0
2.8919135,0,1
2.89241355,0,0
2.89291335,0,1
2.89341335,0,0
2.89391315,0,1
2.89441315,0,0
2.89491295,0,1
2.89541295,0,0
2.89591275,0,1
2.89641285,0,0
2.8969127,0,1
2.8974128,0,0
2.8979126,0,1
2.8984127,0,0
2.8989125,0,1
2.8994126,0,0
2.8999124,0,1
2.90041245,0,0
2.90091225,0,1
2.9014123,0,0
2.9019121,0,1
2.9024121,0,0
2.9029119,0,1
2.9034119,0,0
2.90391165,0,1
2.9044117,0,0
2.90491145,0,1
2.9054115,0,0
2.9059112,0,1
2.9064112,0,0
2.90691095,0,1
2.90741095,0,0
2.9079107,0,1
2.9084107,0,0
2.90891045,0,1
2.9094104,0,0
2.9099102,0,1
2.91041015,0,0
2.91090995,0,1
2.91140995,0,0
2.9119097,0,1
2.9124097,0,0
2.91290945,0,1
2.91340945,0,0
2.91390925,0,1
2.9144093,0,0
2.91490905,0,1
2.9154091,0,0
2.91590885,0,1
2.9164089,0,0
2.91690875,0,1
2.9174088,0,0
2.9179086,0,1
2.91840865,0,0
2.9189085,0,1
2.9194085,0,0
2.9199083,0,1
2.92040835,0,0
2.92090815,0,1
2.9214082,0,0
2.92190795,0,1
2.92240795,0,0
2.92290775,0,1
2.9234078,0,0
2.9239075,0,1
2.92440755,0,0
2.9249073,0,1
2.9254073,0,0
2.9259071,0,1
2.9264071,0,0
2.9269069,0,1
2.92740695,0,0
2.92790675,0,1
2.92840675,0,0
2.92890645,0,1
2.9294065,0,0
2.92990625,0,1
2.9304063,0,0
2.930906,0,1
2.931406,0,0
2.9319058,0,1
2.93240585,0,0
2.9329056,0,1
2.9334056,0,0
2.9339054,0,1
2.9344054,0,0
2.9349052,0,1
2.93540525,0,0
2.935905,0,1
2.936405,0,0
2.9369048,0,1
2.9374048,0,0
2.9379046,0,1
2.93840465,0,0
2.93890445,0,1
2.9394045,0,0
2.9399043,0,1
2.94040435,0,0
2.9409042,0,1
2.9414043,0,0
2.9419041,0,1
2.9424042,0,0
2.942904,0,1
2.94340405,0,0
2.94390385,0,1
2.9444039,0,0
2.9449037,0,1
2.94540375,0,0
2.94590355,0,1
2.94640355,0,0
2.9469033,0,1
2.94740335,0,0
2.94790315,0,1
2.94840315,0,0
2.94890295,0,1
2.94940295,0,0
2.94990275,0,1
2.9504028,0,0
2.9509026,0,1
2.9514026,0,0
2.9519024,0,1
2.95240245,0,0
2.95290225,0,1
2.9534023,0,0
2.9539021,0,1
2.95440215,0,0
2.95490195,0,1
2.95540195,0,0
2.95590175,0,1
2.95640175,0,0
2.95690155,0,1
2.95740155,0,0
2.9579013,0,1
2.9584013,0,0
2.9589011,0,1
2.95940115,0,0
2.9599009,0,1
2.9604009,0,0
2.96090065,0,1
2.96140065,0,0
2.96190045,0,1
2.9624005,0,0
2.9629003,0,1
2.96340035,0,0
2.96390015,0,1
2.9644002,0,0
2.9649,0,1
2.96540005,0,0
2.96589985,0,1
2.9663999,0,0
2.9668997,0,1
2.96739965,0,0
2.9678994,0,1
2.96839945,0,0
2.96889925,0,1
2.96939925,0,0
2.96989905,0,1
2.9703991,0,0
2.97089885,0,1
2.97139885,0,0
2.9718986,0,1
2.97239855,0,0
2.9728983,0,1
2.97339825,0,0
2.97389795,0,1
2.97439795,0,0
2.9748977,0,1
2.97539765,0,0
2.9758974,0,1
2.9763974,0,0
2.9768972,0,1
2.9773972,0,0
2.9778969,0,1
2.97839695,0,0
2.9788967,0,1
2.9793967,0,0
2.9798964,0,1
2.9803964,0,0
2.98089615,0,1
2.9813962,0,0
2.98189595,0,1
2.982396,0,0
2.9828958,0,1
2.9833958,0,0
2.98389555,0,1
2.98439555,0,0
2.9848953,0,1
2.98539525,0,0
2.985895,0,1
2.98639505,0,0
2.9868948,0,1
2.98739485,0,0
2.98789465,0,1
2.9883947,0,0
2.98889445,0,1
2.98939445,0,0
2.98989425,0,1
2.99039425,0,0
2.99089405,0,1
2.99139405,0,0
2.99189385,0,1
2.99239385,0,0
2.99289365,0,1
2.9933937,0,0
2.9938935,0,1
2.99439345,0,0
2.99489325,0,1
2.9953933,0,0
2.99589305,0,1
2.9963931,0,0
2.99689285,0,1
2.99739285,0,0
2.99789265,0,1
2.9983927,0,0
2.9988925,0,1
2.99939255,0,0
2.9998923,0,1
3.0003924,0,0
3.0008922,0,1
3.00139225,0,0
3.0018921,0,1
3.00239215,0,0
3.002892,0,1
3.0033921,0,0
3.00389195,0,1
3.004392,0,0
3.00489185,0,1
3.0053919,0,0
3.0058917,0,1
3.0063917,0,0
3.00689155,0,1
3.0073916,0,0
3.0078914,0,1
3.00839145,0,0
3.0088913,0,1
3.00939135,0,0
3.00989115,0,1
3.01039125,0,0
3.01089105,0,1
3.01139115,0,0
3.01189095,0,1
3.01239105,0,0
3.01289085,0,1
3.0133909,0,0
3.01389075,0,1
3.0143908,0,0
3.0148906,0,1
3.01539065,0,0
3.01589045,0,1
3.01639045,0,0
3.0168902,0,1
3.01739015,0,0
3.01788985,0,1
3.0183898,0,0
3.0188896,0,1
3.0193897,0,0
3.0198895,0,1
3.0203896,0,0
3.0208894,0,1
3.02138945,0,0
3.02188925,0,1
3.02238935,0,0
3.02288915,0,1
3.02338925,0,0
3.02388905,0,1
3.02438915,0,0
3.02488895,0,1
3.025389,0,0
3.02588875,0,1
3.0263888,0,0
3.02688865,0,1
3.02738875,0,0
3.02788855,0,1
3.0283886,0,0
3.0288884,0,1
3.02938845,0,0
3.0298882,0,1
3.03038825,0,0
3.03088805,0,1
3.0313881,0,0
3.0318879,0,1
3.03238795,0,0
3.03288775,0,1
3.03338785,0,0
3.03388765,0,1
3.03438775,0,0
3.03488755,0,1
3.03538755,0,0
3.03588735,0,1
3.03638735,0,0
3.03688715,0,1
3.0373871,0,0
3.03788685,0,1
3.0383869,0,0
3.03888665,0,1
3.0393867,0,0
3.03988645,0,1
3.04038655,0,0
3.0408863,0,1
3.04138635,0,0
3.0418861,0,1
3.0423861,0,0
3.0428859,0,1
3.0433859,0,0
3.04388565,0,1
3.04438565,0,0
3.04488545,0,1
3.04538545,0,0
3.04588525,0,1
3.0463853,0,0
3.0468851,0,1
3.0473851,0,0
3.0478849,0,1
3.04838495,0,0
3.0488847,0,1
3.04938475,0,0
3.04988455,0,1
3.05038455,0,0
3.0508843,0,1
3.05138435,0,0
3.0518841,0,1
3.05238405,0,0
3.0528838,0,1
3.05338375,0,0
3.0538835,0,1
3.0543835,0,0
3.0548833,0,1
3.0553834,0,0
3.0558832,0,1
3.05638325,0,0
3.0568831,0,1
3.05738315,0,0
3.057883,0,1
3.0583831,0,0
3.0588829,0,1
3.059383,0,0
3.0598828,0,1
3.0603829,0,0
3.0608827,0,1
3.0613827,0,0
3.06188255,0,1
3.06238265,0,0
3.0628825,0,1
3.0633825,0,0
3.0638823,0,1
3.06438235,0,0
3.06488215,0,1
3.06538225,0,0
3.0658821,0,1
3.06638215,0,0
3.06688195,0,1
3.06738205,0,0
3.06788185,0,1
3.06838185,0,0
3.0688816,0,1
3.0693817,0,0
3.06988155,0,1
3.07038165,0,0
3.07088145,0,1
3.0713816,0,0
3.0718814,0,1
3.0723815,0,0
3.0728813,0,1
3.07338135,0,0
3.0738812,0,1
3.07438125,0,0
3.07488105,0,1
3.0753811,0,0
3.0758809,0,1
3.07638095,0,0
3.07688075,0,1
3.0773808,0,0
3.07788055,0,1
3.0783806,0,0
3.0788804,0,1
3.07938045,0,0
3.07988025,0,1
3.0803803,0,0
3.0808801,0,1
3.0813801,0,0
3.08187995,0,1
3.08238,0,0
3.0828798,0,1
3.08337985,0,0
3.0838796,0,1
3.08437965,0,0
3.0848794,0,1
3.08537935,0,0
3.08587905,0,1
3.08637905,0,0
3.0868788,0,1
3.0873788,0,0
3.08787855,0,1
3.08837855,0,0
3.08887835,0,1
3.08937845,0,0
3.08987825,0,1
3.09037825,0,0
3.090878,0,1
3.09137805,0,0
3.09187785,0,1
3.09237785,0,0
3.09287765,0,1
3.0933777,0,0
3.0938775,0,1
3.09437755,0,0
3.09487735,0,1
3.09537735,0,0
3.0958772,0,1
3.09637725,0,0
3.09687705,0,1
3.0973771,0,0
3.0978769,0,1
3.09837695,0,0
3.0988767,0,1
3.09937675,0,0
3.09987655,0,1
3.1003766,0,0
3.10087635,0,1
3.1013763,0,0
3.1018761,0,1
3.1023761,0,0
3.10287585,0,1
3.10337585,0,0
3.1038756,0,1
3.10437565,0,0
3.1048754,0,1
3.10537545,0,0
3.10587525,0,1
3.10637525,0,0
3.106875,0,1
3.107375,0,0
3.1078748,0,1
3.10837485,0,0
3.1088746,0,1
3.10937465,0,0
3.10987445,0,1
3.11037445,0,0
3.1108742,0,1
3.11137425,0,0
3.1118741,0,1
3.11237415,0,0
3.1128739,0,1
3.11337395,0,0
3.11387375,0,1
3.1143738,0,0
3.1148736,0,1
3.11537365,0,0
3.1158734,0,1
3.1163734,0,0
3.1168732,0,1
3.1173733,0,0
3.11787305,0,1
3.1183731,0,0
3.1188729,0,1
3.11937295,0,0
3.11987275,0,1
3.1203728,0,0
3.1208726,0,1
3.1213726,0,0
3.1218724,0,1
3.12237245,0,0
3.1228722,0,1
3.12337225,0,0
3.1238721,0,1
3.1243722,0,0
3.124872,0,1
3.12537205,0,0
3.1258719,0,1
3.126372,0,0
3.1268718,0,1
3.12737185,0,0
3.12787165,0,1
3.12837165,0,0
3.1288714,0,1
3.1293714,0,0
3.1298712,0,1
3.13037125,0,0
3.13087105,0,1
3.1313711,0,0
3.13187085,0,1
3.1323709,0,0
3.13287065,0,1
3.13337075,0,0
3.13387055,0,1
3.1343706,0,0
3.1348704,0,1
3.13537045,0,0
3.1358703,0,1
3.1363704,0,0
3.13687025,0,1
3.1373703,0,0
3.13787015,0,1
3.13837025,0,0
3.13887005,0,1
3.1393701,0,0
3.13986995,0,1
3.14037005,0,0
3.14086985,0,1
3.1413699,0,0
3.1418697,0,1
3.1423698,0,0
3.1428697,0,1
3.1433698,0,0
3.14386965,0,1
3.14436975,0,0
3.14486955,0,1
3.1453696,0,0
3.14586945,0,1
3.1463695,0,0
3.14686935,0,1
3.14736935,0,0
3.14786915,0,1
3.14836915,0,0
3.148869,0,1
3.14936905,0,0
3.14986885,0,1
3.1503689,0,0
3.15086875,0,1
3.15136875,0,0
3.1518685,0,1
3.15236855,0,0
3.15286835,0,1
3.1533684,0,0
3.1538682,0,1
3.1543683,0,0
3.1548681,0,1
3.1553682,0,0
3.155868,0,1
3.15636805,0,0
3.1568678,0,1
3.15736785,0,0
3.15786765,0,1
3.1583677,0,0
3.15886745,0,1
3.1593675,0,0
3.1598673,0,1
3.1603673,0,0
3.16086705,0,1
3.1613671,0,0
3.1618669,0,1
3.1623669,0,0
3.1628667,0,1
3.16336675,0,0
3.1638666,0,1
3.1643667,0,0
3.1648665,0,1
3.1653666,0,0
3.16586635,0,1
3.16636645,0,0
3.16686625,0,1
3.1673663,0,0
3.16786615,0,1
3.1683662,0,0
3.168866,0,1
3.16936605,0,0
3.1698659,0,1
3.17036595,0,0
3.17086575,0,1
3.17136575,0,0
3.17186555,0,1
3.1723656,0,0
3.1728654,0,1
3.17336545,0,0
3.17386525,0,1
3.1743653,0,0
3.1748651,0,1
3.17536515,0,0
3.17586495,0,1
3.17636495,0,0
3.17686475,0,1
3.1773648,0,0
3.17786455,0,1
3.17836455,0,0
3.17886435,0,1
3.17936435,0,0
3.1798641,0,1
3.18036415,0,0
3.180864,0,1
3.181364,0,0
3.1818638,0,1
3.1823638,0,0
3.1828636,0,1
3.18336365,0,0
3.18386345,0,1
3.1843635,0,0
3.1848633,0,1
3.18536335,0,0
3.18586315,0,1
3.18636325,0,0
3.18686305,0,1
3.1873631,0,0
3.1878629,0,1
3.18836295,0,0
3.1888628,0,1
3.1893629,0,0
3.1898627,0,1
3.1903628,0,0
3.19086255,0,1
3.1913626,0,0
3.1918624,0,1
3.19236245,0,0
3.19286225,0,1
3.1933623,0,0
3.19386215,0,1
3.19436225,0,0
3.1948621,0,1
3.1953622,0,0
3.195862,0,1
3.19636205,0,0
3.1968618,0,1
3.1973618,0,0
3.19786165,0,1
3.1983617,0,0
3.19886155,0,1
3.1993616,0,0
3.1998614,0,1
3.2003615,0,0
3.20086135,0,1
3.20136145,0,0
3.2018613,0,1
3.20236135,0,0
3.2028612,0,1
3.20336125,0,0
3.2038611,0,1
3.2043612,0,0
3.20486095,0,1
3.20536105,0,0
3.20586085,0,1
3.2063609,0,0
3.2068607,0,1
3.20736075,0,0
3.20786055,0,1
3.2083606,0,0
3.2088604,0,1
3.2093605,0,0
3.2098603,0,1
3.21036035,0,0
3.21086015,0,1
3.2113602,0,0
3.21186,0,1
3.2123601,0,0
3.2128599,0,1
3.21336,0,0
3.2138598,0,1
3.21435985,0,0
3.2148597,0,1
3.2153598,0,0
3.2158596,0,1
3.2163597,0,0
3.21685955,0,1
3.21735955,0,0
3.2178594,0,1
3.21835955,0,0
3.2188594,0,1
3.21935945,0,0
3.2198593,0,1
3.22035935,0,0
3.2208592,0,1
3.22135925,0,0
3.2218591,0,1
3.2223591,0,0
3.22285895,0,1
3.223359,0,0
3.2238588,0,1
3.22435885,0,0
3.2248587,0,1
3.2253588,0,0
3.2258586,0,1
3.2263587,0,0
3.2268585,0,1
3.22735855,0,0
3.2278584,0,1
3.2283585,0,0
3.22885835,0,1
3.2293584,0,0
3.2298582,0,1
3.23035825,0,0
3.23085805,0,1
3.23135815,0,0
3.231858,0,1
3.2323581,0,0
3.23285795,0,1
3.23335805,0,0
3.2338579,0,1
3.23435795,0,0
3.2348578,0,1
3.23535785,0,0
3.2358577,0,1
3.2363578,0,0
3.23685765,0,1
3.2373577,0,0
3.23785755,0,1
3.23835765,0,0
3.23885745,0,1
3.2393575,0,0
3.23985735,0,1
3.24035745,0,0
3.2408573,0,1
3.2413574,0,0
3.2418573,0,1
3.24235745,0,0
3.24285735,0,1
3.24335745,0,0
3.24385735,0,1
3.2443575,0,0
3.24485735,0,1
3.24535745,0,0
3.2458573,0,1
3.24635745,0,0
3.2468573,0,1
3.2473574,0,0
3.24785725,0,1
3.2483573,0,0
3.2488571,0,1
3.24935715,0,0
3.24985695,0,1
3.25035705,0,0
3.25085685,0,1
3.2513569,0,0
3.2518567,0,1
3.2523568,0,0
3.25285665,0,1
3.2533567,0,0
3.25385655,0,1
3.2543566,0,0
3.2548564,0,1
3.25535645,0,0
3.2558562,0,1
3.25635625,0,0
3.25685605,0,1
3.2573561,0,0
3.25785595,0,1
3.25835605,0,0
3.2588559,0,1
3.259356,0,0
3.2598558,0,1
3.2603559,0,0
3.26085575,0,1
3.26135585,0,0
3.26185565,0,1
3.26235575,0,0
3.26285555,0,1
3.26335565,0,0
3.26385545,0,1
3.2643555,0,0
3.26485535,0,1
3.2653554,0,0
3.2658552,0,1
3.2663553,0,0
3.26685515,0,1
3.2673552,0,0
3.267855,0,1
3.26835505,0,0
3.26885485,0,1
3.26935495,0,0
3.26985475,0,1
3.27035485,0,0
3.27085465,0,1
3.27135475,0,0
3.2718545,0,1
3.27235455,0,0
3.27285435,0,1
3.27335445,0,0
3.27385425,0,1
3.27435425,0,0
3.27485405,0,1
3.27535405,0,0
3.27585385,0,1
3.2763539,0,0
3.27685375,0,1
3.2773538,0,0
3.27785365,0,1
3.2783537,0,0
3.27885355,0,1
3.27935365,0,0
3.27985345,0,1
3.2803535,0,0
3.2808533,0,1
3.28135335,0,0
3.28185315,0,1
3.2823532,0,0
3.282853,0,1
3.28335305,0,0
3.2838528,0,1
3.28435285,0,0
3.2848526,0,1
3.28535265,0,0
3.2858524,0,1
3.28635245,0,0
3.2868522,0,1
3.28735225,0,0
3.287852,0,1
3.2883521,0,0
3.2888519,0,1
3.28935195,0,0
3.28985175,0,1
3.2903518,0,0
3.29085165,0,1
3.2913517,0,0
3.29185155,0,1
3.2923516,0,0
3.2928514,0,1
3.2933514,0,0
3.2938512,0,1
3.29435125,0,0
3.294851,0,1
3.29535105,0,0
3.29585085,0,1
3.2963509,0,0
3.2968507,0,1
3.2973508,0,0
3.2978506,0,1
3.29835075,0,0
3.29885055,0,1
3.2993506,0,0
3.2998504,0,1
3.30035045,0,0
3.3008503,0,1
3.30135035,0,0
3.30185015,0,1
3.3023502,0,0
3.30284995,0,1
3.30335,0,0
3.3038498,0,1
3.3043499,0,0
3.3048497,0,1
3.30534975,0,0
3.30584955,0,1
3.3063496,0,0
3.30684935,0,1
3.30734945,0,0
3.30784925,0,1
3.30834935,0,0
3.30884915,0,1
3.3093492,0,0
3.30984905,0,1
3.3103491,0,0
3.3108489,0,1
3.31134895,0,0
3.31184875,0,1
3.3123488,0,0
3.3128486,0,1
3.31334865,0,0
3.31384845,0,1
3.31434845,0,0
3.3148482,0,1
3.3153482,0,0
3.31584795,0,1
3.31634795,0,0
3.31684775,0,1
3.3173478,0,0
3.31784755,0,1
3.3183476,0,0
3.31884735,0,1
3.3193474,0,0
3.3198472,0,1
3.3203473,0,0
3.3208471,0,1
3.32134715,0,0
3.321847,0,1
3.32234705,0,0
3.3228468,0,1
3.32334685,0,0
3.3238466,0,1
3.32434665,0,0
3.3248464,0,1
3.3253464,0,0
3.32584615,0,1
3.32634615,0,0
3.326846,0,1
3.327346,0,0
3.32784575,0,1
3.32834575,0,0
3.32884545,0,1
3.32934545,0,0
3.3298452,0,1
3.33034525,0,0
3.33084505,0,1
3.33134505,0,0
3.3318448,0,1
3.3323448,0,0
3.33284455,0,1
3.33334455,0,0
3.3338443,0,1
3.3343443,0,0
3.3348441,0,1
3.3353441,0,0
3.33584385,0,1
3.3363439,0,0
3.33684365,0,1
3.3373437,0,0
3.33784345,0,1
3.33834345,0,0
3.3388433,0,1
3.3393433,0,0
3.3398431,0,1
3.34034315,0,0
3.34084295,0,1
3.34134295,0,0
3.34184275,0,1
3.34234275,0,0
3.34284255,0,1
3.34334255,0,0
3.34384235,0,1
3.34434235,0,0
3.3448421,0,1
3.3453421,0,0
3.34584185,0,1
3.34634185,0,0
3.3468416,0,1
3.3473416,0,0
3.34784135,0,1
3.34834145,0,0
3.3488412,0,1
3.34934125,0,0
3.34984105,0,1
3.3503411,0,0
3.35084095,0,1
3.351341,0,0
3.3518408,0,1
3.35234085,0,0
3.3528407,0,1
3.3533408,0,0
3.3538406,0,1
3.35434065,0,0
3.3548405,0,1
3.3553405,0,0
3.3558403,0,1
3.35634035,0,0
3.35684015,0,1
3.3573402,0,0
3.35784005,0,1
3.35834005,0,0
3.3588399,0,1
3.35933995,0,0
3.35983965,0,1
3.3603397,0,0
3.36083945,0,1
3.3613395,0,0
3.36183925,0,1
3.3623393,0,0
3.3628391,0,1
3.3633391,0,0
3.36383895,0,1
3.364339,0,0
3.3648388,0,1
3.36533885,0,0
3.3658387,0,1
3.3663388,0,0
3.3668386,0,1
3.36733865,0,0
3.36783845,0,1
3.3683385,0,0
3.3688383,0,1
3.36933835,0,0
3.3698381,0,1
3.37033815,0,0
3.370838,0,1
3.3713381,0,0
3.37183795,0,1
3.37233805,0,0
3.3728379,0,1
3.373338,0,0
3.37383785,0,1
3.3743379,0,0
3.37483765,0,1
3.3753377,0,0
3.3758375,0,1
3.37633755,0,0
3.37683735,0,1
3.3773374,0,0
3.37783715,0,1
3.3783372,0,0
3.37883695,0,1
3.379337,0,0
3.3798368,0,1
3.38033685,0,0
3.38083665,0,1
3.38133675,0,0
3.38183655,0,1
3.3823366,0,0
3.38283645,0,1
3.3833365,0,0
3.3838363,0,1
3.3843364,0,0
3.38483615,0,1
3.3853362,0,0
3.385836,0,1
3.38633605,0,0
3.38683585,0,1
3.3873359,0,0
3.38783575,0,1
3.3883358,0,0
3.3888356,0,1
3.38933565,0,0
3.38983545,0,1
3.3903355,0,0
3.3908353,0,1
3.39133535,0,0
3.39183515,0,1
3.3923352,0,0
3.39283505,0,1
3.39333505,0,0
3.39383485,0,1
3.39433495,0,0
3.39483485,0,1
3.39533495,0,0
3.3958348,0,1
3.39633485,0,0
3.3968347,0,1
3.3973348,0,0
3.3978346,0,1
3.39833465,0,0
3.39883445,0,1
3.3993345,0,0
3.3998343,0,1
3.40033435,0,0
3.40083415,0,1
3.40133425,0,0
3.40183405,0,1
3.4023341,0,0
3.4028339,0,1
3.403334,0,0
3.40383385,0,1
3.404334,0,0
3.40483385,0,1
3.4053339,0,0
3.40583375,0,1
3.40633385,0,0
3.4068337,0,1
3.4073338,0,0
3.4078336,0,1
3.4083337,0,0
3.40883355,0,1
3.4093336,0,0
3.40983345,0,1
3.4103335,0,0
3.4108333,0,1
3.4113333,0,0
3.4118331,0,1
3.41233315,0,0
3.41283295,0,1
3.41333295,0,0
3.41383275,0,1
3.41433285,0,0
3.41483265,0,1
3.41533265,0,0
3.4158324,0,1
3.4163324,0,0
3.4168322,0,1
3.4173322,0,0
3.417832,0,1
3.418332,0,0
3.4188318,0,1
3.41933185,0,0
3.41983165,0,1
3.42033165,0,0
3.42083145,0,1
3.4213315,0,0
3.42183135,0,1
3.4223314,0,0
3.4228312,0,1
3.42333125,0,0
3.42383105,0,1
3.4243311,0,0
3.4248309,0,1
3.42533095,0,0
3.42583075,0,1
3.42633075,0,0
3.42683055,0,1
3.4273306,0,0
3.4278304,0,1
3.42833045,0,0
3.42883025,0,1
3.42933025,0,0
3.42983005,0,1
3.4303301,0,0
3.43082985,0,1
3.43132985,0,0
3.43182965,0,1
3.43232965,0,0
3.43282945,0,1
3.43332945,0,0
3.43382925,0,1
3.43432925,0,0
3.4348291,0,1
3.43532915,0,0
3.43582895,0,1
3.43632895,0,0
3.43682875,0,1
3.4373288,0,0
3.4378286,0,1
3.43832855,0,0
3.4388283,0,1
3.43932835,0,0
3.43982815,0,1
3.44032815,0,0
3.44082795,0,1
3.44132795,0,0
3.44182775,0,1
3.44232775,0,0
3.44282755,0,1
3.4433276,0,0
3.44382735,0,1
3.4443274,0,0
3.44482715,0,1
3.44532715,0,0
3.44582695,0,1
3.44632695,0,0
3.4468268,0,1
3.44732685,0,0
3.44782665,0,1
3.44832665,0,0
3.4488264,0,1
3.4493264,0,0
3.4498261,0,1
3.4503261,0,0
3.4508259,0,1
3.4513259,0,0
3.45182565,0,1
3.45232565,0,0
3.4528254,0,1
3.4533254,0,0
3.4538251,0,1
3.45432505,0,0
3.4548248,0,1
3.45532485,0,0
3.45582465,0,1
3.4563247,0,0
3.45682445,0,1
3.45732445,0,0
3.4578242,0,1
3.45832415,0,0
3.45882395,0,1
3.459324,0,0
3.45982375,0,1
3.4603238,0,0
3.46082355,0,1
3.4613236,0,0
3.4618234,0,1
3.4623235,0,0
3.4628233,0,1
3.46332335,0,0
3.4638231,0,1
3.4643232,0,0
3.46482295,0,1
3.46532295,0,0
3.46582275,0,1
3.46632275,0,0
3.4668226,0,1
3.46732265,0,0
3.46782245,0,1
3.4683225,0,0
3.46882225,0,1
3.46932225,0,0
3.46982195,0,1
3.4703219,0,0
3.4708217,0,1
3.4713217,0,0
3.4718215,0,1
3.47232155,0,0
3.47282135,0,1
3.4733214,0,0
3.47382115,0,1
3.4743212,0,0
3.47482095,0,1
3.475321,0,0
3.47582075,0,1
3.4763208,0,0
3.4768206,0,1
3.47732065,0,0
3.47782045,0,1
3.4783205,0,0
3.47882025,0,1
3.4793203,0,0
3.4798201,0,1
3.48032015,0,0
3.48081995,0,1
3.48132,0,0
3.4818198,0,1
3.4823198,0,0
3.48281955,0,1
3.4833196,0,0
3.48381935,0,1
3.4843193,0,0
3.48481905,0,1
3.48531905,0,0
3.48581885,0,1
3.4863189,0,0
3.48681865,0,1
3.48731865,0,0
3.48781845,0,1
3.48831845,0,0
3.4888182,0,1
3.48931825,0,0
3.489818,0,1
3.490318,0,0
3.49081775,0,1
3.49131775,0,0
3.4918175,0,1
3.49231755,0,0
3.49281725,0,1
3.49331725,0,0
3.493817,0,1
3.494317,0,0
3.4948167,0,1
3.4953167,0,0
3.49581645,0,1
3.4963165,0,0
3.4968163,0,1
3.4973163,0,0
3.4978161,0,1
3.4983161,0,0
3.4988159,0,1
3.49931595,0,0
3.49981575,0,1
3.50031575,0,0
3.5008155,0,1
3.50131555,0,0
3.50181535,0,1
3.50231535,0,0
3.50281515,0,1
3.5033152,0,0
3.503815,0,1
3.50431505,0,0
3.5048148,0,1
3.50531485,0,0
3.5058146,0,1
3.5063146,0,0
3.50681435,0,1
3.50731435,0,0
3.50781415,0,1
3.50831415,0,0
3.5088139,0,1
3.50931395,0,0
3.50981375,0,1
3.51031375,0,0
3.51081355,0,1
3.5113136,0,0
3.5118134,0,1
3.5123134,0,0
3.51281315,0,1
3.5133132,0,0
3.513813,0,1
3.51431305,0,0
3.51481285,0,1
3.5153129,0,0
3.5158127,0,1
3.51631275,0,0
3.51681255,0,1
3.51731255,0,0
3.51781235,0,1
3.5183124,0,0
3.51881225,0,1
3.5193123,0,0
3.5198121,0,1
3.52031215,0,0
3.520812,0,1
3.52131205,0,0
3.5218118,0,1
3.5223118,0,0
3.52281155,0,1
3.5233116,0,0
3.5238114,0,1
3.5243114,0,0
3.5248112,0,1
3.52531125,0,0
3.52581105,0,1
3.52631105,0,0
3.5268108,0,1
3.5273108,0,0
3.5278106,0,1
3.52831065,0,0
3.52881045,0,1
3.5293105,0,0
3.5298103,0,1
3.5303104,0,0
3.53081025,0,1
3.5313103,0,0
3.5318101,0,1
3.5323102,0,0
3.53281005,0,1
3.53331005,0,0
3.5338099,0,1
3.53430995,0,0
3.53480975,0,1
3.5353098,0,0
3.5358096,0,1
3.53630965,0,0
3.5368094,0,1
3.5373095,0,0
3.5378093,0,1
3.53830935,0,0
3.53880915,0,1
3.5393091,0,0
3.53980885,0,1
3.5403088,0,0
3.5408085,0,1
3.54130845,0,0
3.5418082,0,1
3.5423082,0,0
3.54280795,0,1
3.54330795,0,0
3.54380775,0,1
3.5443078,0,0
3.54480755,0,1
3.5453076,0,0
3.54580735,0,1
3.54630745,0,0
3.5468072,0,1
3.54730725,0,0
3.54780705,0,1
3.5483071,0,0
3.5488069,0,1
3.54930685,0,0
3.5498066,0,1
3.55030665,0,0
3.55080645,0,1
3.55130645,0,0
3.5518062,0,1
3.55230625,0,0
3.55280605,0,1
3.55330615,0,0
3.55380595,0,1
3.554306,0,0
3.5548058,0,1
3.55530585,0,0
3.5558057,0,1
3.5563057,0,0
3.55680545,0,1
3.55730545,0,0
3.55780525,0,1
3.5583053,0,0
3.55880505,0,1
3.5593051,0,0
3.55980485,0,1
3.56030485,0,0
3.56080465,0,1
3.56130465,0,0
3.56180445,0,1
3.5623045,0,0
3.5628043,0,1
3.56330435,0,0
3.56380415,0,1
3.56430425,0,0
3.56480405,0,1
3.5653041,0,0
3.56580385,0,1
3.5663039,0,0
3.5668037,0,1
3.5673037,0,0
3.5678035,0,1
3.5683035,0,0
3.56880325,0,1
3.56930325,0,0
3.5698031,0,1
3.57030315,0,0
3.57080295,0,1
3.57130305,0,0
3.57180285,0,1
3.57230295,0,0
3.5728028,0,1
3.57330285,0,0
3.57380265,0,1
3.5743027,0,0
3.5748025,0,1
3.57530255,0,0
3.57580235,0,1
3.57630245,0,0
3.57680225,0,1
3.5773023,0,0
3.57780215,0,1
3.5783022,0,0
3.578802,0,1
3.57930205,0,0
3.57980185,0,1
3.58030195,0,0
3.58080175,0,1
3.5813018,0,0
3.5818016,0,1
3.58230155,0,0
3.5828014,0,1
3.58330145,0,0
3.58380125,0,1
3.58430125,0,0
3.5848011,0,1
3.58530115,0,0
3.5858009,0,1
3.586301,0,0
3.5868008,0,1
3.5873009,0,0
3.58780065,0,1
3.5883007,0,0
3.5888005,0,1
3.5893005,0,0
3.5898003,0,1
3.59030035,0,0
3.59080015,0,1
3.5913002,0,0
3.5918,0,1
3.5923,0,0
3.59279985,0,1
3.5932999,0,0
3.5937997,0,1
3.5942997,0,0
3.5947995,0,1
3.59529955,0,0
3.59579935,0,1
3.59629945,0,0
3.59679925,0,1
3.5972993,0,0
3.5977991,0,1
3.5982992,0,0
3.598799,0,1
3.5992991,0,0
3.59979895,0,1
3.600299,0,0
3.60079885,0,1
3.60129895,0,0
3.60179875,0,1
3.6022988,0,0
3.6027986,0,1
3.6032987,0,0
3.60379855,0,1
3.60429865,0,0
3.60479845,0,1
3.6052986,0,0
3.60579845,0,1
3.6062985,0,0
3.60679835,0,1
3.60729835,0,0
3.60779815,0,1
3.60829815,0,0
3.60879795,0,1
3.60929795,0,0
3.6097977,0,1
3.61029775,0,0
3.61079755,0,1
3.6112976,0,0
3.6117974,0,1
3.61229745,0,0
3.61279725,0,1
3.61329735,0,0
3.61379715,0,1
3.6142972,0,0
3.61479705,0,1
3.61529715,0,0
3.61579695,0,1
3.61629705,0,0
3.61679685,0,1
3.61729695,0,0
3.61779675,0,1
3.6182968,0,0
3.61879665,0,1
3.61929675,0,0
3.6197966,0,1
3.6202967,0,0
3.62079655,0,1
3.62129665,0,0
3.62179645,0,1
3.62229655,0,0
3.6227964,0,1
3.62329645,0,0
3.6237963,0,1
3.62429635,0,0
3.6247962,0,1
3.62529635,0,0
3.6257962,0,1
3.62629625,0,0
3.62679605,0,1
3.62729605,0,0
3.62779585,0,1
3.62829595,0,0
3.6287958,0,1
3.62929585,0,0
3.6297957,0,1
3.63029575,0,0
3.6307956,0,1
3.63129565,0,0
3.63179545,0,1
3.6322955,0,0
3.6327953,0,1
3.63329535,0,0
3.63379515,0,1
3.6342952,0,0
3.634795,0,1
3.635295,0,0
3.6357948,0,1
3.63629485,0,0
3.63679465,0,1
3.63729465,0,0
3.6377944,0,1
3.63829445,0,0
3.63879425,0,1
3.6392943,0,0
3.6397941,0,1
3.64029415,0,0
3.640794,0,1
3.64129405,0,0
3.64179385,0,1
3.64229395,0,0
3.64279375,0,1
3.64329385,0,0
3.6437937,0,1
3.64429375,0,0
3.6447936,0,1
3.64529365,0,0
3.6457935,0,1
3.64629355,0,0
3.6467934,0,1
3.6472935,0,0
3.6477933,0,1
3.64829335,0,0
3.6487932,0,1
3.64929335,0,0
3.6497932,0,1
3.6502933,0,0
3.65079315,0,1
3.6512932,0,0
3.65179305,0,1
3.6522931,0,0
3.6527929,0,1
3.653293,0,0
3.65379285,0,1
3.65429295,0,0
3.6547928,0,1
3.65529285,0,0
3.6557927,0,1
3.65629275,0,0
3.65679255,0,1
3.65729265,0,0
3.65779245,0,1
3.65829255,0,0
3.6587924,0,1
3.65929245,0,0
3.6597922,0,1
3.66029225,0,0
3.66079205,0,1
3.66129205,0,0
3.66179185,0,1
3.6622919,0,0
3.66279165,0,1
3.66329165,0,0
3.66379145,0,1
3.6642915,0,0
3.6647913,0,1
3.66529135,0,0
3.6657912,0,1
3.66629125,0,0
3.66679105,0,1
3.66729115,0,0
3.66779095,0,1
3.668291,0,0
3.6687908,0,1
3.6692909,0,0
3.6697907,0,1
3.67029075,0,0
3.6707906,0,1
3.67129065,0,0
3.67179045,0,1
3.67229055,0,0
3.6727903,0,1
3.6732904,0,0
3.6737902,0,1
3.6742903,0,0
3.6747901,0,1
3.6752901,0,0
3.67578995,0,1
3.67629005,0,0
3.67678985,0,1
3.67728995,0,0
3.6777898,0,1
3.6782899,0,0
3.6787897,0,1
3.67928985,0,0
3.67978965,0,1
3.68028975,0,0
3.6807896,0,1
3.6812897,0,0
3.68178955,0,1
3.6822896,0,0
3.68278945,0,1
3.6832896,0,0
3.6837895,0,1
3.6842896,0,0
3.6847895,0,1
3.6852896,0,0
3.68578945,0,1
3.68628955,0,0
3.6867894,0,1
3.68728955,0,0
3.6877894,0,1
3.68828955,0,0
3.68878945,0,1
3.6892896,0,0
3.6897895,0,1
3.69028965,0,0
3.69078955,0,1
3.69128965,0,0
3.69178955,0,1
3.69228965,0,0
3.6927895,0,1
3.6932896,0,0
3.69378945,0,1
3.6942896,0,0
3.6947894,0,1
3.6952895,0,0
3.69578935,0,1
3.6962894,0,0
3.69678925,0,1
3.69728935,0,0
3.69778925,0,1
3.69828935,0,0
3.69878915,0,1
3.69928925,0,0
3.6997891,0,1
3.70028915,0,0
3.70078895,0,1
3.701289,0,0
3.70178875,0,1
3.7022888,0,0
3.70278855,0,1
3.70328855,0,0
3.70378835,0,1
3.7042884,0,0
3.7047882,0,1
3.70528825,0,0
3.7057881,0,1
3.70628815,0,0
3.706788,0,1
3.70728805,0,0
3.70778785,0,1
3.7082879,0,0
3.7087877,0,1
3.70928775,0,0
3.70978755,0,1
3.7102876,0,0
3.7107874,0,1
3.71128745,0,0
3.7117872,0,1
3.71228725,0,0
3.71278705,0,1
3.71328715,0,0
3.71378695,0,1
3.714287,0,0
3.71478685,0,1
3.71528695,0,0
3.71578685,0,1
3.71628695,0,0
3.71678685,0,1
3.71728695,0,0
3.71778685,0,1
3.71828695,0,0
3.71878685,0,1
3.71928695,0,0
3.7197868,0,1
3.7202869,0,0
3.72078675,0,1
3.72128685,0,0
3.7217867,0,1
3.72228685,0,0
3.72278675,0,1
3.72328685,0,0
3.72378675,0,1
3.72428685,0,0
3.7247867,0,1
3.7252868,0,0
3.7257866,0,1
3.72628665,0,0
3.7267865,0,1
3.72728655,0,0
3.7277864,0,1
3.7282865,0,0
3.72878635,0,1
3.7292865,0,0
3.72978635,0,1
3.7302865,0,0
3.7307864,0,1
3.7312865,0,0
3.7317864,0,1
3.7322865,0,0
3.73278635,0,1
3.73328645,0,0
3.7337863,0,1
3.7342864,0,0
3.7347863,0,1
3.7352864,0,0
3.73578625,0,1
3.7362864,0,0
3.73678625,0,1
3.73728635,0,0
3.73778625,0,1
3.73828635,0,0
3.7387862,0,1
3.7392863,0,0
3.73978615,0,1
3.7402863,0,0
3.74078615,0,1
3.74128625,0,0
3.7417861,0,1
3.7422862,0,0
3.7427861,0,1
3.74328625,0,0
3.74378615,0,1
3.74428635,0,0
3.74478625,0,1
3.74528635,0,0
3.7457862,0,1
3.7462863,0,0
3.74678615,0,1
3.74728625,0,0
3.74778605,0,1
3.74828615,0,0
3.74878605,0,1
3.74928615,0,0
3.749786,0,1
3.7502861,0,0
3.750786,0,1
3.75128615,0,0
3.751786,0,1
3.7522861,0,0
3.75278605,0,1
3.7532862,0,0
3.7537861,0,1
3.7542862,0,0
3.7547861,0,1
3.7552863,0,0
3.75578625,0,1
3.75628635,0,0
3.75678625,0,1
3.75728645,0,0
3.75778635,0,1
3.75828645,0,0
3.75878635,0,1
3.75928645,0,0
3.75978635,0,1
3.76028645,0,0
3.76078635,0,1
3.76128645,0,0
3.76178635,0,1
3.76228645,0,0
3.76278635,0,1
3.76328645,0,0
3.76378635,0,1
3.76428645,0,0
3.76478635,0,1
3.76528645,0,0
3.7657863,0,1
3.7662864,0,0
3.76678625,0,1
3.76728635,0,0
3.7677862,0,1
3.76828625,0,0
3.76878605,0,1
3.76928615,0,0
3.769786,0,1
3.7702861,0,0
3.770786,0,1
3.77128615,0,0
3.77178605,0,1
3.7722862,0,0
3.77278605,0,1
3.7732862,0,0
3.7737861,0,1
3.77428615,0,0
3.77478605,0,1
3.7752862,0,0
3.77578615,0,1
3.77628625,0,0
3.77678615,0,1
3.7772863,0,0
3.77778615,0,1
3.77828625,0,0
3.7787861,0,1
3.7792862,0,0
3.77978605,0,1
3.78028615,0,0
3.780786,0,1
3.78128605,0,0
3.78178585,0,1
3.78228595,0,0
3.78278575,0,1
3.78328585,0,0
3.7837857,0,1
3.7842858,0,0
3.78478565,0,1
3.78528575,0,0
3.7857856,0,1
3.78628575,0,0
3.78678565,0,1
3.7872858,0,0
3.78778565,0,1
3.78828575,0,0
3.7887856,0,1
3.78928565,0,0
3.78978545,0,1
3.79028555,0,0
3.7907854,0,1
3.79128545,0,0
3.79178525,0,1
3.79228535,0,0
3.79278515,0,1
3.7932852,0,0
3.79378505,0,1
3.79428515,0,0
3.79478505,0,1
3.79528515,0,0
3.795785,0,1
3.796285,0,0
3.7967848,0,1
3.79728485,0,0
3.79778465,0,1
3.79828475,0,0
3.79878465,0,1
3.79928475,0,0
3.79978465,0,1
3.8002848,0,0
3.8007847,0,1
3.80128485,0,0
3.80178475,0,1
3.8022849,0,0
3.80278475,0,1
3.80328485,0,0
3.8037847,0,1
3.80428475,0,0
3.8047846,0,1
3.8052847,0,0
3.80578455,0,1
3.80628465,0,0
3.80678455,0,1
3.8072847,0,0
3.80778455,0,1
3.80828465,0,0
3.8087845,0,1
3.8092846,0,0
3.80978445,0,1
3.81028455,0,0
3.81078435,0,1
3.8112844,0,0
3.81178425,0,1
3.81228435,0,0
3.81278425,0,1
3.81328435,0,0
3.8137842,0,1
3.8142843,0,0
3.81478415,0,1
3.8152843,0,0
3.81578415,0,1
3.81628425,0,0
3.81678415,0,1
3.81728425,0,0
3.81778405,0,1
3.8182841,0,0
3.81878395,0,1
3.81928405,0,0
3.81978385,0,1
3.82028395,0,0
3.8207838,0,1
3.8212839,0,0
3.82178375,0,1
3.8222839,0,0
3.82278375,0,1
3.8232838,0,0
3.82378365,0,1
3.8242837,0,0
3.8247835,0,1
3.8252836,0,0
3.82578345,0,1
3.82628355,0,0
3.8267834,0,1
3.8272835,0,0
3.8277834,0,1
3.82828345,0,0
3.8287833,0,1
3.82928335,0,0
3.8297832,0,1
3.8302833,0,0
3.83078315,0,1
3.83128325,0,0
3.8317831,0,1
3.83228315,0,0
3.832783,0,1
3.8332831,0,0
3.8337829,0,1
3.834283,0,0
3.83478285,0,1
3.83528295,0,0
3.83578275,0,1
3.83628285,0,0
3.8367827,0,1
3.8372827,0,0
3.8377825,0,1
3.8382826,0,0
3.8387824,0,1
3.8392824,0,0
3.8397822,0,1
3.84028225,0,0
3.840782,0,1
3.841282,0,0
3.8417818,0,1
3.84228185,0,0
3.84278165,0,1
3.8432817,0,0
3.8437815,0,1
3.84428155,0,0
3.84478135,0,1
3.84528145,0,0
3.84578125,0,1
3.84628135,0,0
3.8467812,0,1
3.8472813,0,0
3.8477811,0,1
3.84828115,0,0
3.848781,0,1
3.8492811,0,0
3.849781,0,1
3.8502811,0,0
3.85078095,0,1
3.85128105,0,0
3.8517809,0,1
3.85228105,0,0
3.8527809,0,1
3.85328105,0,0
3.85378085,0,1
3.85428095,0,0
3.8547808,0,1
3.85528085,0,0
3.8557807,0,1
3.85628075,0,0
3.8567806,0,1
3.85728065,0,0
3.8577805,0,1
3.85828055,0,0
3.85878045,0,1
3.85928055,0,0
3.8597804,0,1
3.8602805,0,0
3.86078035,0,1
3.86128045,0,0
3.8617803,0,1
3.8622804,0,0
3.86278025,0,1
3.8632803,0,0
3.86378015,0,1
3.86428025,0,0
3.8647801,0,1
3.86528015,0,0
3.86578,0,1
3.86628,0,0
3.8667798,0,1
3.86727985,0,0
3.8677797,0,1
3.86827975,0,0
3.86877955,0,1
3.8692796,0,0
3.8697795,0,1
3.8702796,0,0
3.8707794,0,1
3.87127945,0,0
3.8717793,0,1
3.8722794,0,0
3.87277925,0,1
3.87327935,0,0
3.8737792,0,1
3.8742793,0,0
3.87477915,0,1
3.8752792,0,0
3.875779,0,1
3.8762791,0,0
3.8767789,0,1
3.877279,0,0
3.8777788,0,1
3.87827885,0,0
3.87877865,0,1
3.87927865,0,0
3.87977845,0,1
3.88027855,0,0
3.88077835,0,1
3.88127845,0,0
3.88177825,0,1
3.88227835,0,0
3.88277815,0,1
3.88327825,0,0
3.8837781,0,1
3.8842782,0,0
3.88477805,0,1
3.8852781,0,0
3.8857779,0,1
3.88627795,0,0
3.88677775,0,1
3.8872778,0,0
3.88777755,0,1
3.8882776,0,0
3.88877745,0,1
3.8892775,0,0
3.8897773,0,1
3.8902774,0,0
3.8907772,0,1
3.89127725,0,0
3.891777,0,1
3.89227705,0,0
3.89277685,0,1
3.89327695,0,0
3.89377675,0,1
3.89427675,0,0
3.89477655,0,1
3.8952766,0,0
3.8957764,0,1
3.8962764,0,0
3.89677615,0,1
3.8972762,0,0
3.89777605,0,1
3.8982761,0,0
3.89877595,0,1
3.89927605,0,0
3.89977585,0,1
3.9002759,0,0
3.90077575,0,1
3.9012758,0,0
3.9017756,0,1
3.90227565,0,0
3.9027755,0,1
3.90327565,0,0
3.90377545,0,1
3.90427555,0,0
3.9047754,0,1
3.90527545,0,0
3.90577525,0,1
3.90627535,0,0
3.9067752,0,1
3.90727525,0,0
3.9077751,0,1
3.9082752,0,0
3.9087751,0,1
3.90927515,0,0
3.909775,0,1
3.91027505,0,0
3.91077485,0,1
3.91127495,0,0
3.91177485,0,1
3.91227495,0,0
3.91277475,0,1
3.9132748,0,0
3.9137746,0,1
3.9142747,0,0
3.9147745,0,1
3.91527455,0,0
3.91577435,0,1
3.9162744,0,0
3.91677415,0,1
3.9172742,0,0
3.917774,0,1
3.91827405,0,0
3.9187738,0,1
3.91927385,0,0
3.91977375,0,1
3.9202738,0,0
3.92077365,0,1
3.9212737,0,0
3.92177345,0,1
3.92227345,0,0
3.92277325,0,1
3.9232733,0,0
3.9237731,0,1
3.92427315,0,0
3.92477295,0,1
3.9252729,0,0
3.92577265,0,1
3.9262727,0,0
3.92677245,0,1
3.92727245,0,0
3.9277722,0,1
3.9282722,0,0
3.92877195,0,1
3.92927195,0,0
3.92977175,0,1
3.93027175,0,0
3.9307715,0,1
3.93127155,0,0
3.93177135,0,1
3.9322714,0,0
3.93277115,0,1
3.9332712,0,0
3.933771,0,1
3.93427105,0,0
3.9347708,0,1
3.93527085,0,0
3.93577065,0,1
3.93627075,0,0
3.93677055,0,1
3.9372706,0,0
3.93777045,0,1
3.9382705,0,0
3.93877035,0,1
3.9392704,0,0
3.9397702,0,1
3.94027035,0,0
3.94077015,0,1
3.94127025,0,0
3.94177005,0,1
3.9422701,0,0
3.94276985,0,1
3.9432699,0,0
3.94376975,0,1
3.9442698,0,0
3.9447696,0,1
3.94526965,0,0
3.9457694,0,1
3.94626945,0,0
3.9467693,0,1
3.94726935,0,0
3.9477692,0,1
3.94826925,0,0
3.94876905,0,1
3.94926915,0,0
3.949769,0,1
3.95026905,0,0
3.95076885,0,1
3.95126895,0,0
3.95176875,0,1
3.95226875,0,0
3.9527685,0,1
3.9532685,0,0
3.9537683,0,1
3.9542683,0,0
3.9547681,0,1
3.95526805,0,0
3.95576775,0,1
3.95626775,0,0
3.95676755,0,1
3.9572676,0,0
3.9577674,0,1
3.9582674,0,0
3.9587672,0,1
3.9592672,0,0
3.959767,0,1
3.9602671,0,0
3.9607669,0,1
3.961267,0,0
3.96176685,0,1
3.962267,0,0
3.96276685,0,1
3.96326695,0,0
3.9637668,0,1
3.9642669,0,0
3.96476675,0,1
3.9652668,0,0
3.9657666,0,1
3.9662667,0,0
3.9667665,0,1
3.96726655,0,0
3.9677664,0,1
3.9682665,0,0
3.96876635,0,1
3.96926635,0,0
3.9697662,0,1
3.97026625,0,0
3.9707661,0,1
3.9712662,0,0
3.971766,0,1
3.9722661,0,0
3.97276595,0,1
3.973266,0,0
3.97376585,0,1
3.97426595,0,0
3.9747658,0,1
3.97526585,0,0
3.9757657,0,1
3.97626575,0,0
3.9767656,0,1
3.9772657,0,0
3.9777655,0,1
3.97826555,0,0
3.9787654,0,1
3.97926545,0,0
3.9797653,0,1
3.9802654,0,0
3.9807653,0,1
3.9812654,0,0
3.98176525,0,1
3.9822654,0,0
3.98276525,0,1
3.98326535,0,0
3.9837652,0,1
3.98426525,0,0
3.98476505,0,1
3.98526515,0,0
3.98576495,0,1
3.986265,0,0
3.9867648,0,1
3.98726485,0,0
3.98776465,0,1
3.9882647,0,0
3.9887645,0,1
3.98926455,0,0
3.9897644,0,1
3.9902645,0,0
3.99076435,0,1
3.9912644,0,0
3.99176425,0,1
3.9922643,0,0
3.99276415,0,1
3.99326425,0,0
3.99376405,0,1
3.99426415,0,0
3.994764,0,1
3.99526405,0,0
3.99576395,0,1
3.99626405,0,0
3.9967639,0,1
3.997264,0,0
3.99776385,0,1
3.99826395,0,0
3.99876375,0,1
3.99926385,0,0
3.9997637,0,1
4.0002638,0,0
4.00076365,0,1
4.0012637,0,0
4.00176355,0,1
4.0022636,0,0
4.0027634,0,1
4.0032635,0,0
4.00376335,0,1
4.00426345,0,0
4.00476325,0,1
4.00526335,0,0
4.00576325,0,1
4.0062633,0,0
4.00676315,0,1
4.0072632,0,0
4.00776305,0,1
4.0082631,0,0
4.0087629,0,1
4.00926295,0,0
4.0097628,0,1
4.0102629,0,0
4.0107627,0,1
4.01126275,0,0
4.0117626,0,1
4.01226265,0,0
4.01276245,0,1
4.0132625,0,0
4.0137623,0,1
4.0142624,0,0
4.0147622,0,1
4.0152623,0,0
4.0157621,0,1
4.0162622,0,0
4.01676205,0,1
4.0172621,0,0
4.01776195,0,1
4.018262,0,0
4.01876185,0,1
4.01926195,0,0
4.0197618,0,1
4.0202619,0,0
4.0207617,0,1
4.02126175,0,0
4.02176165,0,1
4.02226175,0,0
4.02276155,0,1
4.02326165,0,0
4.0237615,0,1
4.0242616,0,0
4.02476145,0,1
4.0252616,0,0
4.02576145,0,1
4.02626155,0,0
4.02676135,0,1
4.02726145,0,0
4.0277613,0,1
4.0282614,0,0
4.02876125,0,1
4.0292613,0,0
4.02976115,0,1
4.03026125,0,0
4.0307611,0,1
4.0312612,0,0
4.03176105,0,1
4.03226115,0,0
4.032761,0,1
4.0332611,0,0
4.0337609,0,1
4.034261,0,0
4.0347608,0,1
4.0352609,0,0
4.03576075,0,1
4.03626085,0,0
4.03676075,0,1
4.03726085,0,0
4.03776065,0,1
4.0382607,0,0
4.0387605,0,1
4.03926055,0,0
4.0397604,0,1
4.04026045,0,0
4.04076025,0,1
4.0412603,0,0
4.0417601,0,1
4.04226015,0,0
4.04275995,0,1
4.04326,0,0
4.04375985,0,1
4.04425995,0,0
4.0447598,0,1
4.0452599,0,0
4.04575975,0,1
4.0462598,0,0
4.04675965,0,1
4.0472598,0,0
4.0477597,0,1
4.0482598,0,0
4.04875965,0,1
4.0492598,0,0
4.04975965,0,1
4.05025975,0,0
4.0507596,0,1
4.0512597,0,0
4.05175955,0,1
4.0522596,0,0
4.05275945,0,1
4.0532596,0,0
4.05375945,0,1
4.0542595,0,0
4.0547593,0,1
4.0552593,0,0
4.0557591,0,1
4.0562592,0,0
4.05675905,0,1
4.05725915,0,0
4.057759,0,1
4.0582591,0,0
4.05875895,0,1
4.05925905,0,0
4.05975885,0,1
4.06025895,0,0
4.06075875,0,1
4.06125885,0,0
4.0617587,0,1
4.0622588,0,0
4.0627587,0,1
4.0632588,0,0
4.06375865,0,1
4.06425875,0,0
4.06475865,0,1
4.06525875,0,0
4.0657586,0,1
4.0662587,0,0
4.06675855,0,1
4.06725865,0,0
4.0677585,0,1
4.06825855,0,0
4.0687584,0,1
4.0692585,0,0
4.0697584,0,1
4.07025845,0,0
4.0707583,0,1
4.07125835,0,0
4.0717582,0,1
4.07225835,0,0
4.0727582,0,1
4.0732583,0,0
4.0737581,0,1
4.0742582,0,0
4.07475805,0,1
4.0752581,0,0
4.0757579,0,1
4.07625805,0,0
4.0767579,0,1
4.077258,0,0
4.07775785,0,1
4.078258,0,0
4.07875785,0,1
4.079258,0,0
4.0797579,0,1
4.080258,0,0
4.0807579,0,1
4.08125805,0,0
4.08175795,0,1
4.0822581,0,0
4.08275795,0,1
4.0832581,0,0
4.08375795,0,1
4.08425805,0,0
4.08475795,0,1
4.08525805,0,0
4.08575785,0,1
4.086258,0,0
4.08675785,0,1
4.08725795,0,0
4.08775785,0,1
4.08825795,0,0
4.08875785,0,1
4.089258,0,0
4.08975785,0,1
4.090258,0,0
4.0907579,0,1
4.091258,0,0
4.09175785,0,1
4.09225795,0,0
4.0927578,0,1
4.0932579,0,0
4.0937578,0,1
4.09425795,0,0
4.0947578,0,1
4.0952579,0,0
4.09575775,0,1
4.0962579,0,0
4.0967578,0,1
4.09725785,0,0
4.0977577,0,1
4.09825785,0,0
4.0987577,0,1
4.0992578,0,0
4.0997577,0,1
4.10025785,0,0
4.1007577,0,1
4.10125785,0,0
4.10175775,0,1
4.1022579,0,0
4.10275775,0,1
4.1032578,0,0
4.10375765,0,1
4.1042577,0,0
4.1047576,0,1
4.1052577,0,0
4.1057576,0,1
4.10625775,0,0
4.1067576,0,1
4.1072577,0,0
4.10775755,0,1
4.10825765,0,0
4.10875745,0,1
4.10925745,0,0
4.1097573,0,1
4.11025735,0,0
4.11075715,0,1
4.11125725,0,0
4.111757,0,1
4.1122571,0,0
4.112757,0,1
4.11325715,0,0
4.113757,0,1
4.11425715,0,0
4.11475705,0,1
4.11525715,0,0
4.115757,0,1
4.1162571,0,0
4.1167569,0,1
4.117257,0,0
4.1177569,0,1
4.118257,0,0
4.1187568,0,1
4.1192569,0,0
4.11975675,0,1
4.12025685,0,0
4.12075665,0,1
4.12125675,0,0
4.1217565,0,1
4.12225655,0,0
4.12275635,0,1
4.1232564,0,0
4.1237562,0,1
4.1242563,0,0
4.12475605,0,1
4.1252561,0,0
4.1257559,0,1
4.12625595,0,0
4.12675575,0,1
4.1272558,0,0
4.12775565,0,1
4.1282557,0,0
4.1287555,0,1
4.1292556,0,0
4.1297554,0,1
4.13025545,0,0
4.1307553,0,1
4.13125535,0,0
4.13175515,0,1
4.1322552,0,0
4.132755,0,1
4.13325505,0,0
4.13375485,0,1
4.1342549,0,0
4.1347547,0,1
4.1352548,0,0
4.13575465,0,1
4.1362547,0,0
4.13675455,0,1
4.1372546,0,0
4.13775445,0,1
4.13825455,0,0
4.1387544,0,1
4.13925445,0,0
4.1397543,0,1
4.1402544,0,0
4.1407542,0,1
4.1412543,0,0
4.1417541,0,1
4.1422542,0,0
4.14275405,0,1
4.14325415,0,0
4.143754,0,1
4.1442541,0,0
4.144754,0,1
4.1452541,0,0
4.145754,0,1
4.14625415,0,0
4.146754,0,1
4.14725415,0,0
4.147754,0,1
4.1482541,0,0
4.1487539,0,1
4.149254,0,0
4.14975385,0,1
4.1502539,0,0
4.15075365,0,1
4.15125375,0,0
4.15175355,0,1
4.15225365,0,0
4.15275345,0,1
4.15325345,0,0
4.1537532,0,1
4.15425315,0,0
4.154753,0,1
4.15525305,0,0
4.1557528,0,1
4.15625285,0,0
4.15675265,0,1
4.1572527,0,0
4.1577525,0,1
4.15825255,0,0
4.15875235,0,1
4.1592524,0,0
4.1597522,0,1
4.16025225,0,0
4.1607521,0,1
4.1612522,0,0
4.161752,0,1
4.1622521,0,0
4.1627519,0,1
4.16325195,0,0
4.1637518,0,1
4.16425185,0,0
4.16475165,0,1
4.1652517,0,0
4.1657515,0,1
4.16625155,0,0
4.16675135,0,1
4.16725145,0,0
4.16775125,0,1
4.1682513,0,0
4.1687511,0,1
4.16925115,0,0
4.16975095,0,1
4.17025105,0,0
4.1707509,0,1
4.17125095,0,0
4.17175075,0,1
4.1722508,0,0
4.1727506,0,1
4.17325065,0,0
4.1737504,0,1
4.1742505,0,0
4.1747503,0,1
4.17525035,0,0
4.17575015,0,1
4.1762502,0,0
4.17675,0,1
4.17725005,0,0
4.1777499,0,1
4.17825,0,0
4.1787498,0,1
4.1792499,0,0
4.17974975,0,1
4.1802498,0,0
4.1807496,0,1
4.1812497,0,0
4.18174955,0,1
4.18224965,0,0
4.18274945,0,1
4.1832495,0,0
4.18374935,0,1
4.1842494,0,0
4.1847492,0,1
4.1852493,0,0
4.18574915,0,1
4.1862492,0,0
4.186749,0,1
4.187249,0,0
4.1877488,0,1
4.18824885,0,0
4.1887487,0,1
4.18924875,0,0
4.1897486,0,1
4.1902487,0,0
4.1907485,0,1
4.1912486,0,0
4.19174835,0,1
4.1922484,0,0
4.19274825,0,1
4.1932483,0,0
4.19374815,0,1
4.19424825,0,0
4.1947481,0,1
4.19524815,0,0
4.19574795,0,1
4.196248,0,0
4.1967478,0,1
4.19724785,0,0
4.1977476,0,1
4.19824765,0,0
4.1987474,0,1
4.19924745,0,0
4.1997473,0,1
4.20024735,0,0
4.20074715,0,1
4.2012472,0,0
4.201747,0,1
4.2022471,0,0
4.20274695,0,1
4.203247,0,0
4.2037468,0,1
4.2042468,0,0
4.20474665,0,1
4.2052467,0,0
4.20574655,0,1
4.20624655,0,0
4.20674635,0,1
4.20724635,0,0
4.2077461,0,1
4.20824615,0,0
4.208746,0,1
4.20924605,0,0
4.20974585,0,1
4.2102459,0,0
4.2107457,0,1
4.2112457,0,0
4.2117455,0,1
4.2122455,0,0
4.2127453,0,1
4.21324535,0,0
4.2137451,0,1
4.2142451,0,0
4.21474485,0,1
4.2152449,0,0
4.2157447,0,1
4.21624475,0,0
4.21674455,0,1
4.21724465,0,0
4.21774445,0,1
4.2182445,0,0
4.2187444,0,1
4.2192445,0,0
4.2197444,0,1
4.2202445,0,0
4.2207444,0,1
4.22124445,0,0
4.2217443,0,1
4.2222444,0,0
4.2227442,0,1
4.2232443,0,0
4.22374415,0,1
4.22424425,0,0
4.2247441,0,1
4.22524425,0,0
4.2257441,0,1
4.2262442,0,0
4.2267441,0,1
4.22724425,0,0
4.22774415,0,1
4.22824425,0,0
4.2287441,0,1
4.2292442,0,0
4.229744,0,1
4.2302441,0,0
4.2307439,0,1
4.23124395,0,0
4.23174375,0,1
4.23224375,0,0
4.23274355,0,1
4.2332436,0,0
4.23374335,0,1
4.2342434,0,0
4.23474325,0,1
4.2352433,0,0
4.23574315,0,1
4.2362432,0,0
4.236743,0,1
4.23724305,0,0
4.23774285,0,1
4.2382428,0,0
4.2387426,0,1
4.23924265,0,0
4.2397424,0,1
4.24024245,0,0
4.24074225,0,1
4.24124235,0,0
4.24174215,0,1
4.2422422,0,0
4.242742,0,1
4.243242,0,0
4.2437418,0,1
4.2442418,0,0
4.24474155,0,1
4.2452416,0,0
4.2457414,0,1
4.24624145,0,0
4.2467413,0,1
4.2472414,0,0
4.24774125,0,1
4.2482413,0,0
4.2487411,0,1
4.24924115,0,0
4.249741,0,1
4.2502411,0,0
4.2507409,0,1
4.25124095,0,0
4.2517407,0,1
4.2522407,0,0
4.2527405,0,1
4.25324055,0,0
4.25374035,0,1
4.25424045,0,0
4.25474025,0,1
4.2552403,0,0
4.25574015,0,1
4.25624015,0,0
4.2567399,0,1
4.25723995,0,0
4.2577398,0,1
4.25823985,0,0
4.2587397,0,1
4.2592398,0,0
4.25973965,0,1
4.2602397,0,0
4.26073955,0,1
4.2612396,0,0
4.26173945,0,1
4.2622395,0,0
4.2627393,0,1
4.26323935,0,0
4.2637392,0,1
4.26423925,0,0
4.2647391,0,1
4.2652392,0,0
4.265739,0,1
4.2662391,0,0
4.2667389,0,1
4.26723895,0,0
4.26773875,0,1
4.26823875,0,0
4.26873855,0,1
4.26923855,0,0
4.2697383,0,1
4.2702383,0,0
4.27073805,0,1
4.2712381,0,0
4.2717378,0,1
4.2722378,0,0
4.2727376,0,1
4.2732376,0,0
4.2737374,0,1
4.2742374,0,0
4.2747372,0,1
4.2752372,0,0
4.275737,0,1
4.27623705,0,0
4.27673685,0,1
4.2772369,0,0
4.2777367,0,1
4.2782367,0,0
4.27873645,0,1
4.27923645,0,0
4.27973625,0,1
4.28023625,0,0
4.280736,0,1
4.28123595,0,0
4.2817357,0,1
4.2822357,0,0
4.2827355,0,1
4.28323555,0,0
4.28373535,0,1
4.2842354,0,0
4.2847352,0,1
4.28523525,0,0
4.2857351,0,1
4.28623515,0,0
4.28673495,0,1
4.28723505,0,0
4.28773485,0,1
4.2882349,0,0
4.2887347,0,1
4.28923475,0,0
4.2897346,0,1
4.29023455,0,0
4.29073435,0,1
4.2912344,0,0
4.29173415,0,1
4.2922342,0,0
4.29273395,0,1
4.29323395,0,0
4.29373375,0,1
4.29423375,0,0
4.2947335,0,1
4.29523355,0,0
4.2957333,0,1
4.2962333,0,0
4.2967331,0,1
4.2972331,0,0
4.29773285,0,1
4.2982329,0,0
4.29873265,0,1
4.2992327,0,0
4.2997325,0,1
4.30023255,0,0
4.3007323,0,1
4.30123235,0,0
4.3017321,0,1
4.30223215,0,0
4.30273195,0,1
4.30323195,0,0
4.30373175,0,1
4.3042318,0,0
4.3047316,0,1
4.30523165,0,0
4.3057314,0,1
4.30623145,0,0
4.30673125,0,1
4.3072313,0,0
4.30773115,0,1
4.3082312,0,0
4.30873105,0,1
4.30923115,0,0
4.30973095,0,1
4.310231,0,0
4.31073085,0,1
4.3112309,0,0
4.31173075,0,1
4.31223075,0,0
4.31273055,0,1
4.3132306,0,0
4.31373035,0,1
4.3142304,0,0
4.3147302,0,1
4.31523025,0,0
4.31573005,0,1
4.3162301,0,0
4.3167299,0,1
4.31723,0,0
4.3177298,0,1
4.3182298,0,0
4.3187296,0,1
4.31922965,0,0
4.31972945,0,1
4.3202295,0,0
4.3207293,0,1
4.32122935,0,0
4.32172915,0,1
4.32222925,0,0
4.3227291,0,1
4.3232292,0,0
4.32372895,0,1
4.32422905,0,0
4.32472885,0,1
4.32522895,0,0
4.32572875,0,1
4.3262288,0,0
4.32672855,0,1
4.3272286,0,0
4.3277284,0,1
4.32822845,0,0
4.32872825,0,1
4.3292283,0,0
4.32972815,0,1
4.3302282,0,0
4.330728,0,1
4.33122805,0,0
4.3317279,0,1
4.33222795,0,0
4.33272775,0,1
4.3332278,0,0
4.3337277,0,1
4.3342278,0,0
4.33472765,0,1
4.33522775,0,0
4.33572755,0,1
4.33622765,0,0
4.3367275,0,1
4.3372276,0,0
4.3377274,0,1
4.33822745,0,0
4.3387273,0,1
4.33922735,0,0
4.33972715,0,1
4.3402272,0,0
4.34072705,0,1
4.34122715,0,0
4.341727,0,1
4.34222705,0,0
4.34272695,0,1
4.343227,0,0
4.3437268,0,1
4.34422685,0,0
4.34472665,0,1
4.34522675,0,0
4.34572655,0,1
4.34622665,0,0
4.34672645,0,1
4.34722655,0,0
4.34772645,0,1
4.34822655,0,0
4.3487264,0,1
4.3492265,0,0
4.34972635,0,1
4.35022645,0,0
4.35072625,0,1
4.3512263,0,0
4.35172615,0,1
4.35222625,0,0
4.3527261,0,1
4.3532262,0,0
4.353726,0,1
4.3542261,0,0
4.3547259,0,1
4.355226,0,0
4.3557258,0,1
4.35622585,0,0
4.3567257,0,1
4.3572258,0,0
4.35772565,0,1
4.3582257,0,0
4.35872545,0,1
4.35922555,0,0
4.3597254,0,1
4.36022545,0,0
4.36072525,0,1
4.36122535,0,0
4.36172515,0,1
4.36222525,0,0
4.36272505,0,1
4.36322515,0,0
4.36372495,0,1
4.36422505,0,0
4.3647249,0,1
4.365225,0,0
4.36572485,0,1
4.36622495,0,0
4.36672485,0,1
4.367225,0,0
4.3677249,0,1
4.368225,0,0
4.36872495,0,1
4.36922505,0,0
4.36972495,0,1
4.37022515,0,0
4.3707251,0,1
4.37122525,0,0
4.37172515,0,1
4.3722253,0,0
4.3727252,0,1
4.37322535,0,0
4.37372515,0,1
4.37422525,0,0
4.3747251,0,1
4.3752253,0,0
4.3757252,0,1
4.3762254,0,0
4.37672525,0,1
4.3772254,0,0
4.3777253,0,1
4.3782254,0,0
4.3787253,0,1
4.3792254,0,0
4.37972525,0,1
4.38022535,0,0
4.38072525,0,1
4.38122535,0,0
4.3817252,0,1
4.3822253,0,0
4.38272515,0,1
4.38322525,0,0
4.38372515,0,1
4.38422525,0,0
4.38472505,0,1
4.38522515,0,0
4.38572495,0,1
4.3862251,0,0
4.38672495,0,1
4.387225,0,0
4.38772485,0,1
4.3882249,0,0
4.3887247,0,1
4.3892248,0,0
4.3897246,0,1
4.3902247,0,0
4.3907245,0,1
4.39122455,0,0
4.39172435,0,1
4.39222445,0,0
4.3927243,0,1
4.3932244,0,0
4.39372435,0,1
4.3942245,0,0
4.39472435,0,1
4.39522445,0,0
4.39572435,0,1
4.3962244,0,0
4.39672425,0,1
4.3972243,0,0
4.3977241,0,1
4.39822425,0,0
4.39872405,0,1
4.39922415,0,0
4.39972395,0,1
4.400224,0,0
4.40072385,0,1
4.40122395,0,0
4.40172385,0,1
4.40222395,0,0
4.40272385,0,1
4.403224,0,0
4.40372385,0,1
4.40422395,0,0
4.40472385,0,1
4.40522395,0,0
4.40572385,0,1
4.40622395,0,0
4.40672385,0,1
4.40722395,0,0
4.40772375,0,1
4.4082238,0,0
4.40872365,0,1
4.4092238,0,0
4.4097237,0,1
4.41022385,0,0
4.41072375,0,1
4.41122385,0,0
4.41172375,0,1
4.41222395,0,0
4.41272385,0,1
4.41322405,0,0
4.41372395,0,1
4.41422415,0,0
4.4147241,0,1
4.41522425,0,0
4.4157242,0,1
4.41622435,0,0
4.4167242,0,1
4.4172243,0,0
4.4177241,0,1
4.4182242,0,0
4.4187241,0,1
4.41922425,0,0
4.4197241,0,1
4.4202242,0,0
4.42072405,0,1
4.4212242,0,0
4.4217241,0,1
4.4222242,0,0
4.42272405,0,1
4.4232241,0,0
4.42372395,0,1
4.42422405,0,0
4.42472385,0,1
4.4252239,0,0
4.42572375,0,1
4.4262239,0,0
4.42672375,0,1
4.42722385,0,0
4.42772375,0,1
4.42822385,0,0
4.4287237,0,1
4.4292238,0,0
4.42972365,0,1
4.43022375,0,0
4.4307236,0,1
4.4312237,0,0
4.4317235,0,1
4.4322236,0,0
4.4327235,0,1
4.43322355,0,0
4.4337234,0,1
4.4342235,0,0
4.4347234,0,1
4.43522355,0,0
4.43572345,0,1
4.43622365,0,0
4.4367236,0,1
4.43722375,0,0
4.43772365,0,1
4.4382238,0,0
4.4387237,0,1
4.43922385,0,0
4.43972375,0,1
4.44022385,0,0
4.44072375,0,1
4.44122385,0,0
4.4417237,0,1
4.44222385,0,0
4.44272375,0,1
4.4432239,0,0
4.44372375,0,1
4.4442239,0,0
4.44472375,0,1
4.4452239,0,0
4.44572375,0,1
4.44622385,0,0
4.4467237,0,1
4.44722375,0,0
4.44772365,0,1
4.44822375,0,0
4.44872365,0,1
4.44922375,0,0
4.4497236,0,1
4.45022375,0,0
4.45072365,0,1
4.4512238,0,0
4.45172365,0,1
4.4522238,0,0
4.45272365,0,1
4.4532238,0,0
4.4537237,0,1
4.45422385,0,0
4.4547237,0,1
4.45522385,0,0
4.4557237,0,1
4.45622385,0,0
4.45672375,0,1
4.45722385,0,0
4.45772365,0,1
4.45822375,0,0
4.4587236,0,1
4.45922375,0,0
4.4597236,0,1
4.46022375,0,0
4.46072355,0,1
4.4612237,0,0
4.46172355,0,1
4.46222365,0,0
4.46272355,0,1
4.46322365,0,0
4.46372345,0,1
4.46422355,0,0
4.4647234,0,1
4.4652235,0,0
4.4657234,0,1
4.4662235,0,0
4.4667234,0,1
4.46722355,0,0
4.46772345,0,1
4.46822355,0,0
4.46872335,0,1
4.46922345,0,0
4.4697233,0,1
4.47022335,0,0
4.4707232,0,1
4.47122335,0,0
4.4717232,0,1
4.4722233,0,0
4.47272315,0,1
4.47322325,0,0
4.4737231,0,1
4.4742232,0,0
4.474723,0,1
4.4752231,0,0
4.47572295,0,1
4.476223,0,0
4.47672285,0,1
4.477223,0,0
4.47772285,0,1
4.4782229,0,0
4.47872275,0,1
4.47922285,0,0
4.4797227,0,1
4.48022275,0,0
4.4807226,0,1
4.48122265,0,0
4.48172245,0,1
4.48222255,0,0
4.4827224,0,1
4.4832225,0,0
4.48372235,0,1
4.48422235,0,0
4.4847222,0,1
4.48522225,0,0
4.4857221,0,1
4.48622215,0,0
4.486722,0,1
4.4872221,0,0
4.48772195,0,1
4.48822205,0,0
4.4887219,0,1
4.489222,0,0
4.48972185,0,1
4.49022195,0,0
4.4907218,0,1
4.4912219,0,0
4.49172175,0,1
4.49222185,0,0
4.4927217,0,1
4.4932218,0,0
4.49372165,0,1
4.49422175,0,0
4.4947216,0,1
4.49522175,0,0
4.49572165,0,1
4.49622175,0,0
4.49672165,0,1
4.49722175,0,0
4.4977216,0,1
4.4982217,0,0
4.4987216,0,1
4.4992217,0,0
4.49972155,0,1
4.50022165,0,0
4.50072155,0,1
4.50122165,0,0
4.5017215,0,1
4.5022216,0,0
4.50272145,0,1
4.5032215,0,0
4.5037213,0,1
4.5042214,0,0
4.50472125,0,1
4.50522135,0,0
4.5057212,0,1
4.5062213,0,0
4.50672115,0,1
4.50722125,0,0
4.50772115,0,1
4.5082213,0,0
4.50872125,0,1
4.5092214,0,0
4.5097213,0,1
4.51022145,0,0
4.51072135,0,1
4.51122145,0,0
4.51172135,0,1
4.5122215,0,0
4.51272135,0,1
4.5132214,0,0
4.51372125,0,1
4.5142213,0,0
4.5147212,0,1
4.51522125,0,0
4.51572105,0,1
4.51622115,0,0
4.516721,0,1
4.51722105,0,0
4.5177209,0,1
4.518221,0,0
4.51872085,0,1
4.51922095,0,0
4.5197208,0,1
4.52022085,0,0
4.5207207,0,1
4.5212208,0,0
4.52172065,0,1
4.5222207,0,0
4.5227205,0,1
4.5232206,0,0
4.5237204,0,1
4.52422045,0,0
4.52472025,0,1
4.52522035,0,0
4.5257202,0,1
4.52622025,0,0
4.5267201,0,1
4.5272202,0,0
4.52772005,0,1
4.52822015,0,0
4.52871995,0,1
4.5292201,0,0
4.52971995,0,1
4.53022,0,0
4.5307199,0,1
4.53121995,0,0
4.53171975,0,1
4.53221985,0,0
4.5327197,0,1
4.5332198,0,0
4.5337196,0,1
4.5342197,0,0
4.53471955,0,1
4.53521965,0,0
4.53571945,0,1
4.5362195,0,0
4.53671935,0,1
4.53721945,0,0
4.5377194,0,1
4.53821945,0,0
4.53871935,0,1
4.53921945,0,0
4.5397193,0,1
4.54021935,0,0
4.5407192,0,1
4.5412193,0,0
4.5417191,0,1
4.54221925,0,0
4.5427191,0,1
4.5432192,0,0
4.54371905,0,1
4.54421915,0,0
4.544719,0,1
4.5452191,0,0
4.54571895,0,1
4.5462191,0,0
4.546719,0,1
4.5472191,0,0
4.54771905,0,1
4.54821915,0,0
4.54871905,0,1
4.54921915,0,0
4.549719,0,1
4.55021915,0,0
4.550719,0,1
4.5512191,0,0
4.55171895,0,1
4.55221905,0,0
4.5527189,0,1
4.553219,0,0
4.5537188,0,1
4.55421885,0,0
4.5547187,0,1
4.5552188,0,0
4.55571865,0,1
4.5562187,0,0
4.5567185,0,1
4.5572186,0,0
4.5577184,0,1
4.55821845,0,0
4.55871825,0,1
4.5592183,0,0
4.5597181,0,1
4.56021815,0,0
4.56071795,0,1
4.561218,0,0
4.56171775,0,1
4.5622178,0,0
4.5627176,0,1
4.56321765,0,0
4.56371745,0,1
4.56421745,0,0
4.5647173,0,1
4.56521735,0,0
4.56571715,0,1
4.56621715,0,0
4.56671695,0,1
4.567217,0,0
4.56771675,0,1
4.56821685,0,0
4.56871665,0,1
4.5692167,0,0
4.5697165,0,1
4.5702165,0,0
4.5707163,0,1
4.57121635,0,0
4.57171615,0,1
4.57221625,0,0
4.572716,0,1
4.57321605,0,0
4.5737158,0,1
4.5742158,0,0
4.57471555,0,1
4.5752156,0,0
4.57571535,0,1
4.57621535,0,0
4.5767152,0,1
4.57721525,0,0
4.57771505,0,1
4.5782151,0,0
4.57871485,0,1
4.5792149,0,0
4.5797147,0,1
4.5802147,0,0
4.58071455,0,1
4.5812146,0,0
4.5817144,0,1
4.58221445,0,0
4.58271425,0,1
4.58321435,0,0
4.58371415,0,1
4.58421425,0,0
4.584714,0,1
4.585214,0,0
4.58571375,0,1
4.58621375,0,0
4.58671355,0,1
4.58721355,0,0
4.58771335,0,1
4.5882134,0,0
4.58871315,0,1
4.5892132,0,0
4.589713,0,1
4.59021305,0,0
4.59071285,0,1
4.5912129,0,0
4.59171275,0,1
4.59221285,0,0
4.5927127,0,1
4.5932128,0,0
4.5937126,0,1
4.59421265,0,0
4.5947125,0,1
4.59521255,0,0
4.59571235,0,1
4.5962124,0,0
4.59671225,0,1
4.59721235,0,0
4.59771215,0,1
4.59821225,0,0
4.5987121,0,1
4.5992121,0,0
4.5997119,0,1
4.60021195,0,0
4.6007117,0,1
4.6012117,0,0
4.60171145,0,1
4.60221145,0,0
4.60271125,0,1
4.60321125,0,0
4.603711,0,1
4.604211,0,0
4.6047108,0,1
4.60521085,0,0
4.6057106,0,1
4.60621065,0,0
4.60671045,0,1
4.6072105,0,0
4.60771025,0,1
4.60821025,0,0
4.60871005,0,1
4.60921005,0,0
4.6097098,0,1
4.61020975,0,0
4.61070945,0,1
4.6112095,0,0
4.6117093,0,1
4.61220935,0,0
4.61270915,0,1
4.6132092,0,0
4.61370895,0,1
4.61420895,0,0
4.6147087,0,1
4.6152087,0,0
4.61570845,0,1
4.61620845,0,0
4.61670825,0,1
4.6172083,0,0
4.61770805,0,1
4.61820805,0,0
4.61870785,0,1
4.6192079,0,0
4.61970765,0,1
4.6202077,0,0
4.62070745,0,1
4.6212075,0,0
4.6217073,0,1
4.6222073,0,0
4.6227071,0,1
4.6232071,0,0
4.6237069,0,1
4.6242069,0,0
4.62470665,0,1
4.6252067,0,0
4.6257065,0,1
4.62620655,0,0
4.62670635,0,1
4.62720635,0,0
4.6277061,0,1
4.62820605,0,0
4.6287058,0,1
4.62920575,0,0
4.6297055,0,1
4.63020555,0,0
4.6307053,0,1
4.63120535,0,0
4.63170515,0,1
4.63220515,0,0
4.6327049,0,1
4.63320485,0,0
4.6337046,0,1
4.6342047,0,0
4.63470455,0,1
4.63520465,0,0
4.6357045,0,1
4.63620455,0,0
4.6367044,0,1
4.63720445,0,0
4.63770425,0,1
4.6382043,0,0
4.6387041,0,1
4.6392042,0,0
4.639704,0,1
4.6402041,0,0
4.6407039,0,1
4.641204,0,0
4.64170375,0,1
4.64220385,0,0
4.6427037,0,1
4.6432038,0,0
4.6437036,0,1
4.6442037,0,0
4.6447035,0,1
4.6452036,0,0
4.6457034,0,1
4.64620345,0,0
4.64670325,0,1
4.64720325,0,0
4.64770305,0,1
4.6482031,0,0
4.6487029,0,1
4.64920295,0,0
4.64970275,0,1
4.65020285,0,0
4.6507027,0,1
4.65120275,0,0
4.65170255,0,1
4.65220265,0,0
4.6527025,0,1
4.65320255,0,0
4.6537024,0,1
4.6542025,0,0
4.65470235,0,1
4.6552024,0,0
4.65570225,0,1
4.65620225,0,0
4.6567021,0,1
4.6572022,0,0
4.6577021,0,1
4.6582022,0,0
4.65870205,0,1
4.6592022,0,0
4.65970205,0,1
4.66020215,0,0
4.660702,0,1
4.6612021,0,0
4.6617019,0,1
4.662202,0,0
4.66270185,0,1
4.66320195,0,0
4.6637018,0,1
4.66420185,0,0
4.66470165,0,1
4.6652017,0,0
4.66570155,0,1
4.6662016,0,0
4.66670145,0,1
4.66720145,0,0
4.6677013,0,1
4.66820135,0,0
4.66870115,0,1
4.6692012,0,0
4.669701,0,1
4.67020105,0,0
4.6707008,0,1
4.67120085,0,0
4.67170065,0,1
4.67220075,0,0
4.67270055,0,1
4.67320065,0,0
4.67370045,0,1
4.67420055,0,0
4.6747004,0,1
4.6752005,0,0
4.67570035,0,1
4.67620045,0,0
4.67670025,0,1
4.67720035,0,0
4.67770015,0,1
4.6782002,0,0
4.6787,0,1
4.6792001,0,0
4.6796999,0,1
4.6802,0,0
4.6806998,0,1
4.68119985,0,0
4.6816997,0,1
4.6821998,0,0
4.68269965,0,1
4.68319975,0,0
4.68369955,0,1
4.68419965,0,0
4.6846995,0,1
4.68519955,0,0
4.6856994,0,1
4.6861995,0,0
4.68669935,0,1
4.68719945,0,0
4.68769935,0,1
4.68819945,0,0
4.6886993,0,1
4.6891994,0,0
4.68969925,0,1
4.6901993,0,0
4.69069915,0,1
4.69119925,0,0
4.69169905,0,1
4.69219915,0,0
4.69269895,0,1
4.6931989,0,0
4.69369865,0,1
4.69419865,0,0
4.69469845,0,1
4.69519855,0,0
4.6956984,0,1
4.69619845,0,0
4.6966982,0,1
4.69719825,0,0
4.6976981,0,1
4.69819815,0,0
4.698698,0,1
4.69919805,0,0
4.6996979,0,1
4.700198,0,0
4.7006978,0,1
4.7011979,0,0
4.70169775,0,1
4.7021978,0,0
4.7026976,0,1
4.70319765,0,0
4.70369745,0,1
4.70419745,0,0
4.70469725,0,1
4.7051973,0,0
4.7056971,0,1
4.7061972,0,0
4.706697,0,1
4.70719715,0,0
4.707697,0,1
4.70819705,0,0
4.7086969,0,1
4.70919695,0,0
4.7096968,0,1
4.71019685,0,0
4.71069665,0,1
4.71119675,0,0
4.7116966,0,1
4.71219665,0,0
4.7126965,0,1
4.7131966,0,0
4.7136964,0,1
4.71419645,0,0
4.7146963,0,1
4.71519635,0,0
4.71569615,0,1
4.7161962,0,0
4.71669595,0,1
4.71719605,0,0
4.71769585,0,1
4.7181959,0,0
4.7186958,0,1
4.71919585,0,0
4.71969575,0,1
4.7201958,0,0
4.7206956,0,1
4.7211957,0,0
4.72169555,0,1
4.72219565,0,0
4.7226955,0,1
4.7231956,0,0
4.72369545,0,1
4.72419555,0,0
4.7246954,0,1
4.72519545,0,0
4.7256953,0,1
4.7261954,0,0
4.72669525,0,1
4.7271953,0,0
4.72769515,0,1
4.72819525,0,0
4.7286951,0,1
4.7291951,0,0
4.7296949,0,1
4.73019495,0,0
4.7306947,0,1
4.73119475,0,0
4.7316946,0,1
4.7321947,0,0
4.73269455,0,1
4.73319465,0,0
4.7336945,0,1
4.7341946,0,0
4.73469445,0,1
4.73519455,0,0
4.73569435,0,1
4.73619445,0,0
4.7366943,0,1
4.7371944,0,0
4.7376943,0,1
4.7381944,0,0
4.73869425,0,1
4.73919435,0,0
4.73969415,0,1
4.74019425,0,0
4.74069405,0,1
4.74119415,0,0
4.74169395,0,1
4.742194,0,0
4.74269385,0,1
4.74319395,0,0
4.7436938,0,1
4.7441939,0,0
4.74469375,0,1
4.7451938,0,0
4.7456936,0,1
4.7461936,0,0
4.74669335,0,1
4.74719345,0,0
4.74769325,0,1
4.7481933,0,0
4.7486931,0,1
4.74919315,0,0
4.74969295,0,1
4.750193,0,0
4.75069285,0,1
4.7511929,0,0
4.75169275,0,1
4.7521928,0,0
4.75269265,0,1
4.75319275,0,0
4.7536926,0,1
4.75419265,0,0
4.7546925,0,1
4.75519255,0,0
4.75569245,0,1
4.75619255,0,0
4.75669235,0,1
4.75719245,0,0
4.75769225,0,1
4.7581923,0,0
4.75869215,0,1
4.7591922,0,0
4.75969195,0,1
4.76019195,0,0
4.7606918,0,1
4.7611919,0,0
4.76169165,0,1
4.76219175,0,0
4.76269155,0,1
4.7631916,0,0
4.7636914,0,1
4.76419145,0,0
4.76469135,0,1
4.76519145,0,0
4.76569125,0,1
4.76619135,0,0
4.76669115,0,1
4.7671912,0,0
4.767691,0,1
4.7681911,0,0
4.7686909,0,1
4.769191,0,0
4.76969085,0,1
4.77019085,0,0
4.7706906,0,1
4.7711907,0,0
4.7716905,0,1
4.7721906,0,0
4.7726904,0,1
4.7731905,0,0
4.77369025,0,1
4.7741903,0,0
4.7746901,0,1
4.7751902,0,0
4.77569,0,1
4.77619005,0,0
4.7766899,0,1
4.77718995,0,0
4.7776898,0,1
4.77818985,0,0
4.77868965,0,1
4.7791897,0,0
4.7796895,0,1
4.78018955,0,0
4.78068935,0,1
4.7811894,0,0
4.7816892,0,1
4.78218925,0,0
4.78268905,0,1
4.7831891,0,0
4.78368885,0,1
4.7841889,0,0
4.78468875,0,1
4.7851888,0,0
4.7856886,0,1
4.78618865,0,0
4.7866885,0,1
4.7871885,0,0
4.7876883,0,1
4.78818835,0,0
4.78868815,0,1
4.7891882,0,0
4.78968805,0,1
4.7901881,0,0
4.7906879,0,1
4.79118795,0,0
4.79168775,0,1
4.79218775,0,0
4.79268755,0,1
4.7931876,0,0
4.7936874,0,1
4.7941875,0,0
4.79468725,0,1
4.7951873,0,0
4.79568715,0,1
4.79618725,0,0
4.79668705,0,1
4.7971871,0,0
4.7976869,0,1
4.79818695,0,0
4.7986868,0,1
4.7991869,0,0
4.7996867,0,1
4.8001868,0,0
4.80068665,0,1
4.80118675,0,0
4.80168655,0,1
4.80218655,0,0
4.80268635,0,1
4.80318635,0,0
4.80368615,0,1
4.80418625,0,0
4.804686,0,1
4.805186,0,0
4.8056858,0,1
4.8061858,0,0
4.8066856,0,1
4.80718565,0,0
4.8076854,0,1
4.80818545,0,0
4.8086852,0,1
4.80918525,0,0
4.80968495,0,1
4.81018495,0,0
4.81068475,0,1
4.8111848,0,0
4.8116846,0,1
4.81218465,0,0
4.8126845,0,1
4.81318455,0,0
4.8136844,0,1
4.8141845,0,0
4.8146843,0,1
4.8151844,0,0
4.8156842,0,1
4.81618425,0,0
4.81668405,0,1
4.81718405,0,0
4.81768385,0,1
4.8181839,0,0
4.81868365,0,1
4.8191837,0,0
4.8196835,0,1
4.82018355,0,0
4.82068335,0,1
4.82118335,0,0
4.82168315,0,1
4.82218315,0,0
4.82268295,0,1
4.823183,0,0
4.8236828,0,1
4.82418285,0,0
4.82468265,0,1
4.8251827,0,0
4.8256825,0,1
4.8261825,0,0
4.82668235,0,1
4.82718245,0,0
4.8276823,0,1
4.82818235,0,0
4.82868225,0,1
4.82918235,0,0
4.82968215,0,1
4.83018225,0,0
4.83068205,0,1
4.83118215,0,0
4.83168195,0,1
4.83218195,0,0
4.83268175,0,1
4.8331818,0,0
4.8336816,0,1
4.8341816,0,0
4.83468135,0,1
4.8351814,0,0
4.8356812,0,1
4.8361813,0,0
4.83668105,0,1
4.8371811,0,0
4.8376809,0,1
4.83818095,0,0
4.83868075,0,1
4.8391808,0,0
4.8396806,0,1
4.84018065,0,0
4.8406804,0,1
4.84118045,0,0
4.84168025,0,1
4.8421803,0,0
4.8426801,0,1
4.8431802,0,0
4.84368,0,1
4.8441801,0,0
4.8446799,0,1
4.84518,0,0
4.8456798,0,1
4.84617985,0,0
4.8466797,0,1
4.84717975,0,0
4.8476796,0,1
4.84817965,0,0
4.84867945,0,1
4.84917955,0,0
4.84967935,0,1
4.8501794,0,0
4.85067925,0,1
4.8511793,0,0
4.85167915,0,1
4.8521792,0,0
4.85267905,0,1
4.85317905,0,0
4.85367885,0,1
4.8541789,0,0
4.8546787,0,1
4.8551787,0,0
4.85567855,0,1
4.85617865,0,0
4.8566785,0,1
4.8571786,0,0
4.85767845,0,1
4.85817855,0,0
4.8586784,0,1
4.8591785,0,0
4.85967835,0,1
4.8601784,0,0
4.8606782,0,1
4.86117825,0,0
4.8616781,0,1
4.86217815,0,0
4.862678,0,1
4.8631781,0,0
4.863678,0,1
4.8641781,0,0
4.864678,0,1
4.86517805,0,0
4.86567785,0,1
4.8661779,0,0
4.86667775,0,1
4.8671778,0,0
4.86767765,0,1
4.86817775,0,0
4.86867755,0,1
4.8691776,0,0
4.8696774,0,1
4.87017745,0,0
4.8706773,0,1
4.87117735,0,0
4.8716772,0,1
4.87217725,0,0
4.87267705,0,1
4.87317715,0,0
4.873677,0,1
4.87417705,0,0
4.8746769,0,1
4.87517695,0,0
4.87567675,0,1
4.87617685,0,0
4.8766767,0,1
4.87717675,0,0
4.87767665,0,1
4.8781767,0,0
4.87867655,0,1
4.87917665,0,0
4.8796765,0,1
4.8801766,0,0
4.88067645,0,1
4.88117655,0,0
4.8816764,0,1
4.8821764,0,0
4.88267615,0,1
4.88317625,0,0
4.88367605,0,1
4.8841761,0,0
4.8846759,0,1
4.885176,0,0
4.88567585,0,1
4.88617595,0,0
4.8866758,0,1
4.8871759,0,0
4.8876757,0,1
4.88817575,0,0
4.8886755,0,1
4.8891755,0,0
4.88967535,0,1
4.89017545,0,0
4.8906753,0,1
4.89117545,0,0
4.8916753,0,1
4.89217545,0,0
4.8926753,0,1
4.8931754,0,0
4.89367525,0,1
4.89417535,0,0
4.8946752,0,1
4.89517525,0,0
4.8956751,0,1
4.89617525,0,0
4.8966751,0,1
4.89717525,0,0
4.897675,0,1
4.89817515,0,0
4.89867505,0,1
4.89917515,0,0
4.89967505,0,1
4.90017515,0,0
4.90067505,0,1
4.90117515,0,0
4.901675,0,1
4.9021751,0,0
4.90267495,0,1
4.90317505,0,0
4.9036749,0,1
4.904175,0,0
4.90467485,0,1
4.90517495,0,0
4.90567485,0,1
4.906175,0,0
4.9066749,0,1
4.9071751,0,0
4.90767495,0,1
4.90817505,0,0
4.9086749,0,1
4.90917505,0,0
4.9096749,0,1
4.910175,0,0
4.91067485,0,1
4.91117495,0,0
4.91167475,0,1
4.91217485,0,0
4.91267465,0,1
4.91317475,0,0
4.91367455,0,1
4.91417465,0,0
4.9146745,0,1
4.9151746,0,0
4.9156745,0,1
4.9161746,0,0
4.91667445,0,1
4.9171745,0,0
4.91767435,0,1
4.91817445,0,0
4.9186743,0,1
4.9191744,0,0
4.91967425,0,1
4.92017435,0,0
4.9206742,0,1
4.9211743,0,0
4.9216742,0,1
4.9221743,0,0
4.92267415,0,1
4.92317425,0,0
4.9236741,0,1
4.9241742,0,0
4.9246741,0,1
4.92517415,0,0
4.92567395,0,1
4.926174,0,0
4.92667385,0,1
4.9271739,0,0
4.92767375,0,1
4.9281738,0,0
4.92867365,0,1
4.9291737,0,0
4.92967355,0,1
4.93017365,0,0
4.93067345,0,1
4.9311735,0,0
4.9316733,0,1
4.93217335,0,0
4.93267315,0,1
4.9331732,0,0
4.93367305,0,1
4.93417315,0,0
4.93467295,0,1
4.9351731,0,0
4.93567295,0,1
4.936173,0,0
4.9366728,0,1
4.9371729,0,0
4.9376727,0,1
4.9381728,0,0
4.9386726,0,1
4.93917265,0,0
4.9396725,0,1
4.94017255,0,0
4.9406724,0,1
4.94117245,0,0
4.94167225,0,1
4.9421723,0,0
4.9426721,0,1
4.94317215,0,0
4.943672,0,1
4.9441721,0,0
4.9446719,0,1
4.945172,0,0
4.9456718,0,1
4.94617185,0,0
4.9466717,0,1
4.94717175,0,0
4.9476716,0,1
4.94817165,0,0
4.94867145,0,1
4.94917155,0,0
4.9496714,0,1
4.9501715,0,0
4.9506713,0,1
4.9511714,0,0
4.9516713,0,1
4.95217135,0,0
4.9526712,0,1
4.9531712,0,0
4.953671,0,1
4.9541711,0,0
4.9546709,0,1
4.955171,0,0
4.95567075,0,1
4.95617085,0,0
4.95667065,0,1
4.9571707,0,0
4.9576705,0,1
4.95817055,0,0
4.95867045,0,1
4.9591705,0,0
4.95967035,0,1
4.96017045,0,0
4.96067025,0,1
4.96117035,0,0
4.96167015,0,1
4.96217025,0,0
4.9626701,0,1
4.96317015,0,0
4.96367,0,1
4.96417005,0,0
4.9646699,0,1
4.96517,0,0
4.9656698,0,1
4.9661699,0,0
4.96666975,0,1
4.9671698,0,0
4.96766965,0,1
4.9681697,0,0
4.9686695,0,1
4.96916955,0,0
4.9696694,0,1
4.9701694,0,0
4.9706692,0,1
4.9711692,0,0
4.971669,0,1
4.97216895,0,0
4.9726687,0,1
4.97316865,0,0
4.9736684,0,1
4.97416835,0,0
4.9746681,0,1
4.97516805,0,0
4.97566785,0,1
4.97616785,0,0
4.9766676,0,1
4.9771676,0,0
4.97766735,0,1
4.97816735,0,0
4.9786671,0,1
4.9791671,0,0
4.97966685,0,1
4.98016685,0,0
4.98066665,0,1
4.98116665,0,0
4.98166645,0,1
4.98216645,0,0
4.9826662,0,1
4.9831662,0,0
4.983666,0,1
4.98416595,0,0
4.9846657,0,1
4.9851657,0,0
4.9856655,0,1
4.9861655,0,0
4.9866653,0,1
4.9871653,0,0
4.98766505,0,1
4.9881651,0,0
4.9886649,0,1
4.9891649,0,0
4.98966465,0,1
4.99016465,0,0
4.9906644,0,1
4.9911644,0,0
4.9916641,0,1
4.99216415,0,0
4.9926639,0,1
4.9931639,0,0
4.99366365,0,1
4.99416365,0,0
4.99466345,0,1
4.9951635,0,0
4.99566325,0,1
4.99616325,0,0
4.99666305,0,1
4.99716305,0,0
4.9976628,0,1
4.9981628,0,0
4.99866255,0,1
4.99916255,0,0
4.99966235,0,1
