timestamp_s,CH0,CH1
0.0,0,1
0.0004349,0,0
0.0009348,0,1
0.0014349,0,0
0.0019348,0,1
0.0024349,0,0
0.00293475,0,1
0.00343485,0,0
0.0039347,0,1
0.0044348,0,0
0.0049347,0,1
0.0054348,0,0
0.00593465,0,1
0.0064348,0,0
0.0069347,0,1
0.00743485,0,0
0.00793475,0,1
0.0084349,0,0
0.0089348,0,1
0.0094349,0,0
0.0099347,0,1
0.0104348,0,0
0.01093465,0,1
0.01143475,0,0
0.01193455,0,1
0.01243465,0,0
0.01293455,0,1
0.0134346,0,0
0.0139344,0,1
0.01443445,0,0
0.0149343,0,1
0.0154344,0,0
0.0159342,0,1
0.01643425,0,0
0.01693405,0,1
0.0174341,0,0
0.0179339,0,1
0.01843395,0,0
0.0189338,0,1
0.01943385,0,0
0.0199337,0,1
0.02043375,0,0
0.02093355,0,1
0.0214336,0,0
0.0219334,0,1
0.02243345,0,0
0.02293325,0,1
0.0234333,0,0
0.02393315,0,1
0.02443315,0,0
0.0249329,0,1
0.02543295,0,0
0.02593275,0,1
0.02643285,0,0
0.02693265,0,1
0.02743275,0,0
0.02793255,0,1
0.02843265,0,0
0.0289325,0,1
0.0294326,0,0
0.02993245,0,1
0.03043255,0,0
0.0309324,0,1
0.03143245,0,0
0.03193225,0,1
0.03243235,0,0
0.0329322,0,1
0.0334323,0,0
0.03393215,0,1
0.0344322,0,0
0.03493205,0,1
0.03543215,0,0
0.03593205,0,1
0.03643215,0,0
0.03693205,0,1
0.03743215,0,0
0.037932,0,1
0.03843215,0,0
0.038932,0,1
0.0394321,0,0
0.039932,0,1
0.0404321,0,0
0.040932,0,1
0.04143215,0,0
0.04193205,0,1
0.0424322,0,0
0.04293205,0,1
0.04343215,0,0
0.04393205,0,1
0.0444322,0,0
0.0449321,0,1
0.0454322,0,0
0.0459321,0,1
0.04643225,0,0
0.0469322,0,1
0.04743255,0,0
0.04793225,0,1
0.0484327,0,0
0.04893215,0,1
0.0494326,0,0
0.04993205,0,1
0.0500008,1,1
0.05043245,1,0
0.0509325,1,1
0.0514323,1,0
0.0519323,1,1
0.05243235,1,0
0.05293225,1,1
0.05343235,1,0
0.0539322,1,1
0.05443225,1,0
0.05493215,1,1
0.05505955,0,1
0.0554326,0,0
0.0559324,0,1
0.0564329,0,0
0.0569324,0,1
0.05743295,0,0
0.0579325,0,1
0.0584328,0,0
0.05893285,0,1
0.05943275,0,0
0.0599327,0,1
0.06043275,0,0
0.06093265,0,1
0.0614328,0,0
0.06193275,0,1
0.06243295,0,0
0.06293295,0,1
0.0634331,0,0
0.06393305,0,1
0.0644332,0,0
0.0649331,0,1
0.06543325,0,0
0.0659331,0,1
0.06643325,0,0
0.0669332,0,1
0.0674333,0,0
0.06793325,0,1
0.0684334,0,0
0.06893335,0,1
0.0694335,0,0
0.06993345,0,1
0.0704336,0,0
0.07093345,0,1
0.07143355,0,0
0.07193345,0,1
0.0724336,0,0
0.0729335,0,1
0.0734336,0,0
0.07393345,0,1
0.0744336,0,0
0.0749335,0,1
0.0754336,0,0
0.07593345,0,1
0.07643355,0,0
0.07693345,0,1
0.07743355,0,0
0.07793345,0,1
0.07843355,0,0
0.07893345,0,1
0.07943365,0,0
0.07993355,0,1
0.08043365,0,0
0.08093355,0,1
0.0814337,0,0
0.0819336,0,1
0.08243375,0,0
0.08293365,0,1
0.0834338,0,0
0.08393375,0,1
0.0844339,0,0
0.08493375,0,1
0.0854339,0,0
0.0859338,0,1
0.08643395,0,0
0.08693385,0,1
0.08743405,0,0
0.08793395,0,1
0.08843405,0,0
0.0889339,0,1
0.089434,0,0
0.08993385,0,1
0.090434,0,0
0.0909339,0,1
0.09143405,0,0
0.09193395,0,1
0.0924341,0,0
0.092934,0,1
0.09343415,0,0
0.09393405,0,1
0.09443415,0,0
0.094934,0,1
0.0954341,0,0
0.095934,0,1
0.0964341,0,0
0.0969339,0,1
0.09743405,0,0
0.09793385,0,1
0.098434,0,0
0.09893385,0,1
0.0994339,0,0
0.09993375,0,1
0.10043385,0,0
0.1009337,0,1
0.1014338,0,0
0.1019337,0,1
0.1024338,0,0
0.10293365,0,1
0.10343375,0,0
0.1039336,0,1
0.1044337,0,0
0.10493355,0,1
0.1054337,0,0
0.10593355,0,1
0.1064337,0,0
0.1069336,0,1
0.10743375,0,0
0.10793365,0,1
0.1084338,0,0
0.10893365,0,1
0.1094338,0,0
0.10993365,0,1
0.1104338,0,0
0.11093365,0,1
0.11143375,0,0
0.11193365,0,1
0.1124338,0,0
0.11293365,0,1
0.1134338,0,0
0.11393365,0,1
0.1144338,0,0
0.1149337,0,1
0.1154338,0,0
0.1159337,0,1
0.1164338,0,0
0.1169336,0,1
0.11743365,0,0
0.1179335,0,1
0.11843355,0,0
0.1189334,0,1
0.11943345,0,0
0.1199333,0,1
0.12043345,0,0
0.1209333,0,1
0.1214334,0,0
0.12193325,0,1
0.1224334,0,0
0.1229333,0,1
0.1234335,0,0
0.1239334,0,1
0.1244336,0,0
0.1249335,0,1
0.12543365,0,0
0.1259335,0,1
0.1264336,0,0
0.1269335,0,1
0.1274336,0,0
0.1279335,0,1
0.12843365,0,0
0.1289335,0,1
0.12943365,0,0
0.12993355,0,1
0.1304336,0,0
0.1309335,0,1
0.1314336,0,0
0.1319335,0,1
0.13243355,0,0
0.1329334,0,1
0.13343345,0,0
0.1339333,0,1
0.1344334,0,0
0.13493325,0,1
0.1354334,0,0
0.13593325,0,1
0.13643335,0,0
0.1369332,0,1
0.13743325,0,0
0.13793315,0,1
0.1384332,0,0
0.1389331,0,1
0.1394332,0,0
0.13993305,0,1
0.1404331,0,0
0.14093295,0,1
0.14143305,0,0
0.1419329,0,1
0.14243295,0,0
0.14293285,0,1
0.14343295,0,0
0.1439328,0,1
0.1444329,0,0
0.1449328,0,1
0.1454329,0,0
0.1459328,0,1
0.14643295,0,0
0.14693285,0,1
0.14743295,0,0
0.14793285,0,1
0.148433,0,0
0.14893295,0,1
0.1494331,0,0
0.149933,0,1
0.1504332,0,0
0.1509331,0,1
0.15143325,0,0
0.1519332,0,1
0.15243335,0,0
0.15293325,0,1
0.1534334,0,0
0.1539333,0,1
0.15443345,0,0
0.1549334,0,1
0.1554335,0,0
0.1559334,0,1
0.1564335,0,0
0.1569334,0,1
0.15743355,0,0
0.15793345,0,1
0.15843365,0,0
0.15893355,0,1
0.1594337,0,0
0.15993355,0,1
0.1604337,0,0
0.1609336,0,1
0.16143375,0,0
0.16193365,0,1
0.1624338,0,0
0.16293365,0,1
0.1634338,0,0
0.16393365,0,1
0.16443385,0,0
0.16493375,0,1
0.16543385,0,0
0.1659338,0,1
0.16643395,0,0
0.16693385,0,1
0.167434,0,0
0.1679339,0,1
0.16843405,0,0
0.16893395,0,1
0.16943405,0,0
0.1699339,0,1
0.17043405,0,0
0.17093395,0,1
0.17143415,0,0
0.17193405,0,1
0.1724342,0,0
0.1729341,0,1
0.1734342,0,0
0.1739341,0,1
0.1744342,0,0
0.17493405,0,1
0.17543415,0,0
0.175934,0,1
0.17643415,0,0
0.176934,0,1
0.17743415,0,0
0.177934,0,1
0.17843415,0,0
0.17893405,0,1
0.1794342,0,0
0.1799341,0,1
0.18043425,0,0
0.1809342,0,1
0.18143435,0,0
0.18193425,0,1
0.1824344,0,0
0.1829343,0,1
0.1834344,0,0
0.1839343,0,1
0.18443445,0,0
0.18493435,0,1
0.1854345,0,0
0.18593445,0,1
0.1864346,0,0
0.18693455,0,1
0.1874347,0,0
0.1879346,0,1
0.1884348,0,0
0.1889347,0,1
0.1894349,0,0
0.1899348,0,1
0.190435,0,0
0.19093495,0,1
0.19143515,0,0
0.1919351,0,1
0.19243525,0,0
0.19293515,0,1
0.19343535,0,0
0.1939353,0,1
0.1944355,0,0
0.1949354,0,1
0.1954356,0,0
0.1959355,0,1
0.1964356,0,0
0.1969355,0,1
0.19743565,0,0
0.19793555,0,1
0.1984357,0,0
0.1989356,0,1
0.1994357,0,0
0.1999356,0,1
0.20043575,0,0
0.2009357,0,1
0.20143575,0,0
0.2019356,0,1
0.2024357,0,0
0.2029356,0,1
0.2034357,0,0
0.20393555,0,1
0.2044357,0,0
0.2049356,0,1
0.20543575,0,0
0.20593565,0,1
0.20643585,0,0
0.2069357,0,1
0.20743585,0,0
0.2079358,0,1
0.20843595,0,0
0.20893585,0,1
0.209436,0,0
0.20993585,0,1
0.21043595,0,0
0.21093585,0,1
0.211436,0,0
0.2119359,0,1
0.212436,0,0
0.2129359,0,1
0.21343605,0,0
0.2139359,0,1
0.214436,0,0
0.21493585,0,1
0.215436,0,0
0.21593585,0,1
0.21643595,0,0
0.2169358,0,1
0.21743595,0,0
0.2179358,0,1
0.2184359,0,0
0.2189358,0,1
0.2194359,0,0
0.21993575,0,1
0.22043585,0,0
0.2209357,0,1
0.22143585,0,0
0.2219357,0,1
0.22243575,0,0
0.2229356,0,1
0.22343575,0,0
0.2239356,0,1
0.2244357,0,0
0.22493555,0,1
0.22543565,0,0
0.22593545,0,1
0.22643555,0,0
0.22693545,0,1
0.22743555,0,0
0.22793545,0,1
0.22843555,0,0
0.2289355,0,1
0.22943565,0,0
0.22993555,0,1
0.2304357,0,0
0.2309356,0,1
0.23143575,0,0
0.23193565,0,1
0.2324358,0,0
0.2329357,0,1
0.23343585,0,0
0.2339358,0,1
0.234436,0,0
0.23493595,0,1
0.2354361,0,0
0.235936,0,1
0.23643615,0,0
0.236936,0,1
0.2374361,0,0
0.237936,0,1
0.2384362,0,0
0.23893615,0,1
0.2394363,0,0
0.2399362,0,1
0.24043635,0,0
0.24093625,0,1
0.2414364,0,0
0.2419363,0,1
0.24243645,0,0
0.2429364,0,1
0.24343655,0,0
0.2439364,0,1
0.24443655,0,0
0.24493645,0,1
0.24543655,0,0
0.24593645,0,1
0.2464366,0,0
0.2469365,0,1
0.2474366,0,0
0.2479365,0,1
0.2484366,0,0
0.24893645,0,1
0.2494366,0,0
0.24993645,0,1
0.25043655,0,0
0.2509364,0,1
0.2514365,0,0
0.2519364,0,1
0.25243655,0,0
0.2529364,0,1
0.2534365,0,0
0.25393635,0,1
0.25443645,0,0
0.2549363,0,1
0.2554364,0,0
0.25593625,0,1
0.2564364,0,0
0.2569363,0,1
0.25743645,0,0
0.25793635,0,1
0.2584365,0,0
0.2589364,0,1
0.2594365,0,0
0.2599364,0,1
0.2604365,0,0
0.26093645,0,1
0.2614366,0,0
0.2619365,0,1
0.2624367,0,0
0.2629366,0,1
0.2634368,0,0
0.26393675,0,1
0.26443695,0,0
0.26493685,0,1
0.26543695,0,0
0.26593685,0,1
0.266437,0,0
0.26693695,0,1
0.26743715,0,0
0.26793705,0,1
0.2684372,0,0
0.26893705,0,1
0.26943715,0,0
0.269937,0,1
0.27043715,0,0
0.270937,0,1
0.2714372,0,0
0.2719371,0,1
0.27243725,0,0
0.27293715,0,1
0.2734373,0,0
0.2739372,0,1
0.27443735,0,0
0.27493725,0,1
0.2754374,0,0
0.2759373,0,1
0.27643745,0,0
0.27693735,0,1
0.2774375,0,0
0.27793735,0,1
0.2784375,0,0
0.2789374,0,1
0.27943755,0,0
0.2799375,0,1
0.28043765,0,0
0.2809376,0,1
0.28143775,0,0
0.2819377,0,1
0.2824379,0,0
0.2829378,0,1
0.28343795,0,0
0.2839379,0,1
0.28443805,0,0
0.28493795,0,1
0.28543805,0,0
0.285938,0,1
0.28643815,0,0
0.286938,0,1
0.28743815,0,0
0.28793805,0,1
0.2884382,0,0
0.2889381,0,1
0.2894382,0,0
0.2899381,0,1
0.29043825,0,0
0.29093815,0,1
0.29143825,0,0
0.29193815,0,1
0.2924383,0,0
0.29293815,0,1
0.2934383,0,0
0.2939382,0,1
0.29443835,0,0
0.2949382,0,1
0.2954383,0,0
0.2959382,0,1
0.2964383,0,0
0.2969382,0,1
0.2974383,0,0
0.29793815,0,1
0.2984383,0,0
0.29893825,0,1
0.29943845,0,0
0.29993835,0,1
0.30043855,0,0
0.30093845,0,1
0.30143855,0,0
0.30193845,0,1
0.3024386,0,0
0.3029385,0,1
0.30343865,0,0
0.3039385,0,1
0.30443865,0,0
0.3049385,0,1
0.3054386,0,0
0.30593845,0,1
0.30643855,0,0
0.3069384,0,1
0.3074385,0,0
0.30793835,0,1
0.3084385,0,0
0.3089383,0,1
0.3094384,0,0
0.30993825,0,1
0.31043835,0,0
0.31093825,0,1
0.31143835,0,0
0.31193815,0,1
0.3124383,0,0
0.31293815,0,1
0.3134383,0,0
0.3139382,0,1
0.3144383,0,0
0.3149382,0,1
0.3154384,0,0
0.3159383,0,1
0.31643835,0,0
0.31693825,0,1
0.3174384,0,0
0.3179383,0,1
0.31843845,0,0
0.31893835,0,1
0.3194385,0,0
0.3199384,0,1
0.3204386,0,0
0.32093845,0,1
0.3214386,0,0
0.3219385,0,1
0.32243865,0,0
0.32293855,0,1
0.3234387,0,0
0.3239386,0,1
0.32443875,0,0
0.3249386,0,1
0.32543875,0,0
0.32593865,0,1
0.3264388,0,0
0.32693865,0,1
0.3274387,0,0
0.32793855,0,1
0.3284386,0,0
0.3289384,0,1
0.3294385,0,0
0.32993835,0,1
0.33043845,0,0
0.3309383,0,1
0.3314384,0,0
0.3319382,0,1
0.3324383,0,0
0.33293815,0,1
0.33343825,0,0
0.33393815,0,1
0.33443825,0,0
0.33493815,0,1
0.33543825,0,0
0.33593815,0,1
0.3364383,0,0
0.3369382,0,1
0.3374383,0,0
0.33793815,0,1
0.3384383,0,0
0.3389382,0,1
0.33943835,0,0
0.33993825,0,1
0.34043835,0,0
0.3409382,0,1
0.3414383,0,0
0.3419382,0,1
0.3424383,0,0
0.3429382,0,1
0.34343835,0,0
0.3439382,0,1
0.34443835,0,0
0.3449382,0,1
0.34543835,0,0
0.34593825,0,1
0.34643835,0,0
0.3469382,0,1
0.34743835,0,0
0.34793825,0,1
0.34843835,0,0
0.3489383,0,1
0.34943845,0,0
0.3499384,0,1
0.35043855,0,0
0.3509385,0,1
0.35143865,0,0
0.3519386,0,1
0.35243875,0,0
0.3529387,0,1
0.3534389,0,0
0.35393885,0,1
0.354439,0,0
0.3549389,0,1
0.35543905,0,0
0.355939,0,1
0.35643915,0,0
0.35693905,0,1
0.3574392,0,0
0.3579391,0,1
0.3584392,0,0
0.35893905,0,1
0.35943915,0,0
0.359939,0,1
0.3604391,0,0
0.36093895,0,1
0.36143905,0,0
0.3619389,0,1
0.362439,0,0
0.3629389,0,1
0.363439,0,0
0.36393885,0,1
0.364439,0,0
0.36493885,0,1
0.365439,0,0
0.36593885,0,1
0.366439,0,0
0.3669389,0,1
0.367439,0,0
0.3679389,0,1
0.368439,0,0
0.3689389,0,1
0.36943905,0,0
0.3699389,0,1
0.37043905,0,0
0.37093895,0,1
0.3714391,0,0
0.37193905,0,1
0.3724392,0,0
0.3729391,0,1
0.37343925,0,0
0.3739392,0,1
0.3744394,0,0
0.3749393,0,1
0.37543945,0,0
0.3759393,0,1
0.3764395,0,0
0.37693935,0,1
0.3774395,0,0
0.3779394,0,1
0.37843955,0,0
0.37893945,0,1
0.3794396,0,0
0.37993955,0,1
0.3804397,0,0
0.38093955,0,1
0.3814397,0,0
0.38193965,0,1
0.3824398,0,0
0.3829397,0,1
0.38343985,0,0
0.3839398,0,1
0.3844399,0,0
0.3849398,0,1
0.38543995,0,0
0.38593985,0,1
0.38644,0,0
0.3869399,0,1
0.38744,0,0
0.38793985,0,1
0.38843995,0,0
0.38893985,0,1
0.38944,0,0
0.38993995,0,1
0.3904401,0,0
0.39094,0,1
0.39144005,0,0
0.3919399,0,1
0.39244,0,0
0.3929398,0,1
0.39343985,0,0
0.39393965,0,1
0.39443975,0,0
0.39493965,0,1
0.39543975,0,0
0.3959396,0,1
0.3964397,0,0
0.3969396,0,1
0.3974397,0,0
0.39793955,0,1
0.39843965,0,0
0.39893955,0,1
0.3994397,0,0
0.39993955,0,1
0.40043965,0,0
0.40093955,0,1
0.40143965,0,0
0.40193955,0,1
0.40243965,0,0
0.4029395,0,1
0.4034396,0,0
0.4039395,0,1
0.4044397,0,0
0.4049396,0,1
0.4054397,0,0
0.4059396,0,1
0.4064397,0,0
0.4069396,0,1
0.40743965,0,0
0.40793955,0,1
0.40843965,0,0
0.40893945,0,1
0.4094395,0,0
0.4099393,0,1
0.4104394,0,0
0.41093925,0,1
0.41143935,0,0
0.41193925,0,1
0.41243935,0,0
0.41293925,0,1
0.4134394,0,0
0.4139393,0,1
0.41443945,0,0
0.41493935,0,1
0.4154395,0,0
0.41593945,0,1
0.4164396,0,0
0.4169395,0,1
0.4174396,0,0
0.41793945,0,1
0.4184396,0,0
0.4189395,0,1
0.4194396,0,0
0.41993955,0,1
0.42043965,0,0
0.4209396,0,1
0.42143975,0,0
0.4219396,0,1
0.42243975,0,0
0.42293965,0,1
0.4234398,0,0
0.4239397,0,1
0.42443985,0,0
0.42493975,0,1
0.42543985,0,0
0.42593975,0,1
0.4264399,0,0
0.4269398,0,1
0.42743995,0,0
0.42793985,0,1
0.42844005,0,0
0.42893995,0,1
0.4294401,0,0
0.42993995,0,1
0.43044005,0,0
0.4309399,0,1
0.43144005,0,0
0.4319399,0,1
0.43244005,0,0
0.43293995,0,1
0.4334401,0,0
0.43394005,0,1
0.4344402,0,0
0.43494005,0,1
0.4354402,0,0
0.4359401,0,1
0.4364403,0,0
0.43694025,0,1
0.43744045,0,0
0.43794035,0,1
0.43844045,0,0
0.43894035,0,1
0.4394405,0,0
0.43994045,0,1
0.4404406,0,0
0.44094055,0,1
0.4414407,0,0
0.4419406,0,1
0.44244075,0,0
0.4429407,0,1
0.44344085,0,0
0.4439408,0,1
0.4444409,0,0
0.4449408,0,1
0.44544095,0,0
0.4459409,0,1
0.4464411,0,0
0.44694105,0,1
0.44744125,0,0
0.44794115,0,1
0.44844135,0,0
0.44894125,0,1
0.44944145,0,0
0.4499414,0,1
0.45044155,0,0
0.4509415,0,1
0.4514416,0,0
0.45194155,0,1
0.45244175,0,0
0.45294165,0,1
0.4534418,0,0
0.4539417,0,1
0.45444185,0,0
0.4549418,0,1
0.45544195,0,0
0.4559419,0,1
0.45644205,0,0
0.45694195,0,1
0.4574421,0,0
0.45794195,0,1
0.45844205,0,0
0.45894195,0,1
0.4594421,0,0
0.45994205,0,1
0.4604422,0,0
0.46094215,0,1
0.4614424,0,0
0.46194235,0,1
0.4624425,0,0
0.4629424,0,1
0.46344255,0,0
0.4639425,0,1
0.46444265,0,0
0.4649426,0,1
0.46544275,0,0
0.4659427,0,1
0.46644285,0,0
0.4669428,0,1
0.4674429,0,0
0.4679428,0,1
0.4684429,0,0
0.4689428,0,1
0.46944295,0,0
0.46994285,0,1
0.470443,0,0
0.4709429,0,1
0.4714431,0,0
0.471943,0,1
0.47244315,0,0
0.47294305,0,1
0.47344325,0,0
0.47394315,0,1
0.4744433,0,0
0.4749432,0,1
0.47544325,0,0
0.4759431,0,1
0.47644325,0,0
0.4769431,0,1
0.4774432,0,0
0.47794305,0,1
0.47844325,0,0
0.47894315,0,1
0.47944335,0,0
0.47994325,0,1
0.4804434,0,0
0.48094335,0,1
0.4814435,0,0
0.48194345,0,1
0.48244365,0,0
0.48294355,0,1
0.4834437,0,0
0.48394365,0,1
0.48444385,0,0
0.48494375,0,1
0.4854439,0,0
0.48594385,0,1
0.486444,0,0
0.4869439,0,1
0.48744405,0,0
0.487944,0,1
0.48844415,0,0
0.4889441,0,1
0.4894443,0,0
0.48994425,0,1
0.4904444,0,0
0.4909443,0,1
0.4914445,0,0
0.49194445,0,1
0.49244465,0,0
0.4929446,0,1
0.49344475,0,0
0.49394475,0,1
0.4944449,0,0
0.49494485,0,1
0.495445,0,0
0.49594485,0,1
0.496445,0,0
0.4969449,0,1
0.49744505,0,0
0.497945,0,1
0.4984452,0,0
0.49894515,0,1
0.49944535,0,0
0.4999453,0,1
0.5004455,0,0
0.5009454,0,1
0.50144555,0,0
0.50194545,0,1
0.5024456,0,0
0.50294555,0,1
0.5034457,0,0
0.5039456,0,1
0.5044458,0,0
0.5049457,0,1
0.5054459,0,0
0.5059458,0,1
0.506446,0,0
0.50694595,0,1
0.50744615,0,0
0.5079461,0,1
0.5084463,0,0
0.50894625,0,1
0.5094464,0,0
0.50994635,0,1
0.51044655,0,0
0.51094655,0,1
0.5114467,0,0
0.51194665,0,1
0.5124468,0,0
0.51294675,0,1
0.51344695,0,0
0.51394685,0,1
0.51444705,0,0
0.51494695,0,1
0.51544715,0,0
0.5159471,0,1
0.5164473,0,0
0.5169472,0,1
0.5174474,0,0
0.5179474,0,1
0.5184476,0,0
0.5189476,0,1
0.5194478,0,0
0.51994775,0,1
0.52044795,0,0
0.5209479,0,1
0.52144805,0,0
0.5219479,0,1
0.5224481,0,0
0.52294805,0,1
0.5234482,0,0
0.52394815,0,1
0.52444835,0,0
0.52494825,0,1
0.52544845,0,0
0.52594835,0,1
0.52644855,0,0
0.5269484,0,1
0.5274486,0,0
0.5279485,0,1
0.5284487,0,0
0.52894865,0,1
0.52944885,0,0
0.5299488,0,1
0.53044895,0,0
0.5309489,0,1
0.5314491,0,0
0.53194905,0,1
0.53244925,0,0
0.5329492,0,1
0.53344935,0,0
0.5339493,0,1
0.5344495,0,0
0.53494945,0,1
0.53544965,0,0
0.53594965,0,1
0.53644985,0,0
0.53694975,0,1
0.53744995,0,0
0.5379499,0,1
0.5384501,0,0
0.53895,0,1
0.5394502,0,0
0.53995015,0,1
0.54045035,0,0
0.54095025,0,1
0.54145045,0,0
0.54195035,0,1
0.5424505,0,0
0.5429504,0,1
0.5434506,0,0
0.5439505,0,1
0.5444506,0,0
0.5449505,0,1
0.54545065,0,0
0.54595055,0,1
0.5464507,0,0
0.54695055,0,1
0.54745065,0,0
0.5479505,0,1
0.54845065,0,0
0.5489505,0,1
0.54945065,0,0
0.5499506,0,1
0.5504507,0,0
0.5509506,0,1
0.5514507,0,0
0.55195065,0,1
0.55245075,0,0
0.5529506,0,1
0.5534508,0,0
0.5539507,0,1
0.5544509,0,0
0.5549508,0,1
0.55545095,0,0
0.55595085,0,1
0.556451,0,0
0.5569509,0,1
0.55745105,0,0
0.55795095,0,1
0.5584511,0,0
0.55895095,0,1
0.5594511,0,0
0.559951,0,1
0.5604512,0,0
0.5609511,0,1
0.56145125,0,0
0.56195115,0,1
0.56245135,0,0
0.56295125,0,1
0.56345145,0,0
0.5639514,0,1
0.5644516,0,0
0.56495155,0,1
0.5654518,0,0
0.56595175,0,1
0.566452,0,0
0.56695195,0,1
0.56745215,0,0
0.5679521,0,1
0.5684523,0,0
0.5689522,0,1
0.5694524,0,0
0.56995235,0,1
0.5704525,0,0
0.57095245,0,1
0.5714526,0,0
0.57195255,0,1
0.5724527,0,0
0.5729526,0,1
0.5734528,0,0
0.5739527,0,1
0.57445285,0,0
0.57495275,0,1
0.5754529,0,0
0.57595285,0,1
0.57645295,0,0
0.57695285,0,1
0.5774529,0,0
0.57795275,0,1
0.5784529,0,0
0.57895275,0,1
0.57945285,0,0
0.57995265,0,1
0.58045275,0,0
0.58095265,0,1
0.58145275,0,0
0.5819526,0,1
0.58245275,0,0
0.5829526,0,1
0.5834527,0,0
0.58395255,0,1
0.5844527,0,0
0.5849526,0,1
0.5854527,0,0
0.5859526,0,1
0.58645275,0,0
0.58695265,0,1
0.5874528,0,0
0.58795275,0,1
0.5884529,0,0
0.58895285,0,1
0.58945305,0,0
0.589953,0,1
0.59045315,0,0
0.5909531,0,1
0.59145325,0,0
0.5919532,0,1
0.5924533,0,0
0.59295325,0,1
0.5934534,0,0
0.5939533,0,1
0.5944534,0,0
0.59495325,0,1
0.59545345,0,0
0.59595335,0,1
0.5964535,0,0
0.59695345,0,1
0.5974536,0,0
0.59795355,0,1
0.5984537,0,0
0.59895365,0,1
0.5994538,0,0
0.5999537,0,1
0.60045385,0,0
0.60095375,0,1
0.60145385,0,0
0.6019537,0,1
0.60245385,0,0
0.60295375,0,1
0.60345385,0,0
0.60395375,0,1
0.6044539,0,0
0.6049538,0,1
0.6054539,0,0
0.6059538,0,1
0.6064539,0,0
0.6069538,0,1
0.6074539,0,0
0.60795375,0,1
0.60845385,0,0
0.60895375,0,1
0.60945385,0,0
0.60995375,0,1
0.61045385,0,0
0.61095375,0,1
0.61145395,0,0
0.61195385,0,1
0.61245395,0,0
0.6129539,0,1
0.61345405,0,0
0.61395395,0,1
0.6144541,0,0
0.614954,0,1
0.6154542,0,0
0.6159541,0,1
0.6164543,0,0
0.61695425,0,1
0.6174544,0,0
0.61795435,0,1
0.61845455,0,0
0.61895445,0,1
0.61945465,0,0
0.6199546,0,1
0.6204548,0,0
0.62095465,0,1
0.6214547,0,0
0.6219546,0,1
0.6224548,0,0
0.62295475,0,1
0.62345495,0,0
0.62395485,0,1
0.62445505,0,0
0.624955,0,1
0.6254552,0,0
0.62595515,0,1
0.6264553,0,0
0.6269552,0,1
0.6274553,0,0
0.6279552,0,1
0.62845535,0,0
0.62895525,0,1
0.62945535,0,0
0.6299552,0,1
0.63045535,0,0
0.63095525,0,1
0.6314554,0,0
0.6319552,0,1
0.63245535,0,0
0.6329552,0,1
0.63345525,0,0
0.6339551,0,1
0.63445515,0,0
0.63495505,0,1
0.63545515,0,0
0.635955,0,1
0.6364551,0,0
0.63695495,0,1
0.63745505,0,0
0.6379549,0,1
0.63845505,0,0
0.63895485,0,1
0.63945495,0,0
0.63995475,0,1
0.6404548,0,0
0.6409546,0,1
0.64145475,0,0
0.64195455,0,1
0.64245465,0,0
0.64295445,0,1
0.6434545,0,0
0.64395435,0,1
0.64445445,0,0
0.6449543,0,1
0.64545435,0,0
0.6459542,0,1
0.64645425,0,0
0.64695405,0,1
0.6474541,0,0
0.64795395,0,1
0.64845405,0,0
0.6489539,0,1
0.64945395,0,0
0.6499538,0,1
0.65045395,0,0
0.6509538,0,1
0.65145395,0,0
0.65195375,0,1
0.6524539,0,0
0.65295375,0,1
0.65345385,0,0
0.65395375,0,1
0.65445385,0,0
0.65495375,0,1
0.65545385,0,0
0.65595375,0,1
0.65645385,0,0
0.65695375,0,1
0.65745385,0,0
0.65795375,0,1
0.6584539,0,0
0.65895375,0,1
0.65945385,0,0
0.6599537,0,1
0.6604538,0,0
0.66095365,0,1
0.66145375,0,0
0.66195355,0,1
0.6624537,0,0
0.66295355,0,1
0.6634537,0,0
0.6639535,0,1
0.66445355,0,0
0.6649534,0,1
0.66545345,0,0
0.66595325,0,1
0.66645325,0,0
0.6669531,0,1
0.6674532,0,0
0.667953,0,1
0.66845305,0,0
0.6689529,0,1
0.66945295,0,0
0.6699528,0,1
0.67045285,0,0
0.67095265,0,1
0.67145275,0,0
0.6719526,0,1
0.6724527,0,0
0.6729526,0,1
0.67345265,0,0
0.6739525,0,1
0.6744526,0,0
0.67495245,0,1
0.6754526,0,0
0.6759524,0,1
0.6764525,0,0
0.6769523,0,1
0.67745235,0,0
0.6779522,0,1
0.67845225,0,0
0.678952,0,1
0.6794521,0,0
0.6799519,0,1
0.68045195,0,0
0.6809518,0,1
0.6814519,0,0
0.6819517,0,1
0.68245175,0,0
0.68295155,0,1
0.68345165,0,0
0.6839515,0,1
0.68445155,0,0
0.6849514,0,1
0.6854515,0,0
0.68595135,0,1
0.6864514,0,0
0.68695125,0,1
0.68745135,0,0
0.6879512,0,1
0.68845125,0,0
0.688951,0,1
0.689451,0,0
0.68995085,0,1
0.6904509,0,0
0.6909507,0,1
0.69145075,0,0
0.69195055,0,1
0.69245065,0,0
0.6929505,0,1
0.6934506,0,0
0.6939505,0,1
0.6944506,0,0
0.69495045,0,1
0.69545055,0,0
0.69595045,0,1
0.6964505,0,0
0.6969503,0,1
0.6974504,0,0
0.69795025,0,1
0.6984503,0,0
0.6989501,0,1
0.69945015,0,0
0.69995,0,1
0.70045005,0,0
0.7009499,0,1
0.7014499,0,0
0.7019497,0,1
0.70244975,0,0
0.70294955,0,1
0.70344955,0,0
0.70394935,0,1
0.7044494,0,0
0.7049492,0,1
0.7054493,0,0
0.7059491,0,1
0.7064492,0,0
0.7069491,0,1
0.7074492,0,0
0.70794905,0,1
0.70844915,0,0
0.708949,0,1
0.7094491,0,0
0.7099489,0,1
0.71044895,0,0
0.7109488,0,1
0.71144885,0,0
0.71194865,0,1
0.7124487,0,0
0.71294845,0,1
0.7134485,0,0
0.7139483,0,1
0.71444835,0,0
0.71494815,0,1
0.7154482,0,0
0.715948,0,1
0.7164481,0,0
0.7169479,0,1
0.71744795,0,0
0.71794785,0,1
0.71844795,0,0
0.71894775,0,1
0.71944785,0,0
0.71994765,0,1
0.72044775,0,0
0.72094755,0,1
0.72144765,0,0
0.72194745,0,1
0.7224476,0,0
0.72294745,0,1
0.72344755,0,0
0.72394745,0,1
0.72444755,0,0
0.72494735,0,1
0.72544745,0,0
0.7259473,0,1
0.72644735,0,0
0.72694715,0,1
0.7274472,0,0
0.72794705,0,1
0.7284471,0,0
0.7289469,0,1
0.72944695,0,0
0.72994675,0,1
0.73044685,0,0
0.73094665,0,1
0.73144675,0,0
0.73194665,0,1
0.73244675,0,0
0.73294655,0,1
0.7334466,0,0
0.73394645,0,1
0.7344465,0,0
0.7349463,0,1
0.73544635,0,0
0.73594615,0,1
0.73644615,0,0
0.736946,0,1
0.73744605,0,0
0.73794585,0,1
0.73844595,0,0
0.73894575,0,1
0.7394458,0,0
0.7399456,0,1
0.7404456,0,0
0.7409454,0,1
0.74144545,0,0
0.7419453,0,1
0.74244535,0,0
0.74294515,0,1
0.7434452,0,0
0.743945,0,1
0.74444505,0,0
0.74494485,0,1
0.7454449,0,0
0.7459447,0,1
0.7464447,0,0
0.74694455,0,1
0.74744465,0,0
0.74794455,0,1
0.74844465,0,0
0.7489445,0,1
0.7494446,0,0
0.7499445,0,1
0.75044465,0,0
0.75094455,0,1
0.7514447,0,0
0.75194455,0,1
0.7524447,0,0
0.7529445,0,1
0.7534446,0,0
0.75394445,0,1
0.75444455,0,0
0.75494445,0,1
0.75544455,0,0
0.7559444,0,1
0.7564445,0,0
0.75694435,0,1
0.75744445,0,0
0.7579443,0,1
0.7584444,0,0
0.7589442,0,1
0.7594443,0,0
0.7599441,0,1
0.7604442,0,0
0.760944,0,1
0.761444,0,0
0.76194385,0,1
0.7624439,0,0
0.7629437,0,1
0.7634437,0,0
0.76394345,0,1
0.76444355,0,0
0.7649434,0,1
0.76544345,0,0
0.76594325,0,1
0.7664433,0,0
0.76694315,0,1
0.76744315,0,0
0.76794295,0,1
0.76844295,0,0
0.76894275,0,1
0.7694428,0,0
0.76994265,0,1
0.77044275,0,0
0.77094255,0,1
0.77144265,0,0
0.7719425,0,1
0.7724426,0,0
0.7729424,0,1
0.77344245,0,0
0.77394225,0,1
0.7744423,0,0
0.7749421,0,1
0.7754422,0,0
0.77594205,0,1
0.77644215,0,0
0.776942,0,1
0.77744215,0,0
0.777942,0,1
0.7784421,0,0
0.778942,0,1
0.77944215,0,0
0.779942,0,1
0.78044215,0,0
0.780942,0,1
0.78144215,0,0
0.78194205,0,1
0.78244215,0,0
0.78294205,0,1
0.78344215,0,0
0.78394205,0,1
0.7844422,0,0
0.78494215,0,1
0.7854423,0,0
0.78594215,0,1
0.7864423,0,0
0.7869422,0,1
0.78744235,0,0
0.78794225,0,1
0.7884424,0,0
0.7889423,0,1
0.78944245,0,0
0.78994235,0,1
0.7904425,0,0
0.79094235,0,1
0.7914425,0,0
0.79194245,0,1
0.79244255,0,0
0.79294245,0,1
0.7934426,0,0
0.7939425,0,1
0.79444265,0,0
0.7949426,0,1
0.79544275,0,0
0.7959427,0,1
0.79644285,0,0
0.7969428,0,1
0.79744295,0,0
0.7979428,0,1
0.79844295,0,0
0.7989428,0,1
0.7994429,0,0
0.7999428,0,1
0.80044295,0,0
0.80094285,0,1
0.801443,0,0
0.8019429,0,1
0.802443,0,0
0.80294285,0,1
0.803443,0,0
0.80394285,0,1
0.804443,0,0
0.8049428,0,1
0.80544285,0,0
0.8059427,0,1
0.80644285,0,0
0.80694275,0,1
0.8074429,0,0
0.8079428,0,1
0.80844295,0,0
0.8089429,0,1
0.80944305,0,0
0.80994295,0,1
0.81044305,0,0
0.81094295,0,1
0.8114431,0,0
0.811943,0,1
0.8124431,0,0
0.81294295,0,1
0.81344305,0,0
0.81394295,0,1
0.8144431,0,0
0.81494295,0,1
0.81544305,0,0
0.81594285,0,1
0.81644295,0,0
0.8169428,0,1
0.8174429,0,0
0.81794275,0,1
0.81844285,0,0
0.8189427,0,1
0.81944275,0,0
0.8199426,0,1
0.8204427,0,0
0.8209426,0,1
0.8214427,0,0
0.8219426,0,1
0.8224427,0,0
0.8229426,0,1
0.8234427,0,0
0.8239426,0,1
0.8244427,0,0
0.8249426,0,1
0.8254427,0,0
0.8259426,0,1
0.8264427,0,0
0.82694255,0,1
0.82744265,0,0
0.82794255,0,1
0.8284427,0,0
0.82894255,0,1
0.8294427,0,0
0.8299426,0,1
0.8304427,0,0
0.83094255,0,1
0.8314426,0,0
0.8319425,0,1
0.83244255,0,0
0.8329424,0,1
0.8334425,0,0
0.83394235,0,1
0.8344425,0,0
0.8349424,0,1
0.83544255,0,0
0.8359424,0,1
0.83644255,0,0
0.83694245,0,1
0.8374426,0,0
0.83794245,0,1
0.8384426,0,0
0.83894245,0,1
0.83944255,0,0
0.83994245,0,1
0.84044255,0,0
0.8409424,0,1
0.8414425,0,0
0.8419424,0,1
0.8424425,0,0
0.84294245,0,1
0.8434425,0,0
0.8439424,0,1
0.8444425,0,0
0.84494235,0,1
0.8454425,0,0
0.8459424,0,1
0.8464425,0,0
0.8469424,0,1
0.84744255,0,0
0.8479424,0,1
0.84844255,0,0
0.8489424,0,1
0.84944255,0,0
0.8499424,0,1
0.8504425,0,0
0.85094235,0,1
0.85144245,0,0
0.85194235,0,1
0.85244245,0,0
0.8529423,0,1
0.85344245,0,0
0.8539423,0,1
0.8544424,0,0
0.8549423,0,1
0.8554424,0,0
0.85594225,0,1
0.85644235,0,0
0.85694215,0,1
0.85744225,0,0
0.8579421,0,1
0.85844215,0,0
0.858942,0,1
0.8594421,0,0
0.85994195,0,1
0.860442,0,0
0.86094185,0,1
0.8614419,0,0
0.86194175,0,1
0.86244185,0,0
0.8629417,0,1
0.86344185,0,0
0.8639417,0,1
0.86444175,0,0
0.8649416,0,1
0.8654417,0,0
0.8659416,0,1
0.8664417,0,0
0.8669416,0,1
0.8674417,0,0
0.86794155,0,1
0.86844165,0,0
0.86894155,0,1
0.8694417,0,0
0.86994155,0,1
0.87044165,0,0
0.8709415,0,1
0.87144165,0,0
0.8719415,0,1
0.87244165,0,0
0.8729415,0,1
0.8734416,0,0
0.87394145,0,1
0.87444155,0,0
0.8749414,0,1
0.87544155,0,0
0.8759414,0,1
0.87644155,0,0
0.87694135,0,1
0.87744145,0,0
0.8779413,0,1
0.8784414,0,0
0.87894125,0,1
0.8794414,0,0
0.87994125,0,1
0.88044135,0,0
0.8809412,0,1
0.88144135,0,0
0.88194125,0,1
0.88244135,0,0
0.88294125,0,1
0.8834414,0,0
0.8839413,0,1
0.8844414,0,0
0.8849412,0,1
0.8854413,0,0
0.88594115,0,1
0.88644125,0,0
0.8869411,0,1
0.88744115,0,0
0.887941,0,1
0.888441,0,0
0.88894085,0,1
0.88944095,0,0
0.8899408,0,1
0.890441,0,0
0.8909409,0,1
0.8914411,0,0
0.89194095,0,1
0.8924411,0,0
0.892941,0,1
0.8934411,0,0
0.89394095,0,1
0.8944411,0,0
0.89494095,0,1
0.895441,0,0
0.8959409,0,1
0.896441,0,0
0.89694085,0,1
0.897441,0,0
0.8979408,0,1
0.89844095,0,0
0.8989408,0,1
0.8994409,0,0
0.89994075,0,1
0.90044085,0,0
0.90094075,0,1
0.90144085,0,0
0.9019407,0,1
0.90244085,0,0
0.9029407,0,1
0.9034408,0,0
0.90394065,0,1
0.9044408,0,0
0.9049407,0,1
0.9054408,0,0
0.90594065,0,1
0.90644075,0,0
0.9069406,0,1
0.90744065,0,0
0.9079405,0,1
0.90844055,0,0
0.90894035,0,1
0.9094404,0,0
0.9099403,0,1
0.91044045,0,0
0.9109403,0,1
0.9114404,0,0
0.9119402,0,1
0.91244025,0,0
0.9129401,0,1
0.9134402,0,0
0.91394005,0,1
0.91444015,0,0
0.91493995,0,1
0.91544005,0,0
0.91593995,0,1
0.91644005,0,0
0.91693995,0,1
0.91744005,0,0
0.91793985,0,1
0.91843995,0,0
0.91893975,0,1
0.9194399,0,0
0.91993975,0,1
0.9204398,0,0
0.9209397,0,1
0.9214398,0,0
0.92193965,0,1
0.9224398,0,0
0.92293965,0,1
0.92343975,0,0
0.92393965,0,1
0.92443975,0,0
0.9249396,0,1
0.9254397,0,0
0.9259396,0,1
0.92643965,0,0
0.9269395,0,1
0.9274396,0,0
0.92793945,0,1
0.9284396,0,0
0.9289395,0,1
0.9294396,0,0
0.9299395,0,1
0.9304396,0,0
0.93093945,0,1
0.9314395,0,0
0.93193935,0,1
0.93243935,0,0
0.93293915,0,1
0.93343925,0,0
0.93393905,0,1
0.9344391,0,0
0.9349389,0,1
0.935439,0,0
0.93593885,0,1
0.936439,0,0
0.93693885,0,1
0.93743895,0,0
0.93793875,0,1
0.93843885,0,0
0.9389387,0,1
0.93943875,0,0
0.93993855,0,1
0.94043865,0,0
0.94093845,0,1
0.94143855,0,0
0.94193835,0,1
0.9424384,0,0
0.94293825,0,1
0.9434383,0,0
0.94393815,0,1
0.94443825,0,0
0.94493805,0,1
0.9454381,0,0
0.9459379,0,1
0.946438,0,0
0.9469378,0,1
0.9474379,0,0
0.94793775,0,1
0.9484378,0,0
0.94893765,0,1
0.9494378,0,0
0.94993765,0,1
0.95043775,0,0
0.95093755,0,1
0.95143755,0,0
0.9519373,0,1
0.9524374,0,0
0.9529372,0,1
0.95343725,0,0
0.95393705,0,1
0.95443715,0,0
0.954937,0,1
0.95543705,0,0
0.95593685,0,1
0.9564369,0,0
0.95693675,0,1
0.95743685,0,0
0.9579367,0,1
0.9584368,0,0
0.9589366,0,1
0.9594367,0,0
0.95993655,0,1
0.96043665,0,0
0.96093645,0,1
0.96143655,0,0
0.96193635,0,1
0.96243645,0,0
0.96293625,0,1
0.96343625,0,0
0.9639361,0,1
0.9644362,0,0
0.964936,0,1
0.9654361,0,0
0.9659359,0,1
0.96643595,0,0
0.96693575,0,1
0.96743585,0,0
0.9679357,0,1
0.9684358,0,0
0.96893565,0,1
0.96943575,0,0
0.9699356,0,1
0.97043565,0,0
0.9709355,0,1
0.9714356,0,0
0.9719355,0,1
0.9724356,0,0
0.97293545,0,1
0.97343555,0,0
0.97393535,0,1
0.97443545,0,0
0.97493535,0,1
0.9754355,0,0
0.97593535,0,1
0.97643545,0,0
0.9769353,0,1
0.9774354,0,0
0.9779352,0,1
0.9784353,0,0
0.9789351,0,1
0.97943515,0,0
0.979935,0,1
0.98043505,0,0
0.98093485,0,1
0.981435,0,0
0.98193485,0,1
0.98243495,0,0
0.9829348,0,1
0.98343495,0,0
0.9839348,0,1
0.9844349,0,0
0.9849347,0,1
0.9854348,0,0
0.98593465,0,1
0.9864347,0,0
0.9869345,0,1
0.9874346,0,0
0.9879344,0,1
0.9884345,0,0
0.98893435,0,1
0.98943445,0,0
0.9899343,0,1
0.99043435,0,0
0.9909342,0,1
0.9914343,0,0
0.99193415,0,1
0.9924343,0,0
0.99293415,0,1
0.99343425,0,0
0.9939341,0,1
0.99443425,0,0
0.9949341,0,1
0.99543425,0,0
0.9959341,0,1
0.9964343,0,0
0.99693415,0,1
0.9974343,0,0
0.99793415,0,1
0.9984343,0,0
0.9989342,0,1
0.99943435,0,0
0.9999342,0,1
1.00043435,0,0
1.00093425,0,1
1.00143435,0,0
1.0019342,0,1
1.00243435,0,0
1.00293425,0,1
1.00343435,0,0
1.00393425,0,1
1.00443435,0,0
1.0049342,0,1
1.00543435,0,0
1.00593425,0,1
1.0064344,0,0
1.0069343,0,1
1.0074344,0,0
1.0079342,0,1
1.00843435,0,0
1.0089342,0,1
1.00943425,0,0
1.00993405,0,1
1.01043415,0,0
1.010934,0,1
1.0114341,0,0
1.01193395,0,1
1.0124341,0,0
1.012934,0,1
1.0134341,0,0
1.013934,0,1
1.0144341,0,0
1.01493405,0,1
1.01543415,0,0
1.01593405,0,1
1.0164342,0,0
1.01693415,0,1
1.01743425,0,0
1.01793415,0,1
1.0184343,0,0
1.01893415,0,1
1.0194343,0,0
1.0199342,0,1
1.02043435,0,0
1.0209342,0,1
1.0214344,0,0
1.0219343,0,1
1.02243445,0,0
1.02293435,0,1
1.0234345,0,0
1.02393435,0,1
1.02443445,0,0
1.0249343,0,1
1.0254344,0,0
1.02593425,0,1
1.02643435,0,0
1.02693425,0,1
1.02743435,0,0
1.02793425,0,1
1.02843435,0,0
1.0289342,0,1
1.02943435,0,0
1.02993425,0,1
1.03043435,0,0
1.0309342,0,1
1.0314344,0,0
1.03193425,0,1
1.03243435,0,0
1.03293425,0,1
1.0334344,0,0
1.03393425,0,1
1.0344344,0,0
1.03493425,0,1
1.0354344,0,0
1.03593425,0,1
1.03643435,0,0
1.0369342,0,1
1.03743435,0,0
1.0379342,0,1
1.0384343,0,0
1.03893415,0,1
1.0394343,0,0
1.03993415,0,1
1.04043425,0,0
1.0409341,0,1
1.04143425,0,0
1.0419341,0,1
1.0424342,0,0
1.04293405,0,1
1.04343415,0,0
1.04393405,0,1
1.0444342,0,0
1.04493405,0,1
1.0454342,0,0
1.04593405,0,1
1.0464342,0,0
1.0469341,0,1
1.04743425,0,0
1.0479342,0,1
1.04843435,0,0
1.0489342,0,1
1.0494344,0,0
1.04993425,0,1
1.0504344,0,0
1.0509343,0,1
1.0514344,0,0
1.05193435,0,1
1.0524345,0,0
1.0529344,0,1
1.0534346,0,0
1.05393455,0,1
1.0544347,0,0
1.05493465,0,1
1.0554348,0,0
1.05593465,0,1
1.0564348,0,0
1.05693465,0,1
1.05743475,0,0
1.05793465,0,1
1.05843475,0,0
1.05893465,0,1
1.0594348,0,0
1.05993465,0,1
1.0604348,0,0
1.06093465,0,1
1.06143475,0,0
1.06193465,0,1
1.06243475,0,0
1.0629346,0,1
1.0634347,0,0
1.06393455,0,1
1.0644347,0,0
1.0649346,0,1
1.06543475,0,0
1.0659347,0,1
1.06643485,0,0
1.06693475,0,1
1.0674349,0,0
1.0679348,0,1
1.0684349,0,0
1.06893485,0,1
1.06943495,0,0
1.06993485,0,1
1.07043505,0,0
1.0709349,0,1
1.071435,0,0
1.0719349,0,1
1.07243505,0,0
1.07293495,0,1
1.0734351,0,0
1.07393495,0,1
1.07443505,0,0
1.07493495,0,1
1.0754351,0,0
1.075935,0,1
1.0764351,0,0
1.076935,0,1
1.0774351,0,0
1.07793495,0,1
1.0784351,0,0
1.07893495,0,1
1.07943505,0,0
1.07993495,0,1
1.0804351,0,0
1.080935,0,1
1.0814351,0,0
1.08193495,0,1
1.0824351,0,0
1.08293495,0,1
1.08343505,0,0
1.08393495,0,1
1.08443505,0,0
1.08493495,0,1
1.08543505,0,0
1.0859349,0,1
1.086435,0,0
1.08693485,0,1
1.08743495,0,0
1.0879348,0,1
1.0884349,0,0
1.08893475,0,1
1.0894349,0,0
1.0899348,0,1
1.09043495,0,0
1.0909349,0,1
1.091435,0,0
1.0919349,0,1
1.09243505,0,0
1.0929349,0,1
1.09343505,0,0
1.0939349,0,1
1.09443505,0,0
1.09493495,0,1
1.0954351,0,0
1.09593495,0,1
1.096435,0,0
1.0969349,0,1
1.09743505,0,0
1.0979349,0,1
1.098435,0,0
1.09893485,0,1
1.099435,0,0
1.09993485,0,1
1.100435,0,0
1.1009349,0,1
1.101435,0,0
1.1019349,0,1
1.102435,0,0
1.1029349,0,1
1.103435,0,0
1.1039349,0,1
1.104435,0,0
1.10493485,0,1
1.105435,0,0
1.10593485,0,1
1.1064349,0,0
1.10693475,0,1
1.10743485,0,0
1.1079347,0,1
1.1084348,0,0
1.10893465,0,1
1.10943475,0,0
1.10993465,0,1
1.1104348,0,0
1.11093465,0,1
1.1114348,0,0
1.11193465,0,1
1.1124348,0,0
1.11293465,0,1
1.11343475,0,0
1.11393465,0,1
1.11443475,0,0
1.1149346,0,1
1.11543475,0,0
1.11593465,0,1
1.1164348,0,0
1.11693465,0,1
1.11743475,0,0
1.1179346,0,1
1.11843475,0,0
1.1189346,0,1
1.11943465,0,0
1.11993455,0,1
1.12043465,0,0
1.1209345,0,1
1.1214346,0,0
1.1219344,0,1
1.12243445,0,0
1.1229343,0,1
1.1234344,0,0
1.1239342,0,1
1.1244343,0,0
1.1249342,0,1
1.12543425,0,0
1.12593405,0,1
1.1264342,0,0
1.12693405,0,1
1.12743415,0,0
1.127934,0,1
1.1284341,0,0
1.12893395,0,1
1.12943405,0,0
1.1299339,0,1
1.130434,0,0
1.13093385,0,1
1.131434,0,0
1.13193385,0,1
1.132434,0,0
1.13293385,0,1
1.13343385,0,0
1.1339337,0,1
1.13443375,0,0
1.1349336,0,1
1.1354337,0,0
1.13593355,0,1
1.13643365,0,0
1.13693355,0,1
1.1374336,0,0
1.13793345,0,1
1.1384336,0,0
1.1389335,0,1
1.13943365,0,0
1.1399336,0,1
1.14043375,0,0
1.14093365,0,1
1.1414338,0,0
1.14193365,0,1
1.14243385,0,0
1.1429337,0,1
1.1434338,0,0
1.14393365,0,1
1.14443375,0,0
1.1449336,0,1
1.1454337,0,0
1.1459336,0,1
1.1464337,0,0
1.1469336,0,1
1.14743375,0,0
1.1479336,0,1
1.1484337,0,0
1.1489336,0,1
1.1494337,0,0
1.1499335,0,1
1.1504336,0,0
1.15093355,0,1
1.15143365,0,0
1.15193355,0,1
1.15243365,0,0
1.15293355,0,1
1.15343365,0,0
1.1539335,0,1
1.1544336,0,0
1.15493345,0,1
1.1554335,0,0
1.1559333,0,1
1.1564334,0,0
1.15693325,0,1
1.15743335,0,0
1.15793325,0,1
1.15843335,0,0
1.1589332,0,1
1.1594333,0,0
1.1599332,0,1
1.16043335,0,0
1.1609332,0,1
1.16143335,0,0
1.1619332,0,1
1.16243335,0,0
1.16293325,0,1
1.16343335,0,0
1.1639332,0,1
1.1644333,0,0
1.1649332,0,1
1.16543325,0,0
1.1659331,0,1
1.16643315,0,0
1.16693305,0,1
1.16743315,0,0
1.167933,0,1
1.1684331,0,0
1.16893295,0,1
1.16943305,0,0
1.16993295,0,1
1.17043305,0,0
1.1709329,0,1
1.17143305,0,0
1.1719329,0,1
1.172433,0,0
1.1729329,0,1
1.173433,0,0
1.17393285,0,1
1.17443295,0,0
1.1749328,0,1
1.1754329,0,0
1.17593275,0,1
1.17643285,0,0
1.17693275,0,1
1.1774329,0,0
1.1779328,0,1
1.1784329,0,0
1.17893275,0,1
1.17943285,0,0
1.17993275,0,1
1.18043285,0,0
1.18093275,0,1
1.18143285,0,0
1.18193265,0,1
1.1824327,0,0
1.18293255,0,1
1.18343265,0,0
1.18393245,0,1
1.1844325,0,0
1.18493235,0,1
1.18543245,0,0
1.18593235,0,1
1.18643245,0,0
1.18693225,0,1
1.18743235,0,0
1.1879322,0,1
1.1884323,0,0
1.1889321,0,1
1.1894322,0,0
1.18993205,0,1
1.19043215,0,0
1.190932,0,1
1.19143205,0,0
1.19193185,0,1
1.19243195,0,0
1.1929318,0,1
1.1934319,0,0
1.19393175,0,1
1.1944318,0,0
1.1949316,0,1
1.1954317,0,0
1.19593155,0,1
1.19643165,0,0
1.19693145,0,1
1.19743155,0,0
1.19793145,0,1
1.1984315,0,0
1.1989313,0,1
1.1994314,0,0
1.19993125,0,1
1.2004314,0,0
1.2009312,0,1
1.20143135,0,0
1.2019312,0,1
1.2024313,0,0
1.20293115,0,1
1.20343125,0,0
1.2039311,0,1
1.2044312,0,0
1.20493105,0,1
1.20543115,0,0
1.20593095,0,1
1.20643105,0,0
1.20693095,0,1
1.20743105,0,0
1.2079309,0,1
1.208431,0,0
1.2089308,0,1
1.2094309,0,0
1.20993075,0,1
1.2104309,0,0
1.2109308,0,1
1.2114309,0,0
1.21193075,0,1
1.21243085,0,0
1.2129307,0,1
1.2134308,0,0
1.21393065,0,1
1.2144307,0,0
1.2149305,0,1
1.2154306,0,0
1.2159304,0,1
1.2164305,0,0
1.2169303,0,1
1.2174304,0,0
1.21793025,0,1
1.2184304,0,0
1.21893025,0,1
1.21943035,0,0
1.2199302,0,1
1.22043025,0,0
1.2209301,0,1
1.22143015,0,0
1.22193,0,1
1.22243005,0,0
1.22292985,0,1
1.22342995,0,0
1.22392975,0,1
1.2244298,0,0
1.22492965,0,1
1.2254297,0,0
1.2259295,0,1
1.2264296,0,0
1.2269294,0,1
1.22742945,0,0
1.22792925,0,1
1.2284293,0,0
1.2289291,0,1
1.2294292,0,0
1.229929,0,1
1.23042905,0,0
1.23092885,0,1
1.23142895,0,0
1.23192875,0,1
1.2324288,0,0
1.23292865,0,1
1.23342875,0,0
1.23392855,0,1
1.2344286,0,0
1.23492845,0,1
1.2354286,0,0
1.2359284,0,1
1.2364285,0,0
1.23692835,0,1
1.2374285,0,0
1.23792835,0,1
1.2384284,0,0
1.2389282,0,1
1.2394283,0,0
1.23992815,0,1
1.24042815,0,0
1.240928,0,1
1.2414281,0,0
1.2419279,0,1
1.242428,0,0
1.2429279,0,1
1.243428,0,0
1.2439279,0,1
1.244428,0,0
1.2449278,0,1
1.2454279,0,0
1.24592775,0,1
1.24642785,0,0
1.24692765,0,1
1.24742775,0,0
1.24792755,0,1
1.2484277,0,0
1.24892755,0,1
1.2494276,0,0
1.2499274,0,1
1.2504275,0,0
1.2509273,0,1
1.2514274,0,0
1.2519272,0,1
1.25242725,0,0
1.252927,0,1
1.2534271,0,0
1.2539269,0,1
1.25442695,0,0
1.25492675,0,1
1.2554268,0,0
1.25592665,0,1
1.2564267,0,0
1.25692645,0,1
1.25742655,0,0
1.25792635,0,1
1.2584264,0,0
1.2589262,0,1
1.2594263,0,0
1.25992605,0,1
1.26042615,0,0
1.26092605,0,1
1.2614262,0,0
1.26192605,0,1
1.26242615,0,0
1.26292605,0,1
1.26342615,0,0
1.26392595,0,1
1.26442605,0,0
1.2649259,0,1
1.26542595,0,0
1.2659257,0,1
1.26642575,0,0
1.26692555,0,1
1.26742565,0,0
1.26792545,0,1
1.26842555,0,0
1.2689254,0,1
1.26942545,0,0
1.2699253,0,1
1.2704254,0,0
1.27092525,0,1
1.2714253,0,0
1.27192515,0,1
1.27242525,0,0
1.27292505,0,1
1.2734251,0,0
1.2739249,0,1
1.274425,0,0
1.27492485,0,1
1.2754249,0,0
1.27592475,0,1
1.27642475,0,0
1.2769246,0,1
1.27742465,0,0
1.27792445,0,1
1.27842455,0,0
1.27892435,0,1
1.2794244,0,0
1.2799242,0,1
1.28042425,0,0
1.28092395,0,1
1.281424,0,0
1.2819238,0,1
1.2824239,0,0
1.2829237,0,1
1.2834238,0,0
1.2839236,0,1
1.2844237,0,0
1.2849236,0,1
1.28542365,0,0
1.2859235,0,1
1.2864236,0,0
1.28692345,0,1
1.2874236,0,0
1.2879234,0,1
1.2884235,0,0
1.28892335,0,1
1.2894234,0,0
1.28992325,0,1
1.2904233,0,0
1.29092315,0,1
1.2914232,0,0
1.291923,0,1
1.29242315,0,0
1.29292295,0,1
1.29342305,0,0
1.29392285,0,1
1.294423,0,0
1.29492285,0,1
1.295423,0,0
1.29592285,0,1
1.2964229,0,0
1.29692275,0,1
1.2974229,0,0
1.29792275,0,1
1.2984229,0,0
1.2989228,0,1
1.29942295,0,0
1.2999229,0,1
1.300423,0,0
1.3009229,0,1
1.301423,0,0
1.30192285,0,1
1.30242295,0,0
1.30292285,0,1
1.30342295,0,0
1.30392275,0,1
1.3044229,0,0
1.3049227,0,1
1.30542285,0,0
1.3059227,0,1
1.3064228,0,0
1.3069227,0,1
1.30742275,0,0
1.30792255,0,1
1.30842265,0,0
1.3089225,0,1
1.30942265,0,0
1.3099225,0,1
1.31042265,0,0
1.31092255,0,1
1.31142265,0,0
1.31192255,0,1
1.3124227,0,0
1.3129226,0,1
1.31342275,0,0
1.31392265,0,1
1.31442275,0,0
1.31492265,0,1
1.31542275,0,0
1.31592265,0,1
1.3164228,0,0
1.31692265,0,1
1.31742275,0,0
1.3179226,0,1
1.3184227,0,0
1.31892255,0,1
1.3194227,0,0
1.31992255,0,1
1.3204226,0,0
1.32092245,0,1
1.32142255,0,0
1.3219223,0,1
1.3224224,0,0
1.32292225,0,1
1.3234223,0,0
1.3239222,0,1
1.3244223,0,0
1.3249222,0,1
1.32542225,0,0
1.3259221,0,1
1.3264222,0,0
1.3269221,0,1
1.32742225,0,0
1.3279221,0,1
1.32842225,0,0
1.32892215,0,1
1.32942225,0,0
1.3299221,0,1
1.33042225,0,0
1.33092215,0,1
1.3314223,0,0
1.3319222,0,1
1.3324223,0,0
1.3329222,0,1
1.33342235,0,0
1.33392225,0,1
1.3344224,0,0
1.3349223,0,1
1.3354225,0,0
1.3359224,0,1
1.33642255,0,0
1.33692245,0,1
1.3374226,0,0
1.3379225,0,1
1.33842265,0,0
1.33892255,0,1
1.3394227,0,0
1.33992255,0,1
1.34042275,0,0
1.3409226,0,1
1.3414227,0,0
1.34192255,0,1
1.3424227,0,0
1.3429226,0,1
1.3434227,0,0
1.34392265,0,1
1.34442275,0,0
1.34492265,0,1
1.3454228,0,0
1.34592265,0,1
1.3464228,0,0
1.3469227,0,1
1.34742275,0,0
1.3479226,0,1
1.34842275,0,0
1.34892265,0,1
1.3494228,0,0
1.3499227,0,1
1.35042285,0,0
1.3509228,0,1
1.3514229,0,0
1.35192285,0,1
1.35242305,0,0
1.35292295,0,1
1.3534231,0,0
1.35392305,0,1
1.35442325,0,0
1.35492315,0,1
1.3554233,0,0
1.35592315,0,1
1.3564233,0,0
1.3569232,0,1
1.35742335,0,0
1.35792325,0,1
1.3584234,0,0
1.35892335,0,1
1.3594235,0,0
1.3599235,0,1
1.3604236,0,0
1.3609235,0,1
1.36142365,0,0
1.36192355,0,1
1.36242365,0,0
1.36292355,0,1
1.36342365,0,0
1.3639235,0,1
1.3644236,0,0
1.3649235,0,1
1.36542365,0,0
1.36592355,0,1
1.3664237,0,0
1.36692355,0,1
1.3674237,0,0
1.3679236,0,1
1.3684237,0,0
1.36892365,0,1
1.36942375,0,0
1.3699237,0,1
1.37042385,0,0
1.37092375,0,1
1.3714239,0,0
1.3719238,0,1
1.37242395,0,0
1.37292385,0,1
1.37342395,0,0
1.37392385,0,1
1.37442395,0,0
1.37492385,0,1
1.375424,0,0
1.3759239,0,1
1.37642405,0,0
1.37692395,0,1
1.3774241,0,0
1.37792395,0,1
1.37842415,0,0
1.37892405,0,1
1.3794242,0,0
1.3799241,0,1
1.3804242,0,0
1.38092405,0,1
1.3814242,0,0
1.3819241,0,1
1.38242425,0,0
1.38292415,0,1
1.3834242,0,0
1.38392405,0,1
1.3844242,0,0
1.3849241,0,1
1.38542425,0,0
1.38592415,0,1
1.38642435,0,0
1.38692425,0,1
1.3874244,0,0
1.38792425,0,1
1.38842435,0,0
1.3889242,0,1
1.38942425,0,0
1.3899241,0,1
1.3904242,0,0
1.39092405,0,1
1.3914242,0,0
1.39192405,0,1
1.3924241,0,0
1.3929239,0,1
1.393424,0,0
1.3939239,0,1
1.39442395,0,0
1.3949238,0,1
1.3954239,0,0
1.39592375,0,1
1.39642385,0,0
1.3969237,0,1
1.3974238,0,0
1.3979237,0,1
1.3984238,0,0
1.39892365,0,1
1.3994237,0,0
1.39992355,0,1
1.4004236,0,0
1.4009234,0,1
1.4014235,0,0
1.40192335,0,1
1.4024235,0,0
1.40292335,0,1
1.40342345,0,0
1.4039233,0,1
1.4044234,0,0
1.40492325,0,1
1.40542335,0,0
1.4059232,0,1
1.40642335,0,0
1.4069232,0,1
1.40742335,0,0
1.40792315,0,1
1.4084233,0,0
1.40892315,0,1
1.40942325,0,0
1.4099231,0,1
1.4104232,0,0
1.4109231,0,1
1.4114232,0,0
1.41192315,0,1
1.41242325,0,0
1.41292315,0,1
1.41342325,0,0
1.41392315,0,1
1.41442335,0,0
1.41492325,0,1
1.41542335,0,0
1.41592325,0,1
1.4164234,0,0
1.4169233,0,1
1.4174234,0,0
1.4179233,0,1
1.41842345,0,0
1.41892325,0,1
1.4194233,0,0
1.41992315,0,1
1.4204233,0,0
1.4209232,0,1
1.4214233,0,0
1.4219232,0,1
1.4224233,0,0
1.42292315,0,1
1.4234232,0,0
1.4239231,0,1
1.4244232,0,0
1.4249231,0,1
1.4254232,0,0
1.42592305,0,1
1.42642315,0,0
1.426923,0,1
1.42742305,0,0
1.4279229,0,1
1.42842295,0,0
1.4289228,0,1
1.42942285,0,0
1.42992265,0,1
1.43042275,0,0
1.43092265,0,1
1.4314228,0,0
1.4319227,0,1
1.43242285,0,0
1.43292275,0,1
1.4334229,0,0
1.43392275,0,1
1.43442285,0,0
1.43492275,0,1
1.43542285,0,0
1.4359227,0,1
1.4364228,0,0
1.43692265,0,1
1.43742275,0,0
1.43792255,0,1
1.43842265,0,0
1.4389225,0,1
1.4394226,0,0
1.43992245,0,1
1.44042255,0,0
1.4409224,0,1
1.44142255,0,0
1.44192245,0,1
1.44242255,0,0
1.44292245,0,1
1.44342255,0,0
1.4439224,0,1
1.44442255,0,0
1.4449224,0,1
1.44542255,0,0
1.44592235,0,1
1.44642245,0,0
1.4469223,0,1
1.44742235,0,0
1.4479221,0,1
1.4484222,0,0
1.448922,0,1
1.4494221,0,0
1.44992195,0,1
1.450422,0,0
1.45092185,0,1
1.45142195,0,0
1.4519218,0,1
1.45242185,0,0
1.45292175,0,1
1.45342185,0,0
1.4539217,0,1
1.4544218,0,0
1.45492165,0,1
1.45542175,0,0
1.4559216,0,1
1.4564217,0,0
1.4569215,0,1
1.45742165,0,0
1.4579215,0,1
1.4584216,0,0
1.4589215,0,1
1.4594216,0,0
1.4599215,0,1
1.46042165,0,0
1.46092155,0,1
1.4614217,0,0
1.46192155,0,1
1.4624217,0,0
1.4629216,0,1
1.4634217,0,0
1.4639216,0,1
1.4644217,0,0
1.4649216,0,1
1.4654217,0,0
1.4659216,0,1
1.4664217,0,0
1.4669215,0,1
1.4674216,0,0
1.4679215,0,1
1.46842155,0,0
1.46892145,0,1
1.46942155,0,0
1.46992145,0,1
1.47042155,0,0
1.47092145,0,1
1.47142155,0,0
1.47192135,0,1
1.47242145,0,0
1.47292135,0,1
1.47342145,0,0
1.4739213,0,1
1.4744214,0,0
1.4749213,0,1
1.4754214,0,0
1.47592125,0,1
1.47642135,0,0
1.4769212,0,1
1.47742125,0,0
1.4779211,0,1
1.4784212,0,0
1.47892105,0,1
1.4794212,0,0
1.4799211,0,1
1.4804212,0,0
1.48092105,0,1
1.4814212,0,0
1.481921,0,1
1.48242115,0,0
1.482921,0,1
1.4834211,0,0
1.4839209,0,1
1.48442095,0,0
1.4849208,0,1
1.48542085,0,0
1.4859206,0,1
1.48642075,0,0
1.48692055,0,1
1.48742065,0,0
1.4879205,0,1
1.4884206,0,0
1.48892045,0,1
1.48942055,0,0
1.48992045,0,1
1.49042055,0,0
1.4909204,0,1
1.4914205,0,0
1.4919204,0,1
1.49242045,0,0
1.49292035,0,1
1.4934205,0,0
1.49392035,0,1
1.49442045,0,0
1.49492035,0,1
1.4954205,0,0
1.49592035,0,1
1.49642045,0,0
1.49692025,0,1
1.4974204,0,0
1.4979203,0,1
1.4984204,0,0
1.4989203,0,1
1.49942045,0,0
1.49992035,0,1
1.50042045,0,0
1.50092035,0,1
1.5014205,0,0
1.5019204,0,1
1.5024205,0,0
1.50292035,0,1
1.50342045,0,0
1.5039203,0,1
1.5044204,0,0
1.50492025,0,1
1.5054204,0,0
1.5059203,0,1
1.5064204,0,0
1.50692025,0,1
1.50742045,0,0
1.5079203,0,1
1.5084204,0,0
1.50892025,0,1
1.5094204,0,0
1.5099203,0,1
1.5104204,0,0
1.51092025,0,1
1.5114203,0,0
1.51192015,0,1
1.51242025,0,0
1.5129201,0,1
1.5134202,0,0
1.51392005,0,1
1.51442015,0,0
1.51492,0,1
1.51542005,0,0
1.51591985,0,1
1.5164199,0,0
1.51691975,0,1
1.5174198,0,0
1.51791965,0,1
1.5184197,0,0
1.51891955,0,1
1.5194196,0,0
1.5199195,0,1
1.5204196,0,0
1.52091945,0,1
1.5214196,0,0
1.5219195,0,1
1.52241965,0,0
1.5229195,0,1
1.5234196,0,0
1.52391945,0,1
1.52441955,0,0
1.5249195,0,1
1.52541965,0,0
1.52591955,0,1
1.5264197,0,0
1.5269196,0,1
1.52741975,0,0
1.5279196,0,1
1.5284197,0,0
1.5289196,0,1
1.5294197,0,0
1.52991955,0,1
1.53041965,0,0
1.53091955,0,1
1.53141965,0,0
1.5319195,0,1
1.5324196,0,0
1.5329194,0,1
1.5334195,0,0
1.53391935,0,1
1.53441945,0,0
1.5349193,0,1
1.5354194,0,0
1.53591935,0,1
1.5364195,0,0
1.5369194,0,1
1.5374195,0,0
1.5379194,0,1
1.53841955,0,0
1.5389195,0,1
1.5394197,0,0
1.5399197,0,1
1.5404198,0,0
1.5409197,0,1
1.5414199,0,0
1.5419198,0,1
1.54241995,0,0
1.54291985,0,1
1.54342005,0,0
1.54391995,0,1
1.54442005,0,0
1.54491995,0,1
1.5454201,0,0
1.54592005,0,1
1.5464202,0,0
1.54692015,0,1
1.54742025,0,0
1.54792015,0,1
1.5484203,0,0
1.54892015,0,1
1.5494203,0,0
1.5499202,0,1
1.5504203,0,0
1.5509202,0,1
1.5514204,0,0
1.5519203,0,1
1.5524204,0,0
1.55292025,0,1
1.5534204,0,0
1.55392025,0,1
1.55442035,0,0
1.5549202,0,1
1.55542035,0,0
1.5559202,0,1
1.55642035,0,0
1.55692025,0,1
1.55742035,0,0
1.55792015,0,1
1.5584203,0,0
1.55892015,0,1
1.5594202,0,0
1.55992005,0,1
1.5604202,0,0
1.5609201,0,1
1.5614202,0,0
1.56192005,0,1
1.5624202,0,0
1.56292005,0,1
1.5634202,0,0
1.5639201,0,1
1.56442025,0,0
1.5649201,0,1
1.56542025,0,0
1.56592015,0,1
1.5664203,0,0
1.56692015,0,1
1.56742025,0,0
1.5679201,0,1
1.5684202,0,0
1.56892005,0,1
1.5694202,0,0
1.5699201,0,1
1.57042025,0,0
1.5709201,0,1
1.57142025,0,0
1.5719201,0,1
1.57242025,0,0
1.5729201,0,1
1.57342025,0,0
1.57392015,0,1
1.57442025,0,0
1.57492015,0,1
1.5754203,0,0
1.57592015,0,1
1.5764203,0,0
1.5769202,0,1
1.5774203,0,0
1.57792015,0,1
1.57842035,0,0
1.57892025,0,1
1.5794204,0,0
1.5799203,0,1
1.5804204,0,0
1.58092035,0,1
1.58142045,0,0
1.5819203,0,1
1.5824204,0,0
1.5829203,0,1
1.5834204,0,0
1.58392025,0,1
1.58442035,0,0
1.58492025,0,1
1.58542035,0,0
1.5859202,0,1
1.58642035,0,0
1.5869202,0,1
1.5874203,0,0
1.5879202,0,1
1.5884203,0,0
1.58892015,0,1
1.5894202,0,0
1.58992,0,1
1.59042015,0,0
1.59092,0,1
1.5914201,0,0
1.5919199,0,1
1.59241995,0,0
1.5929198,0,1
1.5934199,0,0
1.5939198,0,1
1.5944199,0,0
1.5949198,0,1
1.5954199,0,0
1.59591975,0,1
1.5964199,0,0
1.59691975,0,1
1.59741985,0,0
1.5979197,0,1
1.5984198,0,0
1.59891975,0,1
1.59941985,0,0
1.5999197,0,1
1.60041985,0,0
1.6009197,0,1
1.60141985,0,0
1.6019197,0,1
1.60241985,0,0
1.60291975,0,1
1.6034199,0,0
1.6039198,0,1
1.60441995,0,0
1.6049198,0,1
1.60541995,0,0
1.6059198,0,1
1.6064199,0,0
1.60691975,0,1
1.60741985,0,0
1.6079197,0,1
1.6084198,0,0
1.6089196,0,1
1.6094197,0,0
1.60991955,0,1
1.6104197,0,0
1.61091955,0,1
1.61141965,0,0
1.61191955,0,1
1.61241965,0,0
1.6129195,0,1
1.61341965,0,0
1.6139195,0,1
1.6144196,0,0
1.61491945,0,1
1.6154195,0,0
1.6159193,0,1
1.61641935,0,0
1.61691915,0,1
1.61741925,0,0
1.6179191,0,1
1.61841925,0,0
1.61891915,0,1
1.61941925,0,0
1.6199191,0,1
1.62041915,0,0
1.620919,0,1
1.62141905,0,0
1.6219189,0,1
1.622419,0,0
1.62291885,0,1
1.62341895,0,0
1.6239188,0,1
1.62441885,0,0
1.6249187,0,1
1.6254188,0,0
1.62591865,0,1
1.6264188,0,0
1.62691865,0,1
1.62741875,0,0
1.62791865,0,1
1.62841875,0,0
1.6289186,0,1
1.62941875,0,0
1.6299186,0,1
1.6304187,0,0
1.6309186,0,1
1.6314187,0,0
1.63191855,0,1
1.63241865,0,0
1.6329185,0,1
1.63341865,0,0
1.6339185,0,1
1.63441865,0,0
1.63491855,0,1
1.63541865,0,0
1.6359185,0,1
1.63641855,0,0
1.6369184,0,1
1.6374185,0,0
1.6379184,0,1
1.63841855,0,0
1.63891845,0,1
1.63941865,0,0
1.63991855,0,1
1.6404187,0,0
1.64091865,0,1
1.64141875,0,0
1.64191865,0,1
1.6424188,0,0
1.64291875,0,1
1.6434189,0,0
1.6439188,0,1
1.6444189,0,0
1.64491875,0,1
1.64541885,0,0
1.64591875,0,1
1.64641885,0,0
1.6469187,0,1
1.6474188,0,0
1.6479187,0,1
1.6484188,0,0
1.6489187,0,1
1.6494188,0,0
1.64991865,0,1
1.6504187,0,0
1.6509185,0,1
1.6514186,0,0
1.65191845,0,1
1.6524185,0,0
1.65291835,0,1
1.65341845,0,0
1.6539183,0,1
1.6544184,0,0
1.6549183,0,1
1.6554184,0,0
1.65591825,0,1
1.65641845,0,0
1.65691835,0,1
1.6574185,0,0
1.6579184,0,1
1.65841855,0,0
1.6589184,0,1
1.65941855,0,0
1.65991845,0,1
1.66041855,0,0
1.6609184,0,1
1.66141855,0,0
1.6619183,0,1
1.66241835,0,0
1.66291825,0,1
1.66341835,0,0
1.66391825,0,1
1.66441845,0,0
1.66491835,0,1
1.66541845,0,0
1.66591835,0,1
1.66641845,0,0
1.66691835,0,1
1.6674185,0,0
1.6679184,0,1
1.6684185,0,0
1.6689184,0,1
1.66941855,0,0
1.66991845,0,1
1.6704186,0,0
1.67091845,0,1
1.6714186,0,0
1.6719185,0,1
1.67241865,0,0
1.67291855,0,1
1.6734187,0,0
1.67391865,0,1
1.6744188,0,0
1.6749187,0,1
1.6754188,0,0
1.67591875,0,1
1.67641895,0,0
1.67691885,0,1
1.677419,0,0
1.6779189,0,1
1.678419,0,0
1.6789189,0,1
1.67941905,0,0
1.67991895,0,1
1.68041905,0,0
1.6809189,0,1
1.681419,0,0
1.68191885,0,1
1.68241895,0,0
1.6829188,0,1
1.6834189,0,0
1.68391875,0,1
1.68441885,0,0
1.6849188,0,1
1.6854189,0,0
1.6859188,0,1
1.68641895,0,0
1.6869188,0,1
1.6874189,0,0
1.68791865,0,1
1.6884188,0,0
1.68891865,0,1
1.68941875,0,0
1.68991865,0,1
1.69041875,0,0
1.6909186,0,1
1.6914187,0,0
1.69191855,0,1
1.6924187,0,0
1.69291855,0,1
1.69341865,0,0
1.69391855,0,1
1.6944187,0,0
1.6949186,0,1
1.6954187,0,0
1.6959186,0,1
1.69641875,0,0
1.69691865,0,1
1.69741875,0,0
1.69791855,0,1
1.69841865,0,0
1.6989185,0,1
1.6994186,0,0
1.69991845,0,1
1.7004186,0,0
1.70091845,0,1
1.70141865,0,0
1.70191855,0,1
1.70241875,0,0
1.70291865,0,1
1.70341875,0,0
1.7039186,0,1
1.70441875,0,0
1.7049187,0,1
1.7054188,0,0
1.7059187,0,1
1.70641885,0,0
1.7069187,0,1
1.70741885,0,0
1.70791875,0,1
1.70841885,0,0
1.70891875,0,1
1.7094189,0,0
1.7099188,0,1
1.71041895,0,0
1.71091885,0,1
1.711419,0,0
1.71191885,0,1
1.712419,0,0
1.7129189,0,1
1.71341905,0,0
1.713919,0,1
1.7144192,0,0
1.7149191,0,1
1.71541925,0,0
1.71591915,0,1
1.7164193,0,0
1.71691915,0,1
1.7174193,0,0
1.71791915,0,1
1.7184193,0,0
1.7189192,0,1
1.71941935,0,0
1.71991925,0,1
1.7204194,0,0
1.7209193,0,1
1.72141945,0,0
1.72191935,0,1
1.7224195,0,0
1.72291945,0,1
1.72341965,0,0
1.72391955,0,1
1.7244197,0,0
1.7249196,0,1
1.7254198,0,0
1.7259197,0,1
1.7264198,0,0
1.72691965,0,1
1.72741975,0,0
1.7279196,0,1
1.72841975,0,0
1.72891965,0,1
1.7294198,0,0
1.72991965,0,1
1.7304198,0,0
1.7309196,0,1
1.73141975,0,0
1.7319197,0,1
1.73241985,0,0
1.73291975,0,1
1.73341995,0,0
1.73391985,0,1
1.73442,0,0
1.7349199,0,1
1.73542,0,0
1.7359199,0,1
1.73642005,0,0
1.7369199,0,1
1.73742005,0,0
1.73791995,0,1
1.73842005,0,0
1.73891995,0,1
1.73942005,0,0
1.73991995,0,1
1.74042005,0,0
1.7409199,0,1
1.74142005,0,0
1.74191995,0,1
1.7424201,0,0
1.74292,0,1
1.74342015,0,0
1.74392,0,1
1.74442015,0,0
1.74492005,0,1
1.74542015,0,0
1.74592005,0,1
1.74642015,0,0
1.74692005,0,1
1.7474202,0,0
1.74792005,0,1
1.74842015,0,0
1.74892,0,1
1.74942015,0,0
1.74992005,0,1
1.75042015,0,0
1.75092,0,1
1.75142015,0,0
1.75192,0,1
1.7524201,0,0
1.75292,0,1
1.75342015,0,0
1.75392,0,1
1.7544201,0,0
1.75491995,0,1
1.7554201,0,0
1.75591995,0,1
1.7564201,0,0
1.7569199,0,1
1.75742005,0,0
1.75791995,0,1
1.75842005,0,0
1.7589199,0,1
1.75942005,0,0
1.7599199,0,1
1.76042,0,0
1.7609199,0,1
1.76142005,0,0
1.76192,0,1
1.76242015,0,0
1.76292005,0,1
1.7634202,0,0
1.76392005,0,1
1.76442015,0,0
1.7649201,0,1
1.7654202,0,0
1.76592015,0,1
1.7664203,0,0
1.7669202,0,1
1.76742035,0,0
1.7679203,0,1
1.7684205,0,0
1.7689204,0,1
1.7694206,0,0
1.7699205,0,1
1.77042065,0,0
1.7709206,0,1
1.7714207,0,0
1.77192065,0,1
1.77242075,0,0
1.7729206,0,1
1.77342075,0,0
1.77392065,0,1
1.77442075,0,0
1.77492065,0,1
1.77542075,0,0
1.77592065,0,1
1.77642075,0,0
1.7769206,0,1
1.7774207,0,0
1.77792055,0,1
1.7784207,0,0
1.7789206,0,1
1.77942075,0,0
1.7799206,0,1
1.7804207,0,0
1.78092055,0,1
1.78142065,0,0
1.7819205,0,1
1.7824206,0,0
1.78292045,0,1
1.7834206,0,0
1.78392045,0,1
1.7844206,0,0
1.78492045,0,1
1.78542055,0,0
1.78592045,0,1
1.78642055,0,0
1.7869204,0,1
1.78742055,0,0
1.78792045,0,1
1.7884206,0,0
1.7889204,0,1
1.7894205,0,0
1.78992035,0,1
1.7904205,0,0
1.79092035,0,1
1.79142045,0,0
1.79192025,0,1
1.79242035,0,0
1.7929202,0,1
1.7934203,0,0
1.79392015,0,1
1.79442035,0,0
1.7949202,0,1
1.79542035,0,0
1.7959202,0,1
1.7964203,0,0
1.79692025,0,1
1.7974204,0,0
1.79792025,0,1
1.7984204,0,0
1.7989203,0,1
1.7994204,0,0
1.7999203,0,1
1.80042045,0,0
1.80092035,0,1
1.8014205,0,0
1.80192035,0,1
1.8024204,0,0
1.80292025,0,1
1.80342035,0,0
1.80392015,0,1
1.80442025,0,0
1.80492005,0,1
1.8054202,0,0
1.80592005,0,1
1.80642015,0,0
1.80692005,0,1
1.80742015,0,0
1.80792,0,1
1.8084201,0,0
1.80891995,0,1
1.8094201,0,0
1.80991995,0,1
1.81042005,0,0
1.8109199,0,1
1.81142005,0,0
1.81191995,0,1
1.81242,0,0
1.81291985,0,1
1.81342,0,0
1.81391985,0,1
1.81441995,0,0
1.81491975,0,1
1.81541985,0,0
1.81591965,0,1
1.81641975,0,0
1.8169196,0,1
1.8174197,0,0
1.81791955,0,1
1.81841965,0,0
1.8189195,0,1
1.8194196,0,0
1.8199195,0,1
1.8204196,0,0
1.8209195,0,1
1.8214196,0,0
1.82191945,0,1
1.82241955,0,0
1.82291945,0,1
1.8234196,0,0
1.8239195,0,1
1.82441965,0,0
1.82491955,0,1
1.82541965,0,0
1.82591955,0,1
1.82641965,0,0
1.8269195,0,1
1.8274196,0,0
1.82791945,0,1
1.8284195,0,0
1.82891935,0,1
1.82941945,0,0
1.8299193,0,1
1.8304194,0,0
1.8309193,0,1
1.8314194,0,0
1.83191925,0,1
1.83241935,0,0
1.83291925,0,1
1.83341935,0,0
1.8339192,0,1
1.8344193,0,0
1.8349191,0,1
1.8354192,0,0
1.8359191,0,1
1.83641925,0,0
1.8369191,0,1
1.83741925,0,0
1.8379191,0,1
1.83841925,0,0
1.83891915,0,1
1.8394193,0,0
1.8399192,0,1
1.8404194,0,0
1.8409193,0,1
1.84141945,0,0
1.84191935,0,1
1.84241955,0,0
1.84291945,0,1
1.8434196,0,0
1.84391955,0,1
1.84441975,0,0
1.8449196,0,1
1.8454197,0,0
1.8459196,0,1
1.8464197,0,0
1.8469196,0,1
1.84741975,0,0
1.84791965,0,1
1.84841985,0,0
1.84891975,0,1
1.84941995,0,0
1.84991985,0,1
1.85042,0,0
1.8509199,0,1
1.85142005,0,0
1.8519199,0,1
1.85242,0,0
1.8529199,0,1
1.85342,0,0
1.85391995,0,1
1.85442005,0,0
1.85491995,0,1
1.8554201,0,0
1.85591995,0,1
1.8564201,0,0
1.85692,0,1
1.8574201,0,0
1.85792,0,1
1.85842015,0,0
1.85892,0,1
1.85942015,0,0
1.85992,0,1
1.8604201,0,0
1.86092,0,1
1.8614201,0,0
1.86191995,0,1
1.8624201,0,0
1.86291995,0,1
1.86342,0,0
1.86391985,0,1
1.8644199,0,0
1.86491975,0,1
1.86541985,0,0
1.8659197,0,1
1.8664198,0,0
1.8669196,0,1
1.86741975,0,0
1.86791955,0,1
1.86841965,0,0
1.8689195,0,1
1.86941965,0,0
1.86991955,0,1
1.87041965,0,0
1.8709195,0,1
1.87141965,0,0
1.8719195,0,1
1.87241965,0,0
1.8729195,0,1
1.8734196,0,0
1.8739194,0,1
1.87441945,0,0
1.8749193,0,1
1.87541935,0,0
1.8759192,0,1
1.87641925,0,0
1.8769191,0,1
1.8774192,0,0
1.87791905,0,1
1.8784191,0,0
1.8789189,0,1
1.879419,0,0
1.8799188,0,1
1.88041895,0,0
1.8809188,0,1
1.88141895,0,0
1.8819188,0,1
1.88241885,0,0
1.8829187,0,1
1.8834188,0,0
1.88391865,0,1
1.8844188,0,0
1.88491865,0,1
1.88541875,0,0
1.8859186,0,1
1.8864187,0,0
1.8869186,0,1
1.8874187,0,0
1.8879186,0,1
1.8884187,0,0
1.88891865,0,1
1.8894188,0,0
1.88991865,0,1
1.89041875,0,0
1.89091865,0,1
1.8914188,0,0
1.89191865,0,1
1.8924188,0,0
1.89291865,0,1
1.89341875,0,0
1.8939186,0,1
1.8944187,0,0
1.8949186,0,1
1.89541865,0,0
1.8959185,0,1
1.8964186,0,0
1.89691845,0,1
1.89741855,0,0
1.8979184,0,1
1.8984185,0,0
1.8989183,0,1
1.89941845,0,0
1.8999183,0,1
1.9004184,0,0
1.90091825,0,1
1.9014183,0,0
1.9019181,0,1
1.9024182,0,0
1.902918,0,1
1.9034181,0,0
1.9039179,0,1
1.904418,0,0
1.90491785,0,1
1.9054179,0,0
1.90591765,0,1
1.90641775,0,0
1.9069176,0,1
1.9074177,0,0
1.90791755,0,1
1.90841765,0,0
1.9089175,0,1
1.9094176,0,0
1.90991745,0,1
1.91041755,0,0
1.91091745,0,1
1.9114175,0,0
1.9119174,0,1
1.9124175,0,0
1.9129173,0,1
1.9134174,0,0
1.9139172,0,1
1.9144173,0,0
1.9149172,0,1
1.9154173,0,0
1.91591715,0,1
1.91641725,0,0
1.9169171,0,1
1.9174172,0,0
1.91791705,0,1
1.9184171,0,0
1.91891695,0,1
1.91941705,0,0
1.9199168,0,1
1.92041685,0,0
1.9209167,0,1
1.92141675,0,0
1.92191655,0,1
1.9224166,0,0
1.9229164,0,1
1.92341645,0,0
1.92391625,0,1
1.9244163,0,0
1.92491615,0,1
1.9254162,0,0
1.92591605,0,1
1.92641615,0,0
1.92691595,0,1
1.92741605,0,0
1.92791585,0,1
1.92841595,0,0
1.92891575,0,1
1.9294159,0,0
1.92991575,0,1
1.93041585,0,0
1.93091565,0,1
1.93141575,0,0
1.9319156,0,1
1.93241565,0,0
1.9329155,0,1
1.9334156,0,0
1.9339154,0,1
1.93441545,0,0
1.93491535,0,1
1.9354154,0,0
1.93591525,0,1
1.93641545,0,0
1.93691535,0,1
1.93741545,0,0
1.9379153,0,1
1.93841545,0,0
1.9389153,0,1
1.93941545,0,0
1.9399153,0,1
1.9404154,0,0
1.9409153,0,1
1.94141535,0,0
1.9419152,0,1
1.9424153,0,0
1.9429152,0,1
1.9434153,0,0
1.94391515,0,1
1.9444153,0,0
1.94491515,0,1
1.94541525,0,0
1.9459151,0,1
1.9464152,0,0
1.94691505,0,1
1.9474151,0,0
1.9479149,0,1
1.94841495,0,0
1.9489148,0,1
1.94941485,0,0
1.94991465,0,1
1.9504147,0,0
1.95091455,0,1
1.95141465,0,0
1.9519145,0,1
1.9524146,0,0
1.95291445,0,1
1.9534145,0,0
1.9539143,0,1
1.9544143,0,0
1.95491415,0,1
1.9554142,0,0
1.955914,0,1
1.95641405,0,0
1.95691385,0,1
1.95741395,0,0
1.95791375,0,1
1.95841385,0,0
1.9589137,0,1
1.9594138,0,0
1.95991365,0,1
1.96041375,0,0
1.9609136,0,1
1.9614137,0,0
1.96191355,0,1
1.9624136,0,0
1.9629135,0,1
1.9634136,0,0
1.9639134,0,1
1.9644135,0,0
1.96491335,0,1
1.96541345,0,0
1.96591325,0,1
1.96641335,0,0
1.9669132,0,1
1.96741325,0,0
1.9679131,0,1
1.96841315,0,0
1.968913,0,1
1.96941305,0,0
1.9699129,0,1
1.970413,0,0
1.9709129,0,1
1.971413,0,0
1.9719129,0,1
1.972413,0,0
1.9729129,0,1
1.97341305,0,0
1.9739129,0,1
1.97441305,0,0
1.9749129,0,1
1.97541305,0,0
1.9759129,0,1
1.97641305,0,0
1.97691295,0,1
1.97741305,0,0
1.9779129,0,1
1.978413,0,0
1.97891285,0,1
1.979413,0,0
1.9799129,0,1
1.980413,0,0
1.9809128,0,1
1.98141295,0,0
1.9819128,0,1
1.982413,0,0
1.98291285,0,1
1.983413,0,0
1.9839129,0,1
1.9844131,0,0
1.984913,0,1
1.9854131,0,0
1.98591295,0,1
1.98641305,0,0
1.9869129,0,1
1.98741295,0,0
1.9879128,0,1
1.9884129,0,0
1.98891275,0,1
1.98941285,0,0
1.98991275,0,1
1.99041285,0,0
1.99091275,0,1
1.9914128,0,0
1.9919127,0,1
1.9924128,0,0
1.99291275,0,1
1.99341285,0,0
1.99391275,0,1
1.99441285,0,0
1.99491265,0,1
1.9954127,0,0
1.9959125,0,1
1.99641255,0,0
1.99691235,0,1
1.99741235,0,0
1.9979121,0,1
1.99841215,0,0
1.99891195,0,1
1.999412,0,0
1.99991175,0,1
2.00041185,0,0
2.0009117,0,1
2.00141175,0,0
2.00191155,0,1
2.0024116,0,0
2.0029114,0,1
2.00341145,0,0
2.00391135,0,1
2.0044114,0,0
2.00491125,0,1
2.0054114,0,0
2.0059112,0,1
2.0064113,0,0
2.0069112,0,1
2.00741125,0,0
2.0079111,0,1
2.00841115,0,0
2.008911,0,1
2.0094111,0,0
2.00991095,0,1
2.01041105,0,0
2.0109109,0,1
2.011411,0,0
2.0119109,0,1
2.012411,0,0
2.01291085,0,1
2.01341095,0,0
2.0139108,0,1
2.01441085,0,0
2.01491065,0,1
2.01541075,0,0
2.0159106,0,1
2.01641065,0,0
2.0169105,0,1
2.0174106,0,0
2.0179104,0,1
2.0184105,0,0
2.01891035,0,1
2.01941045,0,0
2.01991025,0,1
2.02041035,0,0
2.02091015,0,1
2.02141025,0,0
2.02191005,0,1
2.0224102,0,0
2.02291,0,1
2.02341015,0,0
2.02391,0,1
2.0244101,0,0
2.02490995,0,1
2.0254101,0,0
2.02591,0,1
2.02641005,0,0
2.02690995,0,1
2.02741,0,0
2.0279099,0,1
2.02841,0,0
2.02890985,0,1
2.02940995,0,0
2.0299098,0,1
2.03040985,0,0
2.03090965,0,1
2.03140975,0,0
2.0319096,0,1
2.03240965,0,0
2.0329095,0,1
2.0334096,0,0
2.03390945,0,1
2.0344095,0,0
2.0349093,0,1
2.0354094,0,0
2.03590925,0,1
2.03640935,0,0
2.03690915,0,1
2.03740925,0,0
2.03790905,0,1
2.03840915,0,0
2.038909,0,1
2.0394091,0,0
2.0399089,0,1
2.040409,0,0
2.04090885,0,1
2.0414089,0,0
2.04190875,0,1
2.0424089,0,0
2.04290875,0,1
2.0434089,0,0
2.04390875,0,1
2.0444088,0,0
2.04490865,0,1
2.04540875,0,0
2.0459086,0,1
2.04640865,0,0
2.04690845,0,1
2.04740855,0,0
2.04790835,0,1
2.0484084,0,0
2.04890825,0,1
2.0494083,0,0
2.04990815,0,1
2.05040825,0,0
2.0509081,0,1
2.0514082,0,0
2.05190805,0,1
2.05240815,0,0
2.05290795,0,1
2.0534081,0,0
2.053908,0,1
2.05440815,0,0
2.054908,0,1
2.0554081,0,0
2.05590795,0,1
2.05640805,0,0
2.0569079,0,1
2.057408,0,0
2.0579078,0,1
2.0584079,0,0
2.05890775,0,1
2.0594079,0,0
2.05990775,0,1
2.0604078,0,0
2.06090765,0,1
2.0614077,0,0
2.06190755,0,1
2.0624077,0,0
2.0629075,0,1
2.0634076,0,0
2.0639075,0,1
2.0644076,0,0
2.0649075,0,1
2.0654076,0,0
2.0659075,0,1
2.06640765,0,0
2.06690755,0,1
2.0674077,0,0
2.0679076,0,1
2.06840775,0,0
2.06890765,0,1
2.0694078,0,0
2.06990765,0,1
2.0704078,0,0
2.0709077,0,1
2.0714078,0,0
2.07190765,0,1
2.07240775,0,0
2.07290755,0,1
2.07340765,0,0
2.0739075,0,1
2.0744076,0,0
2.0749074,0,1
2.0754075,0,0
2.0759073,0,1
2.0764074,0,0
2.0769073,0,1
2.0774074,0,0
2.07790735,0,1
2.0784075,0,0
2.07890745,0,1
2.07940755,0,0
2.07990745,0,1
2.0804076,0,0
2.08090745,0,1
2.0814076,0,0
2.08190745,0,1
2.0824076,0,0
2.08290745,0,1
2.08340755,0,0
2.0839074,0,1
2.0844075,0,0
2.0849074,0,1
2.08540755,0,0
2.08590745,0,1
2.0864076,0,0
2.08690745,0,1
2.08740755,0,0
2.0879074,0,1
2.08840745,0,0
2.0889073,0,1
2.08940735,0,0
2.0899072,0,1
2.0904073,0,0
2.0909072,0,1
2.0914073,0,0
2.09190715,0,1
2.0924072,0,0
2.09290705,0,1
2.0934071,0,0
2.09390695,0,1
2.09440705,0,0
2.0949069,0,1
2.09540695,0,0
2.0959068,0,1
2.09640685,0,0
2.0969067,0,1
2.0974068,0,0
2.0979066,0,1
2.09840665,0,0
2.09890655,0,1
2.0994067,0,0
2.0999066,0,1
2.1004068,0,0
2.1009067,0,1
2.10140685,0,0
2.1019067,0,1
2.10240685,0,0
2.1029067,0,1
2.10340685,0,0
2.10390675,0,1
2.1044069,0,0
2.1049068,0,1
2.10540695,0,0
2.1059068,0,1
2.1064069,0,0
2.1069068,0,1
2.1074069,0,0
2.1079067,0,1
2.1084068,0,0
2.10890665,0,1
2.10940675,0,0
2.1099066,0,1
2.1104067,0,0
2.1109065,0,1
2.11140655,0,0
2.11190635,0,1
2.1124064,0,0
2.1129062,0,1
2.11340625,0,0
2.11390605,0,1
2.1144061,0,0
2.1149059,0,1
2.115406,0,0
2.11590585,0,1
2.11640585,0,0
2.11690565,0,1
2.11740575,0,0
2.1179056,0,1
2.1184057,0,0
2.11890555,0,1
2.11940565,0,0
2.1199055,0,1
2.1204056,0,0
2.1209054,0,1
2.12140555,0,0
2.1219054,0,1
2.12240555,0,0
2.12290545,0,1
2.1234056,0,0
2.12390545,0,1
2.1244056,0,0
2.1249054,0,1
2.1254055,0,0
2.12590535,0,1
2.1264054,0,0
2.1269052,0,1
2.1274053,0,0
2.1279051,0,1
2.1284052,0,0
2.12890505,0,1
2.12940515,0,0
2.129905,0,1
2.13040505,0,0
2.1309049,0,1
2.13140495,0,0
2.1319048,0,1
2.1324049,0,0
2.13290475,0,1
2.1334048,0,0
2.1339046,0,1
2.13440465,0,0
2.1349045,0,1
2.1354046,0,0
2.13590445,0,1
2.13640455,0,0
2.1369044,0,1
2.1374045,0,0
2.1379043,0,1
2.1384044,0,0
2.1389042,0,1
2.1394043,0,0
2.13990415,0,1
2.14040425,0,0
2.1409041,0,1
2.14140425,0,0
2.14190415,0,1
2.14240425,0,0
2.1429042,0,1
2.14340435,0,0
2.14390425,0,1
2.14440445,0,0
2.14490435,0,1
2.1454045,0,0
2.1459044,0,1
2.14640455,0,0
2.14690445,0,1
2.14740465,0,0
2.14790445,0,1
2.1484045,0,0
2.14890425,0,1
2.14940425,0,0
2.1499041,0,1
2.15040415,0,0
2.150904,0,1
2.15140405,0,0
2.15190385,0,1
2.1524039,0,0
2.1529037,0,1
2.15340375,0,0
2.15390355,0,1
2.1544037,0,0
2.15490355,0,1
2.15540365,0,0
2.1559035,0,1
2.15640365,0,0
2.15690355,0,1
2.15740365,0,0
2.1579035,0,1
2.15840365,0,0
2.1589036,0,1
2.15940375,0,0
2.15990365,0,1
2.16040375,0,0
2.1609036,0,1
2.16140375,0,0
2.16190365,0,1
2.16240375,0,0
2.1629036,0,1
2.1634037,0,0
2.1639035,0,1
2.1644036,0,0
2.16490345,0,1
2.16540355,0,0
2.1659034,0,1
2.16640355,0,0
2.1669034,0,1
2.1674035,0,0
2.16790335,0,1
2.1684035,0,0
2.1689034,0,1
2.1694036,0,0
2.16990345,0,1
2.17040355,0,0
2.17090345,0,1
2.1714035,0,0
2.17190335,0,1
2.1724034,0,0
2.1729032,0,1
2.1734033,0,0
2.17390315,0,1
2.17440325,0,0
2.1749031,0,1
2.17540325,0,0
2.1759031,0,1
2.1764032,0,0
2.1769031,0,1
2.1774032,0,0
2.17790305,0,1
2.17840315,0,0
2.17890295,0,1
2.17940305,0,0
2.1799029,0,1
2.18040305,0,0
2.1809029,0,1
2.181403,0,0
2.18190285,0,1
2.18240295,0,0
2.18290275,0,1
2.1834028,0,0
2.18390265,0,1
2.18440275,0,0
2.18490255,0,1
2.18540265,0,0
2.1859024,0,1
2.18640245,0,0
2.18690225,0,1
2.1874024,0,0
2.18790225,0,1
2.1884024,0,0
2.18890225,0,1
2.18940235,0,0
2.1899022,0,1
2.19040235,0,0
2.1909022,0,1
2.1914023,0,0
2.19190215,0,1
2.1924022,0,0
2.19290205,0,1
2.1934022,0,0
2.19390205,0,1
2.19440215,0,0
2.194902,0,1
2.19540205,0,0
2.19590185,0,1
2.19640195,0,0
2.19690175,0,1
2.1974018,0,0
2.19790165,0,1
2.19840175,0,0
2.19890155,0,1
2.19940165,0,0
2.19990145,0,1
2.2004015,0,0
2.2009013,0,1
2.20140145,0,0
2.2019013,0,1
2.2024014,0,0
2.20290125,0,1
2.2034013,0,0
2.20390115,0,1
2.20440125,0,0
2.20490105,0,1
2.20540115,0,0
2.20590095,0,1
2.20640105,0,0
2.2069009,0,1
2.20740095,0,0
2.2079008,0,1
2.20840085,0,0
2.2089007,0,1
2.20940075,0,0
2.20990055,0,1
2.2104006,0,0
2.2109004,0,1
2.21140045,0,0
2.21190025,0,1
2.2124003,0,0
2.2129001,0,1
2.21340015,0,0
2.21389995,0,1
2.2144,0,0
2.2148998,0,1
2.2153998,0,0
2.2158996,0,1
2.2163996,0,0
2.2168994,0,1
2.21739945,0,0
2.2178992,0,1
2.21839925,0,0
2.21889905,0,1
2.2193991,0,0
2.2198989,0,1
2.22039895,0,0
2.2208987,0,1
2.2213987,0,0
2.22189855,0,1
2.22239855,0,0
2.22289835,0,1
2.22339835,0,0
2.22389815,0,1
2.22439815,0,0
2.2248979,0,1
2.2253979,0,0
2.2258977,0,1
2.2263977,0,0
2.2268975,0,1
2.2273975,0,0
2.22789725,0,1
2.2283973,0,0
2.22889705,0,1
2.22939715,0,0
2.22989695,0,1
2.23039695,0,0
2.2308968,0,1
2.2313968,0,0
2.2318966,0,1
2.23239665,0,0
2.2328964,0,1
2.23339645,0,0
2.23389625,0,1
2.2343963,0,0
2.2348961,0,1
2.23539615,0,0
2.23589595,0,1
2.23639595,0,0
2.2368957,0,1
2.23739575,0,0
2.23789555,0,1
2.2383956,0,0
2.23889545,0,1
2.23939545,0,0
2.23989525,0,1
2.2403953,0,0
2.24089505,0,1
2.2413951,0,0
2.2418949,0,1
2.2423949,0,0
2.2428947,0,1
2.24339475,0,0
2.24389455,0,1
2.2443946,0,0
2.2448944,0,1
2.24539445,0,0
2.2458942,0,1
2.24639425,0,0
2.246894,0,1
2.247394,0,0
2.24789375,0,1
2.24839375,0,0
2.2488935,0,1
2.2493935,0,0
2.24989325,0,1
2.2503933,0,0
2.2508931,0,1
2.25139315,0,0
2.25189295,0,1
2.252393,0,0
2.2528928,0,1
2.25339285,0,0
2.25389265,0,1
2.25439275,0,0
2.2548926,0,1
2.25539265,0,0
2.25589245,0,1
2.25639255,0,0
2.2568923,0,1
2.2573923,0,0
2.25789205,0,1
2.2583921,0,0
2.2588919,0,1
2.2593919,0,0
2.2598917,0,1
2.26039175,0,0
2.26089155,0,1
2.26139165,0,0
2.26189145,0,1
2.26239145,0,0
2.2628912,0,1
2.26339125,0,0
2.263891,0,1
2.26439105,0,0
2.26489085,0,1
2.26539085,0,0
2.26589065,0,1
2.2663907,0,0
2.2668905,0,1
2.2673905,0,0
2.2678903,0,1
2.2683904,0,0
2.26889015,0,1
2.2693902,0,0
2.26989,0,1
2.27039005,0,0
2.2708899,0,1
2.27138995,0,0
2.2718898,0,1
2.2723898,0,0
2.2728896,0,1
2.27338965,0,0
2.27388945,0,1
2.2743895,0,0
2.27488935,0,1
2.27538935,0,0
2.2758891,0,1
2.2763891,0,0
2.27688885,0,1
2.2773889,0,0
2.27788865,0,1
2.27838865,0,0
2.27888845,0,1
2.2793885,0,0
2.2798883,0,1
2.28038835,0,0
2.2808882,0,1
2.2813883,0,0
2.2818881,0,1
2.28238815,0,0
2.282888,0,1
2.28338805,0,0
2.2838878,0,1
2.2843878,0,0
2.2848876,0,1
2.28538765,0,0
2.2858874,0,1
2.2863875,0,0
2.2868873,0,1
2.28738735,0,0
2.28788715,0,1
2.2883872,0,0
2.28888695,0,1
2.289387,0,0
2.28988675,0,1
2.29038675,0,0
2.2908865,0,1
2.29138655,0,0
2.2918864,0,1
2.2923865,0,0
2.29288635,0,1
2.2933864,0,0
2.2938862,0,1
2.29438625,0,0
2.2948861,0,1
2.29538625,0,0
2.2958861,0,1
2.2963862,0,0
2.296886,0,1
2.29738605,0,0
2.29788585,0,1
2.29838595,0,0
2.2988858,0,1
2.2993859,0,0
2.29988575,0,1
2.3003858,0,0
2.3008856,0,1
2.3013857,0,0
2.30188555,0,1
2.30238565,0,0
2.30288545,0,1
2.3033855,0,0
2.30388525,0,1
2.3043852,0,0
2.30488495,0,1
2.30538495,0,0
2.3058848,0,1
2.3063849,0,0
2.30688465,0,1
2.3073847,0,0
2.30788445,0,1
2.30838455,0,0
2.30888435,0,1
2.30938445,0,0
2.3098843,0,1
2.3103844,0,0
2.3108842,0,1
2.3113843,0,0
2.3118841,0,1
2.31238425,0,0
2.31288405,0,1
2.31338415,0,0
2.31388395,0,1
2.31438405,0,0
2.3148839,0,1
2.31538395,0,0
2.31588375,0,1
2.31638375,0,0
2.3168835,0,1
2.3173835,0,0
2.3178833,0,1
2.3183834,0,0
2.3188832,0,1
2.3193833,0,0
2.3198831,0,1
2.3203831,0,0
2.32088295,0,1
2.321383,0,0
2.32188285,0,1
2.32238295,0,0
2.32288275,0,1
2.3233828,0,0
2.3238826,0,1
2.32438265,0,0
2.3248825,0,1
2.32538265,0,0
2.32588255,0,1
2.32638265,0,0
2.32688245,0,1
2.32738255,0,0
2.32788245,0,1
2.3283825,0,0
2.32888235,0,1
2.3293824,0,0
2.3298822,0,1
2.33038225,0,0
2.330882,0,1
2.331382,0,0
2.3318818,0,1
2.3323818,0,0
2.3328815,0,1
2.3333815,0,0
2.33388125,0,1
2.3343812,0,0
2.33488095,0,1
2.33538095,0,0
2.3358807,0,1
2.3363807,0,0
2.33688045,0,1
2.33738045,0,0
2.33788025,0,1
2.33838025,0,0
2.33888005,0,1
2.3393801,0,0
2.33987985,0,1
2.3403799,0,0
2.3408797,0,1
2.34137975,0,0
2.34187955,0,1
2.34237955,0,0
2.3428793,0,1
2.34337935,0,0
2.3438791,0,1
2.3443791,0,0
2.34487885,0,1
2.3453789,0,0
2.3458787,0,1
2.34637875,0,0
2.3468785,0,1
2.34737855,0,0
2.34787835,0,1
2.34837835,0,0
2.34887815,0,1
2.34937815,0,0
2.349878,0,1
2.35037805,0,0
2.35087785,0,1
2.3513779,0,0
2.3518777,0,1
2.3523777,0,0
2.3528775,0,1
2.3533775,0,0
2.35387725,0,1
2.35437725,0,0
2.35487705,0,1
2.35537705,0,0
2.3558768,0,1
2.35637685,0,0
2.3568766,0,1
2.3573766,0,0
2.3578763,0,1
2.3583763,0,0
2.35887605,0,1
2.35937605,0,0
2.35987575,0,1
2.36037575,0,0
2.36087545,0,1
2.36137545,0,0
2.3618752,0,1
2.36237515,0,0
2.36287495,0,1
2.363375,0,0
2.36387485,0,1
2.36437485,0,0
2.3648746,0,1
2.36537465,0,0
2.3658744,0,1
2.3663744,0,0
2.3668741,0,1
2.3673741,0,0
2.36787385,0,1
2.3683739,0,0
2.3688737,0,1
2.3693737,0,0
2.36987355,0,1
2.3703736,0,0
2.3708734,0,1
2.37137345,0,0
2.3718733,0,1
2.3723734,0,0
2.3728732,0,1
2.3733733,0,0
2.37387315,0,1
2.37437325,0,0
2.37487305,0,1
2.3753731,0,0
2.37587295,0,1
2.37637305,0,0
2.37687285,0,1
2.37737295,0,0
2.3778728,0,1
2.37837285,0,0
2.3788727,0,1
2.3793728,0,0
2.3798727,0,1
2.3803728,0,0
2.3808726,0,1
2.3813727,0,0
2.3818725,0,1
2.3823726,0,0
2.38287245,0,1
2.3833725,0,0
2.38387235,0,1
2.3843724,0,0
2.3848722,0,1
2.38537225,0,0
2.38587205,0,1
2.3863721,0,0
2.386872,0,1
2.38737205,0,0
2.38787185,0,1
2.38837195,0,0
2.38887175,0,1
2.38937185,0,0
2.3898717,0,1
2.39037175,0,0
2.3908716,0,1
2.39137165,0,0
2.39187145,0,1
2.39237155,0,0
2.3928714,0,1
2.39337155,0,0
2.3938714,0,1
2.3943715,0,0
2.39487135,0,1
2.39537145,0,0
2.3958713,0,1
2.39637135,0,0
2.3968712,0,1
2.39737125,0,0
2.39787115,0,1
2.39837125,0,0
2.3988711,0,1
2.3993712,0,0
2.39987105,0,1
2.40037115,0,0
2.400871,0,1
2.4013711,0,0
2.40187095,0,1
2.40237105,0,0
2.4028709,0,1
2.40337095,0,0
2.40387075,0,1
2.40437085,0,0
2.4048707,0,1
2.4053708,0,0
2.40587065,0,1
2.40637075,0,0
2.4068706,0,1
2.40737065,0,0
2.4078705,0,1
2.4083706,0,0
2.4088704,0,1
2.40937045,0,0
2.4098703,0,1
2.4103704,0,0
2.4108702,0,1
2.41137025,0,0
2.41187005,0,1
2.41237015,0,0
2.41286995,0,1
2.41337,0,0
2.41386985,0,1
2.4143699,0,0
2.41486975,0,1
2.4153698,0,0
2.4158696,0,1
2.4163696,0,0
2.41686945,0,1
2.41736945,0,0
2.41786925,0,1
2.4183693,0,0
2.4188691,0,1
2.41936915,0,0
2.419869,0,1
2.420369,0,0
2.4208688,0,1
2.42136885,0,0
2.42186865,0,1
2.42236875,0,0
2.42286855,0,1
2.4233686,0,0
2.42386845,0,1
2.42436855,0,0
2.4248684,0,1
2.4253685,0,0
2.4258683,0,1
2.4263684,0,0
2.4268682,0,1
2.42736825,0,0
2.4278681,0,1
2.42836815,0,0
2.42886805,0,1
2.42936815,0,0
2.42986805,0,1
2.43036815,0,0
2.4308679,0,1
2.43136795,0,0
2.4318678,0,1
2.4323679,0,0
2.43286775,0,1
2.43336785,0,0
2.4338677,0,1
2.4343678,0,0
2.4348677,0,1
2.4353678,0,0
2.43586765,0,1
2.43636775,0,0
2.43686765,0,1
2.4373677,0,0
2.4378675,0,1
2.43836755,0,0
2.43886745,0,1
2.43936755,0,0
2.4398674,0,1
2.44036755,0,0
2.4408674,0,1
2.44136755,0,0
2.4418674,0,1
2.4423675,0,0
2.4428674,0,1
2.44336755,0,0
2.4438674,0,1
2.44436745,0,0
2.4448673,0,1
2.4453674,0,0
2.4458672,0,1
2.4463673,0,0
2.44686715,0,1
2.44736725,0,0
2.4478671,0,1
2.4483672,0,0
2.448867,0,1
2.4493671,0,0
2.44986695,0,1
2.45036705,0,0
2.45086685,0,1
2.45136695,0,0
2.45186675,0,1
2.4523669,0,0
2.4528668,0,1
2.4533669,0,0
2.45386675,0,1
2.45436685,0,0
2.45486665,0,1
2.4553667,0,0
2.45586655,0,1
2.45636665,0,0
2.4568665,0,1
2.4573666,0,0
2.4578664,0,1
2.4583665,0,0
2.45886635,0,1
2.45936645,0,0
2.45986625,0,1
2.4603664,0,0
2.4608662,0,1
2.46136625,0,0
2.4618661,0,1
2.46236625,0,0
2.46286615,0,1
2.4633663,0,0
2.4638662,0,1
2.4643663,0,0
2.46486615,0,1
2.4653662,0,0
2.46586605,0,1
2.46636615,0,0
2.46686595,0,1
2.46736615,0,0
2.467866,0,1
2.4683661,0,0
2.46886595,0,1
2.46936605,0,0
2.4698659,0,1
2.470366,0,0
2.4708659,0,1
2.471366,0,0
2.47186585,0,1
2.47236595,0,0
2.4728658,0,1
2.4733659,0,0
2.4738658,0,1
2.4743659,0,0
2.47486575,0,1
2.47536585,0,0
2.4758657,0,1
2.47636585,0,0
2.4768657,0,1
2.4773658,0,0
2.47786565,0,1
2.4783657,0,0
2.47886555,0,1
2.4793657,0,0
2.4798656,0,1
2.4803657,0,0
2.48086555,0,1
2.48136565,0,0
2.4818655,0,1
2.4823656,0,0
2.48286545,0,1
2.48336555,0,0
2.48386545,0,1
2.4843655,0,0
2.48486535,0,1
2.48536545,0,0
2.4858653,0,1
2.4863654,0,0
2.48686525,0,1
2.48736535,0,0
2.48786525,0,1
2.48836535,0,0
2.4888652,0,1
2.48936535,0,0
2.4898652,0,1
2.4903654,0,0
2.49086525,0,1
2.4913654,0,0
2.49186525,0,1
2.49236545,0,0
2.4928653,0,1
2.4933654,0,0
2.49386525,0,1
2.49436535,0,0
2.49486515,0,1
2.4953652,0,0
2.4958651,0,1
2.49636525,0,0
2.49686515,0,1
2.49736535,0,0
2.49786525,0,1
2.4983654,0,0
2.49886525,0,1
2.4993654,0,0
2.49986525,0,1
2.5003654,0,0
2.5008653,0,1
2.5013654,0,0
2.5018653,0,1
2.50236545,0,0
2.5028653,0,1
2.50336545,0,0
2.50386525,0,1
2.5043654,0,0
2.50486525,0,1
2.5053654,0,0
2.50586525,0,1
2.5063654,0,0
2.50686525,0,1
2.50736535,0,0
2.50786525,0,1
2.50836535,0,0
2.50886515,0,1
2.50936525,0,0
2.5098651,0,1
2.5103652,0,0
2.51086505,0,1
2.5113651,0,0
2.51186485,0,1
2.5123649,0,0
2.5128647,0,1
2.51336475,0,0
2.5138646,0,1
2.51436465,0,0
2.5148644,0,1
2.51536445,0,0
2.51586425,0,1
2.51636435,0,0
2.51686415,0,1
2.5173642,0,0
2.517864,0,1
2.51836405,0,0
2.5188639,0,1
2.51936395,0,0
2.51986375,0,1
2.5203638,0,0
2.52086365,0,1
2.5213637,0,0
2.5218635,0,1
2.5223636,0,0
2.52286345,0,1
2.5233635,0,0
2.52386335,0,1
2.5243634,0,0
2.52486315,0,1
2.52536315,0,0
2.52586295,0,1
2.526363,0,0
2.52686275,0,1
2.5273628,0,0
2.5278626,0,1
2.5283627,0,0
2.52886255,0,1
2.52936255,0,0
2.52986235,0,1
2.5303624,0,0
2.53086225,0,1
2.53136235,0,0
2.5318622,0,1
2.5323623,0,0
2.53286215,0,1
2.53336225,0,0
2.5338621,0,1
2.5343622,0,0
2.534862,0,1
2.5353621,0,0
2.53586195,0,1
2.53636205,0,0
2.53686185,0,1
2.5373619,0,0
2.5378617,0,1
2.5383618,0,0
2.53886165,0,1
2.53936175,0,0
2.5398616,0,1
2.54036175,0,0
2.5408616,0,1
2.5413617,0,0
2.5418615,0,1
2.5423616,0,0
2.5428615,0,1
2.5433616,0,0
2.54386145,0,1
2.54436155,0,0
2.5448614,0,1
2.5453615,0,0
2.54586135,0,1
2.5463615,0,0
2.54686145,0,1
2.54736155,0,0
2.54786145,0,1
2.5483616,0,0
2.54886145,0,1
2.5493616,0,0
2.5498615,0,1
2.55036165,0,0
2.5508615,0,1
2.55136165,0,0
2.55186155,0,1
2.5523617,0,0
2.55286155,0,1
2.55336165,0,0
2.55386145,0,1
2.55436155,0,0
2.5548614,0,1
2.5553615,0,0
2.55586135,0,1
2.55636145,0,0
2.5568613,0,1
2.5573614,0,0
2.55786125,0,1
2.55836135,0,0
2.55886125,0,1
2.5593614,0,0
2.5598612,0,1
2.5603613,0,0
2.5608612,0,1
2.5613613,0,0
2.5618611,0,1
2.5623612,0,0
2.56286105,0,1
2.5633612,0,0
2.56386105,0,1
2.5643612,0,0
2.5648611,0,1
2.56536125,0,0
2.56586115,0,1
2.5663613,0,0
2.5668612,0,1
2.5673613,0,0
2.56786115,0,1
2.5683613,0,0
2.56886115,0,1
2.56936125,0,0
2.5698611,0,1
2.57036125,0,0
2.5708611,0,1
2.57136125,0,0
2.5718611,0,1
2.57236115,0,0
2.57286095,0,1
2.57336105,0,0
2.57386095,0,1
2.57436105,0,0
2.57486095,0,1
2.5753611,0,0
2.575861,0,1
2.5763612,0,0
2.57686105,0,1
2.57736125,0,0
2.5778612,0,1
2.57836135,0,0
2.57886125,0,1
2.5793614,0,0
2.5798613,0,1
2.58036145,0,0
2.5808614,0,1
2.58136155,0,0
2.58186145,0,1
2.5823616,0,0
2.5828615,0,1
2.5833616,0,0
2.58386145,0,1
2.5843616,0,0
2.5848615,0,1
2.5853616,0,0
2.5858615,0,1
2.58636165,0,0
2.58686155,0,1
2.58736165,0,0
2.58786155,0,1
2.5883617,0,0
2.5888616,0,1
2.58936175,0,0
2.58986165,0,1
2.59036185,0,0
2.59086175,0,1
2.5913619,0,0
2.59186185,0,1
2.592362,0,0
2.5928619,0,1
2.59336205,0,0
2.59386195,0,1
2.5943621,0,0
2.594862,0,1
2.59536215,0,0
2.595862,0,1
2.5963622,0,0
2.5968621,0,1
2.5973622,0,0
2.59786215,0,1
2.5983623,0,0
2.5988622,0,1
2.59936235,0,0
2.59986225,0,1
2.60036235,0,0
2.60086225,0,1
2.6013624,0,0
2.60186225,0,1
2.6023624,0,0
2.60286235,0,1
2.6033625,0,0
2.6038624,0,1
2.60436255,0,0
2.6048625,0,1
2.6053627,0,0
2.6058626,0,1
2.6063628,0,0
2.6068627,0,1
2.60736285,0,0
2.60786275,0,1
2.6083629,0,0
2.6088628,0,1
2.60936295,0,0
2.60986285,0,1
2.610363,0,0
2.61086285,0,1
2.611363,0,0
2.6118629,0,1
2.612363,0,0
2.6128629,0,1
2.613363,0,0
2.61386285,0,1
2.61436295,0,0
2.61486285,0,1
2.61536295,0,0
2.61586285,0,1
2.616363,0,0
2.61686285,0,1
2.617363,0,0
2.6178629,0,1
2.618363,0,0
2.6188629,0,1
2.619363,0,0
2.61986285,0,1
2.620363,0,0
2.62086285,0,1
2.621363,0,0
2.62186285,0,1
2.62236295,0,0
2.6228628,0,1
2.6233629,0,0
2.6238628,0,1
2.62436295,0,0
2.6248628,0,1
2.6253629,0,0
2.62586275,0,1
2.6263628,0,0
2.62686265,0,1
2.62736275,0,0
2.62786265,0,1
2.62836275,0,0
2.6288626,0,1
2.6293627,0,0
2.62986255,0,1
2.63036265,0,0
2.63086255,0,1
2.6313627,0,0
2.63186255,0,1
2.63236265,0,0
2.6328625,0,1
2.6333626,0,0
2.6338624,0,1
2.63436245,0,0
2.63486235,0,1
2.63536245,0,0
2.6358623,0,1
2.6363623,0,0
2.63686215,0,1
2.63736225,0,0
2.63786205,0,1
2.6383621,0,0
2.6388619,0,1
2.6393619,0,0
2.63986175,0,1
2.64036185,0,0
2.6408617,0,1
2.6413618,0,0
2.64186165,0,1
2.64236175,0,0
2.64286155,0,1
2.6433616,0,0
2.64386145,0,1
2.64436155,0,0
2.64486135,0,1
2.64536145,0,0
2.6458613,0,1
2.6463614,0,0
2.64686125,0,1
2.6473614,0,0
2.6478613,0,1
2.64836145,0,0
2.64886135,0,1
2.64936145,0,0
2.64986135,0,1
2.65036145,0,0
2.65086135,0,1
2.6513615,0,0
2.6518613,0,1
2.65236145,0,0
2.6528613,0,1
2.6533615,0,0
2.6538614,0,1
2.6543616,0,0
2.65486145,0,1
2.6553616,0,0
2.65586145,0,1
2.65636155,0,0
2.6568614,0,1
2.65736155,0,0
2.6578614,0,1
2.6583615,0,0
2.65886135,0,1
2.65936145,0,0
2.6598613,0,1
2.66036145,0,0
2.66086135,0,1
2.6613615,0,0
2.6618614,0,1
2.6623615,0,0
2.6628614,0,1
2.6633615,0,0
2.66386135,0,1
2.6643615,0,0
2.6648614,0,1
2.6653615,0,0
2.6658614,0,1
2.66636155,0,0
2.66686145,0,1
2.66736155,0,0
2.6678615,0,1
2.6683617,0,0
2.66886165,0,1
2.66936185,0,0
2.6698618,0,1
2.670362,0,0
2.67086195,0,1
2.67136215,0,0
2.6718621,0,1
2.6723623,0,0
2.6728622,0,1
2.6733624,0,0
2.6738623,0,1
2.6743625,0,0
2.6748624,0,1
2.6753626,0,0
2.67586255,0,1
2.6763627,0,0
2.6768626,0,1
2.6773628,0,0
2.6778627,0,1
2.67836285,0,0
2.6788628,0,1
2.679363,0,0
2.6798629,0,1
2.6803631,0,0
2.68086295,0,1
2.6813631,0,0
2.68186295,0,1
2.6823631,0,0
2.682863,0,1
2.68336315,0,0
2.68386305,0,1
2.6843632,0,0
2.6848631,0,1
2.68536325,0,0
2.68586315,0,1
2.68636325,0,0
2.6868631,0,1
2.68736325,0,0
2.68786315,0,1
2.68836325,0,0
2.68886315,0,1
2.68936335,0,0
2.68986325,0,1
2.6903634,0,0
2.6908633,0,1
2.6913634,0,0
2.69186335,0,1
2.6923635,0,0
2.6928634,0,1
2.69336345,0,0
2.69386335,0,1
2.6943635,0,0
2.6948634,0,1
2.69536355,0,0
2.6958634,0,1
2.69636355,0,0
2.6968635,0,1
2.69736365,0,0
2.6978636,0,1
2.69836375,0,0
2.6988637,0,1
2.69936385,0,0
2.6998638,0,1
2.70036395,0,0
2.7008639,0,1
2.7013641,0,0
2.701864,0,1
2.7023642,0,0
2.7028641,0,1
2.70336425,0,0
2.70386415,0,1
2.7043643,0,0
2.70486415,0,1
2.70536435,0,0
2.70586425,0,1
2.7063644,0,0
2.7068643,0,1
2.70736445,0,0
2.70786435,0,1
2.7083645,0,0
2.70886435,0,1
2.7093645,0,0
2.70986445,0,1
2.7103646,0,0
2.71086455,0,1
2.7113647,0,0
2.7118646,0,1
2.7123647,0,0
2.7128646,0,1
2.71336475,0,0
2.71386465,0,1
2.7143648,0,0
2.7148647,0,1
2.71536485,0,0
2.7158648,0,1
2.716365,0,0
2.7168649,0,1
2.7173651,0,0
2.717865,0,1
2.71836515,0,0
2.7188651,0,1
2.71936525,0,0
2.7198651,0,1
2.7203653,0,0
2.7208652,0,1
2.72136535,0,0
2.72186525,0,1
2.7223654,0,0
2.7228653,0,1
2.72336545,0,0
2.7238653,0,1
2.72436545,0,0
2.7248653,0,1
2.72536545,0,0
2.72586535,0,1
2.72636545,0,0
2.72686535,0,1
2.7273655,0,0
2.7278654,0,1
2.72836555,0,0
2.72886535,0,1
2.7293655,0,0
2.7298654,0,1
2.7303655,0,0
2.7308654,0,1
2.7313655,0,0
2.7318654,0,1
2.7323655,0,0
2.73286535,0,1
2.7333655,0,0
2.7338654,0,1
2.73436555,0,0
2.73486545,0,1
2.7353656,0,0
2.7358655,0,1
2.73636565,0,0
2.73686555,0,1
2.73736575,0,0
2.73786565,0,1
2.73836585,0,0
2.7388658,0,1
2.73936605,0,0
2.73986595,0,1
2.74036615,0,0
2.74086615,0,1
2.7413663,0,0
2.7418662,0,1
2.7423663,0,0
2.74286625,0,1
2.74336645,0,0
2.7438664,0,1
2.74436655,0,0
2.7448665,0,1
2.74536665,0,0
2.74586665,0,1
2.74636685,0,0
2.7468668,0,1
2.747367,0,0
2.7478669,0,1
2.748367,0,0
2.7488669,0,1
2.74936705,0,0
2.749867,0,1
2.75036715,0,0
2.75086705,0,1
2.7513673,0,0
2.75186725,0,1
2.7523674,0,0
2.7528674,0,1
2.7533676,0,0
2.75386755,0,1
2.75436775,0,0
2.7548676,0,1
2.7553678,0,0
2.75586775,0,1
2.7563679,0,0
2.7568678,0,1
2.757368,0,0
2.75786795,0,1
2.7583681,0,0
2.75886805,0,1
2.7593682,0,0
2.7598681,0,1
2.76036825,0,0
2.76086815,0,1
2.76136835,0,0
2.76186825,0,1
2.7623684,0,0
2.7628683,0,1
2.76336845,0,0
2.7638683,0,1
2.76436845,0,0
2.7648684,0,1
2.76536855,0,0
2.7658685,0,1
2.76636865,0,0
2.7668686,0,1
2.7673687,0,0
2.7678686,0,1
2.7683688,0,0
2.7688687,0,1
2.7693688,0,0
2.7698687,0,1
2.7703689,0,0
2.7708688,0,1
2.77136895,0,0
2.7718688,0,1
2.77236895,0,0
2.77286885,0,1
2.77336895,0,0
2.7738689,0,1
2.77436905,0,0
2.77486895,0,1
2.7753691,0,0
2.775869,0,1
2.7763691,0,0
2.776869,0,1
2.77736915,0,0
2.77786905,0,1
2.77836915,0,0
2.77886905,0,1
2.7793692,0,0
2.7798691,0,1
2.78036925,0,0
2.7808691,0,1
2.78136925,0,0
2.7818691,0,1
2.78236925,0,0
2.78286915,0,1
2.7833693,0,0
2.78386915,0,1
2.78436925,0,0
2.7848691,0,1
2.7853692,0,0
2.7858691,0,1
2.78636925,0,0
2.7868691,0,1
2.78736925,0,0
2.78786905,0,1
2.78836915,0,0
2.7888691,0,1
2.78936925,0,0
2.78986915,0,1
2.79036925,0,0
2.79086915,0,1
2.7913693,0,0
2.79186915,0,1
2.7923693,0,0
2.7928692,0,1
2.7933694,0,0
2.79386935,0,1
2.7943695,0,0
2.7948694,0,1
2.7953696,0,0
2.79586955,0,1
2.7963697,0,0
2.79686965,0,1
2.79736975,0,0
2.79786965,0,1
2.79836975,0,0
2.79886965,0,1
2.7993698,0,0
2.7998697,0,1
2.8003699,0,0
2.8008698,0,1
2.80136995,0,0
2.8018699,0,1
2.8023701,0,0
2.80287,0,1
2.8033702,0,0
2.8038701,0,1
2.80437025,0,0
2.80487015,0,1
2.80537035,0,0
2.8058703,0,1
2.8063705,0,0
2.8068704,0,1
2.8073706,0,0
2.80787055,0,1
2.8083708,0,0
2.80887075,0,1
2.80937095,0,0
2.80987085,0,1
2.810371,0,0
2.81087095,0,1
2.81137115,0,0
2.811871,0,1
2.81237115,0,0
2.81287105,0,1
2.8133712,0,0
2.81387105,0,1
2.81437125,0,0
2.8148711,0,1
2.81537125,0,0
2.81587115,0,1
2.81637125,0,0
2.81687115,0,1
2.8173713,0,0
2.8178712,0,1
2.8183714,0,0
2.8188713,0,1
2.81937145,0,0
2.81987135,0,1
2.8203715,0,0
2.8208714,0,1
2.82137155,0,0
2.82187145,0,1
2.8223716,0,0
2.82287155,0,1
2.8233717,0,0
2.82387165,0,1
2.8243718,0,0
2.82487175,0,1
2.8253719,0,0
2.82587185,0,1
2.82637205,0,0
2.82687195,0,1
2.82737205,0,0
2.827872,0,1
2.82837215,0,0
2.82887205,0,1
2.82937215,0,0
2.82987205,0,1
2.83037215,0,0
2.83087205,0,1
2.8313722,0,0
2.83187215,0,1
2.83237225,0,0
2.8328722,0,1
2.83337235,0,0
2.83387225,0,1
2.8343724,0,0
2.8348723,0,1
2.83537245,0,0
2.83587235,0,1
2.8363725,0,0
2.8368724,0,1
2.83737255,0,0
2.83787245,0,1
2.8383726,0,0
2.8388725,0,1
2.8393726,0,0
2.8398725,0,1
2.8403727,0,0
2.8408726,0,1
2.84137275,0,0
2.84187265,0,1
2.8423728,0,0
2.84287265,0,1
2.84337275,0,0
2.84387265,0,1
2.84437275,0,0
2.8448726,0,1
2.8453727,0,0
2.8458725,0,1
2.84637255,0,0
2.8468724,0,1
2.8473725,0,0
2.84787235,0,1
2.84837235,0,0
2.8488722,0,1
2.8493723,0,0
2.84987215,0,1
2.85037225,0,0
2.85087215,0,1
2.8513723,0,0
2.85187215,0,1
2.8523723,0,0
2.8528722,0,1
2.8533723,0,0
2.85387225,0,1
2.85437235,0,0
2.85487225,0,1
2.8553724,0,0
2.85587225,0,1
2.85637235,0,0
2.8568723,0,1
2.85737245,0,0
2.8578723,0,1
2.8583725,0,0
2.8588724,0,1
2.85937255,0,0
2.8598725,0,1
2.8603726,0,0
2.8608725,0,1
2.8613726,0,0
2.8618725,0,1
2.8623727,0,0
2.8628726,0,1
2.8633728,0,0
2.8638727,0,1
2.8643728,0,0
2.86487265,0,1
2.86537275,0,0
2.8658726,0,1
2.86637275,0,0
2.8668726,0,1
2.86737275,0,0
2.86787265,0,1
2.86837275,0,0
2.86887265,0,1
2.86937275,0,0
2.86987265,0,1
2.8703728,0,0
2.8708727,0,1
2.87137285,0,0
2.8718728,0,1
2.872373,0,0
2.87287295,0,1
2.87337315,0,0
2.8738731,0,1
2.87437325,0,0
2.87487315,0,1
2.87537325,0,0
2.8758731,0,1
2.87637325,0,0
2.87687315,0,1
2.8773733,0,0
2.87787315,0,1
2.8783733,0,0
2.87887315,0,1
2.87937325,0,0
2.87987305,0,1
2.88037315,0,0
2.88087305,0,1
2.88137315,0,0
2.881873,0,1
2.88237315,0,0
2.882873,0,1
2.8833731,0,0
2.883873,0,1
2.88437315,0,0
2.884873,0,1
2.88537315,0,0
2.885873,0,1
2.8863731,0,0
2.88687295,0,1
2.8873731,0,0
2.887873,0,1
2.8883731,0,0
2.888873,0,1
2.8893731,0,0
2.889873,0,1
2.89037315,0,0
2.890873,0,1
2.89137315,0,0
2.8918731,0,1
2.89237325,0,0
2.8928731,0,1
2.89337325,0,0
2.89387315,0,1
2.8943733,0,0
2.89487315,0,1
2.8953733,0,0
2.89587315,0,1
2.89637325,0,0
2.8968731,0,1
2.8973732,0,0
2.89787305,0,1
2.8983732,0,0
2.898873,0,1
2.89937305,0,0
2.8998729,0,1
2.90037295,0,0
2.90087285,0,1
2.90137295,0,0
2.9018728,0,1
2.90237285,0,0
2.9028727,0,1
2.9033728,0,0
2.9038726,0,1
2.9043727,0,0
2.90487255,0,1
2.9053727,0,0
2.90587255,0,1
2.90637265,0,0
2.90687255,0,1
2.90737265,0,0
2.9078725,0,1
2.9083726,0,0
2.9088725,0,1
2.90937265,0,0
2.90987255,0,1
2.9103727,0,0
2.9108726,0,1
2.9113727,0,0
2.9118726,0,1
2.91237275,0,0
2.91287265,0,1
2.9133728,0,0
2.9138727,0,1
2.9143728,0,0
2.9148727,0,1
2.9153728,0,0
2.91587265,0,1
2.9163728,0,0
2.91687265,0,1
2.9173728,0,0
2.91787265,0,1
2.91837275,0,0
2.9188726,0,1
2.9193727,0,0
2.91987255,0,1
2.92037265,0,0
2.92087255,0,1
2.92137265,0,0
2.92187255,0,1
2.9223727,0,0
2.92287255,0,1
2.92337265,0,0
2.9238725,0,1
2.92437265,0,0
2.92487245,0,1
2.92537255,0,0
2.9258724,0,1
2.9263725,0,0
2.9268724,0,1
2.9273725,0,0
2.9278724,0,1
2.9283725,0,0
2.9288724,0,1
2.9293725,0,0
2.9298724,0,1
2.93037255,0,0
2.9308724,0,1
2.9313725,0,0
2.93187235,0,1
2.93237245,0,0
2.9328723,0,1
2.9333724,0,0
2.9338723,0,1
2.93437245,0,0
2.9348723,0,1
2.9353724,0,0
2.93587225,0,1
2.93637235,0,0
2.9368722,0,1
2.93737225,0,0
2.9378721,0,1
2.93837215,0,0
2.93887195,0,1
2.93937205,0,0
2.9398719,0,1
2.940372,0,0
2.94087185,0,1
2.94137195,0,0
2.94187175,0,1
2.9423718,0,0
2.9428716,0,1
2.94337165,0,0
2.9438715,0,1
2.94437155,0,0
2.94487135,0,1
2.94537145,0,0
2.94587135,0,1
2.94637145,0,0
2.9468713,0,1
2.94737135,0,0
2.9478712,0,1
2.9483713,0,0
2.94887115,0,1
2.9493713,0,0
2.94987115,0,1
2.95037125,0,0
2.95087105,0,1
2.9513711,0,0
2.95187095,0,1
2.95237105,0,0
2.9528709,0,1
2.953371,0,0
2.95387085,0,1
2.95437095,0,0
2.95487075,0,1
2.95537085,0,0
2.95587065,0,1
2.9563707,0,0
2.95687055,0,1
2.9573706,0,0
2.9578704,0,1
2.9583705,0,0
2.9588703,0,1
2.95937035,0,0
2.9598702,0,1
2.9603703,0,0
2.96087015,0,1
2.96137025,0,0
2.9618701,0,1
2.96237015,0,0
2.96286995,0,1
2.96336995,0,0
2.9638697,0,1
2.96436975,0,0
2.96486955,0,1
2.9653695,0,0
2.96586925,0,1
2.96636925,0,0
2.96686905,0,1
2.96736905,0,0
2.96786885,0,1
2.9683689,0,0
2.96886875,0,1
2.9693688,0,0
2.9698686,0,1
2.97036865,0,0
2.97086845,0,1
2.97136855,0,0
2.97186835,0,1
2.97236845,0,0
2.97286825,0,1
2.97336825,0,0
2.97386805,0,1
2.97436815,0,0
2.97486795,0,1
2.97536805,0,0
2.97586785,0,1
2.97636795,0,0
2.97686785,0,1
2.97736795,0,0
2.9778678,0,1
2.97836795,0,0
2.97886775,0,1
2.97936775,0,0
2.97986755,0,1
2.98036765,0,0
2.9808675,0,1
2.98136755,0,0
2.98186745,0,1
2.9823675,0,0
2.98286735,0,1
2.98336745,0,0
2.98386725,0,1
2.9843673,0,0
2.9848671,0,1
2.98536715,0,0
2.98586695,0,1
2.98636705,0,0
2.9868669,0,1
2.98736695,0,0
2.98786675,0,1
2.9883668,0,0
2.98886665,0,1
2.98936675,0,0
2.9898665,0,1
2.99036655,0,0
2.99086635,0,1
2.99136645,0,0
2.99186625,0,1
2.99236635,0,0
2.99286615,0,1
2.9933662,0,0
2.9938661,0,1
2.99436615,0,0
2.99486595,0,1
2.995366,0,0
2.9958658,0,1
2.99636585,0,0
2.99686565,0,1
2.9973657,0,0
2.9978655,0,1
2.99836555,0,0
2.9988654,0,1
2.99936545,0,0
2.99986525,0,1
3.0003653,0,0
3.00086505,0,1
3.00136515,0,0
3.0018649,0,1
3.00236495,0,0
3.00286475,0,1
3.00336485,0,0
3.0038647,0,1
3.0043648,0,0
3.0048646,0,1
3.00536475,0,0
3.00586455,0,1
3.00636465,0,0
3.0068645,0,1
3.00736455,0,0
3.00786435,0,1
3.00836445,0,0
3.00886425,0,1
3.00936435,0,0
3.0098642,0,1
3.0103643,0,0
3.0108642,0,1
3.01136425,0,0
3.01186405,0,1
3.01236415,0,0
3.012864,0,1
3.01336415,0,0
3.013864,0,1
3.01436415,0,0
3.01486395,0,1
3.01536405,0,0
3.0158639,0,1
3.01636395,0,0
3.0168638,0,1
3.01736385,0,0
3.0178636,0,1
3.01836365,0,0
3.01886345,0,1
3.0193635,0,0
3.0198633,0,1
3.02036335,0,0
3.02086325,0,1
3.02136335,0,0
3.0218632,0,1
3.02236325,0,0
3.022863,0,1
3.0233631,0,0
3.02386285,0,1
3.02436285,0,0
3.02486265,0,1
3.0253627,0,0
3.0258625,0,1
3.0263626,0,0
3.02686245,0,1
3.02736255,0,0
3.02786235,0,1
3.0283624,0,0
3.02886215,0,1
3.0293622,0,0
3.029862,0,1
3.03036205,0,0
3.0308619,0,1
3.03136195,0,0
3.03186175,0,1
3.03236185,0,0
3.0328617,0,1
3.03336175,0,0
3.0338616,0,1
3.03436165,0,0
3.0348615,0,1
3.0353616,0,0
3.0358614,0,1
3.03636145,0,0
3.03686125,0,1
3.0373613,0,0
3.0378611,0,1
3.0383611,0,0
3.0388609,0,1
3.03936095,0,0
3.03986075,0,1
3.0403608,0,0
3.0408606,0,1
3.0413606,0,0
3.04186045,0,1
3.0423605,0,0
3.0428603,0,1
3.04336035,0,0
3.0438601,0,1
3.0443601,0,0
3.0448599,0,1
3.04535995,0,0
3.04585975,0,1
3.04635975,0,0
3.0468595,0,1
3.04735945,0,0
3.04785925,0,1
3.04835925,0,0
3.048859,0,1
3.04935905,0,0
3.04985885,0,1
3.0503589,0,0
3.05085865,0,1
3.0513587,0,0
3.05185845,0,1
3.0523585,0,0
3.0528582,0,1
3.05335825,0,0
3.05385795,0,1
3.05435795,0,0
3.05485775,0,1
3.05535775,0,0
3.05585755,0,1
3.05635755,0,0
3.05685735,0,1
3.0573574,0,0
3.0578572,0,1
3.05835715,0,0
3.05885695,0,1
3.059357,0,0
3.0598568,0,1
3.0603569,0,0
3.06085675,0,1
3.06135685,0,0
3.06185665,0,1
3.06235675,0,0
3.06285655,0,1
3.06335665,0,0
3.06385645,0,1
3.0643565,0,0
3.06485635,0,1
3.0653564,0,0
3.0658562,0,1
3.0663562,0,0
3.06685605,0,1
3.06735615,0,0
3.06785605,0,1
3.0683562,0,0
3.06885605,0,1
3.06935615,0,0
3.06985605,0,1
3.0703562,0,0
3.07085605,0,1
3.0713561,0,0
3.0718559,0,1
3.072356,0,0
3.0728558,0,1
3.07335585,0,0
3.07385565,0,1
3.07435575,0,0
3.0748556,0,1
3.07535565,0,0
3.0758555,0,1
3.07635555,0,0
3.0768554,0,1
3.0773555,0,0
3.0778553,0,1
3.0783554,0,0
3.0788552,0,1
3.0793552,0,0
3.079855,0,1
3.0803551,0,0
3.08085485,0,1
3.0813549,0,0
3.0818547,0,1
3.08235475,0,0
3.0828546,0,1
3.08335465,0,0
3.08385445,0,1
3.08435445,0,0
3.08485425,0,1
3.0853543,0,0
3.0858541,0,1
3.0863542,0,0
3.086854,0,1
3.08735405,0,0
3.0878539,0,1
3.088354,0,0
3.0888538,0,1
3.0893539,0,0
3.08985365,0,1
3.09035375,0,0
3.09085355,0,1
3.0913536,0,0
3.09185345,0,1
3.0923535,0,0
3.0928533,0,1
3.09335335,0,0
3.0938532,0,1
3.0943532,0,0
3.094853,0,1
3.095353,0,0
3.0958527,0,1
3.0963527,0,0
3.0968525,0,1
3.0973525,0,0
3.0978522,0,1
3.09835225,0,0
3.09885195,0,1
3.09935195,0,0
3.0998517,0,1
3.1003517,0,0
3.1008514,0,1
3.10135145,0,0
3.1018512,0,1
3.1023512,0,0
3.102851,0,1
3.10335105,0,0
3.10385085,0,1
3.10435095,0,0
3.1048508,0,1
3.1053509,0,0
3.10585075,0,1
3.1063509,0,0
3.10685075,0,1
3.10735085,0,0
3.10785075,0,1
3.1083508,0,0
3.1088507,0,1
3.1093508,0,0
3.1098507,0,1
3.1103508,0,0
3.1108507,0,1
3.1113508,0,0
3.1118507,0,1
3.1123508,0,0
3.11285065,0,1
3.1133507,0,0
3.11385055,0,1
3.11435055,0,0
3.11485035,0,1
3.11535045,0,0
3.11585035,0,1
3.1163505,0,0
3.1168504,0,1
3.1173505,0,0
3.11785035,0,1
3.1183505,0,0
3.11885035,0,1
3.11935045,0,0
3.11985025,0,1
3.12035035,0,0
3.12085015,0,1
3.12135025,0,0
3.1218501,0,1
3.12235015,0,0
3.12285,0,1
3.1233501,0,0
3.12384995,0,1
3.12435005,0,0
3.12484985,0,1
3.12535,0,0
3.12584985,0,1
3.1263499,0,0
3.1268497,0,1
3.12734975,0,0
3.12784955,0,1
3.1283496,0,0
3.12884945,0,1
3.1293496,0,0
3.12984945,0,1
3.13034955,0,0
3.1308494,0,1
3.1313495,0,0
3.13184935,0,1
3.13234945,0,0
3.1328493,0,1
3.1333494,0,0
3.13384925,0,1
3.13434935,0,0
3.1348492,0,1
3.13534925,0,0
3.13584915,0,1
3.13634925,0,0
3.13684905,0,1
3.1373492,0,0
3.137849,0,1
3.13834905,0,0
3.1388489,0,1
3.139349,0,0
3.13984885,0,1
3.140349,0,0
3.1408488,0,1
3.1413489,0,0
3.1418487,0,1
3.1423488,0,0
3.14284865,0,1
3.1433487,0,0
3.1438485,0,1
3.14434855,0,0
3.1448484,0,1
3.14534855,0,0
3.1458484,0,1
3.14634845,0,0
3.1468483,0,1
3.1473484,0,0
3.14784825,0,1
3.14834835,0,0
3.14884825,0,1
3.1493484,0,0
3.14984825,0,1
3.15034835,0,0
3.1508482,0,1
3.1513483,0,0
3.15184815,0,1
3.1523482,0,0
3.15284805,0,1
3.15334815,0,0
3.153848,0,1
3.1543481,0,0
3.15484795,0,1
3.155348,0,0
3.1558478,0,1
3.1563479,0,0
3.15684765,0,1
3.1573477,0,0
3.15784745,0,1
3.15834755,0,0
3.1588474,0,1
3.15934745,0,0
3.1598473,0,1
3.1603474,0,0
3.1608472,0,1
3.1613473,0,0
3.16184715,0,1
3.16234725,0,0
3.1628471,0,1
3.1633472,0,0
3.16384705,0,1
3.16434715,0,0
3.164847,0,1
3.16534705,0,0
3.16584685,0,1
3.16634685,0,0
3.1668467,0,1
3.1673467,0,0
3.1678465,0,1
3.16834655,0,0
3.16884635,0,1
3.1693464,0,0
3.16984625,0,1
3.1703463,0,0
3.1708461,0,1
3.17134615,0,0
3.171846,0,1
3.17234605,0,0
3.1728459,0,1
3.17334595,0,0
3.1738458,0,1
3.17434585,0,0
3.17484565,0,1
3.1753457,0,0
3.17584555,0,1
3.1763456,0,0
3.1768454,0,1
3.17734545,0,0
3.17784525,0,1
3.17834535,0,0
3.17884515,0,1
3.1793452,0,0
3.17984505,0,1
3.1803451,0,0
3.18084485,0,1
3.18134485,0,0
3.1818446,0,1
3.1823446,0,0
3.1828444,0,1
3.18334445,0,0
3.18384425,0,1
3.1843443,0,0
3.1848441,0,1
3.1853442,0,0
3.185844,0,1
3.18634405,0,0
3.1868439,0,1
3.187344,0,0
3.18784385,0,1
3.1883439,0,0
3.1888437,0,1
3.18934375,0,0
3.18984355,0,1
3.1903436,0,0
3.19084345,0,1
3.1913435,0,0
3.19184335,0,1
3.19234345,0,0
3.1928433,0,1
3.19334335,0,0
3.1938432,0,1
3.1943433,0,0
3.19484315,0,1
3.19534325,0,0
3.19584305,0,1
3.1963432,0,0
3.19684305,0,1
3.19734315,0,0
3.19784295,0,1
3.19834305,0,0
3.1988429,0,1
3.199343,0,0
3.1998428,0,1
3.2003429,0,0
3.20084275,0,1
3.20134285,0,0
3.20184265,0,1
3.2023428,0,0
3.2028426,0,1
3.2033427,0,0
3.20384255,0,1
3.20434265,0,0
3.2048425,0,1
3.20534255,0,0
3.2058424,0,1
3.2063425,0,0
3.20684235,0,1
3.2073425,0,0
3.20784235,0,1
3.20834245,0,0
3.2088423,0,1
3.20934245,0,0
3.20984235,0,1
3.21034245,0,0
3.21084235,0,1
3.2113424,0,0
3.2118422,0,1
3.2123423,0,0
3.2128421,0,1
3.2133422,0,0
3.213842,0,1
3.21434215,0,0
3.214842,0,1
3.21534205,0,0
3.2158418,0,1
3.21634185,0,0
3.21684165,0,1
3.2173417,0,0
3.2178415,0,1
3.21834165,0,0
3.21884145,0,1
3.21934155,0,0
3.2198414,0,1
3.2203415,0,0
3.22084135,0,1
3.22134145,0,0
3.2218413,0,1
3.2223414,0,0
3.22284125,0,1
3.2233414,0,0
3.2238413,0,1
3.2243414,0,0
3.22484125,0,1
3.22534135,0,0
3.22584115,0,1
3.22634125,0,0
3.2268411,0,1
3.2273412,0,0
3.22784105,0,1
3.2283411,0,0
3.22884095,0,1
3.22934105,0,0
3.2298409,0,1
3.230341,0,0
3.23084085,0,1
3.23134095,0,0
3.2318408,0,1
3.23234085,0,0
3.23284065,0,1
3.23334075,0,0
3.23384055,0,1
3.2343406,0,0
3.2348404,0,1
3.23534045,0,0
3.23584025,0,1
3.2363403,0,0
3.23684015,0,1
3.2373402,0,0
3.23784,0,1
3.23834005,0,0
3.2388399,0,1
3.23934,0,0
3.2398398,0,1
3.24033985,0,0
3.24083965,0,1
3.2413397,0,0
3.2418395,0,1
3.2423396,0,0
3.24283945,0,1
3.24333955,0,0
3.24383935,0,1
3.24433945,0,0
3.2448393,0,1
3.2453394,0,0
3.24583925,0,1
3.2463393,0,0
3.24683915,0,1
3.24733925,0,0
3.2478391,0,1
3.24833915,0,0
3.248839,0,1
3.2493391,0,0
3.24983895,0,1
3.250339,0,0
3.25083885,0,1
3.251339,0,0
3.25183885,0,1
3.25233895,0,0
3.2528388,0,1
3.2533389,0,0
3.2538388,0,1
3.25433895,0,0
3.25483875,0,1
3.2553389,0,0
3.2558388,0,1
3.2563389,0,0
3.25683875,0,1
3.25733885,0,0
3.25783875,0,1
3.2583388,0,0
3.25883865,0,1
3.2593387,0,0
3.25983855,0,1
3.2603386,0,0
3.2608385,0,1
3.2613386,0,0
3.2618385,0,1
3.2623386,0,0
3.2628385,0,1
3.26333855,0,0
3.2638384,0,1
3.26433845,0,0
3.2648383,0,1
3.26533845,0,0
3.2658383,0,1
3.26633845,0,0
3.2668383,0,1
3.2673384,0,0
3.26783825,0,1
3.2683384,0,0
3.26883825,0,1
3.2693384,0,0
3.26983825,0,1
3.27033835,0,0
3.2708383,0,1
3.2713384,0,0
3.27183835,0,1
3.27233845,0,0
3.27283835,0,1
3.27333845,0,0
3.2738383,0,1
3.27433845,0,0
3.2748383,0,1
3.2753384,0,0
3.27583825,0,1
3.27633835,0,0
3.27683825,0,1
3.27733835,0,0
3.27783825,0,1
3.2783383,0,0
3.2788382,0,1
3.2793383,0,0
3.27983815,0,1
3.28033825,0,0
3.2808381,0,1
3.28133825,0,0
3.28183815,0,1
3.28233825,0,0
3.2828381,0,1
3.28333815,0,0
3.283838,0,1
3.2843381,0,0
3.28483795,0,1
3.285338,0,0
3.2858378,0,1
3.2863379,0,0
3.28683775,0,1
3.2873379,0,0
3.28783775,0,1
3.28833785,0,0
3.28883775,0,1
3.28933785,0,0
3.28983765,0,1
3.2903377,0,0
3.29083755,0,1
3.2913376,0,0
3.29183745,0,1
3.29233755,0,0
3.2928374,0,1
3.29333755,0,0
3.2938374,0,1
3.2943375,0,0
3.29483735,0,1
3.2953375,0,0
3.2958373,0,1
3.2963374,0,0
3.2968372,0,1
3.29733725,0,0
3.2978371,0,1
3.29833715,0,0
3.298837,0,1
3.299337,0,0
3.29983685,0,1
3.30033695,0,0
3.3008368,0,1
3.30133695,0,0
3.3018368,0,1
3.3023369,0,0
3.3028368,0,1
3.30333695,0,0
3.3038368,0,1
3.30433695,0,0
3.30483685,0,1
3.305337,0,0
3.3058369,0,1
3.3063369,0,0
3.3068368,0,1
3.3073369,0,0
3.3078368,0,1
3.3083369,0,0
3.30883675,0,1
3.3093368,0,0
3.30983665,0,1
3.31033675,0,0
3.3108366,0,1
3.3113367,0,0
3.3118366,0,1
3.31233675,0,0
3.3128366,0,1
3.31333675,0,0
3.3138366,0,1
3.31433675,0,0
3.3148366,0,1
3.3153367,0,0
3.31583655,0,1
3.31633665,0,0
3.3168365,0,1
3.31733665,0,0
3.3178365,0,1
3.31833655,0,0
3.3188364,0,1
3.31933645,0,0
3.3198363,0,1
3.32033645,0,0
3.3208363,0,1
3.32133645,0,0
3.3218363,0,1
3.3223364,0,0
3.3228362,0,1
3.3233363,0,0
3.32383615,0,1
3.32433615,0,0
3.324836,0,1
3.3253361,0,0
3.32583595,0,1
3.32633605,0,0
3.32683595,0,1
3.32733605,0,0
3.3278359,0,1
3.32833605,0,0
3.3288359,0,1
3.32933605,0,0
3.3298359,0,1
3.330336,0,0
3.3308359,0,1
3.331336,0,0
3.3318359,0,1
3.332336,0,0
3.33283595,0,1
3.3333361,0,0
3.333836,0,1
3.33433615,0,0
3.33483605,0,1
3.3353362,0,0
3.3358361,0,1
3.3363362,0,0
3.3368361,0,1
3.33733625,0,0
3.33783615,0,1
3.3383363,0,0
3.33883615,0,1
3.33933625,0,0
3.33983615,0,1
3.34033625,0,0
3.3408361,0,1
3.3413362,0,0
3.34183605,0,1
3.3423361,0,0
3.34283595,0,1
3.34333605,0,0
3.3438359,0,1
3.34433605,0,0
3.3448359,0,1
3.345336,0,0
3.3458358,0,1
3.3463359,0,0
3.34683575,0,1
3.34733585,0,0
3.3478357,0,1
3.34833585,0,0
3.34883575,0,1
3.34933585,0,0
3.34983575,0,1
3.35033595,0,0
3.35083585,0,1
3.351336,0,0
3.3518359,0,1
3.35233605,0,0
3.35283595,0,1
3.3533361,0,0
3.35383605,0,1
3.3543362,0,0
3.3548361,0,1
3.35533625,0,0
3.3558362,0,1
3.3563364,0,0
3.35683635,0,1
3.35733655,0,0
3.35783645,0,1
3.3583366,0,0
3.3588365,0,1
3.35933665,0,0
3.3598365,0,1
3.3603366,0,0
3.36083645,0,1
3.3613366,0,0
3.36183645,0,1
3.3623366,0,0
3.36283645,0,1
3.36333655,0,0
3.3638364,0,1
3.3643365,0,0
3.36483635,0,1
3.3653365,0,0
3.36583635,0,1
3.3663364,0,0
3.36683625,0,1
3.3673363,0,0
3.36783615,0,1
3.3683362,0,0
3.36883605,0,1
3.36933615,0,0
3.36983595,0,1
3.37033605,0,0
3.37083585,0,1
3.37133595,0,0
3.3718358,0,1
3.3723359,0,0
3.3728357,0,1
3.37333575,0,0
3.3738356,0,1
3.3743357,0,0
3.37483555,0,1
3.37533565,0,0
3.3758355,0,1
3.37633565,0,0
3.37683555,0,1
3.3773356,0,0
3.3778355,0,1
3.37833555,0,0
3.37883545,0,1
3.37933555,0,0
3.3798354,0,1
3.38033555,0,0
3.38083545,0,1
3.3813356,0,0
3.38183545,0,1
3.38233555,0,0
3.3828354,0,1
3.38333545,0,0
3.3838353,0,1
3.38433535,0,0
3.3848352,0,1
3.38533535,0,0
3.38583515,0,1
3.38633525,0,0
3.38683505,0,1
3.38733515,0,0
3.387835,0,1
3.38833505,0,0
3.3888349,0,1
3.389335,0,0
3.3898349,0,1
3.39033505,0,0
3.3908349,0,1
3.39133505,0,0
3.39183495,0,1
3.3923351,0,0
3.39283495,0,1
3.3933351,0,0
3.393835,0,1
3.39433515,0,0
3.394835,0,1
3.3953351,0,0
3.39583495,0,1
3.396335,0,0
3.3968348,0,1
3.3973349,0,0
3.3978347,0,1
3.3983348,0,0
3.3988347,0,1
3.3993348,0,0
3.39983465,0,1
3.4003348,0,0
3.40083465,0,1
3.4013348,0,0
3.4018347,0,1
3.4023348,0,0
3.40283465,0,1
3.4033348,0,0
3.40383465,0,1
3.4043348,0,0
3.4048346,0,1
3.40533475,0,0
3.4058346,0,1
3.40633475,0,0
3.4068346,0,1
3.40733475,0,0
3.4078346,0,1
3.4083347,0,0
3.4088346,0,1
3.4093347,0,0
3.4098346,0,1
3.41033475,0,0
3.41083465,0,1
3.41133475,0,0
3.4118347,0,1
3.41233485,0,0
3.4128347,0,1
3.4133348,0,0
3.41383465,0,1
3.4143348,0,0
3.4148347,0,1
3.4153348,0,0
3.41583465,0,1
3.4163348,0,0
3.41683465,0,1
3.41733475,0,0
3.4178346,0,1
3.41833475,0,0
3.4188346,0,1
3.4193347,0,0
3.4198346,0,1
3.4203347,0,0
3.42083455,0,1
3.4213347,0,0
3.42183455,0,1
3.42233465,0,0
3.4228345,0,1
3.4233346,0,0
3.4238345,0,1
3.42433465,0,0
3.4248345,0,1
3.42533465,0,0
3.42583455,0,1
3.42633465,0,0
3.4268345,0,1
3.42733465,0,0
3.4278345,0,1
3.4283346,0,0
3.4288345,0,1
3.4293346,0,0
3.42983445,0,1
3.4303346,0,0
3.43083445,0,1
3.43133465,0,0
3.4318345,0,1
3.4323346,0,0
3.43283445,0,1
3.43333455,0,0
3.4338344,0,1
3.4343345,0,0
3.43483435,0,1
3.43533435,0,0
3.43583415,0,1
3.4363342,0,0
3.43683405,0,1
3.4373341,0,0
3.43783395,0,1
3.43833405,0,0
3.43883395,0,1
3.43933405,0,0
3.4398339,0,1
3.44033395,0,0
3.44083385,0,1
3.44133395,0,0
3.4418338,0,1
3.4423339,0,0
3.44283385,0,1
3.44333395,0,0
3.44383385,0,1
3.444334,0,0
3.4448339,0,1
3.4453341,0,0
3.445834,0,1
3.44633415,0,0
3.44683405,0,1
3.44733415,0,0
3.44783405,0,1
3.44833415,0,0
3.448834,0,1
3.44933415,0,0
3.449834,0,1
3.4503341,0,0
3.45083395,0,1
3.45133405,0,0
3.4518339,0,1
3.45233395,0,0
3.45283375,0,1
3.4533338,0,0
3.4538336,0,1
3.45433365,0,0
3.4548335,0,1
3.45533355,0,0
3.4558334,0,1
3.45633345,0,0
3.4568333,0,1
3.4573334,0,0
3.45783325,0,1
3.4583333,0,0
3.45883315,0,1
3.45933325,0,0
3.4598331,0,1
3.4603332,0,0
3.4608331,0,1
3.4613332,0,0
3.46183305,0,1
3.4623332,0,0
3.462833,0,1
3.4633331,0,0
3.4638329,0,1
3.464333,0,0
3.46483285,0,1
3.46533295,0,0
3.4658328,0,1
3.46633295,0,0
3.4668328,0,1
3.4673329,0,0
3.4678328,0,1
3.46833295,0,0
3.4688328,0,1
3.46933295,0,0
3.46983285,0,1
3.47033295,0,0
3.47083285,0,1
3.471333,0,0
3.4718329,0,1
3.472333,0,0
3.47283285,0,1
3.473333,0,0
3.47383285,0,1
3.474333,0,0
3.47483285,0,1
3.475333,0,0
3.4758329,0,1
3.47633305,0,0
3.47683295,0,1
3.47733305,0,0
3.477833,0,1
3.47833315,0,0
3.47883305,0,1
3.47933315,0,0
3.47983305,0,1
3.48033315,0,0
3.48083305,0,1
3.48133315,0,0
3.481833,0,1
3.4823331,0,0
3.48283295,0,1
3.4833331,0,0
3.483833,0,1
3.48433315,0,0
3.484833,0,1
3.48533315,0,0
3.485833,0,1
3.4863331,0,0
3.4868329,0,1
3.48733305,0,0
3.4878329,0,1
3.48833305,0,0
3.48883295,0,1
3.4893331,0,0
3.489833,0,1
3.4903331,0,0
3.490833,0,1
3.49133305,0,0
3.4918329,0,1
3.49233305,0,0
3.4928329,0,1
3.49333305,0,0
3.49383295,0,1
3.49433305,0,0
3.4948329,0,1
3.49533305,0,0
3.49583295,0,1
3.49633305,0,0
3.49683295,0,1
3.49733305,0,0
3.4978329,0,1
3.498333,0,0
3.49883285,0,1
3.4993329,0,0
3.4998328,0,1
3.50033285,0,0
3.5008327,0,1
3.50133285,0,0
3.5018327,0,1
3.50233285,0,0
3.5028327,0,1
3.5033328,0,0
3.50383265,0,1
3.50433275,0,0
3.5048326,0,1
3.5053327,0,0
3.50583255,0,1
3.5063326,0,0
3.50683245,0,1
3.5073325,0,0
3.50783235,0,1
3.5083325,0,0
3.5088323,0,1
3.50933235,0,0
3.50983215,0,1
3.5103323,0,0
3.51083215,0,1
3.51133225,0,0
3.5118322,0,1
3.51233245,0,0
3.5128324,0,1
3.5133326,0,0
3.5138325,0,1
3.5143326,0,0
3.5148325,0,1
3.5153327,0,0
3.51583265,0,1
3.51633285,0,0
3.51683285,0,1
3.5173331,0,0
3.51783295,0,1
3.51833305,0,0
3.5188329,0,1
3.51933295,0,0
3.51983275,0,1
3.52033285,0,0
3.5208327,0,1
3.5213328,0,0
3.52183265,0,1
3.52233275,0,0
3.5228326,0,1
3.52333275,0,0
3.5238326,0,1
3.5243327,0,0
3.52483255,0,1
3.52533265,0,0
3.52583245,0,1
3.5263326,0,0
3.52683245,0,1
3.52733255,0,0
3.52783245,0,1
3.52833255,0,0
3.5288324,0,1
3.52933255,0,0
3.52983245,0,1
3.5303326,0,0
3.5308325,0,1
3.53133265,0,0
3.5318326,0,1
3.5323327,0,0
3.5328326,0,1
3.5333327,0,0
3.5338326,0,1
3.53433275,0,0
3.53483265,0,1
3.5353328,0,0
3.5358327,0,1
3.53633285,0,0
3.5368327,0,1
3.53733275,0,0
3.5378326,0,1
3.53833275,0,0
3.5388326,0,1
3.5393327,0,0
3.5398326,0,1
3.5403327,0,0
3.5408326,0,1
3.54133275,0,0
3.5418326,0,1
3.5423327,0,0
3.54283255,0,1
3.5433326,0,0
3.54383245,0,1
3.5443326,0,0
3.5448325,0,1
3.5453326,0,0
3.5458325,0,1
3.5463327,0,0
3.5468326,0,1
3.54733275,0,0
3.5478327,0,1
3.54833285,0,0
3.5488328,0,1
3.54933295,0,0
3.5498329,0,1
3.55033305,0,0
3.55083295,0,1
3.5513331,0,0
3.55183295,0,1
3.5523331,0,0
3.55283295,0,1
3.5533331,0,0
3.55383295,0,1
3.5543331,0,0
3.554833,0,1
3.55533315,0,0
3.55583305,0,1
3.55633325,0,0
3.55683325,0,1
3.5573334,0,0
3.5578333,0,1
3.55833345,0,0
3.5588334,0,1
3.55933355,0,0
3.55983345,0,1
3.5603336,0,0
3.5608335,0,1
3.56133365,0,0
3.56183355,0,1
3.56233375,0,0
3.56283365,0,1
3.56333375,0,0
3.56383365,0,1
3.56433375,0,0
3.56483365,0,1
3.56533385,0,0
3.56583375,0,1
3.5663339,0,0
3.5668338,0,1
3.567334,0,0
3.5678339,0,1
3.568334,0,0
3.5688339,0,1
3.569334,0,0
3.56983395,0,1
3.5703341,0,0
3.57083405,0,1
3.5713342,0,0
3.5718341,0,1
3.5723342,0,0
3.5728341,0,1
3.57333425,0,0
3.5738341,0,1
3.57433425,0,0
3.57483415,0,1
3.57533425,0,0
3.57583415,0,1
3.5763343,0,0
3.57683415,0,1
3.5773343,0,0
3.57783425,0,1
3.5783344,0,0
3.57883435,0,1
3.5793345,0,0
3.5798344,0,1
3.58033455,0,0
3.5808344,0,1
3.5813345,0,0
3.58183435,0,1
3.5823345,0,0
3.5828344,0,1
3.5833345,0,0
3.58383445,0,1
3.58433455,0,0
3.58483445,0,1
3.58533455,0,0
3.5858344,0,1
3.58633455,0,0
3.5868345,0,1
3.58733465,0,0
3.58783455,0,1
3.5883347,0,0
3.5888346,0,1
3.58933465,0,0
3.5898345,0,1
3.59033465,0,0
3.59083455,0,1
3.59133465,0,0
3.59183455,0,1
3.59233465,0,0
3.59283455,0,1
3.59333465,0,0
3.5938346,0,1
3.59433475,0,0
3.59483465,0,1
3.5953348,0,0
3.5958347,0,1
3.59633485,0,0
3.5968347,0,1
3.59733485,0,0
3.59783475,0,1
3.59833485,0,0
3.5988347,0,1
3.59933485,0,0
3.5998347,0,1
3.6003348,0,0
3.60083465,0,1
3.60133475,0,0
3.60183465,0,1
3.6023348,0,0
3.60283465,0,1
3.6033348,0,0
3.6038346,0,1
3.60433475,0,0
3.6048346,0,1
3.60533475,0,0
3.60583465,0,1
3.60633475,0,0
3.6068346,0,1
3.60733475,0,0
3.60783465,0,1
3.6083348,0,0
3.6088347,0,1
3.6093348,0,0
3.6098347,0,1
3.6103348,0,0
3.6108347,0,1
3.61133485,0,0
3.61183475,0,1
3.6123349,0,0
3.6128348,0,1
3.61333485,0,0
3.6138347,0,1
3.6143348,0,0
3.6148347,0,1
3.6153348,0,0
3.61583465,0,1
3.6163348,0,0
3.61683465,0,1
3.61733475,0,0
3.6178346,0,1
3.61833475,0,0
3.6188347,0,1
3.6193348,0,0
3.6198347,0,1
3.62033485,0,0
3.6208348,0,1
3.621335,0,0
3.62183495,0,1
3.62233515,0,0
3.62283505,0,1
3.62333525,0,0
3.62383515,0,1
3.62433525,0,0
3.62483515,0,1
3.6253352,0,0
3.625835,0,1
3.62633515,0,0
3.62683505,0,1
3.62733515,0,0
3.62783505,0,1
3.62833515,0,0
3.628835,0,1
3.62933515,0,0
3.629835,0,1
3.6303352,0,0
3.6308351,0,1
3.63133525,0,0
3.63183515,0,1
3.63233535,0,0
3.63283525,0,1
3.63333545,0,0
3.63383535,0,1
3.63433555,0,0
3.6348355,0,1
3.63533565,0,0
3.63583555,0,1
3.6363357,0,0
3.6368356,0,1
3.6373358,0,0
3.63783575,0,1
3.6383359,0,0
3.63883585,0,1
3.63933605,0,0
3.639836,0,1
3.6403362,0,0
3.64083615,0,1
3.6413364,0,0
3.6418364,0,1
3.6423366,0,0
3.64283655,0,1
3.64333675,0,0
3.6438367,0,1
3.6443368,0,0
3.6448367,0,1
3.64533685,0,0
3.64583675,0,1
3.6463369,0,0
3.6468368,0,1
3.647337,0,0
3.6478369,0,1
3.6483371,0,0
3.64883705,0,1
3.6493372,0,0
3.64983715,0,1
3.65033735,0,0
3.6508373,0,1
3.65133745,0,0
3.6518374,0,1
3.6523376,0,0
3.65283755,0,1
3.6533377,0,0
3.65383755,0,1
3.6543377,0,0
3.6548376,0,1
3.65533775,0,0
3.65583765,0,1
3.65633785,0,0
3.65683775,0,1
3.65733795,0,0
3.65783785,0,1
3.658338,0,0
3.65883795,0,1
3.6593381,0,0
3.65983805,0,1
3.66033825,0,0
3.66083815,0,1
3.66133835,0,0
3.66183825,0,1
3.6623384,0,0
3.6628383,0,1
3.66333845,0,0
3.66383835,0,1
3.6643385,0,0
3.6648383,0,1
3.66533845,0,0
3.6658384,0,1
3.66633855,0,0
3.6668385,0,1
3.6673386,0,0
3.66783855,0,1
3.66833865,0,0
3.6688386,0,1
3.6693387,0,0
3.66983865,0,1
3.6703388,0,0
3.67083875,0,1
3.6713389,0,0
3.67183875,0,1
3.6723389,0,0
3.6728388,0,1
3.67333895,0,0
3.6738388,0,1
3.6743389,0,0
3.6748388,0,1
3.67533895,0,0
3.6758388,0,1
3.67633895,0,0
3.6768388,0,1
3.67733895,0,0
3.67783885,0,1
3.67833895,0,0
3.67883885,0,1
3.67933895,0,0
3.67983885,0,1
3.68033905,0,0
3.68083895,0,1
3.68133915,0,0
3.68183905,0,1
3.68233925,0,0
3.68283915,0,1
3.6833393,0,0
3.6838392,0,1
3.68433935,0,0
3.6848393,0,1
3.6853395,0,0
3.6858394,0,1
3.68633955,0,0
3.68683945,0,1
3.6873396,0,0
3.68783945,0,1
3.6883395,0,0
3.68883935,0,1
3.68933945,0,0
3.6898393,0,1
3.69033945,0,0
3.69083935,0,1
3.69133945,0,0
3.69183935,0,1
3.69233945,0,0
3.6928393,0,1
3.69333945,0,0
3.6938393,0,1
3.69433945,0,0
3.69483935,0,1
3.69533955,0,0
3.69583945,0,1
3.6963396,0,0
3.69683955,0,1
3.6973397,0,0
3.6978396,0,1
3.69833975,0,0
3.6988396,0,1
3.69933975,0,0
3.6998396,0,1
3.70033975,0,0
3.70083965,0,1
3.7013398,0,0
3.7018397,0,1
3.70233985,0,0
3.7028397,0,1
3.7033398,0,0
3.70383965,0,1
3.7043398,0,0
3.7048397,0,1
3.70533985,0,0
3.70583975,0,1
3.7063399,0,0
3.7068398,0,1
3.7073399,0,0
3.70783975,0,1
3.7083399,0,0
3.7088398,0,1
3.70933995,0,0
3.7098399,0,1
3.71034,0,0
3.7108399,0,1
3.71134005,0,0
3.71183995,0,1
3.7123401,0,0
3.71284,0,1
3.7133401,0,0
3.71384,0,1
3.71434015,0,0
3.71484005,0,1
3.7153402,0,0
3.7158401,0,1
3.71634025,0,0
3.7168402,0,1
3.71734035,0,0
3.71784025,0,1
3.7183404,0,0
3.7188403,0,1
3.7193404,0,0
3.7198403,0,1
3.72034045,0,0
3.7208403,0,1
3.7213404,0,0
3.7218403,0,1
3.72234045,0,0
3.72284035,0,1
3.7233405,0,0
3.7238404,0,1
3.72434055,0,0
3.7248404,0,1
3.72534055,0,0
3.72584045,0,1
3.7263406,0,0
3.7268405,0,1
3.7273406,0,0
3.72784055,0,1
3.7283407,0,0
3.72884055,0,1
3.7293407,0,0
3.7298406,0,1
3.7303407,0,0
3.7308406,0,1
3.73134075,0,0
3.73184065,0,1
3.73234085,0,0
3.7328408,0,1
3.73334095,0,0
3.73384085,0,1
3.73434095,0,0
3.73484085,0,1
3.735341,0,0
3.73584095,0,1
3.7363411,0,0
3.736841,0,1
3.7373411,0,0
3.737841,0,1
3.73834115,0,0
3.73884105,0,1
3.73934125,0,0
3.7398412,0,1
3.74034135,0,0
3.74084125,0,1
3.7413414,0,0
3.74184125,0,1
3.7423414,0,0
3.7428412,0,1
3.7433413,0,0
3.7438412,0,1
3.74434135,0,0
3.7448412,0,1
3.74534135,0,0
3.7458412,0,1
3.7463413,0,0
3.74684115,0,1
3.74734125,0,0
3.74784115,0,1
3.74834125,0,0
3.74884115,0,1
3.74934125,0,0
3.7498411,0,1
3.7503412,0,0
3.7508411,0,1
3.7513412,0,0
3.751841,0,1
3.7523411,0,0
3.752841,0,1
3.75334115,0,0
3.75384105,0,1
3.75434115,0,0
3.75484105,0,1
3.7553412,0,0
3.75584105,0,1
3.75634115,0,0
3.75684105,0,1
3.7573412,0,0
3.75784115,0,1
3.7583413,0,0
3.75884115,0,1
3.7593413,0,0
3.75984115,0,1
3.76034125,0,0
3.76084115,0,1
3.76134125,0,0
3.7618411,0,1
3.76234125,0,0
3.76284125,0,1
3.76334145,0,0
3.7638414,0,1
3.76434155,0,0
3.7648415,0,1
3.7653417,0,0
3.76584165,0,1
3.7663418,0,0
3.76684175,0,1
3.76734195,0,0
3.76784195,0,1
3.76834215,0,0
3.76884215,0,1
3.7693424,0,0
3.76984235,0,1
3.77034255,0,0
3.77084255,0,1
3.7713427,0,0
3.7718426,0,1
3.7723428,0,0
3.77284275,0,1
3.77334295,0,0
3.7738429,0,1
3.77434315,0,0
3.7748431,0,1
3.7753433,0,0
3.77584335,0,1
3.7763436,0,0
3.7768436,0,1
3.7773438,0,0
3.77784375,0,1
3.77834395,0,0
3.7788439,0,1
3.7793441,0,0
3.77984405,0,1
3.7803442,0,0
3.78084415,0,1
3.78134435,0,0
3.7818443,0,1
3.78234455,0,0
3.78284455,0,1
3.78334475,0,0
3.7838447,0,1
3.7843449,0,0
3.78484485,0,1
3.78534505,0,0
3.78584495,0,1
3.7863451,0,0
3.78684505,0,1
3.7873452,0,0
3.78784515,0,1
3.78834535,0,0
3.7888453,0,1
3.78934545,0,0
3.7898454,0,1
3.7903456,0,0
3.7908456,0,1
3.7913458,0,0
3.7918457,0,1
3.7923459,0,0
3.7928458,0,1
3.793346,0,0
3.7938459,0,1
3.7943461,0,0
3.79484605,0,1
3.7953462,0,0
3.7958462,0,1
3.79634635,0,0
3.7968463,0,1
3.7973465,0,0
3.79784645,0,1
3.79834665,0,0
3.7988466,0,1
3.79934685,0,0
3.79984685,0,1
3.800347,0,0
3.8008469,0,1
3.80134715,0,0
3.80184715,0,1
3.80234735,0,0
3.8028473,0,1
3.80334745,0,0
3.8038474,0,1
3.8043476,0,0
3.80484755,0,1
3.80534775,0,0
3.8058477,0,1
3.8063479,0,0
3.80684785,0,1
3.80734805,0,0
3.807848,0,1
3.80834815,0,0
3.8088481,0,1
3.80934825,0,0
3.8098482,0,1
3.81034835,0,0
3.81084825,0,1
3.8113484,0,0
3.8118483,0,1
3.81234845,0,0
3.81284835,0,1
3.81334855,0,0
3.8138485,0,1
3.81434865,0,0
3.81484865,0,1
3.81534885,0,0
3.8158488,0,1
3.81634905,0,0
3.816849,0,1
3.8173492,0,0
3.81784915,0,1
3.81834935,0,0
3.81884925,0,1
3.8193494,0,0
3.81984935,0,1
3.82034955,0,0
3.82084945,0,1
3.82134955,0,0
3.82184945,0,1
3.8223496,0,0
3.82284955,0,1
3.8233497,0,0
3.8238496,0,1
3.8243498,0,0
3.8248497,0,1
3.82534985,0,0
3.8258498,0,1
3.82635,0,0
3.82684995,0,1
3.82735015,0,0
3.8278501,0,1
3.8283503,0,0
3.82885025,0,1
3.8293505,0,0
3.82985045,0,1
3.83035065,0,0
3.83085065,0,1
3.83135085,0,0
3.8318508,0,1
3.83235105,0,0
3.832851,0,1
3.83335115,0,0
3.8338511,0,1
3.8343513,0,0
3.83485125,0,1
3.83535145,0,0
3.8358513,0,1
3.83635145,0,0
3.83685135,0,1
3.8373515,0,0
3.83785145,0,1
3.8383516,0,0
3.8388515,0,1
3.8393517,0,0
3.83985165,0,1
3.84035185,0,0
3.84085175,0,1
3.8413519,0,0
3.84185185,0,1
3.842352,0,0
3.84285195,0,1
3.84335215,0,0
3.84385205,0,1
3.84435225,0,0
3.8448522,0,1
3.84535235,0,0
3.8458523,0,1
3.84635245,0,0
3.84685235,0,1
3.8473525,0,0
3.8478524,0,1
3.84835255,0,0
3.8488525,0,1
3.84935265,0,0
3.84985255,0,1
3.85035275,0,0
3.8508527,0,1
3.8513529,0,0
3.8518528,0,1
3.852353,0,0
3.8528529,0,1
3.8533531,0,0
3.85385305,0,1
3.8543533,0,0
3.85485325,0,1
3.8553535,0,0
3.8558535,0,1
3.85635375,0,0
3.8568537,0,1
3.8573539,0,0
3.85785385,0,1
3.858354,0,0
3.85885395,0,1
3.85935415,0,0
3.8598541,0,1
3.86035425,0,0
3.8608542,0,1
3.86135435,0,0
3.86185435,0,1
3.8623545,0,0
3.86285445,0,1
3.8633546,0,0
3.8638545,0,1
3.86435465,0,0
3.86485455,0,1
3.8653547,0,0
3.86585455,0,1
3.86635475,0,0
3.8668547,0,1
3.86735485,0,0
3.8678548,0,1
3.86835495,0,0
3.86885485,0,1
3.86935505,0,0
3.869855,0,1
3.8703552,0,0
3.87085515,0,1
3.87135535,0,0
3.8718553,0,1
3.87235545,0,0
3.87285545,0,1
3.87335565,0,0
3.8738556,0,1
3.8743558,0,0
3.8748558,0,1
3.875356,0,0
3.87585595,0,1
3.8763561,0,0
3.876856,0,1
3.8773562,0,0
3.8778561,0,1
3.87835625,0,0
3.8788561,0,1
3.87935625,0,0
3.87985615,0,1
3.8803563,0,0
3.8808562,0,1
3.88135635,0,0
3.88185625,0,1
3.8823564,0,0
3.8828563,0,1
3.88335645,0,0
3.8838564,0,1
3.88435655,0,0
3.8848565,0,1
3.88535665,0,0
3.88585655,0,1
3.8863567,0,0
3.8868567,0,1
3.88735685,0,0
3.8878568,0,1
3.888357,0,0
3.888857,0,1
3.88935715,0,0
3.88985705,0,1
3.89035725,0,0
3.8908572,0,1
3.89135745,0,0
3.89185735,0,1
3.89235755,0,0
3.8928575,0,1
3.89335765,0,0
3.89385755,0,1
3.8943577,0,0
3.89485755,0,1
3.89535765,0,0
3.89585745,0,1
3.89635755,0,0
3.89685735,0,1
3.8973574,0,0
3.8978572,0,1
3.89835725,0,0
3.8988571,0,1
3.89935715,0,0
3.899857,0,1
3.90035705,0,0
3.90085695,0,1
3.901357,0,0
3.90185685,0,1
3.90235695,0,0
3.90285675,0,1
3.90335685,0,0
3.90385665,0,1
3.90435665,0,0
3.90485645,0,1
3.9053565,0,0
3.9058563,0,1
3.90635635,0,0
3.9068562,0,1
3.9073563,0,0
3.90785615,0,1
3.90835615,0,0
3.908856,0,1
3.90935605,0,0
3.9098559,0,1
3.91035595,0,0
3.91085575,0,1
3.9113558,0,0
3.9118556,0,1
3.91235565,0,0
3.9128555,0,1
3.91335555,0,0
3.9138554,0,1
3.9143555,0,0
3.9148553,0,1
3.9153554,0,0
3.9158552,0,1
3.9163552,0,0
3.916855,0,1
3.91735505,0,0
3.91785485,0,1
3.9183549,0,0
3.91885475,0,1
3.91935475,0,0
3.9198546,0,1
3.92035465,0,0
3.92085445,0,1
3.92135455,0,0
3.9218544,0,1
3.9223545,0,0
3.92285435,0,1
3.9233544,0,0
3.92385425,0,1
3.92435435,0,0
3.9248542,0,1
3.92535425,0,0
3.92585405,0,1
3.9263541,0,0
3.92685395,0,1
3.9273541,0,0
3.92785395,0,1
3.92835405,0,0
3.92885385,0,1
3.92935395,0,0
3.9298538,0,1
3.93035385,0,0
3.9308537,0,1
3.93135385,0,0
3.93185375,0,1
3.93235385,0,0
3.9328537,0,1
3.93335375,0,0
3.9338536,0,1
3.9343537,0,0
3.9348535,0,1
3.93535365,0,0
3.9358535,0,1
3.9363536,0,0
3.93685345,0,1
3.93735345,0,0
3.93785325,0,1
3.9383533,0,0
3.9388531,0,1
3.93935315,0,0
3.93985295,0,1
3.940353,0,0
3.94085275,0,1
3.9413528,0,0
3.9418526,0,1
3.94235265,0,0
3.94285245,0,1
3.94335255,0,0
3.9438524,0,1
3.9443525,0,0
3.9448523,0,1
3.9453524,0,0
3.9458522,0,1
3.94635225,0,0
3.9468521,0,1
3.9473521,0,0
3.9478519,0,1
3.948352,0,0
3.94885185,0,1
3.9493519,0,0
3.94985175,0,1
3.95035185,0,0
3.95085165,0,1
3.9513517,0,0
3.95185145,0,1
3.9523515,0,0
3.9528513,0,1
3.9533513,0,0
3.9538511,0,1
3.95435115,0,0
3.954851,0,1
3.9553511,0,0
3.95585085,0,1
3.9563509,0,0
3.9568507,0,1
3.95735075,0,0
3.95785055,0,1
3.9583506,0,0
3.95885035,0,1
3.95935035,0,0
3.95985015,0,1
3.96035025,0,0
3.96085005,0,1
3.96135005,0,0
3.9618498,0,1
3.96234985,0,0
3.96284965,0,1
3.9633497,0,0
3.96384955,0,1
3.9643496,0,0
3.96484945,0,1
3.9653495,0,0
3.96584935,0,1
3.9663494,0,0
3.9668492,0,1
3.96734925,0,0
3.96784905,0,1
3.96834915,0,0
3.96884895,0,1
3.96934905,0,0
3.96984885,0,1
3.9703489,0,0
3.9708487,0,1
3.97134875,0,0
3.9718485,0,1
3.97234855,0,0
3.97284835,0,1
3.97334835,0,0
3.97384815,0,1
3.97434825,0,0
3.97484805,0,1
3.9753481,0,0
3.9758479,0,1
3.97634795,0,0
3.97684775,0,1
3.9773478,0,0
3.9778476,0,1
3.9783476,0,0
3.9788474,0,1
3.97934745,0,0
3.97984725,0,1
3.9803473,0,0
3.98084715,0,1
3.98134725,0,0
3.9818471,0,1
3.98234715,0,0
3.98284695,0,1
3.983347,0,0
3.98384685,0,1
3.9843469,0,0
3.9848467,0,1
3.98534675,0,0
3.9858466,0,1
3.9863467,0,0
3.98684655,0,1
3.98734665,0,0
3.98784655,0,1
3.9883466,0,0
3.9888465,0,1
3.9893466,0,0
3.98984645,0,1
3.99034655,0,0
3.9908464,0,1
3.9913465,0,0
3.9918463,0,1
3.99234635,0,0
3.9928461,0,1
3.9933462,0,0
3.99384605,0,1
3.9943461,0,0
3.9948459,0,1
3.995346,0,0
3.99584585,0,1
3.996346,0,0
3.9968458,0,1
3.9973459,0,0
3.9978457,0,1
3.99834585,0,0
3.9988457,0,1
3.9993458,0,0
3.99984565,0,1
4.0003458,0,0
4.00084565,0,1
4.0013458,0,0
4.0018456,0,1
4.00234575,0,0
4.0028456,0,1
4.0033457,0,0
4.00384555,0,1
4.00434565,0,0
4.0048455,0,1
4.0053456,0,0
4.00584545,0,1
4.00634555,0,0
4.0068454,0,1
4.0073455,0,0
4.00784535,0,1
4.0083455,0,0
4.00884535,0,1
4.0093455,0,0
4.00984535,0,1
4.0103455,0,0
4.01084535,0,1
4.0113455,0,0
4.01184535,0,1
4.01234545,0,0
4.01284535,0,1
4.0133455,0,0
4.0138453,0,1
4.0143454,0,0
4.0148453,0,1
4.0153454,0,0
4.01584525,0,1
4.0163454,0,0
4.0168453,0,1
4.0173454,0,0
4.0178453,0,1
4.01834545,0,0
4.0188453,0,1
4.0193454,0,0
4.01984525,0,1
4.02034535,0,0
4.0208452,0,1
4.0213453,0,0
4.0218452,0,1
4.02234535,0,0
4.0228452,0,1
4.0233453,0,0
4.0238452,0,1
4.02434535,0,0
4.0248452,0,1
4.02534525,0,0
4.0258451,0,1
4.0263452,0,0
4.0268451,0,1
4.0273452,0,0
4.0278451,0,1
4.0283452,0,0
4.0288451,0,1
4.0293452,0,0
4.029845,0,1
4.03034515,0,0
4.030845,0,1
4.0313451,0,0
4.03184495,0,1
4.03234505,0,0
4.03284485,0,1
4.0333449,0,0
4.03384475,0,1
4.0343448,0,0
4.03484465,0,1
4.03534475,0,0
4.0358446,0,1
4.03634475,0,0
4.0368446,0,1
4.0373447,0,0
4.03784455,0,1
4.0383447,0,0
4.03884455,0,1
4.03934465,0,0
4.0398445,0,1
4.0403446,0,0
4.04084445,0,1
4.0413446,0,0
4.0418445,0,1
4.0423447,0,0
4.0428446,0,1
4.0433447,0,0
4.0438446,0,1
4.04434475,0,0
4.04484465,0,1
4.0453448,0,0
4.0458447,0,1
4.0463449,0,0
4.04684475,0,1
4.0473449,0,0
4.0478448,0,1
4.0483449,0,0
4.0488448,0,1
4.0493449,0,0
4.04984475,0,1
4.0503449,0,0
4.05084475,0,1
4.0513448,0,0
4.05184465,0,1
4.05234475,0,0
4.0528446,0,1
4.0533447,0,0
4.0538446,0,1
4.0543447,0,0
4.0548446,0,1
4.0553447,0,0
4.05584455,0,1
4.05634465,0,0
4.0568445,0,1
4.0573446,0,0
4.05784445,0,1
4.0583446,0,0
4.0588444,0,1
4.05934455,0,0
4.0598444,0,1
4.06034455,0,0
4.0608444,0,1
4.06134455,0,0
4.0618444,0,1
4.0623445,0,0
4.0628444,0,1
4.0633445,0,0
4.06384435,0,1
4.0643445,0,0
4.06484435,0,1
4.0653445,0,0
4.0658444,0,1
4.0663445,0,0
4.0668444,0,1
4.06734455,0,0
4.06784445,0,1
4.06834455,0,0
4.06884445,0,1
4.06934455,0,0
4.0698444,0,1
4.0703445,0,0
4.0708444,0,1
4.0713445,0,0
4.07184435,0,1
4.07234445,0,0
4.0728443,0,1
4.0733444,0,0
4.0738443,0,1
4.07434445,0,0
4.0748444,0,1
4.07534455,0,0
4.07584445,0,1
4.0763446,0,0
4.07684455,0,1
4.0773447,0,0
4.0778446,0,1
4.07834475,0,0
4.07884465,0,1
4.0793448,0,0
4.07984465,0,1
4.0803448,0,0
4.0808447,0,1
4.08134485,0,0
4.08184475,0,1
4.0823449,0,0
4.08284485,0,1
4.083345,0,0
4.0838449,0,1
4.08434505,0,0
4.08484495,0,1
4.0853451,0,0
4.085845,0,1
4.0863452,0,0
4.08684505,0,1
4.08734515,0,0
4.08784505,0,1
4.08834515,0,0
4.08884505,0,1
4.0893452,0,0
4.08984505,0,1
4.09034515,0,0
4.09084505,0,1
4.09134515,0,0
4.09184505,0,1
4.09234515,0,0
4.092845,0,1
4.09334515,0,0
4.09384505,0,1
4.09434515,0,0
4.094845,0,1
4.09534515,0,0
4.095845,0,1
4.09634505,0,0
4.0968449,0,1
4.09734495,0,0
4.09784475,0,1
4.09834485,0,0
4.0988447,0,1
4.0993448,0,0
4.0998447,0,1
4.1003448,0,0
4.10084465,0,1
4.10134475,0,0
4.10184455,0,1
4.10234465,0,0
4.1028445,0,1
4.10334455,0,0
4.1038444,0,1
4.1043445,0,0
4.10484445,0,1
4.10534455,0,0
4.10584445,0,1
4.10634455,0,0
4.1068444,0,1
4.10734455,0,0
4.1078444,0,1
4.1083445,0,0
4.1088444,0,1
4.1093445,0,0
4.1098444,0,1
4.1103445,0,0
4.11084435,0,1
4.11134445,0,0
4.11184435,0,1
4.1123445,0,0
4.11284435,0,1
4.11334445,0,0
4.1138443,0,1
4.11434435,0,0
4.1148442,0,1
4.11534425,0,0
4.11584405,0,1
4.11634415,0,0
4.11684395,0,1
4.11734405,0,0
4.11784385,0,1
4.1183439,0,0
4.11884365,0,1
4.11934375,0,0
4.1198436,0,1
4.12034365,0,0
4.1208435,0,1
4.1213435,0,0
4.12184335,0,1
4.1223434,0,0
4.12284315,0,1
4.12334325,0,0
4.12384305,0,1
4.1243431,0,0
4.1248429,0,1
4.125343,0,0
4.12584285,0,1
4.12634295,0,0
4.12684275,0,1
4.12734285,0,0
4.12784265,0,1
4.1283427,0,0
4.1288425,0,1
4.12934255,0,0
4.1298423,0,1
4.1303423,0,0
4.1308421,0,1
4.1313422,0,0
4.131842,0,1
4.13234205,0,0
4.13284185,0,1
4.13334195,0,0
4.1338418,0,1
4.13434185,0,0
4.1348417,0,1
4.13534175,0,0
4.13584155,0,1
4.13634155,0,0
4.1368413,0,1
4.13734135,0,0
4.1378411,0,1
4.1383411,0,0
4.13884095,0,1
4.139341,0,0
4.1398408,0,1
4.14034085,0,0
4.14084065,0,1
4.1413407,0,0
4.1418405,0,1
4.14234055,0,0
4.1428404,0,1
4.14334045,0,0
4.14384025,0,1
4.1443403,0,0
4.14484015,0,1
4.1453402,0,0
4.14584,0,1
4.14634,0,0
4.14683985,0,1
4.14733985,0,0
4.14783965,0,1
4.1483397,0,0
4.1488395,0,1
4.14933955,0,0
4.14983935,0,1
4.15033945,0,0
4.1508393,0,1
4.15133935,0,0
4.1518392,0,1
4.15233925,0,0
4.1528391,0,1
4.1533392,0,0
4.153839,0,1
4.154339,0,0
4.1548388,0,1
4.1553389,0,0
4.1558387,0,1
4.1563388,0,0
4.1568386,0,1
4.1573387,0,0
4.1578385,0,1
4.15833855,0,0
4.15883835,0,1
4.1593384,0,0
4.15983825,0,1
4.1603383,0,0
4.1608381,0,1
4.1613382,0,0
4.16183805,0,1
4.1623381,0,0
4.1628379,0,1
4.16333795,0,0
4.1638378,0,1
4.16433785,0,0
4.16483765,0,1
4.16533775,0,0
4.16583755,0,1
4.16633755,0,0
4.1668374,0,1
4.16733745,0,0
4.16783725,0,1
4.16833735,0,0
4.16883715,0,1
4.16933715,0,0
4.16983695,0,1
4.170337,0,0
4.17083675,0,1
4.1713368,0,0
4.1718366,0,1
4.1723366,0,0
4.1728364,0,1
4.17333645,0,0
4.17383625,0,1
4.1743363,0,0
4.1748361,0,1
4.1753362,0,0
4.175836,0,1
4.17633605,0,0
4.17683585,0,1
4.1773359,0,0
4.17783565,0,1
4.1783357,0,0
4.1788355,0,1
4.1793355,0,0
4.1798353,0,1
4.18033535,0,0
4.18083515,0,1
4.1813352,0,0
4.18183505,0,1
4.1823351,0,0
4.1828349,0,1
4.183335,0,0
4.1838349,0,1
4.184335,0,0
4.1848348,0,1
4.1853349,0,0
4.18583475,0,1
4.18633485,0,0
4.18683465,0,1
4.1873347,0,0
4.18783455,0,1
4.1883346,0,0
4.1888344,0,1
4.1893345,0,0
4.18983435,0,1
4.1903344,0,0
4.19083425,0,1
4.19133435,0,0
4.1918342,0,1
4.1923343,0,0
4.1928341,0,1
4.19333415,0,0
4.193834,0,1
4.1943341,0,0
4.19483395,0,1
4.19533405,0,0
4.1958339,0,1
4.19633395,0,0
4.1968338,0,1
4.1973339,0,0
4.19783375,0,1
4.1983338,0,0
4.19883365,0,1
4.1993337,0,0
4.1998335,0,1
4.2003336,0,0
4.2008334,0,1
4.2013335,0,0
4.2018333,0,1
4.2023334,0,0
4.2028332,0,1
4.2033333,0,0
4.2038331,0,1
4.2043331,0,0
4.20483285,0,1
4.20533285,0,0
4.2058326,0,1
4.2063327,0,0
4.20683255,0,1
4.2073326,0,0
4.2078324,0,1
4.20833245,0,0
4.20883225,0,1
4.20933235,0,0
4.2098322,0,1
4.21033225,0,0
4.21083205,0,1
4.21133215,0,0
4.211832,0,1
4.2123321,0,0
4.2128319,0,1
4.213332,0,0
4.2138318,0,1
4.2143319,0,0
4.2148317,0,1
4.21533175,0,0
4.2158315,0,1
4.21633155,0,0
4.21683135,0,1
4.2173314,0,0
4.2178312,0,1
4.21833125,0,0
4.21883105,0,1
4.2193311,0,0
4.21983095,0,1
4.22033105,0,0
4.22083085,0,1
4.22133095,0,0
4.2218308,0,1
4.22233085,0,0
4.22283065,0,1
4.2233307,0,0
4.22383045,0,1
4.22433045,0,0
4.22483025,0,1
4.22533035,0,0
4.22583015,0,1
4.2263302,0,0
4.22683,0,1
4.22733005,0,0
4.22782985,0,1
4.22832985,0,0
4.22882965,0,1
4.22932965,0,0
4.2298294,0,1
4.2303294,0,0
4.2308292,0,1
4.23132925,0,0
4.23182905,0,1
4.23232905,0,0
4.23282885,0,1
4.2333289,0,0
4.23382875,0,1
4.2343288,0,0
4.2348286,0,1
4.23532865,0,0
4.2358285,0,1
4.23632855,0,0
4.2368284,0,1
4.23732855,0,0
4.23782845,0,1
4.23832855,0,0
4.2388284,0,1
4.23932845,0,0
4.2398283,0,1
4.2403284,0,0
4.24082825,0,1
4.24132835,0,0
4.2418282,0,1
4.2423283,0,0
4.24282815,0,1
4.24332825,0,0
4.24382815,0,1
4.24432825,0,0
4.2448281,0,1
4.2453282,0,0
4.2458281,0,1
4.24632815,0,0
4.246828,0,1
4.2473281,0,0
4.247828,0,1
4.2483281,0,0
4.24882795,0,1
4.249328,0,0
4.24982785,0,1
4.25032795,0,0
4.2508277,0,1
4.25132775,0,0
4.2518276,0,1
4.25232765,0,0
4.25282745,0,1
4.2533275,0,0
4.2538273,0,1
4.25432735,0,0
4.2548272,0,1
4.25532725,0,0
4.2558271,0,1
4.2563272,0,0
4.25682705,0,1
4.2573271,0,0
4.2578269,0,1
4.25832695,0,0
4.25882675,0,1
4.2593268,0,0
4.2598266,0,1
4.26032665,0,0
4.26082645,0,1
4.26132655,0,0
4.26182635,0,1
4.26232645,0,0
4.2628263,0,1
4.26332645,0,0
4.26382625,0,1
4.2643263,0,0
4.26482615,0,1
4.2653262,0,0
4.2658261,0,1
4.2663262,0,0
4.26682605,0,1
4.26732615,0,0
4.26782605,0,1
4.26832615,0,0
4.26882605,0,1
4.2693261,0,0
4.26982595,0,1
4.270326,0,0
4.2708258,0,1
4.2713259,0,0
4.2718257,0,1
4.2723258,0,0
4.27282565,0,1
4.27332575,0,0
4.2738256,0,1
4.2743257,0,0
4.27482555,0,1
4.27532565,0,0
4.27582545,0,1
4.2763255,0,0
4.27682535,0,1
4.27732545,0,0
4.2778252,0,1
4.2783253,0,0
4.2788251,0,1
4.27932515,0,0
4.27982495,0,1
4.280325,0,0
4.2808248,0,1
4.28132485,0,0
4.2818247,0,1
4.28232475,0,0
4.28282455,0,1
4.28332455,0,0
4.28382435,0,1
4.28432445,0,0
4.2848243,0,1
4.2853244,0,0
4.2858242,0,1
4.2863242,0,0
4.286824,0,1
4.2873241,0,0
4.2878239,0,1
4.288324,0,0
4.2888238,0,1
4.2893239,0,0
4.28982375,0,1
4.29032385,0,0
4.2908237,0,1
4.2913237,0,0
4.2918235,0,1
4.29232345,0,0
4.2928233,0,1
4.29332335,0,0
4.29382325,0,1
4.29432335,0,0
4.29482315,0,1
4.29532325,0,0
4.29582305,0,1
4.29632315,0,0
4.29682295,0,1
4.29732305,0,0
4.2978229,0,1
4.29832305,0,0
4.2988229,0,1
4.299323,0,0
4.29982285,0,1
4.300323,0,0
4.30082285,0,1
4.30132295,0,0
4.30182285,0,1
4.30232295,0,0
4.30282285,0,1
4.303323,0,0
4.3038229,0,1
4.304323,0,0
4.3048229,0,1
4.3053229,0,0
4.30582275,0,1
4.3063228,0,0
4.30682255,0,1
4.30732265,0,0
4.30782245,0,1
4.3083226,0,0
4.3088225,0,1
4.3093226,0,0
4.3098225,0,1
4.31032265,0,0
4.3108225,0,1
4.3113226,0,0
4.31182245,0,1
4.31232255,0,0
4.3128224,0,1
4.31332255,0,0
4.31382245,0,1
4.3143226,0,0
4.31482245,0,1
4.3153226,0,0
4.31582245,0,1
4.31632255,0,0
4.3168224,0,1
4.3173225,0,0
4.31782235,0,1
4.31832245,0,0
4.3188223,0,1
4.3193224,0,0
4.31982225,0,1
4.32032235,0,0
4.3208222,0,1
4.3213223,0,0
4.32182215,0,1
4.32232225,0,0
4.3228221,0,1
4.32332215,0,0
4.323822,0,1
4.32432205,0,0
4.32482185,0,1
4.325322,0,0
4.32582185,0,1
4.3263219,0,0
4.32682175,0,1
4.3273218,0,0
4.32782165,0,1
4.3283218,0,0
4.32882165,0,1
4.32932175,0,0
4.3298216,0,1
4.33032165,0,0
4.3308215,0,1
4.33132155,0,0
4.3318214,0,1
4.33232145,0,0
4.3328213,0,1
4.33332135,0,0
4.3338212,0,1
4.33432125,0,0
4.33482105,0,1
4.3353211,0,0
4.33582095,0,1
4.336321,0,0
4.33682085,0,1
4.3373209,0,0
4.3378207,0,1
4.33832075,0,0
4.3388206,0,1
4.33932065,0,0
4.33982045,0,1
4.34032045,0,0
4.34082025,0,1
4.3413203,0,0
4.34182015,0,1
4.34232025,0,0
4.34282005,0,1
4.34332015,0,0
4.34382,0,1
4.3443201,0,0
4.3448199,0,1
4.34532,0,0
4.34581985,0,1
4.3463199,0,0
4.3468197,0,1
4.3473198,0,0
4.3478196,0,1
4.3483197,0,0
4.34881955,0,1
4.3493196,0,0
4.3498194,0,1
4.35031945,0,0
4.3508193,0,1
4.3513194,0,0
4.35181925,0,1
4.35231935,0,0
4.35281915,0,1
4.35331925,0,0
4.35381915,0,1
4.35431925,0,0
4.3548191,0,1
4.3553192,0,0
4.35581905,0,1
4.3563192,0,0
4.35681905,0,1
4.3573191,0,0
4.3578189,0,1
4.358319,0,0
4.35881885,0,1
4.35931895,0,0
4.3598188,0,1
4.36031895,0,0
4.36081885,0,1
4.36131895,0,0
4.3618188,0,1
4.3623189,0,0
4.36281875,0,1
4.36331885,0,0
4.36381875,0,1
4.36431885,0,0
4.3648187,0,1
4.3653188,0,0
4.36581865,0,1
4.36631875,0,0
4.3668186,0,1
4.36731875,0,0
4.3678186,0,1
4.3683187,0,0
4.36881855,0,1
4.36931865,0,0
4.3698185,0,1
4.3703186,0,0
4.3708185,0,1
4.37131855,0,0
4.3718184,0,1
4.3723185,0,0
4.3728184,0,1
4.37331845,0,0
4.37381835,0,1
4.37431845,0,0
4.3748183,0,1
4.37531835,0,0
4.37581815,0,1
4.37631825,0,0
4.37681815,0,1
4.37731825,0,0
4.37781815,0,1
4.3783183,0,0
4.37881815,0,1
4.3793183,0,0
4.37981825,0,1
4.3803184,0,0
4.3808183,0,1
4.3813184,0,0
4.3818183,0,1
4.38231845,0,0
4.3828183,0,1
4.3833184,0,0
4.3838183,0,1
4.3843184,0,0
4.3848183,0,1
4.38531845,0,0
4.38581835,0,1
4.3863185,0,0
4.3868184,0,1
4.38731855,0,0
4.3878184,0,1
4.3883185,0,0
4.3888184,0,1
4.3893185,0,0
4.3898184,0,1
4.3903185,0,0
4.39081835,0,1
4.39131845,0,0
4.3918183,0,1
4.3923184,0,0
4.3928183,0,1
4.3933184,0,0
4.3938182,0,1
4.39431825,0,0
4.3948181,0,1
4.3953182,0,0
4.39581805,0,1
4.3963182,0,0
4.3968181,0,1
4.3973182,0,0
4.39781805,0,1
4.3983182,0,0
4.398818,0,1
4.39931815,0,0
4.39981795,0,1
4.40031805,0,0
4.4008179,0,1
4.40131795,0,0
4.40181775,0,1
4.40231785,0,0
4.40281765,0,1
4.4033177,0,0
4.40381755,0,1
4.4043176,0,0
4.40481745,0,1
4.40531755,0,0
4.40581735,0,1
4.40631735,0,0
4.40681715,0,1
4.4073172,0,0
4.407817,0,1
4.4083171,0,0
4.40881695,0,1
4.409317,0,0
4.4098168,0,1
4.4103169,0,0
4.41081675,0,1
4.4113168,0,0
4.41181665,0,1
4.41231675,0,0
4.4128166,0,1
4.41331675,0,0
4.41381655,0,1
4.41431665,0,0
4.4148166,0,1
4.41531675,0,0
4.4158166,0,1
4.41631675,0,0
4.4168166,0,1
4.4173167,0,0
4.4178166,0,1
4.4183167,0,0
4.4188165,0,1
4.4193166,0,0
4.41981645,0,1
4.4203166,0,0
4.42081645,0,1
4.42131655,0,0
4.42181645,0,1
4.42231655,0,0
4.4228164,0,1
4.42331645,0,0
4.4238163,0,1
4.4243164,0,0
4.4248162,0,1
4.42531635,0,0
4.42581615,0,1
4.42631625,0,0
4.4268161,0,1
4.42731615,0,0
4.42781595,0,1
4.42831605,0,0
4.4288159,0,1
4.42931595,0,0
4.42981575,0,1
4.4303159,0,0
4.43081575,0,1
4.43131585,0,0
4.4318157,0,1
4.4323158,0,0
4.43281565,0,1
4.43331575,0,0
4.43381555,0,1
4.43431565,0,0
4.4348155,0,1
4.4353156,0,0
4.43581545,0,1
4.4363155,0,0
4.4368154,0,1
4.43731555,0,0
4.4378154,0,1
4.4383155,0,0
4.43881535,0,1
4.4393155,0,0
4.4398153,0,1
4.44031545,0,0
4.44081525,0,1
4.44131535,0,0
4.4418152,0,1
4.4423153,0,0
4.44281515,0,1
4.44331535,0,0
4.4438152,0,1
4.4443153,0,0
4.44481515,0,1
4.44531525,0,0
4.4458151,0,1
4.44631515,0,0
4.446815,0,1
4.44731515,0,0
4.447815,0,1
4.4483151,0,0
4.44881495,0,1
4.449315,0,0
4.4498148,0,1
4.45031485,0,0
4.4508147,0,1
4.4513148,0,0
4.45181465,0,1
4.45231475,0,0
4.4528146,0,1
4.4533147,0,0
4.4538145,0,1
4.45431465,0,0
4.45481445,0,1
4.45531455,0,0
4.45581435,0,1
4.4563144,0,0
4.4568142,0,1
4.4573143,0,0
4.4578141,0,1
4.45831415,0,0
4.45881405,0,1
4.4593141,0,0
4.4598139,0,1
4.46031395,0,0
4.46081375,0,1
4.46131385,0,0
4.46181365,0,1
4.4623137,0,0
4.4628135,0,1
4.4633135,0,0
4.46381325,0,1
4.4643133,0,0
4.46481305,0,1
4.46531315,0,0
4.465813,0,1
4.4663131,0,0
4.46681285,0,1
4.4673129,0,0
4.4678126,0,1
4.4683127,0,0
4.46881245,0,1
4.4693124,0,0
4.4698122,0,1
4.4703122,0,0
4.47081195,0,1
4.471312,0,0
4.47181175,0,1
4.47231175,0,0
4.4728115,0,1
4.47331155,0,0
4.4738113,0,1
4.47431135,0,0
4.4748111,0,1
4.4753111,0,0
4.4758109,0,1
4.47631095,0,0
4.4768108,0,1
4.4773108,0,0
4.47781055,0,1
4.4783106,0,0
4.47881045,0,1
4.47931055,0,0
4.47981035,0,1
4.48031045,0,0
4.4808103,0,1
4.4813103,0,0
4.4818101,0,1
4.48231015,0,0
4.48281,0,1
4.48331005,0,0
4.48380985,0,1
4.48430995,0,0
4.48480975,0,1
4.4853099,0,0
4.4858097,0,1
4.48630975,0,0
4.48680965,0,1
4.4873097,0,0
4.48780955,0,1
4.4883096,0,0
4.48880945,0,1
4.48930955,0,0
4.48980935,0,1
4.49030945,0,0
4.4908093,0,1
4.49130935,0,0
4.4918092,0,1
4.4923093,0,0
4.4928091,0,1
4.49330915,0,0
4.49380895,0,1
4.49430905,0,0
4.49480885,0,1
4.495309,0,0
4.49580885,0,1
4.49630895,0,0
4.49680875,0,1
4.49730885,0,0
4.49780865,0,1
4.4983087,0,0
4.49880855,0,1
4.49930865,0,0
4.4998085,0,1
4.5003086,0,0
4.5008084,0,1
4.50130845,0,0
4.5018083,0,1
4.5023084,0,0
4.5028082,0,1
4.50330835,0,0
4.5038082,0,1
4.5043083,0,0
4.50480815,0,1
4.50530825,0,0
4.50580815,0,1
4.5063082,0,0
4.50680805,0,1
4.5073081,0,0
4.50780795,0,1
4.50830805,0,0
4.50880795,0,1
4.5093081,0,0
4.50980795,0,1
4.51030805,0,0
4.51080785,0,1
4.51130795,0,0
4.51180785,0,1
4.512308,0,0
4.51280785,0,1
4.513308,0,0
4.51380785,0,1
4.514308,0,0
4.5148079,0,1
4.515308,0,0
4.5158079,0,1
4.516308,0,0
4.51680785,0,1
4.51730795,0,0
4.5178078,0,1
4.5183079,0,0
4.51880775,0,1
4.51930785,0,0
4.5198077,0,1
4.52030775,0,0
4.5208076,0,1
4.52130775,0,0
4.52180755,0,1
4.52230765,0,0
4.5228075,0,1
4.5233076,0,0
4.52380745,0,1
4.5243075,0,0
4.52480735,0,1
4.52530745,0,0
4.52580735,0,1
4.5263075,0,0
4.52680735,0,1
4.52730755,0,0
4.52780745,0,1
4.52830755,0,0
4.5288075,0,1
4.52930765,0,0
4.5298075,0,1
4.5303076,0,0
4.53080745,0,1
4.5313075,0,0
4.5318074,0,1
4.5323075,0,0
4.5328073,0,1
4.53330735,0,0
4.53380725,0,1
4.5343074,0,0
4.5348073,0,1
4.5353074,0,0
4.5358073,0,1
4.5363074,0,0
4.5368073,0,1
4.5373074,0,0
4.5378073,0,1
4.53830735,0,0
4.53880725,0,1
4.5393074,0,0
4.53980725,0,1
4.5403073,0,0
4.54080715,0,1
4.5413073,0,0
4.54180715,0,1
4.5423073,0,0
4.5428071,0,1
4.5433071,0,0
4.54380695,0,1
4.5443071,0,0
4.54480695,0,1
4.5453071,0,0
4.54580705,0,1
4.54630715,0,0
4.54680705,0,1
4.54730715,0,0
4.54780695,0,1
4.54830705,0,0
4.5488069,0,1
4.549307,0,0
4.54980685,0,1
4.55030695,0,0
4.5508068,0,1
4.5513069,0,0
4.55180675,0,1
4.5523069,0,0
4.55280675,0,1
4.5533069,0,0
4.55380675,0,1
4.5543068,0,0
4.55480665,0,1
4.55530675,0,0
4.55580655,0,1
4.55630665,0,0
4.5568065,0,1
4.5573066,0,0
4.55780645,0,1
4.5583065,0,0
4.55880635,0,1
4.55930645,0,0
4.55980625,0,1
4.5603063,0,0
4.5608062,0,1
4.56130625,0,0
4.56180615,0,1
4.56230625,0,0
4.5628061,0,1
4.5633062,0,0
4.56380605,0,1
4.56430615,0,0
4.564806,0,1
4.5653061,0,0
4.56580595,0,1
4.56630605,0,0
4.5668059,0,1
4.567306,0,0
4.56780585,0,1
4.5683059,0,0
4.56880575,0,1
4.56930585,0,0
4.5698057,0,1
4.5703058,0,0
4.5708056,0,1
4.5713057,0,0
4.57180555,0,1
4.5723057,0,0
4.5728056,0,1
4.5733057,0,0
4.5738055,0,1
4.5743056,0,0
4.57480545,0,1
4.57530555,0,0
4.5758054,0,1
4.5763055,0,0
4.57680535,0,1
4.5773055,0,0
4.57780535,0,1
4.5783055,0,0
4.57880545,0,1
4.5793056,0,0
4.57980545,0,1
4.5803055,0,0
4.5808053,0,1
4.5813054,0,0
4.58180525,0,1
4.5823053,0,0
4.5828051,0,1
4.5833052,0,0
4.5838051,0,1
4.5843052,0,0
4.5848051,0,1
4.58530525,0,0
4.58580515,0,1
4.58630525,0,0
4.5868051,0,1
4.58730515,0,0
4.58780505,0,1
4.5883052,0,0
4.5888051,0,1
4.58930525,0,0
4.5898051,0,1
4.5903052,0,0
4.590805,0,1
4.59130515,0,0
4.59180495,0,1
4.5923051,0,0
4.5928049,0,1
4.59330495,0,0
4.59380485,0,1
4.5943049,0,0
4.59480475,0,1
4.59530485,0,0
4.5958047,0,1
4.59630475,0,0
4.5968046,0,1
4.59730465,0,0
4.5978045,0,1
4.5983046,0,0
4.59880445,0,1
4.5993045,0,0
4.59980435,0,1
4.60030445,0,0
4.6008042,0,1
4.60130425,0,0
4.6018041,0,1
4.60230415,0,0
4.602804,0,1
4.6033041,0,0
4.60380395,0,1
4.604304,0,0
4.60480385,0,1
4.60530395,0,0
4.60580385,0,1
4.60630395,0,0
4.60680385,0,1
4.607304,0,0
4.60780385,0,1
4.60830395,0,0
4.6088038,0,1
4.60930385,0,0
4.60980375,0,1
4.61030385,0,0
4.6108037,0,1
4.6113038,0,0
4.61180365,0,1
4.6123038,0,0
4.61280365,0,1
4.6133038,0,0
4.61380365,0,1
4.6143038,0,0
4.6148037,0,1
4.6153038,0,0
4.6158037,0,1
4.61630385,0,0
4.6168037,0,1
4.6173038,0,0
4.6178037,0,1
4.61830385,0,0
4.6188037,0,1
4.61930385,0,0
4.61980375,0,1
4.6203039,0,0
4.6208038,0,1
4.6213039,0,0
4.6218037,0,1
4.6223038,0,0
4.62280365,0,1
4.62330375,0,0
4.62380355,0,1
4.62430365,0,0
4.6248035,0,1
4.6253036,0,0
4.62580345,0,1
4.62630355,0,0
4.6268034,0,1
4.6273035,0,0
4.62780335,0,1
4.6283034,0,0
4.62880325,0,1
4.62930335,0,0
4.6298032,0,1
4.6303033,0,0
4.63080315,0,1
4.6313033,0,0
4.6318031,0,1
4.6323032,0,0
4.632803,0,1
4.6333031,0,0
4.6338029,0,1
4.634303,0,0
4.6348028,0,1
4.6353029,0,0
4.6358028,0,1
4.6363029,0,0
4.6368027,0,1
4.63730275,0,0
4.6378026,0,1
4.6383027,0,0
4.63880255,0,1
4.63930265,0,0
4.6398025,0,1
4.6403026,0,0
4.64080245,0,1
4.64130255,0,0
4.6418024,0,1
4.6423025,0,0
4.64280235,0,1
4.64330245,0,0
4.64380235,0,1
4.6443024,0,0
4.64480225,0,1
4.64530235,0,0
4.6458022,0,1
4.6463023,0,0
4.6468021,0,1
4.6473022,0,0
4.64780205,0,1
4.64830215,0,0
4.648802,0,1
4.64930205,0,0
4.64980185,0,1
4.65030195,0,0
4.65080175,0,1
4.6513018,0,0
4.6518016,0,1
4.65230165,0,0
4.6528015,0,1
4.6533016,0,0
4.6538015,0,1
4.65430155,0,0
4.6548014,0,1
4.6553015,0,0
4.6558014,0,1
4.65630145,0,0
4.6568013,0,1
4.65730135,0,0
4.6578012,0,1
4.6583013,0,0
4.65880115,0,1
4.6593012,0,0
4.65980105,0,1
4.6603011,0,0
4.66080095,0,1
4.66130105,0,0
4.6618009,0,1
4.66230105,0,0
4.6628009,0,1
4.663301,0,0
4.6638009,0,1
4.664301,0,0
4.6648009,0,1
4.665301,0,0
4.6658009,0,1
4.66630095,0,0
4.66680085,0,1
4.667301,0,0
4.6678009,0,1
4.668301,0,0
4.6688009,0,1
4.669301,0,0
4.66980085,0,1
4.67030095,0,0
4.67080085,0,1
4.67130095,0,0
4.67180075,0,1
4.67230085,0,0
4.67280075,0,1
4.67330085,0,0
4.67380065,0,1
4.6743007,0,0
4.6748006,0,1
4.6753007,0,0
4.6758006,0,1
4.6763007,0,0
4.6768005,0,1
4.6773006,0,0
4.67780045,0,1
4.6783005,0,0
4.6788003,0,1
4.6793004,0,0
4.6798002,0,1
4.68030025,0,0
4.68080005,0,1
4.6813001,0,0
4.68179995,0,1
4.68230005,0,0
4.68279985,0,1
4.68329995,0,0
4.6837998,0,1
4.6842999,0,0
4.68479975,0,1
4.6852999,0,0
4.68579975,0,1
4.68629995,0,0
4.6867998,0,1
4.68729995,0,0
4.68779985,0,1
4.6883,0,0
4.6887999,0,1
4.6893,0,0
4.68979985,0,1
4.6903,0,0
4.69079985,0,1
4.69129995,0,0
4.6917998,0,1
4.69229995,0,0
4.69279975,0,1
4.6932999,0,0
4.69379975,0,1
4.69429985,0,0
4.6947997,0,1
4.6952998,0,0
4.6957997,0,1
4.6962998,0,0
4.6967997,0,1
4.69729985,0,0
4.6977997,0,1
4.6982998,0,0
4.6987997,0,1
4.69929975,0,0
4.6997996,0,1
4.70029975,0,0
4.70079965,0,1
4.7012998,0,0
4.7017996,0,1
4.70229965,0,0
4.70279955,0,1
4.7032997,0,0
4.7037996,0,1
4.70429975,0,0
4.70479965,0,1
4.70529975,0,0
4.70579965,0,1
4.7062998,0,0
4.7067996,0,1
4.70729965,0,0
4.7077995,0,1
4.7082996,0,0
4.7087994,0,1
4.70929945,0,0
4.7097993,0,1
4.7102994,0,0
4.7107992,0,1
4.71129935,0,0
4.71179915,0,1
4.7122993,0,0
4.7127991,0,1
4.7132992,0,0
4.71379905,0,1
4.71429915,0,0
4.714799,0,1
4.7152991,0,0
4.7157989,0,1
4.716299,0,0
4.71679885,0,1
4.71729895,0,0
4.7177988,0,1
4.7182989,0,0
4.71879875,0,1
4.71929885,0,0
4.71979865,0,1
4.72029875,0,0
4.72079865,0,1
4.72129875,0,0
4.7217986,0,1
4.7222987,0,0
4.72279855,0,1
4.72329865,0,0
4.7237985,0,1
4.7242986,0,0
4.72479845,0,1
4.72529855,0,0
4.7257984,0,1
4.7262985,0,0
4.7267983,0,1
4.72729835,0,0
4.7277982,0,1
4.72829825,0,0
4.72879805,0,1
4.7292981,0,0
4.72979795,0,1
4.730298,0,0
4.73079785,0,1
4.7312979,0,0
4.7317977,0,1
4.7322978,0,0
4.7327976,0,1
4.73329765,0,0
4.7337975,0,1
4.7342976,0,0
4.7347974,0,1
4.73529755,0,0
4.73579745,0,1
4.73629755,0,0
4.73679735,0,1
4.73729745,0,0
4.7377973,0,1
4.7382974,0,0
4.7387973,0,1
4.7392974,0,0
4.7397972,0,1
4.7402973,0,0
4.7407972,0,1
4.7412973,0,0
4.7417971,0,1
4.7422972,0,0
4.742797,0,1
4.7432971,0,0
4.74379695,0,1
4.744297,0,0
4.7447968,0,1
4.7452969,0,0
4.7457967,0,1
4.74629685,0,0
4.74679665,0,1
4.74729675,0,0
4.7477966,0,1
4.74829665,0,0
4.7487965,0,1
4.74929655,0,0
4.74979635,0,1
4.7502964,0,0
4.75079625,0,1
4.7512963,0,0
4.7517961,0,1
4.7522962,0,0
4.752796,0,1
4.7532961,0,0
4.75379595,0,1
4.75429605,0,0
4.7547959,0,1
4.75529595,0,0
4.7557958,0,1
4.75629585,0,0
4.75679565,0,1
4.7572957,0,0
4.7577955,0,1
4.75829555,0,0
4.7587953,0,1
4.75929535,0,0
4.75979515,0,1
4.7602952,0,0
4.760795,0,1
4.7612951,0,0
4.76179485,0,1
4.7622949,0,0
4.76279475,0,1
4.76329475,0,0
4.7637946,0,1
4.7642947,0,0
4.76479455,0,1
4.76529465,0,0
4.7657945,0,1
4.76629455,0,0
4.76679445,0,1
4.7672945,0,0
4.76779435,0,1
4.7682944,0,0
4.7687942,0,1
4.7692942,0,0
4.769794,0,1
4.7702941,0,0
4.77079395,0,1
4.771294,0,0
4.7717938,0,1
4.7722938,0,0
4.77279365,0,1
4.7732938,0,0
4.77379365,0,1
4.77429375,0,0
4.7747936,0,1
4.77529375,0,0
4.7757936,0,1
4.7762937,0,0
4.77679355,0,1
4.77729365,0,0
4.7777935,0,1
4.7782936,0,0
4.7787935,0,1
4.77929365,0,0
4.7797935,0,1
4.78029365,0,0
4.7807935,0,1
4.78129365,0,0
4.7817935,0,1
4.7822936,0,0
4.7827935,0,1
4.7832936,0,0
4.78379355,0,1
4.7842937,0,0
4.78479355,0,1
4.7852937,0,0
4.7857936,0,1
4.7862937,0,0
4.78679355,0,1
4.78729365,0,0
4.7877935,0,1
4.78829365,0,0
4.78879355,0,1
4.7892937,0,0
4.7897936,0,1
4.7902937,0,0
4.7907936,0,1
4.7912937,0,0
4.79179365,0,1
4.7922938,0,0
4.7927937,0,1
4.79329385,0,0
4.79379375,0,1
4.79429395,0,0
4.7947939,0,1
4.79529405,0,0
4.79579395,0,1
4.7962941,0,0
4.79679395,0,1
4.7972941,0,0
4.7977941,0,1
4.7982943,0,0
4.7987942,0,1
4.79929435,0,0
4.79979425,0,1
4.80029445,0,0
4.80079435,0,1
4.8012945,0,0
4.8017944,0,1
4.8022946,0,0
4.80279455,0,1
4.8032947,0,0
4.8037946,0,1
4.80429475,0,0
4.8047947,0,1
4.80529485,0,0
4.80579475,0,1
4.8062949,0,0
4.8067948,0,1
4.80729495,0,0
4.8077949,0,1
4.80829505,0,0
4.80879495,0,1
4.80929505,0,0
4.809795,0,1
4.8102951,0,0
4.81079505,0,1
4.81129515,0,0
4.8117951,0,1
4.81229525,0,0
4.8127952,0,1
4.8132954,0,0
4.8137953,0,1
4.8142955,0,0
4.81479545,0,1
4.81529565,0,0
4.8157956,0,1
4.8162958,0,0
4.8167957,0,1
4.8172959,0,0
4.8177958,0,1
4.818296,0,0
4.81879595,0,1
4.81929605,0,0
4.81979595,0,1
4.8202961,0,0
4.820796,0,1
4.82129615,0,0
4.82179605,0,1
4.8222962,0,0
4.8227962,0,1
4.8232963,0,0
4.8237962,0,1
4.82429635,0,0
4.8247962,0,1
4.82529635,0,0
4.8257962,0,1
4.82629635,0,0
4.8267962,0,1
4.82729635,0,0
4.8277962,0,1
4.8282963,0,0
4.8287962,0,1
4.82929635,0,0
4.8297962,0,1
4.83029635,0,0
4.8307962,0,1
4.8312963,0,0
4.8317962,0,1
4.83229635,0,0
4.8327963,0,1
4.83329645,0,0
4.83379635,0,1
4.8342965,0,0
4.8347964,0,1
4.83529655,0,0
4.83579645,0,1
4.8362966,0,0
4.83679645,0,1
4.83729655,0,0
4.83779635,0,1
4.83829645,0,0
4.8387963,0,1
4.83929645,0,0
4.8397963,0,1
4.84029645,0,0
4.8407963,0,1
4.84129645,0,0
4.84179635,0,1
4.84229645,0,0
4.84279635,0,1
4.84329645,0,0
4.8437963,0,1
4.84429635,0,0
4.8447962,0,1
4.8452963,0,0
4.84579615,0,1
4.8462963,0,0
4.8467962,0,1
4.8472963,0,0
4.84779615,0,1
4.8482962,0,0
4.84879605,0,1
4.8492962,0,0
4.849796,0,1
4.8502961,0,0
4.850796,0,1
4.85129615,0,0
4.85179595,0,1
4.85229605,0,0
4.8527959,0,1
4.853296,0,0
4.85379585,0,1
4.854296,0,0
4.85479585,0,1
4.85529595,0,0
4.8557958,0,1
4.85629595,0,0
4.8567958,0,1
4.8572959,0,0
4.85779575,0,1
4.8582958,0,0
4.85879565,0,1
4.8592957,0,0
4.85979555,0,1
4.8602956,0,0
4.86079545,0,1
4.86129555,0,0
4.8617954,0,1
4.8622955,0,0
4.86279535,0,1
4.86329545,0,0
4.8637953,0,1
4.8642954,0,0
4.8647952,0,1
4.86529535,0,0
4.8657952,0,1
4.86629525,0,0
4.86679515,0,1
4.86729525,0,0
4.8677951,0,1
4.8682952,0,0
4.86879505,0,1
4.8692952,0,0
4.86979505,0,1
4.8702952,0,0
4.8707951,0,1
4.8712953,0,0
4.87179515,0,1
4.87229525,0,0
4.8727951,0,1
4.8732952,0,0
4.87379505,0,1
4.87429515,0,0
4.874795,0,1
4.87529505,0,0
4.8757949,0,1
4.876295,0,0
4.87679485,0,1
4.877295,0,0
4.8777948,0,1
4.87829495,0,0
4.8787948,0,1
4.87929485,0,0
4.8797946,0,1
4.88029465,0,0
4.88079445,0,1
4.88129455,0,0
4.8817944,0,1
4.88229445,0,0
4.88279435,0,1
4.88329445,0,0
4.8837943,0,1
4.88429445,0,0
4.88479435,0,1
4.88529445,0,0
4.8857943,0,1
4.88629445,0,0
4.8867943,0,1
4.88729445,0,0
4.8877943,0,1
4.88829445,0,0
4.88879425,0,1
4.88929435,0,0
4.8897942,0,1
4.89029425,0,0
4.8907941,0,1
4.89129425,0,0
4.8917941,0,1
4.8922942,0,0
4.89279405,0,1
4.89329415,0,0
4.8937941,0,1
4.8942942,0,0
4.89479405,0,1
4.89529415,0,0
4.895794,0,1
4.8962941,0,0
4.89679395,0,1
4.8972941,0,0
4.89779395,0,1
4.89829405,0,0
4.8987939,0,1
4.899294,0,0
4.8997939,0,1
4.90029405,0,0
4.9007939,0,1
4.901294,0,0
4.9017938,0,1
4.9022939,0,0
4.90279375,0,1
4.9032938,0,0
4.9037937,0,1
4.9042938,0,0
4.90479365,0,1
4.90529375,0,0
4.9057936,0,1
4.9062937,0,0
4.90679355,0,1
4.9072937,0,0
4.9077936,0,1
4.9082937,0,0
4.90879355,0,1
4.9092937,0,0
4.90979355,0,1
4.9102937,0,0
4.91079355,0,1
4.91129365,0,0
4.9117935,0,1
4.91229365,0,0
4.91279355,0,1
4.91329365,0,0
4.9137935,0,1
4.91429365,0,0
4.9147935,0,1
4.9152936,0,0
4.9157935,0,1
4.9162936,0,0
4.9167935,0,1
4.91729365,0,0
4.9177935,0,1
4.9182936,0,0
4.91879345,0,1
4.91929355,0,0
4.9197934,0,1
4.9202935,0,0
4.9207934,0,1
4.92129355,0,0
4.9217934,0,1
4.92229345,0,0
4.9227933,0,1
4.9232934,0,0
4.9237932,0,1
4.92429325,0,0
4.9247931,0,1
4.9252932,0,0
4.92579305,0,1
4.92629315,0,0
4.926793,0,1
4.92729315,0,0
4.92779305,0,1
4.92829315,0,0
4.92879305,0,1
4.92929315,0,0
4.929793,0,1
4.93029305,0,0
4.9307929,0,1
4.931293,0,0
4.93179285,0,1
4.93229295,0,0
4.9327928,0,1
4.93329295,0,0
4.9337928,0,1
4.93429295,0,0
4.9347928,0,1
4.9352929,0,0
4.9357928,0,1
4.9362929,0,0
4.9367928,0,1
4.93729295,0,0
4.9377928,0,1
4.9382929,0,0
4.9387928,0,1
4.93929285,0,0
4.93979265,0,1
4.94029275,0,0
4.9407926,0,1
4.94129265,0,0
4.9417925,0,1
4.9422926,0,0
4.94279245,0,1
4.9432925,0,0
4.9437924,0,1
4.94429245,0,0
4.9447923,0,1
4.9452924,0,0
4.94579225,0,1
4.94629235,0,0
4.9467923,0,1
4.9472924,0,0
4.9477923,0,1
4.9482924,0,0
4.94879225,0,1
4.94929235,0,0
4.9497922,0,1
4.9502923,0,0
4.9507921,0,1
4.95129215,0,0
4.951792,0,1
4.95229205,0,0
4.95279185,0,1
4.95329195,0,0
4.9537918,0,1
4.9542919,0,0
4.95479175,0,1
4.95529185,0,0
4.9557917,0,1
4.9562918,0,0
4.9567916,0,1
4.9572917,0,0
4.9577915,0,1
4.9582916,0,0
4.9587915,0,1
4.9592916,0,0
4.9597915,0,1
4.9602916,0,0
4.96079145,0,1
4.96129155,0,0
4.96179135,0,1
4.96229145,0,0
4.9627913,0,1
4.96329145,0,0
4.9637913,0,1
4.9642914,0,0
4.9647913,0,1
4.96529135,0,0
4.9657912,0,1
4.96629125,0,0
4.96679115,0,1
4.96729125,0,0
4.9677911,0,1
4.9682912,0,0
4.968791,0,1
4.9692911,0,0
4.96979095,0,1
4.97029105,0,0
4.97079085,0,1
4.97129095,0,0
4.97179075,0,1
4.9722908,0,0
4.97279065,0,1
4.97329075,0,0
4.9737906,0,1
4.97429065,0,0
4.9747905,0,1
4.97529055,0,0
4.9757904,0,1
4.9762905,0,0
4.97679035,0,1
4.9772904,0,0
4.9777903,0,1
4.9782904,0,0
4.97879025,0,1
4.9792904,0,0
4.97979025,0,1
4.98029035,0,0
4.9807902,0,1
4.9812903,0,0
4.98179025,0,1
4.98229035,0,0
4.9827902,0,1
4.9832903,0,0
4.9837902,0,1
4.9842903,0,0
4.98479015,0,1
4.98529025,0,0
4.9857901,0,1
4.9862902,0,0
4.9867901,0,1
4.98729015,0,0
4.98779,0,1
4.98829005,0,0
4.9887899,0,1
4.98929,0,0
4.9897899,0,1
4.99029005,0,0
4.9907899,0,1
4.99129,0,0
4.99178985,0,1
4.99228995,0,0
4.99278985,0,1
4.9932899,0,0
4.99378975,0,1
4.99428985,0,0
4.99478975,0,1
4.99528985,0,0
4.99578975,0,1
4.99628985,0,0
4.9967897,0,1
4.9972898,0,0
4.99778965,0,1
4.9982897,0,0
4.99878955,0,1
4.9992896,0,0
4.99978945,0,1
