timestamp_s,CH0,CH1
0.0,0,0
0.00025615,0,1
0.00075635,0,0
0.0012563,0,1
0.00175645,0,0
0.00225635,0,1
0.0027565,0,0
0.0032564,0,1
0.00375655,0,0
0.0042564,0,1
0.00475655,0,0
0.00525645,0,1
0.0057566,0,0
0.0062565,0,1
0.00675665,0,0
0.00725655,0,1
0.0077567,0,0
0.0082566,0,1
0.00875675,0,0
0.0092567,0,1
0.0097568,0,0
0.0102567,0,1
0.0107568,0,0
0.0112567,0,1
0.01175685,0,0
0.01225675,0,1
0.01275685,0,0
0.01325675,0,1
0.0137569,0,0
0.0142568,0,1
0.01475695,0,0
0.01525685,0,1
0.01575705,0,0
0.016257,0,1
0.0167572,0,0
0.0172571,0,1
0.0177573,0,0
0.01825725,0,1
0.0187574,0,0
0.0192573,0,1
0.0197575,0,0
0.0202574,0,1
0.0207576,0,0
0.02125745,0,1
0.0217576,0,0
0.02225755,0,1
0.0227577,0,0
0.0232576,0,1
0.02375775,0,0
0.0242576,0,1
0.0247578,0,0
0.0252577,0,1
0.0257579,0,0
0.02625785,0,1
0.0267581,0,0
0.02725805,0,1
0.02775825,0,0
0.02825815,0,1
0.02875835,0,0
0.0292583,0,1
0.02975845,0,0
0.03025835,0,1
0.0307585,0,0
0.0312584,0,1
0.0317586,0,0
0.0322585,0,1
0.03275865,0,0
0.03325855,0,1
0.0337587,0,0
0.0342586,0,1
0.0347588,0,0
0.03525865,0,1
0.03575875,0,0
0.0362586,0,1
0.0367587,0,0
0.0372586,0,1
0.03775875,0,0
0.03825865,0,1
0.0387588,0,0
0.0392587,0,1
0.03975885,0,0
0.04025875,0,1
0.0407589,0,0
0.0412588,0,1
0.04175895,0,0
0.04225885,0,1
0.042759,0,0
0.0432589,0,1
0.043759,0,0
0.0442589,0,1
0.044759,0,0
0.04525895,0,1
0.04575905,0,0
0.04625895,0,1
0.0467591,0,0
0.04725925,0,1
0.04775955,0,0
0.04825915,0,1
0.04875925,0,0
0.0492594,0,1
0.04975965,0,0
0.0500026,1,0
0.05025935,1,1
0.05075915,1,0
0.05125945,1,1
0.0517592,1,0
0.0522595,1,1
0.0527593,1,0
0.0532592,1,1
0.0537595,1,0
0.05425925,1,1
0.05475935,1,0
0.0552601,1,1
0.0557592,1,0
0.0562591,1,1
0.05675925,1,0
0.05725915,1,1
0.0577593,1,0
0.0582592,1,1
0.05875935,1,0
0.05925925,1,1
0.05975935,1,0
0.06025925,1,1
0.0607594,1,0
0.0612593,1,1
0.0617594,1,0
0.0622593,1,1
0.06275935,1,0
0.0632592,1,1
0.0637593,1,0
0.06425915,1,1
0.0647593,1,0
0.06525915,1,1
0.0657592,1,0
0.06598245,0,0
0.06625915,0,1
0.0667592,0,0
0.06725905,0,1
0.0677591,0,0
0.0682589,0,1
0.0687593,0,0
0.0692589,0,1
0.0697593,0,0
0.07025915,0,1
0.07075915,0,0
0.0712586,0,1
0.0717587,0,0
0.07225855,0,1
0.07275865,0,0
0.0732585,0,1
0.0737586,0,0
0.0742585,0,1
0.0747586,0,0
0.07525845,0,1
0.07575855,0,0
0.0762584,0,1
0.07675855,0,0
0.0772584,0,1
0.0777585,0,0
0.07825835,0,1
0.07875845,0,0
0.0792583,0,1
0.0797584,0,0
0.08025825,0,1
0.0807583,0,0
0.0812582,0,1
0.08175835,0,0
0.0822582,0,1
0.0827583,0,0
0.0832581,0,1
0.0837582,0,0
0.08425805,0,1
0.08475805,0,0
0.0852578,0,1
0.0857578,0,0
0.0862576,0,1
0.08675765,0,0
0.08725745,0,1
0.08775755,0,0
0.08825735,0,1
0.08875745,0,0
0.0892573,0,1
0.0897574,0,0
0.09025725,0,1
0.09075735,0,0
0.09125725,0,1
0.09175735,0,0
0.0922572,0,1
0.09275735,0,0
0.0932572,0,1
0.0937573,0,0
0.09425715,0,1
0.09475725,0,0
0.0952571,0,1
0.09575715,0,0
0.096257,0,1
0.09675705,0,0
0.09725685,0,1
0.09775695,0,0
0.0982568,0,1
0.0987569,0,0
0.09925675,0,1
0.09975685,0,0
0.1002567,0,1
0.10075685,0,0
0.1012567,0,1
0.1017568,0,0
0.10225665,0,1
0.10275675,0,0
0.1032566,0,1
0.1037567,0,0
0.1042566,0,1
0.10475665,0,0
0.1052565,0,1
0.1057566,0,0
0.1062565,0,1
0.1067566,0,0
0.1072565,0,1
0.1077566,0,0
0.10825645,0,1
0.10875655,0,0
0.10925645,0,1
0.10975655,0,0
0.11025645,0,1
0.11075655,0,0
0.11125645,0,1
0.11175655,0,0
0.1122564,0,1
0.1127565,0,0
0.11325635,0,1
0.11375645,0,0
0.11425635,0,1
0.1147565,0,0
0.11525635,0,1
0.11575645,0,0
0.1162563,0,1
0.1167564,0,0
0.11725625,0,1
0.11775635,0,0
0.11825625,0,1
0.1187564,0,0
0.1192563,0,1
0.1197565,0,0
0.12025635,0,1
0.1207565,0,0
0.12125665,0,1
0.12175675,0,0
0.12225655,0,1
0.12275665,0,0
0.1232565,0,1
0.1237566,0,0
0.12425645,0,1
0.1247566,0,0
0.12525645,0,1
0.1257566,0,0
0.1262567,0,1
0.12675695,0,0
0.12725645,0,1
0.1277566,0,0
0.12825685,0,1
0.12875675,0,0
0.1292565,0,1
0.12975665,0,0
0.13025635,0,1
0.1307565,0,0
0.1312564,0,1
0.1317565,0,0
0.1322564,0,1
0.13275655,0,0
0.1332564,0,1
0.1337565,0,0
0.1342564,0,1
0.1347565,0,0
0.1352564,0,1
0.1357565,0,0
0.1362564,0,1
0.1367565,0,0
0.13725635,0,1
0.1377566,0,0
0.13825645,0,1
0.1387568,0,0
0.1392564,0,1
0.1397567,0,0
0.14025635,0,1
0.1407566,0,0
0.14125675,0,1
0.1417566,0,0
0.1422568,0,1
0.1427567,0,0
0.1432565,0,1
0.14375675,0,0
0.14425665,0,1
0.14475695,0,0
0.14525705,0,1
0.14575685,0,0
0.14625675,0,1
0.1467569,0,0
0.1472569,0,1
0.1477569,0,0
0.1482568,0,1
0.1487569,0,0
0.14925675,0,1
0.14975675,0,0
0.1502567,0,1
0.15075685,0,0
0.15125675,0,1
0.15175685,0,0
0.1522569,0,1
0.15275695,0,0
0.1532567,0,1
0.15375695,0,0
0.1542568,0,1
0.15475695,0,0
0.1552568,0,1
0.15575725,0,0
0.15625665,0,1
0.15675695,0,0
0.1572568,0,1
0.1577572,0,0
0.15825725,0,1
0.15875715,0,0
0.15925715,0,1
0.1597572,0,0
0.16025735,0,1
0.1607571,0,0
0.1612571,0,1
0.1617571,0,0
0.162257,0,1
0.162757,0,0
0.163257,0,1
0.16375715,0,0
0.16425705,0,1
0.1647571,0,0
0.1652571,0,1
0.1657571,0,0
0.16625685,0,1
0.16675705,0,0
0.16725695,0,1
0.16775735,0,0
0.16825695,0,1
0.16875735,0,0
0.16925705,0,1
0.1697573,0,0
0.17025735,0,1
0.17075725,0,0
0.1712571,0,1
0.17175725,0,0
0.17225715,0,1
0.1727566,0,0
0.17325705,0,1
0.17375745,0,0
0.17425705,0,1
0.17475715,0,0
0.1752574,0,1
0.17575725,0,0
0.1762569,0,1
0.176757,0,0
0.17725695,0,1
0.1777571,0,0
0.17825695,0,1
0.17875705,0,0
0.1792569,0,1
0.17975735,0,0
0.1802567,0,1
0.18075695,0,0
0.1812567,0,1
0.18175675,0,0
0.1822566,0,1
0.18275665,0,0
0.18325655,0,1
0.1837567,0,0
0.18425655,0,1
0.1847567,0,0
0.185257,0,1
0.1857568,0,0
0.18625705,0,1
0.1867567,0,0
0.18725675,0,1
0.18775685,0,0
0.18825685,0,1
0.18875725,0,0
0.18925675,0,1
0.18975715,0,0
0.1902566,0,1
0.19075675,0,0
0.19125675,0,1
0.1917569,0,0
0.1922568,0,1
0.1927569,0,0
0.1932568,0,1
0.1937573,0,0
0.19425665,0,1
0.1947569,0,0
0.1952568,0,1
0.19575695,0,0
0.19625685,0,1
0.196757,0,0
0.19725685,0,1
0.19775705,0,0
0.19825695,0,1
0.19875705,0,0
0.19925735,0,1
0.19975725,0,0
0.2002574,0,1
0.20075705,0,0
0.2012571,0,1
0.2017573,0,0
0.2022576,0,1
0.2027574,0,0
0.2032575,0,1
0.2037575,0,0
0.20425725,0,1
0.2047574,0,0
0.20525745,0,1
0.20575755,0,0
0.20625745,0,1
0.2067576,0,0
0.2072575,0,1
0.20775795,0,0
0.2082573,0,1
0.2087576,0,0
0.20925745,0,1
0.20975775,0,0
0.21025785,0,1
0.21075765,0,0
0.2112575,0,1
0.21175775,0,0
0.2122578,0,1
0.21275765,0,0
0.2132577,0,1
0.21375775,0,0
0.21425765,0,1
0.2147577,0,0
0.2152577,0,1
0.2157581,0,0
0.21625775,0,1
0.21675785,0,0
0.21725815,0,1
0.217758,0,0
0.21825765,0,1
0.2187578,0,0
0.21925775,0,1
0.2197579,0,0
0.22025775,0,1
0.2207578,0,0
0.2212577,0,1
0.22175815,0,0
0.2222575,0,1
0.22275775,0,0
0.2232576,0,1
0.2237577,0,0
0.2242576,0,1
0.22475775,0,0
0.22525765,0,1
0.2257578,0,0
0.2262577,0,1
0.22675785,0,0
0.2272581,0,1
0.22775805,0,0
0.22825815,0,1
0.2287578,0,0
0.2292578,0,1
0.229758,0,0
0.23025825,0,1
0.23075805,0,0
0.23125805,0,1
0.2317581,0,0
0.23225785,0,1
0.232758,0,0
0.233258,0,1
0.23375815,0,0
0.234258,0,1
0.23475815,0,0
0.23525805,0,1
0.23575855,0,0
0.236258,0,1
0.2367583,0,0
0.23725825,0,1
0.2377584,0,0
0.23825865,0,1
0.23875845,0,0
0.23925835,0,1
0.23975865,0,0
0.24025865,0,1
0.2407586,0,0
0.24125865,0,1
0.2417587,0,0
0.2422586,0,1
0.2427586,0,0
0.2432587,0,1
0.24375915,0,0
0.24425885,0,1
0.244759,0,0
0.2452593,0,1
0.24575905,0,0
0.2462589,0,1
0.2467591,0,0
0.2472592,0,1
0.24775935,0,0
0.2482593,0,1
0.24875945,0,0
0.24925935,0,1
0.2497599,0,0
0.25025935,0,1
0.2507597,0,0
0.25125965,0,1
0.25176,0,0
0.25226025,0,1
0.25276,0,0
0.25325995,0,1
0.25376005,0,0
0.25426,0,1
0.25476045,0,0
0.2552602,0,1
0.2557604,0,0
0.2562608,0,1
0.2567605,0,0
0.25726055,0,1
0.2577608,0,0
0.2582609,0,1
0.2587614,0,0
0.25926095,0,1
0.25976135,0,0
0.26026095,0,1
0.26076115,0,0
0.2612612,0,1
0.2617614,0,0
0.26226135,0,1
0.26276155,0,0
0.2632615,0,1
0.26376205,0,0
0.2642615,0,1
0.26476185,0,0
0.2652618,0,1
0.26576215,0,0
0.26626235,0,1
0.26676215,0,0
0.26726205,0,1
0.26776225,0,0
0.26826225,0,1
0.2687627,0,0
0.26926225,0,1
0.26976225,0,0
0.2702622,0,1
0.27076225,0,0
0.27126225,0,1
0.2717624,0,0
0.2722627,0,1
0.27276245,0,0
0.2732625,0,1
0.27376255,0,0
0.27426235,0,1
0.27476255,0,0
0.27526265,0,1
0.27576285,0,0
0.27626275,0,1
0.2767629,0,0
0.27726285,0,1
0.2777634,0,0
0.27826285,0,1
0.27876315,0,0
0.2792631,0,1
0.27976345,0,0
0.28026365,0,1
0.28076345,0,0
0.2812634,0,1
0.28176375,0,0
0.28226385,0,1
0.2827638,0,0
0.2832639,0,1
0.283764,0,0
0.28426395,0,1
0.28476405,0,0
0.28526415,0,1
0.2857646,0,0
0.2862643,0,1
0.2867645,0,0
0.2872648,0,1
0.28776475,0,0
0.2882644,0,1
0.28876455,0,0
0.2892646,0,1
0.2897648,0,0
0.29026475,0,1
0.290765,0,0
0.29126495,0,1
0.29176555,0,0
0.29226505,0,1
0.2927654,0,0
0.29326535,0,1
0.2937657,0,0
0.2942659,0,1
0.2947657,0,0
0.2952656,0,1
0.29576585,0,0
0.29626585,0,1
0.29676575,0,0
0.29726575,0,1
0.29776575,0,0
0.29826555,0,1
0.29876565,0,0
0.29926545,0,1
0.2997658,0,0
0.3002654,0,1
0.30076545,0,0
0.3012657,0,1
0.30176555,0,0
0.30226515,0,1
0.30276525,0,0
0.30326525,0,1
0.3037653,0,0
0.30426515,0,1
0.3047655,0,0
0.3052651,0,1
0.30576525,0,0
0.30626495,0,1
0.30676525,0,0
0.3072652,0,1
0.307765,0,0
0.30826495,0,1
0.30876495,0,0
0.3092648,0,1
0.3097649,0,0
0.3102649,0,1
0.31076525,0,0
0.31126475,0,1
0.31176495,0,0
0.3122649,0,1
0.312765,0,0
0.31326505,0,1
0.31376525,0,0
0.3142655,0,1
0.3147653,0,0
0.3152653,0,1
0.3157653,0,0
0.31626505,0,1
0.31676515,0,0
0.31726515,0,1
0.31776525,0,0
0.31826515,0,1
0.31876525,0,0
0.31926515,0,1
0.31976565,0,0
0.3202651,0,1
0.3207654,0,0
0.3212653,0,1
0.3217653,0,0
0.3222654,0,1
0.3227654,0,0
0.32326535,0,1
0.32376545,0,0
0.3242655,0,1
0.3247659,0,0
0.3252654,0,1
0.3257656,0,0
0.32626545,0,1
0.3267655,0,0
0.3272655,0,1
0.3277658,0,0
0.32826555,0,1
0.3287657,0,0
0.329266,0,1
0.32976575,0,0
0.33026555,0,1
0.3307656,0,0
0.33126565,0,1
0.33176575,0,0
0.3322656,0,1
0.33276575,0,0
0.3332656,0,1
0.3337661,0,0
0.33426545,0,1
0.33476575,0,0
0.33526565,0,1
0.3357658,0,0
0.3362657,0,1
0.33676585,0,0
0.33726575,0,1
0.33776585,0,0
0.3382658,0,1
0.33876595,0,0
0.3392662,0,1
0.33976585,0,0
0.340266,0,1
0.3407659,0,0
0.34126595,0,1
0.3417661,0,0
0.34226645,0,1
0.34276625,0,0
0.3432663,0,1
0.3437664,0,0
0.3442662,0,1
0.3447664,0,0
0.3452664,0,1
0.3457666,0,0
0.34626655,0,1
0.3467667,0,0
0.3472666,0,1
0.34776715,0,0
0.3482666,0,1
0.34876685,0,0
0.3492667,0,1
0.349767,0,0
0.35026715,0,1
0.3507669,0,0
0.3512668,0,1
0.35176695,0,0
0.35226695,0,1
0.35276735,0,0
0.3532668,0,1
0.35376695,0,0
0.3542668,0,1
0.3547668,0,0
0.3552668,0,1
0.3557669,0,0
0.35626715,0,1
0.35676685,0,0
0.35726685,0,1
0.35776685,0,0
0.35826655,0,1
0.3587667,0,0
0.35926655,0,1
0.3597667,0,0
0.36026655,0,1
0.36076665,0,0
0.3612665,0,1
0.36176655,0,0
0.36226645,0,1
0.3627665,0,0
0.3632663,0,1
0.3637664,0,0
0.36426625,0,1
0.36476635,0,0
0.36526615,0,1
0.36576625,0,0
0.3662661,0,1
0.3667662,0,0
0.36726605,0,1
0.36776615,0,0
0.368266,0,1
0.3687661,0,0
0.36926595,0,1
0.36976605,0,0
0.3702659,0,1
0.370766,0,0
0.3712659,0,1
0.371766,0,0
0.3722659,0,1
0.372766,0,0
0.3732659,0,1
0.3737661,0,0
0.3742659,0,1
0.3747661,0,0
0.375266,0,1
0.3757661,0,0
0.376266,0,1
0.3767661,0,0
0.37726595,0,1
0.3777661,0,0
0.378266,0,1
0.3787661,0,0
0.379266,0,1
0.3797661,0,0
0.3802659,0,1
0.380766,0,0
0.38126585,0,1
0.38176595,0,0
0.3822657,0,1
0.38276575,0,0
0.38326555,0,1
0.38376555,0,0
0.3842654,0,1
0.3847655,0,0
0.38526535,0,1
0.38576545,0,0
0.38626535,0,1
0.3867655,0,0
0.38726535,0,1
0.38776545,0,0
0.3882653,0,1
0.3887654,0,0
0.38926525,0,1
0.38976535,0,0
0.39026525,0,1
0.3907654,0,0
0.3912653,0,1
0.39176545,0,0
0.3922653,0,1
0.39276545,0,0
0.39326535,0,1
0.39376555,0,0
0.39426545,0,1
0.39476555,0,0
0.39526545,0,1
0.3957656,0,0
0.3962655,0,1
0.39676565,0,0
0.3972655,0,1
0.3977657,0,0
0.39826555,0,1
0.3987657,0,0
0.3992656,0,1
0.3997657,0,0
0.40026565,0,1
0.4007658,0,0
0.4012657,0,1
0.40176585,0,0
0.40226575,0,1
0.40276585,0,0
0.40326575,0,1
0.40376585,0,0
0.4042658,0,1
0.40476595,0,0
0.4052659,0,1
0.40576605,0,0
0.40626605,0,1
0.40676625,0,0
0.4072662,0,1
0.4077664,0,0
0.4082664,0,1
0.40876655,0,0
0.4092665,0,1
0.40976665,0,0
0.4102666,0,1
0.41076675,0,0
0.41126665,0,1
0.41176675,0,0
0.41226665,0,1
0.4127668,0,0
0.4132667,0,1
0.41376685,0,0
0.41426675,0,1
0.4147669,0,0
0.4152668,0,1
0.41576695,0,0
0.4162669,0,1
0.41676705,0,0
0.41726695,0,1
0.4177671,0,0
0.41826705,0,1
0.4187672,0,0
0.4192671,0,1
0.41976725,0,0
0.42026715,0,1
0.42076725,0,0
0.42126715,0,1
0.4217673,0,0
0.42226715,0,1
0.4227673,0,0
0.4232672,0,1
0.4237673,0,0
0.4242672,0,1
0.42476735,0,0
0.42526725,0,1
0.4257674,0,0
0.42626725,0,1
0.42676745,0,0
0.42726735,0,1
0.4277675,0,0
0.42826735,0,1
0.4287675,0,0
0.42926745,0,1
0.4297676,0,0
0.43026755,0,1
0.4307677,0,0
0.43126755,0,1
0.4317677,0,0
0.43226765,0,1
0.4327678,0,0
0.43326775,0,1
0.43376785,0,0
0.43426765,0,1
0.4347678,0,0
0.4352677,0,1
0.43576785,0,0
0.4362677,0,1
0.43676785,0,0
0.43726775,0,1
0.43776785,0,0
0.4382678,0,1
0.438768,0,0
0.43926785,0,1
0.439768,0,0
0.44026785,0,1
0.440768,0,0
0.4412679,0,1
0.4417681,0,0
0.44226805,0,1
0.44276825,0,0
0.4432682,0,1
0.44376835,0,0
0.44426825,0,1
0.44476835,0,0
0.44526825,0,1
0.44576835,0,0
0.44626825,0,1
0.4467684,0,0
0.4472683,0,1
0.44776845,0,0
0.44826835,0,1
0.44876855,0,0
0.4492684,0,1
0.4497685,0,0
0.4502684,0,1
0.45076855,0,0
0.4512684,0,1
0.4517685,0,0
0.4522684,0,1
0.45276855,0,0
0.4532684,0,1
0.45376855,0,0
0.45426845,0,1
0.4547686,0,0
0.45526845,0,1
0.45576855,0,0
0.45626845,0,1
0.4567686,0,0
0.45726845,0,1
0.4577686,0,0
0.4582685,0,1
0.45876865,0,0
0.45926855,0,1
0.45976865,0,0
0.4602685,0,1
0.4607686,0,0
0.4612685,0,1
0.4617686,0,0
0.4622685,0,1
0.46276865,0,0
0.4632686,0,1
0.46376875,0,0
0.46426865,0,1
0.4647688,0,0
0.4652687,0,1
0.46576885,0,0
0.46626875,0,1
0.46676895,0,0
0.4672689,0,1
0.46776905,0,0
0.46826895,0,1
0.46876905,0,0
0.4692689,0,1
0.46976905,0,0
0.470269,0,1
0.4707691,0,0
0.47126895,0,1
0.4717691,0,0
0.47226895,0,1
0.4727691,0,0
0.473269,0,1
0.4737692,0,0
0.4742691,0,1
0.4747693,0,0
0.47526915,0,1
0.4757693,0,0
0.47626925,0,1
0.4767694,0,0
0.47726935,0,1
0.4777695,0,0
0.47826935,0,1
0.47876935,0,0
0.47926915,0,1
0.4797692,0,0
0.480269,0,1
0.48076905,0,0
0.48126895,0,1
0.48176905,0,0
0.48226895,0,1
0.482769,0,0
0.4832689,0,1
0.48376905,0,0
0.4842689,0,1
0.48476905,0,0
0.4852689,0,1
0.4857691,0,0
0.486269,0,1
0.48676915,0,0
0.48726905,0,1
0.48776925,0,0
0.48826915,0,1
0.4887693,0,0
0.48926915,0,1
0.48976925,0,0
0.49026915,0,1
0.4907693,0,0
0.4912692,0,1
0.4917693,0,0
0.49226915,0,1
0.49276925,0,0
0.49326915,0,1
0.49376925,0,0
0.4942691,0,1
0.49476925,0,0
0.49526915,0,1
0.49576925,0,0
0.4962692,0,1
0.4967693,0,0
0.49726915,0,1
0.4977693,0,0
0.4982692,0,1
0.49876935,0,0
0.49926925,0,1
0.49976935,0,0
0.50026925,0,1
0.50076945,0,0
0.5012693,0,1
0.50176945,0,0
0.5022693,0,1
0.50276945,0,0
0.5032693,0,1
0.50376945,0,0
0.50426935,0,1
0.5047695,0,0
0.5052694,0,1
0.5057695,0,0
0.5062694,0,1
0.5067696,0,0
0.5072695,0,1
0.50776965,0,0
0.50826955,0,1
0.50876965,0,0
0.5092696,0,1
0.50976975,0,0
0.5102696,0,1
0.51076975,0,0
0.5112697,0,1
0.51176985,0,0
0.51226975,0,1
0.5127698,0,0
0.51326965,0,1
0.5137697,0,0
0.5142695,0,1
0.5147696,0,0
0.51526945,0,1
0.51576955,0,0
0.51626945,0,1
0.51676955,0,0
0.5172694,0,1
0.5177695,0,0
0.5182694,0,1
0.5187695,0,0
0.51926935,0,1
0.51976945,0,0
0.52026935,0,1
0.52076945,0,0
0.52126935,0,1
0.52176945,0,0
0.5222693,0,1
0.52276935,0,0
0.5232692,0,1
0.52376925,0,0
0.5242691,0,1
0.52476915,0,0
0.52526895,0,1
0.52576905,0,0
0.52626885,0,1
0.5267689,0,0
0.52726875,0,1
0.5277688,0,0
0.5282686,0,1
0.52876865,0,0
0.52926845,0,1
0.5297685,0,0
0.5302683,0,1
0.5307683,0,0
0.53126805,0,1
0.5317681,0,0
0.5322679,0,1
0.53276795,0,0
0.53326775,0,1
0.53376775,0,0
0.5342675,0,1
0.5347676,0,0
0.5352674,0,1
0.5357675,0,0
0.53626725,0,1
0.5367673,0,0
0.53726715,0,1
0.5377672,0,0
0.53826705,0,1
0.5387671,0,0
0.53926695,0,1
0.5397671,0,0
0.54026695,0,1
0.54076705,0,0
0.5412669,0,1
0.541767,0,0
0.54226685,0,1
0.5427669,0,0
0.54326675,0,1
0.5437668,0,0
0.54426665,0,1
0.54476675,0,0
0.5452666,0,1
0.5457667,0,0
0.54626655,0,1
0.5467667,0,0
0.54726655,0,1
0.5477667,0,0
0.54826655,0,1
0.5487666,0,0
0.5492665,0,1
0.5497666,0,0
0.5502665,0,1
0.5507666,0,0
0.55126645,0,1
0.55176655,0,0
0.5522664,0,1
0.55276645,0,0
0.5532663,0,1
0.55376635,0,0
0.55426615,0,1
0.5547662,0,0
0.555266,0,1
0.55576605,0,0
0.55626585,0,1
0.5567659,0,0
0.5572657,0,1
0.5577658,0,0
0.5582656,0,1
0.5587657,0,0
0.55926555,0,1
0.5597656,0,0
0.5602654,0,1
0.56076545,0,0
0.5612653,0,1
0.5617654,0,0
0.5622652,0,1
0.56276525,0,0
0.56326505,0,1
0.5637651,0,0
0.56426495,0,1
0.56476505,0,0
0.5652649,0,1
0.56576505,0,0
0.5662649,0,1
0.56676505,0,0
0.5672649,0,1
0.567765,0,0
0.56826485,0,1
0.56876495,0,0
0.56926475,0,1
0.56976485,0,0
0.5702647,0,1
0.5707648,0,0
0.57126465,0,1
0.57176475,0,0
0.5722646,0,1
0.57276465,0,0
0.5732645,0,1
0.5737646,0,0
0.57426445,0,1
0.5747645,0,0
0.5752643,0,1
0.57576435,0,0
0.5762642,0,1
0.57676425,0,0
0.57726405,0,1
0.5777641,0,0
0.57826385,0,1
0.5787639,0,0
0.5792637,0,1
0.5797637,0,0
0.5802635,0,1
0.58076355,0,0
0.58126335,0,1
0.58176335,0,0
0.58226315,0,1
0.5827632,0,0
0.58326295,0,1
0.583763,0,0
0.58426275,0,1
0.5847628,0,0
0.5852626,0,1
0.5857627,0,0
0.5862625,0,1
0.5867625,0,0
0.5872623,0,1
0.58776235,0,0
0.58826215,0,1
0.5887622,0,0
0.58926195,0,1
0.58976205,0,0
0.5902619,0,1
0.590762,0,0
0.5912618,0,1
0.5917619,0,0
0.59226175,0,1
0.5927618,0,0
0.5932616,0,1
0.59376165,0,0
0.5942614,0,1
0.5947615,0,0
0.59526135,0,1
0.59576145,0,0
0.59626125,0,1
0.59676135,0,0
0.5972612,0,1
0.5977613,0,0
0.5982611,0,1
0.59876115,0,0
0.59926095,0,1
0.59976105,0,0
0.6002609,0,1
0.60076095,0,0
0.60126075,0,1
0.60176085,0,0
0.6022606,0,1
0.6027607,0,0
0.60326055,0,1
0.60376065,0,0
0.60426045,0,1
0.6047605,0,0
0.60526035,0,1
0.6057604,0,0
0.6062602,0,1
0.6067602,0,0
0.60726,0,1
0.60776005,0,0
0.60825985,0,1
0.60875995,0,0
0.60925975,0,1
0.6097598,0,0
0.6102596,0,1
0.6107597,0,0
0.6112595,0,1
0.6117596,0,0
0.6122594,0,1
0.61275945,0,0
0.6132593,0,1
0.61375935,0,0
0.6142592,0,1
0.6147593,0,0
0.61525915,0,1
0.6157593,0,0
0.61625915,0,1
0.6167593,0,0
0.61725915,0,1
0.61775925,0,0
0.6182591,0,1
0.6187592,0,0
0.61925905,0,1
0.6197591,0,0
0.62025895,0,1
0.62075905,0,0
0.6212589,0,1
0.62175905,0,0
0.6222589,0,1
0.622759,0,0
0.6232588,0,1
0.62375885,0,0
0.6242587,0,1
0.6247588,0,0
0.62525865,0,1
0.62575875,0,0
0.6262586,0,1
0.6267587,0,0
0.62725855,0,1
0.62775865,0,0
0.62825855,0,1
0.62875865,0,0
0.6292585,0,1
0.62975865,0,0
0.6302585,0,1
0.6307586,0,0
0.63125845,0,1
0.6317585,0,0
0.63225835,0,1
0.63275845,0,0
0.63325825,0,1
0.6337584,0,0
0.63425825,0,1
0.63475835,0,0
0.6352582,0,1
0.63575835,0,0
0.6362582,0,1
0.63675835,0,0
0.6372582,0,1
0.63775835,0,0
0.6382582,0,1
0.6387583,0,0
0.63925815,0,1
0.6397582,0,0
0.640258,0,1
0.64075805,0,0
0.6412579,0,1
0.641758,0,0
0.6422578,0,1
0.6427579,0,0
0.64325775,0,1
0.6437578,0,0
0.6442576,0,1
0.64475765,0,0
0.64525745,0,1
0.6457575,0,0
0.64625735,0,1
0.6467574,0,0
0.6472572,0,1
0.6477573,0,0
0.6482571,0,1
0.6487572,0,0
0.64925705,0,1
0.64975715,0,0
0.65025695,0,1
0.650757,0,0
0.65125685,0,1
0.651757,0,0
0.65225685,0,1
0.65275695,0,0
0.65325685,0,1
0.6537569,0,0
0.6542567,0,1
0.65475675,0,0
0.6552566,0,1
0.6557567,0,0
0.65625655,0,1
0.6567566,0,0
0.6572564,0,1
0.6577565,0,0
0.65825635,0,1
0.65875645,0,0
0.65925625,0,1
0.65975635,0,0
0.6602562,0,1
0.6607563,0,0
0.66125615,0,1
0.66175625,0,0
0.66225615,0,1
0.66275625,0,0
0.6632561,0,1
0.6637562,0,0
0.66425605,0,1
0.66475615,0,0
0.66525595,0,1
0.66575605,0,0
0.66625585,0,1
0.66675595,0,0
0.66725575,0,1
0.6677558,0,0
0.66825565,0,1
0.6687557,0,0
0.6692555,0,1
0.66975555,0,0
0.67025535,0,1
0.6707554,0,0
0.6712552,0,1
0.6717553,0,0
0.67225505,0,1
0.67275515,0,0
0.67325495,0,1
0.67375505,0,0
0.6742549,0,1
0.674755,0,0
0.67525485,0,1
0.6757549,0,0
0.67625475,0,1
0.6767548,0,0
0.67725465,0,1
0.67775475,0,0
0.67825455,0,1
0.6787546,0,0
0.67925435,0,1
0.6797544,0,0
0.6802542,0,1
0.68075425,0,0
0.68125405,0,1
0.6817541,0,0
0.6822539,0,1
0.68275395,0,0
0.68325375,0,1
0.68375375,0,0
0.6842535,0,1
0.6847535,0,0
0.68525325,0,1
0.6857533,0,0
0.6862531,0,1
0.6867531,0,0
0.68725285,0,1
0.6877529,0,0
0.68825275,0,1
0.6887528,0,0
0.68925265,0,1
0.6897527,0,0
0.69025255,0,1
0.69075265,0,0
0.69125245,0,1
0.69175255,0,0
0.69225235,0,1
0.69275245,0,0
0.6932522,0,1
0.6937523,0,0
0.69425205,0,1
0.6947521,0,0
0.6952519,0,1
0.69575195,0,0
0.6962518,0,1
0.6967519,0,0
0.69725175,0,1
0.6977518,0,0
0.6982516,0,1
0.69875165,0,0
0.69925145,0,1
0.69975155,0,0
0.7002513,0,1
0.70075135,0,0
0.7012512,0,1
0.70175125,0,0
0.70225105,0,1
0.70275115,0,0
0.703251,0,1
0.7037511,0,0
0.7042509,0,1
0.704751,0,0
0.7052508,0,1
0.7057509,0,0
0.7062507,0,1
0.70675075,0,0
0.70725055,0,1
0.7077506,0,0
0.70825045,0,1
0.7087505,0,0
0.7092504,0,1
0.7097505,0,0
0.7102504,0,1
0.7107505,0,0
0.7112503,0,1
0.7117504,0,0
0.7122502,0,1
0.71275025,0,0
0.71325015,0,1
0.71375025,0,0
0.7142501,0,1
0.71475015,0,0
0.71524995,0,1
0.71575005,0,0
0.7162499,0,1
0.71675005,0,0
0.7172499,0,1
0.71775,0,0
0.71824985,0,1
0.71875,0,0
0.7192499,0,1
0.71975005,0,0
0.7202499,0,1
0.72075005,0,0
0.7212499,0,1
0.72175,0,0
0.7222499,0,1
0.72275,0,0
0.72324985,0,1
0.72374995,0,0
0.72424975,0,1
0.72474985,0,0
0.7252497,0,1
0.72574975,0,0
0.7262496,0,1
0.72674965,0,0
0.72724955,0,1
0.7277496,0,0
0.72824955,0,1
0.72874965,0,0
0.72924955,0,1
0.72974965,0,0
0.7302496,0,1
0.7307497,0,0
0.73124955,0,1
0.73174965,0,0
0.7322495,0,1
0.73274965,0,0
0.7332495,0,1
0.73374965,0,0
0.7342496,0,1
0.7347497,0,0
0.7352496,0,1
0.7357497,0,0
0.73624955,0,1
0.7367496,0,0
0.73724945,0,1
0.73774955,0,0
0.7382494,0,1
0.7387495,0,0
0.73924935,0,1
0.7397495,0,0
0.74024935,0,1
0.74074945,0,0
0.7412493,0,1
0.7417494,0,0
0.74224925,0,1
0.74274935,0,0
0.7432492,0,1
0.74374935,0,0
0.74424925,0,1
0.74474935,0,0
0.74524925,0,1
0.74574935,0,0
0.74624925,0,1
0.74674935,0,0
0.74724925,0,1
0.74774935,0,0
0.7482492,0,1
0.74874935,0,0
0.7492492,0,1
0.7497493,0,0
0.7502492,0,1
0.7507493,0,0
0.75124915,0,1
0.7517492,0,0
0.75224905,0,1
0.7527491,0,0
0.75324895,0,1
0.75374905,0,0
0.7542489,0,1
0.75474905,0,0
0.7552489,0,1
0.755749,0,0
0.7562489,0,1
0.756749,0,0
0.75724885,0,1
0.757749,0,0
0.7582488,0,1
0.75874895,0,0
0.75924875,0,1
0.75974885,0,0
0.7602487,0,1
0.7607488,0,0
0.7612487,0,1
0.7617488,0,0
0.76224865,0,1
0.76274875,0,0
0.7632486,0,1
0.7637487,0,0
0.76424855,0,1
0.7647487,0,0
0.7652485,0,1
0.76574865,0,0
0.7662485,0,1
0.7667486,0,0
0.7672485,0,1
0.76774855,0,0
0.7682484,0,1
0.7687485,0,0
0.7692484,0,1
0.7697485,0,0
0.77024835,0,1
0.7707485,0,0
0.77124835,0,1
0.77174855,0,0
0.77224845,0,1
0.77274865,0,0
0.7732485,0,1
0.7737486,0,0
0.77424845,0,1
0.77474855,0,0
0.7752484,0,1
0.7757485,0,0
0.77624835,0,1
0.77674845,0,0
0.77724825,0,1
0.77774835,0,0
0.7782482,0,1
0.77874825,0,0
0.7792481,0,1
0.7797482,0,0
0.78024805,0,1
0.78074815,0,0
0.78124805,0,1
0.78174815,0,0
0.782248,0,1
0.78274815,0,0
0.78324805,0,1
0.78374815,0,0
0.7842481,0,1
0.7847482,0,0
0.7852481,0,1
0.7857482,0,0
0.786248,0,1
0.7867481,0,0
0.7872479,0,1
0.78774795,0,0
0.78824775,0,1
0.7887478,0,0
0.7892476,0,1
0.78974765,0,0
0.7902475,0,1
0.7907475,0,0
0.79124735,0,1
0.7917474,0,0
0.7922472,0,1
0.79274735,0,0
0.79324715,0,1
0.79374725,0,0
0.7942471,0,1
0.7947472,0,0
0.795247,0,1
0.7957471,0,0
0.7962469,0,1
0.796747,0,0
0.7972468,0,1
0.79774685,0,0
0.7982467,0,1
0.79874675,0,0
0.79924655,0,1
0.7997466,0,0
0.8002464,0,1
0.80074645,0,0
0.8012463,0,1
0.8017464,0,0
0.8022462,0,1
0.8027463,0,0
0.80324615,0,1
0.8037462,0,0
0.80424605,0,1
0.8047461,0,0
0.8052459,0,1
0.80574595,0,0
0.8062458,0,1
0.8067459,0,0
0.80724575,0,1
0.8077458,0,0
0.8082456,0,1
0.80874565,0,0
0.8092455,0,1
0.80974565,0,0
0.8102455,0,1
0.81074565,0,0
0.8112455,0,1
0.81174555,0,0
0.8122454,0,1
0.8127455,0,0
0.81324535,0,1
0.8137454,0,0
0.8142452,0,1
0.81474525,0,0
0.81524505,0,1
0.8157451,0,0
0.81624495,0,1
0.81674505,0,0
0.81724485,0,1
0.8177449,0,0
0.81824475,0,1
0.8187448,0,0
0.81924465,0,1
0.81974475,0,0
0.82024455,0,1
0.82074465,0,0
0.82124445,0,1
0.8217446,0,0
0.82224445,0,1
0.8227445,0,0
0.8232444,0,1
0.82374445,0,0
0.8242443,0,1
0.82474435,0,0
0.82524425,0,1
0.8257443,0,0
0.8262441,0,1
0.82674415,0,0
0.82724395,0,1
0.827744,0,0
0.82824385,0,1
0.8287439,0,0
0.8292437,0,1
0.82974375,0,0
0.83024355,0,1
0.8307436,0,0
0.8312434,0,1
0.8317435,0,0
0.8322433,0,1
0.8327434,0,0
0.83324325,0,1
0.83374335,0,0
0.8342432,0,1
0.8347433,0,0
0.83524315,0,1
0.83574325,0,0
0.83624305,0,1
0.83674315,0,0
0.837243,0,1
0.8377431,0,0
0.8382429,0,1
0.838743,0,0
0.83924285,0,1
0.839743,0,0
0.84024285,0,1
0.8407429,0,0
0.8412427,0,1
0.84174275,0,0
0.8422426,0,1
0.84274265,0,0
0.84324245,0,1
0.84374255,0,0
0.84424235,0,1
0.8447424,0,0
0.84524225,0,1
0.84574225,0,0
0.8462421,0,1
0.84674215,0,0
0.847242,0,1
0.8477421,0,0
0.8482419,0,1
0.848742,0,0
0.8492418,0,1
0.84974195,0,0
0.8502418,0,1
0.85074195,0,0
0.8512418,0,1
0.8517419,0,0
0.85224175,0,1
0.85274185,0,0
0.85324165,0,1
0.85374175,0,0
0.8542416,0,1
0.85474165,0,0
0.85524145,0,1
0.85574155,0,0
0.8562414,0,1
0.8567415,0,0
0.85724135,0,1
0.85774145,0,0
0.8582413,0,1
0.85874145,0,0
0.8592413,0,1
0.85974145,0,0
0.8602413,0,1
0.86074135,0,0
0.8612412,0,1
0.8617413,0,0
0.86224115,0,1
0.86274125,0,0
0.86324115,0,1
0.8637413,0,0
0.86424115,0,1
0.86474125,0,0
0.8652411,0,1
0.8657412,0,0
0.8662411,0,1
0.86674125,0,0
0.86724115,0,1
0.86774125,0,0
0.8682411,0,1
0.8687412,0,0
0.86924105,0,1
0.8697411,0,0
0.870241,0,1
0.8707411,0,0
0.8712409,0,1
0.87174095,0,0
0.8722408,0,1
0.87274085,0,0
0.8732407,0,1
0.8737408,0,0
0.8742407,0,1
0.8747408,0,0
0.8752407,0,1
0.8757408,0,0
0.87624065,0,1
0.87674075,0,0
0.87724065,0,1
0.87774075,0,0
0.8782407,0,1
0.87874085,0,0
0.8792408,0,1
0.8797409,0,0
0.8802408,0,1
0.8807409,0,0
0.88124075,0,1
0.88174085,0,0
0.88224075,0,1
0.8827409,0,0
0.88324075,0,1
0.88374085,0,0
0.8842407,0,1
0.8847408,0,0
0.88524065,0,1
0.88574075,0,0
0.88624055,0,1
0.8867406,0,0
0.88724045,0,1
0.8877405,0,0
0.8882404,0,1
0.8887405,0,0
0.8892404,0,1
0.8897405,0,0
0.8902404,0,1
0.89074055,0,0
0.8912405,0,1
0.89174065,0,0
0.8922406,0,1
0.8927407,0,0
0.89324055,0,1
0.89374075,0,0
0.8942407,0,1
0.89474085,0,0
0.8952407,0,1
0.8957408,0,0
0.89624065,0,1
0.89674075,0,0
0.89724065,0,1
0.89774075,0,0
0.8982406,0,1
0.89874065,0,0
0.8992405,0,1
0.8997406,0,0
0.9002404,0,1
0.90074045,0,0
0.90124025,0,1
0.90174035,0,0
0.90224015,0,1
0.9027403,0,0
0.90324015,0,1
0.90374025,0,0
0.9042401,0,1
0.9047402,0,0
0.9052401,0,1
0.9057402,0,0
0.90624005,0,1
0.90674015,0,0
0.90723995,0,1
0.90774,0,0
0.9082399,0,1
0.90874,0,0
0.90923985,0,1
0.9097399,0,0
0.91023975,0,1
0.91073985,0,0
0.9112397,0,1
0.9117398,0,0
0.9122397,0,1
0.9127398,0,0
0.9132397,0,1
0.91373985,0,0
0.91423975,0,1
0.91473985,0,0
0.91523975,0,1
0.9157399,0,0
0.9162398,0,1
0.9167399,0,0
0.91723975,0,1
0.9177399,0,0
0.91823975,0,1
0.91873985,0,0
0.9192397,0,1
0.9197398,0,0
0.92023965,0,1
0.9207397,0,0
0.9212396,0,1
0.9217397,0,0
0.9222396,0,1
0.9227397,0,0
0.9232396,0,1
0.9237397,0,0
0.92423965,0,1
0.92473975,0,0
0.92523965,0,1
0.92573975,0,0
0.92623955,0,1
0.9267397,0,0
0.9272396,0,1
0.92773975,0,0
0.92823955,0,1
0.9287397,0,0
0.9292396,0,1
0.9297397,0,0
0.9302396,0,1
0.9307397,0,0
0.93123955,0,1
0.9317397,0,0
0.9322395,0,1
0.9327396,0,0
0.9332395,0,1
0.93373965,0,0
0.93423955,0,1
0.9347397,0,0
0.9352396,0,1
0.9357397,0,0
0.93623955,0,1
0.93673965,0,0
0.93723955,0,1
0.9377396,0,0
0.93823945,0,1
0.93873955,0,0
0.93923945,0,1
0.93973955,0,0
0.94023945,0,1
0.9407396,0,0
0.94123945,0,1
0.94173955,0,0
0.94223935,0,1
0.94273945,0,0
0.94323935,0,1
0.9437395,0,0
0.94423935,0,1
0.94473945,0,0
0.9452393,0,1
0.94573935,0,0
0.9462392,0,1
0.9467393,0,0
0.9472391,0,1
0.9477392,0,0
0.94823905,0,1
0.94873915,0,0
0.949239,0,1
0.9497391,0,0
0.95023895,0,1
0.95073905,0,0
0.95123895,0,1
0.95173905,0,0
0.95223895,0,1
0.95273905,0,0
0.9532389,0,1
0.95373905,0,0
0.9542389,0,1
0.954739,0,0
0.9552389,0,1
0.95573905,0,0
0.9562389,0,1
0.95673905,0,0
0.9572389,0,1
0.95773905,0,0
0.9582389,0,1
0.95873905,0,0
0.95923895,0,1
0.9597391,0,0
0.96023895,0,1
0.9607391,0,0
0.961239,0,1
0.96173915,0,0
0.96223905,0,1
0.9627392,0,0
0.96323915,0,1
0.9637393,0,0
0.96423925,0,1
0.96473935,0,0
0.9652392,0,1
0.96573935,0,0
0.9662392,0,1
0.96673935,0,0
0.9672392,0,1
0.9677393,0,0
0.96823915,0,1
0.96873925,0,0
0.9692391,0,1
0.96973925,0,0
0.9702391,0,1
0.9707392,0,0
0.97123905,0,1
0.97173915,0,0
0.972239,0,1
0.9727391,0,0
0.973239,0,1
0.97373915,0,0
0.97423895,0,1
0.97473905,0,0
0.97523885,0,1
0.9757389,0,0
0.97623875,0,1
0.97673875,0,0
0.9772386,0,1
0.9777387,0,0
0.9782386,0,1
0.9787387,0,0
0.9792385,0,1
0.9797386,0,0
0.98023845,0,1
0.9807386,0,0
0.98123845,0,1
0.9817386,0,0
0.98223845,0,1
0.98273855,0,0
0.9832384,0,1
0.9837385,0,0
0.9842384,0,1
0.9847385,0,0
0.9852384,0,1
0.9857385,0,0
0.9862384,0,1
0.98673845,0,0
0.98723835,0,1
0.9877385,0,0
0.98823835,0,1
0.98873845,0,0
0.9892383,0,1
0.98973845,0,0
0.99023835,0,1
0.9907384,0,0
0.9912383,0,1
0.99173845,0,0
0.9922383,0,1
0.99273845,0,0
0.9932383,0,1
0.99373835,0,0
0.9942382,0,1
0.9947383,0,0
0.9952382,0,1
0.9957383,0,0
0.99623815,0,1
0.9967383,0,0
0.9972382,0,1
0.9977383,0,0
0.99823815,0,1
0.99873825,0,0
0.99923815,0,1
0.9997383,0,0
1.00023815,0,1
1.00073825,0,0
1.00123815,0,1
1.00173825,0,0
1.00223805,0,1
1.0027381,0,0
1.0032379,0,1
1.003738,0,0
1.00423785,0,1
1.0047379,0,0
1.00523775,0,1
1.00573785,0,0
1.00623775,0,1
1.00673785,0,0
1.0072377,0,1
1.0077378,0,0
1.00823765,0,1
1.00873775,0,0
1.0092376,0,1
1.00973775,0,0
1.0102376,0,1
1.01073765,0,0
1.01123745,0,1
1.0117376,0,0
1.01223745,0,1
1.01273755,0,0
1.01323745,0,1
1.01373755,0,0
1.01423735,0,1
1.01473745,0,0
1.0152373,0,1
1.01573735,0,0
1.01623715,0,1
1.0167372,0,0
1.017237,0,1
1.01773705,0,0
1.0182369,0,1
1.018737,0,0
1.01923685,0,1
1.01973695,0,0
1.0202368,0,1
1.020737,0,0
1.02123685,0,1
1.021737,0,0
1.0222368,0,1
1.02273695,0,0
1.0232368,0,1
1.02373695,0,0
1.0242368,0,1
1.0247369,0,0
1.02523675,0,1
1.02573685,0,0
1.0262367,0,1
1.0267368,0,0
1.02723665,0,1
1.02773675,0,0
1.0282366,0,1
1.02873675,0,0
1.0292366,0,1
1.0297367,0,0
1.0302366,0,1
1.0307367,0,0
1.0312366,0,1
1.0317367,0,0
1.03223655,0,1
1.0327366,0,0
1.0332365,0,1
1.0337366,0,0
1.0342365,0,1
1.0347366,0,0
1.0352365,0,1
1.0357366,0,0
1.0362365,0,1
1.03673665,0,0
1.03723655,0,1
1.03773675,0,0
1.0382367,0,1
1.03873685,0,0
1.03923675,0,1
1.0397369,0,0
1.0402368,0,1
1.0407369,0,0
1.0412368,0,1
1.0417369,0,0
1.0422368,0,1
1.04273695,0,0
1.04323685,0,1
1.04373705,0,0
1.04423695,0,1
1.0447371,0,0
1.04523705,0,1
1.04573715,0,0
1.046237,0,1
1.0467371,0,0
1.04723695,0,1
1.04773705,0,0
1.04823695,0,1
1.04873705,0,0
1.0492369,0,1
1.04973705,0,0
1.05023685,0,1
1.05073695,0,0
1.0512368,0,1
1.0517369,0,0
1.0522367,0,1
1.0527368,0,0
1.0532367,0,1
1.05373685,0,0
1.0542368,0,1
1.05473695,0,0
1.0552369,0,1
1.05573705,0,0
1.05623695,0,1
1.0567371,0,0
1.057237,0,1
1.05773715,0,0
1.058237,0,1
1.05873715,0,0
1.059237,0,1
1.05973715,0,0
1.06023705,0,1
1.0607372,0,0
1.0612371,0,1
1.0617372,0,0
1.0622371,0,1
1.06273725,0,0
1.06323715,0,1
1.06373725,0,0
1.06423715,0,1
1.0647373,0,0
1.0652372,0,1
1.0657373,0,0
1.0662372,0,1
1.06673735,0,0
1.06723725,0,1
1.0677374,0,0
1.0682373,0,1
1.0687375,0,0
1.0692374,0,1
1.06973755,0,0
1.07023745,0,1
1.0707376,0,0
1.07123755,0,1
1.0717377,0,0
1.07223765,0,1
1.0727378,0,0
1.0732378,0,1
1.07373795,0,0
1.0742379,0,1
1.0747381,0,0
1.075238,0,1
1.07573815,0,0
1.0762381,0,1
1.0767382,0,0
1.07723815,0,1
1.0777383,0,0
1.0782382,0,1
1.0787383,0,0
1.0792382,0,1
1.0797383,0,0
1.0802382,0,1
1.0807383,0,0
1.0812382,0,1
1.0817383,0,0
1.0822382,0,1
1.0827383,0,0
1.0832382,0,1
1.0837383,0,0
1.08423815,0,1
1.08473825,0,0
1.08523815,0,1
1.08573835,0,0
1.0862383,0,1
1.08673845,0,0
1.0872384,0,1
1.0877386,0,0
1.08823845,0,1
1.08873855,0,0
1.0892384,0,1
1.08973855,0,0
1.0902384,0,1
1.09073855,0,0
1.09123845,0,1
1.0917386,0,0
1.0922385,0,1
1.0927386,0,0
1.09323845,0,1
1.0937386,0,0
1.0942385,0,1
1.09473865,0,0
1.0952385,0,1
1.09573855,0,0
1.0962384,0,1
1.0967385,0,0
1.0972384,0,1
1.09773855,0,0
1.09823845,0,1
1.09873855,0,0
1.0992385,0,1
1.09973865,0,0
1.10023855,0,1
1.1007387,0,0
1.1012386,0,1
1.10173875,0,0
1.10223865,0,1
1.10273875,0,0
1.10323865,0,1
1.1037388,0,0
1.10423875,0,1
1.1047389,0,0
1.1052388,0,1
1.10573895,0,0
1.1062389,0,1
1.10673905,0,0
1.107239,0,1
1.10773915,0,0
1.1082391,0,1
1.10873925,0,0
1.10923915,0,1
1.1097393,0,0
1.11023915,0,1
1.11073935,0,0
1.1112393,0,1
1.1117395,0,0
1.11223945,0,1
1.1127396,0,0
1.1132395,0,1
1.1137397,0,0
1.1142396,0,1
1.1147398,0,0
1.11523975,0,1
1.11573995,0,0
1.11623985,0,1
1.11674,0,0
1.1172399,0,1
1.11774005,0,0
1.11823995,0,1
1.1187401,0,0
1.11924,0,1
1.1197401,0,0
1.12024005,0,1
1.1207402,0,0
1.12124005,0,1
1.1217402,0,0
1.1222401,0,1
1.12274025,0,0
1.1232401,0,1
1.1237402,0,0
1.12424005,0,1
1.1247402,0,0
1.1252401,0,1
1.12574025,0,0
1.12624015,0,1
1.12674025,0,0
1.1272401,0,1
1.1277402,0,0
1.1282401,0,1
1.12874025,0,0
1.12924015,0,1
1.1297403,0,0
1.1302402,0,1
1.13074035,0,0
1.1312402,0,1
1.13174035,0,0
1.13224025,0,1
1.13274035,0,0
1.1332402,0,1
1.13374035,0,0
1.13424025,0,1
1.13474035,0,0
1.13524025,0,1
1.1357404,0,0
1.1362403,0,1
1.13674045,0,0
1.1372403,0,1
1.13774045,0,0
1.13824035,0,1
1.13874045,0,0
1.13924035,0,1
1.13974055,0,0
1.14024045,0,1
1.14074065,0,0
1.14124055,0,1
1.14174065,0,0
1.14224055,0,1
1.14274065,0,0
1.14324055,0,1
1.14374065,0,0
1.1442405,0,1
1.1447406,0,0
1.14524045,0,1
1.14574055,0,0
1.14624045,0,1
1.14674055,0,0
1.1472404,0,1
1.1477405,0,0
1.14824035,0,1
1.14874045,0,0
1.1492403,0,1
1.1497404,0,0
1.15024025,0,1
1.15074035,0,0
1.15124025,0,1
1.1517404,0,0
1.1522403,0,1
1.15274045,0,0
1.1532403,0,1
1.1537404,0,0
1.15424025,0,1
1.15474035,0,0
1.1552402,0,1
1.1557403,0,0
1.15624015,0,1
1.1567403,0,0
1.1572402,0,1
1.1577403,0,0
1.15824025,0,1
1.1587404,0,0
1.1592403,0,1
1.15974045,0,0
1.16024035,0,1
1.16074055,0,0
1.1612404,0,1
1.1617405,0,0
1.16224035,0,1
1.1627405,0,0
1.16324035,0,1
1.16374045,0,0
1.1642403,0,1
1.1647404,0,0
1.16524025,0,1
1.1657403,0,0
1.16624015,0,1
1.16674025,0,0
1.1672401,0,1
1.1677402,0,0
1.1682401,0,1
1.16874025,0,0
1.1692401,0,1
1.16974025,0,0
1.1702401,0,1
1.17074025,0,0
1.1712401,0,1
1.1717402,0,0
1.17224005,0,1
1.1727402,0,0
1.17324005,0,1
1.1737401,0,0
1.17423995,0,1
1.17474005,0,0
1.1752399,0,1
1.17574,0,0
1.1762399,0,1
1.17674,0,0
1.1772399,0,1
1.17774005,0,0
1.1782399,0,1
1.17874005,0,0
1.1792399,0,1
1.17974,0,0
1.18023985,0,1
1.18073995,0,0
1.1812398,0,1
1.1817399,0,0
1.18223975,0,1
1.18273985,0,0
1.18323965,0,1
1.1837397,0,0
1.1842395,0,1
1.1847395,0,0
1.18523925,0,1
1.1857393,0,0
1.18623915,0,1
1.1867392,0,0
1.18723905,0,1
1.1877391,0,0
1.1882389,0,1
1.1887389,0,0
1.1892387,0,1
1.1897388,0,0
1.19023865,0,1
1.19073875,0,0
1.1912386,0,1
1.1917387,0,0
1.1922385,0,1
1.1927386,0,0
1.19323845,0,1
1.19373855,0,0
1.19423835,0,1
1.1947384,0,0
1.1952382,0,1
1.1957383,0,0
1.1962382,0,1
1.1967383,0,0
1.1972381,0,1
1.1977382,0,0
1.19823805,0,1
1.19873815,0,0
1.19923805,0,1
1.19973815,0,0
1.200238,0,1
1.20073815,0,0
1.20123805,0,1
1.2017382,0,0
1.2022381,0,1
1.2027382,0,0
1.20323805,0,1
1.2037382,0,0
1.20423805,0,1
1.2047382,0,0
1.2052381,0,1
1.2057382,0,0
1.2062381,0,1
1.20673825,0,0
1.2072381,0,1
1.2077382,0,0
1.2082381,0,1
1.20873825,0,0
1.20923815,0,1
1.20973825,0,0
1.2102381,0,1
1.21073825,0,0
1.21123815,0,1
1.21173825,0,0
1.2122381,0,1
1.21273825,0,0
1.2132381,0,1
1.2137382,0,0
1.214238,0,1
1.2147381,0,0
1.21523795,0,1
1.2157381,0,0
1.21623795,0,1
1.21673805,0,0
1.2172379,0,1
1.217738,0,0
1.21823785,0,1
1.21873795,0,0
1.21923785,0,1
1.21973795,0,0
1.2202378,0,1
1.2207379,0,0
1.22123775,0,1
1.22173785,0,0
1.2222377,0,1
1.22273785,0,0
1.2232377,0,1
1.2237378,0,0
1.22423765,0,1
1.22473775,0,0
1.22523765,0,1
1.2257377,0,0
1.2262376,0,1
1.2267377,0,0
1.22723755,0,1
1.22773765,0,0
1.2282375,0,1
1.2287376,0,0
1.2292374,0,1
1.2297375,0,0
1.23023735,0,1
1.23073745,0,0
1.23123725,0,1
1.2317374,0,0
1.23223725,0,1
1.23273735,0,0
1.2332372,0,1
1.2337373,0,0
1.2342371,0,1
1.23473715,0,0
1.235237,0,1
1.2357371,0,0
1.23623695,0,1
1.2367371,0,0
1.23723695,0,1
1.23773705,0,0
1.23823685,0,1
1.23873695,0,0
1.2392368,0,1
1.23973695,0,0
1.24023685,0,1
1.240737,0,0
1.2412369,0,1
1.24173705,0,0
1.24223695,0,1
1.24273705,0,0
1.243237,0,1
1.24373715,0,0
1.24423705,0,1
1.2447372,0,0
1.2452371,0,1
1.2457372,0,0
1.24623705,0,1
1.2467372,0,0
1.24723705,0,1
1.2477372,0,0
1.24823705,0,1
1.24873715,0,0
1.2492371,0,1
1.2497372,0,0
1.2502371,0,1
1.2507373,0,0
1.2512372,0,1
1.25173735,0,0
1.25223725,0,1
1.25273735,0,0
1.25323725,0,1
1.2537374,0,0
1.2542373,0,1
1.25473745,0,0
1.25523735,0,1
1.25573755,0,0
1.25623745,0,1
1.2567376,0,0
1.25723755,0,1
1.2577377,0,0
1.2582376,0,1
1.2587378,0,0
1.25923775,0,1
1.2597379,0,0
1.26023785,0,1
1.26073795,0,0
1.26123785,0,1
1.26173805,0,0
1.26223795,0,1
1.26273805,0,0
1.263238,0,1
1.26373815,0,0
1.26423805,0,1
1.2647382,0,0
1.2652381,0,1
1.2657382,0,0
1.2662381,0,1
1.26673825,0,0
1.26723815,0,1
1.26773825,0,0
1.2682382,0,1
1.26873835,0,0
1.26923825,0,1
1.2697384,0,0
1.2702383,0,1
1.27073845,0,0
1.2712384,0,1
1.2717386,0,0
1.2722385,0,1
1.2727388,0,0
1.2732388,0,1
1.27373905,0,0
1.27423905,0,1
1.2747392,0,0
1.27523915,0,1
1.27573935,0,0
1.27623925,0,1
1.27673945,0,0
1.27723945,0,1
1.27773965,0,0
1.27823965,0,1
1.27873985,0,0
1.2792398,0,1
1.27974,0,0
1.28024,0,1
1.2807402,0,0
1.2812401,0,1
1.2817403,0,0
1.28224025,0,1
1.28274045,0,0
1.2832404,0,1
1.28374065,0,0
1.28424055,0,1
1.28474075,0,0
1.28524065,0,1
1.2857409,0,0
1.28624085,0,1
1.28674105,0,0
1.287241,0,1
1.28774115,0,0
1.28824115,0,1
1.28874135,0,0
1.2892413,0,1
1.28974155,0,0
1.2902415,0,1
1.2907417,0,0
1.29124165,0,1
1.29174185,0,0
1.2922418,0,1
1.292742,0,0
1.2932419,0,1
1.2937421,0,0
1.294242,0,1
1.29474215,0,0
1.2952421,0,1
1.29574225,0,0
1.29624215,0,1
1.29674235,0,0
1.29724225,0,1
1.2977424,0,0
1.2982423,0,1
1.29874245,0,0
1.2992423,0,1
1.29974245,0,0
1.30024235,0,1
1.3007425,0,0
1.3012424,0,1
1.3017426,0,0
1.3022425,0,1
1.30274265,0,0
1.30324255,0,1
1.3037427,0,0
1.30424265,0,1
1.3047428,0,0
1.3052427,0,1
1.3057429,0,0
1.30624285,0,1
1.306743,0,0
1.3072429,0,1
1.30774305,0,0
1.30824295,0,1
1.30874315,0,0
1.30924305,0,1
1.3097432,0,0
1.3102431,0,1
1.3107433,0,0
1.3112432,0,1
1.31174335,0,0
1.3122433,0,1
1.31274345,0,0
1.31324335,0,1
1.31374355,0,0
1.31424345,0,1
1.31474365,0,0
1.31524355,0,1
1.3157437,0,0
1.3162436,0,1
1.31674375,0,0
1.31724365,0,1
1.31774385,0,0
1.31824375,0,1
1.3187439,0,0
1.31924385,0,1
1.319744,0,0
1.32024395,0,1
1.32074415,0,0
1.3212441,0,1
1.3217443,0,0
1.3222443,0,1
1.32274455,0,0
1.3232446,0,1
1.3237448,0,0
1.32424475,0,1
1.32474495,0,0
1.3252448,0,1
1.3257449,0,0
1.3262448,0,1
1.326745,0,0
1.3272449,0,1
1.32774505,0,0
1.32824495,0,1
1.32874515,0,0
1.329245,0,1
1.32974515,0,0
1.33024505,0,1
1.3307452,0,0
1.3312451,0,1
1.33174525,0,0
1.3322451,0,1
1.33274525,0,0
1.33324515,0,1
1.33374535,0,0
1.33424525,0,1
1.33474545,0,0
1.3352454,0,1
1.33574555,0,0
1.33624545,0,1
1.3367456,0,0
1.33724555,0,1
1.3377457,0,0
1.33824555,0,1
1.3387457,0,0
1.3392456,0,1
1.33974575,0,0
1.3402457,0,1
1.3407458,0,0
1.3412457,0,1
1.3417458,0,0
1.3422457,0,1
1.3427458,0,0
1.3432457,0,1
1.34374585,0,0
1.34424575,0,1
1.3447459,0,0
1.3452458,0,1
1.34574595,0,0
1.34624585,0,1
1.346746,0,0
1.34724585,0,1
1.347746,0,0
1.3482459,0,1
1.3487461,0,0
1.34924595,0,1
1.34974615,0,0
1.350246,0,1
1.3507461,0,0
1.351246,0,1
1.35174615,0,0
1.35224605,0,1
1.3527462,0,0
1.3532461,0,1
1.35374625,0,0
1.35424615,0,1
1.3547463,0,0
1.3552462,0,1
1.3557463,0,0
1.3562462,0,1
1.35674635,0,0
1.35724625,0,1
1.35774635,0,0
1.3582462,0,1
1.3587463,0,0
1.3592462,0,1
1.3597463,0,0
1.3602462,0,1
1.36074635,0,0
1.36124625,0,1
1.3617464,0,0
1.3622463,0,1
1.36274645,0,0
1.3632463,0,1
1.3637464,0,0
1.3642463,0,1
1.3647464,0,0
1.36524625,0,1
1.36574635,0,0
1.36624625,0,1
1.36674635,0,0
1.36724625,0,1
1.36774635,0,0
1.36824615,0,1
1.36874625,0,0
1.3692461,0,1
1.36974615,0,0
1.370246,0,1
1.3707461,0,0
1.371246,0,1
1.37174615,0,0
1.372246,0,1
1.37274615,0,0
1.373246,0,1
1.3737461,0,0
1.37424595,0,1
1.37474605,0,0
1.3752459,0,1
1.375746,0,0
1.37624585,0,1
1.37674595,0,0
1.3772458,0,1
1.3777459,0,0
1.37824575,0,1
1.37874585,0,0
1.3792457,0,1
1.3797458,0,0
1.38024565,0,1
1.3807457,0,0
1.38124555,0,1
1.3817457,0,0
1.38224555,0,1
1.3827456,0,0
1.3832454,0,1
1.3837454,0,0
1.3842452,0,1
1.38474525,0,0
1.38524515,0,1
1.3857452,0,0
1.3862451,0,1
1.38674525,0,0
1.3872451,0,1
1.38774525,0,0
1.38824515,0,1
1.3887453,0,0
1.3892452,0,1
1.3897453,0,0
1.39024515,0,1
1.39074525,0,0
1.39124505,0,1
1.39174515,0,0
1.39224505,0,1
1.3927451,0,0
1.39324495,0,1
1.39374505,0,0
1.3942449,0,1
1.394745,0,0
1.39524485,0,1
1.395745,0,0
1.39624485,0,1
1.39674495,0,0
1.39724485,0,1
1.3977449,0,0
1.3982448,0,1
1.39874495,0,0
1.3992448,0,1
1.3997449,0,0
1.40024475,0,1
1.4007448,0,0
1.4012446,0,1
1.40174465,0,0
1.4022445,0,1
1.40274455,0,0
1.4032444,0,1
1.40374445,0,0
1.40424425,0,1
1.4047443,0,0
1.40524415,0,1
1.40574425,0,0
1.4062441,0,1
1.4067442,0,0
1.407244,0,1
1.4077441,0,0
1.40824395,0,1
1.40874405,0,0
1.4092439,0,1
1.409744,0,0
1.4102439,0,1
1.41074405,0,0
1.4112439,0,1
1.41174405,0,0
1.41224395,0,1
1.412744,0,0
1.41324385,0,1
1.413744,0,0
1.41424385,0,1
1.41474395,0,0
1.4152438,0,1
1.41574385,0,0
1.41624375,0,1
1.41674385,0,0
1.4172437,0,1
1.4177438,0,0
1.41824365,0,1
1.41874375,0,0
1.41924365,0,1
1.41974375,0,0
1.4202436,0,1
1.4207437,0,0
1.42124355,0,1
1.42174365,0,0
1.42224355,0,1
1.4227436,0,0
1.42324345,0,1
1.42374355,0,0
1.4242434,0,1
1.4247435,0,0
1.42524335,0,1
1.4257435,0,0
1.42624335,0,1
1.42674345,0,0
1.4272432,0,1
1.42774325,0,0
1.42824305,0,1
1.42874315,0,0
1.429243,0,1
1.42974315,0,0
1.430243,0,1
1.43074315,0,0
1.43124305,0,1
1.43174315,0,0
1.43224305,0,1
1.4327431,0,0
1.4332429,0,1
1.433743,0,0
1.4342428,0,1
1.4347429,0,0
1.43524275,0,1
1.43574285,0,0
1.43624275,0,1
1.43674285,0,0
1.43724275,0,1
1.4377428,0,0
1.43824265,0,1
1.43874275,0,0
1.43924265,0,1
1.43974275,0,0
1.44024255,0,1
1.44074265,0,0
1.44124245,0,1
1.44174255,0,0
1.4422424,0,1
1.44274255,0,0
1.4432424,0,1
1.4437425,0,0
1.4442423,0,1
1.4447424,0,0
1.44524225,0,1
1.44574235,0,0
1.44624225,0,1
1.44674235,0,0
1.4472422,0,1
1.44774235,0,0
1.4482422,0,1
1.4487423,0,0
1.4492422,0,1
1.44974235,0,0
1.45024225,0,1
1.45074235,0,0
1.4512422,0,1
1.4517423,0,0
1.45224215,0,1
1.45274225,0,0
1.45324215,0,1
1.4537422,0,0
1.45424205,0,1
1.4547421,0,0
1.4552419,0,1
1.455742,0,0
1.45624185,0,1
1.45674195,0,0
1.45724175,0,1
1.45774185,0,0
1.4582417,0,1
1.4587418,0,0
1.45924165,0,1
1.45974175,0,0
1.4602416,0,1
1.46074165,0,0
1.46124155,0,1
1.46174165,0,0
1.46224155,0,1
1.46274165,0,0
1.4632415,0,1
1.46374155,0,0
1.46424135,0,1
1.46474145,0,0
1.4652413,0,1
1.4657414,0,0
1.4662412,0,1
1.4667413,0,0
1.46724115,0,1
1.46774125,0,0
1.4682411,0,1
1.4687412,0,0
1.46924105,0,1
1.4697411,0,0
1.47024095,0,1
1.47074105,0,0
1.47124085,0,1
1.471741,0,0
1.4722408,0,1
1.4727409,0,0
1.4732408,0,1
1.47374095,0,0
1.47424085,0,1
1.47474095,0,0
1.4752408,0,1
1.47574085,0,0
1.47624075,0,1
1.47674085,0,0
1.47724065,0,1
1.47774075,0,0
1.4782406,0,1
1.4787407,0,0
1.47924055,0,1
1.4797407,0,0
1.48024055,0,1
1.4807407,0,0
1.48124055,0,1
1.48174065,0,0
1.4822405,0,1
1.48274065,0,0
1.4832405,0,1
1.48374065,0,0
1.48424055,0,1
1.48474065,0,0
1.4852405,0,1
1.48574065,0,0
1.48624055,0,1
1.4867407,0,0
1.4872406,0,1
1.4877407,0,0
1.48824055,0,1
1.4887407,0,0
1.4892406,0,1
1.4897407,0,0
1.49024055,0,1
1.49074065,0,0
1.49124055,0,1
1.4917407,0,0
1.49224055,0,1
1.49274065,0,0
1.49324055,0,1
1.4937407,0,0
1.49424055,0,1
1.4947407,0,0
1.4952406,0,1
1.49574075,0,0
1.4962406,0,1
1.49674065,0,0
1.49724055,0,1
1.49774065,0,0
1.49824055,0,1
1.49874065,0,0
1.49924055,0,1
1.49974065,0,0
1.5002405,0,1
1.5007406,0,0
1.50124045,0,1
1.50174055,0,0
1.50224035,0,1
1.50274045,0,0
1.5032403,0,1
1.5037404,0,0
1.5042403,0,1
1.50474045,0,0
1.50524035,0,1
1.50574045,0,0
1.5062403,0,1
1.5067404,0,0
1.50724025,0,1
1.5077403,0,0
1.50824015,0,1
1.5087403,0,0
1.5092402,0,1
1.50974035,0,0
1.5102402,0,1
1.51074035,0,0
1.51124025,0,1
1.5117404,0,0
1.5122403,0,1
1.51274045,0,0
1.51324035,0,1
1.51374055,0,0
1.51424045,0,1
1.51474065,0,0
1.51524055,0,1
1.51574075,0,0
1.51624065,0,1
1.5167408,0,0
1.5172407,0,1
1.51774085,0,0
1.51824075,0,1
1.51874085,0,0
1.51924075,0,1
1.51974085,0,0
1.52024075,0,1
1.52074095,0,0
1.5212408,0,1
1.52174095,0,0
1.52224085,0,1
1.522741,0,0
1.5232409,0,1
1.523741,0,0
1.5242409,0,1
1.52474105,0,0
1.5252409,0,1
1.5257411,0,0
1.526241,0,1
1.5267411,0,0
1.52724105,0,1
1.52774115,0,0
1.528241,0,1
1.52874115,0,0
1.52924105,0,1
1.5297412,0,0
1.5302411,0,1
1.53074125,0,0
1.53124115,0,1
1.5317413,0,0
1.5322412,0,1
1.5327413,0,0
1.53324125,0,1
1.53374145,0,0
1.5342413,0,1
1.53474145,0,0
1.5352414,0,1
1.5357416,0,0
1.5362415,0,1
1.5367417,0,0
1.5372416,0,1
1.53774175,0,0
1.53824165,0,1
1.5387418,0,0
1.5392417,0,1
1.5397418,0,0
1.5402417,0,1
1.54074185,0,0
1.5412417,0,1
1.54174185,0,0
1.54224175,0,1
1.54274195,0,0
1.54324185,0,1
1.54374195,0,0
1.5442418,0,1
1.5447419,0,0
1.5452418,0,1
1.5457419,0,0
1.5462418,0,1
1.54674195,0,0
1.5472418,0,1
1.5477419,0,0
1.5482418,0,1
1.5487419,0,0
1.54924175,0,1
1.54974185,0,0
1.5502418,0,1
1.550742,0,0
1.55124185,0,1
1.551742,0,0
1.5522419,0,1
1.55274205,0,0
1.55324195,0,1
1.5537421,0,0
1.55424205,0,1
1.55474215,0,0
1.5552421,0,1
1.55574225,0,0
1.55624215,0,1
1.55674225,0,0
1.5572422,0,1
1.55774235,0,0
1.5582422,0,1
1.5587423,0,0
1.5592422,0,1
1.5597423,0,0
1.5602422,0,1
1.56074235,0,0
1.5612423,0,1
1.56174245,0,0
1.5622423,0,1
1.56274245,0,0
1.56324235,0,1
1.56374245,0,0
1.5642424,0,1
1.56474255,0,0
1.56524245,0,1
1.56574265,0,0
1.56624255,0,1
1.56674265,0,0
1.5672425,0,1
1.56774265,0,0
1.56824255,0,1
1.56874275,0,0
1.5692427,0,1
1.56974285,0,0
1.57024275,0,1
1.5707429,0,0
1.57124275,0,1
1.57174295,0,0
1.57224285,0,1
1.572743,0,0
1.5732429,0,1
1.573743,0,0
1.5742429,0,1
1.57474305,0,0
1.5752429,0,1
1.57574305,0,0
1.57624295,0,1
1.57674305,0,0
1.57724295,0,1
1.5777431,0,0
1.578243,0,1
1.57874315,0,0
1.57924305,0,1
1.5797432,0,0
1.58024305,0,1
1.5807432,0,0
1.5812431,0,1
1.58174325,0,0
1.5822431,0,1
1.5827433,0,0
1.5832433,0,1
1.58374345,0,0
1.58424335,0,1
1.5847435,0,0
1.5852434,0,1
1.58574355,0,0
1.5862434,0,1
1.58674355,0,0
1.5872435,0,1
1.5877437,0,0
1.5882437,0,1
1.5887439,0,0
1.58924385,0,1
1.58974405,0,0
1.59024395,0,1
1.59074415,0,0
1.59124415,0,1
1.59174435,0,0
1.59224435,0,1
1.5927446,0,0
1.59324455,0,1
1.59374475,0,0
1.5942447,0,1
1.59474485,0,0
1.5952448,0,1
1.595745,0,0
1.596245,0,1
1.5967452,0,0
1.5972451,0,1
1.59774525,0,0
1.59824515,0,1
1.59874535,0,0
1.59924535,0,1
1.5997455,0,0
1.60024545,0,1
1.6007456,0,0
1.6012455,0,1
1.6017457,0,0
1.6022456,0,1
1.6027458,0,0
1.60324575,0,1
1.60374595,0,0
1.60424595,0,1
1.6047461,0,0
1.60524605,0,1
1.60574625,0,0
1.60624625,0,1
1.60674645,0,0
1.6072464,0,1
1.60774665,0,0
1.60824665,0,1
1.6087469,0,0
1.6092469,0,1
1.6097471,0,0
1.61024705,0,1
1.6107472,0,0
1.61124715,0,1
1.61174725,0,0
1.6122472,0,1
1.61274735,0,0
1.61324725,0,1
1.61374745,0,0
1.61424735,0,1
1.61474755,0,0
1.61524745,0,1
1.6157477,0,0
1.61624765,0,1
1.61674785,0,0
1.6172478,0,1
1.61774795,0,0
1.61824785,0,1
1.618748,0,0
1.6192479,0,1
1.61974805,0,0
1.6202479,0,1
1.62074805,0,0
1.62124795,0,1
1.6217481,0,0
1.62224805,0,1
1.6227482,0,0
1.62324815,0,1
1.6237483,0,0
1.62424825,0,1
1.6247484,0,0
1.62524835,0,1
1.62574855,0,0
1.62624845,0,1
1.6267486,0,0
1.6272485,0,1
1.62774865,0,0
1.6282486,0,1
1.62874875,0,0
1.62924865,0,1
1.6297488,0,0
1.63024875,0,1
1.6307489,0,0
1.63124885,0,1
1.631749,0,0
1.6322489,0,1
1.63274905,0,0
1.63324895,0,1
1.63374915,0,0
1.63424905,0,1
1.6347492,0,0
1.6352491,0,1
1.63574925,0,0
1.63624915,0,1
1.6367493,0,0
1.6372492,0,1
1.63774935,0,0
1.6382493,0,1
1.6387495,0,0
1.63924945,0,1
1.6397496,0,0
1.6402495,0,1
1.64074965,0,0
1.64124955,0,1
1.64174975,0,0
1.64224965,0,1
1.64274975,0,0
1.6432497,0,1
1.6437498,0,0
1.64424975,0,1
1.64474995,0,0
1.6452499,0,1
1.6457501,0,0
1.64625005,0,1
1.6467502,0,0
1.64725015,0,1
1.6477503,0,0
1.64825025,0,1
1.64875045,0,0
1.6492504,0,1
1.6497506,0,0
1.65025045,0,1
1.6507506,0,0
1.65125055,0,1
1.6517507,0,0
1.6522506,0,1
1.6527507,0,0
1.65325065,0,1
1.6537508,0,0
1.65425065,0,1
1.6547508,0,0
1.6552508,0,1
1.65575095,0,0
1.6562508,0,1
1.65675095,0,0
1.6572508,0,1
1.65775095,0,0
1.65825085,0,1
1.65875105,0,0
1.6592509,0,1
1.65975105,0,0
1.660251,0,1
1.66075115,0,0
1.661251,0,1
1.66175115,0,0
1.66225105,0,1
1.6627512,0,0
1.6632511,0,1
1.66375125,0,0
1.66425115,0,1
1.6647513,0,0
1.6652512,0,1
1.66575135,0,0
1.66625125,0,1
1.6667514,0,0
1.6672513,0,1
1.6677515,0,0
1.6682514,0,1
1.66875155,0,0
1.6692515,0,1
1.6697516,0,0
1.67025155,0,1
1.6707517,0,0
1.6712516,0,1
1.6717517,0,0
1.6722516,0,1
1.6727517,0,0
1.67325165,0,1
1.6737518,0,0
1.67425175,0,1
1.6747519,0,0
1.67525185,0,1
1.675752,0,0
1.67625195,0,1
1.67675215,0,0
1.67725205,0,1
1.67775215,0,0
1.6782521,0,1
1.6787522,0,0
1.6792521,0,1
1.67975225,0,0
1.6802522,0,1
1.68075235,0,0
1.6812523,0,1
1.6817525,0,0
1.68225245,0,1
1.68275265,0,0
1.6832526,0,1
1.6837528,0,0
1.6842527,0,1
1.68475285,0,0
1.68525275,0,1
1.68575295,0,0
1.68625285,0,1
1.686753,0,0
1.68725295,0,1
1.6877531,0,0
1.68825295,0,1
1.6887531,0,0
1.689253,0,1
1.68975315,0,0
1.69025305,0,1
1.6907532,0,0
1.69125315,0,1
1.6917533,0,0
1.69225325,0,1
1.6927534,0,0
1.69325335,0,1
1.6937535,0,0
1.6942534,0,1
1.69475355,0,0
1.69525345,0,1
1.6957536,0,0
1.69625355,0,1
1.6967537,0,0
1.6972536,0,1
1.69775375,0,0
1.69825365,0,1
1.6987538,0,0
1.6992537,0,1
1.69975385,0,0
1.70025375,0,1
1.70075395,0,0
1.7012539,0,1
1.701754,0,0
1.70225395,0,1
1.7027541,0,0
1.70325405,0,1
1.70375425,0,0
1.70425415,0,1
1.7047543,0,0
1.70525415,0,1
1.7057543,0,0
1.70625425,0,1
1.7067544,0,0
1.7072543,0,1
1.70775445,0,0
1.7082544,0,1
1.70875455,0,0
1.70925445,0,1
1.7097546,0,0
1.71025455,0,1
1.7107546,0,0
1.71125445,0,1
1.7117545,0,0
1.71225435,0,1
1.71275445,0,0
1.7132543,0,1
1.7137544,0,0
1.7142542,0,1
1.71475435,0,0
1.7152542,0,1
1.7157543,0,0
1.71625415,0,1
1.71675425,0,0
1.7172541,0,1
1.7177542,0,0
1.71825405,0,1
1.7187541,0,0
1.719254,0,1
1.7197541,0,0
1.720254,0,1
1.7207541,0,0
1.721254,0,1
1.7217542,0,0
1.72225415,0,1
1.72275435,0,0
1.7232543,0,1
1.72375445,0,0
1.7242544,0,1
1.72475455,0,0
1.72525445,0,1
1.7257546,0,0
1.7262545,0,1
1.72675465,0,0
1.72725455,0,1
1.72775475,0,0
1.7282547,0,1
1.72875485,0,0
1.7292548,0,1
1.7297549,0,0
1.7302548,0,1
1.73075495,0,0
1.73125485,0,1
1.731755,0,0
1.7322549,0,1
1.732755,0,0
1.7332549,0,1
1.7337551,0,0
1.73425505,0,1
1.7347552,0,0
1.7352551,0,1
1.7357553,0,0
1.7362552,0,1
1.7367554,0,0
1.73725535,0,1
1.7377555,0,0
1.73825545,0,1
1.7387556,0,0
1.73925555,0,1
1.73975575,0,0
1.7402557,0,1
1.74075595,0,0
1.74125585,0,1
1.741756,0,0
1.7422559,0,1
1.7427561,0,0
1.743256,0,1
1.74375615,0,0
1.74425605,0,1
1.7447562,0,0
1.7452561,0,1
1.74575625,0,0
1.74625615,0,1
1.7467563,0,0
1.7472562,0,1
1.74775635,0,0
1.74825625,0,1
1.7487564,0,0
1.7492563,0,1
1.74975645,0,0
1.7502563,0,1
1.7507564,0,0
1.7512563,0,1
1.75175645,0,0
1.75225635,0,1
1.75275645,0,0
1.75325635,0,1
1.75375645,0,0
1.75425635,0,1
1.7547565,0,0
1.7552564,0,1
1.7557565,0,0
1.75625635,0,1
1.75675645,0,0
1.75725635,0,1
1.75775645,0,0
1.75825635,0,1
1.7587565,0,0
1.75925645,0,1
1.75975665,0,0
1.76025655,0,1
1.7607567,0,0
1.7612566,0,1
1.7617567,0,0
1.7622566,0,1
1.76275675,0,0
1.76325665,0,1
1.7637568,0,0
1.7642567,0,1
1.76475685,0,0
1.7652567,0,1
1.76575685,0,0
1.7662567,0,1
1.7667568,0,0
1.7672567,0,1
1.7677568,0,0
1.76825665,0,1
1.7687568,0,0
1.76925665,0,1
1.76975675,0,0
1.77025665,0,1
1.7707568,0,0
1.77125665,0,1
1.7717568,0,0
1.7722566,0,1
1.77275675,0,0
1.7732566,0,1
1.77375675,0,0
1.7742566,0,1
1.7747567,0,0
1.7752566,0,1
1.77575675,0,0
1.77625665,0,1
1.77675675,0,0
1.7772566,0,1
1.77775675,0,0
1.7782566,0,1
1.77875675,0,0
1.77925665,0,1
1.77975675,0,0
1.78025665,0,1
1.7807568,0,0
1.78125665,0,1
1.7817568,0,0
1.7822567,0,1
1.7827569,0,0
1.78325685,0,1
1.783757,0,0
1.7842569,0,1
1.784757,0,0
1.7852569,0,1
1.78575705,0,0
1.78625695,0,1
1.7867571,0,0
1.787257,0,1
1.7877571,0,0
1.78825705,0,1
1.7887572,0,0
1.7892571,0,1
1.7897572,0,0
1.79025705,0,1
1.7907572,0,0
1.7912571,0,1
1.7917572,0,0
1.7922571,0,1
1.79275725,0,0
1.79325715,0,1
1.79375725,0,0
1.79425715,0,1
1.7947573,0,0
1.79525725,0,1
1.7957574,0,0
1.7962573,0,1
1.79675745,0,0
1.79725735,0,1
1.7977575,0,0
1.7982574,0,1
1.79875755,0,0
1.7992575,0,1
1.7997576,0,0
1.80025745,0,1
1.8007576,0,0
1.80125745,0,1
1.8017576,0,0
1.80225745,0,1
1.80275765,0,0
1.80325755,0,1
1.8037577,0,0
1.80425765,0,1
1.8047578,0,0
1.80525775,0,1
1.8057579,0,0
1.8062578,0,1
1.80675795,0,0
1.80725785,0,1
1.80775795,0,0
1.80825785,0,1
1.808758,0,0
1.8092579,0,1
1.809758,0,0
1.81025785,0,1
1.81075795,0,0
1.8112578,0,1
1.8117579,0,0
1.81225765,0,1
1.8127577,0,0
1.81325755,0,1
1.8137577,0,0
1.8142576,0,1
1.8147577,0,0
1.8152575,0,1
1.81575765,0,0
1.81625745,0,1
1.81675755,0,0
1.8172573,0,1
1.81775735,0,0
1.8182572,0,1
1.81875735,0,0
1.81925715,0,1
1.81975725,0,0
1.8202571,0,1
1.82075725,0,0
1.8212571,0,1
1.8217572,0,0
1.8222571,0,1
1.82275725,0,0
1.82325715,0,1
1.82375725,0,0
1.8242571,0,1
1.8247572,0,0
1.82525705,0,1
1.82575715,0,0
1.826257,0,1
1.82675715,0,0
1.827257,0,1
1.8277571,0,0
1.828257,0,1
1.8287571,0,0
1.82925695,0,1
1.82975705,0,0
1.8302569,0,1
1.83075705,0,0
1.83125685,0,1
1.83175695,0,0
1.8322568,0,1
1.8327569,0,0
1.83325675,0,1
1.83375685,0,0
1.8342567,0,1
1.8347568,0,0
1.83525665,0,1
1.8357568,0,0
1.83625665,0,1
1.8367568,0,0
1.8372567,0,1
1.83775685,0,0
1.8382567,0,1
1.83875685,0,0
1.8392567,0,1
1.83975685,0,0
1.84025675,0,1
1.8407569,0,0
1.8412567,0,1
1.84175675,0,0
1.8422565,0,1
1.84275655,0,0
1.8432564,0,1
1.8437565,0,0
1.8442564,0,1
1.8447565,0,0
1.84525635,0,1
1.8457565,0,0
1.84625635,0,1
1.8467565,0,0
1.84725635,0,1
1.84775645,0,0
1.8482563,0,1
1.8487564,0,0
1.8492563,0,1
1.8497564,0,0
1.85025625,0,1
1.85075635,0,0
1.8512562,0,1
1.85175635,0,0
1.85225625,0,1
1.8527563,0,0
1.85325615,0,1
1.85375625,0,0
1.85425615,0,1
1.8547562,0,0
1.85525605,0,1
1.8557561,0,0
1.8562559,0,1
1.856756,0,0
1.85725585,0,1
1.8577559,0,0
1.85825575,0,1
1.85875585,0,0
1.85925565,0,1
1.8597557,0,0
1.8602555,0,1
1.8607556,0,0
1.8612554,0,1
1.8617554,0,0
1.8622551,0,1
1.8627552,0,0
1.86325505,0,1
1.8637551,0,0
1.86425495,0,1
1.864755,0,0
1.8652548,0,1
1.8657549,0,0
1.8662547,0,1
1.86675475,0,0
1.8672546,0,1
1.8677547,0,0
1.8682545,0,1
1.86875455,0,0
1.86925435,0,1
1.8697544,0,0
1.87025425,0,1
1.8707544,0,0
1.87125425,0,1
1.8717544,0,0
1.87225425,0,1
1.8727543,0,0
1.87325415,0,1
1.87375415,0,0
1.874254,0,1
1.8747541,0,0
1.8752539,0,1
1.875754,0,0
1.8762538,0,1
1.8767538,0,0
1.87725365,0,1
1.87775375,0,0
1.87825355,0,1
1.87875365,0,0
1.8792535,0,1
1.87975355,0,0
1.8802534,0,1
1.88075345,0,0
1.8812533,0,1
1.8817534,0,0
1.88225325,0,1
1.88275335,0,0
1.8832532,0,1
1.88375325,0,0
1.8842531,0,1
1.8847532,0,0
1.885253,0,1
1.8857531,0,0
1.8862529,0,1
1.886753,0,0
1.88725285,0,1
1.88775295,0,0
1.8882528,0,1
1.8887529,0,0
1.88925275,0,1
1.8897529,0,0
1.89025275,0,1
1.89075285,0,0
1.89125265,0,1
1.8917527,0,0
1.8922525,0,1
1.89275255,0,0
1.89325235,0,1
1.89375245,0,0
1.8942523,0,1
1.8947524,0,0
1.8952522,0,1
1.89575225,0,0
1.89625205,0,1
1.89675215,0,0
1.89725195,0,1
1.897752,0,0
1.89825185,0,1
1.89875195,0,0
1.8992518,0,1
1.89975185,0,0
1.9002517,0,1
1.9007518,0,0
1.90125165,0,1
1.9017517,0,0
1.90225155,0,1
1.90275165,0,0
1.9032515,0,1
1.9037515,0,0
1.9042513,0,1
1.9047514,0,0
1.9052512,0,1
1.90575125,0,0
1.90625105,0,1
1.9067511,0,0
1.90725085,0,1
1.9077509,0,0
1.9082507,0,1
1.90875075,0,0
1.90925055,0,1
1.9097506,0,0
1.91025045,0,1
1.9107505,0,0
1.91125035,0,1
1.9117504,0,0
1.9122502,0,1
1.91275025,0,0
1.91325005,0,1
1.9137501,0,0
1.9142499,0,1
1.91474995,0,0
1.91524975,0,1
1.9157498,0,0
1.91624965,0,1
1.9167497,0,0
1.9172495,0,1
1.9177496,0,0
1.91824945,0,1
1.9187495,0,0
1.91924925,0,1
1.91974935,0,0
1.9202491,0,1
1.9207491,0,0
1.9212489,0,1
1.921749,0,0
1.9222488,0,1
1.92274885,0,0
1.9232487,0,1
1.92374875,0,0
1.92424855,0,1
1.92474865,0,0
1.9252484,0,1
1.9257485,0,0
1.9262483,0,1
1.9267483,0,0
1.9272481,0,1
1.9277482,0,0
1.92824795,0,1
1.928748,0,0
1.9292478,0,1
1.92974785,0,0
1.9302477,0,1
1.93074775,0,0
1.93124755,0,1
1.93174765,0,0
1.9322475,0,1
1.93274765,0,0
1.9332475,0,1
1.93374755,0,0
1.9342474,0,1
1.9347475,0,0
1.93524735,0,1
1.93574745,0,0
1.93624735,0,1
1.93674745,0,0
1.9372473,0,1
1.93774745,0,0
1.9382473,0,1
1.9387474,0,0
1.93924725,0,1
1.9397473,0,0
1.9402472,0,1
1.9407473,0,0
1.9412472,0,1
1.94174735,0,0
1.94224715,0,1
1.94274725,0,0
1.9432471,0,1
1.94374715,0,0
1.94424705,0,1
1.9447471,0,0
1.94524695,0,1
1.94574705,0,0
1.9462469,0,1
1.94674705,0,0
1.9472469,0,1
1.947747,0,0
1.94824685,0,1
1.94874695,0,0
1.94924675,0,1
1.94974685,0,0
1.95024665,0,1
1.95074675,0,0
1.9512466,0,1
1.9517467,0,0
1.95224655,0,1
1.95274665,0,0
1.95324655,0,1
1.9537467,0,0
1.9542466,0,1
1.9547468,0,0
1.95524665,0,1
1.95574675,0,0
1.95624665,0,1
1.95674675,0,0
1.95724665,0,1
1.9577467,0,0
1.9582465,0,1
1.9587466,0,0
1.9592464,0,1
1.95974655,0,0
1.9602464,0,1
1.96074655,0,0
1.9612464,0,1
1.9617465,0,0
1.96224635,0,1
1.96274645,0,0
1.96324635,0,1
1.9637465,0,0
1.96424635,0,1
1.96474645,0,0
1.96524635,0,1
1.9657465,0,0
1.9662464,0,1
1.9667465,0,0
1.9672463,0,1
1.96774645,0,0
1.9682463,0,1
1.9687464,0,0
1.96924625,0,1
1.96974635,0,0
1.9702462,0,1
1.9707463,0,0
1.97124615,0,1
1.9717462,0,0
1.97224595,0,1
1.972746,0,0
1.97324585,0,1
1.97374595,0,0
1.9742458,0,1
1.97474585,0,0
1.9752457,0,1
1.9757458,0,0
1.97624565,0,1
1.97674575,0,0
1.97724555,0,1
1.9777457,0,0
1.9782455,0,1
1.97874555,0,0
1.97924545,0,1
1.97974555,0,0
1.98024535,0,1
1.98074545,0,0
1.98124525,0,1
1.98174535,0,0
1.98224515,0,1
1.9827453,0,0
1.9832451,0,1
1.9837452,0,0
1.9842451,0,1
1.98474525,0,0
1.9852451,0,1
1.9857452,0,0
1.98624505,0,1
1.98674515,0,0
1.987245,0,1
1.98774505,0,0
1.9882449,0,1
1.98874495,0,0
1.98924475,0,1
1.98974485,0,0
1.9902447,0,1
1.9907448,0,0
1.99124465,0,1
1.99174475,0,0
1.99224465,0,1
1.99274475,0,0
1.9932446,0,1
1.9937447,0,0
1.9942445,0,1
1.99474455,0,0
1.9952444,0,1
1.99574445,0,0
1.9962443,0,1
1.9967443,0,0
1.99724415,0,1
1.99774425,0,0
1.998244,0,1
1.99874405,0,0
1.9992439,0,1
1.999744,0,0
2.00024385,0,1
2.00074395,0,0
2.0012438,0,1
2.0017439,0,0
2.00224375,0,1
2.0027438,0,0
2.00324365,0,1
2.00374375,0,0
2.0042436,0,1
2.0047437,0,0
2.0052435,0,1
2.0057436,0,0
2.0062434,0,1
2.0067435,0,0
2.00724335,0,1
2.0077435,0,0
2.0082434,0,1
2.00874345,0,0
2.0092433,0,1
2.00974335,0,0
2.0102432,0,1
2.0107433,0,0
2.01124315,0,1
2.01174325,0,0
2.0122431,0,1
2.01274325,0,0
2.01324315,0,1
2.0137432,0,0
2.01424305,0,1
2.0147432,0,0
2.01524305,0,1
2.0157431,0,0
2.01624295,0,1
2.0167431,0,0
2.01724305,0,1
2.01774315,0,0
2.0182431,0,1
2.01874325,0,0
2.01924315,0,1
2.0197433,0,0
2.0202432,0,1
2.0207434,0,0
2.0212433,0,1
2.0217434,0,0
2.02224325,0,1
2.02274335,0,0
2.0232432,0,1
2.02374335,0,0
2.02424325,0,1
2.0247434,0,0
2.0252433,0,1
2.02574345,0,0
2.02624335,0,1
2.0267435,0,0
2.0272434,0,1
2.02774355,0,0
2.02824345,0,1
2.0287436,0,0
2.0292435,0,1
2.02974365,0,0
2.03024355,0,1
2.0307437,0,0
2.0312436,0,1
2.0317437,0,0
2.0322436,0,1
2.03274375,0,0
2.03324365,0,1
2.0337438,0,0
2.03424365,0,1
2.03474375,0,0
2.03524365,0,1
2.0357438,0,0
2.03624365,0,1
2.0367438,0,0
2.0372437,0,1
2.0377438,0,0
2.03824375,0,1
2.0387439,0,0
2.0392438,0,1
2.0397439,0,0
2.04024375,0,1
2.04074385,0,0
2.04124375,0,1
2.04174385,0,0
2.0422437,0,1
2.04274385,0,0
2.0432437,0,1
2.0437438,0,0
2.04424365,0,1
2.0447438,0,0
2.0452437,0,1
2.0457439,0,0
2.04624375,0,1
2.0467439,0,0
2.04724375,0,1
2.0477439,0,0
2.0482438,0,1
2.04874395,0,0
2.0492438,0,1
2.0497439,0,0
2.05024375,0,1
2.0507439,0,0
2.0512437,0,1
2.0517438,0,0
2.05224365,0,1
2.05274375,0,0
2.05324355,0,1
2.05374365,0,0
2.0542435,0,1
2.05474355,0,0
2.05524345,0,1
2.05574355,0,0
2.0562434,0,1
2.05674355,0,0
2.05724345,0,1
2.05774355,0,0
2.0582434,0,1
2.0587435,0,0
2.05924335,0,1
2.0597435,0,0
2.06024335,0,1
2.0607435,0,0
2.06124335,0,1
2.0617434,0,0
2.0622433,0,1
2.06274345,0,0
2.0632433,0,1
2.06374345,0,0
2.06424335,0,1
2.0647435,0,0
2.0652434,0,1
2.06574355,0,0
2.06624345,0,1
2.0667436,0,0
2.0672435,0,1
2.0677436,0,0
2.0682435,0,1
2.06874365,0,0
2.06924355,0,1
2.0697437,0,0
2.07024355,0,1
2.07074365,0,0
2.0712435,0,1
2.07174365,0,0
2.07224355,0,1
2.07274365,0,0
2.0732435,0,1
2.07374365,0,0
2.07424345,0,1
2.07474355,0,0
2.0752434,0,1
2.07574355,0,0
2.07624345,0,1
2.07674365,0,0
2.07724355,0,1
2.07774365,0,0
2.07824355,0,1
2.07874365,0,0
2.07924345,0,1
2.07974355,0,0
2.0802434,0,1
2.0807435,0,0
2.0812434,0,1
2.0817435,0,0
2.0822434,0,1
2.0827435,0,0
2.08324335,0,1
2.0837435,0,0
2.08424335,0,1
2.08474345,0,0
2.08524335,0,1
2.0857435,0,0
2.08624335,0,1
2.0867435,0,0
2.08724335,0,1
2.08774345,0,0
2.08824335,0,1
2.08874345,0,0
2.0892433,0,1
2.08974345,0,0
2.09024325,0,1
2.0907433,0,0
2.09124315,0,1
2.09174325,0,0
2.09224315,0,1
2.0927433,0,0
2.09324315,0,1
2.09374325,0,0
2.09424315,0,1
2.09474335,0,0
2.09524325,0,1
2.09574345,0,0
2.09624335,0,1
2.09674345,0,0
2.0972433,0,1
2.09774345,0,0
2.0982433,0,1
2.09874345,0,0
2.0992433,0,1
2.09974345,0,0
2.10024335,0,1
2.10074345,0,0
2.10124335,0,1
2.10174345,0,0
2.1022433,0,1
2.10274335,0,0
2.1032432,0,1
2.1037433,0,0
2.1042432,0,1
2.10474335,0,0
2.10524325,0,1
2.10574335,0,0
2.1062432,0,1
2.1067433,0,0
2.10724315,0,1
2.10774325,0,0
2.1082431,0,1
2.10874325,0,0
2.1092431,0,1
2.1097432,0,0
2.11024305,0,1
2.1107432,0,0
2.11124305,0,1
2.11174315,0,0
2.11224305,0,1
2.11274315,0,0
2.113243,0,1
2.11374315,0,0
2.11424305,0,1
2.11474315,0,0
2.11524305,0,1
2.1157432,0,0
2.11624315,0,1
2.11674325,0,0
2.11724315,0,1
2.11774325,0,0
2.1182431,0,1
2.11874325,0,0
2.11924315,0,1
2.1197433,0,0
2.12024315,0,1
2.12074325,0,0
2.12124315,0,1
2.12174325,0,0
2.12224315,0,1
2.1227433,0,0
2.12324315,0,1
2.12374325,0,0
2.12424315,0,1
2.12474335,0,0
2.12524325,0,1
2.12574345,0,0
2.12624335,0,1
2.12674355,0,0
2.1272435,0,1
2.12774365,0,0
2.12824365,0,1
2.1287438,0,0
2.12924375,0,1
2.1297439,0,0
2.13024385,0,1
2.1307441,0,0
2.13124395,0,1
2.13174415,0,0
2.1322441,0,1
2.1327443,0,0
2.13324425,0,1
2.1337444,0,0
2.13424435,0,1
2.1347446,0,0
2.13524455,0,1
2.1357447,0,0
2.1362446,0,1
2.1367448,0,0
2.1372447,0,1
2.1377449,0,0
2.1382448,0,1
2.138745,0,0
2.13924495,0,1
2.13974515,0,0
2.14024505,0,1
2.1407452,0,0
2.1412451,0,1
2.14174525,0,0
2.1422452,0,1
2.14274535,0,0
2.1432453,0,1
2.14374545,0,0
2.14424535,0,1
2.14474545,0,0
2.14524535,0,1
2.1457455,0,0
2.1462454,0,1
2.1467456,0,0
2.1472455,0,1
2.1477456,0,0
2.1482455,0,1
2.14874565,0,0
2.1492456,0,1
2.14974575,0,0
2.15024565,0,1
2.1507458,0,0
2.1512457,0,1
2.1517458,0,0
2.15224575,0,1
2.15274585,0,0
2.15324575,0,1
2.15374585,0,0
2.1542457,0,1
2.15474585,0,0
2.15524575,0,1
2.15574585,0,0
2.15624575,0,1
2.15674595,0,0
2.1572459,0,1
2.15774605,0,0
2.1582459,0,1
2.15874605,0,0
2.15924595,0,1
2.1597461,0,0
2.16024595,0,1
2.16074605,0,0
2.16124595,0,1
2.16174605,0,0
2.16224595,0,1
2.1627461,0,0
2.163246,0,1
2.1637461,0,0
2.16424605,0,1
2.16474615,0,0
2.165246,0,1
2.16574615,0,0
2.16624605,0,1
2.1667462,0,0
2.1672461,0,1
2.1677462,0,0
2.1682461,0,1
2.1687462,0,0
2.1692461,0,1
2.1697462,0,0
2.1702461,0,1
2.17074625,0,0
2.17124615,0,1
2.1717463,0,0
2.17224625,0,1
2.1727464,0,0
2.17324635,0,1
2.1737466,0,0
2.1742465,0,1
2.1747467,0,0
2.17524665,0,1
2.1757468,0,0
2.17624675,0,1
2.1767469,0,0
2.17724685,0,1
2.177747,0,0
2.1782469,0,1
2.17874705,0,0
2.17924695,0,1
2.17974705,0,0
2.18024695,0,1
2.18074705,0,0
2.18124695,0,1
2.1817471,0,0
2.18224705,0,1
2.1827472,0,0
2.1832471,0,1
2.18374725,0,0
2.1842472,0,1
2.18474735,0,0
2.1852473,0,1
2.18574745,0,0
2.18624735,0,1
2.18674755,0,0
2.1872475,0,1
2.1877477,0,0
2.1882476,0,1
2.18874775,0,0
2.18924765,0,1
2.1897478,0,0
2.19024765,0,1
2.1907478,0,0
2.1912477,0,1
2.1917478,0,0
2.19224765,0,1
2.19274775,0,0
2.19324755,0,1
2.1937477,0,0
2.1942476,0,1
2.19474775,0,0
2.19524765,0,1
2.1957478,0,0
2.19624765,0,1
2.1967478,0,0
2.1972477,0,1
2.19774785,0,0
2.19824775,0,1
2.1987479,0,0
2.19924785,0,1
2.199748,0,0
2.2002479,0,1
2.20074805,0,0
2.20124795,0,1
2.20174805,0,0
2.2022479,0,1
2.20274805,0,0
2.20324795,0,1
2.2037481,0,0
2.204248,0,1
2.2047481,0,0
2.20524795,0,1
2.2057481,0,0
2.206248,0,1
2.2067481,0,0
2.207248,0,1
2.20774815,0,0
2.20824805,0,1
2.2087482,0,0
2.2092481,0,1
2.2097482,0,0
2.2102481,0,1
2.21074825,0,0
2.21124815,0,1
2.2117483,0,0
2.21224825,0,1
2.2127484,0,0
2.21324835,0,1
2.2137485,0,0
2.2142484,0,1
2.2147485,0,0
2.2152484,0,1
2.21574855,0,0
2.2162484,0,1
2.21674855,0,0
2.2172485,0,1
2.21774865,0,0
2.2182485,0,1
2.21874865,0,0
2.21924855,0,1
2.2197487,0,0
2.22024855,0,1
2.22074865,0,0
2.22124855,0,1
2.2217487,0,0
2.2222486,0,1
2.2227487,0,0
2.2232486,0,1
2.2237487,0,0
2.22424865,0,1
2.22474875,0,0
2.22524865,0,1
2.22574875,0,0
2.22624865,0,1
2.2267488,0,0
2.2272487,0,1
2.22774885,0,0
2.2282488,0,1
2.22874895,0,0
2.22924885,0,1
2.229749,0,0
2.2302489,0,1
2.23074905,0,0
2.231249,0,1
2.23174915,0,0
2.23224905,0,1
2.2327492,0,0
2.2332491,0,1
2.2337492,0,0
2.234249,0,1
2.234749,0,0
2.23524885,0,1
2.2357489,0,0
2.2362488,0,1
2.23674895,0,0
2.2372488,0,1
2.23774895,0,0
2.23824885,0,1
2.238749,0,0
2.2392489,0,1
2.23974905,0,0
2.24024895,0,1
2.24074905,0,0
2.24124895,0,1
2.24174915,0,0
2.24224905,0,1
2.24274925,0,0
2.24324915,0,1
2.2437493,0,0
2.2442492,0,1
2.24474935,0,0
2.2452492,0,1
2.2457493,0,0
2.24624915,0,1
2.24674925,0,0
2.24724915,0,1
2.2477493,0,0
2.24824915,0,1
2.2487493,0,0
2.24924915,0,1
2.24974925,0,0
2.25024915,0,1
2.2507493,0,0
2.25124925,0,1
2.2517494,0,0
2.2522493,0,1
2.2527494,0,0
2.2532493,0,1
2.2537494,0,0
2.25424925,0,1
2.25474935,0,0
2.2552492,0,1
2.25574925,0,0
2.2562491,0,1
2.2567492,0,0
2.257249,0,1
2.25774915,0,0
2.25824895,0,1
2.2587491,0,0
2.25924895,0,1
2.259749,0,0
2.2602489,0,1
2.26074905,0,0
2.261249,0,1
2.26174915,0,0
2.262249,0,1
2.2627491,0,0
2.263249,0,1
2.2637491,0,0
2.264249,0,1
2.26474915,0,0
2.265249,0,1
2.26574915,0,0
2.26624905,0,1
2.2667492,0,0
2.2672491,0,1
2.26774925,0,0
2.26824915,0,1
2.2687493,0,0
2.2692492,0,1
2.26974935,0,0
2.27024925,0,1
2.2707494,0,0
2.27124925,0,1
2.27174945,0,0
2.2722493,0,1
2.27274945,0,0
2.27324935,0,1
2.2737495,0,0
2.27424945,0,1
2.27474965,0,0
2.27524955,0,1
2.2757497,0,0
2.2762496,0,1
2.27674975,0,0
2.27724965,0,1
2.2777498,0,0
2.27824965,0,1
2.2787498,0,0
2.2792497,0,1
2.2797499,0,0
2.2802498,0,1
2.28074995,0,0
2.28124985,0,1
2.28175,0,0
2.2822499,0,1
2.28275005,0,0
2.28325,0,1
2.28375015,0,0
2.2842501,0,1
2.2847503,0,0
2.2852502,0,1
2.28575035,0,0
2.2862502,0,1
2.28675035,0,0
2.28725025,0,1
2.2877503,0,0
2.2882502,0,1
2.2887503,0,0
2.28925015,0,1
2.2897503,0,0
2.2902502,0,1
2.29075035,0,0
2.29125015,0,1
2.2917503,0,0
2.2922502,0,1
2.2927503,0,0
2.29325015,0,1
2.29375025,0,0
2.2942501,0,1
2.2947502,0,0
2.2952501,0,1
2.2957502,0,0
2.2962501,0,1
2.29675025,0,0
2.29725015,0,1
2.2977503,0,0
2.2982502,0,1
2.2987504,0,0
2.2992503,0,1
2.29975045,0,0
2.30025035,0,1
2.3007505,0,0
2.30125035,0,1
2.3017505,0,0
2.3022504,0,1
2.3027505,0,0
2.3032504,0,1
2.30375055,0,0
2.3042504,0,1
2.30475055,0,0
2.30525045,0,1
2.30575065,0,0
2.30625055,0,1
2.3067507,0,0
2.30725065,0,1
2.30775085,0,0
2.3082507,0,1
2.3087509,0,0
2.3092509,0,1
2.30975105,0,0
2.310251,0,1
2.3107512,0,0
2.31125115,0,1
2.31175135,0,0
2.31225125,0,1
2.3127514,0,0
2.31325135,0,1
2.31375155,0,0
2.3142515,0,1
2.31475165,0,0
2.31525155,0,1
2.31575175,0,0
2.31625165,0,1
2.31675175,0,0
2.31725165,0,1
2.3177518,0,0
2.3182517,0,1
2.31875185,0,0
2.31925175,0,1
2.3197519,0,0
2.3202518,0,1
2.320752,0,0
2.3212519,0,1
2.321752,0,0
2.32225195,0,1
2.3227521,0,0
2.323252,0,1
2.32375215,0,0
2.32425205,0,1
2.32475225,0,0
2.32525215,0,1
2.3257523,0,0
2.32625225,0,1
2.32675245,0,0
2.3272524,0,1
2.3277526,0,0
2.3282525,0,1
2.3287527,0,0
2.3292526,0,1
2.3297528,0,0
2.3302527,0,1
2.3307529,0,0
2.33125285,0,1
2.331753,0,0
2.3322529,0,1
2.3327531,0,0
2.33325305,0,1
2.3337532,0,0
2.3342531,0,1
2.3347533,0,0
2.33525325,0,1
2.33575345,0,0
2.3362534,0,1
2.3367536,0,0
2.33725355,0,1
2.3377537,0,0
2.33825365,0,1
2.33875385,0,0
2.3392538,0,1
2.33975395,0,0
2.3402539,0,1
2.3407541,0,0
2.34125405,0,1
2.3417542,0,0
2.3422541,0,1
2.3427542,0,0
2.3432541,0,1
2.3437542,0,0
2.3442541,0,1
2.34475425,0,0
2.3452541,0,1
2.34575425,0,0
2.34625415,0,1
2.3467543,0,0
2.3472542,0,1
2.34775435,0,0
2.34825425,0,1
2.3487544,0,0
2.34925435,0,1
2.34975445,0,0
2.3502543,0,1
2.35075445,0,0
2.3512543,0,1
2.35175445,0,0
2.35225435,0,1
2.35275455,0,0
2.35325445,0,1
2.3537546,0,0
2.3542545,0,1
2.35475465,0,0
2.35525455,0,1
2.3557547,0,0
2.35625455,0,1
2.3567547,0,0
2.3572546,0,1
2.35775475,0,0
2.3582546,0,1
2.35875475,0,0
2.3592546,0,1
2.35975475,0,0
2.3602546,0,1
2.3607547,0,0
2.3612545,0,1
2.3617546,0,0
2.36225445,0,1
2.3627545,0,0
2.36325435,0,1
2.36375445,0,0
2.36425425,0,1
2.3647543,0,0
2.36525415,0,1
2.3657542,0,0
2.36625405,0,1
2.3667541,0,0
2.36725395,0,1
2.3677541,0,0
2.36825395,0,1
2.368754,0,0
2.36925385,0,1
2.36975395,0,0
2.3702538,0,1
2.3707539,0,0
2.37125375,0,1
2.3717539,0,0
2.37225375,0,1
2.37275385,0,0
2.37325375,0,1
2.3737539,0,0
2.3742538,0,1
2.37475395,0,0
2.3752538,0,1
2.3757539,0,0
2.37625385,0,1
2.37675395,0,0
2.37725385,0,1
2.3777539,0,0
2.37825375,0,1
2.3787538,0,0
2.3792537,0,1
2.3797538,0,0
2.38025365,0,1
2.38075375,0,0
2.38125355,0,1
2.3817537,0,0
2.3822536,0,1
2.38275365,0,0
2.3832535,0,1
2.38375365,0,0
2.3842535,0,1
2.38475365,0,0
2.38525355,0,1
2.38575365,0,0
2.3862535,0,1
2.3867536,0,0
2.38725345,0,1
2.3877536,0,0
2.38825355,0,1
2.3887537,0,0
2.38925355,0,1
2.38975365,0,0
2.3902535,0,1
2.39075365,0,0
2.39125355,0,1
2.3917537,0,0
2.39225355,0,1
2.3927537,0,0
2.39325355,0,1
2.3937537,0,0
2.3942536,0,1
2.3947537,0,0
2.3952536,0,1
2.39575375,0,0
2.39625365,0,1
2.3967538,0,0
2.39725365,0,1
2.3977538,0,0
2.39825365,0,1
2.39875375,0,0
2.3992536,0,1
2.39975375,0,0
2.40025365,0,1
2.4007538,0,0
2.40125365,0,1
2.4017537,0,0
2.4022535,0,1
2.40275355,0,0
2.4032534,0,1
2.40375355,0,0
2.40425345,0,1
2.40475355,0,0
2.4052534,0,1
2.4057536,0,0
2.4062534,0,1
2.40675355,0,0
2.40725345,0,1
2.40775365,0,0
2.40825355,0,1
2.4087537,0,0
2.40925365,0,1
2.40975375,0,0
2.41025365,0,1
2.4107538,0,0
2.4112537,0,1
2.4117538,0,0
2.4122537,0,1
2.4127538,0,0
2.41325365,0,1
2.4137538,0,0
2.41425365,0,1
2.41475375,0,0
2.4152536,0,1
2.41575375,0,0
2.41625365,0,1
2.4167538,0,0
2.41725365,0,1
2.4177538,0,0
2.41825365,0,1
2.4187538,0,0
2.4192537,0,1
2.41975385,0,0
2.42025375,0,1
2.42075385,0,0
2.4212538,0,1
2.42175395,0,0
2.4222538,0,1
2.422754,0,0
2.4232539,0,1
2.42375405,0,0
2.42425395,0,1
2.4247541,0,0
2.425254,0,1
2.42575415,0,0
2.42625405,0,1
2.4267542,0,0
2.4272541,0,1
2.42775425,0,0
2.42825415,0,1
2.4287543,0,0
2.42925425,0,1
2.4297544,0,0
2.4302543,0,1
2.43075445,0,0
2.4312543,0,1
2.4317544,0,0
2.4322543,0,1
2.43275445,0,0
2.4332543,0,1
2.4337544,0,0
2.4342542,0,1
2.43475435,0,0
2.43525425,0,1
2.43575445,0,0
2.4362544,0,1
2.43675455,0,0
2.4372545,0,1
2.4377547,0,0
2.4382546,0,1
2.4387548,0,0
2.4392547,0,1
2.43975485,0,0
2.44025475,0,1
2.44075495,0,0
2.44125485,0,1
2.44175495,0,0
2.44225485,0,1
2.442755,0,0
2.4432549,0,1
2.443755,0,0
2.4442549,0,1
2.44475505,0,0
2.44525495,0,1
2.4457551,0,0
2.446255,0,1
2.44675515,0,0
2.44725505,0,1
2.4477552,0,0
2.44825505,0,1
2.44875515,0,0
2.449255,0,1
2.4497551,0,0
2.450255,0,1
2.4507551,0,0
2.45125495,0,1
2.4517551,0,0
2.4522549,0,1
2.452755,0,0
2.4532549,0,1
2.45375505,0,0
2.4542549,0,1
2.454755,0,0
2.4552549,0,1
2.4557551,0,0
2.456255,0,1
2.45675515,0,0
2.45725505,0,1
2.4577552,0,0
2.4582551,0,1
2.45875535,0,0
2.4592553,0,1
2.4597555,0,0
2.4602554,0,1
2.4607556,0,0
2.46125555,0,1
2.4617557,0,0
2.4622556,0,1
2.46275575,0,0
2.46325565,0,1
2.4637558,0,0
2.4642557,0,1
2.4647558,0,0
2.4652557,0,1
2.4657558,0,0
2.46625575,0,1
2.46675585,0,0
2.4672557,0,1
2.46775585,0,0
2.4682557,0,1
2.4687558,0,0
2.46925565,0,1
2.46975585,0,0
2.4702558,0,1
2.4707559,0,0
2.47125575,0,1
2.47175585,0,0
2.4722557,0,1
2.4727558,0,0
2.4732557,0,1
2.47375585,0,0
2.47425575,0,1
2.47475585,0,0
2.4752558,0,1
2.47575595,0,0
2.4762558,0,1
2.4767559,0,0
2.47725575,0,1
2.47775585,0,0
2.47825575,0,1
2.47875585,0,0
2.4792557,0,1
2.47975585,0,0
2.4802558,0,1
2.48075595,0,0
2.4812558,0,1
2.48175595,0,0
2.4822558,0,1
2.48275595,0,0
2.48325585,0,1
2.48375595,0,0
2.48425585,0,1
2.484756,0,0
2.4852559,0,1
2.48575605,0,0
2.48625595,0,1
2.4867561,0,0
2.48725595,0,1
2.4877561,0,0
2.488256,0,1
2.4887561,0,0
2.48925595,0,1
2.4897561,0,0
2.490256,0,1
2.4907561,0,0
2.49125595,0,1
2.49175605,0,0
2.4922559,0,1
2.492756,0,0
2.49325585,0,1
2.49375595,0,0
2.49425575,0,1
2.4947559,0,0
2.49525575,0,1
2.49575585,0,0
2.4962557,0,1
2.4967558,0,0
2.4972557,0,1
2.49775585,0,0
2.49825575,0,1
2.4987559,0,0
2.4992558,0,1
2.49975595,0,0
2.50025585,0,1
2.50075595,0,0
2.5012558,0,1
2.50175595,0,0
2.50225575,0,1
2.5027559,0,0
2.5032558,0,1
2.50375595,0,0
2.50425585,0,1
2.50475595,0,0
2.5052559,0,1
2.50575605,0,0
2.50625595,0,1
2.50675605,0,0
2.50725595,0,1
2.5077561,0,0
2.508256,0,1
2.50875615,0,0
2.50925605,0,1
2.50975615,0,0
2.51025605,0,1
2.5107562,0,0
2.51125615,0,1
2.5117563,0,0
2.5122562,0,1
2.51275635,0,0
2.51325625,0,1
2.5137564,0,0
2.51425625,0,1
2.5147564,0,0
2.51525625,0,1
2.5157564,0,0
2.51625625,0,1
2.5167564,0,0
2.51725625,0,1
2.51775635,0,0
2.5182562,0,1
2.51875635,0,0
2.5192562,0,1
2.5197563,0,0
2.5202562,0,1
2.5207563,0,0
2.5212562,0,1
2.5217563,0,0
2.5222562,0,1
2.52275635,0,0
2.52325625,0,1
2.52375635,0,0
2.5242562,0,1
2.5247563,0,0
2.5252561,0,1
2.5257562,0,0
2.526256,0,1
2.5267561,0,0
2.527256,0,1
2.52775615,0,0
2.52825595,0,1
2.52875605,0,0
2.5292559,0,1
2.529756,0,0
2.53025585,0,1
2.53075595,0,0
2.53125585,0,1
2.53175605,0,0
2.53225595,0,1
2.5327561,0,0
2.53325595,0,1
2.5337561,0,0
2.53425605,0,1
2.5347562,0,0
2.5352561,0,1
2.5357563,0,0
2.53625625,0,1
2.53675645,0,0
2.5372564,0,1
2.5377566,0,0
2.5382565,0,1
2.5387567,0,0
2.53925665,0,1
2.53975675,0,0
2.54025665,0,1
2.54075685,0,0
2.5412568,0,1
2.541757,0,0
2.5422569,0,1
2.54275705,0,0
2.54325695,0,1
2.5437571,0,0
2.54425705,0,1
2.5447572,0,0
2.5452571,0,1
2.54575725,0,0
2.54625715,0,1
2.54675725,0,0
2.54725715,0,1
2.5477573,0,0
2.54825725,0,1
2.54875745,0,0
2.54925735,0,1
2.54975755,0,0
2.5502575,0,1
2.5507577,0,0
2.55125765,0,1
2.55175785,0,0
2.5522578,0,1
2.552758,0,0
2.5532579,0,1
2.5537581,0,0
2.554258,0,1
2.5547582,0,0
2.5552582,0,1
2.55575835,0,0
2.5562583,0,1
2.55675845,0,0
2.55725835,0,1
2.55775855,0,0
2.55825845,0,1
2.5587587,0,0
2.55925865,0,1
2.5597588,0,0
2.56025875,0,1
2.5607589,0,0
2.5612588,0,1
2.56175905,0,0
2.56225905,0,1
2.5627592,0,0
2.56325915,0,1
2.56375935,0,0
2.5642593,0,1
2.5647595,0,0
2.56525945,0,1
2.5657596,0,0
2.5662595,0,1
2.5667597,0,0
2.56725965,0,1
2.56775985,0,0
2.56825975,0,1
2.56875995,0,0
2.5692599,0,1
2.5697601,0,0
2.57026,0,1
2.5707602,0,0
2.57126015,0,1
2.57176035,0,0
2.5722603,0,1
2.5727605,0,0
2.5732604,0,1
2.5737606,0,0
2.5742606,0,1
2.57476075,0,0
2.57526065,0,1
2.5757608,0,0
2.57626075,0,1
2.57676085,0,0
2.5772608,0,1
2.5777609,0,0
2.5782608,0,1
2.57876095,0,0
2.57926085,0,1
2.579761,0,0
2.5802609,0,1
2.58076105,0,0
2.58126095,0,1
2.5817611,0,0
2.582261,0,1
2.5827612,0,0
2.58326115,0,1
2.58376135,0,0
2.58426125,0,1
2.5847614,0,0
2.5852613,0,1
2.58576145,0,0
2.5862614,0,1
2.5867616,0,0
2.58726155,0,1
2.58776175,0,0
2.5882617,0,1
2.58876185,0,0
2.58926175,0,1
2.5897619,0,0
2.5902618,0,1
2.59076195,0,0
2.59126185,0,1
2.591762,0,0
2.59226185,0,1
2.592762,0,0
2.5932618,0,1
2.5937619,0,0
2.5942618,0,1
2.59476195,0,0
2.5952618,0,1
2.59576195,0,0
2.5962618,0,1
2.59676195,0,0
2.59726185,0,1
2.597762,0,0
2.59826185,0,1
2.598762,0,0
2.5992619,0,1
2.59976205,0,0
2.60026195,0,1
2.6007621,0,0
2.601262,0,1
2.60176215,0,0
2.60226205,0,1
2.60276225,0,0
2.6032622,0,1
2.60376245,0,0
2.60426245,0,1
2.60476265,0,0
2.60526265,0,1
2.60576285,0,0
2.6062628,0,1
2.60676295,0,0
2.60726285,0,1
2.60776305,0,0
2.608263,0,1
2.6087632,0,0
2.6092631,0,1
2.60976325,0,0
2.6102631,0,1
2.61076325,0,0
2.6112631,0,1
2.6117632,0,0
2.61226305,0,1
2.6127632,0,0
2.6132631,0,1
2.6137633,0,0
2.61426325,0,1
2.6147634,0,0
2.61526335,0,1
2.6157635,0,0
2.6162634,0,1
2.61676355,0,0
2.61726345,0,1
2.6177636,0,0
2.6182635,0,1
2.61876365,0,0
2.61926355,0,1
2.6197637,0,0
2.6202636,0,1
2.6207637,0,0
2.62126355,0,1
2.6217637,0,0
2.62226365,0,1
2.6227638,0,0
2.6232637,0,1
2.62376385,0,0
2.62426375,0,1
2.62476395,0,0
2.62526385,0,1
2.625764,0,0
2.6262639,0,1
2.62676405,0,0
2.62726395,0,1
2.6277642,0,0
2.6282641,0,1
2.6287643,0,0
2.6292642,0,1
2.62976435,0,0
2.6302643,0,1
2.6307645,0,0
2.6312644,0,1
2.6317646,0,0
2.6322645,0,1
2.63276465,0,0
2.63326455,0,1
2.6337647,0,0
2.63426455,0,1
2.6347647,0,0
2.63526455,0,1
2.6357647,0,0
2.6362646,0,1
2.63676475,0,0
2.63726465,0,1
2.6377648,0,0
2.63826475,0,1
2.6387649,0,0
2.63926485,0,1
2.639765,0,0
2.6402649,0,1
2.64076505,0,0
2.6412649,0,1
2.64176505,0,0
2.64226495,0,1
2.64276515,0,0
2.6432651,0,1
2.6437653,0,0
2.64426525,0,1
2.64476545,0,0
2.6452654,0,1
2.6457656,0,0
2.64626555,0,1
2.64676575,0,0
2.64726565,0,1
2.64776585,0,0
2.64826585,0,1
2.648766,0,0
2.6492659,0,1
2.6497661,0,0
2.65026605,0,1
2.65076625,0,0
2.6512662,0,1
2.6517664,0,0
2.6522663,0,1
2.6527665,0,0
2.6532664,0,1
2.6537666,0,0
2.65426655,0,1
2.65476675,0,0
2.6552667,0,1
2.65576685,0,0
2.65626675,0,1
2.65676695,0,0
2.65726685,0,1
2.657767,0,0
2.65826695,0,1
2.6587671,0,0
2.65926705,0,1
2.65976725,0,0
2.66026715,0,1
2.66076735,0,0
2.66126725,0,1
2.66176735,0,0
2.66226725,0,1
2.6627674,0,0
2.6632673,0,1
2.6637674,0,0
2.6642673,0,1
2.6647674,0,0
2.6652673,0,1
2.66576745,0,0
2.66626735,0,1
2.6667675,0,0
2.6672674,0,1
2.6677676,0,0
2.6682675,0,1
2.66876765,0,0
2.66926755,0,1
2.6697677,0,0
2.6702676,0,1
2.67076775,0,0
2.67126765,0,1
2.67176785,0,0
2.6722678,0,1
2.672768,0,0
2.6732679,0,1
2.6737681,0,0
2.67426805,0,1
2.6747682,0,0
2.6752681,0,1
2.67576825,0,0
2.67626815,0,1
2.67676835,0,0
2.6772683,0,1
2.6777685,0,0
2.67826845,0,1
2.6787687,0,0
2.67926865,0,1
2.6797689,0,0
2.6802689,0,1
2.68076915,0,0
2.6812691,0,1
2.6817693,0,0
2.68226925,0,1
2.68276945,0,0
2.68326935,0,1
2.68376955,0,0
2.68426945,0,1
2.68476965,0,0
2.6852696,0,1
2.6857698,0,0
2.68626975,0,1
2.68676995,0,0
2.6872699,0,1
2.6877701,0,0
2.68827005,0,1
2.68877025,0,0
2.68927025,0,1
2.6897704,0,0
2.6902704,0,1
2.69077055,0,0
2.69127055,0,1
2.6917707,0,0
2.6922706,0,1
2.6927708,0,0
2.6932707,0,1
2.6937709,0,0
2.69427085,0,1
2.694771,0,0
2.69527095,0,1
2.69577105,0,0
2.6962709,0,1
2.696771,0,0
2.6972709,0,1
2.6977711,0,0
2.69827105,0,1
2.6987712,0,0
2.69927115,0,1
2.6997713,0,0
2.70027125,0,1
2.70077145,0,0
2.7012714,0,1
2.7017716,0,0
2.70227155,0,1
2.70277175,0,0
2.70327175,0,1
2.70377195,0,0
2.7042719,0,1
2.70477205,0,0
2.705272,0,1
2.7057722,0,0
2.7062721,0,1
2.7067723,0,0
2.7072722,0,1
2.7077724,0,0
2.70827235,0,1
2.70877255,0,0
2.70927245,0,1
2.70977265,0,0
2.71027255,0,1
2.71077275,0,0
2.7112727,0,1
2.71177285,0,0
2.71227275,0,1
2.7127729,0,0
2.71327285,0,1
2.71377295,0,0
2.7142729,0,1
2.71477305,0,0
2.71527295,0,1
2.7157731,0,0
2.716273,0,1
2.7167732,0,0
2.7172731,0,1
2.7177733,0,0
2.7182732,0,1
2.71877335,0,0
2.7192733,0,1
2.7197735,0,0
2.7202734,0,1
2.7207736,0,0
2.7212735,0,1
2.72177365,0,0
2.7222735,0,1
2.7227737,0,0
2.72327355,0,1
2.7237737,0,0
2.7242736,0,1
2.72477375,0,0
2.7252737,0,1
2.72577385,0,0
2.72627375,0,1
2.7267739,0,0
2.72727375,0,1
2.7277739,0,0
2.7282738,0,1
2.7287739,0,0
2.7292738,0,1
2.729774,0,0
2.7302739,0,1
2.730774,0,0
2.7312738,0,1
2.73177395,0,0
2.73227385,0,1
2.732774,0,0
2.73327385,0,1
2.733774,0,0
2.73427395,0,1
2.73477415,0,0
2.73527405,0,1
2.73577425,0,0
2.7362742,0,1
2.7367744,0,0
2.73727435,0,1
2.73777445,0,0
2.73827435,0,1
2.7387745,0,0
2.7392744,0,1
2.7397745,0,0
2.7402744,0,1
2.7407745,0,0
2.7412744,0,1
2.7417745,0,0
2.74227435,0,1
2.7427745,0,0
2.74327435,0,1
2.7437745,0,0
2.74427435,0,1
2.7447745,0,0
2.74527435,0,1
2.74577445,0,0
2.74627435,0,1
2.74677445,0,0
2.7472742,0,1
2.74777425,0,0
2.7482741,0,1
2.7487742,0,0
2.7492741,0,1
2.7497742,0,0
2.75027405,0,1
2.7507741,0,0
2.75127395,0,1
2.751774,0,0
2.75227385,0,1
2.752774,0,0
2.75327385,0,1
2.75377395,0,0
2.7542738,0,1
2.7547739,0,0
2.75527375,0,1
2.75577385,0,0
2.75627375,0,1
2.7567739,0,0
2.7572738,0,1
2.75777395,0,0
2.7582739,0,1
2.758774,0,0
2.75927395,0,1
2.7597741,0,0
2.760274,0,1
2.76077415,0,0
2.76127405,0,1
2.7617742,0,0
2.76227405,0,1
2.7627742,0,0
2.76327405,0,1
2.76377415,0,0
2.76427405,0,1
2.7647742,0,0
2.76527415,0,1
2.7657743,0,0
2.76627415,0,1
2.76677435,0,0
2.76727425,0,1
2.76777435,0,0
2.76827425,0,1
2.76877435,0,0
2.76927425,0,1
2.76977445,0,0
2.77027435,0,1
2.77077445,0,0
2.7712743,0,1
2.77177435,0,0
2.77227425,0,1
2.77277435,0,0
2.77327425,0,1
2.77377435,0,0
2.77427425,0,1
2.7747744,0,0
2.77527425,0,1
2.77577435,0,0
2.77627415,0,1
2.7767743,0,0
2.77727415,0,1
2.77777425,0,0
2.7782741,0,1
2.77877415,0,0
2.779274,0,1
2.7797741,0,0
2.78027395,0,1
2.7807741,0,0
2.78127395,0,1
2.78177405,0,0
2.7822739,0,1
2.78277405,0,0
2.7832739,0,1
2.78377405,0,0
2.7842739,0,1
2.78477395,0,0
2.7852738,0,1
2.78577385,0,0
2.78627375,0,1
2.78677385,0,0
2.78727375,0,1
2.7877739,0,0
2.7882738,0,1
2.7887739,0,0
2.7892738,0,1
2.7897739,0,0
2.79027375,0,1
2.79077385,0,0
2.79127365,0,1
2.7917738,0,0
2.7922737,0,1
2.7927738,0,0
2.7932737,0,1
2.79377385,0,0
2.7942737,0,1
2.7947739,0,0
2.7952738,0,1
2.79577395,0,0
2.79627385,0,1
2.79677395,0,0
2.7972739,0,1
2.797774,0,0
2.7982739,0,1
2.798774,0,0
2.7992739,0,1
2.799774,0,0
2.80027385,0,1
2.800774,0,0
2.8012739,0,1
2.80177405,0,0
2.80227395,0,1
2.8027741,0,0
2.80327395,0,1
2.80377405,0,0
2.80427395,0,1
2.8047741,0,0
2.805274,0,1
2.8057742,0,0
2.80627415,0,1
2.8067743,0,0
2.80727425,0,1
2.80777435,0,0
2.8082742,0,1
2.80877435,0,0
2.8092743,0,1
2.8097744,0,0
2.8102743,0,1
2.81077445,0,0
2.81127435,0,1
2.8117745,0,0
2.81227445,0,1
2.8127746,0,0
2.81327455,0,1
2.8137747,0,0
2.81427465,0,1
2.8147748,0,0
2.8152747,0,1
2.8157748,0,0
2.81627475,0,1
2.8167749,0,0
2.8172748,0,1
2.81777495,0,0
2.8182749,0,1
2.81877505,0,0
2.819275,0,1
2.81977515,0,0
2.8202751,0,1
2.8207753,0,0
2.82127525,0,1
2.82177545,0,0
2.8222754,0,1
2.82277555,0,0
2.8232755,0,1
2.8237757,0,0
2.8242756,0,1
2.8247758,0,0
2.8252757,0,1
2.8257759,0,0
2.82627585,0,1
2.82677605,0,0
2.827276,0,1
2.82777615,0,0
2.82827605,0,1
2.8287762,0,0
2.8292761,0,1
2.82977625,0,0
2.83027615,0,1
2.83077625,0,0
2.83127615,0,1
2.83177625,0,0
2.8322761,0,1
2.8327762,0,0
2.83327605,0,1
2.83377615,0,0
2.834276,0,1
2.83477615,0,0
2.83527605,0,1
2.83577615,0,0
2.83627605,0,1
2.8367762,0,0
2.8372761,0,1
2.83777625,0,0
2.8382761,0,1
2.83877625,0,0
2.83927615,0,1
2.8397763,0,0
2.8402762,0,1
2.8407763,0,0
2.84127615,0,1
2.8417763,0,0
2.8422762,0,1
2.8427763,0,0
2.8432762,0,1
2.84377635,0,0
2.8442762,0,1
2.8447764,0,0
2.8452763,0,1
2.84577635,0,0
2.8462763,0,1
2.8467764,0,0
2.8472763,0,1
2.8477764,0,0
2.84827635,0,1
2.8487765,0,0
2.84927635,0,1
2.84977655,0,0
2.85027645,0,1
2.8507766,0,0
2.8512765,0,1
2.85177665,0,0
2.8522765,0,1
2.85277665,0,0
2.8532765,0,1
2.85377665,0,0
2.85427655,0,1
2.8547767,0,0
2.8552766,0,1
2.85577675,0,0
2.85627665,0,1
2.8567768,0,0
2.8572767,0,1
2.8577768,0,0
2.8582767,0,1
2.8587768,0,0
2.8592767,0,1
2.85977685,0,0
2.86027675,0,1
2.86077695,0,0
2.8612769,0,1
2.86177705,0,0
2.862277,0,1
2.8627772,0,0
2.8632771,0,1
2.8637773,0,0
2.86427715,0,1
2.8647773,0,0
2.8652772,0,1
2.8657774,0,0
2.8662773,0,1
2.86677745,0,0
2.86727735,0,1
2.8677775,0,0
2.86827735,0,1
2.8687775,0,0
2.86927735,0,1
2.8697775,0,0
2.8702774,0,1
2.8707775,0,0
2.8712774,0,1
2.87177755,0,0
2.8722774,0,1
2.8727775,0,0
2.8732773,0,1
2.87377745,0,0
2.8742773,0,1
2.87477745,0,0
2.8752773,0,1
2.87577745,0,0
2.8762773,0,1
2.87677745,0,0
2.8772774,0,1
2.8777776,0,0
2.87827755,0,1
2.8787777,0,0
2.8792777,0,1
2.87977785,0,0
2.8802778,0,1
2.880778,0,0
2.88127795,0,1
2.8817781,0,0
2.882278,0,1
2.88277815,0,0
2.883278,0,1
2.88377815,0,0
2.8842781,0,1
2.88477825,0,0
2.88527815,0,1
2.88577835,0,0
2.88627825,0,1
2.88677835,0,0
2.88727825,0,1
2.8877784,0,0
2.88827835,0,1
2.8887785,0,0
2.88927845,0,1
2.88977865,0,0
2.89027855,0,1
2.8907787,0,0
2.89127855,0,1
2.89177865,0,0
2.8922785,0,1
2.8927786,0,0
2.89327845,0,1
2.8937786,0,0
2.89427845,0,1
2.89477855,0,0
2.89527845,0,1
2.8957786,0,0
2.8962785,0,1
2.89677865,0,0
2.89727855,0,1
2.89777875,0,0
2.89827865,0,1
2.8987788,0,0
2.89927875,0,1
2.89977895,0,0
2.90027885,0,1
2.90077905,0,0
2.90127895,0,1
2.9017791,0,0
2.90227905,0,1
2.90277915,0,0
2.903279,0,1
2.9037791,0,0
2.90427895,0,1
2.90477905,0,0
2.90527895,0,1
2.9057791,0,0
2.906279,0,1
2.90677915,0,0
2.9072791,0,1
2.90777925,0,0
2.9082791,0,1
2.90877925,0,0
2.90927915,0,1
2.90977935,0,0
2.91027925,0,1
2.9107794,0,0
2.9112793,0,1
2.9117795,0,0
2.91227935,0,1
2.9127795,0,0
2.9132794,0,1
2.91377955,0,0
2.91427945,0,1
2.9147796,0,0
2.91527945,0,1
2.9157796,0,0
2.9162795,0,1
2.9167796,0,0
2.9172795,0,1
2.9177796,0,0
2.91827945,0,1
2.9187796,0,0
2.91927945,0,1
2.9197796,0,0
2.92027945,0,1
2.9207796,0,0
2.9212795,0,1
2.9217796,0,0
2.9222795,0,1
2.92277965,0,0
2.92327955,0,1
2.9237797,0,0
2.92427955,0,1
2.9247797,0,0
2.9252796,0,1
2.92577975,0,0
2.92627965,0,1
2.92677975,0,0
2.92727965,0,1
2.92777975,0,0
2.9282797,0,1
2.9287799,0,0
2.92927985,0,1
2.92978005,0,0
2.93027995,0,1
2.93078015,0,0
2.93128005,0,1
2.9317802,0,0
2.9322802,0,1
2.93278035,0,0
2.93328025,0,1
2.9337804,0,0
2.9342803,0,1
2.93478045,0,0
2.93528035,0,1
2.9357805,0,0
2.9362804,0,1
2.9367805,0,0
2.9372804,0,1
2.93778055,0,0
2.9382804,0,1
2.9387805,0,0
2.9392804,0,1
2.9397805,0,0
2.94028035,0,1
2.9407805,0,0
2.9412803,0,1
2.94178045,0,0
2.94228035,0,1
2.94278045,0,0
2.94328025,0,1
2.94378035,0,0
2.94428025,0,1
2.94478045,0,0
2.9452803,0,1
2.9457805,0,0
2.94628035,0,1
2.9467805,0,0
2.94728035,0,1
2.9477805,0,0
2.9482804,0,1
2.9487805,0,0
2.9492804,0,1
2.9497805,0,0
2.95028035,0,1
2.95078045,0,0
2.9512803,0,1
2.9517804,0,0
2.95228025,0,1
2.95278035,0,0
2.95328015,0,1
2.9537802,0,0
2.95428,0,1
2.9547801,0,0
2.95528,0,1
2.95578015,0,0
2.95628005,0,1
2.95678015,0,0
2.95728,0,1
2.95778015,0,0
2.95828005,0,1
2.9587802,0,0
2.95928005,0,1
2.9597802,0,0
2.9602801,0,1
2.9607802,0,0
2.9612801,0,1
2.9617802,0,0
2.9622801,0,1
2.96278025,0,0
2.9632801,0,1
2.96378025,0,0
2.9642802,0,1
2.96478035,0,0
2.96528025,0,1
2.96578035,0,0
2.96628025,0,1
2.96678035,0,0
2.96728025,0,1
2.9677804,0,0
2.96828025,0,1
2.96878045,0,0
2.9692803,0,1
2.96978045,0,0
2.97028035,0,1
2.97078045,0,0
2.97128035,0,1
2.9717804,0,0
2.9722803,0,1
2.9727804,0,0
2.9732802,0,1
2.9737803,0,0
2.9742802,0,1
2.9747803,0,0
2.97528015,0,1
2.97578025,0,0
2.97628015,0,1
2.97678025,0,0
2.9772801,0,1
2.9777802,0,0
2.97828005,0,1
2.97878015,0,0
2.97928,0,1
2.9797801,0,0
2.9802799,0,1
2.98078,0,0
2.9812799,0,1
2.98178005,0,0
2.9822799,0,1
2.98278,0,0
2.98327985,0,1
2.98378,0,0
2.9842798,0,1
2.98477985,0,0
2.9852797,0,1
2.9857798,0,0
2.9862797,0,1
2.9867798,0,0
2.98727965,0,1
2.98777975,0,0
2.9882796,0,1
2.98877965,0,0
2.9892795,0,1
2.9897796,0,0
2.99027945,0,1
2.9907796,0,0
2.9912795,0,1
2.99177965,0,0
2.9922795,0,1
2.99277965,0,0
2.99327955,0,1
2.99377965,0,0
2.99427955,0,1
2.99477965,0,0
2.99527955,0,1
2.9957797,0,0
2.99627955,0,1
2.99677965,0,0
2.9972795,0,1
2.99777965,0,0
2.9982795,0,1
2.9987796,0,0
2.9992795,0,1
2.9997796,0,0
3.0002795,0,1
3.00077965,0,0
3.00127955,0,1
3.0017797,0,0
3.00227955,0,1
3.0027797,0,0
3.00327955,0,1
3.0037797,0,0
3.0042796,0,1
3.00477975,0,0
3.0052796,0,1
3.0057797,0,0
3.00627955,0,1
3.00677965,0,0
3.00727955,0,1
3.00777965,0,0
3.00827955,0,1
3.0087797,0,0
3.00927955,0,1
3.00977965,0,0
3.0102795,0,1
3.01077955,0,0
3.0112794,0,1
3.01177945,0,0
3.01227925,0,1
3.0127794,0,0
3.0132793,0,1
3.0137794,0,0
3.01427925,0,1
3.01477935,0,0
3.0152792,0,1
3.0157793,0,0
3.01627915,0,1
3.0167792,0,0
3.01727905,0,1
3.0177791,0,0
3.01827895,0,1
3.01877905,0,0
3.0192789,0,1
3.01977895,0,0
3.02027875,0,1
3.02077885,0,0
3.02127865,0,1
3.0217787,0,0
3.02227855,0,1
3.02277865,0,0
3.0232785,0,1
3.02377855,0,0
3.0242784,0,1
3.02477855,0,0
3.0252784,0,1
3.02577855,0,0
3.02627845,0,1
3.02677855,0,0
3.02727845,0,1
3.02777855,0,0
3.02827845,0,1
3.0287786,0,0
3.0292785,0,1
3.0297786,0,0
3.0302785,0,1
3.03077865,0,0
3.0312785,0,1
3.0317786,0,0
3.03227845,0,1
3.03277855,0,0
3.0332784,0,1
3.0337785,0,0
3.03427835,0,1
3.0347784,0,0
3.03527825,0,1
3.03577835,0,0
3.03627815,0,1
3.03677825,0,0
3.03727805,0,1
3.03777815,0,0
3.03827805,0,1
3.03877815,0,0
3.03927805,0,1
3.03977815,0,0
3.040278,0,1
3.0407781,0,0
3.04127795,0,1
3.0417781,0,0
3.04227795,0,1
3.042778,0,0
3.0432778,0,1
3.0437779,0,0
3.0442777,0,1
3.0447778,0,0
3.0452776,0,1
3.04577765,0,0
3.0462775,0,1
3.04677755,0,0
3.04727735,0,1
3.04777745,0,0
3.0482773,0,1
3.0487774,0,0
3.0492772,0,1
3.0497773,0,0
3.05027715,0,1
3.05077725,0,0
3.0512771,0,1
3.0517772,0,0
3.05227705,0,1
3.05277715,0,0
3.053277,0,1
3.05377705,0,0
3.0542769,0,1
3.054777,0,0
3.05527685,0,1
3.05577695,0,0
3.0562768,0,1
3.05677695,0,0
3.05727685,0,1
3.05777695,0,0
3.05827685,0,1
3.0587769,0,0
3.0592767,0,1
3.0597768,0,0
3.06027665,0,1
3.06077675,0,0
3.06127655,0,1
3.06177665,0,0
3.0622765,0,1
3.06277665,0,0
3.0632765,0,1
3.0637766,0,0
3.06427645,0,1
3.06477655,0,0
3.0652764,0,1
3.0657765,0,0
3.0662764,0,1
3.0667765,0,0
3.06727635,0,1
3.06777645,0,0
3.0682763,0,1
3.0687764,0,0
3.0692762,0,1
3.0697763,0,0
3.0702762,0,1
3.07077635,0,0
3.0712762,0,1
3.0717764,0,0
3.07227625,0,1
3.07277635,0,0
3.0732762,0,1
3.07377625,0,0
3.0742761,0,1
3.0747762,0,0
3.07527605,0,1
3.07577615,0,0
3.07627605,0,1
3.07677615,0,0
3.077276,0,1
3.07777615,0,0
3.078276,0,1
3.0787761,0,0
3.0792759,0,1
3.079776,0,0
3.0802758,0,1
3.0807759,0,0
3.08127575,0,1
3.08177585,0,0
3.0822757,0,1
3.08277575,0,0
3.0832756,0,1
3.08377565,0,0
3.0842755,0,1
3.08477555,0,0
3.0852754,0,1
3.0857754,0,0
3.0862752,0,1
3.0867753,0,0
3.0872752,0,1
3.08777525,0,0
3.08827515,0,1
3.08877525,0,0
3.08927515,0,1
3.0897752,0,0
3.09027505,0,1
3.09077515,0,0
3.09127495,0,1
3.09177505,0,0
3.0922749,0,1
3.092775,0,0
3.09327485,0,1
3.0937749,0,0
3.09427475,0,1
3.0947748,0,0
3.09527465,0,1
3.09577475,0,0
3.0962746,0,1
3.0967747,0,0
3.0972746,0,1
3.09777475,0,0
3.09827465,0,1
3.09877475,0,0
3.09927465,0,1
3.09977475,0,0
3.10027455,0,1
3.10077465,0,0
3.1012745,0,1
3.1017746,0,0
3.10227445,0,1
3.10277455,0,0
3.10327435,0,1
3.10377445,0,0
3.10427425,0,1
3.10477435,0,0
3.1052742,0,1
3.1057743,0,0
3.10627415,0,1
3.10677425,0,0
3.1072741,0,1
3.1077742,0,0
3.10827405,0,1
3.10877415,0,0
3.109274,0,1
3.1097741,0,0
3.110274,0,1
3.1107741,0,0
3.11127395,0,1
3.111774,0,0
3.11227385,0,1
3.11277395,0,0
3.1132738,0,1
3.1137739,0,0
3.11427375,0,1
3.11477385,0,0
3.11527375,0,1
3.1157738,0,0
3.1162736,0,1
3.11677365,0,0
3.1172735,0,1
3.11777355,0,0
3.11827335,0,1
3.1187734,0,0
3.1192732,0,1
3.1197733,0,0
3.1202731,0,1
3.12077315,0,0
3.121273,0,1
3.12177305,0,0
3.12227285,0,1
3.1227729,0,0
3.1232727,0,1
3.12377275,0,0
3.1242726,0,1
3.12477275,0,0
3.1252726,0,1
3.1257727,0,0
3.1262726,0,1
3.1267727,0,0
3.12727255,0,1
3.12777265,0,0
3.12827245,0,1
3.12877255,0,0
3.1292724,0,1
3.12977245,0,0
3.1302723,0,1
3.13077235,0,0
3.13127215,0,1
3.1317722,0,0
3.13227205,0,1
3.1327721,0,0
3.13327185,0,1
3.1337719,0,0
3.1342717,0,1
3.13477175,0,0
3.1352716,0,1
3.1357717,0,0
3.1362715,0,1
3.13677155,0,0
3.13727135,0,1
3.13777145,0,0
3.13827125,0,1
3.1387713,0,0
3.13927115,0,1
3.13977125,0,0
3.14027115,0,1
3.14077125,0,0
3.1412711,0,1
3.14177115,0,0
3.142271,0,1
3.1427711,0,0
3.1432709,0,1
3.143771,0,0
3.1442708,0,1
3.14477085,0,0
3.14527065,0,1
3.14577075,0,0
3.14627055,0,1
3.1467707,0,0
3.14727055,0,1
3.1477707,0,0
3.1482705,0,1
3.1487706,0,0
3.14927045,0,1
3.14977055,0,0
3.1502704,0,1
3.1507705,0,0
3.1512703,0,1
3.1517704,0,0
3.15227025,0,1
3.15277035,0,0
3.15327015,0,1
3.15377025,0,0
3.15427005,0,1
3.1547701,0,0
3.1552699,0,1
3.15577,0,0
3.15626985,0,1
3.15676995,0,0
3.1572698,0,1
3.15776995,0,0
3.1582698,0,1
3.15876985,0,0
3.1592697,0,1
3.1597698,0,0
3.1602696,0,1
3.1607696,0,0
3.1612694,0,1
3.1617694,0,0
3.16226925,0,1
3.16276935,0,0
3.16326915,0,1
3.16376925,0,0
3.16426905,0,1
3.1647691,0,0
3.16526885,0,1
3.1657689,0,0
3.1662687,0,1
3.1667688,0,0
3.1672686,0,1
3.16776865,0,0
3.16826845,0,1
3.1687685,0,0
3.1692683,0,1
3.1697684,0,0
3.1702682,0,1
3.1707683,0,0
3.1712681,0,1
3.17176815,0,0
3.17226795,0,1
3.17276805,0,0
3.17326785,0,1
3.1737679,0,0
3.17426775,0,1
3.1747678,0,0
3.1752676,0,1
3.17576765,0,0
3.17626745,0,1
3.1767675,0,0
3.17726735,0,1
3.1777674,0,0
3.17826715,0,1
3.17876725,0,0
3.1792671,0,1
3.1797672,0,0
3.180267,0,1
3.18076705,0,0
3.1812669,0,1
3.18176695,0,0
3.18226675,0,1
3.18276685,0,0
3.1832666,0,1
3.18376665,0,0
3.1842665,0,1
3.1847666,0,0
3.18526645,0,1
3.18576655,0,0
3.1862664,0,1
3.18676655,0,0
3.1872664,0,1
3.18776655,0,0
3.1882664,0,1
3.1887665,0,0
3.1892664,0,1
3.1897665,0,0
3.1902664,0,1
3.1907665,0,0
3.19126635,0,1
3.19176645,0,0
3.1922663,0,1
3.19276635,0,0
3.19326625,0,1
3.1937663,0,0
3.19426615,0,1
3.19476625,0,0
3.19526615,0,1
3.1957663,0,0
3.19626615,0,1
3.19676625,0,0
3.1972661,0,1
3.1977662,0,0
3.198266,0,1
3.1987661,0,0
3.19926595,0,1
3.199766,0,0
3.20026585,0,1
3.20076595,0,0
3.2012658,0,1
3.2017659,0,0
3.2022658,0,1
3.2027659,0,0
3.2032657,0,1
3.2037658,0,0
3.2042656,0,1
3.20476565,0,0
3.20526545,0,1
3.20576555,0,0
3.20626535,0,1
3.20676545,0,0
3.2072653,0,1
3.2077654,0,0
3.20826525,0,1
3.20876535,0,0
3.2092652,0,1
3.20976535,0,0
3.21026525,0,1
3.21076535,0,0
3.2112652,0,1
3.2117653,0,0
3.2122652,0,1
3.21276525,0,0
3.21326515,0,1
3.2137652,0,0
3.2142651,0,1
3.2147652,0,0
3.2152651,0,1
3.21576525,0,0
3.21626515,0,1
3.2167653,0,0
3.2172652,0,1
3.2177653,0,0
3.2182652,0,1
3.2187653,0,0
3.21926515,0,1
3.2197653,0,0
3.2202652,0,1
3.2207653,0,0
3.2212651,0,1
3.22176525,0,0
3.2222651,0,1
3.22276525,0,0
3.2232651,0,1
3.2237652,0,0
3.22426505,0,1
3.22476515,0,0
3.225265,0,1
3.22576515,0,0
3.226265,0,1
3.22676515,0,0
3.22726505,0,1
3.22776515,0,0
3.22826495,0,1
3.22876505,0,0
3.22926495,0,1
3.2297651,0,0
3.23026495,0,1
3.23076505,0,0
3.2312649,0,1
3.231765,0,0
3.23226485,0,1
3.23276495,0,0
3.2332648,0,1
3.23376495,0,0
3.23426485,0,1
3.23476495,0,0
3.2352648,0,1
3.23576495,0,0
3.23626485,0,1
3.23676495,0,0
3.2372648,0,1
3.23776485,0,0
3.23826465,0,1
3.23876475,0,0
3.2392646,0,1
3.2397647,0,0
3.2402645,0,1
3.24076465,0,0
3.2412645,0,1
3.24176455,0,0
3.2422644,0,1
3.2427645,0,0
3.24326435,0,1
3.24376445,0,0
3.24426425,0,1
3.2447643,0,0
3.24526415,0,1
3.2457643,0,0
3.2462642,0,1
3.24676435,0,0
3.2472642,0,1
3.2477643,0,0
3.24826415,0,1
3.24876425,0,0
3.2492641,0,1
3.24976415,0,0
3.250264,0,1
3.2507641,0,0
3.2512639,0,1
3.251764,0,0
3.25226385,0,1
3.25276395,0,0
3.2532638,0,1
3.25376395,0,0
3.25426375,0,1
3.25476385,0,0
3.25526365,0,1
3.2557637,0,0
3.2562636,0,1
3.25676365,0,0
3.2572635,0,1
3.2577636,0,0
3.25826345,0,1
3.25876355,0,0
3.2592634,0,1
3.25976345,0,0
3.2602633,0,1
3.26076335,0,0
3.2612632,0,1
3.2617633,0,0
3.26226315,0,1
3.26276325,0,0
3.2632631,0,1
3.2637632,0,0
3.264263,0,1
3.26476305,0,0
3.2652629,0,1
3.26576305,0,0
3.26626285,0,1
3.266763,0,0
3.2672628,0,1
3.26776285,0,0
3.26826275,0,1
3.2687628,0,0
3.26926265,0,1
3.2697627,0,0
3.27026255,0,1
3.2707626,0,0
3.27126245,0,1
3.2717625,0,0
3.2722623,0,1
3.27276245,0,0
3.27326225,0,1
3.27376235,0,0
3.2742622,0,1
3.27476225,0,0
3.27526205,0,1
3.27576215,0,0
3.276262,0,1
3.2767621,0,0
3.27726195,0,1
3.27776205,0,0
3.2782619,0,1
3.278762,0,0
3.2792618,0,1
3.2797619,0,0
3.28026175,0,1
3.2807618,0,0
3.28126165,0,1
3.2817617,0,0
3.28226155,0,1
3.28276165,0,0
3.2832615,0,1
3.28376155,0,0
3.2842614,0,1
3.2847615,0,0
3.2852613,0,1
3.2857614,0,0
3.28626125,0,1
3.2867613,0,0
3.2872611,0,1
3.2877612,0,0
3.288261,0,1
3.28876105,0,0
3.2892609,0,1
3.28976095,0,0
3.29026075,0,1
3.29076085,0,0
3.29126065,0,1
3.2917607,0,0
3.29226055,0,1
3.2927607,0,0
3.2932606,0,1
3.2937607,0,0
3.2942606,0,1
3.2947607,0,0
3.2952606,0,1
3.2957607,0,0
3.29626055,0,1
3.2967607,0,0
3.29726055,0,1
3.29776065,0,0
3.29826055,0,1
3.29876065,0,0
3.29926055,0,1
3.29976065,0,0
3.3002605,0,1
3.3007606,0,0
3.3012604,0,1
3.3017605,0,0
3.3022603,0,1
3.3027604,0,0
3.30326025,0,1
3.3037604,0,0
3.30426025,0,1
3.30476035,0,0
3.30526025,0,1
3.30576035,0,0
3.3062602,0,1
3.3067603,0,0
3.30726015,0,1
3.30776025,0,0
3.30826005,0,1
3.30876015,0,0
3.30926,0,1
3.30976,0,0
3.31025985,0,1
3.31075995,0,0
3.3112598,0,1
3.3117599,0,0
3.3122598,0,1
3.3127599,0,0
3.31325975,0,1
3.31375985,0,0
3.31425975,0,1
3.31475985,0,0
3.3152597,0,1
3.3157598,0,0
3.31625965,0,1
3.3167597,0,0
3.31725955,0,1
3.31775965,0,0
3.31825945,0,1
3.31875955,0,0
3.31925945,0,1
3.31975955,0,0
3.3202594,0,1
3.3207595,0,0
3.3212594,0,1
3.3217595,0,0
3.32225935,0,1
3.3227595,0,0
3.3232594,0,1
3.3237596,0,0
3.3242595,0,1
3.3247596,0,0
3.3252595,0,1
3.32575965,0,0
3.3262595,0,1
3.3267596,0,0
3.3272595,0,1
3.32775965,0,0
3.32825955,0,1
3.32875975,0,0
3.3292597,0,1
3.32975985,0,0
3.33025975,0,1
3.3307599,0,0
3.3312598,0,1
3.3317599,0,0
3.33225985,0,1
3.33275995,0,0
3.33325985,0,1
3.33376,0,0
3.3342599,0,1
3.33476005,0,0
3.33525995,0,1
3.33576005,0,0
3.33625995,0,1
3.33676005,0,0
3.3372599,0,1
3.33776005,0,0
3.3382599,0,1
3.33875995,0,0
3.3392598,0,1
3.3397599,0,0
3.3402598,0,1
3.3407599,0,0
3.34125975,0,1
3.34175995,0,0
3.34225985,0,1
3.34275995,0,0
3.3432598,0,1
3.34375995,0,0
3.3442598,0,1
3.34475995,0,0
3.3452598,0,1
3.34575995,0,0
3.34625985,0,1
3.34676,0,0
3.34725995,0,1
3.34776015,0,0
3.3482601,0,1
3.34876025,0,0
3.3492602,0,1
3.34976035,0,0
3.35026025,0,1
3.35076035,0,0
3.3512602,0,1
3.3517603,0,0
3.35226025,0,1
3.35276045,0,0
3.35326035,0,1
3.3537605,0,0
3.35426045,0,1
3.3547606,0,0
3.3552605,0,1
3.3557607,0,0
3.3562606,0,1
3.35676075,0,0
3.35726065,0,1
3.3577608,0,0
3.35826075,0,1
3.358761,0,0
3.359261,0,1
3.35976115,0,0
3.36026115,0,1
3.3607613,0,0
3.3612612,0,1
3.3617614,0,0
3.3622613,0,1
3.36276145,0,0
3.3632614,0,1
3.3637616,0,0
3.36426155,0,1
3.36476175,0,0
3.3652616,0,1
3.3657617,0,0
3.3662616,0,1
3.3667618,0,0
3.36726175,0,1
3.36776195,0,0
3.3682619,0,1
3.3687621,0,0
3.3692621,0,1
3.36976235,0,0
3.37026235,0,1
3.3707626,0,0
3.37126255,0,1
3.3717628,0,0
3.37226275,0,1
3.372763,0,0
3.373263,0,1
3.37376325,0,0
3.3742632,0,1
3.3747634,0,0
3.37526335,0,1
3.37576355,0,0
3.3762635,0,1
3.37676365,0,0
3.3772636,0,1
3.37776385,0,0
3.37826385,0,1
3.37876405,0,0
3.379264,0,1
3.3797642,0,0
3.38026415,0,1
3.3807644,0,0
3.38126435,0,1
3.3817646,0,0
3.3822646,0,1
3.3827648,0,0
3.38326475,0,1
3.383765,0,0
3.384265,0,1
3.3847652,0,0
3.38526515,0,1
3.3857654,0,0
3.38626535,0,1
3.38676555,0,0
3.3872655,0,1
3.38776575,0,0
3.38826575,0,1
3.3887659,0,0
3.3892659,0,1
3.3897661,0,0
3.39026605,0,1
3.39076625,0,0
3.3912662,0,1
3.39176635,0,0
3.39226625,0,1
3.3927664,0,0
3.3932663,0,1
3.3937665,0,0
3.39426645,0,1
3.39476665,0,0
3.3952667,0,1
3.39576695,0,0
3.39626695,0,1
3.3967672,0,0
3.3972672,0,1
3.3977674,0,0
3.39826735,0,1
3.3987676,0,0
3.39926755,0,1
3.39976775,0,0
3.40026775,0,1
3.40076795,0,0
3.4012679,0,1
3.4017681,0,0
3.402268,0,1
3.4027682,0,0
3.40326815,0,1
3.40376835,0,0
3.40426825,0,1
3.40476845,0,0
3.4052684,0,1
3.4057686,0,0
3.4062685,0,1
3.4067687,0,0
3.40726865,0,1
3.40776885,0,0
3.40826875,0,1
3.40876895,0,0
3.40926885,0,1
3.409769,0,0
3.41026895,0,1
3.4107691,0,0
3.41126905,0,1
3.4117692,0,0
3.41226915,0,1
3.4127693,0,0
3.41326915,0,1
3.41376935,0,0
3.4142693,0,1
3.4147695,0,0
3.4152694,0,1
3.4157696,0,0
3.4162695,0,1
3.4167697,0,0
3.4172696,0,1
3.41776975,0,0
3.4182697,0,1
3.41876985,0,0
3.41926975,0,1
3.4197699,0,0
3.4202698,0,1
3.42076995,0,0
3.42126985,0,1
3.42177005,0,0
3.42226995,0,1
3.4227701,0,0
3.42327005,0,1
3.4237702,0,0
3.4242702,0,1
3.42477035,0,0
3.4252703,0,1
3.42577045,0,0
3.4262704,0,1
3.4267706,0,0
3.42727055,0,1
3.4277708,0,0
3.42827075,0,1
3.4287709,0,0
3.4292709,0,1
3.4297711,0,0
3.430271,0,1
3.4307712,0,0
3.43127115,0,1
3.4317714,0,0
3.43227135,0,1
3.4327715,0,0
3.4332714,0,1
3.4337716,0,0
3.4342715,0,1
3.43477165,0,0
3.43527155,0,1
3.43577175,0,0
3.4362717,0,1
3.4367719,0,0
3.43727185,0,1
3.43777205,0,0
3.43827195,0,1
3.43877215,0,0
3.4392721,0,1
3.4397723,0,0
3.4402722,0,1
3.4407724,0,0
3.4412723,0,1
3.44177245,0,0
3.44227235,0,1
3.44277255,0,0
3.44327245,0,1
3.44377265,0,0
3.44427255,0,1
3.44477275,0,0
3.44527265,0,1
3.44577285,0,0
3.44627275,0,1
3.44677295,0,0
3.44727285,0,1
3.447773,0,0
3.4482729,0,1
3.4487731,0,0
3.44927305,0,1
3.4497732,0,0
3.45027315,0,1
3.45077335,0,0
3.4512733,0,1
3.4517735,0,0
3.45227345,0,1
3.45277365,0,0
3.45327355,0,1
3.4537737,0,0
3.45427365,0,1
3.4547738,0,0
3.45527375,0,1
3.45577385,0,0
3.45627375,0,1
3.4567739,0,0
3.4572738,0,1
3.45777395,0,0
3.45827385,0,1
3.458774,0,0
3.45927395,0,1
3.4597741,0,0
3.46027405,0,1
3.4607742,0,0
3.46127415,0,1
3.4617743,0,0
3.46227425,0,1
3.4627744,0,0
3.4632743,0,1
3.46377445,0,0
3.4642744,0,1
3.4647745,0,0
3.4652744,0,1
3.4657745,0,0
3.46627435,0,1
3.4667745,0,0
3.46727435,0,1
3.46777445,0,0
3.46827435,0,1
3.4687744,0,0
3.46927425,0,1
3.46977435,0,0
3.47027425,0,1
3.47077445,0,0
3.4712743,0,1
3.4717744,0,0
3.4722742,0,1
3.4727743,0,0
3.4732742,0,1
3.47377435,0,0
3.4742742,0,1
3.4747744,0,0
3.4752743,0,1
3.4757745,0,0
3.4762744,0,1
3.47677455,0,0
3.47727445,0,1
3.47777465,0,0
3.47827455,0,1
3.4787747,0,0
3.4792746,0,1
3.47977475,0,0
3.48027465,0,1
3.48077485,0,0
3.48127475,0,1
3.4817749,0,0
3.4822748,0,1
3.48277495,0,0
3.48327485,0,1
3.483775,0,0
3.4842749,0,1
3.4847751,0,0
3.48527495,0,1
3.4857751,0,0
3.48627495,0,1
3.48677505,0,0
3.48727495,0,1
3.4877751,0,0
3.48827495,0,1
3.4887751,0,0
3.489275,0,1
3.4897751,0,0
3.49027505,0,1
3.49077525,0,0
3.49127515,0,1
3.49177535,0,0
3.49227525,0,1
3.49277545,0,0
3.49327545,0,1
3.49377565,0,0
3.49427565,0,1
3.49477585,0,0
3.4952758,0,1
3.49577595,0,0
3.4962759,0,1
3.4967761,0,0
3.49727605,0,1
3.4977762,0,0
3.49827615,0,1
3.49877635,0,0
3.4992763,0,1
3.4997765,0,0
3.50027645,0,1
3.50077665,0,0
3.50127665,0,1
3.50177685,0,0
3.5022768,0,1
3.502777,0,0
3.50327685,0,1
3.503777,0,0
3.50427695,0,1
3.50477715,0,0
3.5052771,0,1
3.5057773,0,0
3.5062772,0,1
3.50677735,0,0
3.5072773,0,1
3.5077775,0,0
3.50827745,0,1
3.5087776,0,0
3.50927755,0,1
3.50977775,0,0
3.5102777,0,1
3.51077785,0,0
3.5112778,0,1
3.511778,0,0
3.51227795,0,1
3.5127782,0,0
3.51327815,0,1
3.51377835,0,0
3.5142783,0,1
3.51477845,0,0
3.5152784,0,1
3.51577855,0,0
3.5162785,0,1
3.51677865,0,0
3.51727855,0,1
3.5177787,0,0
3.51827865,0,1
3.5187788,0,0
3.5192787,0,1
3.51977885,0,0
3.52027875,0,1
3.52077895,0,0
3.5212789,0,1
3.52177905,0,0
3.52227895,0,1
3.5227791,0,0
3.523279,0,1
3.52377915,0,0
3.524279,0,1
3.5247792,0,0
3.5252791,0,1
3.5257792,0,0
3.52627905,0,1
3.5267792,0,0
3.527279,0,1
3.52777915,0,0
3.5282791,0,1
3.52877925,0,0
3.52927915,0,1
3.52977935,0,0
3.5302792,0,1
3.5307794,0,0
3.53127925,0,1
3.5317794,0,0
3.5322793,0,1
3.53277945,0,0
3.53327935,0,1
3.5337795,0,0
3.53427935,0,1
3.5347795,0,0
3.53527935,0,1
3.5357795,0,0
3.5362794,0,1
3.5367795,0,0
3.5372794,0,1
3.5377795,0,0
3.53827935,0,1
3.5387795,0,0
3.5392794,0,1
3.53977955,0,0
3.54027945,0,1
3.5407796,0,0
3.5412795,0,1
3.54177965,0,0
3.54227955,0,1
3.54277975,0,0
3.5432797,0,1
3.5437799,0,0
3.5442798,0,1
3.54477995,0,0
3.5452799,0,1
3.54578005,0,0
3.54627995,0,1
3.5467801,0,0
3.54728,0,1
3.54778015,0,0
3.54828005,0,1
3.54878015,0,0
3.54928005,0,1
3.5497802,0,0
3.5502801,0,1
3.5507803,0,0
3.5512802,0,1
3.5517804,0,0
3.5522803,0,1
3.5527804,0,0
3.5532803,0,1
3.55378045,0,0
3.5542804,0,1
3.5547805,0,0
3.5552804,0,1
3.55578055,0,0
3.55628045,0,1
3.5567806,0,0
3.5572805,0,1
3.55778065,0,0
3.5582806,0,1
3.55878075,0,0
3.55928065,0,1
3.5597808,0,0
3.5602807,0,1
3.56078085,0,0
3.5612807,0,1
3.5617808,0,0
3.5622807,0,1
3.56278085,0,0
3.5632807,0,1
3.5637809,0,0
3.5642808,0,1
3.564781,0,0
3.5652809,0,1
3.565781,0,0
3.5662809,0,1
3.566781,0,0
3.5672809,0,1
3.56778105,0,0
3.56828085,0,1
3.568781,0,0
3.56928085,0,1
3.56978095,0,0
3.57028085,0,1
3.57078095,0,0
3.57128085,0,1
3.57178095,0,0
3.57228075,0,1
3.5727809,0,0
3.57328075,0,1
3.57378085,0,0
3.57428065,0,1
3.57478075,0,0
3.5752807,0,1
3.5757808,0,0
3.5762807,0,1
3.57678085,0,0
3.57728075,0,1
3.5777809,0,0
3.5782808,0,1
3.578781,0,0
3.5792809,0,1
3.57978105,0,0
3.58028095,0,1
3.5807811,0,0
3.581281,0,1
3.58178115,0,0
3.58228105,0,1
3.58278125,0,0
3.58328115,0,1
3.58378135,0,0
3.58428125,0,1
3.58478145,0,0
3.5852814,0,1
3.5857816,0,0
3.5862815,0,1
3.5867817,0,0
3.58728165,0,1
3.58778185,0,0
3.58828175,0,1
3.5887819,0,0
3.5892818,0,1
3.5897819,0,0
3.5902818,0,1
3.59078195,0,0
3.5912819,0,1
3.59178205,0,0
3.592282,0,1
3.5927822,0,0
3.5932821,0,1
3.5937823,0,0
3.59428225,0,1
3.59478245,0,0
3.5952824,0,1
3.5957826,0,0
3.59628255,0,1
3.59678275,0,0
3.59728265,0,1
3.59778285,0,0
3.5982828,0,1
3.59878295,0,0
3.5992829,0,1
3.59978305,0,0
3.600283,0,1
3.60078315,0,0
3.601283,0,1
3.60178315,0,0
3.60228305,0,1
3.6027832,0,0
3.60328315,0,1
3.60378325,0,0
3.6042832,0,1
3.6047833,0,0
3.60528325,0,1
3.6057834,0,0
3.60628335,0,1
3.60678345,0,0
3.60728335,0,1
3.60778345,0,0
3.6082834,0,1
3.60878355,0,0
3.60928345,0,1
3.6097836,0,0
3.6102835,0,1
3.6107836,0,0
3.6112834,0,1
3.6117835,0,0
3.61228335,0,1
3.6127835,0,0
3.6132834,0,1
3.6137835,0,0
3.6142834,0,1
3.61478355,0,0
3.6152835,0,1
3.61578365,0,0
3.6162836,0,1
3.61678375,0,0
3.6172837,0,1
3.61778385,0,0
3.61828375,0,1
3.61878385,0,0
3.6192837,0,1
3.61978385,0,0
3.6202837,0,1
3.62078385,0,0
3.6212837,0,1
3.62178385,0,0
3.6222837,0,1
3.6227838,0,0
3.6232837,0,1
3.62378385,0,0
3.6242837,0,1
3.62478385,0,0
3.6252837,0,1
3.62578385,0,0
3.6262837,0,1
3.62678385,0,0
3.62728375,0,1
3.62778385,0,0
3.6282838,0,1
3.6287839,0,0
3.6292838,0,1
3.62978395,0,0
3.63028385,0,1
3.630784,0,0
3.63128385,0,1
3.631784,0,0
3.6322839,0,1
3.63278405,0,0
3.63328395,0,1
3.63378405,0,0
3.6342839,0,1
3.634784,0,0
3.6352838,0,1
3.63578385,0,0
3.63628365,0,1
3.63678375,0,0
3.63728355,0,1
3.6377837,0,0
3.6382835,0,1
3.63878365,0,0
3.6392835,0,1
3.63978365,0,0
3.64028355,0,1
3.6407836,0,0
3.6412835,0,1
3.6417836,0,0
3.64228345,0,1
3.6427836,0,0
3.64328345,0,1
3.6437836,0,0
3.64428345,0,1
3.6447836,0,0
3.6452834,0,1
3.64578355,0,0
3.6462834,0,1
3.6467835,0,0
3.64728335,0,1
3.6477834,0,0
3.6482832,0,1
3.6487833,0,0
3.64928315,0,1
3.6497833,0,0
3.65028315,0,1
3.6507833,0,0
3.6512831,0,1
3.65178315,0,0
3.652283,0,1
3.6527831,0,0
3.6532829,0,1
3.65378295,0,0
3.65428275,0,1
3.65478285,0,0
3.6552827,0,1
3.6557828,0,0
3.65628265,0,1
3.65678275,0,0
3.65728255,0,1
3.6577827,0,0
3.65828255,0,1
3.65878265,0,0
3.65928245,0,1
3.6597825,0,0
3.6602823,0,1
3.66078235,0,0
3.66128215,0,1
3.66178225,0,0
3.66228205,0,1
3.6627821,0,0
3.66328195,0,1
3.66378205,0,0
3.66428185,0,1
3.6647819,0,0
3.6652817,0,1
3.66578175,0,0
3.66628155,0,1
3.6667816,0,0
3.6672814,0,1
3.66778145,0,0
3.6682813,0,1
3.66878135,0,0
3.6692812,0,1
3.66978125,0,0
3.6702811,0,1
3.67078115,0,0
3.67128095,0,1
3.671781,0,0
3.67228085,0,1
3.6727809,0,0
3.6732807,0,1
3.67378075,0,0
3.6742806,0,1
3.6747807,0,0
3.6752805,0,1
3.6757805,0,0
3.67628035,0,1
3.67678045,0,0
3.67728035,0,1
3.67778045,0,0
3.6782803,0,1
3.6787804,0,0
3.6792802,0,1
3.6797803,0,0
3.68028015,0,1
3.6807803,0,0
3.68128015,0,1
3.6817802,0,0
3.68228005,0,1
3.6827801,0,0
3.68327995,0,1
3.68377995,0,0
3.68427985,0,1
3.6847799,0,0
3.68527975,0,1
3.68577985,0,0
3.68627965,0,1
3.68677975,0,0
3.6872796,0,1
3.6877797,0,0
3.6882796,0,1
3.68877975,0,0
3.68927965,0,1
3.6897798,0,0
3.69027965,0,1
3.69077975,0,0
3.69127965,0,1
3.69177975,0,0
3.69227965,0,1
3.69277975,0,0
3.6932796,0,1
3.6937797,0,0
3.6942796,0,1
3.69477975,0,0
3.6952796,0,1
3.69577975,0,0
3.69627955,0,1
3.6967797,0,0
3.69727955,0,1
3.6977797,0,0
3.6982796,0,1
3.6987797,0,0
3.69927955,0,1
3.6997797,0,0
3.7002796,0,1
3.70077965,0,0
3.70127955,0,1
3.7017797,0,0
3.7022796,0,1
3.70277975,0,0
3.70327965,0,1
3.7037798,0,0
3.7042797,0,1
3.70477985,0,0
3.7052797,0,1
3.7057798,0,0
3.70627965,0,1
3.70677985,0,0
3.70727975,0,1
3.70777985,0,0
3.7082797,0,1
3.70877985,0,0
3.70927975,0,1
3.7097798,0,0
3.7102796,0,1
3.71077965,0,0
3.71127955,0,1
3.71177965,0,0
3.71227955,0,1
3.71277965,0,0
3.7132795,0,1
3.71377965,0,0
3.71427955,0,1
3.71477975,0,0
3.71527965,0,1
3.71577975,0,0
3.7162796,0,1
3.71677965,0,0
3.71727945,0,1
3.7177796,0,0
3.71827945,0,1
3.71877955,0,0
3.71927945,0,1
3.71977955,0,0
3.72027945,0,1
3.7207795,0,0
3.7212794,0,1
3.72177955,0,0
3.72227945,0,1
3.72277955,0,0
3.72327945,0,1
3.7237796,0,0
3.7242794,0,1
3.72477955,0,0
3.7252794,0,1
3.7257795,0,0
3.72627935,0,1
3.7267795,0,0
3.72727935,0,1
3.72777945,0,0
3.7282793,0,1
3.7287794,0,0
3.7292793,0,1
3.7297794,0,0
3.7302793,0,1
3.7307794,0,0
3.73127925,0,1
3.73177935,0,0
3.73227925,0,1
3.7327794,0,0
3.73327925,0,1
3.73377935,0,0
3.7342792,0,1
3.73477935,0,0
3.7352792,0,1
3.73577935,0,0
3.73627925,0,1
3.73677935,0,0
3.73727925,0,1
3.73777935,0,0
3.7382792,0,1
3.7387793,0,0
3.73927915,0,1
3.7397793,0,0
3.7402791,0,1
3.7407792,0,0
3.74127905,0,1
3.7417791,0,0
3.74227895,0,1
3.74277905,0,0
3.7432789,0,1
3.74377895,0,0
3.7442787,0,1
3.74477875,0,0
3.7452785,0,1
3.7457786,0,0
3.74627845,0,1
3.7467785,0,0
3.74727835,0,1
3.7477784,0,0
3.7482782,0,1
3.7487783,0,0
3.74927805,0,1
3.7497781,0,0
3.7502779,0,1
3.75077795,0,0
3.75127775,0,1
3.7517778,0,0
3.7522776,0,1
3.7527777,0,0
3.7532775,0,1
3.7537776,0,0
3.75427745,0,1
3.75477755,0,0
3.75527735,0,1
3.75577745,0,0
3.75627725,0,1
3.7567773,0,0
3.7572771,0,1
3.7577772,0,0
3.75827705,0,1
3.75877715,0,0
3.759277,0,1
3.75977715,0,0
3.76027695,0,1
3.7607771,0,0
3.76127695,0,1
3.761777,0,0
3.76227685,0,1
3.7627769,0,0
3.7632767,0,1
3.7637768,0,0
3.76427665,0,1
3.7647767,0,0
3.76527655,0,1
3.7657766,0,0
3.76627645,0,1
3.7667765,0,0
3.76727635,0,1
3.76777645,0,0
3.7682763,0,1
3.76877635,0,0
3.76927615,0,1
3.76977625,0,0
3.77027605,0,1
3.77077615,0,0
3.77127595,0,1
3.77177605,0,0
3.7722759,0,1
3.77277605,0,0
3.7732759,0,1
3.77377595,0,0
3.7742758,0,1
3.7747759,0,0
3.77527575,0,1
3.7757758,0,0
3.77627565,0,1
3.7767757,0,0
3.7772756,0,1
3.77777565,0,0
3.7782755,0,1
3.77877555,0,0
3.77927535,0,1
3.7797754,0,0
3.7802752,0,1
3.78077525,0,0
3.7812751,0,1
3.78177515,0,0
3.782275,0,1
3.78277505,0,0
3.78327485,0,1
3.7837749,0,0
3.78427475,0,1
3.7847748,0,0
3.78527465,0,1
3.78577475,0,0
3.78627465,0,1
3.78677475,0,0
3.7872746,0,1
3.7877747,0,0
3.78827455,0,1
3.78877465,0,0
3.7892745,0,1
3.78977455,0,0
3.7902744,0,1
3.79077445,0,0
3.79127435,0,1
3.79177445,0,0
3.7922743,0,1
3.79277445,0,0
3.7932743,0,1
3.7937744,0,0
3.79427425,0,1
3.7947744,0,0
3.79527425,0,1
3.79577445,0,0
3.79627435,0,1
3.7967745,0,0
3.79727445,0,1
3.79777465,0,0
3.7982746,0,1
3.79877475,0,0
3.7992746,0,1
3.7997747,0,0
3.80027455,0,1
3.80077465,0,0
3.80127455,0,1
3.80177465,0,0
3.8022745,0,1
3.80277465,0,0
3.80327455,0,1
3.8037747,0,0
3.80427455,0,1
3.8047747,0,0
3.8052746,0,1
3.80577475,0,0
3.8062746,0,1
3.80677475,0,0
3.8072746,0,1
3.8077747,0,0
3.80827455,0,1
3.80877465,0,0
3.80927455,0,1
3.80977465,0,0
3.8102745,0,1
3.81077465,0,0
3.8112745,0,1
3.81177465,0,0
3.8122745,0,1
3.8127746,0,0
3.81327445,0,1
3.8137746,0,0
3.81427445,0,1
3.8147746,0,0
3.81527445,0,1
3.81577455,0,0
3.81627445,0,1
3.8167746,0,0
3.81727445,0,1
3.8177745,0,0
3.8182744,0,1
3.8187745,0,0
3.81927435,0,1
3.8197745,0,0
3.82027445,0,1
3.8207746,0,0
3.82127445,0,1
3.82177455,0,0
3.82227445,0,1
3.8227746,0,0
3.8232745,0,1
3.8237746,0,0
3.8242745,0,1
3.82477465,0,0
3.82527455,0,1
3.8257747,0,0
3.82627455,0,1
3.8267747,0,0
3.82727455,0,1
3.82777465,0,0
3.82827455,0,1
3.8287747,0,0
3.82927455,0,1
3.82977475,0,0
3.83027465,0,1
3.83077485,0,0
3.8312747,0,1
3.8317748,0,0
3.83227465,0,1
3.83277475,0,0
3.8332746,0,1
3.83377475,0,0
3.8342746,0,1
3.83477465,0,0
3.8352745,0,1
3.8357746,0,0
3.83627445,0,1
3.83677455,0,0
3.83727445,0,1
3.83777455,0,0
3.8382744,0,1
3.8387745,0,0
3.83927435,0,1
3.83977445,0,0
3.84027435,0,1
3.84077445,0,0
3.8412743,0,1
3.8417744,0,0
3.8422743,0,1
3.84277435,0,0
3.8432742,0,1
3.8437743,0,0
3.84427415,0,1
3.8447743,0,0
3.8452742,0,1
3.84577435,0,0
3.84627425,0,1
3.8467744,0,0
3.8472743,0,1
3.84777445,0,0
3.84827435,0,1
3.84877445,0,0
3.8492743,0,1
3.84977445,0,0
3.8502743,0,1
3.85077445,0,0
3.8512743,0,1
3.85177435,0,0
3.8522742,0,1
3.8527743,0,0
3.85327415,0,1
3.85377425,0,0
3.8542741,0,1
3.85477425,0,0
3.8552741,0,1
3.85577415,0,0
3.856274,0,1
3.8567741,0,0
3.85727395,0,1
3.8577741,0,0
3.85827395,0,1
3.85877405,0,0
3.8592739,0,1
3.859774,0,0
3.8602739,0,1
3.860774,0,0
3.86127385,0,1
3.86177395,0,0
3.8622738,0,1
3.86277395,0,0
3.8632738,0,1
3.86377395,0,0
3.86427385,0,1
3.86477395,0,0
3.86527385,0,1
3.865774,0,0
3.86627385,0,1
3.866774,0,0
3.86727395,0,1
3.86777415,0,0
3.86827405,0,1
3.86877425,0,0
3.86927415,0,1
3.8697743,0,0
3.87027425,0,1
3.8707744,0,0
3.8712743,0,1
3.8717744,0,0
3.8722743,0,1
3.87277445,0,0
3.87327435,0,1
3.8737745,0,0
3.87427435,0,1
3.87477455,0,0
3.8752744,0,1
3.87577455,0,0
3.87627445,0,1
3.87677455,0,0
3.87727445,0,1
3.8777746,0,0
3.87827445,0,1
3.87877455,0,0
3.8792744,0,1
3.87977455,0,0
3.8802744,0,1
3.8807745,0,0
3.88127435,0,1
3.88177445,0,0
3.8822743,0,1
3.88277445,0,0
3.8832743,0,1
3.8837744,0,0
3.8842743,0,1
3.88477445,0,0
3.88527435,0,1
3.8857745,0,0
3.8862744,0,1
3.8867745,0,0
3.8872744,0,1
3.88777455,0,0
3.88827445,0,1
3.8887746,0,0
3.88927445,0,1
3.88977455,0,0
3.89027445,0,1
3.8907746,0,0
3.8912745,0,1
3.8917746,0,0
3.89227445,0,1
3.89277455,0,0
3.89327445,0,1
3.89377455,0,0
3.8942744,0,1
3.89477455,0,0
3.89527445,0,1
3.8957746,0,0
3.89627445,0,1
3.8967746,0,0
3.8972744,0,1
3.8977745,0,0
3.8982744,0,1
3.8987745,0,0
3.8992744,0,1
3.8997745,0,0
3.9002744,0,1
3.9007745,0,0
3.9012744,0,1
3.90177455,0,0
3.9022744,0,1
3.9027745,0,0
3.90327435,0,1
3.9037745,0,0
3.90427435,0,1
3.90477445,0,0
3.9052743,0,1
3.90577445,0,0
3.9062743,0,1
3.90677445,0,0
3.9072743,0,1
3.9077744,0,0
3.9082743,0,1
3.9087744,0,0
3.9092743,0,1
3.90977445,0,0
3.91027435,0,1
3.9107745,0,0
3.9112744,0,1
3.91177455,0,0
3.9122744,0,1
3.91277455,0,0
3.9132744,0,1
3.9137745,0,0
3.9142744,0,1
3.9147745,0,0
3.91527435,0,1
3.91577445,0,0
3.9162743,0,1
3.91677445,0,0
3.91727435,0,1
3.91777445,0,0
3.9182743,0,1
3.9187744,0,0
3.91927425,0,1
3.91977435,0,0
3.92027415,0,1
3.92077415,0,0
3.92127395,0,1
3.92177405,0,0
3.92227395,0,1
3.922774,0,0
3.92327385,0,1
3.9237739,0,0
3.9242737,0,1
3.9247738,0,0
3.92527365,0,1
3.9257737,0,0
3.9262735,0,1
3.9267736,0,0
3.92727345,0,1
3.92777355,0,0
3.9282734,0,1
3.9287735,0,0
3.92927335,0,1
3.9297735,0,0
3.93027335,0,1
3.9307735,0,0
3.9312734,0,1
3.9317735,0,0
3.9322734,0,1
3.9327735,0,0
3.93327335,0,1
3.9337735,0,0
3.9342734,0,1
3.9347735,0,0
3.93527335,0,1
3.93577345,0,0
3.9362733,0,1
3.93677345,0,0
3.9372733,0,1
3.9377734,0,0
3.9382733,0,1
3.9387734,0,0
3.9392733,0,1
3.9397734,0,0
3.94027325,0,1
3.9407733,0,0
3.94127315,0,1
3.94177325,0,0
3.9422731,0,1
3.9427732,0,0
3.94327305,0,1
3.94377315,0,0
3.944273,0,1
3.9447731,0,0
3.94527295,0,1
3.9457731,0,0
3.94627295,0,1
3.94677305,0,0
3.9472729,0,1
3.94777305,0,0
3.948273,0,1
3.94877315,0,0
3.94927305,0,1
3.9497732,0,0
3.9502731,0,1
3.9507732,0,0
3.9512731,0,1
3.9517732,0,0
3.95227315,0,1
3.95277325,0,0
3.9532731,0,1
3.9537732,0,0
3.95427305,0,1
3.9547731,0,0
3.955273,0,1
3.95577305,0,0
3.9562729,0,1
3.956773,0,0
3.95727285,0,1
3.95777295,0,0
3.9582728,0,1
3.9587729,0,0
3.9592728,0,1
3.9597729,0,0
3.96027275,0,1
3.9607728,0,0
3.96127265,0,1
3.9617728,0,0
3.96227265,0,1
3.96277275,0,0
3.96327265,0,1
3.96377275,0,0
3.9642726,0,1
3.9647727,0,0
3.96527255,0,1
3.9657726,0,0
3.96627245,0,1
3.9667726,0,0
3.96727245,0,1
3.9677725,0,0
3.96827235,0,1
3.96877245,0,0
3.96927225,0,1
3.96977225,0,0
3.9702721,0,1
3.9707722,0,0
3.97127215,0,1
3.97177225,0,0
3.97227215,0,1
3.97277225,0,0
3.9732721,0,1
3.9737722,0,0
3.97427205,0,1
3.97477215,0,0
3.975272,0,1
3.97577205,0,0
3.97627185,0,1
3.97677195,0,0
3.9772718,0,1
3.9777719,0,0
3.97827175,0,1
3.9787719,0,0
3.9792718,0,1
3.9797719,0,0
3.9802718,0,1
3.9807719,0,0
3.98127175,0,1
3.9817719,0,0
3.9822718,0,1
3.98277195,0,0
3.98327185,0,1
3.98377205,0,0
3.984272,0,1
3.98477215,0,0
3.9852721,0,1
3.98577225,0,0
3.9862722,0,1
3.98677235,0,0
3.98727225,0,1
3.9877724,0,0
3.98827225,0,1
3.98877235,0,0
3.9892722,0,1
3.98977225,0,0
3.99027205,0,1
3.9907721,0,0
3.99127195,0,1
3.99177205,0,0
3.9922719,0,1
3.99277205,0,0
3.9932719,0,1
3.993772,0,0
3.99427185,0,1
3.99477195,0,0
3.9952718,0,1
3.99577195,0,0
3.9962718,0,1
3.9967719,0,0
3.99727175,0,1
3.99777185,0,0
3.9982717,0,1
3.99877175,0,0
3.9992716,0,1
3.9997717,0,0
4.00027155,0,1
4.0007717,0,0
4.00127155,0,1
4.00177165,0,0
4.0022715,0,1
4.00277165,0,0
4.0032715,0,1
4.0037716,0,0
4.0042715,0,1
4.0047716,0,0
4.00527145,0,1
4.0057716,0,0
4.0062715,0,1
4.0067716,0,0
4.00727155,0,1
4.00777175,0,0
4.00827165,0,1
4.0087718,0,0
4.0092717,0,1
4.00977185,0,0
4.01027175,0,1
4.0107719,0,0
4.0112718,0,1
4.01177195,0,0
4.0122719,0,1
4.012772,0,0
4.0132719,0,1
4.01377205,0,0
4.0142719,0,1
4.01477205,0,0
4.0152719,0,1
4.015772,0,0
4.01627185,0,1
4.01677195,0,0
4.01727175,0,1
4.01777185,0,0
4.01827165,0,1
4.01877175,0,0
4.0192716,0,1
4.0197717,0,0
4.0202715,0,1
4.0207716,0,0
4.0212714,0,1
4.0217715,0,0
4.0222713,0,1
4.0227714,0,0
4.0232712,0,1
4.0237713,0,0
4.02427115,0,1
4.02477125,0,0
4.0252711,0,1
4.0257712,0,0
4.0262711,0,1
4.0267712,0,0
4.02727105,0,1
4.02777125,0,0
4.02827115,0,1
4.0287712,0,0
4.02927105,0,1
4.0297711,0,0
4.0302709,0,1
4.030771,0,0
4.03127085,0,1
4.0317709,0,0
4.0322707,0,1
4.0327708,0,0
4.03327065,0,1
4.03377075,0,0
4.0342706,0,1
4.03477065,0,0
4.03527045,0,1
4.03577055,0,0
4.03627035,0,1
4.03677045,0,0
4.0372703,0,1
4.03777035,0,0
4.0382702,0,1
4.0387703,0,0
4.0392701,0,1
4.0397702,0,0
4.04027,0,1
4.04077005,0,0
4.0412699,0,1
4.04176995,0,0
4.04226985,0,1
4.04276995,0,0
4.0432698,0,1
4.0437699,0,0
4.0442698,0,1
4.04476985,0,0
4.04526965,0,1
4.0457698,0,0
4.0462696,0,1
4.0467697,0,0
4.0472695,0,1
4.0477696,0,0
4.04826945,0,1
4.0487696,0,0
4.0492695,0,1
4.0497696,0,0
4.0502694,0,1
4.0507695,0,0
4.0512694,0,1
4.0517695,0,0
4.05226935,0,1
4.05276945,0,0
4.0532693,0,1
4.0537694,0,0
4.05426925,0,1
4.05476935,0,0
4.0552692,0,1
4.0557693,0,0
4.0562691,0,1
4.0567692,0,0
4.05726905,0,1
4.0577691,0,0
4.0582689,0,1
4.05876895,0,0
4.05926875,0,1
4.0597688,0,0
4.06026865,0,1
4.0607688,0,0
4.0612687,0,1
4.0617688,0,0
4.0622686,0,1
4.06276875,0,0
4.06326855,0,1
4.06376865,0,0
4.0642685,0,1
4.0647686,0,0
4.0652685,0,1
4.06576855,0,0
4.0662684,0,1
4.06676855,0,0
4.06726845,0,1
4.06776855,0,0
4.0682684,0,1
4.0687685,0,0
4.06926835,0,1
4.0697685,0,0
4.07026835,0,1
4.0707685,0,0
4.07126835,0,1
4.07176845,0,0
4.07226835,0,1
4.0727685,0,0
4.07326835,0,1
4.0737685,0,0
4.07426845,0,1
4.07476855,0,0
4.0752684,0,1
4.0757685,0,0
4.07626835,0,1
4.07676845,0,0
4.0772683,0,1
4.0777684,0,0
4.0782682,0,1
4.0787682,0,0
4.07926805,0,1
4.0797682,0,0
4.0802681,0,1
4.08076825,0,0
4.0812681,0,1
4.08176825,0,0
4.0822681,0,1
4.08276825,0,0
4.0832681,0,1
4.0837682,0,0
4.08426805,0,1
4.0847682,0,0
4.08526805,0,1
4.0857682,0,0
4.08626805,0,1
4.0867682,0,0
4.087268,0,1
4.08776805,0,0
4.08826785,0,1
4.08876785,0,0
4.08926765,0,1
4.08976775,0,0
4.0902676,0,1
4.0907677,0,0
4.09126755,0,1
4.0917676,0,0
4.0922674,0,1
4.0927675,0,0
4.0932673,0,1
4.09376745,0,0
4.0942673,0,1
4.09476735,0,0
4.09526715,0,1
4.0957672,0,0
4.09626705,0,1
4.09676715,0,0
4.097267,0,1
4.0977671,0,0
4.0982669,0,1
4.098767,0,0
4.09926685,0,1
4.09976695,0,0
4.10026675,0,1
4.10076685,0,0
4.1012667,0,1
4.1017668,0,0
4.1022667,0,1
4.10276685,0,0
4.10326675,0,1
4.10376685,0,0
4.10426675,0,1
4.1047669,0,0
4.10526685,0,1
4.105767,0,0
4.1062669,0,1
4.10676705,0,0
4.10726695,0,1
4.1077671,0,0
4.10826705,0,1
4.1087672,0,0
4.1092671,0,1
4.10976725,0,0
4.11026715,0,1
4.1107673,0,0
4.1112672,0,1
4.1117674,0,0
4.1122673,0,1
4.11276745,0,0
4.1132673,0,1
4.11376745,0,0
4.1142673,0,1
4.1147674,0,0
4.11526725,0,1
4.1157674,0,0
4.1162673,0,1
4.11676745,0,0
4.11726735,0,1
4.1177675,0,0
4.11826735,0,1
4.1187675,0,0
4.11926735,0,1
4.1197675,0,0
4.12026735,0,1
4.1207675,0,0
4.1212674,0,1
4.1217675,0,0
4.12226735,0,1
4.1227675,0,0
4.12326735,0,1
4.1237675,0,0
4.1242674,0,1
4.12476755,0,0
4.12526745,0,1
4.12576755,0,0
4.1262674,0,1
4.1267676,0,0
4.12726745,0,1
4.1277676,0,0
4.1282675,0,1
4.1287677,0,0
4.1292676,0,1
4.12976775,0,0
4.13026765,0,1
4.13076775,0,0
4.1312676,0,1
4.13176775,0,0
4.13226765,0,1
4.1327677,0,0
4.1332676,0,1
4.1337677,0,0
4.13426755,0,1
4.1347677,0,0
4.1352676,0,1
4.1357678,0,0
4.13626765,0,1
4.1367677,0,0
4.1372676,0,1
4.13776765,0,0
4.13826745,0,1
4.13876755,0,0
4.13926745,0,1
4.13976755,0,0
4.14026735,0,1
4.1407675,0,0
4.14126735,0,1
4.14176745,0,0
4.14226725,0,1
4.1427674,0,0
4.1432673,0,1
4.1437674,0,0
4.14426725,0,1
4.14476735,0,0
4.1452672,0,1
4.14576725,0,0
4.1462671,0,1
4.1467672,0,0
4.147267,0,1
4.1477671,0,0
4.14826695,0,1
4.14876705,0,0
4.1492669,0,1
4.149767,0,0
4.15026685,0,1
4.150767,0,0
4.1512668,0,1
4.15176695,0,0
4.15226685,0,1
4.15276695,0,0
4.1532669,0,1
4.15376695,0,0
4.1542668,0,1
4.1547669,0,0
4.1552668,0,1
4.15576695,0,0
4.15626685,0,1
4.156767,0,0
4.1572669,0,1
4.15776705,0,0
4.15826695,0,1
4.158767,0,0
4.1592669,0,1
4.15976705,0,0
4.16026695,0,1
4.1607671,0,0
4.161267,0,1
4.1617671,0,0
4.1622669,0,1
4.16276705,0,0
4.1632669,0,1
4.16376705,0,0
4.1642669,0,1
4.16476705,0,0
4.165267,0,1
4.1657671,0,0
4.166267,0,1
4.1667671,0,0
4.16726695,0,1
4.1677671,0,0
4.16826705,0,1
4.1687672,0,0
4.1692671,0,1
4.1697672,0,0
4.1702671,0,1
4.1707672,0,0
4.17126705,0,1
4.17176715,0,0
4.172267,0,1
4.17276715,0,0
4.173267,0,1
4.17376715,0,0
4.1742671,0,1
4.1747672,0,0
4.1752671,0,1
4.17576725,0,0
4.1762671,0,1
4.1767672,0,0
4.1772671,0,1
4.1777672,0,0
4.1782671,0,1
4.1787672,0,0
4.1792671,0,1
4.17976725,0,0
4.1802672,0,1
4.18076735,0,0
4.18126725,0,1
4.1817674,0,0
4.18226725,0,1
4.18276735,0,0
4.1832672,0,1
4.18376735,0,0
4.18426725,0,1
4.1847674,0,0
4.18526725,0,1
4.18576735,0,0
4.18626725,0,1
4.18676735,0,0
4.1872672,0,1
4.18776735,0,0
4.1882672,0,1
4.1887673,0,0
4.18926715,0,1
4.18976725,0,0
4.19026715,0,1
4.1907673,0,0
4.1912672,0,1
4.19176735,0,0
4.19226725,0,1
4.1927674,0,0
4.19326725,0,1
4.19376745,0,0
4.1942674,0,1
4.1947676,0,0
4.1952675,0,1
4.1957677,0,0
4.19626765,0,1
4.1967678,0,0
4.19726775,0,1
4.19776795,0,0
4.19826785,0,1
4.198768,0,0
4.19926795,0,1
4.19976815,0,0
4.20026805,0,1
4.20076825,0,0
4.20126815,0,1
4.2017683,0,0
4.2022682,0,1
4.20276835,0,0
4.20326825,0,1
4.2037684,0,0
4.20426835,0,1
4.20476845,0,0
4.20526835,0,1
4.2057685,0,0
4.2062684,0,1
4.20676855,0,0
4.20726845,0,1
4.2077686,0,0
4.20826845,0,1
4.2087686,0,0
4.2092685,0,1
4.2097686,0,0
4.21026845,0,1
4.2107686,0,0
4.2112685,0,1
4.2117686,0,0
4.2122685,0,1
4.2127686,0,0
4.21326845,0,1
4.2137686,0,0
4.2142684,0,1
4.2147685,0,0
4.2152684,0,1
4.21576855,0,0
4.21626845,0,1
4.21676855,0,0
4.21726845,0,1
4.21776855,0,0
4.2182684,0,1
4.21876855,0,0
4.21926845,0,1
4.2197686,0,0
4.22026845,0,1
4.2207686,0,0
4.2212685,0,1
4.2217686,0,0
4.2222685,0,1
4.22276865,0,0
4.2232685,0,1
4.2237686,0,0
4.22426845,0,1
4.2247686,0,0
4.22526845,0,1
4.2257686,0,0
4.22626845,0,1
4.2267686,0,0
4.2272685,0,1
4.2277686,0,0
4.2282685,0,1
4.22876865,0,0
4.2292685,0,1
4.2297686,0,0
4.2302685,0,1
4.23076865,0,0
4.2312685,0,1
4.2317686,0,0
4.23226845,0,1
4.2327686,0,0
4.2332685,0,1
4.23376865,0,0
4.23426845,0,1
4.23476855,0,0
4.2352684,0,1
4.23576855,0,0
4.23626845,0,1
4.2367686,0,0
4.23726845,0,1
4.2377686,0,0
4.23826845,0,1
4.23876855,0,0
4.2392684,0,1
4.2397685,0,0
4.24026835,0,1
4.2407685,0,0
4.2412684,0,1
4.2417685,0,0
4.24226835,0,1
4.2427685,0,0
4.24326835,0,1
4.24376845,0,0
4.2442683,0,1
4.24476835,0,0
4.2452682,0,1
4.24576825,0,0
4.2462681,0,1
4.24676815,0,0
4.247268,0,1
4.24776815,0,0
4.248268,0,1
4.24876815,0,0
4.249268,0,1
4.2497681,0,0
4.250268,0,1
4.25076815,0,0
4.25126805,0,1
4.25176815,0,0
4.252268,0,1
4.25276815,0,0
4.253268,0,1
4.25376815,0,0
4.25426805,0,1
4.2547682,0,0
4.25526815,0,1
4.25576825,0,0
4.25626815,0,1
4.25676825,0,0
4.2572681,0,1
4.25776825,0,0
4.25826815,0,1
4.25876825,0,0
4.25926815,0,1
4.2597683,0,0
4.2602682,0,1
4.26076835,0,0
4.26126825,0,1
4.2617684,0,0
4.2622683,0,1
4.26276845,0,0
4.2632683,0,1
4.2637684,0,0
4.2642683,0,1
4.2647684,0,0
4.2652683,0,1
4.26576845,0,0
4.26626835,0,1
4.2667685,0,0
4.26726835,0,1
4.2677685,0,0
4.2682684,0,1
4.2687685,0,0
4.2692683,0,1
4.2697684,0,0
4.2702682,0,1
4.2707683,0,0
4.2712682,0,1
4.2717683,0,0
4.2722681,0,1
4.2727682,0,0
4.273268,0,1
4.2737681,0,0
4.27426795,0,1
4.27476805,0,0
4.27526785,0,1
4.27576795,0,0
4.2762678,0,1
4.2767679,0,0
4.27726775,0,1
4.27776785,0,0
4.27826775,0,1
4.2787679,0,0
4.2792678,0,1
4.27976795,0,0
4.2802679,0,1
4.28076805,0,0
4.28126795,0,1
4.2817681,0,0
4.28226795,0,1
4.2827681,0,0
4.2832679,0,1
4.28376795,0,0
4.28426775,0,1
4.28476785,0,0
4.28526775,0,1
4.2857679,0,0
4.28626785,0,1
4.28676805,0,0
4.28726795,0,1
4.2877681,0,0
4.28826795,0,1
4.2887681,0,0
4.289268,0,1
4.2897681,0,0
4.29026795,0,1
4.2907681,0,0
4.291268,0,1
4.2917681,0,0
4.292268,0,1
4.29276815,0,0
4.29326795,0,1
4.2937681,0,0
4.294268,0,1
4.2947681,0,0
4.29526795,0,1
4.29576805,0,0
4.29626795,0,1
4.29676805,0,0
4.29726785,0,1
4.29776795,0,0
4.29826775,0,1
4.2987678,0,0
4.2992676,0,1
4.2997677,0,0
4.30026755,0,1
4.30076765,0,0
4.3012675,0,1
4.30176755,0,0
4.3022674,0,1
4.3027675,0,0
4.30326735,0,1
4.3037675,0,0
4.3042673,0,1
4.30476745,0,0
4.3052673,0,1
4.30576745,0,0
4.3062673,0,1
4.30676745,0,0
4.30726725,0,1
4.30776735,0,0
4.30826715,0,1
4.3087672,0,0
4.30926705,0,1
4.30976715,0,0
4.31026695,0,1
4.3107671,0,0
4.31126695,0,1
4.31176715,0,0
4.31226705,0,1
4.31276715,0,0
4.31326695,0,1
4.313767,0,0
4.31426685,0,1
4.31476695,0,0
4.31526685,0,1
4.31576695,0,0
4.3162668,0,1
4.31676695,0,0
4.31726685,0,1
4.317767,0,0
4.31826685,0,1
4.318767,0,0
4.31926685,0,1
4.319767,0,0
4.3202669,0,1
4.32076705,0,0
4.32126695,0,1
4.3217671,0,0
4.322267,0,1
4.3227671,0,0
4.323267,0,1
4.32376715,0,0
4.32426705,0,1
4.3247672,0,0
4.3252671,0,1
4.32576725,0,0
4.3262672,0,1
4.3267673,0,0
4.32726725,0,1
4.3277674,0,0
4.32826725,0,1
4.32876735,0,0
4.3292672,0,1
4.32976725,0,0
4.33026715,0,1
4.33076725,0,0
4.33126715,0,1
4.3317672,0,0
4.33226705,0,1
4.3327672,0,0
4.33326705,0,1
4.33376715,0,0
4.33426705,0,1
4.33476715,0,0
4.335267,0,1
4.33576715,0,0
4.33626705,0,1
4.33676715,0,0
4.337267,0,1
4.3377671,0,0
4.338267,0,1
4.3387671,0,0
4.339267,0,1
4.33976715,0,0
4.34026705,0,1
4.3407672,0,0
4.34126705,0,1
4.3417672,0,0
4.3422671,0,1
4.34276725,0,0
4.34326715,0,1
4.3437673,0,0
4.3442672,0,1
4.3447673,0,0
4.3452672,0,1
4.3457673,0,0
4.34626715,0,1
4.34676725,0,0
4.34726715,0,1
4.34776725,0,0
4.3482671,0,1
4.3487672,0,0
4.34926705,0,1
4.34976715,0,0
4.35026705,0,1
4.35076715,0,0
4.35126695,0,1
4.35176705,0,0
4.3522669,0,1
4.352767,0,0
4.3532669,0,1
4.35376695,0,0
4.3542668,0,1
4.35476695,0,0
4.3552668,0,1
4.3557669,0,0
4.3562668,0,1
4.35676685,0,0
4.3572667,0,1
4.3577668,0,0
4.35826665,0,1
4.3587667,0,0
4.35926655,0,1
4.35976665,0,0
4.36026645,0,1
4.36076655,0,0
4.36126635,0,1
4.3617664,0,0
4.36226625,0,1
4.3627663,0,0
4.36326615,0,1
4.36376625,0,0
4.3642661,0,1
4.36476615,0,0
4.365266,0,1
4.3657661,0,0
4.36626595,0,1
4.3667661,0,0
4.36726595,0,1
4.3677661,0,0
4.36826595,0,1
4.3687661,0,0
4.36926595,0,1
4.36976605,0,0
4.37026585,0,1
4.370766,0,0
4.3712659,0,1
4.3717661,0,0
4.372266,0,1
4.3727661,0,0
4.37326595,0,1
4.3737661,0,0
4.374266,0,1
4.37476615,0,0
4.37526605,0,1
4.3757662,0,0
4.3762662,0,1
4.37676635,0,0
4.3772663,0,1
4.37776645,0,0
4.3782663,0,1
4.37876645,0,0
4.3792663,0,1
4.3797664,0,0
4.38026625,0,1
4.3807664,0,0
4.3812663,0,1
4.38176645,0,0
4.38226635,0,1
4.3827665,0,0
4.3832663,0,1
4.3837664,0,0
4.3842663,0,1
4.38476645,0,0
4.38526635,0,1
4.38576645,0,0
4.3862663,0,1
4.38676645,0,0
4.38726635,0,1
4.38776645,0,0
4.3882663,0,1
4.38876645,0,0
4.3892663,0,1
4.3897665,0,0
4.3902664,0,1
4.39076655,0,0
4.39126645,0,1
4.3917666,0,0
4.39226645,0,1
4.39276655,0,0
4.39326645,0,1
4.3937666,0,0
4.3942665,0,1
4.39476665,0,0
4.39526655,0,1
4.3957667,0,0
4.39626655,0,1
4.3967667,0,0
4.39726655,0,1
4.3977667,0,0
4.39826655,0,1
4.39876665,0,0
4.3992665,0,1
4.39976665,0,0
4.40026655,0,1
4.4007667,0,0
4.40126655,0,1
4.40176665,0,0
4.4022665,0,1
4.4027666,0,0
4.40326645,0,1
4.40376655,0,0
4.4042664,0,1
4.4047665,0,0
4.4052664,0,1
4.4057665,0,0
4.4062664,0,1
4.40676655,0,0
4.4072664,0,1
4.4077665,0,0
4.4082664,0,1
4.40876655,0,0
4.40926645,0,1
4.40976655,0,0
4.4102664,0,1
4.4107666,0,0
4.4112665,0,1
4.4117666,0,0
4.4122665,0,1
4.4127666,0,0
4.4132665,0,1
4.4137666,0,0
4.41426655,0,1
4.41476665,0,0
4.41526655,0,1
4.4157667,0,0
4.41626655,0,1
4.4167667,0,0
4.4172666,0,1
4.41776675,0,0
4.4182666,0,1
4.4187667,0,0
4.41926655,0,1
4.41976665,0,0
4.4202665,0,1
4.42076665,0,0
4.4212665,0,1
4.4217666,0,0
4.42226645,0,1
4.42276655,0,0
4.4232664,0,1
4.42376645,0,0
4.42426635,0,1
4.42476645,0,0
4.4252663,0,1
4.42576645,0,0
4.4262663,0,1
4.4267664,0,0
4.42726625,0,1
4.42776635,0,0
4.42826615,0,1
4.42876625,0,0
4.4292661,0,1
4.42976625,0,0
4.4302661,0,1
4.43076625,0,0
4.4312661,0,1
4.4317662,0,0
4.43226605,0,1
4.4327661,0,0
4.4332659,0,1
4.433766,0,0
4.43426585,0,1
4.4347659,0,0
4.4352658,0,1
4.4357659,0,0
4.4362658,0,1
4.4367659,0,0
4.43726575,0,1
4.4377659,0,0
4.4382657,0,1
4.43876575,0,0
4.43926565,0,1
4.4397657,0,0
4.44026555,0,1
4.44076565,0,0
4.4412655,0,1
4.44176565,0,0
4.4422655,0,1
4.4427656,0,0
4.44326545,0,1
4.4437655,0,0
4.44426535,0,1
4.44476545,0,0
4.4452653,0,1
4.4457654,0,0
4.44626525,0,1
4.4467654,0,0
4.44726525,0,1
4.44776535,0,0
4.4482652,0,1
4.44876525,0,0
4.44926515,0,1
4.44976525,0,0
4.45026515,0,1
4.45076525,0,0
4.45126505,0,1
4.45176515,0,0
4.45226495,0,1
4.45276515,0,0
4.453265,0,1
4.45376515,0,0
4.454265,0,1
4.4547651,0,0
4.45526495,0,1
4.4557651,0,0
4.45626495,0,1
4.45676515,0,0
4.457265,0,1
4.45776505,0,0
4.4582649,0,1
4.45876505,0,0
4.4592649,0,1
4.459765,0,0
4.4602649,0,1
4.460765,0,0
4.46126485,0,1
4.46176495,0,0
4.46226475,0,1
4.4627648,0,0
4.46326465,0,1
4.46376475,0,0
4.46426465,0,1
4.4647648,0,0
4.46526465,0,1
4.4657647,0,0
4.4662645,0,1
4.46676455,0,0
4.46726435,0,1
4.4677644,0,0
4.4682643,0,1
4.4687644,0,0
4.46926425,0,1
4.4697644,0,0
4.4702642,0,1
4.47076425,0,0
4.4712641,0,1
4.47176415,0,0
4.47226405,0,1
4.47276415,0,0
4.47326395,0,1
4.4737641,0,0
4.47426395,0,1
4.47476405,0,0
4.4752639,0,1
4.475764,0,0
4.47626385,0,1
4.47676395,0,0
4.4772638,0,1
4.4777639,0,0
4.47826375,0,1
4.47876385,0,0
4.4792637,0,1
4.4797638,0,0
4.48026365,0,1
4.4807638,0,0
4.48126365,0,1
4.48176375,0,0
4.48226355,0,1
4.48276365,0,0
4.4832635,0,1
4.4837636,0,0
4.48426345,0,1
4.4847635,0,0
4.48526325,0,1
4.48576335,0,0
4.4862632,0,1
4.4867633,0,0
4.4872631,0,1
4.48776315,0,0
4.488263,0,1
4.4887631,0,0
4.4892629,0,1
4.48976295,0,0
4.49026275,0,1
4.49076285,0,0
4.49126265,0,1
4.4917627,0,0
4.49226255,0,1
4.49276265,0,0
4.4932625,0,1
4.49376265,0,0
4.4942625,0,1
4.49476255,0,0
4.4952624,0,1
4.49576245,0,0
4.4962623,0,1
4.49676235,0,0
4.4972622,0,1
4.4977623,0,0
4.4982621,0,1
4.49876215,0,0
4.49926195,0,1
4.499762,0,0
4.50026175,0,1
4.50076175,0,0
4.50126145,0,1
4.5017615,0,0
4.5022613,0,1
4.50276135,0,0
4.50326115,0,1
4.5037612,0,0
4.50426105,0,1
4.50476115,0,0
4.505261,0,1
4.50576105,0,0
4.5062609,0,1
4.506761,0,0
4.50726085,0,1
4.50776095,0,0
4.5082608,0,1
4.50876085,0,0
4.5092607,0,1
4.50976075,0,0
4.5102606,0,1
4.5107607,0,0
4.51126055,0,1
4.51176065,0,0
4.51226045,0,1
4.51276055,0,0
4.5132604,0,1
4.51376045,0,0
4.5142603,0,1
4.51476035,0,0
4.5152602,0,1
4.5157603,0,0
4.5162601,0,1
4.51676025,0,0
4.51726015,0,1
4.5177603,0,0
4.51826015,0,1
4.5187603,0,0
4.51926015,0,1
4.5197603,0,0
4.5202602,0,1
4.52076035,0,0
4.52126025,0,1
4.5217604,0,0
4.5222603,0,1
4.52276045,0,0
4.52326035,0,1
4.52376045,0,0
4.52426035,0,1
4.52476045,0,0
4.52526035,0,1
4.5257605,0,0
4.5262604,0,1
4.52676055,0,0
4.52726045,0,1
4.5277606,0,0
4.52826055,0,1
4.5287607,0,0
4.5292606,0,1
4.52976075,0,0
4.5302607,0,1
4.5307609,0,0
4.53126075,0,1
4.53176085,0,0
4.53226075,0,1
4.5327608,0,0
4.53326065,0,1
4.53376075,0,0
4.53426065,0,1
4.53476075,0,0
4.53526065,0,1
4.53576075,0,0
4.5362606,0,1
4.5367607,0,0
4.53726055,0,1
4.5377607,0,0
4.5382606,0,1
4.53876075,0,0
4.5392606,0,1
4.5397607,0,0
4.54026055,0,1
4.5407607,0,0
4.54126055,0,1
4.5417607,0,0
4.54226055,0,1
4.54276065,0,0
4.5432605,0,1
4.54376065,0,0
4.5442605,0,1
4.5447606,0,0
4.5452605,0,1
4.54576065,0,0
4.5462606,0,1
4.54676075,0,0
4.54726065,0,1
4.5477608,0,0
4.5482607,0,1
4.54876085,0,0
4.5492608,0,1
4.5497609,0,0
4.5502608,0,1
4.55076095,0,0
4.55126085,0,1
4.551761,0,0
4.5522609,0,1
4.55276105,0,0
4.5532609,0,1
4.55376105,0,0
4.5542609,0,1
4.55476095,0,0
4.55526075,0,1
4.55576085,0,0
4.55626065,0,1
4.5567608,0,0
4.55726065,0,1
4.5577608,0,0
4.5582607,0,1
4.55876085,0,0
4.55926065,0,1
4.55976075,0,0
4.5602607,0,1
4.5607608,0,0
4.5612607,0,1
4.5617609,0,0
4.5622608,0,1
4.56276095,0,0
4.5632609,0,1
4.56376105,0,0
4.5642609,0,1
4.56476105,0,0
4.56526095,0,1
4.5657611,0,0
4.566261,0,1
4.56676115,0,0
4.56726105,0,1
4.56776115,0,0
4.5682611,0,1
4.56876115,0,0
4.56926105,0,1
4.56976115,0,0
4.57026105,0,1
4.57076115,0,0
4.571261,0,1
4.57176115,0,0
4.572261,0,1
4.57276115,0,0
4.573261,0,1
4.57376115,0,0
4.57426105,0,1
4.5747612,0,0
4.5752611,0,1
4.57576125,0,0
4.5762611,0,1
4.5767613,0,0
4.5772612,0,1
4.5777614,0,0
4.5782613,0,1
4.5787614,0,0
4.5792613,0,1
4.57976145,0,0
4.58026135,0,1
4.58076145,0,0
4.5812614,0,1
4.58176155,0,0
4.5822614,0,1
4.58276155,0,0
4.58326145,0,1
4.58376155,0,0
4.58426145,0,1
4.58476155,0,0
4.58526145,0,1
4.58576155,0,0
4.58626145,0,1
4.5867616,0,0
4.5872615,0,1
4.5877616,0,0
4.5882615,0,1
4.5887616,0,0
4.5892615,0,1
4.58976165,0,0
4.59026155,0,1
4.59076165,0,0
4.59126155,0,1
4.59176165,0,0
4.5922615,0,1
4.5927616,0,0
4.59326145,0,1
4.59376155,0,0
4.59426145,0,1
4.5947616,0,0
4.59526145,0,1
4.59576155,0,0
4.5962614,0,1
4.59676155,0,0
4.5972614,0,1
4.5977615,0,0
4.59826135,0,1
4.5987614,0,0
4.59926125,0,1
4.59976135,0,0
4.6002612,0,1
4.6007613,0,0
4.60126115,0,1
4.6017613,0,0
4.6022611,0,1
4.60276125,0,0
4.6032611,0,1
4.6037612,0,0
4.60426105,0,1
4.60476115,0,0
4.60526105,0,1
4.6057611,0,0
4.60626095,0,1
4.60676105,0,0
4.60726085,0,1
4.6077609,0,0
4.6082607,0,1
4.6087608,0,0
4.6092606,0,1
4.60976065,0,0
4.6102605,0,1
4.61076065,0,0
4.6112605,0,1
4.61176065,0,0
4.6122605,0,1
4.6127606,0,0
4.61326045,0,1
4.61376055,0,0
4.6142604,0,1
4.61476055,0,0
4.6152604,0,1
4.61576055,0,0
4.6162605,0,1
4.61676065,0,0
4.6172605,0,1
4.61776065,0,0
4.6182606,0,1
4.6187607,0,0
4.6192606,0,1
4.61976075,0,0
4.62026065,0,1
4.62076085,0,0
4.62126075,0,1
4.6217609,0,0
4.6222608,0,1
4.62276095,0,0
4.6232609,0,1
4.6237611,0,0
4.624261,0,1
4.6247611,0,0
4.62526095,0,1
4.6257611,0,0
4.626261,0,1
4.62676115,0,0
4.627261,0,1
4.62776115,0,0
4.62826105,0,1
4.6287612,0,0
4.6292611,0,1
4.6297612,0,0
4.6302611,0,1
4.6307612,0,0
4.6312611,0,1
4.63176125,0,0
4.6322612,0,1
4.6327614,0,0
4.63326135,0,1
4.63376145,0,0
4.63426125,0,1
4.63476135,0,0
4.63526125,0,1
4.63576135,0,0
4.63626125,0,1
4.63676135,0,0
4.6372612,0,1
4.63776135,0,0
4.6382613,0,1
4.6387614,0,0
4.6392613,0,1
4.63976145,0,0
4.6402614,0,1
4.64076155,0,0
4.64126145,0,1
4.6417616,0,0
4.64226155,0,1
4.6427617,0,0
4.64326155,0,1
4.6437617,0,0
4.6442616,0,1
4.64476175,0,0
4.6452617,0,1
4.64576185,0,0
4.64626165,0,1
4.6467618,0,0
4.64726165,0,1
4.6477618,0,0
4.64826165,0,1
4.6487618,0,0
4.6492617,0,1
4.6497618,0,0
4.65026165,0,1
4.6507618,0,0
4.65126165,0,1
4.65176175,0,0
4.65226165,0,1
4.65276175,0,0
4.65326165,0,1
4.6537618,0,0
4.6542617,0,1
4.6547618,0,0
4.6552617,0,1
4.65576185,0,0
4.6562618,0,1
4.6567619,0,0
4.6572618,0,1
4.6577619,0,0
4.6582618,0,1
4.65876195,0,0
4.6592618,0,1
4.65976195,0,0
4.66026185,0,1
4.66076195,0,0
4.66126185,0,1
4.661762,0,0
4.66226185,0,1
4.662762,0,0
4.66326185,0,1
4.66376195,0,0
4.6642618,0,1
4.66476185,0,0
4.66526165,0,1
4.6657617,0,0
4.66626155,0,1
4.6667616,0,0
4.66726145,0,1
4.66776165,0,0
4.6682615,0,1
4.6687616,0,0
4.66926145,0,1
4.66976155,0,0
4.67026145,0,1
4.67076155,0,0
4.67126135,0,1
4.67176145,0,0
4.6722613,0,1
4.6727614,0,0
4.67326125,0,1
4.6737613,0,0
4.67426115,0,1
4.6747612,0,0
4.675261,0,1
4.6757611,0,0
4.6762609,0,1
4.676761,0,0
4.6772608,0,1
4.6777609,0,0
4.67826075,0,1
4.6787608,0,0
4.67926065,0,1
4.67976065,0,0
4.6802605,0,1
4.68076055,0,0
4.68126035,0,1
4.68176045,0,0
4.68226025,0,1
4.6827603,0,0
4.68326015,0,1
4.6837602,0,0
4.68426005,0,1
4.68476015,0,0
4.68525995,0,1
4.68576005,0,0
4.6862599,0,1
4.68676,0,0
4.6872599,0,1
4.68776,0,0
4.6882599,0,1
4.68876,0,0
4.68925985,0,1
4.6897599,0,0
4.6902598,0,1
4.69075985,0,0
4.6912597,0,1
4.6917598,0,0
4.6922596,0,1
4.6927597,0,0
4.69325955,0,1
4.6937596,0,0
4.6942595,0,1
4.6947596,0,0
4.6952594,0,1
4.69575945,0,0
4.6962593,0,1
4.6967594,0,0
4.69725925,0,1
4.69775935,0,0
4.69825925,0,1
4.6987594,0,0
4.69925925,0,1
4.69975935,0,0
4.70025915,0,1
4.70075925,0,0
4.7012591,0,1
4.7017592,0,0
4.70225905,0,1
4.70275915,0,0
4.703259,0,1
4.70375915,0,0
4.70425905,0,1
4.7047592,0,0
4.70525905,0,1
4.70575915,0,0
4.706259,0,1
4.7067591,0,0
4.70725895,0,1
4.70775905,0,0
4.70825885,0,1
4.70875895,0,0
4.70925875,0,1
4.70975885,0,0
4.71025865,0,1
4.7107588,0,0
4.71125865,0,1
4.71175875,0,0
4.7122586,0,1
4.71275875,0,0
4.7132586,0,1
4.71375875,0,0
4.71425865,0,1
4.71475875,0,0
4.71525865,0,1
4.71575875,0,0
4.7162586,0,1
4.7167587,0,0
4.71725855,0,1
4.7177587,0,0
4.7182586,0,1
4.71875875,0,0
4.7192586,0,1
4.71975875,0,0
4.72025865,0,1
4.72075875,0,0
4.72125865,0,1
4.7217588,0,0
4.7222587,0,1
4.7227588,0,0
4.72325865,0,1
4.7237588,0,0
4.7242587,0,1
4.7247588,0,0
4.7252587,0,1
4.7257588,0,0
4.7262586,0,1
4.7267587,0,0
4.7272585,0,1
4.7277586,0,0
4.72825845,0,1
4.72875855,0,0
4.72925845,0,1
4.72975855,0,0
4.7302584,0,1
4.7307585,0,0
4.73125835,0,1
4.73175845,0,0
4.73225835,0,1
4.73275845,0,0
4.7332583,0,1
4.7337584,0,0
4.73425825,0,1
4.7347584,0,0
4.73525825,0,1
4.7357584,0,0
4.7362583,0,1
4.73675845,0,0
4.7372583,0,1
4.7377584,0,0
4.73825825,0,1
4.73875835,0,0
4.7392582,0,1
4.7397583,0,0
4.74025815,0,1
4.74075825,0,0
4.74125805,0,1
4.74175815,0,0
4.74225795,0,1
4.74275805,0,0
4.74325785,0,1
4.74375795,0,0
4.7442578,0,1
4.74475785,0,0
4.7452577,0,1
4.74575775,0,0
4.74625755,0,1
4.7467577,0,0
4.7472576,0,1
4.7477577,0,0
4.7482576,0,1
4.74875775,0,0
4.7492576,0,1
4.74975775,0,0
4.7502576,0,1
4.7507577,0,0
4.75125755,0,1
4.75175765,0,0
4.7522575,0,1
4.75275765,0,0
4.75325755,0,1
4.75375765,0,0
4.75425745,0,1
4.7547576,0,0
4.7552575,0,1
4.75575765,0,0
4.7562575,0,1
4.7567576,0,0
4.7572574,0,1
4.75775755,0,0
4.75825745,0,1
4.75875755,0,0
4.7592574,0,1
4.7597574,0,0
4.76025725,0,1
4.76075735,0,0
4.76125725,0,1
4.7617573,0,0
4.76225715,0,1
4.76275725,0,0
4.76325705,0,1
4.7637572,0,0
4.76425705,0,1
4.76475715,0,0
4.76525705,0,1
4.76575715,0,0
4.76625695,0,1
4.766757,0,0
4.76725685,0,1
4.76775695,0,0
4.76825685,0,1
4.76875695,0,0
4.76925685,0,1
4.76975695,0,0
4.7702569,0,1
4.7707571,0,0
4.77125705,0,1
4.7717572,0,0
4.77225715,0,1
4.77275735,0,0
4.7732573,0,1
4.7737575,0,0
4.77425745,0,1
4.7747576,0,0
4.77525755,0,1
4.7757577,0,0
4.7762576,0,1
4.77675775,0,0
4.77725765,0,1
4.7777578,0,0
4.7782577,0,1
4.7787578,0,0
4.7792577,0,1
4.77975775,0,0
4.7802576,0,1
4.78075775,0,0
4.78125765,0,1
4.7817578,0,0
4.7822577,0,1
4.7827579,0,0
4.7832578,0,1
4.78375795,0,0
4.7842579,0,1
4.784758,0,0
4.7852579,0,1
4.78575805,0,0
4.78625795,0,1
4.7867581,0,0
4.78725795,0,1
4.78775805,0,0
4.7882579,0,1
4.788758,0,0
4.7892579,0,1
4.78975805,0,0
4.7902579,0,1
4.79075805,0,0
4.79125795,0,1
4.7917581,0,0
4.792258,0,1
4.7927581,0,0
4.793258,0,1
4.7937581,0,0
4.79425795,0,1
4.79475815,0,0
4.795258,0,1
4.79575815,0,0
4.796258,0,1
4.7967581,0,0
4.79725805,0,1
4.7977582,0,0
4.7982581,0,1
4.7987583,0,0
4.7992582,0,1
4.79975835,0,0
4.8002582,0,1
4.80075835,0,0
4.8012582,0,1
4.8017583,0,0
4.8022582,0,1
4.8027583,0,0
4.8032581,0,1
4.8037582,0,0
4.80425805,0,1
4.80475815,0,0
4.80525805,0,1
4.8057582,0,0
4.80625805,0,1
4.80675815,0,0
4.807258,0,1
4.80775805,0,0
4.8082579,0,1
4.80875805,0,0
4.80925795,0,1
4.80975805,0,0
4.81025795,0,1
4.8107581,0,0
4.811258,0,1
4.8117582,0,0
4.8122581,0,1
4.81275825,0,0
4.81325815,0,1
4.81375825,0,0
4.8142582,0,1
4.81475835,0,0
4.81525825,0,1
4.8157584,0,0
4.81625825,0,1
4.8167584,0,0
4.8172582,0,1
4.81775835,0,0
4.8182583,0,1
4.8187584,0,0
4.81925825,0,1
4.8197584,0,0
4.82025825,0,1
4.8207584,0,0
4.8212583,0,1
4.82175845,0,0
4.82225835,0,1
4.8227585,0,0
4.82325835,0,1
4.82375855,0,0
4.8242584,0,1
4.8247586,0,0
4.8252585,0,1
4.8257586,0,0
4.8262585,0,1
4.82675865,0,0
4.82725855,0,1
4.8277587,0,0
4.82825855,0,1
4.8287587,0,0
4.8292586,0,1
4.82975875,0,0
4.83025875,0,1
4.8307589,0,0
4.8312588,0,1
4.831759,0,0
4.8322589,0,1
4.83275905,0,0
4.83325895,0,1
4.8337591,0,0
4.83425895,0,1
4.8347591,0,0
4.83525895,0,1
4.83575905,0,0
4.83625895,0,1
4.8367591,0,0
4.83725895,0,1
4.83775905,0,0
4.83825895,0,1
4.83875905,0,0
4.8392589,0,1
4.839759,0,0
4.8402588,0,1
4.8407589,0,0
4.8412587,0,1
4.8417588,0,0
4.84225865,0,1
4.8427587,0,0
4.8432586,0,1
4.8437587,0,0
4.8442585,0,1
4.84475865,0,0
4.84525855,0,1
4.84575865,0,0
4.8462585,0,1
4.8467586,0,0
4.8472584,0,1
4.8477585,0,0
4.8482584,0,1
4.8487585,0,0
4.8492584,0,1
4.8497586,0,0
4.85025855,0,1
4.8507587,0,0
4.85125865,0,1
4.8517588,0,0
4.8522587,0,1
4.8527588,0,0
4.85325865,0,1
4.8537588,0,0
4.85425865,0,1
4.85475875,0,0
4.8552586,0,1
4.85575875,0,0
4.8562586,0,1
4.85675875,0,0
4.8572587,0,1
4.85775885,0,0
4.85825875,0,1
4.85875885,0,0
4.8592587,0,1
4.8597588,0,0
4.8602586,0,1
4.8607587,0,0
4.86125855,0,1
4.86175865,0,0
4.86225855,0,1
4.8627587,0,0
4.8632586,0,1
4.8637587,0,0
4.8642586,0,1
4.86475865,0,0
4.86525845,0,1
4.8657586,0,0
4.86625845,0,1
4.8667585,0,0
4.8672583,0,1
4.86775835,0,0
4.86825815,0,1
4.86875815,0,0
4.86925795,0,1
4.86975805,0,0
4.87025785,0,1
4.8707579,0,0
4.8712577,0,1
4.8717578,0,0
4.87225765,0,1
4.8727578,0,0
4.87325765,0,1
4.8737578,0,0
4.87425765,0,1
4.87475775,0,0
4.8752576,0,1
4.8757577,0,0
4.87625755,0,1
4.8767577,0,0
4.87725755,0,1
4.87775765,0,0
4.8782575,0,1
4.87875755,0,0
4.8792574,0,1
4.8797575,0,0
4.88025735,0,1
4.88075745,0,0
4.8812573,0,1
4.8817574,0,0
4.8822573,0,1
4.88275745,0,0
4.8832573,0,1
4.8837574,0,0
4.88425725,0,1
4.88475735,0,0
4.88525725,0,1
4.8857573,0,0
4.88625715,0,1
4.8867573,0,0
4.88725715,0,1
4.8877572,0,0
4.88825705,0,1
4.8887572,0,0
4.88925705,0,1
4.8897572,0,0
4.8902571,0,1
4.89075725,0,0
4.8912571,0,1
4.89175725,0,0
4.8922571,0,1
4.8927572,0,0
4.89325705,0,1
4.89375715,0,0
4.89425705,0,1
4.89475715,0,0
4.895257,0,1
4.89575715,0,0
4.89625695,0,1
4.89675705,0,0
4.89725695,0,1
4.89775705,0,0
4.89825685,0,1
4.89875695,0,0
4.8992568,0,1
4.8997569,0,0
4.90025675,0,1
4.9007569,0,0
4.9012567,0,1
4.9017568,0,0
4.9022567,0,1
4.90275685,0,0
4.9032567,0,1
4.9037568,0,0
4.9042567,0,1
4.9047568,0,0
4.9052566,0,1
4.9057567,0,0
4.9062566,0,1
4.9067567,0,0
4.9072566,0,1
4.90775675,0,0
4.9082566,0,1
4.9087567,0,0
4.90925655,0,1
4.9097566,0,0
4.9102564,0,1
4.9107565,0,0
4.91125635,0,1
4.91175645,0,0
4.9122563,0,1
4.91275645,0,0
4.9132563,0,1
4.91375645,0,0
4.91425635,0,1
4.91475655,0,0
4.9152564,0,1
4.91575655,0,0
4.9162564,0,1
4.91675655,0,0
4.9172564,0,1
4.9177565,0,0
4.91825635,0,1
4.91875645,0,0
4.9192563,0,1
4.91975645,0,0
4.9202563,0,1
4.9207564,0,0
4.92125625,0,1
4.92175635,0,0
4.9222562,0,1
4.9227563,0,0
4.9232562,0,1
4.9237563,0,0
4.9242561,0,1
4.9247562,0,0
4.92525605,0,1
4.9257562,0,0
4.926256,0,1
4.9267561,0,0
4.927256,0,1
4.9277561,0,0
4.92825595,0,1
4.92875605,0,0
4.92925585,0,1
4.92975595,0,0
4.9302558,0,1
4.93075585,0,0
4.9312557,0,1
4.93175575,0,0
4.93225555,0,1
4.93275565,0,0
4.9332555,0,1
4.9337556,0,0
4.9342554,0,1
4.9347555,0,0
4.9352553,0,1
4.9357554,0,0
4.93625525,0,1
4.93675535,0,0
4.9372552,0,1
4.9377553,0,0
4.9382551,0,1
4.9387552,0,0
4.93925505,0,1
4.93975515,0,0
4.940255,0,1
4.9407551,0,0
4.9412549,0,1
4.941755,0,0
4.94225485,0,1
4.94275495,0,0
4.9432547,0,1
4.9437548,0,0
4.94425465,0,1
4.94475475,0,0
4.9452546,0,1
4.9457547,0,0
4.94625455,0,1
4.9467546,0,0
4.9472544,0,1
4.94775455,0,0
4.9482544,0,1
4.9487545,0,0
4.9492544,0,1
4.94975445,0,0
4.9502543,0,1
4.95075445,0,0
4.95125435,0,1
4.9517545,0,0
4.9522544,0,1
4.95275455,0,0
4.9532544,0,1
4.9537545,0,0
4.95425435,0,1
4.95475445,0,0
4.9552543,0,1
4.9557544,0,0
4.95625425,0,1
4.95675435,0,0
4.9572542,0,1
4.95775425,0,0
4.95825405,0,1
4.9587542,0,0
4.95925405,0,1
4.95975415,0,0
4.960254,0,1
4.96075405,0,0
4.96125385,0,1
4.96175395,0,0
4.9622538,0,1
4.9627539,0,0
4.96325375,0,1
4.9637539,0,0
4.9642538,0,1
4.9647539,0,0
4.96525375,0,1
4.9657539,0,0
4.96625375,0,1
4.96675385,0,0
4.96725375,0,1
4.96775385,0,0
4.96825375,0,1
4.9687539,0,0
4.9692538,0,1
4.9697539,0,0
4.97025375,0,1
4.9707539,0,0
4.97125375,0,1
4.97175385,0,0
4.9722537,0,1
4.9727538,0,0
4.97325365,0,1
4.9737538,0,0
4.97425365,0,1
4.9747538,0,0
4.9752537,0,1
4.9757538,0,0
4.97625365,0,1
4.9767538,0,0
4.9772537,0,1
4.97775385,0,0
4.97825375,0,1
4.97875385,0,0
4.97925375,0,1
4.9797539,0,0
4.9802538,0,1
4.9807539,0,0
4.9812538,0,1
4.9817539,0,0
4.98225375,0,1
4.98275385,0,0
4.9832537,0,1
4.98375375,0,0
4.98425365,0,1
4.9847538,0,0
4.9852537,0,1
4.98575385,0,0
4.98625375,0,1
4.9867539,0,0
4.98725375,0,1
4.9877539,0,0
4.9882538,0,1
4.9887539,0,0
4.98925375,0,1
4.98975385,0,0
4.99025375,0,1
4.99075385,0,0
4.99125375,0,1
4.99175385,0,0
4.9922537,0,1
4.99275375,0,0
4.99325355,0,1
4.9937536,0,0
4.99425345,0,1
4.99475345,0,0
4.9952532,0,1
4.99575325,0,0
4.99625305,0,1
4.9967531,0,0
4.99725285,0,1
4.99775295,0,0
4.9982528,0,1
4.99875285,0,0
4.99925275,0,1
4.99975285,0,0
