timestamp_s,CH0,CH1
0.0,0,1
0.00038065,0,0
0.00088025,0,1
0.00138005,0,0
0.00187965,0,1
0.0023795,0,0
0.0028791,0,1
0.00337895,0,0
0.00387855,0,1
0.00437845,0,0
0.00487815,0,1
0.00537805,0,0
0.00587775,0,1
0.0063776,0,0
0.0068772,0,1
0.00737705,0,0
0.0078767,0,1
0.0083766,0,0
0.00887625,0,1
0.0093761,0,0
0.0098757,0,1
0.0103756,0,0
0.01087525,0,1
0.01137515,0,0
0.0118748,0,1
0.0123747,0,0
0.0128743,0,1
0.0133742,0,0
0.01387385,0,1
0.0143737,0,0
0.01487335,0,1
0.0153732,0,0
0.01587285,0,1
0.01637275,0,0
0.01687235,0,1
0.0173722,0,0
0.0178718,0,1
0.01837165,0,0
0.01887125,0,1
0.0193711,0,0
0.01987075,0,1
0.02037065,0,0
0.02087025,0,1
0.02137015,0,0
0.0218698,0,1
0.0223697,0,0
0.02286935,0,1
0.02336925,0,0
0.0238689,0,1
0.02436875,0,0
0.02486825,0,1
0.02536805,0,0
0.02586765,0,1
0.02636745,0,0
0.02686705,0,1
0.02736695,0,0
0.02786655,0,1
0.02836645,0,0
0.0288661,0,1
0.02936595,0,0
0.0298656,0,1
0.03036545,0,0
0.0308651,0,1
0.03136495,0,0
0.03186455,0,1
0.03236445,0,0
0.03286405,0,1
0.03336395,0,0
0.0338636,0,1
0.03436345,0,0
0.03486305,0,1
0.03536295,0,0
0.0358625,0,1
0.03636235,0,0
0.03686195,0,1
0.03736175,0,0
0.03786135,0,1
0.03836125,0,0
0.03886085,0,1
0.03936065,0,0
0.03986025,0,1
0.04036005,0,0
0.0408596,0,1
0.0413594,0,0
0.04185905,0,1
0.04235885,0,0
0.04285845,0,1
0.0433583,0,0
0.04385785,0,1
0.0443577,0,0
0.0448573,0,1
0.04535715,0,0
0.0458568,0,1
0.0463566,0,0
0.0468562,0,1
0.04735655,0,0
0.04785575,0,1
0.0483556,0,0
0.0488552,0,1
0.04935505,0,0
0.04985465,0,1
0.0500018,1,1
0.05035445,1,0
0.0508541,1,1
0.05135425,1,0
0.0518536,1,1
0.0523535,1,0
0.05285315,1,1
0.0533534,1,0
0.0538527,1,1
0.05435255,1,0
0.05485215,1,1
0.0550592,0,1
0.0553521,0,0
0.0558518,0,1
0.05635175,0,0
0.05685145,0,1
0.0573514,0,0
0.05785145,0,1
0.058351,0,0
0.0588507,0,1
0.0593506,0,0
0.05985025,0,1
0.06035015,0,0
0.0608497,0,1
0.06134955,0,0
0.0618492,0,1
0.0623491,0,0
0.06284875,0,1
0.0633487,0,0
0.06384835,0,1
0.06434825,0,0
0.0648479,0,1
0.0653478,0,0
0.06584745,0,1
0.06634735,0,0
0.066847,0,1
0.0673469,0,0
0.0678466,0,1
0.06834655,0,0
0.0688462,0,1
0.06934615,0,0
0.06984585,0,1
0.07034575,0,0
0.07084545,0,1
0.0713454,0,0
0.0718451,0,1
0.072345,0,0
0.07284465,0,1
0.0733446,0,0
0.07384425,0,1
0.0743442,0,0
0.07484385,0,1
0.07534375,0,0
0.0758435,0,1
0.0763434,0,0
0.0768431,0,1
0.077343,0,0
0.0778427,0,1
0.07834265,0,0
0.07884235,0,1
0.07934225,0,0
0.0798419,0,1
0.0803419,0,0
0.0808416,0,1
0.08134155,0,0
0.08184125,0,1
0.08234115,0,0
0.0828408,0,1
0.08334075,0,0
0.08384045,0,1
0.08434035,0,0
0.08484005,0,1
0.08533995,0,0
0.08583965,0,1
0.08633955,0,0
0.0868392,0,1
0.0873391,0,0
0.0878388,0,1
0.08833875,0,0
0.08883845,0,1
0.0893384,0,0
0.08983805,0,1
0.09033805,0,0
0.09083775,0,1
0.0913377,0,0
0.0918374,0,1
0.0923373,0,0
0.092837,0,1
0.093337,0,0
0.09383665,0,1
0.0943366,0,0
0.09483625,0,1
0.09533615,0,0
0.09583585,0,1
0.09633575,0,0
0.0968354,0,1
0.09733525,0,0
0.0978349,0,1
0.09833475,0,0
0.0988344,0,1
0.0993343,0,0
0.09983395,0,1
0.10033385,0,0
0.1008335,0,1
0.1013335,0,0
0.10183315,0,1
0.10233305,0,0
0.10283275,0,1
0.1033327,0,0
0.10383235,0,1
0.1043323,0,0
0.104832,0,1
0.10533185,0,0
0.1058316,0,1
0.1063315,0,0
0.1068312,0,1
0.1073312,0,0
0.1078309,0,1
0.10833085,0,0
0.10883055,0,1
0.1093305,0,0
0.1098302,0,1
0.11033015,0,0
0.1108299,0,1
0.1113298,0,0
0.11182955,0,1
0.1123295,0,0
0.1128292,0,1
0.1133292,0,0
0.1138289,0,1
0.11432885,0,0
0.11482855,0,1
0.1153284,0,0
0.1158281,0,1
0.116328,0,0
0.1168277,0,1
0.1173276,0,0
0.1178272,0,1
0.11832715,0,0
0.11882685,0,1
0.1193268,0,0
0.11982655,0,1
0.12032655,0,0
0.12082625,0,1
0.12132625,0,0
0.121826,0,1
0.12232595,0,0
0.12282565,0,1
0.12332565,0,0
0.1238254,0,1
0.1243254,0,0
0.12482515,0,1
0.12532515,0,0
0.1258249,0,1
0.1263249,0,0
0.1268246,0,1
0.12732455,0,0
0.12782425,0,1
0.1283242,0,0
0.1288239,0,1
0.12932385,0,0
0.1298236,0,1
0.1303236,0,0
0.13082335,0,1
0.1313233,0,0
0.1318231,0,1
0.13232305,0,0
0.1328228,0,1
0.1333228,0,0
0.13382255,0,1
0.1343225,0,0
0.1348222,0,1
0.1353221,0,0
0.13582185,0,1
0.1363218,0,0
0.1368215,0,1
0.13732145,0,0
0.1378212,0,1
0.1383212,0,0
0.1388209,0,1
0.1393209,0,0
0.13982065,0,1
0.1403206,0,0
0.14082035,0,1
0.1413203,0,0
0.14182,0,1
0.1423199,0,0
0.1428196,0,1
0.1433196,0,0
0.14381935,0,1
0.14431935,0,0
0.14481905,0,1
0.14531905,0,0
0.1458188,0,1
0.1463188,0,0
0.14681855,0,1
0.1473186,0,0
0.1478183,0,1
0.14831825,0,0
0.148818,0,1
0.14931795,0,0
0.1498176,0,1
0.1503176,0,0
0.15081735,0,1
0.15131735,0,0
0.15181705,0,1
0.15231705,0,0
0.15281675,0,1
0.1533167,0,0
0.1538164,0,1
0.15431635,0,0
0.15481605,0,1
0.155316,0,0
0.1558157,0,1
0.15631565,0,0
0.15681535,0,1
0.15731525,0,0
0.15781505,0,1
0.158315,0,0
0.15881475,0,1
0.1593147,0,0
0.15981445,0,1
0.16031445,0,0
0.1608142,0,1
0.1613142,0,0
0.1618139,0,1
0.16231385,0,0
0.16281355,0,1
0.1633135,0,0
0.16381315,0,1
0.1643131,0,0
0.1648128,0,1
0.16531275,0,0
0.1658125,0,1
0.16631245,0,0
0.16681215,0,1
0.1673121,0,0
0.1678118,0,1
0.16831175,0,0
0.1688115,0,1
0.16931145,0,0
0.16981115,0,1
0.1703111,0,0
0.1708108,0,1
0.17131075,0,0
0.1718105,0,1
0.1723105,0,0
0.1728102,0,1
0.17331015,0,0
0.1738098,0,1
0.17430975,0,0
0.1748095,0,1
0.17530945,0,0
0.17580915,0,1
0.1763091,0,0
0.17680885,0,1
0.1773088,0,0
0.1778085,0,1
0.1783085,0,0
0.17880825,0,1
0.17930815,0,0
0.17980785,0,1
0.1803079,0,0
0.1808076,0,1
0.1813076,0,0
0.1818073,0,1
0.18230725,0,0
0.18280695,0,1
0.1833069,0,0
0.18380655,0,1
0.1843065,0,0
0.18480615,0,1
0.18530605,0,0
0.18580575,0,1
0.18630575,0,0
0.18680545,0,1
0.1873054,0,0
0.1878051,0,1
0.188305,0,0
0.1888047,0,1
0.1893047,0,0
0.1898044,0,1
0.1903043,0,0
0.190804,0,1
0.19130395,0,0
0.19180365,0,1
0.1923036,0,0
0.1928033,0,1
0.1933033,0,0
0.193803,0,1
0.194303,0,0
0.19480275,0,1
0.19530275,0,0
0.19580245,0,1
0.19630245,0,0
0.19680225,0,1
0.19730225,0,0
0.197802,0,1
0.198302,0,0
0.19880175,0,1
0.1993018,0,0
0.1998015,0,1
0.20030155,0,0
0.20080135,0,1
0.2013014,0,0
0.2018012,0,1
0.2023012,0,0
0.20280095,0,1
0.20330095,0,0
0.2038007,0,1
0.20430075,0,0
0.20480055,0,1
0.20530055,0,0
0.20580035,0,1
0.20630035,0,0
0.20680015,0,1
0.2073001,0,0
0.20779985,0,1
0.20829985,0,0
0.2087996,0,1
0.2092996,0,0
0.2097994,0,1
0.2102994,0,0
0.21079915,0,1
0.21129915,0,0
0.2117989,0,1
0.2122989,0,0
0.2127987,0,1
0.21329865,0,0
0.2137984,0,1
0.2142984,0,0
0.21479815,0,1
0.21529815,0,0
0.2157979,0,1
0.2162979,0,0
0.21679765,0,1
0.2172977,0,0
0.21779745,0,1
0.21829745,0,0
0.2187972,0,1
0.21929725,0,0
0.21979705,0,1
0.22029705,0,0
0.2207968,0,1
0.22129675,0,0
0.22179645,0,1
0.2222964,0,0
0.2227962,0,1
0.2232962,0,0
0.22379595,0,1
0.22429595,0,0
0.2247957,0,1
0.2252957,0,0
0.22579545,0,1
0.22629545,0,0
0.2267952,0,1
0.2272952,0,0
0.2277949,0,1
0.2282949,0,0
0.22879465,0,1
0.22929455,0,0
0.2297943,0,1
0.23029435,0,0
0.23079415,0,1
0.23129415,0,0
0.23179395,0,1
0.23229395,0,0
0.23279375,0,1
0.2332938,0,0
0.2337936,0,1
0.2342936,0,0
0.2347934,0,1
0.23529345,0,0
0.2357932,0,1
0.2362933,0,0
0.23679305,0,1
0.23729305,0,0
0.2377928,0,1
0.23829285,0,0
0.2387926,0,1
0.23929255,0,0
0.23979225,0,1
0.24029225,0,0
0.24079205,0,1
0.24129195,0,0
0.24179165,0,1
0.2422916,0,0
0.2427913,0,1
0.2432913,0,0
0.24379105,0,1
0.24429105,0,0
0.2447908,0,1
0.2452908,0,0
0.24579055,0,1
0.24629055,0,0
0.2467903,0,1
0.2472903,0,0
0.24779005,0,1
0.24829,0,0
0.2487897,0,1
0.24928965,0,0
0.2497893,0,1
0.25028925,0,0
0.250789,0,1
0.251289,0,0
0.2517887,0,1
0.25228865,0,0
0.2527884,0,1
0.2532884,0,0
0.25378815,0,1
0.2542881,0,0
0.25478785,0,1
0.2552878,0,0
0.2557875,0,1
0.2562875,0,0
0.25678725,0,1
0.25728725,0,0
0.257787,0,1
0.25828705,0,0
0.25878675,0,1
0.25928675,0,0
0.25978645,0,1
0.2602864,0,0
0.26078605,0,1
0.26128605,0,0
0.2617858,0,1
0.2622857,0,0
0.26278545,0,1
0.26328545,0,0
0.2637852,0,1
0.2642852,0,0
0.26478495,0,1
0.26528495,0,0
0.26578475,0,1
0.26628475,0,0
0.2667845,0,1
0.2672845,0,0
0.26778425,0,1
0.26828425,0,0
0.26878395,0,1
0.26928395,0,0
0.26978365,0,1
0.27028365,0,0
0.27078335,0,1
0.2712833,0,0
0.27178295,0,1
0.27228285,0,0
0.2727825,0,1
0.2732824,0,0
0.27378205,0,1
0.27428195,0,0
0.2747817,0,1
0.27528165,0,0
0.27578135,0,1
0.27628135,0,0
0.2767811,0,1
0.2772811,0,0
0.2777808,0,1
0.2782808,0,0
0.2787805,0,1
0.2792805,0,0
0.2797802,0,1
0.2802802,0,0
0.2807799,0,1
0.28127985,0,0
0.28177955,0,1
0.2822795,0,0
0.2827792,0,1
0.2832792,0,0
0.28377885,0,1
0.28427885,0,0
0.28477855,0,1
0.2852785,0,0
0.2857782,0,1
0.28627815,0,0
0.2867778,0,1
0.28727775,0,0
0.2877775,0,1
0.2882774,0,0
0.28877705,0,1
0.289277,0,0
0.2897767,0,1
0.29027665,0,0
0.29077635,0,1
0.2912762,0,0
0.2917759,0,1
0.2922759,0,0
0.29277565,0,1
0.29327565,0,0
0.2937754,0,1
0.2942754,0,0
0.2947751,0,1
0.29527505,0,0
0.29577475,0,1
0.2962747,0,0
0.29677445,0,1
0.2972744,0,0
0.29777415,0,1
0.29827415,0,0
0.29877385,0,1
0.29927385,0,0
0.2997736,0,1
0.30027355,0,0
0.3007733,0,1
0.3012733,0,0
0.3017731,0,1
0.30227305,0,0
0.3027728,0,1
0.3032728,0,0
0.30377255,0,1
0.3042725,0,0
0.30477225,0,1
0.3052722,0,0
0.30577195,0,1
0.30627195,0,0
0.30677165,0,1
0.30727165,0,0
0.3077714,0,1
0.3082714,0,0
0.30877115,0,1
0.30927115,0,0
0.3097709,0,1
0.3102709,0,0
0.31077065,0,1
0.3112706,0,0
0.3117703,0,1
0.31227025,0,0
0.31277,0,1
0.31327,0,0
0.31376965,0,1
0.31426965,0,0
0.3147694,0,1
0.31526935,0,0
0.31576905,0,1
0.31626905,0,0
0.31676875,0,1
0.31726875,0,0
0.3177685,0,1
0.3182685,0,0
0.31876825,0,1
0.31926825,0,0
0.319768,0,1
0.320268,0,0
0.3207677,0,1
0.3212677,0,0
0.32176745,0,1
0.32226745,0,0
0.32276715,0,1
0.32326715,0,0
0.3237669,0,1
0.32426695,0,0
0.3247667,0,1
0.32526665,0,0
0.3257664,0,1
0.32626635,0,0
0.32676605,0,1
0.327266,0,0
0.3277657,0,1
0.3282657,0,0
0.3287654,0,1
0.3292653,0,0
0.329765,0,1
0.33026495,0,0
0.33076465,0,1
0.3312646,0,0
0.33176435,0,1
0.33226425,0,0
0.332764,0,1
0.33326395,0,0
0.3337637,0,1
0.33426365,0,0
0.3347634,0,1
0.3352634,0,0
0.33576305,0,1
0.336263,0,0
0.33676275,0,1
0.3372627,0,0
0.33776245,0,1
0.33826245,0,0
0.33876215,0,1
0.33926215,0,0
0.33976195,0,1
0.3402619,0,0
0.34076165,0,1
0.34126165,0,0
0.34176135,0,1
0.34226135,0,0
0.3427611,0,1
0.3432611,0,0
0.34376085,0,1
0.3442608,0,0
0.3447605,0,1
0.34526045,0,0
0.34576015,0,1
0.3462601,0,0
0.34675985,0,1
0.34725975,0,0
0.3477595,0,1
0.34825945,0,0
0.34875915,0,1
0.3492591,0,0
0.3497588,0,1
0.35025875,0,0
0.35075845,0,1
0.3512584,0,0
0.3517581,0,1
0.35225805,0,0
0.3527578,0,1
0.35325775,0,0
0.35375745,0,1
0.3542574,0,0
0.3547571,0,1
0.35525705,0,0
0.35575675,0,1
0.35625675,0,0
0.35675645,0,1
0.35725645,0,0
0.35775615,0,1
0.3582561,0,0
0.3587558,0,1
0.3592558,0,0
0.3597555,0,1
0.3602555,0,0
0.3607552,0,1
0.36125515,0,0
0.36175485,0,1
0.36225485,0,0
0.36275455,0,1
0.36325455,0,0
0.36375425,0,1
0.36425425,0,0
0.36475395,0,1
0.36525395,0,0
0.3657537,0,1
0.3662536,0,0
0.3667533,0,1
0.36725325,0,0
0.367753,0,1
0.36825295,0,0
0.36875265,0,1
0.3692526,0,0
0.36975235,0,1
0.37025235,0,0
0.37075205,0,1
0.371252,0,0
0.3717517,0,1
0.3722517,0,0
0.3727514,0,1
0.3732514,0,0
0.3737511,0,1
0.37425095,0,0
0.37475065,0,1
0.3752506,0,0
0.3757503,0,1
0.3762503,0,0
0.37675005,0,1
0.37725,0,0
0.37774975,0,1
0.3782497,0,0
0.37874945,0,1
0.3792494,0,0
0.3797491,0,1
0.3802491,0,0
0.3807488,0,1
0.3812488,0,0
0.38174855,0,1
0.38224855,0,0
0.38274835,0,1
0.38324835,0,0
0.3837481,0,1
0.3842481,0,0
0.38474785,0,1
0.38524775,0,0
0.3857475,0,1
0.38624745,0,0
0.38674715,0,1
0.38724705,0,0
0.38774675,0,1
0.3882467,0,0
0.3887464,0,1
0.3892464,0,0
0.3897461,0,1
0.3902461,0,0
0.3907458,0,1
0.39124575,0,0
0.3917455,0,1
0.39224545,0,0
0.39274515,0,1
0.39324515,0,0
0.3937449,0,1
0.39424485,0,0
0.3947446,0,1
0.3952446,0,0
0.39574435,0,1
0.3962443,0,0
0.396744,0,1
0.397244,0,0
0.39774375,0,1
0.39824375,0,0
0.39874345,0,1
0.39924345,0,0
0.39974325,0,1
0.40024325,0,0
0.400743,0,1
0.401243,0,0
0.4017427,0,1
0.40224275,0,0
0.40274245,0,1
0.4032425,0,0
0.40374225,0,1
0.4042423,0,0
0.40474205,0,1
0.40524205,0,0
0.4057418,0,1
0.4062418,0,0
0.40674155,0,1
0.4072416,0,0
0.40774135,0,1
0.4082414,0,0
0.40874115,0,1
0.4092411,0,0
0.40974085,0,1
0.41024085,0,0
0.4107406,0,1
0.41124055,0,0
0.41174025,0,1
0.41224025,0,0
0.41273995,0,1
0.4132399,0,0
0.41373965,0,1
0.4142397,0,0
0.41473945,0,1
0.4152395,0,0
0.41573925,0,1
0.4162393,0,0
0.41673905,0,1
0.41723905,0,0
0.4177388,0,1
0.4182388,0,0
0.41873855,0,1
0.4192385,0,0
0.41973825,0,1
0.4202382,0,0
0.42073795,0,1
0.421238,0,0
0.42173775,0,1
0.42223775,0,0
0.42273745,0,1
0.4232374,0,0
0.42373715,0,1
0.4242371,0,0
0.42473685,0,1
0.42523685,0,0
0.42573655,0,1
0.42623655,0,0
0.42673625,0,1
0.4272363,0,0
0.427736,0,1
0.42823605,0,0
0.4287358,0,1
0.4292358,0,0
0.42973555,0,1
0.4302356,0,0
0.4307353,0,1
0.4312353,0,0
0.43173505,0,1
0.4322351,0,0
0.43273485,0,1
0.4332349,0,0
0.43373465,0,1
0.4342346,0,0
0.43473435,0,1
0.43523435,0,0
0.43573415,0,1
0.43623415,0,0
0.43673385,0,1
0.4372339,0,0
0.43773365,0,1
0.43823365,0,0
0.4387334,0,1
0.4392334,0,0
0.4397331,0,1
0.4402331,0,0
0.4407329,0,1
0.44123295,0,0
0.4417327,0,1
0.4422327,0,0
0.4427325,0,1
0.4432325,0,0
0.44373225,0,1
0.44423225,0,0
0.44473195,0,1
0.4452319,0,0
0.44573165,0,1
0.44623165,0,0
0.4467314,0,1
0.4472314,0,0
0.4477312,0,1
0.4482313,0,0
0.44873105,0,1
0.44923105,0,0
0.4497308,0,1
0.4502307,0,0
0.4507304,0,1
0.4512304,0,0
0.45173015,0,1
0.45223005,0,0
0.4527298,0,1
0.4532298,0,0
0.4537295,0,1
0.45422945,0,0
0.45472925,0,1
0.45522925,0,0
0.4557289,0,1
0.4562288,0,0
0.4567285,0,1
0.45722845,0,0
0.45772815,0,1
0.45822815,0,0
0.4587279,0,1
0.45922785,0,0
0.4597275,0,1
0.46022745,0,0
0.46072715,0,1
0.4612271,0,0
0.46172685,0,1
0.46222685,0,0
0.46272655,0,1
0.46322655,0,0
0.46372635,0,1
0.46422635,0,0
0.4647261,0,1
0.46522605,0,0
0.46572585,0,1
0.46622585,0,0
0.4667256,0,1
0.4672256,0,0
0.46772535,0,1
0.46822535,0,0
0.4687251,0,1
0.4692251,0,0
0.46972485,0,1
0.4702248,0,0
0.4707245,0,1
0.47122445,0,0
0.4717241,0,1
0.47222405,0,0
0.47272375,0,1
0.4732237,0,0
0.4737234,0,1
0.4742233,0,0
0.47472305,0,1
0.475223,0,0
0.4757227,0,1
0.47622265,0,0
0.47672235,0,1
0.47722235,0,0
0.477722,0,1
0.4782219,0,0
0.4787216,0,1
0.4792215,0,0
0.47972115,0,1
0.4802211,0,0
0.48072075,0,1
0.48122065,0,0
0.4817203,0,1
0.48222025,0,0
0.4827199,0,1
0.4832198,0,0
0.4837194,0,1
0.48421925,0,0
0.48471885,0,1
0.48521865,0,0
0.48571825,0,1
0.4862181,0,0
0.4867178,0,1
0.48721775,0,0
0.48771745,0,1
0.48821735,0,0
0.48871705,0,1
0.489217,0,0
0.48971665,0,1
0.4902166,0,0
0.4907163,0,1
0.4912162,0,0
0.49171585,0,1
0.4922158,0,0
0.4927155,0,1
0.49321535,0,0
0.49371495,0,1
0.4942148,0,0
0.49471445,0,1
0.49521435,0,0
0.495714,0,1
0.49621395,0,0
0.4967137,0,1
0.49721365,0,0
0.49771335,0,1
0.4982133,0,0
0.498713,0,1
0.499213,0,0
0.4997127,0,1
0.50021265,0,0
0.50071235,0,1
0.50121225,0,0
0.501712,0,1
0.5022119,0,0
0.50271165,0,1
0.5032116,0,0
0.5037113,0,1
0.50421125,0,0
0.50471095,0,1
0.5052109,0,0
0.5057106,0,1
0.5062105,0,0
0.5067101,0,1
0.50721,0,0
0.50770955,0,1
0.5082094,0,0
0.5087091,0,1
0.509209,0,0
0.50970865,0,1
0.5102086,0,0
0.51070825,0,1
0.51120815,0,0
0.51170775,0,1
0.5122076,0,0
0.51270725,0,1
0.5132071,0,0
0.5137067,0,1
0.51420655,0,0
0.5147062,0,1
0.51520605,0,0
0.5157056,0,1
0.5162054,0,0
0.516705,0,1
0.5172049,0,0
0.51770455,0,1
0.5182045,0,0
0.51870415,0,1
0.51920405,0,0
0.5197037,0,1
0.52020365,0,0
0.52070335,0,1
0.52120325,0,0
0.52170285,0,1
0.52220275,0,0
0.5227024,0,1
0.5232023,0,0
0.52370195,0,1
0.52420185,0,0
0.52470145,0,1
0.5252013,0,0
0.5257009,0,1
0.5262008,0,0
0.52670045,0,1
0.52720035,0,0
0.52769995,0,1
0.52819985,0,0
0.52869945,0,1
0.5291993,0,0
0.52969895,0,1
0.53019885,0,0
0.53069845,0,1
0.53119835,0,0
0.53169795,0,1
0.53219785,0,0
0.5326975,0,1
0.5331974,0,0
0.533697,0,1
0.53419685,0,0
0.53469645,0,1
0.5351963,0,0
0.53569595,0,1
0.53619585,0,0
0.53669545,0,1
0.53719535,0,0
0.53769505,0,1
0.53819495,0,0
0.5386946,0,1
0.5391945,0,0
0.5396942,0,1
0.5401941,0,0
0.5406938,0,1
0.54119375,0,0
0.5416934,0,1
0.54219335,0,0
0.542693,0,1
0.54319295,0,0
0.5436926,0,1
0.54419255,0,0
0.54469225,0,1
0.54519225,0,0
0.5456919,0,1
0.5461918,0,0
0.54669145,0,1
0.54719135,0,0
0.54769095,0,1
0.5481909,0,0
0.54869055,0,1
0.54919045,0,0
0.5496901,0,1
0.55019,0,0
0.5506897,0,1
0.5511896,0,0
0.55168925,0,1
0.55218915,0,0
0.5526888,0,1
0.5531887,0,0
0.55368835,0,1
0.55418825,0,0
0.5546879,0,1
0.5551878,0,0
0.5556875,0,1
0.55618745,0,0
0.55668715,0,1
0.55718705,0,0
0.55768675,0,1
0.5581867,0,0
0.55868635,0,1
0.5591863,0,0
0.559686,0,1
0.560186,0,0
0.5606857,0,1
0.5611856,0,0
0.56168525,0,1
0.5621852,0,0
0.5626849,0,1
0.5631849,0,0
0.5636846,0,1
0.56418455,0,0
0.5646843,0,1
0.5651843,0,0
0.565684,0,1
0.566184,0,0
0.5666837,0,1
0.56718365,0,0
0.5676834,0,1
0.5681834,0,0
0.5686831,0,1
0.56918305,0,0
0.56968275,0,1
0.57018265,0,0
0.57068235,0,1
0.5711823,0,0
0.571682,0,1
0.57218195,0,0
0.57268165,0,1
0.57318165,0,0
0.57368135,0,1
0.57418125,0,0
0.57468095,0,1
0.5751809,0,0
0.5756806,0,1
0.57618055,0,0
0.57668025,0,1
0.57718025,0,0
0.57767995,0,1
0.5781799,0,0
0.5786796,0,1
0.5791795,0,0
0.5796792,0,1
0.5801791,0,0
0.5806788,0,1
0.5811788,0,0
0.5816785,0,1
0.58217845,0,0
0.5826782,0,1
0.5831781,0,0
0.5836777,0,1
0.58417755,0,0
0.58467715,0,1
0.58517705,0,0
0.58567675,0,1
0.5861767,0,0
0.5866764,0,1
0.5871764,0,0
0.58767605,0,1
0.588176,0,0
0.58867575,0,1
0.5891757,0,0
0.5896754,0,1
0.59017535,0,0
0.590675,0,1
0.59117495,0,0
0.59167465,0,1
0.5921746,0,0
0.5926743,0,1
0.59317425,0,0
0.59367395,0,1
0.59417395,0,0
0.59467365,0,1
0.5951736,0,0
0.5956733,0,1
0.59617335,0,0
0.59667305,0,1
0.597173,0,0
0.5976727,0,1
0.5981727,0,0
0.5986724,0,1
0.5991723,0,0
0.599672,0,1
0.60017195,0,0
0.60067165,0,1
0.60117155,0,0
0.60167125,0,1
0.6021712,0,0
0.60267085,0,1
0.60317085,0,0
0.6036705,0,1
0.60417045,0,0
0.60467015,0,1
0.6051701,0,0
0.60566975,0,1
0.6061696,0,0
0.6066693,0,1
0.6071692,0,0
0.60766885,0,1
0.60816875,0,0
0.6086684,0,1
0.6091683,0,0
0.60966795,0,1
0.61016785,0,0
0.61066755,0,1
0.61116745,0,0
0.61166715,0,1
0.6121671,0,0
0.61266675,0,1
0.6131667,0,0
0.6136664,0,1
0.6141663,0,0
0.614666,0,1
0.6151659,0,0
0.6156656,0,1
0.61616545,0,0
0.6166651,0,1
0.617165,0,0
0.61766465,0,1
0.61816455,0,0
0.6186642,0,1
0.6191641,0,0
0.6196638,0,1
0.62016365,0,0
0.6206633,0,1
0.6211632,0,0
0.62166285,0,1
0.62216275,0,0
0.62266235,0,1
0.62316225,0,0
0.62366185,0,1
0.62416175,0,0
0.6246614,0,1
0.62516125,0,0
0.62566095,0,1
0.62616085,0,0
0.6266605,0,1
0.6271604,0,0
0.62766005,0,1
0.6281599,0,0
0.62865955,0,1
0.62915945,0,0
0.62965905,0,1
0.63015895,0,0
0.63065865,0,1
0.63115865,0,0
0.63165835,0,1
0.63215825,0,0
0.63265795,0,1
0.6331579,0,0
0.6336576,0,1
0.63415755,0,0
0.63465725,0,1
0.6351572,0,0
0.6356569,0,1
0.63615685,0,0
0.63665655,0,1
0.6371565,0,0
0.63765615,0,1
0.6381561,0,0
0.63865575,0,1
0.63915565,0,0
0.6396553,0,1
0.64015525,0,0
0.6406549,0,1
0.64115485,0,0
0.64165455,0,1
0.6421545,0,0
0.64265415,0,1
0.64315415,0,0
0.64365385,0,1
0.64415385,0,0
0.64465355,0,1
0.6451535,0,0
0.6456532,0,1
0.64615315,0,0
0.64665285,0,1
0.6471528,0,0
0.6476525,0,1
0.6481524,0,0
0.64865205,0,1
0.64915195,0,0
0.6496516,0,1
0.65015145,0,0
0.6506511,0,1
0.65115095,0,0
0.6516506,0,1
0.6521505,0,0
0.65265015,0,1
0.65315,0,0
0.6536496,0,1
0.6541495,0,0
0.6546491,0,1
0.655149,0,0
0.65564865,0,1
0.6561485,0,0
0.65664815,0,1
0.65714805,0,0
0.65764765,0,1
0.65814755,0,0
0.65864715,0,1
0.65914705,0,0
0.6596467,0,1
0.66014655,0,0
0.6606462,0,1
0.66114605,0,0
0.6616456,0,1
0.66214545,0,0
0.66264505,0,1
0.6631449,0,0
0.66364455,0,1
0.6641444,0,0
0.66464405,0,1
0.66514395,0,0
0.6656436,0,1
0.6661435,0,0
0.66664315,0,1
0.66714305,0,0
0.6676427,0,1
0.6681426,0,0
0.66864225,0,1
0.66914215,0,0
0.66964175,0,1
0.67014165,0,0
0.6706413,0,1
0.6711412,0,0
0.6716408,0,1
0.6721407,0,0
0.67264035,0,1
0.6731402,0,0
0.67363985,0,1
0.6741397,0,0
0.6746393,0,1
0.67513915,0,0
0.6756388,0,1
0.6761387,0,0
0.67663835,0,1
0.67713825,0,0
0.6776379,0,1
0.6781378,0,0
0.67863745,0,1
0.67913735,0,0
0.679637,0,1
0.6801369,0,0
0.68063655,0,1
0.6811365,0,0
0.68163615,0,1
0.6821361,0,0
0.6826358,0,1
0.68313575,0,0
0.68363545,0,1
0.6841354,0,0
0.6846351,0,1
0.68513505,0,0
0.68563475,0,1
0.68613465,0,0
0.68663435,0,1
0.68713425,0,0
0.68763385,0,1
0.68813375,0,0
0.68863335,0,1
0.6891332,0,0
0.6896329,0,1
0.6901328,0,0
0.69063245,0,1
0.69113235,0,0
0.691632,0,1
0.69213185,0,0
0.69263155,0,1
0.6931314,0,0
0.69363105,0,1
0.69413095,0,0
0.69463055,0,1
0.69513045,0,0
0.69563005,0,1
0.69612995,0,0
0.6966296,0,1
0.6971295,0,0
0.69762915,0,1
0.69812905,0,0
0.69862865,0,1
0.69912855,0,0
0.69962815,0,1
0.700128,0,0
0.70062765,0,1
0.7011275,0,0
0.70162715,0,1
0.702127,0,0
0.70262655,0,1
0.70312645,0,0
0.70362605,0,1
0.7041259,0,0
0.70462555,0,1
0.70512545,0,0
0.70562505,0,1
0.70612495,0,0
0.70662455,0,1
0.70712445,0,0
0.7076241,0,1
0.708124,0,0
0.70862365,0,1
0.70912355,0,0
0.70962325,0,1
0.71012315,0,0
0.71062285,0,1
0.71112275,0,0
0.7116224,0,1
0.7121223,0,0
0.71262195,0,1
0.7131218,0,0
0.7136214,0,1
0.7141213,0,0
0.71462095,0,1
0.71512085,0,0
0.71562055,0,1
0.7161204,0,0
0.71662005,0,1
0.71711995,0,0
0.71761965,0,1
0.71811955,0,0
0.7186192,0,1
0.71911905,0,0
0.7196187,0,1
0.7201186,0,0
0.7206182,0,1
0.72111805,0,0
0.7216177,0,1
0.72211765,0,0
0.7226173,0,1
0.7231172,0,0
0.72361685,0,1
0.72411675,0,0
0.7246164,0,1
0.72511625,0,0
0.7256159,0,1
0.7261157,0,0
0.7266153,0,1
0.72711515,0,0
0.7276148,0,1
0.72811475,0,0
0.7286144,0,1
0.7291143,0,0
0.72961395,0,1
0.7301138,0,0
0.73061345,0,1
0.7311134,0,0
0.7316131,0,1
0.732113,0,0
0.7326127,0,1
0.73311265,0,0
0.73361235,0,1
0.73411225,0,0
0.7346119,0,1
0.7351118,0,0
0.73561145,0,1
0.7361114,0,0
0.73661105,0,1
0.73711095,0,0
0.73761065,0,1
0.7381106,0,0
0.7386103,0,1
0.7391102,0,0
0.7396099,0,1
0.74010975,0,0
0.7406094,0,1
0.74110935,0,0
0.741609,0,1
0.74210885,0,0
0.74260845,0,1
0.7431084,0,0
0.74360805,0,1
0.74410795,0,0
0.7446076,0,1
0.74510755,0,0
0.74560725,0,1
0.74610715,0,0
0.7466068,0,1
0.7471067,0,0
0.7476063,0,1
0.74810615,0,0
0.7486058,0,1
0.74910565,0,0
0.74960525,0,1
0.7501051,0,0
0.75060475,0,1
0.75110465,0,0
0.7516043,0,1
0.7521042,0,0
0.75260385,0,1
0.75310375,0,0
0.75360345,0,1
0.75410335,0,0
0.754603,0,1
0.7551029,0,0
0.7556026,0,1
0.75610255,0,0
0.75660225,0,1
0.7571021,0,0
0.75760175,0,1
0.7581017,0,0
0.7586014,0,1
0.7591013,0,0
0.759601,0,1
0.7601009,0,0
0.76060055,0,1
0.7611005,0,0
0.7616002,0,1
0.7621001,0,0
0.76259975,0,1
0.7630996,0,0
0.7635993,0,1
0.76409925,0,0
0.76459885,0,1
0.76509875,0,0
0.7655984,0,1
0.7660983,0,0
0.76659795,0,1
0.76709785,0,0
0.76759745,0,1
0.76809735,0,0
0.768597,0,1
0.76909685,0,0
0.7695965,0,1
0.7700964,0,0
0.77059605,0,1
0.77109595,0,0
0.77159555,0,1
0.77209545,0,0
0.7725951,0,1
0.773095,0,0
0.7735947,0,1
0.7740946,0,0
0.7745943,0,1
0.77509425,0,0
0.7755939,0,1
0.77609375,0,0
0.7765934,0,1
0.7770933,0,0
0.77759295,0,1
0.7780929,0,0
0.77859255,0,1
0.77909245,0,0
0.7795921,0,1
0.78009195,0,0
0.7805916,0,1
0.78109145,0,0
0.7815911,0,1
0.78209095,0,0
0.7825906,0,1
0.7830905,0,0
0.78359015,0,1
0.78409005,0,0
0.7845897,0,1
0.7850896,0,0
0.78558925,0,1
0.78608915,0,0
0.78658885,0,1
0.7870888,0,0
0.78758845,0,1
0.78808835,0,0
0.788588,0,1
0.78908785,0,0
0.7895875,0,1
0.79008745,0,0
0.7905871,0,1
0.79108705,0,0
0.7915867,0,1
0.79208665,0,0
0.7925863,0,1
0.7930862,0,0
0.79358585,0,1
0.7940858,0,0
0.7945855,0,1
0.7950854,0,0
0.79558505,0,1
0.79608495,0,0
0.79658455,0,1
0.79708445,0,0
0.79758405,0,1
0.7980839,0,0
0.79858355,0,1
0.79908345,0,0
0.79958315,0,1
0.80008305,0,0
0.8005827,0,1
0.80108265,0,0
0.8015823,0,1
0.8020822,0,0
0.8025819,0,1
0.8030818,0,0
0.80358145,0,1
0.80408135,0,0
0.80458095,0,1
0.80508085,0,0
0.80558055,0,1
0.80608045,0,0
0.8065801,0,1
0.80708005,0,0
0.80757975,0,1
0.80807965,0,0
0.8085793,0,1
0.8090792,0,0
0.8095788,0,1
0.81007865,0,0
0.81057825,0,1
0.81107805,0,0
0.81157765,0,1
0.81207755,0,0
0.8125772,0,1
0.8130771,0,0
0.8135767,0,1
0.8140766,0,0
0.8145762,0,1
0.8150761,0,0
0.81557575,0,1
0.8160756,0,0
0.8165752,0,1
0.81707515,0,0
0.8175748,0,1
0.81807475,0,0
0.8185744,0,1
0.81907435,0,0
0.81957405,0,1
0.820074,0,0
0.8205737,0,1
0.82107365,0,0
0.82157335,0,1
0.82207325,0,0
0.82257285,0,1
0.82307275,0,0
0.8235724,0,1
0.8240723,0,0
0.8245719,0,1
0.8250718,0,0
0.8255714,0,1
0.82607135,0,0
0.82657095,0,1
0.82707085,0,0
0.8275705,0,1
0.8280704,0,0
0.82857005,0,1
0.82906995,0,0
0.82956955,0,1
0.83006945,0,0
0.83056915,0,1
0.83106905,0,0
0.83156875,0,1
0.8320687,0,0
0.83256835,0,1
0.83306825,0,0
0.8335679,0,1
0.8340678,0,0
0.83456745,0,1
0.8350674,0,0
0.83556715,0,1
0.8360671,0,0
0.83656685,0,1
0.8370668,0,0
0.83756655,0,1
0.8380665,0,0
0.83856625,0,1
0.8390662,0,0
0.83956585,0,1
0.8400658,0,0
0.84056545,0,1
0.84106535,0,0
0.841565,0,1
0.84206485,0,0
0.8425645,0,1
0.8430644,0,0
0.8435641,0,1
0.84406405,0,0
0.84456375,0,1
0.8450637,0,0
0.8455634,0,1
0.84606335,0,0
0.84656305,0,1
0.847063,0,0
0.84756275,0,1
0.8480627,0,0
0.8485624,0,1
0.84906235,0,0
0.84956205,0,1
0.850062,0,0
0.85056175,0,1
0.8510617,0,0
0.85156145,0,1
0.8520614,0,0
0.8525611,0,1
0.85306105,0,0
0.85356075,0,1
0.85406075,0,0
0.85456045,0,1
0.8550604,0,0
0.8555601,0,1
0.85606015,0,0
0.8565599,0,1
0.85705985,0,0
0.85755955,0,1
0.85805945,0,0
0.8585591,0,1
0.85905905,0,0
0.85955865,0,1
0.86005855,0,0
0.86055825,0,1
0.86105815,0,0
0.86155785,0,1
0.8620578,0,0
0.8625575,0,1
0.86305745,0,0
0.86355715,0,1
0.86405715,0,0
0.86455685,0,1
0.8650568,0,0
0.8655565,0,1
0.86605645,0,0
0.86655615,0,1
0.8670561,0,0
0.86755585,0,1
0.8680558,0,0
0.8685555,0,1
0.8690555,0,0
0.86955525,0,1
0.87005525,0,0
0.87055505,0,1
0.87105505,0,0
0.87155475,0,1
0.87205475,0,0
0.87255445,0,1
0.87305445,0,0
0.8735542,0,1
0.8740542,0,0
0.87455395,0,1
0.8750539,0,0
0.8755536,0,1
0.8760536,0,0
0.8765533,0,1
0.8770533,0,0
0.877553,0,1
0.878053,0,0
0.87855275,0,1
0.87905275,0,0
0.87955255,0,1
0.88005255,0,0
0.8805523,0,1
0.88105225,0,0
0.881552,0,1
0.882052,0,0
0.88255175,0,1
0.88305175,0,0
0.8835515,0,1
0.8840515,0,0
0.8845513,0,1
0.8850513,0,0
0.88555105,0,1
0.88605105,0,0
0.8865508,0,1
0.8870508,0,0
0.88755055,0,1
0.88805055,0,0
0.8885503,0,1
0.8890503,0,0
0.88955005,0,1
0.89005005,0,0
0.8905498,0,1
0.8910498,0,0
0.89154955,0,1
0.89204955,0,0
0.8925493,0,1
0.89304935,0,0
0.8935491,0,1
0.89404905,0,0
0.8945488,0,1
0.8950488,0,0
0.89554855,0,1
0.89604855,0,0
0.89654835,0,1
0.8970483,0,0
0.89754805,0,1
0.89804805,0,0
0.89854785,0,1
0.89904785,0,0
0.8995476,0,1
0.90004765,0,0
0.9005475,0,1
0.9010475,0,0
0.9015473,0,1
0.9020473,0,0
0.9025471,0,1
0.9030471,0,0
0.90354685,0,1
0.90404685,0,0
0.90454665,0,1
0.9050467,0,0
0.90554645,0,1
0.90604645,0,0
0.9065462,0,1
0.90704615,0,0
0.9075459,0,1
0.90804585,0,0
0.9085456,0,1
0.9090456,0,0
0.9095453,0,1
0.91004525,0,0
0.910545,0,1
0.91104495,0,0
0.91154465,0,1
0.91204455,0,0
0.91254425,0,1
0.91304425,0,0
0.9135439,0,1
0.9140439,0,0
0.9145436,0,1
0.9150435,0,0
0.91554325,0,1
0.91604325,0,0
0.916543,0,1
0.91704295,0,0
0.91754275,0,1
0.91804265,0,0
0.91854235,0,1
0.9190423,0,0
0.919542,0,1
0.9200419,0,0
0.9205416,0,1
0.92104155,0,0
0.92154125,0,1
0.9220412,0,0
0.9225409,0,1
0.92304085,0,0
0.92354055,0,1
0.9240405,0,0
0.9245402,0,1
0.9250402,0,0
0.9255399,0,1
0.92603985,0,0
0.92653955,0,1
0.92703955,0,0
0.9275393,0,1
0.9280392,0,0
0.92853895,0,1
0.9290389,0,0
0.9295386,0,1
0.93003855,0,0
0.93053825,0,1
0.9310382,0,0
0.93153785,0,1
0.9320378,0,0
0.9325375,0,1
0.93303745,0,0
0.93353715,0,1
0.93403715,0,0
0.93453685,0,1
0.93503685,0,0
0.9355366,0,1
0.93603655,0,0
0.9365363,0,1
0.93703625,0,0
0.937536,0,1
0.938036,0,0
0.93853575,0,1
0.9390357,0,0
0.93953545,0,1
0.9400355,0,0
0.94053525,0,1
0.9410352,0,0
0.9415349,0,1
0.94203485,0,0
0.94253455,0,1
0.9430345,0,0
0.9435342,0,1
0.9440342,0,0
0.94453385,0,1
0.9450338,0,0
0.9455335,0,1
0.94603345,0,0
0.94653315,0,1
0.9470331,0,0
0.9475328,0,1
0.94803275,0,0
0.94853245,0,1
0.9490324,0,0
0.9495321,0,1
0.9500321,0,0
0.9505318,0,1
0.95103175,0,0
0.95153145,0,1
0.95203145,0,0
0.95253115,0,1
0.95303115,0,0
0.95353085,0,1
0.9540308,0,0
0.9545305,0,1
0.9550305,0,0
0.9555302,0,1
0.9560302,0,0
0.9565299,0,1
0.95702985,0,0
0.95752955,0,1
0.9580295,0,0
0.9585292,0,1
0.9590291,0,0
0.9595288,0,1
0.96002875,0,0
0.9605284,0,1
0.96102835,0,0
0.96152805,0,1
0.96202795,0,0
0.96252765,0,1
0.96302755,0,0
0.96352725,0,1
0.9640272,0,0
0.9645269,0,1
0.96502685,0,0
0.96552655,0,1
0.96602645,0,0
0.9665261,0,1
0.967026,0,0
0.9675257,0,1
0.96802565,0,0
0.96852535,0,1
0.9690253,0,0
0.969525,0,1
0.97002495,0,0
0.9705247,0,1
0.97102465,0,0
0.97152435,0,1
0.9720243,0,0
0.97252395,0,1
0.9730239,0,0
0.97352355,0,1
0.9740235,0,0
0.97452315,0,1
0.9750231,0,0
0.9755228,0,1
0.97602275,0,0
0.9765224,0,1
0.97702235,0,0
0.9775221,0,1
0.97802205,0,0
0.97852175,0,1
0.9790217,0,0
0.9795214,0,1
0.98002135,0,0
0.98052105,0,1
0.981021,0,0
0.9815207,0,1
0.98202065,0,0
0.9825204,0,1
0.98302035,0,0
0.98352005,0,1
0.98402,0,0
0.9845197,0,1
0.98501965,0,0
0.9855194,0,1
0.98601935,0,0
0.9865191,0,1
0.98701905,0,0
0.98751875,0,1
0.9880187,0,0
0.98851845,0,1
0.98901835,0,0
0.98951805,0,1
0.990018,0,0
0.99051775,0,1
0.9910177,0,0
0.99151735,0,1
0.9920173,0,0
0.992517,0,1
0.9930169,0,0
0.9935166,0,1
0.99401655,0,0
0.99451625,0,1
0.99501625,0,0
0.9955159,0,1
0.99601585,0,0
0.9965155,0,1
0.99701545,0,0
0.9975151,0,1
0.998015,0,0
0.9985147,0,1
0.9990146,0,0
0.99951425,0,1
1.0000142,0,0
1.00051395,0,1
1.0010139,0,0
1.0015136,0,1
1.0020136,0,0
1.0025133,0,1
1.0030133,0,0
1.00351305,0,1
1.00401305,0,0
1.0045128,0,1
1.0050128,0,0
1.0055125,0,1
1.0060125,0,0
1.00651225,0,1
1.00701225,0,0
1.007512,0,1
1.00801195,0,0
1.0085117,0,1
1.00901165,0,0
1.0095114,0,1
1.0100114,0,0
1.01051115,0,1
1.01101115,0,0
1.01151085,0,1
1.0120108,0,0
1.0125105,0,1
1.01301045,0,0
1.01351015,0,1
1.0140101,0,0
1.01450975,0,1
1.0150097,0,0
1.01550945,0,1
1.0160094,0,0
1.0165091,0,1
1.01700905,0,0
1.0175088,0,1
1.0180088,0,0
1.01850845,0,1
1.0190084,0,0
1.01950805,0,1
1.020008,0,0
1.0205077,0,1
1.0210076,0,0
1.0215073,0,1
1.02200725,0,0
1.02250695,0,1
1.0230069,0,0
1.02350655,0,1
1.0240065,0,0
1.02450625,0,1
1.02500615,0,0
1.0255059,0,1
1.02600585,0,0
1.02650555,0,1
1.0270055,0,0
1.0275052,0,1
1.02800515,0,0
1.0285049,0,1
1.0290049,0,0
1.02950465,0,1
1.03000465,0,0
1.0305044,0,1
1.03100435,0,0
1.031504,0,1
1.032004,0,0
1.0325037,0,1
1.0330037,0,0
1.0335034,0,1
1.03400335,0,0
1.0345031,0,1
1.03500305,0,0
1.03550275,0,1
1.03600275,0,0
1.0365025,0,1
1.0370025,0,0
1.0375022,0,1
1.0380022,0,0
1.0385019,0,1
1.03900185,0,0
1.03950155,0,1
1.0400015,0,0
1.04050125,0,1
1.0410012,0,0
1.0415009,0,1
1.04200085,0,0
1.0425006,0,1
1.04300055,0,0
1.0435003,0,1
1.04400025,0,0
1.04449995,0,1
1.04499995,0,0
1.04549965,0,1
1.0459996,0,0
1.04649935,0,1
1.0469993,0,0
1.04749905,0,1
1.047999,0,0
1.04849875,0,1
1.0489987,0,0
1.0494984,0,1
1.0499984,0,0
1.05049815,0,1
1.05099815,0,0
1.05149795,0,1
1.0519979,0,0
1.05249765,0,1
1.05299765,0,0
1.05349735,0,1
1.05399735,0,0
1.05449715,0,1
1.0549972,0,0
1.05549695,0,1
1.0559969,0,0
1.05649665,0,1
1.0569966,0,0
1.0574963,0,1
1.0579963,0,0
1.05849605,0,1
1.05899605,0,0
1.0594958,0,1
1.05999575,0,0
1.06049545,0,1
1.06099545,0,0
1.0614952,0,1
1.06199515,0,0
1.06249485,0,1
1.06299485,0,0
1.06349455,0,1
1.06399455,0,0
1.0644943,0,1
1.06499425,0,0
1.065494,0,1
1.06599395,0,0
1.0664937,0,1
1.0669937,0,0
1.06749345,0,1
1.06799345,0,0
1.0684932,0,1
1.0689932,0,0
1.0694929,0,1
1.0699929,0,0
1.0704927,0,1
1.07099265,0,0
1.07149235,0,1
1.07199235,0,0
1.0724921,0,1
1.0729921,0,0
1.07349185,0,1
1.07399185,0,0
1.0744916,0,1
1.07499155,0,0
1.0754913,0,1
1.07599125,0,0
1.07649095,0,1
1.07699095,0,0
1.0774907,0,1
1.0779907,0,0
1.0784904,0,1
1.07899035,0,0
1.0794901,0,1
1.0799901,0,0
1.0804898,0,1
1.0809898,0,0
1.0814895,0,1
1.0819895,0,0
1.08248925,0,1
1.08298925,0,0
1.083489,0,1
1.083989,0,0
1.0844887,0,1
1.08498865,0,0
1.0854884,0,1
1.0859884,0,0
1.08648815,0,1
1.08698815,0,0
1.0874879,0,1
1.0879879,0,0
1.08848765,0,1
1.0889877,0,0
1.0894874,0,1
1.0899874,0,0
1.09048715,0,1
1.09098715,0,0
1.09148695,0,1
1.091987,0,0
1.0924867,0,1
1.0929867,0,0
1.0934864,0,1
1.0939864,0,0
1.09448615,0,1
1.09498615,0,0
1.0954859,0,1
1.0959859,0,0
1.09648565,0,1
1.09698565,0,0
1.09748535,0,1
1.09798535,0,0
1.0984851,0,1
1.09898505,0,0
1.0994848,0,1
1.09998475,0,0
1.1004845,0,1
1.10098445,0,0
1.1014842,0,1
1.1019842,0,0
1.10248395,0,1
1.10298395,0,0
1.1034837,0,1
1.10398365,0,0
1.10448335,0,1
1.10498335,0,0
1.1054831,0,1
1.1059831,0,0
1.1064828,0,1
1.10698275,0,0
1.10748245,0,1
1.10798235,0,0
1.10848205,0,1
1.108982,0,0
1.10948175,0,1
1.1099817,0,0
1.1104814,0,1
1.1109814,0,0
1.11148115,0,1
1.11198115,0,0
1.1124809,0,1
1.1129809,0,0
1.11348065,0,1
1.1139806,0,0
1.1144804,0,1
1.11498035,0,0
1.1154801,0,1
1.11598015,0,0
1.11647985,0,1
1.11697985,0,0
1.1174796,0,1
1.11797955,0,0
1.11847925,0,1
1.1189792,0,0
1.1194789,0,1
1.11997885,0,0
1.1204786,0,1
1.12097855,0,0
1.1214783,0,1
1.12197825,0,0
1.12247795,0,1
1.1229779,0,0
1.1234777,0,1
1.1239777,0,0
1.1244774,0,1
1.1249774,0,0
1.1254771,0,1
1.12597705,0,0
1.1264768,0,1
1.1269768,0,0
1.12747655,0,1
1.12797655,0,0
1.1284763,0,1
1.12897635,0,0
1.1294761,0,1
1.1299761,0,0
1.1304759,0,1
1.13097595,0,0
1.1314757,0,1
1.13197575,0,0
1.1324755,0,1
1.1329755,0,0
1.1334753,0,1
1.1339753,0,0
1.13447505,0,1
1.13497505,0,0
1.1354748,0,1
1.13597485,0,0
1.13647465,0,1
1.1369747,0,0
1.1374745,0,1
1.1379746,0,0
1.1384744,0,1
1.13897445,0,0
1.1394742,0,1
1.1399742,0,0
1.140474,0,1
1.14097405,0,0
1.1414739,0,1
1.1419739,0,0
1.14247365,0,1
1.14297365,0,0
1.14347335,0,1
1.1439733,0,0
1.1444731,0,1
1.1449731,0,0
1.1454729,0,1
1.145973,0,0
1.1464728,0,1
1.1469728,0,0
1.14747255,0,1
1.1479726,0,0
1.1484723,0,1
1.14897225,0,0
1.149472,0,1
1.14997205,0,0
1.15047185,0,1
1.15097185,0,0
1.1514716,0,1
1.1519716,0,0
1.15247135,0,1
1.15297135,0,0
1.1534711,0,1
1.1539711,0,0
1.15447085,0,1
1.1549708,0,0
1.15547055,0,1
1.15597055,0,0
1.1564703,0,1
1.1569703,0,0
1.15747005,0,1
1.1579701,0,0
1.1584698,0,1
1.1589698,0,0
1.1594696,0,1
1.1599696,0,0
1.1604694,0,1
1.16096945,0,0
1.16146925,0,1
1.1619693,0,0
1.16246905,0,1
1.1629691,0,0
1.1634689,0,1
1.16396895,0,0
1.1644687,0,1
1.1649687,0,0
1.16546845,0,1
1.16596855,0,0
1.1664683,0,1
1.16696835,0,0
1.16746815,0,1
1.1679682,0,0
1.16846795,0,1
1.168968,0,0
1.1694678,0,1
1.1699678,0,0
1.17046755,0,1
1.17096765,0,0
1.17146745,0,1
1.1719675,0,0
1.17246725,0,1
1.17296725,0,0
1.173467,0,1
1.17396695,0,0
1.1744667,0,1
1.1749667,0,0
1.17546645,0,1
1.17596645,0,0
1.17646625,0,1
1.17696625,0,0
1.17746595,0,1
1.17796595,0,0
1.1784657,0,1
1.17896565,0,0
1.17946535,0,1
1.17996525,0,0
1.180465,0,1
1.18096495,0,0
1.18146465,0,1
1.18196465,0,0
1.1824644,0,1
1.18296435,0,0
1.1834641,0,1
1.1839641,0,0
1.18446385,0,1
1.1849638,0,0
1.18546355,0,1
1.1859635,0,0
1.18646325,0,1
1.1869632,0,0
1.1874629,0,1
1.1879629,0,0
1.18846265,0,1
1.18896265,0,0
1.18946245,0,1
1.1899625,0,0
1.19046225,0,1
1.1909622,0,0
1.1914619,0,1
1.1919619,0,0
1.19246165,0,1
1.19296165,0,0
1.1934614,0,1
1.19396135,0,0
1.1944611,0,1
1.1949611,0,0
1.19546085,0,1
1.1959609,0,0
1.1964606,0,1
1.1969606,0,0
1.19746035,0,1
1.19796035,0,0
1.1984601,0,1
1.19896005,0,0
1.1994598,0,1
1.19995975,0,0
1.20045945,0,1
1.2009594,0,0
1.2014591,0,1
1.20195905,0,0
1.20245875,0,1
1.2029587,0,0
1.20345845,0,1
1.20395845,0,0
1.20445815,0,1
1.2049581,0,0
1.2054578,0,1
1.2059578,0,0
1.20645755,0,1
1.2069575,0,0
1.2074572,0,1
1.2079572,0,0
1.2084569,0,1
1.2089569,0,0
1.2094567,0,1
1.2099567,0,0
1.2104564,0,1
1.2109564,0,0
1.21145615,0,1
1.21195615,0,0
1.2124559,0,1
1.21295595,0,0
1.21345565,0,1
1.21395565,0,0
1.2144554,0,1
1.2149554,0,0
1.2154552,0,1
1.2159552,0,0
1.2164549,0,1
1.21695485,0,0
1.21745455,0,1
1.21795455,0,0
1.21845425,0,1
1.2189542,0,0
1.2194539,0,1
1.2199539,0,0
1.2204536,0,1
1.22095355,0,0
1.22145325,0,1
1.22195325,0,0
1.22245295,0,1
1.2229529,0,0
1.2234526,0,1
1.2239526,0,0
1.22445235,0,1
1.2249523,0,0
1.225452,0,1
1.225952,0,0
1.2264517,0,1
1.22695165,0,0
1.2274514,0,1
1.2279514,0,0
1.2284511,0,1
1.2289511,0,0
1.2294508,0,1
1.22995075,0,0
1.23045045,0,1
1.23095045,0,0
1.2314502,0,1
1.23195015,0,0
1.23244985,0,1
1.2329498,0,0
1.2334494,0,1
1.23394935,0,0
1.23444905,0,1
1.234949,0,0
1.2354487,0,1
1.23594865,0,0
1.23644835,0,1
1.23694835,0,0
1.23744805,0,1
1.237948,0,0
1.2384477,0,1
1.2389477,0,0
1.23944745,0,1
1.2399474,0,0
1.2404471,0,1
1.2409471,0,0
1.24144685,0,1
1.2419469,0,0
1.24244665,0,1
1.24294665,0,0
1.2434464,0,1
1.24394635,0,0
1.24444605,0,1
1.24494605,0,0
1.24544575,0,1
1.24594575,0,0
1.24644555,0,1
1.24694555,0,0
1.2474453,0,1
1.2479453,0,0
1.24844505,0,1
1.24894505,0,0
1.2494448,0,1
1.2499447,0,0
1.25044445,0,1
1.25094445,0,0
1.2514442,0,1
1.25194425,0,0
1.25244405,0,1
1.25294405,0,0
1.2534438,0,1
1.25394385,0,0
1.2544436,0,1
1.2549436,0,0
1.2554433,0,1
1.25594325,0,0
1.256443,0,1
1.25694295,0,0
1.2574427,0,1
1.2579427,0,0
1.25844245,0,1
1.25894245,0,0
1.25944225,0,1
1.2599423,0,0
1.26044205,0,1
1.26094205,0,0
1.26144185,0,1
1.2619419,0,0
1.26244165,0,1
1.2629417,0,0
1.26344145,0,1
1.26394145,0,0
1.2644412,0,1
1.2649412,0,0
1.265441,0,1
1.265941,0,0
1.26644075,0,1
1.26694075,0,0
1.2674405,0,1
1.26794045,0,0
1.26844015,0,1
1.26894015,0,0
1.26943985,0,1
1.2699398,0,0
1.27043955,0,1
1.27093955,0,0
1.27143935,0,1
1.27193935,0,0
1.27243915,0,1
1.27293915,0,0
1.27343895,0,1
1.27393895,0,0
1.27443865,0,1
1.2749386,0,0
1.27543835,0,1
1.27593835,0,0
1.2764381,0,1
1.2769381,0,0
1.2774379,0,1
1.2779379,0,0
1.27843765,0,1
1.2789376,0,0
1.2794373,0,1
1.27993725,0,0
1.280437,0,1
1.280937,0,0
1.28143675,0,1
1.28193675,0,0
1.2824365,0,1
1.2829365,0,0
1.28343615,0,1
1.28393615,0,0
1.28443585,0,1
1.28493585,0,0
1.28543555,0,1
1.28593545,0,0
1.28643515,0,1
1.28693515,0,0
1.2874349,0,1
1.28793485,0,0
1.2884346,0,1
1.28893455,0,0
1.2894342,0,1
1.2899342,0,0
1.290434,0,1
1.29093395,0,0
1.2914337,0,1
1.2919337,0,0
1.29243345,0,1
1.29293345,0,0
1.2934332,0,1
1.29393315,0,0
1.2944329,0,1
1.29493285,0,0
1.29543255,0,1
1.2959325,0,0
1.29643225,0,1
1.29693225,0,0
1.297432,0,1
1.297932,0,0
1.29843175,0,1
1.29893165,0,0
1.29943135,0,1
1.29993125,0,0
1.3004309,0,1
1.30093085,0,0
1.3014305,0,1
1.3019304,0,0
1.30243015,0,1
1.3029301,0,0
1.3034298,0,1
1.30392975,0,0
1.30442945,0,1
1.3049294,0,0
1.3054291,0,1
1.30592905,0,0
1.3064287,0,1
1.30692865,0,0
1.30742835,0,1
1.3079283,0,0
1.308428,0,1
1.30892795,0,0
1.30942765,0,1
1.3099276,0,0
1.3104273,0,1
1.31092725,0,0
1.311427,0,1
1.31192695,0,0
1.3124266,0,1
1.31292655,0,0
1.3134263,0,1
1.3139262,0,0
1.3144259,0,1
1.3149259,0,0
1.31542555,0,1
1.31592545,0,0
1.31642515,0,1
1.31692505,0,0
1.31742475,0,1
1.3179247,0,0
1.3184244,0,1
1.3189243,0,0
1.31942395,0,1
1.3199239,0,0
1.32042355,0,1
1.3209235,0,0
1.3214232,0,1
1.3219232,0,0
1.3224229,0,1
1.32292285,0,0
1.32342255,0,1
1.3239225,0,0
1.3244222,0,1
1.3249221,0,0
1.3254218,0,1
1.3259217,0,0
1.3264214,0,1
1.3269213,0,0
1.32742095,0,1
1.3279209,0,0
1.32842055,0,1
1.32892055,0,0
1.32942025,0,1
1.3299202,0,0
1.33041985,0,1
1.3309198,0,0
1.33141955,0,1
1.3319195,0,0
1.33241915,0,1
1.3329191,0,0
1.3334188,0,1
1.3339188,0,0
1.33441855,0,1
1.3349185,0,0
1.3354182,0,1
1.33591815,0,0
1.3364178,0,1
1.33691775,0,0
1.3374174,0,1
1.3379173,0,0
1.33841705,0,1
1.338917,0,0
1.3394167,0,1
1.33991665,0,0
1.34041635,0,1
1.3409163,0,0
1.34141595,0,1
1.34191585,0,0
1.34241555,0,1
1.3429154,0,0
1.343415,0,1
1.3439149,0,0
1.3444146,0,1
1.34491455,0,0
1.34541425,0,1
1.3459142,0,0
1.3464139,0,1
1.3469139,0,0
1.3474136,0,1
1.34791355,0,0
1.34841325,0,1
1.3489132,0,0
1.3494129,0,1
1.34991285,0,0
1.35041255,0,1
1.35091255,0,0
1.3514123,0,1
1.35191225,0,0
1.35241195,0,1
1.35291185,0,0
1.3534116,0,1
1.3539116,0,0
1.3544113,0,1
1.35491125,0,0
1.35541095,0,1
1.3559109,0,0
1.3564106,0,1
1.3569106,0,0
1.3574103,0,1
1.3579102,0,0
1.3584099,0,1
1.35890985,0,0
1.35940955,0,1
1.35990945,0,0
1.3604091,0,1
1.36090905,0,0
1.36140875,0,1
1.36190875,0,0
1.36240845,0,1
1.3629084,0,0
1.36340815,0,1
1.36390815,0,0
1.36440785,0,1
1.3649078,0,0
1.3654075,0,1
1.36590745,0,0
1.36640715,0,1
1.3669071,0,0
1.3674068,0,1
1.36790675,0,0
1.36840645,0,1
1.36890645,0,0
1.36940615,0,1
1.3699061,0,0
1.37040585,0,1
1.3709058,0,0
1.37140555,0,1
1.3719055,0,0
1.3724052,0,1
1.37290515,0,0
1.37340485,0,1
1.3739048,0,0
1.3744046,0,1
1.3749046,0,0
1.3754043,0,1
1.37590425,0,0
1.376404,0,1
1.37690395,0,0
1.37740365,0,1
1.3779036,0,0
1.37840335,0,1
1.3789033,0,0
1.379403,0,1
1.37990295,0,0
1.38040265,0,1
1.3809026,0,0
1.38140225,0,1
1.38190225,0,0
1.38240195,0,1
1.38290195,0,0
1.38340165,0,1
1.3839016,0,0
1.3844013,0,1
1.3849013,0,0
1.385401,0,1
1.385901,0,0
1.38640075,0,1
1.38690075,0,0
1.38740045,0,1
1.3879005,0,0
1.3884002,0,1
1.3889002,0,0
1.38939995,0,1
1.3898999,0,0
1.39039955,0,1
1.3908995,0,0
1.39139915,0,1
1.3918991,0,0
1.39239875,0,1
1.3928987,0,0
1.39339835,0,1
1.39389825,0,0
1.39439795,0,1
1.3948979,0,0
1.39539765,0,1
1.39589765,0,0
1.39639735,0,1
1.39689735,0,0
1.3973971,0,1
1.39789705,0,0
1.3983968,0,1
1.39889675,0,0
1.39939645,0,1
1.39989645,0,0
1.40039615,0,1
1.4008962,0,0
1.4013959,0,1
1.4018959,0,0
1.4023957,0,1
1.40289575,0,0
1.4033955,0,1
1.40389545,0,0
1.4043952,0,1
1.40489515,0,0
1.40539485,0,1
1.40589485,0,0
1.4063945,0,1
1.4068944,0,0
1.40739415,0,1
1.4078941,0,0
1.40839385,0,1
1.4088938,0,0
1.40939355,0,1
1.4098935,0,0
1.41039315,0,1
1.4108931,0,0
1.41139275,0,1
1.4118927,0,0
1.4123923,0,1
1.41289225,0,0
1.41339195,0,1
1.41389185,0,0
1.4143915,0,1
1.4148914,0,0
1.4153911,0,1
1.41589105,0,0
1.4163907,0,1
1.41689065,0,0
1.4173903,0,1
1.4178902,0,0
1.4183898,0,1
1.4188897,0,0
1.4193894,0,1
1.41988935,0,0
1.420389,0,1
1.4208889,0,0
1.4213886,0,1
1.4218885,0,0
1.42238815,0,1
1.42288805,0,0
1.4233877,0,1
1.42388765,0,0
1.4243873,0,1
1.4248873,0,0
1.4253869,0,1
1.4258868,0,0
1.42638645,0,1
1.42688635,0,0
1.42738605,0,1
1.427886,0,0
1.42838565,0,1
1.4288856,0,0
1.42938525,0,1
1.42988515,0,0
1.4303848,0,1
1.43088465,0,0
1.4313843,0,1
1.43188415,0,0
1.43238385,0,1
1.4328837,0,0
1.4333833,0,1
1.4338832,0,0
1.4343828,0,1
1.43488265,0,0
1.4353823,0,1
1.43588215,0,0
1.43638185,0,1
1.4368817,0,0
1.43738135,0,1
1.43788125,0,0
1.4383809,0,1
1.4388808,0,0
1.43938045,0,1
1.43988035,0,0
1.44037995,0,1
1.4408798,0,0
1.4413794,0,1
1.4418793,0,0
1.44237885,0,1
1.44287875,0,0
1.44337835,0,1
1.4438782,0,0
1.44437785,0,1
1.44487775,0,0
1.44537745,0,1
1.44587735,0,0
1.44637705,0,1
1.4468769,0,0
1.44737655,0,1
1.4478764,0,0
1.44837605,0,1
1.44887595,0,0
1.4493756,0,1
1.4498755,0,0
1.45037515,0,1
1.450875,0,0
1.45137465,0,1
1.4518745,0,0
1.45237415,0,1
1.45287405,0,0
1.45337375,0,1
1.45387365,0,0
1.4543733,0,1
1.4548732,0,0
1.45537285,0,1
1.4558728,0,0
1.45637245,0,1
1.45687235,0,0
1.45737205,0,1
1.457872,0,0
1.4583717,0,1
1.45887165,0,0
1.4593713,0,1
1.45987125,0,0
1.460371,0,1
1.46087095,0,0
1.4613707,0,1
1.46187065,0,0
1.4623704,0,1
1.4628704,0,0
1.4633701,0,1
1.46387005,0,0
1.46436975,0,1
1.4648697,0,0
1.4653694,0,1
1.46586935,0,0
1.46636905,0,1
1.466869,0,0
1.4673687,0,1
1.4678687,0,0
1.46836835,0,1
1.4688683,0,0
1.469368,0,1
1.46986795,0,0
1.4703677,0,1
1.47086765,0,0
1.47136735,0,1
1.4718673,0,0
1.47236695,0,1
1.4728669,0,0
1.47336655,0,1
1.4738665,0,0
1.4743662,0,1
1.47486615,0,0
1.47536585,0,1
1.47586575,0,0
1.4763655,0,1
1.4768654,0,0
1.4773651,0,1
1.477865,0,0
1.47836465,0,1
1.47886455,0,0
1.47936425,0,1
1.47986415,0,0
1.4803638,0,1
1.4808637,0,0
1.4813634,0,1
1.4818633,0,0
1.482363,0,1
1.4828629,0,0
1.4833626,0,1
1.4838625,0,0
1.4843622,0,1
1.48486205,0,0
1.4853617,0,1
1.4858616,0,0
1.4863613,0,1
1.4868612,0,0
1.4873609,0,1
1.4878608,0,0
1.48836055,0,1
1.48886045,0,0
1.48936005,0,1
1.48985995,0,0
1.49035965,0,1
1.49085955,0,0
1.4913593,0,1
1.49185925,0,0
1.492359,0,1
1.49285895,0,0
1.49335865,0,1
1.49385855,0,0
1.49435825,0,1
1.4948582,0,0
1.4953579,0,1
1.49585785,0,0
1.49635755,0,1
1.4968575,0,0
1.4973571,0,1
1.4978569,0,0
1.4983565,0,1
1.4988564,0,0
1.49935605,0,1
1.499856,0,0
1.50035565,0,1
1.50085545,0,0
1.5013551,0,1
1.501855,0,0
1.5023547,0,1
1.50285465,0,0
1.50335435,0,1
1.5038543,0,0
1.504354,0,1
1.50485395,0,0
1.50535365,0,1
1.5058536,0,0
1.50635335,0,1
1.5068533,0,0
1.50735295,0,1
1.5078529,0,0
1.50835255,0,1
1.5088525,0,0
1.50935215,0,1
1.50985205,0,0
1.51035175,0,1
1.51085165,0,0
1.51135135,0,1
1.51185125,0,0
1.5123509,0,1
1.5128508,0,0
1.51335045,0,1
1.51385035,0,0
1.51435005,0,1
1.51484995,0,0
1.51534965,0,1
1.5158496,0,0
1.51634935,0,1
1.5168493,0,0
1.51734895,0,1
1.5178489,0,0
1.51834855,0,1
1.5188486,0,0
1.5193483,0,1
1.51984825,0,0
1.52034795,0,1
1.5208479,0,0
1.5213476,0,1
1.52184755,0,0
1.52234725,0,1
1.5228472,0,0
1.5233469,0,1
1.52384685,0,0
1.52434655,0,1
1.5248465,0,0
1.5253462,0,1
1.52584615,0,0
1.5263459,0,1
1.52684585,0,0
1.52734555,0,1
1.5278455,0,0
1.5283452,0,1
1.52884515,0,0
1.52934485,0,1
1.52984475,0,0
1.53034445,0,1
1.5308444,0,0
1.5313441,0,1
1.53184405,0,0
1.5323437,0,1
1.53284355,0,0
1.5333432,0,1
1.5338431,0,0
1.53434275,0,1
1.53484265,0,0
1.5353423,0,1
1.5358422,0,0
1.53634185,0,1
1.53684175,0,0
1.53734145,0,1
1.5378414,0,0
1.53834105,0,1
1.538841,0,0
1.53934065,0,1
1.5398406,0,0
1.54034025,0,1
1.54084015,0,0
1.54133985,0,1
1.54183975,0,0
1.5423394,0,1
1.54283935,0,0
1.543339,0,1
1.5438389,0,0
1.5443386,0,1
1.5448385,0,0
1.5453382,0,1
1.5458381,0,0
1.5463378,0,1
1.5468377,0,0
1.54733735,0,1
1.5478373,0,0
1.548337,0,1
1.54883695,0,0
1.5493366,0,1
1.54983655,0,0
1.55033625,0,1
1.5508362,0,0
1.55133585,0,1
1.5518358,0,0
1.5523355,0,1
1.55283545,0,0
1.5533351,0,1
1.553835,0,0
1.5543347,0,1
1.5548347,0,0
1.5553344,0,1
1.55583435,0,0
1.5563341,0,1
1.55683405,0,0
1.5573337,0,1
1.55783365,0,0
1.5583334,0,1
1.55883335,0,0
1.55933305,0,1
1.559833,0,0
1.56033275,0,1
1.5608327,0,0
1.56133245,0,1
1.5618324,0,0
1.5623321,0,1
1.5628321,0,0
1.5633318,0,1
1.56383175,0,0
1.56433145,0,1
1.5648314,0,0
1.5653311,0,1
1.5658311,0,0
1.5663308,0,1
1.56683075,0,0
1.56733045,0,1
1.5678304,0,0
1.5683301,0,1
1.56883005,0,0
1.56932975,0,1
1.5698297,0,0
1.5703294,0,1
1.57082935,0,0
1.57132905,0,1
1.57182895,0,0
1.57232865,0,1
1.57282855,0,0
1.5733282,0,1
1.57382805,0,0
1.5743277,0,1
1.5748277,0,0
1.5753274,0,1
1.57582735,0,0
1.57632705,0,1
1.57682695,0,0
1.57732665,0,1
1.57782655,0,0
1.57832625,0,1
1.5788262,0,0
1.5793259,0,1
1.5798258,0,0
1.5803255,0,1
1.58082545,0,0
1.58132515,0,1
1.58182505,0,0
1.58232475,0,1
1.58282465,0,0
1.58332435,0,1
1.58382425,0,0
1.5843239,0,1
1.5848238,0,0
1.58532345,0,1
1.5858234,0,0
1.5863231,0,1
1.58682305,0,0
1.58732275,0,1
1.58782275,0,0
1.58832245,0,1
1.58882245,0,0
1.58932215,0,1
1.58982215,0,0
1.59032185,0,1
1.5908218,0,0
1.5913215,0,1
1.59182135,0,0
1.59232105,0,1
1.592821,0,0
1.5933207,0,1
1.59382065,0,0
1.59432045,0,1
1.59482045,0,0
1.5953202,0,1
1.59582015,0,0
1.59631985,0,1
1.59681975,0,0
1.5973195,0,1
1.5978195,0,0
1.59831925,0,1
1.5988192,0,0
1.59931885,0,1
1.5998188,0,0
1.60031855,0,1
1.6008185,0,0
1.60131825,0,1
1.60181825,0,0
1.602318,0,1
1.602818,0,0
1.60331775,0,1
1.60381775,0,0
1.6043175,0,1
1.60481745,0,0
1.60531725,0,1
1.60581725,0,0
1.606317,0,1
1.606817,0,0
1.6073167,0,1
1.6078166,0,0
1.6083163,0,1
1.6088163,0,0
1.60931605,0,1
1.609816,0,0
1.61031575,0,1
1.61081575,0,0
1.6113155,0,1
1.6118155,0,0
1.61231525,0,1
1.61281525,0,0
1.61331495,0,1
1.61381495,0,0
1.61431465,0,1
1.61481465,0,0
1.61531435,0,1
1.6158144,0,0
1.61631415,0,1
1.6168142,0,0
1.61731395,0,1
1.617814,0,0
1.61831375,0,1
1.61881375,0,0
1.6193135,0,1
1.61981345,0,0
1.6203132,0,1
1.6208132,0,0
1.62131295,0,1
1.62181295,0,0
1.62231275,0,1
1.6228128,0,0
1.62331255,0,1
1.62381255,0,0
1.62431225,0,1
1.62481215,0,0
1.62531185,0,1
1.6258118,0,0
1.6263115,0,1
1.62681145,0,0
1.6273111,0,1
1.62781105,0,0
1.6283107,0,1
1.62881065,0,0
1.6293103,0,1
1.62981025,0,0
1.63030995,0,1
1.6308099,0,0
1.63130965,0,1
1.6318096,0,0
1.63230935,0,1
1.63280935,0,0
1.6333091,0,1
1.6338091,0,0
1.63430885,0,1
1.6348089,0,0
1.63530865,0,1
1.6358087,0,0
1.63630845,0,1
1.63680845,0,0
1.63730815,0,1
1.6378081,0,0
1.6383079,0,1
1.6388079,0,0
1.63930765,0,1
1.63980765,0,0
1.6403074,0,1
1.6408074,0,0
1.64130715,0,1
1.64180715,0,0
1.64230685,0,1
1.6428068,0,0
1.6433065,0,1
1.6438065,0,0
1.64430625,0,1
1.64480625,0,0
1.645306,0,1
1.645806,0,0
1.64630575,0,1
1.64680575,0,0
1.64730555,0,1
1.64780555,0,0
1.6483053,0,1
1.64880525,0,0
1.649305,0,1
1.649805,0,0
1.65030475,0,1
1.65080475,0,0
1.6513045,0,1
1.6518045,0,0
1.6523043,0,1
1.6528043,0,0
1.65330405,0,1
1.65380405,0,0
1.65430385,0,1
1.65480385,0,0
1.6553036,0,1
1.6558036,0,0
1.65630335,0,1
1.6568033,0,0
1.6573031,0,1
1.6578031,0,0
1.6583028,0,1
1.65880285,0,0
1.6593026,0,1
1.6598026,0,0
1.6603023,0,1
1.66080235,0,0
1.6613021,0,1
1.66180215,0,0
1.6623019,0,1
1.66280195,0,0
1.6633017,0,1
1.66380175,0,0
1.6643015,0,1
1.6648015,0,0
1.6653012,0,1
1.6658012,0,0
1.66630095,0,1
1.6668009,0,0
1.66730065,0,1
1.66780065,0,0
1.66830035,0,1
1.66880035,0,0
1.6693001,0,1
1.66980005,0,0
1.6702998,0,1
1.67079985,0,0
1.67129965,0,1
1.67179965,0,0
1.6722994,0,1
1.67279945,0,0
1.67329925,0,1
1.67379925,0,0
1.674299,0,1
1.67479895,0,0
1.67529865,0,1
1.6757986,0,0
1.67629835,0,1
1.67679825,0,0
1.67729795,0,1
1.67779795,0,0
1.67829765,0,1
1.6787976,0,0
1.67929735,0,1
1.6797973,0,0
1.68029705,0,1
1.680797,0,0
1.68129675,0,1
1.68179675,0,0
1.68229645,0,1
1.68279645,0,0
1.6832962,0,1
1.6837962,0,0
1.68429595,0,1
1.6847959,0,0
1.68529565,0,1
1.6857956,0,0
1.68629535,0,1
1.68679525,0,0
1.68729495,0,1
1.6877949,0,0
1.68829465,0,1
1.6887946,0,0
1.6892943,0,1
1.68979425,0,0
1.69029395,0,1
1.6907939,0,0
1.6912936,0,1
1.6917936,0,0
1.6922933,0,1
1.69279325,0,0
1.693293,0,1
1.69379295,0,0
1.69429265,0,1
1.6947926,0,0
1.6952923,0,1
1.69579225,0,0
1.69629195,0,1
1.69679195,0,0
1.69729165,0,1
1.6977916,0,0
1.6982913,0,1
1.6987913,0,0
1.699291,0,1
1.69979095,0,0
1.70029065,0,1
1.7007906,0,0
1.7012903,0,1
1.7017903,0,0
1.70229005,0,1
1.70278995,0,0
1.7032897,0,1
1.70378965,0,0
1.70428935,0,1
1.70478935,0,0
1.7052891,0,1
1.7057891,0,0
1.70628885,0,1
1.70678885,0,0
1.7072886,0,1
1.70778855,0,0
1.70828825,0,1
1.70878825,0,0
1.70928795,0,1
1.70978795,0,0
1.71028765,0,1
1.7107877,0,0
1.71128745,0,1
1.71178745,0,0
1.71228725,0,1
1.7127873,0,0
1.7132871,0,1
1.7137871,0,0
1.71428685,0,1
1.7147869,0,0
1.71528665,0,1
1.7157867,0,0
1.71628645,0,1
1.7167864,0,0
1.71728605,0,1
1.71778595,0,0
1.71828555,0,1
1.7187855,0,0
1.7192852,0,1
1.71978515,0,0
1.7202849,0,1
1.7207849,0,0
1.72128455,0,1
1.72178445,0,0
1.72228415,0,1
1.7227841,0,0
1.7232838,0,1
1.7237837,0,0
1.7242834,0,1
1.72478335,0,0
1.72528305,0,1
1.72578295,0,0
1.72628265,0,1
1.7267826,0,0
1.72728225,0,1
1.72778215,0,0
1.7282818,0,1
1.72878175,0,0
1.7292814,0,1
1.7297813,0,0
1.73028095,0,1
1.7307809,0,0
1.7312806,0,1
1.7317805,0,0
1.7322802,0,1
1.7327802,0,0
1.7332799,0,1
1.7337798,0,0
1.73427945,0,1
1.7347794,0,0
1.73527905,0,1
1.73577895,0,0
1.7362787,0,1
1.73677855,0,0
1.73727825,0,1
1.73777815,0,0
1.7382778,0,1
1.73877775,0,0
1.7392774,0,1
1.73977735,0,0
1.7402771,0,1
1.74077705,0,0
1.74127675,0,1
1.7417767,0,0
1.74227635,0,1
1.7427762,0,0
1.7432759,0,1
1.74377585,0,0
1.7442756,0,1
1.74477555,0,0
1.7452752,0,1
1.74577515,0,0
1.74627485,0,1
1.7467748,0,0
1.74727445,0,1
1.7477744,0,0
1.74827415,0,1
1.74877415,0,0
1.74927385,0,1
1.7497738,0,0
1.75027355,0,1
1.75077355,0,0
1.75127325,0,1
1.7517732,0,0
1.75227295,0,1
1.75277295,0,0
1.75327275,0,1
1.7537727,0,0
1.75427245,0,1
1.75477245,0,0
1.7552722,0,1
1.7557722,0,0
1.75627195,0,1
1.75677195,0,0
1.7572717,0,1
1.75777165,0,0
1.7582714,0,1
1.7587714,0,0
1.7592712,0,1
1.7597712,0,0
1.76027095,0,1
1.76077095,0,0
1.76127075,0,1
1.76177075,0,0
1.7622705,0,1
1.7627705,0,0
1.76327025,0,1
1.7637702,0,0
1.76426995,0,1
1.76476995,0,0
1.76526975,0,1
1.7657697,0,0
1.76626945,0,1
1.76676945,0,0
1.7672692,0,1
1.7677692,0,0
1.768269,0,1
1.76876895,0,0
1.76926865,0,1
1.76976865,0,0
1.77026835,0,1
1.7707683,0,0
1.77126805,0,1
1.77176805,0,0
1.7722678,0,1
1.7727678,0,0
1.7732675,0,1
1.77376745,0,0
1.7742672,0,1
1.77476715,0,0
1.7752668,0,1
1.77576675,0,0
1.77626645,0,1
1.7767664,0,0
1.77726615,0,1
1.77776615,0,0
1.77826595,0,1
1.77876595,0,0
1.77926575,0,1
1.77976575,0,0
1.7802655,0,1
1.78076555,0,0
1.78126535,0,1
1.78176535,0,0
1.7822651,0,1
1.78276515,0,0
1.78326495,0,1
1.78376495,0,0
1.78426475,0,1
1.78476475,0,0
1.78526445,0,1
1.7857644,0,0
1.78626415,0,1
1.7867642,0,0
1.78726395,0,1
1.78776395,0,0
1.7882637,0,1
1.78876375,0,0
1.7892635,0,1
1.78976355,0,0
1.7902633,0,1
1.79076335,0,0
1.7912631,0,1
1.79176315,0,0
1.7922629,0,1
1.79276295,0,0
1.7932627,0,1
1.7937627,0,0
1.79426245,0,1
1.79476245,0,0
1.79526215,0,1
1.79576215,0,0
1.7962619,0,1
1.7967619,0,0
1.79726165,0,1
1.7977617,0,0
1.7982615,0,1
1.7987615,0,0
1.7992613,0,1
1.7997613,0,0
1.80026105,0,1
1.80076105,0,0
1.8012608,0,1
1.8017608,0,0
1.80226055,0,1
1.8027605,0,0
1.8032603,0,1
1.8037603,0,0
1.8042601,0,1
1.80476005,0,0
1.8052598,0,1
1.80575975,0,0
1.8062595,0,1
1.80675955,0,0
1.8072593,0,1
1.8077593,0,0
1.808259,0,1
1.808759,0,0
1.80925875,0,1
1.80975875,0,0
1.81025845,0,1
1.81075845,0,0
1.81125815,0,1
1.81175815,0,0
1.8122579,0,1
1.81275785,0,0
1.81325755,0,1
1.81375755,0,0
1.8142573,0,1
1.81475725,0,0
1.815257,0,1
1.815757,0,0
1.8162567,0,1
1.8167567,0,0
1.8172564,0,1
1.8177564,0,0
1.81825615,0,1
1.81875625,0,0
1.81925605,0,1
1.81975605,0,0
1.82025585,0,1
1.82075585,0,0
1.8212557,0,1
1.82175575,0,0
1.82225555,0,1
1.82275565,0,0
1.8232555,0,1
1.8237556,0,0
1.82425535,0,1
1.82475535,0,0
1.8252551,0,1
1.8257551,0,0
1.8262548,0,1
1.82675475,0,0
1.8272545,0,1
1.82775445,0,0
1.8282542,0,1
1.82875415,0,0
1.8292539,0,1
1.8297539,0,0
1.8302537,0,1
1.8307537,0,0
1.83125345,0,1
1.8317535,0,0
1.8322532,0,1
1.83275325,0,0
1.833253,0,1
1.83375295,0,0
1.8342527,0,1
1.83475265,0,0
1.8352524,0,1
1.83575235,0,0
1.83625215,0,1
1.8367521,0,0
1.83725185,0,1
1.8377518,0,0
1.8382515,0,1
1.83875145,0,0
1.8392512,0,1
1.8397512,0,0
1.8402509,0,1
1.84075085,0,0
1.8412506,0,1
1.84175055,0,0
1.84225025,0,1
1.8427502,0,0
1.8432499,0,1
1.8437498,0,0
1.8442495,0,1
1.8447494,0,0
1.84524905,0,1
1.845749,0,0
1.84624865,0,1
1.8467486,0,0
1.8472483,0,1
1.8477483,0,0
1.848248,0,1
1.848748,0,0
1.84924775,0,1
1.8497477,0,0
1.8502474,0,1
1.8507474,0,0
1.8512471,0,1
1.8517471,0,0
1.85224675,0,1
1.8527467,0,0
1.8532464,0,1
1.85374635,0,0
1.85424605,0,1
1.854746,0,0
1.8552457,0,1
1.85574565,0,0
1.85624535,0,1
1.8567453,0,0
1.857245,0,1
1.8577449,0,0
1.85824455,0,1
1.8587445,0,0
1.85924415,0,1
1.85974405,0,0
1.86024375,0,1
1.86074365,0,0
1.86124335,0,1
1.8617433,0,0
1.86224305,0,1
1.86274295,0,0
1.86324265,0,1
1.8637426,0,0
1.8642423,0,1
1.8647422,0,0
1.8652419,0,1
1.8657418,0,0
1.8662415,0,1
1.86674145,0,0
1.8672412,0,1
1.8677411,0,0
1.8682408,0,1
1.86874075,0,0
1.86924045,0,1
1.8697404,0,0
1.87024005,0,1
1.87074005,0,0
1.87123975,0,1
1.8717397,0,0
1.8722394,0,1
1.8727394,0,0
1.87323915,0,1
1.8737391,0,0
1.8742388,0,1
1.87473875,0,0
1.87523845,0,1
1.8757384,0,0
1.8762381,0,1
1.8767381,0,0
1.8772378,0,1
1.8777378,0,0
1.8782375,0,1
1.87873745,0,0
1.87923715,0,1
1.87973715,0,0
1.88023685,0,1
1.8807368,0,0
1.8812365,0,1
1.8817365,0,0
1.8822362,0,1
1.88273615,0,0
1.8832358,0,1
1.88373575,0,0
1.88423545,0,1
1.8847354,0,0
1.88523505,0,1
1.885735,0,0
1.88623475,0,1
1.8867347,0,0
1.88723445,0,1
1.8877344,0,0
1.8882341,0,1
1.88873405,0,0
1.8892338,0,1
1.8897338,0,0
1.8902335,0,1
1.89073345,0,0
1.8912332,0,1
1.89173315,0,0
1.8922329,0,1
1.8927329,0,0
1.8932326,0,1
1.8937326,0,0
1.89423235,0,1
1.8947324,0,0
1.8952322,0,1
1.8957322,0,0
1.89623195,0,1
1.89673195,0,0
1.89723175,0,1
1.89773175,0,0
1.8982315,0,1
1.8987315,0,0
1.8992313,0,1
1.8997313,0,0
1.90023105,0,1
1.90073105,0,0
1.9012308,0,1
1.9017308,0,0
1.90223055,0,1
1.90273055,0,0
1.9032303,0,1
1.90373035,0,0
1.90423015,0,1
1.9047302,0,0
1.90522995,0,1
1.90573005,0,0
1.90622985,0,1
1.9067299,0,0
1.9072297,0,1
1.9077297,0,0
1.9082295,0,1
1.9087295,0,0
1.90922925,0,1
1.9097292,0,0
1.9102289,0,1
1.9107289,0,0
1.9112286,0,1
1.91172855,0,0
1.9122283,0,1
1.9127283,0,0
1.91322805,0,1
1.913728,0,0
1.9142277,0,1
1.9147276,0,0
1.91522735,0,1
1.9157273,0,0
1.916227,0,1
1.91672685,0,0
1.9172265,0,1
1.91772645,0,0
1.9182261,0,1
1.918726,0,0
1.91922565,0,1
1.9197256,0,0
1.9202253,0,1
1.92072525,0,0
1.92122495,0,1
1.92172495,0,0
1.92222465,0,1
1.9227246,0,0
1.9232243,0,1
1.9237243,0,0
1.924224,0,1
1.924724,0,0
1.9252237,0,1
1.92572365,0,0
1.9262234,0,1
1.92672345,0,0
1.92722315,0,1
1.92772315,0,0
1.92822285,0,1
1.92872285,0,0
1.9292226,0,1
1.9297226,0,0
1.93022235,0,1
1.93072235,0,0
1.93122215,0,1
1.93172215,0,0
1.9322219,0,1
1.93272195,0,0
1.93322175,0,1
1.93372175,0,0
1.93422145,0,1
1.9347215,0,0
1.9352213,0,1
1.93572135,0,0
1.9362211,0,1
1.9367211,0,0
1.9372209,0,1
1.9377209,0,0
1.9382206,0,1
1.93872065,0,0
1.9392204,0,1
1.9397204,0,0
1.94022015,0,1
1.94072015,0,0
1.9412199,0,1
1.9417199,0,0
1.94221965,0,1
1.94271965,0,0
1.9432194,0,1
1.9437194,0,0
1.94421925,0,1
1.9447193,0,0
1.94521905,0,1
1.94571905,0,0
1.9462188,0,1
1.94671885,0,0
1.94721865,0,1
1.9477187,0,0
1.9482185,0,1
1.94871855,0,0
1.94921835,0,1
1.94971835,0,0
1.9502181,0,1
1.95071815,0,0
1.95121795,0,1
1.951718,0,0
1.9522178,0,1
1.95271785,0,0
1.95321765,0,1
1.95371765,0,0
1.9542175,0,1
1.9547176,0,0
1.9552174,0,1
1.9557174,0,0
1.95621715,0,1
1.95671715,0,0
1.9572169,0,1
1.9577169,0,0
1.9582166,0,1
1.95871655,0,0
1.95921635,0,1
1.95971635,0,0
1.96021615,0,1
1.9607162,0,0
1.96121595,0,1
1.961716,0,0
1.9622158,0,1
1.9627158,0,0
1.96321555,0,1
1.9637156,0,0
1.9642154,0,1
1.96471545,0,0
1.9652152,0,1
1.9657152,0,0
1.966215,0,1
1.96671505,0,0
1.9672148,0,1
1.9677148,0,0
1.96821455,0,1
1.96871465,0,0
1.9692145,0,1
1.96971455,0,0
1.97021435,0,1
1.9707144,0,0
1.9712142,0,1
1.97171425,0,0
1.97221405,0,1
1.97271405,0,0
1.9732138,0,1
1.97371385,0,0
1.9742136,0,1
1.97471365,0,0
1.97521335,0,1
1.9757134,0,0
1.97621315,0,1
1.97671315,0,0
1.9772129,0,1
1.9777129,0,0
1.9782127,0,1
1.9787127,0,0
1.97921245,0,1
1.9797125,0,0
1.98021225,0,1
1.9807123,0,0
1.98121215,0,1
1.9817122,0,0
1.982212,0,1
1.98271205,0,0
1.98321185,0,1
1.9837119,0,0
1.98421175,0,1
1.9847118,0,0
1.9852116,0,1
1.9857116,0,0
1.9862114,0,1
1.9867114,0,0
1.98721115,0,1
1.98771115,0,0
1.9882109,0,1
1.9887109,0,0
1.9892106,0,1
1.9897106,0,0
1.99021035,0,1
1.99071035,0,0
1.99121005,0,1
1.9917101,0,0
1.99220985,0,1
1.99270985,0,0
1.99320955,0,1
1.99370955,0,0
1.99420925,0,1
1.99470925,0,0
1.995209,0,1
1.99570895,0,0
1.99620865,0,1
1.99670865,0,0
1.99720835,0,1
1.9977083,0,0
1.99820805,0,1
1.998708,0,0
1.99920775,0,1
1.9997077,0,0
2.0002074,0,1
2.00070735,0,0
2.0012071,0,1
2.0017071,0,0
2.00220685,0,1
2.0027068,0,0
2.00320655,0,1
2.00370655,0,0
2.0042063,0,1
2.0047063,0,0
2.0052061,0,1
2.00570615,0,0
2.00620595,0,1
2.00670595,0,0
2.00720575,0,1
2.0077058,0,0
2.0082056,0,1
2.0087056,0,0
2.00920535,0,1
2.00970535,0,0
2.0102051,0,1
2.0107051,0,0
2.01120485,0,1
2.01170495,0,0
2.01220475,0,1
2.0127048,0,0
2.0132046,0,1
2.0137046,0,0
2.0142044,0,1
2.0147044,0,0
2.0152042,0,1
2.0157043,0,0
2.0162041,0,1
2.01670415,0,0
2.01720395,0,1
2.017704,0,0
2.0182038,0,1
2.01870385,0,0
2.0192036,0,1
2.01970365,0,0
2.02020345,0,1
2.0207035,0,0
2.0212033,0,1
2.02170335,0,0
2.02220315,0,1
2.02270315,0,0
2.02320295,0,1
2.023703,0,0
2.02420285,0,1
2.02470285,0,0
2.02520265,0,1
2.02570275,0,0
2.02620255,0,1
2.0267026,0,0
2.02720245,0,1
2.0277025,0,0
2.0282023,0,1
2.0287023,0,0
2.0292021,0,1
2.02970215,0,0
2.03020195,0,1
2.03070195,0,0
2.03120175,0,1
2.03170185,0,0
2.0322016,0,1
2.03270165,0,0
2.03320145,0,1
2.0337015,0,0
2.0342013,0,1
2.03470135,0,0
2.03520115,0,1
2.0357012,0,0
2.036201,0,1
2.03670105,0,0
2.0372009,0,1
2.03770095,0,0
2.0382008,0,1
2.03870085,0,0
2.03920065,0,1
2.0397007,0,0
2.0402005,0,1
2.04070055,0,0
2.0412004,0,1
2.04170045,0,0
2.0422002,0,1
2.0427002,0,0
2.0432,0,1
2.04370005,0,0
2.04419985,0,1
2.0446999,0,0
2.0451997,0,1
2.04569975,0,0
2.04619955,0,1
2.0466996,0,0
2.04719945,0,1
2.04769955,0,0
2.0481994,0,1
2.0486995,0,0
2.04919935,0,1
2.0496994,0,0
2.0501992,0,1
2.05069925,0,0
2.0511991,0,1
2.05169915,0,0
2.05219895,0,1
2.052699,0,0
2.0531988,0,1
2.05369885,0,0
2.0541986,0,1
2.05469855,0,0
2.0551983,0,1
2.05569835,0,0
2.0561981,0,1
2.0566982,0,0
2.05719805,0,1
2.0576981,0,0
2.05819795,0,1
2.058698,0,0
2.0591978,0,1
2.05969785,0,0
2.06019765,0,1
2.0606977,0,0
2.0611975,0,1
2.06169755,0,0
2.0621973,0,1
2.06269735,0,0
2.06319715,0,1
2.0636972,0,0
2.064197,0,1
2.06469705,0,0
2.06519685,0,1
2.0656969,0,0
2.0661967,0,1
2.06669675,0,0
2.0671965,0,1
2.06769655,0,0
2.0681964,0,1
2.06869645,0,0
2.06919625,0,1
2.06969625,0,0
2.07019605,0,1
2.0706961,0,0
2.0711959,0,1
2.07169595,0,0
2.0721957,0,1
2.0726957,0,0
2.0731955,0,1
2.07369555,0,0
2.07419535,0,1
2.07469535,0,0
2.07519515,0,1
2.0756952,0,0
2.076195,0,1
2.07669505,0,0
2.0771948,0,1
2.07769485,0,0
2.07819455,0,1
2.07869455,0,0
2.0791943,0,1
2.0796943,0,0
2.0801941,0,1
2.08069415,0,0
2.0811939,0,1
2.0816939,0,0
2.0821937,0,1
2.0826937,0,0
2.08319345,0,1
2.08369345,0,0
2.0841932,0,1
2.08469325,0,0
2.085193,0,1
2.08569295,0,0
2.08619265,0,1
2.0866927,0,0
2.08719245,0,1
2.0876925,0,0
2.0881923,0,1
2.08869235,0,0
2.08919215,0,1
2.0896922,0,0
2.09019205,0,1
2.0906921,0,0
2.0911919,0,1
2.0916919,0,0
2.0921917,0,1
2.09269175,0,0
2.09319155,0,1
2.0936916,0,0
2.0941914,0,1
2.09469145,0,0
2.09519125,0,1
2.0956913,0,0
2.0961911,0,1
2.09669115,0,0
2.09719095,0,1
2.09769105,0,0
2.09819085,0,1
2.09869085,0,0
2.09919065,0,1
2.09969065,0,0
2.10019045,0,1
2.10069045,0,0
2.1011902,0,1
2.10169025,0,0
2.10219005,0,1
2.1026901,0,0
2.10318985,0,1
2.1036899,0,0
2.1041897,0,1
2.10468975,0,0
2.1051895,0,1
2.10568955,0,0
2.10618935,0,1
2.1066894,0,0
2.1071892,0,1
2.1076892,0,0
2.10818905,0,1
2.1086891,0,0
2.10918895,0,1
2.109689,0,0
2.1101888,0,1
2.11068885,0,0
2.11118865,0,1
2.1116887,0,0
2.1121885,0,1
2.1126885,0,0
2.1131883,0,1
2.11368835,0,0
2.1141881,0,1
2.1146881,0,0
2.1151879,0,1
2.1156879,0,0
2.1161877,0,1
2.1166877,0,0
2.1171875,0,1
2.1176875,0,0
2.11818725,0,1
2.11868725,0,0
2.11918705,0,1
2.11968705,0,0
2.1201868,0,1
2.12068675,0,0
2.12118645,0,1
2.12168645,0,0
2.12218625,0,1
2.1226863,0,0
2.12318605,0,1
2.1236861,0,0
2.12418585,0,1
2.12468595,0,0
2.12518575,0,1
2.1256858,0,0
2.1261856,0,1
2.12668565,0,0
2.1271854,0,1
2.12768545,0,0
2.12818525,0,1
2.1286853,0,0
2.12918505,0,1
2.12968505,0,0
2.1301848,0,1
2.13068485,0,0
2.1311846,0,1
2.1316846,0,0
2.1321844,0,1
2.13268445,0,0
2.1331842,0,1
2.1336843,0,0
2.1341841,0,1
2.1346841,0,0
2.13518385,0,1
2.1356839,0,0
2.1361837,0,1
2.1366837,0,0
2.1371835,0,1
2.1376836,0,0
2.1381834,0,1
2.13868345,0,0
2.13918325,0,1
2.13968325,0,0
2.14018305,0,1
2.14068315,0,0
2.14118295,0,1
2.141683,0,0
2.1421828,0,1
2.14268285,0,0
2.14318265,0,1
2.1436827,0,0
2.14418245,0,1
2.1446825,0,0
2.14518225,0,1
2.1456823,0,0
2.14618205,0,1
2.1466821,0,0
2.14718185,0,1
2.14768185,0,0
2.14818165,0,1
2.14868165,0,0
2.14918145,0,1
2.14968145,0,0
2.15018115,0,1
2.1506812,0,0
2.15118105,0,1
2.1516811,0,0
2.15218095,0,1
2.152681,0,0
2.1531808,0,1
2.1536808,0,0
2.15418055,0,1
2.1546805,0,0
2.15518025,0,1
2.15568035,0,0
2.15618015,0,1
2.1566802,0,0
2.15718,0,1
2.15768005,0,0
2.15817985,0,1
2.15867985,0,0
2.15917965,0,1
2.1596797,0,0
2.1601795,0,1
2.16067955,0,0
2.1611793,0,1
2.16167935,0,0
2.1621791,0,1
2.1626791,0,0
2.1631788,0,1
2.1636788,0,0
2.1641786,0,1
2.16467865,0,0
2.16517845,0,1
2.1656785,0,0
2.1661783,0,1
2.1666784,0,0
2.16717815,0,1
2.16767815,0,0
2.1681779,0,1
2.16867795,0,0
2.1691777,0,1
2.16967765,0,0
2.1701774,0,1
2.1706774,0,0
2.1711771,0,1
2.1716771,0,0
2.17217685,0,1
2.1726768,0,0
2.17317655,0,1
2.17367655,0,0
2.17417625,0,1
2.17467625,0,0
2.17517595,0,1
2.17567595,0,0
2.1761757,0,1
2.17667565,0,0
2.1771754,0,1
2.17767535,0,0
2.17817505,0,1
2.17867505,0,0
2.1791748,0,1
2.1796748,0,0
2.18017455,0,1
2.18067455,0,0
2.1811743,0,1
2.18167435,0,0
2.18217415,0,1
2.18267415,0,0
2.18317385,0,1
2.1836739,0,0
2.1841736,0,1
2.1846735,0,0
2.1851732,0,1
2.18567315,0,0
2.18617285,0,1
2.1866728,0,0
2.18717255,0,1
2.18767255,0,0
2.18817225,0,1
2.1886722,0,0
2.1891719,0,1
2.18967185,0,0
2.19017155,0,1
2.1906715,0,0
2.1911712,0,1
2.19167115,0,0
2.19217095,0,1
2.19267095,0,0
2.19317065,0,1
2.1936706,0,0
2.1941703,0,1
2.19467025,0,0
2.19517,0,1
2.19566995,0,0
2.1961697,0,1
2.1966697,0,0
2.19716945,0,1
2.19766945,0,0
2.1981692,0,1
2.1986692,0,0
2.1991689,0,1
2.1996689,0,0
2.20016865,0,1
2.20066865,0,0
2.2011684,0,1
2.2016684,0,0
2.20216815,0,1
2.2026682,0,0
2.20316795,0,1
2.20366795,0,0
2.2041677,0,1
2.2046677,0,0
2.20516745,0,1
2.20566745,0,0
2.2061672,0,1
2.2066672,0,0
2.20716695,0,1
2.20766695,0,0
2.20816665,0,1
2.20866665,0,0
2.20916635,0,1
2.20966635,0,0
2.21016605,0,1
2.21066605,0,0
2.21116575,0,1
2.21166575,0,0
2.2121655,0,1
2.2126655,0,0
2.21316525,0,1
2.21366525,0,0
2.214165,0,1
2.214665,0,0
2.21516475,0,1
2.21566475,0,0
2.2161645,0,1
2.2166645,0,0
2.21716415,0,1
2.21766415,0,0
2.2181639,0,1
2.21866385,0,0
2.2191636,0,1
2.21966365,0,0
2.22016335,0,1
2.2206633,0,0
2.22116305,0,1
2.22166305,0,0
2.2221628,0,1
2.2226628,0,0
2.2231625,0,1
2.22366245,0,0
2.22416215,0,1
2.22466215,0,0
2.2251619,0,1
2.22566185,0,0
2.22616155,0,1
2.2266615,0,0
2.22716125,0,1
2.22766125,0,0
2.22816105,0,1
2.22866105,0,0
2.2291608,0,1
2.2296608,0,0
2.23016055,0,1
2.23066055,0,0
2.2311603,0,1
2.2316603,0,0
2.23216005,0,1
2.23266,0,0
2.23315975,0,1
2.23365975,0,0
2.2341595,0,1
2.23465955,0,0
2.2351593,0,1
2.2356593,0,0
2.2361591,0,1
2.2366591,0,0
2.2371589,0,1
2.23765885,0,0
2.2381586,0,1
2.23865855,0,0
2.2391583,0,1
2.23965825,0,0
2.24015795,0,1
2.24065795,0,0
2.24115775,0,1
2.24165775,0,0
2.2421575,0,1
2.24265745,0,0
2.2431572,0,1
2.2436572,0,0
2.24415695,0,1
2.24465695,0,0
2.2451567,0,1
2.24565675,0,0
2.2461565,0,1
2.2466565,0,0
2.24715625,0,1
2.24765625,0,0
2.248156,0,1
2.24865595,0,0
2.2491557,0,1
2.24965565,0,0
2.25015535,0,1
2.25065535,0,0
2.251155,0,1
2.251655,0,0
2.2521547,0,1
2.25265465,0,0
2.25315435,0,1
2.25365435,0,0
2.2541541,0,1
2.2546541,0,0
2.2551538,0,1
2.2556538,0,0
2.25615355,0,1
2.2566535,0,0
2.2571533,0,1
2.2576533,0,0
2.25815305,0,1
2.25865305,0,0
2.2591528,0,1
2.2596528,0,0
2.26015255,0,1
2.2606526,0,0
2.26115235,0,1
2.26165235,0,0
2.2621522,0,1
2.2626522,0,0
2.263152,0,1
2.263652,0,0
2.2641518,0,1
2.26465185,0,0
2.26515165,0,1
2.26565165,0,0
2.2661514,0,1
2.2666514,0,0
2.26715115,0,1
2.2676512,0,0
2.26815095,0,1
2.26865095,0,0
2.2691507,0,1
2.2696507,0,0
2.2701504,0,1
2.2706504,0,0
2.27115015,0,1
2.27165015,0,0
2.2721499,0,1
2.2726499,0,0
2.27314965,0,1
2.27364965,0,0
2.27414945,0,1
2.2746494,0,0
2.2751492,0,1
2.2756492,0,0
2.27614895,0,1
2.27664895,0,0
2.27714865,0,1
2.27764865,0,0
2.2781484,0,1
2.2786484,0,0
2.27914815,0,1
2.27964815,0,0
2.2801479,0,1
2.2806479,0,0
2.28114765,0,1
2.28164765,0,0
2.2821474,0,1
2.28264735,0,0
2.28314705,0,1
2.28364705,0,0
2.28414675,0,1
2.28464675,0,0
2.28514645,0,1
2.28564645,0,0
2.28614615,0,1
2.28664615,0,0
2.28714595,0,1
2.28764595,0,0
2.28814565,0,1
2.2886457,0,0
2.2891455,0,1
2.2896455,0,0
2.2901453,0,1
2.29064535,0,0
2.2911451,0,1
2.29164515,0,0
2.29214495,0,1
2.292645,0,0
2.29314475,0,1
2.2936448,0,0
2.29414455,0,1
2.2946446,0,0
2.29514435,0,1
2.2956444,0,0
2.29614415,0,1
2.29664425,0,0
2.297144,0,1
2.297644,0,0
2.2981438,0,1
2.2986438,0,0
2.2991436,0,1
2.2996436,0,0
2.3001434,0,1
2.30064345,0,0
2.30114325,0,1
2.30164325,0,0
2.30214305,0,1
2.3026431,0,0
2.3031429,0,1
2.303643,0,0
2.3041428,0,1
2.3046428,0,0
2.3051426,0,1
2.3056426,0,0
2.3061424,0,1
2.30664245,0,0
2.3071422,0,1
2.30764225,0,0
2.30814205,0,1
2.30864205,0,0
2.30914185,0,1
2.3096419,0,0
2.3101417,0,1
2.31064175,0,0
2.31114155,0,1
2.3116416,0,0
2.31214135,0,1
2.3126414,0,0
2.3131412,0,1
2.31364125,0,0
2.31414105,0,1
2.31464105,0,0
2.3151408,0,1
2.3156408,0,0
2.31614055,0,1
2.31664055,0,0
2.31714025,0,1
2.3176402,0,0
2.3181399,0,1
2.3186399,0,0
2.3191396,0,1
2.31963955,0,0
2.3201393,0,1
2.3206393,0,0
2.3211391,0,1
2.3216391,0,0
2.3221389,0,1
2.32263895,0,0
2.3231387,0,1
2.3236387,0,0
2.3241385,0,1
2.3246385,0,0
2.32513825,0,1
2.32563825,0,0
2.32613805,0,1
2.3266381,0,0
2.3271379,0,1
2.327638,0,0
2.3281378,0,1
2.32863785,0,0
2.3291377,0,1
2.3296377,0,0
2.3301375,0,1
2.3306375,0,0
2.3311373,0,1
2.3316373,0,0
2.33213705,0,1
2.3326371,0,0
2.3331369,0,1
2.33363695,0,0
2.3341367,0,1
2.3346367,0,0
2.3351365,0,1
2.3356365,0,0
2.33613625,0,1
2.33663625,0,0
2.337136,0,1
2.337636,0,0
2.3381357,0,1
2.33863575,0,0
2.3391355,0,1
2.33963555,0,0
2.34013535,0,1
2.3406354,0,0
2.34113515,0,1
2.34163515,0,0
2.3421349,0,1
2.34263495,0,0
2.3431347,0,1
2.3436347,0,0
2.34413445,0,1
2.34463445,0,0
2.3451342,0,1
2.34563425,0,0
2.346134,0,1
2.34663405,0,0
2.3471338,0,1
2.3476338,0,0
2.34813355,0,1
2.34863355,0,0
2.34913325,0,1
2.3496332,0,0
2.350133,0,1
2.350633,0,0
2.35113275,0,1
2.35163275,0,0
2.35213245,0,1
2.3526324,0,0
2.35313215,0,1
2.3536322,0,0
2.35413195,0,1
2.3546319,0,0
2.3551317,0,1
2.3556317,0,0
2.35613145,0,1
2.3566315,0,0
2.35713125,0,1
2.35763125,0,0
2.35813095,0,1
2.35863095,0,0
2.35913065,0,1
2.35963065,0,0
2.3601304,0,1
2.36063045,0,0
2.3611302,0,1
2.36163025,0,0
2.36213,0,1
2.36263,0,0
2.36312975,0,1
2.3636298,0,0
2.36412955,0,1
2.3646296,0,0
2.36512935,0,1
2.3656294,0,0
2.3661292,0,1
2.3666292,0,0
2.367129,0,1
2.36762905,0,0
2.36812885,0,1
2.36862885,0,0
2.36912865,0,1
2.3696287,0,0
2.37012845,0,1
2.3706284,0,0
2.3711281,0,1
2.3716281,0,0
2.3721279,0,1
2.37262795,0,0
2.3731277,0,1
2.37362765,0,0
2.37412745,0,1
2.3746275,0,0
2.37512735,0,1
2.3756274,0,0
2.37612725,0,1
2.3766273,0,0
2.3771271,0,1
2.37762715,0,0
2.37812695,0,1
2.37862695,0,0
2.37912675,0,1
2.3796267,0,0
2.3801265,0,1
2.3806265,0,0
2.3811263,0,1
2.3816263,0,0
2.38212605,0,1
2.3826261,0,0
2.38312585,0,1
2.38362585,0,0
2.3841256,0,1
2.38462555,0,0
2.38512535,0,1
2.38562535,0,0
2.3861251,0,1
2.3866251,0,0
2.38712485,0,1
2.38762485,0,0
2.3881246,0,1
2.38862455,0,0
2.38912435,0,1
2.3896244,0,0
2.3901242,0,1
2.3906242,0,0
2.391124,0,1
2.39162405,0,0
2.39212385,0,1
2.3926239,0,0
2.3931237,0,1
2.39362375,0,0
2.39412355,0,1
2.39462365,0,0
2.3951234,0,1
2.39562345,0,0
2.39612325,0,1
2.3966233,0,0
2.3971231,0,1
2.3976232,0,0
2.398123,0,1
2.3986231,0,0
2.39912295,0,1
2.399623,0,0
2.4001228,0,1
2.40062285,0,0
2.4011226,0,1
2.4016227,0,0
2.4021225,0,1
2.40262255,0,0
2.40312235,0,1
2.4036224,0,0
2.4041222,0,1
2.40462225,0,0
2.40512205,0,1
2.4056221,0,0
2.4061219,0,1
2.40662195,0,0
2.40712175,0,1
2.4076218,0,0
2.4081216,0,1
2.40862165,0,0
2.4091215,0,1
2.40962155,0,0
2.4101213,0,1
2.4106213,0,0
2.4111211,0,1
2.41162115,0,0
2.412121,0,1
2.41262105,0,0
2.41312085,0,1
2.4136209,0,0
2.4141207,0,1
2.41462075,0,0
2.4151205,0,1
2.41562055,0,0
2.41612035,0,1
2.4166204,0,0
2.4171202,0,1
2.41762025,0,0
2.41812005,0,1
2.41862005,0,0
2.41911985,0,1
2.41961985,0,0
2.42011965,0,1
2.42061975,0,0
2.42111955,0,1
2.4216196,0,0
2.42211945,0,1
2.4226195,0,0
2.4231193,0,1
2.4236194,0,0
2.42411925,0,1
2.42461935,0,0
2.42511915,0,1
2.42561925,0,0
2.42611905,0,1
2.42661915,0,0
2.42711895,0,1
2.427619,0,0
2.4281188,0,1
2.42861885,0,0
2.42911865,0,1
2.4296187,0,0
2.43011845,0,1
2.4306185,0,0
2.4311183,0,1
2.4316184,0,0
2.43211825,0,1
2.4326183,0,0
2.4331181,0,1
2.43361815,0,0
2.4341179,0,1
2.4346179,0,0
2.43511765,0,1
2.43561765,0,0
2.43611745,0,1
2.43661755,0,0
2.43711735,0,1
2.4376174,0,0
2.4381172,0,1
2.43861725,0,0
2.43911705,0,1
2.4396171,0,0
2.4401169,0,1
2.4406169,0,0
2.4411167,0,1
2.4416167,0,0
2.44211645,0,1
2.44261645,0,0
2.4431162,0,1
2.44361625,0,0
2.4441161,0,1
2.44461615,0,0
2.44511595,0,1
2.445616,0,0
2.4461158,0,1
2.44661585,0,0
2.44711565,0,1
2.4476157,0,0
2.4481155,0,1
2.4486155,0,0
2.4491153,0,1
2.4496154,0,0
2.4501152,0,1
2.45061525,0,0
2.4511151,0,1
2.45161515,0,0
2.45211495,0,1
2.452615,0,0
2.45311475,0,1
2.45361475,0,0
2.45411445,0,1
2.45461445,0,0
2.45511425,0,1
2.45561425,0,0
2.456114,0,1
2.456614,0,0
2.4571138,0,1
2.4576138,0,0
2.45811355,0,1
2.4586136,0,0
2.45911335,0,1
2.4596133,0,0
2.46011305,0,1
2.46061305,0,0
2.4611128,0,1
2.4616128,0,0
2.4621126,0,1
2.4626126,0,0
2.46311235,0,1
2.46361235,0,0
2.46411205,0,1
2.46461205,0,0
2.4651118,0,1
2.4656118,0,0
2.46611155,0,1
2.46661155,0,0
2.4671113,0,1
2.4676113,0,0
2.46811105,0,1
2.4686111,0,0
2.46911085,0,1
2.46961085,0,0
2.4701106,0,1
2.47061065,0,0
2.47111035,0,1
2.47161035,0,0
2.47211015,0,1
2.4726102,0,0
2.4731099,0,1
2.47360985,0,0
2.4741096,0,1
2.47460955,0,0
2.4751093,0,1
2.47560925,0,0
2.47610895,0,1
2.47660895,0,0
2.47710865,0,1
2.4776086,0,0
2.4781083,0,1
2.47860825,0,0
2.47910795,0,1
2.4796079,0,0
2.4801076,0,1
2.48060755,0,0
2.4811073,0,1
2.4816073,0,0
2.482107,0,1
2.48260695,0,0
2.48310665,0,1
2.4836066,0,0
2.48410625,0,1
2.4846062,0,0
2.48510595,0,1
2.4856059,0,0
2.48610555,0,1
2.48660555,0,0
2.48710525,0,1
2.4876052,0,0
2.48810495,0,1
2.48860495,0,0
2.48910465,0,1
2.48960465,0,0
2.4901043,0,1
2.49060425,0,0
2.49110395,0,1
2.4916039,0,0
2.49210365,0,1
2.4926036,0,0
2.49310335,0,1
2.49360335,0,0
2.4941031,0,1
2.4946031,0,0
2.49510285,0,1
2.49560285,0,0
2.49610265,0,1
2.49660265,0,0
2.4971024,0,1
2.4976024,0,0
2.49810215,0,1
2.4986022,0,0
2.499102,0,1
2.499602,0,0
2.5001018,0,1
2.5006018,0,0
2.5011015,0,1
2.5016015,0,0
2.5021012,0,1
2.5026012,0,0
2.50310095,0,1
2.503601,0,0
2.5041007,0,1
2.5046007,0,0
2.5051004,0,1
2.5056004,0,0
2.5061001,0,1
2.50660005,0,0
2.5070998,0,1
2.50759975,0,0
2.50809945,0,1
2.5085994,0,0
2.50909915,0,1
2.5095991,0,0
2.5100988,0,1
2.51059875,0,0
2.51109845,0,1
2.5115984,0,0
2.5120981,0,1
2.51259805,0,0
2.51309775,0,1
2.51359775,0,0
2.51409745,0,1
2.5145974,0,0
2.51509715,0,1
2.5155971,0,0
2.5160968,0,1
2.5165968,0,0
2.51709645,0,1
2.5175964,0,0
2.5180961,0,1
2.51859605,0,0
2.5190958,0,1
2.51959575,0,0
2.52009545,0,1
2.52059545,0,0
2.52109515,0,1
2.5215951,0,0
2.5220948,0,1
2.5225947,0,0
2.52309445,0,1
2.5235944,0,0
2.52409415,0,1
2.52459415,0,0
2.5250939,0,1
2.52559385,0,0
2.52609365,0,1
2.5265937,0,0
2.52709345,0,1
2.52759345,0,0
2.5280932,0,1
2.52859315,0,0
2.52909285,0,1
2.5295928,0,0
2.53009255,0,1
2.53059255,0,0
2.5310923,0,1
2.5315923,0,0
2.532092,0,1
2.53259195,0,0
2.53309165,0,1
2.53359165,0,0
2.5340914,0,1
2.53459135,0,0
2.5350911,0,1
2.5355911,0,0
2.53609085,0,1
2.53659085,0,0
2.5370906,0,1
2.53759065,0,0
2.5380904,0,1
2.5385904,0,0
2.5390902,0,1
2.5395902,0,0
2.54008995,0,1
2.54058995,0,0
2.5410897,0,1
2.54158975,0,0
2.5420895,0,1
2.5425895,0,0
2.5430892,0,1
2.5435892,0,0
2.5440889,0,1
2.5445889,0,0
2.54508865,0,1
2.54558865,0,0
2.5460884,0,1
2.5465884,0,0
2.54708815,0,1
2.54758815,0,0
2.54808785,0,1
2.5485878,0,0
2.5490875,0,1
2.5495875,0,0
2.55008725,0,1
2.5505872,0,0
2.55108695,0,1
2.55158695,0,0
2.5520867,0,1
2.5525867,0,0
2.5530864,0,1
2.5535864,0,0
2.5540861,0,1
2.5545861,0,0
2.55508575,0,1
2.55558575,0,0
2.5560854,0,1
2.5565854,0,0
2.5570851,0,1
2.55758505,0,0
2.5580848,0,1
2.5585848,0,0
2.5590845,0,1
2.5595845,0,0
2.56008425,0,1
2.56058425,0,0
2.56108405,0,1
2.561584,0,0
2.5620837,0,1
2.5625837,0,0
2.5630834,0,1
2.56358335,0,0
2.56408305,0,1
2.564583,0,0
2.56508275,0,1
2.5655827,0,0
2.56608245,0,1
2.5665824,0,0
2.56708215,0,1
2.56758215,0,0
2.56808185,0,1
2.5685818,0,0
2.56908155,0,1
2.5695815,0,0
2.57008125,0,1
2.5705812,0,0
2.57108095,0,1
2.57158095,0,0
2.5720807,0,1
2.57258065,0,0
2.57308035,0,1
2.57358035,0,0
2.5740801,0,1
2.5745801,0,0
2.57507985,0,1
2.57557985,0,0
2.5760796,0,1
2.5765796,0,0
2.5770793,0,1
2.5775793,0,0
2.57807905,0,1
2.57857905,0,0
2.5790788,0,1
2.5795788,0,0
2.5800786,0,1
2.58057865,0,0
2.5810784,0,1
2.5815784,0,0
2.5820781,0,1
2.5825781,0,0
2.58307785,0,1
2.5835778,0,0
2.58407755,0,1
2.5845775,0,0
2.58507715,0,1
2.58557715,0,0
2.58607685,0,1
2.5865768,0,0
2.5870765,0,1
2.58757645,0,0
2.58807615,0,1
2.58857615,0,0
2.58907595,0,1
2.58957595,0,0
2.59007575,0,1
2.59057575,0,0
2.5910755,0,1
2.59157555,0,0
2.5920753,0,1
2.5925753,0,0
2.59307505,0,1
2.59357505,0,0
2.5940748,0,1
2.59457485,0,0
2.59507455,0,1
2.5955746,0,0
2.5960744,0,1
2.5965744,0,0
2.59707415,0,1
2.59757415,0,0
2.59807385,0,1
2.59857385,0,0
2.59907355,0,1
2.5995735,0,0
2.60007325,0,1
2.60057325,0,0
2.601073,0,1
2.60157305,0,0
2.6020728,0,1
2.60257275,0,0
2.60307255,0,1
2.6035725,0,0
2.60407225,0,1
2.60457225,0,0
2.605072,0,1
2.605572,0,0
2.6060718,0,1
2.60657175,0,0
2.6070715,0,1
2.6075715,0,0
2.60807125,0,1
2.60857125,0,0
2.609071,0,1
2.60957105,0,0
2.6100708,0,1
2.6105709,0,0
2.61107065,0,1
2.61157065,0,0
2.61207045,0,1
2.61257045,0,0
2.6130702,0,1
2.6135702,0,0
2.61407,0,1
2.61456995,0,0
2.6150697,0,1
2.6155697,0,0
2.6160694,0,1
2.61656935,0,0
2.6170691,0,1
2.6175691,0,0
2.6180688,0,1
2.61856875,0,0
2.6190685,0,1
2.6195685,0,0
2.6200682,0,1
2.6205682,0,0
2.6210679,0,1
2.62156785,0,0
2.62206755,0,1
2.6225675,0,0
2.6230672,0,1
2.62356715,0,0
2.62406685,0,1
2.62456685,0,0
2.6250666,0,1
2.62556655,0,0
2.62606625,0,1
2.62656625,0,0
2.62706595,0,1
2.6275659,0,0
2.6280657,0,1
2.62856565,0,0
2.62906535,0,1
2.62956535,0,0
2.63006505,0,1
2.6305651,0,0
2.63106485,0,1
2.6315648,0,0
2.6320645,0,1
2.6325645,0,0
2.6330642,0,1
2.63356415,0,0
2.63406385,0,1
2.63456385,0,0
2.63506355,0,1
2.6355635,0,0
2.6360632,0,1
2.63656315,0,0
2.63706285,0,1
2.6375628,0,0
2.63806245,0,1
2.63856245,0,0
2.6390622,0,1
2.6395621,0,0
2.64006185,0,1
2.6405618,0,0
2.6410615,0,1
2.64156145,0,0
2.6420612,0,1
2.6425612,0,0
2.64306095,0,1
2.64356095,0,0
2.64406065,0,1
2.64456065,0,0
2.64506035,0,1
2.6455603,0,0
2.64606,0,1
2.64655995,0,0
2.64705965,0,1
2.64755965,0,0
2.64805935,0,1
2.6485593,0,0
2.64905905,0,1
2.649559,0,0
2.6500587,0,1
2.65055865,0,0
2.65105835,0,1
2.65155835,0,0
2.65205805,0,1
2.652558,0,0
2.6530577,0,1
2.65355765,0,0
2.6540574,0,1
2.65455735,0,0
2.6550571,0,1
2.65555705,0,0
2.65605675,0,1
2.6565567,0,0
2.65705645,0,1
2.65755635,0,0
2.6580561,0,1
2.65855605,0,0
2.6590557,0,1
2.65955565,0,0
2.6600554,0,1
2.66055535,0,0
2.66105515,0,1
2.6615551,0,0
2.66205485,0,1
2.66255485,0,0
2.6630546,0,1
2.66355455,0,0
2.6640543,0,1
2.66455425,0,0
2.665054,0,1
2.665554,0,0
2.66605375,0,1
2.6665537,0,0
2.6670535,0,1
2.6675535,0,0
2.6680533,0,1
2.6685532,0,0
2.66905295,0,1
2.66955285,0,0
2.67005255,0,1
2.67055255,0,0
2.67105225,0,1
2.67155225,0,0
2.672052,0,1
2.672552,0,0
2.67305175,0,1
2.6735517,0,0
2.6740515,0,1
2.6745515,0,0
2.67505125,0,1
2.6755512,0,0
2.67605095,0,1
2.67655095,0,0
2.6770507,0,1
2.67755075,0,0
2.67805045,0,1
2.67855035,0,0
2.6790501,0,1
2.67955005,0,0
2.6800497,0,1
2.68054965,0,0
2.68104935,0,1
2.68154925,0,0
2.68204895,0,1
2.6825489,0,0
2.6830486,0,1
2.68354855,0,0
2.68404825,0,1
2.6845482,0,0
2.6850479,0,1
2.68554785,0,0
2.6860475,0,1
2.68654745,0,0
2.68704715,0,1
2.6875471,0,0
2.6880468,0,1
2.68854675,0,0
2.6890464,0,1
2.6895463,0,0
2.690046,0,1
2.69054595,0,0
2.6910456,0,1
2.6915455,0,0
2.6920452,0,1
2.69254515,0,0
2.6930448,0,1
2.69354475,0,0
2.69404445,0,1
2.6945444,0,0
2.69504405,0,1
2.695544,0,0
2.6960437,0,1
2.69654365,0,0
2.6970433,0,1
2.69754325,0,0
2.698043,0,1
2.69854295,0,0
2.69904265,0,1
2.69954255,0,0
2.70004225,0,1
2.70054215,0,0
2.70104185,0,1
2.70154175,0,0
2.70204145,0,1
2.7025414,0,0
2.70304105,0,1
2.703541,0,0
2.7040407,0,1
2.70454065,0,0
2.70504035,0,1
2.70554025,0,0
2.7060399,0,1
2.70653985,0,0
2.70703955,0,1
2.7075395,0,0
2.7080392,0,1
2.70853915,0,0
2.7090388,0,1
2.7095387,0,0
2.7100384,0,1
2.7105384,0,0
2.71103815,0,1
2.7115381,0,0
2.71203785,0,1
2.71253785,0,0
2.7130376,0,1
2.7135376,0,0
2.71403735,0,1
2.7145373,0,0
2.71503705,0,1
2.71553705,0,0
2.71603675,0,1
2.71653675,0,0
2.71703655,0,1
2.7175365,0,0
2.71803625,0,1
2.7185363,0,0
2.719036,0,1
2.719536,0,0
2.72003575,0,1
2.72053575,0,0
2.72103545,0,1
2.72153545,0,0
2.72203515,0,1
2.72253515,0,0
2.72303495,0,1
2.7235349,0,0
2.72403465,0,1
2.72453465,0,0
2.7250344,0,1
2.72553435,0,0
2.7260341,0,1
2.7265341,0,0
2.7270339,0,1
2.72753395,0,0
2.72803365,0,1
2.72853365,0,0
2.72903335,0,1
2.7295333,0,0
2.730033,0,1
2.730533,0,0
2.7310327,0,1
2.7315326,0,0
2.7320323,0,1
2.73253225,0,0
2.73303195,0,1
2.7335319,0,0
2.7340316,0,1
2.7345316,0,0
2.73503135,0,1
2.7355313,0,0
2.736031,0,1
2.73653095,0,0
2.73703065,0,1
2.7375306,0,0
2.7380303,0,1
2.73853025,0,0
2.73903,0,1
2.73952995,0,0
2.7400297,0,1
2.74052965,0,0
2.7410294,0,1
2.7415294,0,0
2.74202915,0,1
2.7425291,0,0
2.7430288,0,1
2.7435288,0,0
2.7440285,0,1
2.74452845,0,0
2.7450282,0,1
2.74552815,0,0
2.7460279,0,1
2.74652785,0,0
2.7470275,0,1
2.74752745,0,0
2.74802715,0,1
2.7485271,0,0
2.74902685,0,1
2.7495268,0,0
2.7500265,0,1
2.7505265,0,0
2.7510262,0,1
2.7515261,0,0
2.7520258,0,1
2.7525257,0,0
2.7530254,0,1
2.75352535,0,0
2.7540251,0,1
2.75452505,0,0
2.75502475,0,1
2.75552465,0,0
2.7560243,0,1
2.7565243,0,0
2.757024,0,1
2.7575239,0,0
2.75802365,0,1
2.7585236,0,0
2.7590233,0,1
2.7595233,0,0
2.76002305,0,1
2.760523,0,0
2.7610227,0,1
2.7615227,0,0
2.7620224,0,1
2.76252235,0,0
2.76302205,0,1
2.76352205,0,0
2.76402175,0,1
2.7645217,0,0
2.76502135,0,1
2.7655213,0,0
2.766021,0,1
2.76652095,0,0
2.7670207,0,1
2.7675206,0,0
2.7680203,0,1
2.76852025,0,0
2.76902,0,1
2.7695199,0,0
2.77001965,0,1
2.7705196,0,0
2.7710193,0,1
2.77151925,0,0
2.772019,0,1
2.7725189,0,0
2.7730186,0,1
2.77351855,0,0
2.7740183,0,1
2.77451825,0,0
2.77501795,0,1
2.7755179,0,0
2.77601765,0,1
2.77651765,0,0
2.77701735,0,1
2.7775173,0,0
2.77801705,0,1
2.778517,0,0
2.7790168,0,1
2.77951675,0,0
2.7800165,0,1
2.78051645,0,0
2.78101615,0,1
2.7815162,0,0
2.7820159,0,1
2.7825159,0,0
2.7830156,0,1
2.78351555,0,0
2.7840153,0,1
2.78451515,0,0
2.78501485,0,1
2.78551485,0,0
2.78601455,0,1
2.7865145,0,0
2.78701425,0,1
2.7875142,0,0
2.7880139,0,1
2.7885139,0,0
2.78901365,0,1
2.7895136,0,0
2.7900133,0,1
2.7905133,0,0
2.791013,0,1
2.791513,0,0
2.7920127,0,1
2.7925127,0,0
2.79301245,0,1
2.7935124,0,0
2.79401215,0,1
2.7945121,0,0
2.79501185,0,1
2.79551185,0,0
2.79601155,0,1
2.7965115,0,0
2.79701125,0,1
2.79751125,0,0
2.798011,0,1
2.798511,0,0
2.7990108,0,1
2.7995108,0,0
2.8000105,0,1
2.80051045,0,0
2.80101015,0,1
2.80151015,0,0
2.80200985,0,1
2.8025098,0,0
2.8030095,0,1
2.8035095,0,0
2.80400925,0,1
2.8045092,0,0
2.80500895,0,1
2.8055089,0,0
2.8060086,0,1
2.80650855,0,0
2.8070082,0,1
2.80750815,0,0
2.80800785,0,1
2.8085078,0,0
2.8090075,0,1
2.80950745,0,0
2.81000715,0,1
2.8105071,0,0
2.8110068,0,1
2.8115068,0,0
2.8120065,0,1
2.8125065,0,0
2.81300625,0,1
2.8135062,0,0
2.8140059,0,1
2.8145059,0,0
2.8150056,0,1
2.81550555,0,0
2.81600525,0,1
2.8165052,0,0
2.8170049,0,1
2.8175049,0,0
2.8180046,0,1
2.81850455,0,0
2.8190042,0,1
2.81950415,0,0
2.8200038,0,1
2.8205037,0,0
2.82100335,0,1
2.82150325,0,0
2.8220029,0,1
2.82250285,0,0
2.8230026,0,1
2.82350255,0,0
2.82400225,0,1
2.82450225,0,0
2.82500195,0,1
2.8255019,0,0
2.82600165,0,1
2.82650155,0,0
2.82700125,0,1
2.8275012,0,0
2.82800095,0,1
2.8285009,0,0
2.8290006,0,1
2.8295005,0,0
2.8300002,0,1
2.83050015,0,0
2.83099985,0,1
2.83149985,0,0
2.83199955,0,1
2.83249955,0,0
2.83299925,0,1
2.83349915,0,0
2.8339988,0,1
2.83449875,0,0
2.8349985,0,1
2.83549845,0,0
2.8359982,0,1
2.83649815,0,0
2.8369979,0,1
2.8374979,0,0
2.83799765,0,1
2.8384976,0,0
2.83899735,0,1
2.83949735,0,0
2.83999705,0,1
2.840497,0,0
2.8409967,0,1
2.84149665,0,0
2.84199635,0,1
2.84249635,0,0
2.84299605,0,1
2.843496,0,0
2.8439957,0,1
2.84449565,0,0
2.84499535,0,1
2.84549525,0,0
2.84599495,0,1
2.8464949,0,0
2.8469946,0,1
2.84749455,0,0
2.8479943,0,1
2.8484943,0,0
2.848994,0,1
2.84949395,0,0
2.8499936,0,1
2.85049345,0,0
2.85099315,0,1
2.85149315,0,0
2.85199285,0,1
2.85249275,0,0
2.8529925,0,1
2.8534925,0,0
2.85399225,0,1
2.85449225,0,0
2.854992,0,1
2.85549195,0,0
2.85599165,0,1
2.8564916,0,0
2.8569913,0,1
2.85749125,0,0
2.857991,0,1
2.85849095,0,0
2.8589906,0,1
2.85949055,0,0
2.8599902,0,1
2.86049015,0,0
2.8609898,0,1
2.8614898,0,0
2.8619895,0,1
2.8624895,0,0
2.8629892,0,1
2.86348915,0,0
2.8639889,0,1
2.86448885,0,0
2.86498855,0,1
2.8654885,0,0
2.8659882,0,1
2.86648815,0,0
2.86698785,0,1
2.8674878,0,0
2.8679875,0,1
2.86848745,0,0
2.86898715,0,1
2.8694871,0,0
2.8699868,0,1
2.87048675,0,0
2.87098645,0,1
2.8714864,0,0
2.8719861,0,1
2.8724861,0,0
2.87298585,0,1
2.8734858,0,0
2.8739855,0,1
2.8744855,0,0
2.8749852,0,1
2.8754852,0,0
2.87598495,0,1
2.8764849,0,0
2.8769846,0,1
2.8774846,0,0
2.8779843,0,1
2.87848425,0,0
2.878984,0,1
2.879484,0,0
2.8799837,0,1
2.8804837,0,0
2.88098345,0,1
2.88148345,0,0
2.8819832,0,1
2.8824832,0,0
2.8829829,0,1
2.8834829,0,0
2.8839826,0,1
2.88448255,0,0
2.88498225,0,1
2.8854822,0,0
2.8859819,0,1
2.88648185,0,0
2.8869816,0,1
2.8874816,0,0
2.8879813,0,1
2.88848125,0,0
2.88898095,0,1
2.8894809,0,0
2.88998065,0,1
2.89048055,0,0
2.8909803,0,1
2.89148025,0,0
2.89197995,0,1
2.89247985,0,0
2.89297955,0,1
2.8934795,0,0
2.89397915,0,1
2.89447905,0,0
2.89497875,0,1
2.8954787,0,0
2.89597835,0,1
2.8964783,0,0
2.896978,0,1
2.89747795,0,0
2.89797765,0,1
2.8984776,0,0
2.8989773,0,1
2.89947725,0,0
2.89997695,0,1
2.90047695,0,0
2.9009767,0,1
2.90147665,0,0
2.9019764,0,1
2.9024764,0,0
2.90297615,0,1
2.9034761,0,0
2.90397585,0,1
2.9044758,0,0
2.9049756,0,1
2.90547555,0,0
2.90597525,0,1
2.9064752,0,0
2.9069749,0,1
2.9074748,0,0
2.90797455,0,1
2.9084745,0,0
2.9089742,0,1
2.9094742,0,0
2.9099739,0,1
2.9104739,0,0
2.9109736,0,1
2.91147355,0,0
2.91197325,0,1
2.9124732,0,0
2.9129729,0,1
2.9134728,0,0
2.9139725,0,1
2.91447245,0,0
2.91497215,0,1
2.91547205,0,0
2.9159718,0,1
2.91647175,0,0
2.91697145,0,1
2.91747135,0,0
2.91797105,0,1
2.91847095,0,0
2.91897065,0,1
2.91947065,0,0
2.9199703,0,1
2.9204703,0,0
2.92097005,0,1
2.92147005,0,0
2.92196975,0,1
2.92246975,0,0
2.9229694,0,1
2.92346935,0,0
2.923969,0,1
2.92446895,0,0
2.9249687,0,1
2.9254687,0,0
2.92596835,0,1
2.92646835,0,0
2.9269681,0,1
2.9274681,0,0
2.9279678,0,1
2.92846775,0,0
2.9289674,0,1
2.92946735,0,0
2.9299671,0,1
2.93046705,0,0
2.93096675,0,1
2.9314667,0,0
2.93196645,0,1
2.93246645,0,0
2.93296615,0,1
2.9334661,0,0
2.93396585,0,1
2.9344658,0,0
2.9349655,0,1
2.9354655,0,0
2.9359652,0,1
2.93646515,0,0
2.93696485,0,1
2.93746485,0,0
2.93796455,0,1
2.9384645,0,0
2.9389642,0,1
2.9394642,0,0
2.9399639,0,1
2.9404638,0,0
2.9409635,0,1
2.9414634,0,0
2.94196305,0,1
2.94246295,0,0
2.94296265,0,1
2.9434626,0,0
2.9439624,0,1
2.9444624,0,0
2.9449621,0,1
2.94546205,0,0
2.9459618,0,1
2.94646175,0,0
2.94696145,0,1
2.9474614,0,0
2.9479611,0,1
2.9484611,0,0
2.94896085,0,1
2.9494608,0,0
2.9499605,0,1
2.95046045,0,0
2.95096015,0,1
2.9514601,0,0
2.9519598,0,1
2.95245975,0,0
2.95295945,0,1
2.9534594,0,0
2.9539592,0,1
2.95445915,0,0
2.95495885,0,1
2.95545885,0,0
2.95595855,0,1
2.95645855,0,0
2.9569583,0,1
2.95745825,0,0
2.95795795,0,1
2.95845795,0,0
2.95895765,0,1
2.9594576,0,0
2.95995735,0,1
2.9604573,0,0
2.96095705,0,1
2.961457,0,0
2.96195675,0,1
2.9624566,0,0
2.9629563,0,1
2.9634562,0,0
2.9639558,0,1
2.96445575,0,0
2.9649554,0,1
2.9654553,0,0
2.965955,0,1
2.96645495,0,0
2.96695455,0,1
2.96745445,0,0
2.9679541,0,1
2.96845405,0,0
2.9689537,0,1
2.96945365,0,0
2.96995335,0,1
2.97045335,0,0
2.97095305,0,1
2.971453,0,0
2.97195275,0,1
2.97245275,0,0
2.9729525,0,1
2.9734525,0,0
2.9739523,0,1
2.97445225,0,0
2.97495205,0,1
2.97545205,0,0
2.97595175,0,1
2.97645175,0,0
2.97695145,0,1
2.9774514,0,0
2.97795115,0,1
2.9784511,0,0
2.97895085,0,1
2.97945085,0,0
2.9799506,0,1
2.98045065,0,0
2.9809504,0,1
2.98145035,0,0
2.98195005,0,1
2.98245005,0,0
2.9829497,0,1
2.9834497,0,0
2.98394945,0,1
2.9844494,0,0
2.98494915,0,1
2.98544915,0,0
2.98594895,0,1
2.9864489,0,0
2.98694865,0,1
2.9874486,0,0
2.9879483,0,1
2.9884483,0,0
2.98894805,0,1
2.989448,0,0
2.98994775,0,1
2.9904478,0,0
2.9909475,0,1
2.9914475,0,0
2.99194725,0,1
2.99244725,0,0
2.992947,0,1
2.993447,0,0
2.99394675,0,1
2.9944468,0,0
2.9949465,0,1
2.9954465,0,0
2.99594625,0,1
2.99644625,0,0
2.996946,0,1
2.997446,0,0
2.99794575,0,1
2.99844575,0,0
2.9989455,0,1
2.9994455,0,0
2.99994525,0,1
3.00044525,0,0
3.00094505,0,1
3.0014451,0,0
3.0019449,0,1
3.00244495,0,0
3.0029447,0,1
3.0034447,0,0
3.0039445,0,1
3.0044445,0,0
3.0049443,0,1
3.0054443,0,0
3.00594405,0,1
3.00644405,0,0
3.00694385,0,1
3.00744385,0,0
3.00794365,0,1
3.00844365,0,0
3.0089434,0,1
3.00944345,0,0
3.00994325,0,1
3.01044325,0,0
3.010943,0,1
3.01144305,0,0
3.01194285,0,1
3.01244285,0,0
3.01294265,0,1
3.0134427,0,0
3.0139425,0,1
3.01444255,0,0
3.01494235,0,1
3.0154424,0,0
3.0159422,0,1
3.0164423,0,0
3.0169421,0,1
3.0174421,0,0
3.0179419,0,1
3.01844195,0,0
3.01894175,0,1
3.01944175,0,0
3.01994155,0,1
3.0204416,0,0
3.0209414,0,1
3.0214415,0,0
3.02194125,0,1
3.0224413,0,0
3.02294105,0,1
3.02344105,0,0
3.02394085,0,1
3.02444085,0,0
3.02494055,0,1
3.02544055,0,0
3.02594035,0,1
3.02644035,0,0
3.0269401,0,1
3.02744015,0,0
3.0279399,0,1
3.02843995,0,0
3.02893975,0,1
3.02943985,0,0
3.0299396,0,1
3.03043965,0,0
3.0309395,0,1
3.03143955,0,0
3.03193935,0,1
3.0324394,0,0
3.03293915,0,1
3.03343915,0,0
3.0339389,0,1
3.0344389,0,0
3.0349387,0,1
3.0354387,0,0
3.0359385,0,1
3.0364385,0,0
3.0369383,0,1
3.03743835,0,0
3.0379381,0,1
3.03843805,0,0
3.03893785,0,1
3.03943785,0,0
3.0399376,0,1
3.04043765,0,0
3.0409374,0,1
3.0414374,0,0
3.0419372,0,1
3.04243715,0,0
3.0429369,0,1
3.0434369,0,0
3.0439367,0,1
3.04443675,0,0
3.04493655,0,1
3.0454366,0,0
3.0459364,0,1
3.0464365,0,0
3.0469363,0,1
3.04743635,0,0
3.04793615,0,1
3.04843615,0,0
3.04893595,0,1
3.049436,0,0
3.0499358,0,1
3.0504358,0,0
3.0509356,0,1
3.0514356,0,0
3.05193535,0,1
3.05243535,0,0
3.0529351,0,1
3.0534351,0,0
3.0539348,0,1
3.0544348,0,0
3.0549346,0,1
3.0554346,0,0
3.05593435,0,1
3.05643435,0,0
3.0569341,0,1
3.05743405,0,0
3.0579338,0,1
3.0584338,0,0
3.05893355,0,1
3.05943355,0,0
3.0599333,0,1
3.06043325,0,0
3.060933,0,1
3.061433,0,0
3.0619327,0,1
3.06243275,0,0
3.0629325,0,1
3.0634325,0,0
3.06393225,0,1
3.06443225,0,0
3.064932,0,1
3.065432,0,0
3.0659317,0,1
3.06643165,0,0
3.06693135,0,1
3.0674313,0,0
3.06793105,0,1
3.06843105,0,0
3.0689308,0,1
3.0694308,0,0
3.0699305,0,1
3.07043045,0,0
3.0709302,0,1
3.0714302,0,0
3.07192995,0,1
3.0724299,0,0
3.0729296,0,1
3.0734296,0,0
3.0739293,0,1
3.0744293,0,0
3.07492905,0,1
3.07542905,0,0
3.07592875,0,1
3.07642875,0,0
3.0769285,0,1
3.0774285,0,0
3.07792825,0,1
3.07842825,0,0
3.07892795,0,1
3.07942795,0,0
3.0799277,0,1
3.0804277,0,0
3.08092745,0,1
3.08142745,0,0
3.0819272,0,1
3.0824272,0,0
3.082927,0,1
3.083427,0,0
3.08392675,0,1
3.0844268,0,0
3.0849266,0,1
3.0854266,0,0
3.0859263,0,1
3.08642635,0,0
3.08692605,0,1
3.08742605,0,0
3.0879258,0,1
3.0884258,0,0
3.0889255,0,1
3.0894255,0,0
3.08992525,0,1
3.09042525,0,0
3.090925,0,1
3.09142505,0,0
3.0919248,0,1
3.0924248,0,0
3.0929246,0,1
3.09342465,0,0
3.09392445,0,1
3.0944245,0,0
3.0949242,0,1
3.09542425,0,0
3.095924,0,1
3.09642395,0,0
3.09692365,0,1
3.09742365,0,0
3.0979234,0,1
3.09842335,0,0
3.0989231,0,1
3.09942305,0,0
3.09992285,0,1
3.10042285,0,0
3.10092265,0,1
3.1014227,0,0
3.10192245,0,1
3.1024225,0,0
3.1029223,0,1
3.10342225,0,0
3.10392205,0,1
3.10442205,0,0
3.1049218,0,1
3.1054218,0,0
3.1059216,0,1
3.1064216,0,0
3.1069213,0,1
3.1074213,0,0
3.10792105,0,1
3.1084211,0,0
3.1089209,0,1
3.10942095,0,0
3.10992075,0,1
3.11042085,0,0
3.1109206,0,1
3.11142065,0,0
3.11192045,0,1
3.1124205,0,0
3.11292025,0,1
3.1134203,0,0
3.11392005,0,1
3.11442005,0,0
3.11491985,0,1
3.1154199,0,0
3.1159197,0,1
3.11641975,0,0
3.11691955,0,1
3.11741955,0,0
3.11791935,0,1
3.1184194,0,0
3.11891915,0,1
3.11941915,0,0
3.11991895,0,1
3.12041895,0,0
3.12091875,0,1
3.1214188,0,0
3.1219186,0,1
3.12241865,0,0
3.1229185,0,1
3.12341855,0,0
3.1239184,0,1
3.12441845,0,0
3.12491825,0,1
3.1254183,0,0
3.12591815,0,1
3.1264182,0,0
3.12691805,0,1
3.12741815,0,0
3.12791795,0,1
3.12841805,0,0
3.1289179,0,1
3.12941795,0,0
3.1299178,0,1
3.13041785,0,0
3.13091765,0,1
3.13141765,0,0
3.1319174,0,1
3.13241745,0,0
3.1329172,0,1
3.13341725,0,0
3.13391705,0,1
3.1344172,0,0
3.13491705,0,1
3.1354171,0,0
3.1359169,0,1
3.13641695,0,0
3.1369168,0,1
3.1374169,0,0
3.13791675,0,1
3.1384168,0,0
3.13891665,0,1
3.13941675,0,0
3.1399165,0,1
3.14041655,0,0
3.14091635,0,1
3.1414164,0,0
3.1419162,0,1
3.14241625,0,0
3.14291605,0,1
3.1434161,0,0
3.1439159,0,1
3.14441595,0,0
3.14491575,0,1
3.14541575,0,0
3.1459156,0,1
3.14641565,0,0
3.14691545,0,1
3.1474155,0,0
3.14791525,0,1
3.14841525,0,0
3.14891505,0,1
3.1494151,0,0
3.1499149,0,1
3.15041495,0,0
3.15091475,0,1
3.1514148,0,0
3.1519146,0,1
3.15241465,0,0
3.1529144,0,1
3.1534145,0,0
3.1539143,0,1
3.1544143,0,0
3.1549141,0,1
3.1554141,0,0
3.1559139,0,1
3.1564139,0,0
3.15691365,0,1
3.15741365,0,0
3.15791345,0,1
3.15841345,0,0
3.15891325,0,1
3.15941325,0,0
3.159913,0,1
3.160413,0,0
3.16091275,0,1
3.1614128,0,0
3.1619126,0,1
3.16241265,0,0
3.16291245,0,1
3.16341245,0,0
3.16391225,0,1
3.1644123,0,0
3.1649121,0,1
3.1654121,0,0
3.1659119,0,1
3.16641195,0,0
3.16691175,0,1
3.1674118,0,0
3.16791155,0,1
3.1684116,0,0
3.16891135,0,1
3.16941135,0,0
3.1699111,0,1
3.1704111,0,0
3.17091085,0,1
3.17141085,0,0
3.1719106,0,1
3.17241065,0,0
3.1729104,0,1
3.1734104,0,0
3.17391015,0,1
3.1744102,0,0
3.17490995,0,1
3.17540995,0,0
3.17590975,0,1
3.1764098,0,0
3.17690955,0,1
3.17740955,0,0
3.1779093,0,1
3.1784093,0,0
3.17890905,0,1
3.17940905,0,0
3.17990885,0,1
3.18040885,0,0
3.1809087,0,1
3.1814087,0,0
3.18190845,0,1
3.1824085,0,0
3.18290825,0,1
3.18340825,0,0
3.183908,0,1
3.184408,0,0
3.1849078,0,1
3.1854078,0,0
3.18590755,0,1
3.18640755,0,0
3.1869073,0,1
3.18740725,0,0
3.18790695,0,1
3.188407,0,0
3.1889068,0,1
3.18940685,0,0
3.1899066,0,1
3.1904066,0,0
3.19090635,0,1
3.19140635,0,0
3.1919061,0,1
3.1924061,0,0
3.1929059,0,1
3.1934059,0,0
3.1939056,0,1
3.19440555,0,0
3.19490535,0,1
3.19540535,0,0
3.19590505,0,1
3.196405,0,0
3.19690475,0,1
3.19740475,0,0
3.1979045,0,1
3.19840445,0,0
3.1989042,0,1
3.19940415,0,0
3.19990385,0,1
3.20040375,0,0
3.2009035,0,1
3.20140345,0,0
3.20190315,0,1
3.2024031,0,0
3.20290285,0,1
3.2034028,0,0
3.2039025,0,1
3.20440245,0,0
3.2049022,0,1
3.20540215,0,0
3.20590185,0,1
3.20640175,0,0
3.20690145,0,1
3.20740135,0,0
3.207901,0,1
3.2084009,0,0
3.20890055,0,1
3.20940045,0,0
3.2099001,0,1
3.2104,0,0
3.2108997,0,1
3.2113996,0,0
3.2118993,0,1
3.21239925,0,0
3.212899,0,1
3.21339895,0,0
3.21389865,0,1
3.21439855,0,0
3.2148982,0,1
3.21539815,0,0
3.21589785,0,1
3.2163978,0,0
3.21689745,0,1
3.2173974,0,0
3.2178971,0,1
3.21839695,0,0
3.2188966,0,1
3.21939655,0,0
3.2198962,0,1
3.2203961,0,0
3.2208958,0,1
3.22139575,0,0
3.2218955,0,1
3.22239545,0,0
3.2228952,0,1
3.22339515,0,0
3.2238949,0,1
3.22439485,0,0
3.2248946,0,1
3.22539455,0,0
3.2258943,0,1
3.2263943,0,0
3.226894,0,1
3.227394,0,0
3.2278938,0,1
3.2283938,0,0
3.22889355,0,1
3.22939355,0,0
3.22989325,0,1
3.23039325,0,0
3.23089295,0,1
3.23139295,0,0
3.23189265,0,1
3.23239265,0,0
3.23289235,0,1
3.2333923,0,0
3.233892,0,1
3.23439195,0,0
3.23489165,0,1
3.23539155,0,0
3.2358913,0,1
3.23639125,0,0
3.23689095,0,1
3.23739095,0,0
3.2378907,0,1
3.2383907,0,0
3.23889045,0,1
3.23939045,0,0
3.2398902,0,1
3.2403902,0,0
3.24088995,0,1
3.2413899,0,0
3.24188965,0,1
3.2423896,0,0
3.2428893,0,1
3.24338925,0,0
3.24388895,0,1
3.2443889,0,0
3.2448886,0,1
3.24538865,0,0
3.24588835,0,1
3.24638835,0,0
3.2468881,0,1
3.2473881,0,0
3.2478878,0,1
3.24838775,0,0
3.24888745,0,1
3.24938745,0,0
3.2498872,0,1
3.2503872,0,0
3.25088695,0,1
3.2513869,0,0
3.2518866,0,1
3.2523866,0,0
3.25288635,0,1
3.2533863,0,0
3.25388605,0,1
3.25438605,0,0
3.25488575,0,1
3.25538565,0,0
3.25588535,0,1
3.25638535,0,0
3.2568851,0,1
3.2573851,0,0
3.25788485,0,1
3.2583848,0,0
3.2588845,0,1
3.2593845,0,0
3.25988425,0,1
3.2603842,0,0
3.2608839,0,1
3.2613839,0,0
3.26188355,0,1
3.26238355,0,0
3.26288325,0,1
3.26338325,0,0
3.26388295,0,1
3.2643829,0,0
3.26488255,0,1
3.2653825,0,0
3.2658822,0,1
3.26638215,0,0
3.26688185,0,1
3.2673818,0,0
3.2678815,0,1
3.26838145,0,0
3.26888115,0,1
3.26938105,0,0
3.2698807,0,1
3.2703806,0,0
3.2708803,0,1
3.2713802,0,0
3.2718799,0,1
3.27237985,0,0
3.2728795,0,1
3.2733794,0,0
3.27387915,0,1
3.27437905,0,0
3.2748788,0,1
3.27537875,0,0
3.27587845,0,1
3.2763784,0,0
3.2768781,0,1
3.27737815,0,0
3.2778778,0,1
3.2783778,0,0
3.27887755,0,1
3.27937755,0,0
3.2798773,0,1
3.2803773,0,0
3.28087705,0,1
3.281377,0,0
3.2818767,0,1
3.28237675,0,0
3.28287655,0,1
3.28337655,0,0
3.2838763,0,1
3.2843763,0,0
3.284876,0,1
3.285376,0,0
3.2858757,0,1
3.28637565,0,0
3.28687535,0,1
3.2873753,0,0
3.28787505,0,1
3.288375,0,0
3.2888747,0,1
3.28937465,0,0
3.28987435,0,1
3.29037435,0,0
3.2908741,0,1
3.2913741,0,0
3.2918738,0,1
3.29237375,0,0
3.29287345,0,1
3.2933734,0,0
3.29387315,0,1
3.29437315,0,0
3.2948729,0,1
3.2953729,0,0
3.2958726,0,1
3.2963725,0,0
3.29687225,0,1
3.2973722,0,0
3.29787195,0,1
3.2983719,0,0
3.2988716,0,1
3.2993716,0,0
3.2998713,0,1
3.30037125,0,0
3.3008709,0,1
3.30137085,0,0
3.3018705,0,1
3.30237045,0,0
3.3028702,0,1
3.30337015,0,0
3.30386985,0,1
3.3043698,0,0
3.3048695,0,1
3.30536945,0,0
3.30586915,0,1
3.3063691,0,0
3.3068687,0,1
3.30736865,0,0
3.3078683,0,1
3.3083682,0,0
3.3088679,0,1
3.3093678,0,0
3.30986755,0,1
3.31036745,0,0
3.3108671,0,1
3.31136705,0,0
3.31186675,0,1
3.3123667,0,0
3.3128664,0,1
3.31336635,0,0
3.313866,0,1
3.3143659,0,0
3.3148656,0,1
3.3153655,0,0
3.3158652,0,1
3.3163651,0,0
3.31686475,0,1
3.3173646,0,0
3.31786425,0,1
3.31836415,0,0
3.3188638,0,1
3.31936375,0,0
3.31986335,0,1
3.32036325,0,0
3.32086295,0,1
3.32136285,0,0
3.3218625,0,1
3.32236245,0,0
3.32286215,0,1
3.32336205,0,0
3.32386175,0,1
3.3243617,0,0
3.3248614,0,1
3.3253613,0,0
3.325861,0,1
3.3263609,0,0
3.32686055,0,1
3.3273605,0,0
3.3278602,0,1
3.3283601,0,0
3.32885975,0,1
3.3293596,0,0
3.32985925,0,1
3.33035915,0,0
3.3308588,0,1
3.3313587,0,0
3.33185835,0,1
3.33235825,0,0
3.33285795,0,1
3.33335785,0,0
3.33385755,0,1
3.3343575,0,0
3.33485715,0,1
3.3353571,0,0
3.3358568,0,1
3.3363567,0,0
3.3368563,0,1
3.3373562,0,0
3.33785585,0,1
3.33835575,0,0
3.33885545,0,1
3.3393554,0,0
3.3398551,0,1
3.340355,0,0
3.3408547,0,1
3.34135465,0,0
3.34185435,0,1
3.3423543,0,0
3.342854,0,1
3.34335395,0,0
3.3438537,0,1
3.3443536,0,0
3.3448533,0,1
3.34535325,0,0
3.34585295,0,1
3.34635285,0,0
3.3468525,0,1
3.34735245,0,0
3.34785215,0,1
3.34835205,0,0
3.34885175,0,1
3.3493517,0,0
3.34985135,0,1
3.3503513,0,0
3.350851,0,1
3.35135095,0,0
3.3518507,0,1
3.3523507,0,0
3.3528504,0,1
3.35335035,0,0
3.3538501,0,1
3.35435005,0,0
3.35484975,0,1
3.35534965,0,0
3.3558494,0,1
3.35634935,0,0
3.35684905,0,1
3.357349,0,0
3.35784865,0,1
3.35834865,0,0
3.35884835,0,1
3.35934825,0,0
3.35984795,0,1
3.36034785,0,0
3.3608476,0,1
3.36134755,0,0
3.36184725,0,1
3.36234725,0,0
3.362847,0,1
3.363347,0,0
3.3638467,0,1
3.3643466,0,0
3.36484635,0,1
3.3653463,0,0
3.36584605,0,1
3.36634605,0,0
3.3668457,0,1
3.36734565,0,0
3.3678453,0,1
3.3683452,0,0
3.3688449,0,1
3.36934475,0,0
3.3698445,0,1
3.37034445,0,0
3.37084415,0,1
3.3713441,0,0
3.37184385,0,1
3.37234375,0,0
3.37284345,0,1
3.3733434,0,0
3.3738431,0,1
3.37434305,0,0
3.3748427,0,1
3.3753426,0,0
3.3758423,0,1
3.37634235,0,0
3.37684205,0,1
3.37734195,0,0
3.37784165,0,1
3.37834165,0,0
3.37884135,0,1
3.3793413,0,0
3.379841,0,1
3.38034095,0,0
3.3808406,0,1
3.3813405,0,0
3.3818402,0,1
3.3823401,0,0
3.3828398,0,1
3.38333975,0,0
3.38383945,0,1
3.3843394,0,0
3.3848391,0,1
3.3853391,0,0
3.3858388,0,1
3.38633875,0,0
3.3868384,0,1
3.38733835,0,0
3.38783805,0,1
3.38833805,0,0
3.38883775,0,1
3.3893377,0,0
3.38983735,0,1
3.39033735,0,0
3.39083705,0,1
3.391337,0,0
3.3918367,0,1
3.39233665,0,0
3.3928364,0,1
3.39333635,0,0
3.39383605,0,1
3.394336,0,0
3.3948357,0,1
3.3953357,0,0
3.3958354,0,1
3.3963353,0,0
3.396835,0,1
3.39733495,0,0
3.39783465,0,1
3.3983346,0,0
3.39883425,0,1
3.39933415,0,0
3.39983385,0,1
3.4003338,0,0
3.40083355,0,1
3.40133345,0,0
3.40183315,0,1
3.4023331,0,0
3.40283285,0,1
3.40333275,0,0
3.4038325,0,1
3.4043325,0,0
3.4048322,0,1
3.4053321,0,0
3.4058318,0,1
3.4063317,0,0
3.40683135,0,1
3.4073312,0,0
3.4078309,0,1
3.40833085,0,0
3.4088305,0,1
3.40933045,0,0
3.40983015,0,1
3.41033005,0,0
3.41082975,0,1
3.4113297,0,0
3.41182935,0,1
3.41232925,0,0
3.4128289,0,1
3.41332875,0,0
3.4138284,0,1
3.4143283,0,0
3.41482795,0,1
3.41532785,0,0
3.4158275,0,1
3.41632735,0,0
3.416827,0,1
3.41732695,0,0
3.4178266,0,1
3.41832645,0,0
3.4188261,0,1
3.419326,0,0
3.4198257,0,1
3.4203256,0,0
3.4208253,0,1
3.4213252,0,0
3.4218249,0,1
3.42232485,0,0
3.42282455,0,1
3.4233245,0,0
3.42382415,0,1
3.42432405,0,0
3.4248237,0,1
3.42532365,0,0
3.42582335,0,1
3.4263233,0,0
3.42682295,0,1
3.4273229,0,0
3.42782265,0,1
3.4283226,0,0
3.42882235,0,1
3.4293223,0,0
3.42982195,0,1
3.43032185,0,0
3.4308215,0,1
3.4313214,0,0
3.4318211,0,1
3.432321,0,0
3.43282075,0,1
3.43332065,0,0
3.4338204,0,1
3.43432035,0,0
3.43482,0,1
3.43531995,0,0
3.4358196,0,1
3.43631955,0,0
3.43681925,0,1
3.4373192,0,0
3.43781885,0,1
3.43831875,0,0
3.43881845,0,1
3.43931835,0,0
3.439818,0,1
3.4403179,0,0
3.4408176,0,1
3.44131755,0,0
3.4418172,0,1
3.44231715,0,0
3.4428168,0,1
3.44331675,0,0
3.4438164,0,1
3.4443163,0,0
3.444816,0,1
3.4453159,0,0
3.44581555,0,1
3.44631545,0,0
3.4468151,0,1
3.447315,0,0
3.4478146,0,1
3.4483145,0,0
3.44881415,0,1
3.44931405,0,0
3.44981375,0,1
3.45031365,0,0
3.4508133,0,1
3.45131325,0,0
3.4518129,0,1
3.4523128,0,0
3.4528125,0,1
3.4533124,0,0
3.4538121,0,1
3.454312,0,0
3.4548117,0,1
3.4553116,0,0
3.45581125,0,1
3.45631115,0,0
3.4568108,0,1
3.45731075,0,0
3.45781035,0,1
3.45831025,0,0
3.45880995,0,1
3.45930985,0,0
3.45980945,0,1
3.46030935,0,0
3.460809,0,1
3.4613089,0,0
3.46180855,0,1
3.46230845,0,0
3.46280815,0,1
3.46330805,0,0
3.4638077,0,1
3.4643076,0,0
3.46480725,0,1
3.4653072,0,0
3.46580685,0,1
3.46630675,0,0
3.46680645,0,1
3.46730635,0,0
3.467806,0,1
3.4683059,0,0
3.4688056,0,1
3.4693055,0,0
3.46980515,0,1
3.47030505,0,0
3.47080475,0,1
3.4713047,0,0
3.4718044,0,1
3.4723043,0,0
3.472804,0,1
3.47330395,0,0
3.47380365,0,1
3.4743036,0,0
3.47480325,0,1
3.4753032,0,0
3.4758029,0,1
3.4763028,0,0
3.4768025,0,1
3.47730245,0,0
3.4778022,0,1
3.4783022,0,0
3.47880195,0,1
3.47930195,0,0
3.4798017,0,1
3.48030165,0,0
3.4808014,0,1
3.48130135,0,0
3.4818011,0,1
3.48230095,0,0
3.4828007,0,1
3.4833006,0,0
3.4838003,0,1
3.4843002,0,0
3.48479985,0,1
3.4852998,0,0
3.4857995,0,1
3.48629945,0,0
3.48679915,0,1
3.4872991,0,0
3.48779875,0,1
3.4882987,0,0
3.4887984,0,1
3.48929835,0,0
3.4897981,0,1
3.490298,0,0
3.4907977,0,1
3.49129765,0,0
3.49179735,0,1
3.4922973,0,0
3.49279705,0,1
3.493297,0,0
3.4937967,0,1
3.4942967,0,0
3.4947964,0,1
3.49529635,0,0
3.49579605,0,1
3.49629595,0,0
3.49679565,0,1
3.49729555,0,0
3.4977952,0,1
3.49829515,0,0
3.49879485,0,1
3.4992948,0,0
3.49979445,0,1
3.5002944,0,0
3.50079405,0,1
3.50129395,0,0
3.5017936,0,1
3.50229355,0,0
3.50279325,0,1
3.5032932,0,0
3.5037929,0,1
3.50429285,0,0
3.50479255,0,1
3.50529245,0,0
3.50579215,0,1
3.5062921,0,0
3.5067918,0,1
3.5072918,0,0
3.5077915,0,1
3.50829145,0,0
3.50879115,0,1
3.50929105,0,0
3.50979075,0,1
3.5102907,0,0
3.51079045,0,1
3.5112904,0,0
3.51179015,0,1
3.51229005,0,0
3.51278975,0,1
3.51328975,0,0
3.51378945,0,1
3.5142894,0,0
3.5147891,0,1
3.51528905,0,0
3.51578875,0,1
3.5162887,0,0
3.5167884,0,1
3.5172884,0,0
3.5177881,0,1
3.518288,0,0
3.51878775,0,1
3.5192877,0,0
3.51978745,0,1
3.52028735,0,0
3.52078705,0,1
3.521287,0,0
3.5217867,0,1
3.5222867,0,0
3.52278645,0,1
3.52328645,0,0
3.52378615,0,1
3.52428615,0,0
3.5247859,0,1
3.52528585,0,0
3.52578555,0,1
3.52628555,0,0
3.5267853,0,1
3.52728525,0,0
3.52778495,0,1
3.5282849,0,0
3.5287846,0,1
3.5292846,0,0
3.52978435,0,1
3.53028435,0,0
3.5307841,0,1
3.5312841,0,0
3.53178385,0,1
3.53228385,0,0
3.5327836,0,1
3.53328355,0,0
3.53378335,0,1
3.5342833,0,0
3.53478305,0,1
3.53528305,0,0
3.53578275,0,1
3.5362827,0,0
3.5367824,0,1
3.5372823,0,0
3.537782,0,1
3.53828195,0,0
3.5387816,0,1
3.53928155,0,0
3.5397813,0,1
3.54028125,0,0
3.54078095,0,1
3.54128095,0,0
3.5417807,0,1
3.5422807,0,0
3.5427804,0,1
3.5432804,0,0
3.54378015,0,1
3.54428015,0,0
3.5447799,0,1
3.54527995,0,0
3.5457797,0,1
3.54627965,0,0
3.5467794,0,1
3.5472794,0,0
3.5477791,0,1
3.5482791,0,0
3.54877885,0,1
3.5492788,0,0
3.54977855,0,1
3.55027845,0,0
3.55077815,0,1
3.5512781,0,0
3.5517778,0,1
3.5522778,0,0
3.5527775,0,1
3.55327745,0,0
3.5537772,0,1
3.55427715,0,0
3.55477685,0,1
3.55527685,0,0
3.55577655,0,1
3.55627655,0,0
3.55677625,0,1
3.5572762,0,0
3.55777595,0,1
3.55827595,0,0
3.5587757,0,1
3.5592757,0,0
3.5597754,0,1
3.5602754,0,0
3.56077515,0,1
3.5612751,0,0
3.5617749,0,1
3.56227485,0,0
3.5627746,0,1
3.56327455,0,0
3.5637743,0,1
3.56427425,0,0
3.56477395,0,1
3.5652739,0,0
3.5657736,0,1
3.56627355,0,0
3.56677325,0,1
3.5672732,0,0
3.56777285,0,1
3.5682728,0,0
3.56877245,0,1
3.5692724,0,0
3.5697721,0,1
3.57027205,0,0
3.5707717,0,1
3.57127165,0,0
3.57177135,0,1
3.57227135,0,0
3.572771,0,1
3.57327095,0,0
3.57377065,0,1
3.5742706,0,0
3.5747703,0,1
3.57527025,0,0
3.57577,0,1
3.5762699,0,0
3.57676965,0,1
3.57726955,0,0
3.5777692,0,1
3.5782691,0,0
3.5787688,0,1
3.5792687,0,0
3.5797684,0,1
3.58026835,0,0
3.580768,0,1
3.5812679,0,0
3.5817676,0,1
3.5822676,0,0
3.5827673,0,1
3.58326725,0,0
3.5837669,0,1
3.58426685,0,0
3.58476655,0,1
3.5852665,0,0
3.5857662,0,1
3.5862661,0,0
3.5867658,0,1
3.58726575,0,0
3.58776545,0,1
3.58826535,0,0
3.58876505,0,1
3.589265,0,0
3.5897647,0,1
3.5902647,0,0
3.5907644,0,1
3.59126435,0,0
3.5917641,0,1
3.59226405,0,0
3.59276375,0,1
3.5932637,0,0
3.5937634,0,1
3.59426335,0,0
3.59476305,0,1
3.595263,0,0
3.59576275,0,1
3.59626275,0,0
3.59676245,0,1
3.5972624,0,0
3.5977621,0,1
3.59826205,0,0
3.59876175,0,1
3.59926175,0,0
3.59976145,0,1
3.6002614,0,0
3.60076115,0,1
3.60126115,0,0
3.6017609,0,1
3.6022609,0,0
3.60276065,0,1
3.60326065,0,0
3.6037604,0,1
3.60426035,0,0
3.6047601,0,1
3.60526005,0,0
3.6057597,0,1
3.60625965,0,0
3.60675925,0,1
3.60725915,0,0
3.6077588,0,1
3.60825875,0,0
3.60875845,0,1
3.6092584,0,0
3.6097581,0,1
3.6102581,0,0
3.61075775,0,1
3.6112577,0,0
3.6117574,0,1
3.61225735,0,0
3.61275705,0,1
3.61325695,0,0
3.61375665,0,1
3.61425655,0,0
3.6147562,0,1
3.61525605,0,0
3.6157557,0,1
3.6162556,0,0
3.6167553,0,1
3.6172552,0,0
3.61775495,0,1
3.61825495,0,0
3.6187547,0,1
3.61925465,0,0
3.6197544,0,1
3.6202543,0,0
3.62075405,0,1
3.621254,0,0
3.6217537,0,1
3.6222536,0,0
3.6227533,0,1
3.62325325,0,0
3.623753,0,1
3.62425295,0,0
3.62475265,0,1
3.6252526,0,0
3.6257523,0,1
3.6262523,0,0
3.626752,0,1
3.627252,0,0
3.6277517,0,1
3.62825165,0,0
3.6287514,0,1
3.62925135,0,0
3.6297511,0,1
3.63025105,0,0
3.6307508,0,1
3.63125075,0,0
3.63175045,0,1
3.63225045,0,0
3.6327502,0,1
3.63325015,0,0
3.63374985,0,1
3.63424985,0,0
3.63474955,0,1
3.63524955,0,0
3.6357493,0,1
3.63624925,0,0
3.63674895,0,1
3.6372489,0,0
3.63774865,0,1
3.63824855,0,0
3.63874825,0,1
3.63924815,0,0
3.63974785,0,1
3.64024775,0,0
3.64074745,0,1
3.6412474,0,0
3.6417471,0,1
3.64224705,0,0
3.64274675,0,1
3.6432467,0,0
3.6437464,0,1
3.6442463,0,0
3.644746,0,1
3.64524595,0,0
3.64574565,0,1
3.6462456,0,0
3.6467453,0,1
3.64724525,0,0
3.64774495,0,1
3.64824495,0,0
3.6487446,0,1
3.6492446,0,0
3.6497443,0,1
3.65024425,0,0
3.65074395,0,1
3.65124385,0,0
3.65174355,0,1
3.65224345,0,0
3.65274315,0,1
3.6532431,0,0
3.65374275,0,1
3.6542427,0,0
3.65474235,0,1
3.6552423,0,0
3.65574205,0,1
3.656242,0,0
3.6567417,0,1
3.65724165,0,0
3.6577413,0,1
3.65824125,0,0
3.65874095,0,1
3.65924085,0,0
3.6597405,0,1
3.6602404,0,0
3.66074,0,1
3.66123995,0,0
3.6617396,0,1
3.66223955,0,0
3.6627392,0,1
3.6632392,0,0
3.6637389,0,1
3.66423885,0,0
3.6647385,0,1
3.66523845,0,0
3.6657381,0,1
3.66623805,0,0
3.6667377,0,1
3.6672376,0,0
3.6677373,0,1
3.6682372,0,0
3.66873685,0,1
3.6692368,0,0
3.66973645,0,1
3.67023635,0,0
3.67073605,0,1
3.67123595,0,0
3.6717356,0,1
3.6722355,0,0
3.67273515,0,1
3.673235,0,0
3.6737347,0,1
3.6742346,0,0
3.67473425,0,1
3.6752342,0,0
3.67573385,0,1
3.6762338,0,0
3.6767335,0,1
3.6772334,0,0
3.677733,0,1
3.6782329,0,0
3.67873255,0,1
3.6792325,0,0
3.67973215,0,1
3.6802321,0,0
3.6807318,0,1
3.68123175,0,0
3.68173145,0,1
3.68223145,0,0
3.68273115,0,1
3.68323105,0,0
3.6837307,0,1
3.6842306,0,0
3.6847303,0,1
3.68523025,0,0
3.6857299,0,1
3.6862298,0,0
3.6867295,0,1
3.68722945,0,0
3.68772915,0,1
3.68822905,0,0
3.6887288,0,1
3.6892288,0,0
3.68972855,0,1
3.69022855,0,0
3.6907283,0,1
3.6912283,0,0
3.691728,0,1
3.692228,0,0
3.6927277,0,1
3.69322765,0,0
3.6937274,0,1
3.6942273,0,0
3.694727,0,1
3.695227,0,0
3.69572665,0,1
3.6962266,0,0
3.69672635,0,1
3.6972263,0,0
3.69772605,0,1
3.69822605,0,0
3.6987258,0,1
3.69922575,0,0
3.6997255,0,1
3.70022555,0,0
3.7007253,0,1
3.7012253,0,0
3.70172505,0,1
3.702225,0,0
3.7027247,0,1
3.7032247,0,0
3.70372445,0,1
3.70422445,0,0
3.70472415,0,1
3.7052241,0,0
3.7057238,0,1
3.7062237,0,0
3.70672345,0,1
3.7072234,0,0
3.70772315,0,1
3.70822305,0,0
3.70872275,0,1
3.70922275,0,0
3.70972245,0,1
3.7102224,0,0
3.71072215,0,1
3.7112221,0,0
3.7117218,0,1
3.71222175,0,0
3.7127215,0,1
3.7132215,0,0
3.71372125,0,1
3.71422125,0,0
3.71472095,0,1
3.71522095,0,0
3.71572065,0,1
3.7162206,0,0
3.71672035,0,1
3.71722025,0,0
3.71771995,0,1
3.71821995,0,0
3.71871965,0,1
3.71921965,0,0
3.7197194,0,1
3.72021935,0,0
3.7207191,0,1
3.7212191,0,0
3.72171885,0,1
3.7222188,0,0
3.7227185,0,1
3.7232185,0,0
3.7237182,0,1
3.72421815,0,0
3.72471785,0,1
3.7252178,0,0
3.7257175,0,1
3.7262175,0,0
3.7267172,0,1
3.72721715,0,0
3.7277169,0,1
3.72821685,0,0
3.72871665,0,1
3.72921665,0,0
3.72971645,0,1
3.73021645,0,0
3.73071615,0,1
3.73121615,0,0
3.7317159,0,1
3.7322159,0,0
3.73271565,0,1
3.73321565,0,0
3.73371545,0,1
3.73421545,0,0
3.73471525,0,1
3.73521525,0,0
3.73571505,0,1
3.736215,0,0
3.73671475,0,1
3.7372147,0,0
3.7377144,0,1
3.7382144,0,0
3.7387141,0,1
3.73921405,0,0
3.7397138,0,1
3.7402138,0,0
3.7407136,0,1
3.74121355,0,0
3.74171335,0,1
3.74221335,0,0
3.7427131,0,1
3.7432131,0,0
3.74371285,0,1
3.74421285,0,0
3.7447126,0,1
3.74521265,0,0
3.7457124,0,1
3.7462124,0,0
3.7467122,0,1
3.7472122,0,0
3.747712,0,1
3.74821195,0,0
3.74871165,0,1
3.74921165,0,0
3.7497114,0,1
3.75021135,0,0
3.75071105,0,1
3.75121105,0,0
3.7517108,0,1
3.7522107,0,0
3.75271045,0,1
3.7532104,0,0
3.75371015,0,1
3.75421015,0,0
3.75470985,0,1
3.75520985,0,0
3.75570955,0,1
3.7562095,0,0
3.7567092,0,1
3.7572092,0,0
3.75770895,0,1
3.75820895,0,0
3.7587087,0,1
3.7592087,0,0
3.75970835,0,1
3.7602083,0,0
3.760708,0,1
3.7612079,0,0
3.76170765,0,1
3.76220765,0,0
3.7627074,0,1
3.7632074,0,0
3.76370715,0,1
3.76420715,0,0
3.7647069,0,1
3.76520695,0,0
3.76570675,0,1
3.7662068,0,0
3.7667066,0,1
3.7672066,0,0
3.76770635,0,1
3.76820635,0,0
3.76870605,0,1
3.76920605,0,0
3.7697058,0,1
3.77020575,0,0
3.77070545,0,1
3.77120545,0,0
3.7717052,0,1
3.77220525,0,0
3.772705,0,1
3.773205,0,0
3.7737047,0,1
3.7742047,0,0
3.77470445,0,1
3.77520445,0,0
3.7757042,0,1
3.7762042,0,0
3.77670395,0,1
3.77720395,0,0
3.77770365,0,1
3.77820365,0,0
3.7787034,0,1
3.77920345,0,0
3.77970325,0,1
3.7802033,0,0
3.7807031,0,1
3.78120315,0,0
3.78170285,0,1
3.78220285,0,0
3.7827026,0,1
3.78320255,0,0
3.78370225,0,1
3.78420225,0,0
3.784702,0,1
3.785202,0,0
3.7857018,0,1
3.78620185,0,0
3.7867016,0,1
3.78720165,0,0
3.7877014,0,1
3.7882014,0,0
3.7887011,0,1
3.7892011,0,0
3.78970085,0,1
3.79020085,0,0
3.79070055,0,1
3.79120055,0,0
3.79170025,0,1
3.7922002,0,0
3.79269995,0,1
3.7931999,0,0
3.79369965,0,1
3.79419965,0,0
3.79469945,0,1
3.79519945,0,0
3.7956992,0,1
3.79619925,0,0
3.796699,0,1
3.797199,0,0
3.7976987,0,1
3.79819865,0,0
3.7986983,0,1
3.7991983,0,0
3.79969805,0,1
3.800198,0,0
3.8006977,0,1
3.8011977,0,0
3.8016975,0,1
3.8021975,0,0
3.8026972,0,1
3.8031972,0,0
3.80369695,0,1
3.8041969,0,0
3.80469665,0,1
3.80519665,0,0
3.8056964,0,1
3.8061964,0,0
3.80669615,0,1
3.8071961,0,0
3.80769585,0,1
3.80819585,0,0
3.8086956,0,1
3.80919565,0,0
3.80969545,0,1
3.8101954,0,0
3.81069515,0,1
3.8111951,0,0
3.8116948,0,1
3.81219475,0,0
3.8126945,0,1
3.81319445,0,0
3.8136942,0,1
3.8141942,0,0
3.81469395,0,1
3.81519395,0,0
3.8156937,0,1
3.81619365,0,0
3.8166934,0,1
3.81719335,0,0
3.8176931,0,1
3.81819305,0,0
3.81869285,0,1
3.8191928,0,0
3.8196925,0,1
3.82019245,0,0
3.82069215,0,1
3.8211921,0,0
3.82169185,0,1
3.8221918,0,0
3.8226915,0,1
3.82319145,0,0
3.8236912,0,1
3.8241912,0,0
3.82469085,0,1
3.8251908,0,0
3.82569055,0,1
3.82619055,0,0
3.8266903,0,1
3.82719025,0,0
3.82769,0,1
3.82818995,0,0
3.82868965,0,1
3.8291896,0,0
3.8296893,0,1
3.8301893,0,0
3.830689,0,1
3.831189,0,0
3.83168875,0,1
3.8321887,0,0
3.83268845,0,1
3.83318845,0,0
3.83368815,0,1
3.83418815,0,0
3.83468795,0,1
3.835188,0,0
3.8356877,0,1
3.83618775,0,0
3.8366875,0,1
3.8371875,0,0
3.83768725,0,1
3.8381872,0,0
3.838687,0,1
3.83918705,0,0
3.8396868,0,1
3.84018675,0,0
3.8406865,0,1
3.8411864,0,0
3.84168615,0,1
3.8421861,0,0
3.8426858,0,1
3.84318575,0,0
3.8436855,0,1
3.84418545,0,0
3.8446852,0,1
3.84518525,0,0
3.845685,0,1
3.846185,0,0
3.8466847,0,1
3.8471847,0,0
3.84768445,0,1
3.8481845,0,0
3.8486843,0,1
3.84918435,0,0
3.84968415,0,1
3.85018415,0,0
3.8506839,0,1
3.85118395,0,0
3.85168375,0,1
3.8521838,0,0
3.85268365,0,1
3.8531837,0,0
3.8536835,0,1
3.85418355,0,0
3.85468335,0,1
3.8551834,0,0
3.8556832,0,1
3.8561832,0,0
3.856683,0,1
3.8571831,0,0
3.8576829,0,1
3.8581829,0,0
3.8586827,0,1
3.8591827,0,0
3.85968245,0,1
3.8601824,0,0
3.8606821,0,1
3.86118205,0,0
3.86168175,0,1
3.8621817,0,0
3.8626814,0,1
3.8631814,0,0
3.8636811,0,1
3.8641811,0,0
3.86468085,0,1
3.8651808,0,0
3.8656805,0,1
3.86618045,0,0
3.8666802,0,1
3.8671802,0,0
3.8676799,0,1
3.8681799,0,0
3.8686796,0,1
3.86917955,0,0
3.86967925,0,1
3.8701792,0,0
3.8706789,0,1
3.87117885,0,0
3.87167855,0,1
3.8721785,0,0
3.87267815,0,1
3.87317815,0,0
3.8736778,0,1
3.87417775,0,0
3.87467745,0,1
3.8751774,0,0
3.8756771,0,1
3.87617705,0,0
3.87667675,0,1
3.8771767,0,0
3.8776764,0,1
3.87817635,0,0
3.87867605,0,1
3.879176,0,0
3.87967565,0,1
3.8801756,0,0
3.88067535,0,1
3.88117525,0,0
3.88167495,0,1
3.88217485,0,0
3.88267455,0,1
3.8831745,0,0
3.88367415,0,1
3.8841741,0,0
3.8846738,0,1
3.8851738,0,0
3.8856736,0,1
3.88617355,0,0
3.8866732,0,1
3.88717315,0,0
3.8876728,0,1
3.8881728,0,0
3.88867245,0,1
3.88917235,0,0
3.8896719,0,1
3.8901718,0,0
3.89067145,0,1
3.89117135,0,0
3.891671,0,1
3.8921709,0,0
3.89267055,0,1
3.89317045,0,0
3.8936701,0,1
3.89417005,0,0
3.89466975,0,1
3.89516965,0,0
3.89566935,0,1
3.8961693,0,0
3.89666895,0,1
3.8971689,0,0
3.8976686,0,1
3.8981685,0,0
3.8986682,0,1
3.8991681,0,0
3.8996678,0,1
3.9001677,0,0
3.90066735,0,1
3.90116715,0,0
3.9016668,0,1
3.9021666,0,0
3.90266625,0,1
3.9031662,0,0
3.9036659,0,1
3.90416585,0,0
3.9046656,0,1
3.9051655,0,0
3.9056652,0,1
3.90616515,0,0
3.90666485,0,1
3.9071648,0,0
3.90766455,0,1
3.9081645,0,0
3.9086642,0,1
3.90916415,0,0
3.90966385,0,1
3.9101638,0,0
3.9106635,0,1
3.91116345,0,0
3.91166325,0,1
3.9121632,0,0
3.91266295,0,1
3.9131629,0,0
3.9136626,0,1
3.91416255,0,0
3.9146623,0,1
3.91516225,0,0
3.91566195,0,1
3.9161619,0,0
3.9166616,0,1
3.9171616,0,0
3.91766125,0,1
3.9181612,0,0
3.91866085,0,1
3.9191608,0,0
3.9196605,0,1
3.92016045,0,0
3.9206601,0,1
3.92116,0,0
3.9216597,0,1
3.92215965,0,0
3.9226593,0,1
3.92315925,0,0
3.9236589,0,1
3.9241589,0,0
3.9246586,0,1
3.9251586,0,0
3.9256583,0,1
3.9261583,0,0
3.926658,0,1
3.92715795,0,0
3.92765765,0,1
3.9281576,0,0
3.92865735,0,1
3.9291573,0,0
3.92965705,0,1
3.930157,0,0
3.93065665,0,1
3.9311566,0,0
3.93165635,0,1
3.93215625,0,0
3.93265595,0,1
3.9331559,0,0
3.93365555,0,1
3.9341555,0,0
3.93465515,0,1
3.9351551,0,0
3.93565485,0,1
3.9361548,0,0
3.9366545,0,1
3.9371544,0,0
3.9376541,0,1
3.938154,0,0
3.93865365,0,1
3.93915365,0,0
3.93965335,0,1
3.9401533,0,0
3.94065295,0,1
3.94115285,0,0
3.9416525,0,1
3.9421524,0,0
3.9426521,0,1
3.943152,0,0
3.9436517,0,1
3.9441516,0,0
3.9446513,0,1
3.94515125,0,0
3.94565095,0,1
3.94615085,0,0
3.94665055,0,1
3.94715045,0,0
3.94765015,0,1
3.9481501,0,0
3.9486498,0,1
3.9491498,0,0
3.94964955,0,1
3.9501495,0,0
3.9506492,0,1
3.9511492,0,0
3.95164895,0,1
3.95214895,0,0
3.95264875,0,1
3.95314875,0,0
3.9536485,0,1
3.95414845,0,0
3.9546482,0,1
3.95514815,0,0
3.9556479,0,1
3.9561479,0,0
3.9566476,0,1
3.9571476,0,0
3.95764735,0,1
3.9581473,0,0
3.958647,0,1
3.95914695,0,0
3.9596467,0,1
3.9601467,0,0
3.9606464,0,1
3.9611464,0,0
3.9616461,0,1
3.96214605,0,0
3.96264575,0,1
3.9631457,0,0
3.96364545,0,1
3.9641454,0,0
3.9646451,0,1
3.96514505,0,0
3.96564475,0,1
3.96614475,0,0
3.9666445,0,1
3.96714445,0,0
3.9676442,0,1
3.9681442,0,0
3.96864395,0,1
3.9691439,0,0
3.9696436,0,1
3.9701436,0,0
3.9706433,0,1
3.9711433,0,0
3.97164305,0,1
3.972143,0,0
3.97264275,0,1
3.97314275,0,0
3.9736425,0,1
3.9741425,0,0
3.97464225,0,1
3.97514225,0,0
3.975642,0,1
3.97614195,0,0
3.9766417,0,1
3.9771416,0,0
3.97764135,0,1
3.97814135,0,0
3.9786411,0,1
3.97914105,0,0
3.97964075,0,1
3.98014075,0,0
3.9806404,0,1
3.98114035,0,0
3.98164005,0,1
3.98213995,0,0
3.9826396,0,1
3.9831396,0,0
3.98363925,0,1
3.98413925,0,0
3.9846389,0,1
3.9851388,0,0
3.98563845,0,1
3.9861384,0,0
3.9866381,0,1
3.98713805,0,0
3.98763775,0,1
3.98813775,0,0
3.98863745,0,1
3.9891374,0,0
3.9896371,0,1
3.99013705,0,0
3.99063675,0,1
3.99113665,0,0
3.99163635,0,1
3.99213625,0,0
3.9926359,0,1
3.99313585,0,0
3.99363555,0,1
3.99413545,0,0
3.9946352,0,1
3.99513515,0,0
3.99563485,0,1
3.99613475,0,0
3.9966344,0,1
3.99713435,0,0
3.99763405,0,1
3.998134,0,0
3.99863365,0,1
3.9991336,0,0
3.99963325,0,1
4.00013325,0,0
4.00063295,0,1
4.0011329,0,0
4.0016326,0,1
4.0021326,0,0
4.00263225,0,1
4.0031322,0,0
4.0036319,0,1
4.0041319,0,0
4.0046316,0,1
4.0051316,0,0
4.0056313,0,1
4.0061312,0,0
4.0066309,0,1
4.00713085,0,0
4.0076305,0,1
4.0081304,0,0
4.00863005,0,1
4.00912995,0,0
4.00962965,0,1
4.0101296,0,0
4.0106293,0,1
4.01112925,0,0
4.011629,0,1
4.01212895,0,0
4.0126287,0,1
4.0131286,0,0
4.01362835,0,1
4.01412835,0,0
4.01462805,0,1
4.015128,0,0
4.0156277,0,1
4.01612765,0,0
4.0166273,0,1
4.01712725,0,0
4.01762695,0,1
4.01812695,0,0
4.0186267,0,1
4.01912665,0,0
4.0196263,0,1
4.02012615,0,0
4.02062585,0,1
4.0211258,0,0
4.02162545,0,1
4.02212535,0,0
4.02262505,0,1
4.0231249,0,0
4.0236246,0,1
4.02412455,0,0
4.0246242,0,1
4.02512415,0,0
4.0256238,0,1
4.0261237,0,0
4.02662335,0,1
4.02712325,0,0
4.02762295,0,1
4.0281229,0,0
4.0286226,0,1
4.0291225,0,0
4.02962215,0,1
4.03012205,0,0
4.0306217,0,1
4.03112165,0,0
4.0316213,0,1
4.03212125,0,0
4.0326209,0,1
4.0331208,0,0
4.03362045,0,1
4.03412035,0,0
4.03462005,0,1
4.03511995,0,0
4.03561965,0,1
4.0361196,0,0
4.0366193,0,1
4.03711925,0,0
4.03761895,0,1
4.03811885,0,0
4.03861855,0,1
4.0391185,0,0
4.0396182,0,1
4.04011815,0,0
4.0406178,0,1
4.04111775,0,0
4.04161745,0,1
4.04211735,0,0
4.04261705,0,1
4.04311705,0,0
4.04361675,0,1
4.0441167,0,0
4.0446164,0,1
4.0451164,0,0
4.0456161,0,1
4.04611605,0,0
4.04661575,0,1
4.0471157,0,0
4.0476154,0,1
4.0481153,0,0
4.048615,0,1
4.04911495,0,0
4.0496147,0,1
4.0501146,0,0
4.0506143,0,1
4.0511143,0,0
4.051614,0,1
4.052114,0,0
4.0526137,0,1
4.05311365,0,0
4.0536133,0,1
4.05411325,0,0
4.054613,0,1
4.05511295,0,0
4.05561265,0,1
4.05611265,0,0
4.0566123,0,1
4.05711225,0,0
4.05761195,0,1
4.05811185,0,0
4.05861155,0,1
4.0591115,0,0
4.0596112,0,1
4.0601111,0,0
4.0606108,0,1
4.0611108,0,0
4.0616105,0,1
4.0621104,0,0
4.0626101,0,1
4.06311005,0,0
4.06360975,0,1
4.06410975,0,0
4.06460945,0,1
4.0651094,0,0
4.0656091,0,1
4.06610905,0,0
4.0666088,0,1
4.06710875,0,0
4.06760845,0,1
4.06810835,0,0
4.06860805,0,1
4.06910795,0,0
4.0696077,0,1
4.0701077,0,0
4.0706074,0,1
4.0711074,0,0
4.07160715,0,1
4.07210715,0,0
4.0726069,0,1
4.0731068,0,0
4.07360655,0,1
4.07410645,0,0
4.0746061,0,1
4.07510605,0,0
4.07560575,0,1
4.0761057,0,0
4.0766054,0,1
4.07710535,0,0
4.0776051,0,1
4.07810505,0,0
4.0786047,0,1
4.07910465,0,0
4.07960435,0,1
4.08010425,0,0
4.0806039,0,1
4.0811037,0,0
4.08160335,0,1
4.0821033,0,0
4.082603,0,1
4.0831029,0,0
4.0836026,0,1
4.08410245,0,0
4.0846021,0,1
4.085102,0,0
4.0856017,0,1
4.08610165,0,0
4.08660135,0,1
4.0871013,0,0
4.087601,0,1
4.088101,0,0
4.0886007,0,1
4.0891007,0,0
4.08960045,0,1
4.09010045,0,0
4.0906002,0,1
4.0911002,0,0
4.09159995,0,1
4.09209995,0,0
4.0925997,0,1
4.09309965,0,0
4.09359935,0,1
4.09409935,0,0
4.0945991,0,1
4.0950991,0,0
4.0955988,0,1
4.0960988,0,0
4.09659855,0,1
4.09709855,0,0
4.09759825,0,1
4.09809825,0,0
4.09859795,0,1
4.09909785,0,0
4.0995975,0,1
4.10009745,0,0
4.10059715,0,1
4.10109715,0,0
4.10159685,0,1
4.10209685,0,0
4.10259655,0,1
4.1030965,0,0
4.1035962,0,1
4.1040962,0,0
4.10459595,0,1
4.10509595,0,0
4.10559565,0,1
4.10609565,0,0
4.1065954,0,1
4.1070954,0,0
4.10759515,0,1
4.1080952,0,0
4.10859495,0,1
4.10909495,0,0
4.10959465,0,1
4.11009465,0,0
4.11059435,0,1
4.11109435,0,0
4.1115941,0,1
4.1120941,0,0
4.1125939,0,1
4.1130939,0,0
4.11359355,0,1
4.11409355,0,0
4.11459325,0,1
4.1150932,0,0
4.11559295,0,1
4.11609295,0,0
4.11659265,0,1
4.11709265,0,0
4.11759245,0,1
4.11809245,0,0
4.11859215,0,1
4.1190921,0,0
4.1195918,0,1
4.1200918,0,0
4.1205915,0,1
4.12109145,0,0
4.12159115,0,1
4.12209105,0,0
4.1225908,0,1
4.1230907,0,0
4.12359045,0,1
4.1240904,0,0
4.1245901,0,1
4.12509005,0,0
4.1255898,0,1
4.1260898,0,0
4.1265895,0,1
4.1270895,0,0
4.1275892,0,1
4.1280892,0,0
4.1285889,0,1
4.12908885,0,0
4.12958855,0,1
4.1300885,0,0
4.13058825,0,1
4.13108825,0,0
4.13158795,0,1
4.1320879,0,0
4.13258755,0,1
4.13308755,0,0
4.13358725,0,1
4.1340872,0,0
4.1345869,0,1
4.13508685,0,0
4.13558655,0,1
4.13608655,0,0
4.1365863,0,1
4.13708625,0,0
4.13758595,0,1
4.13808595,0,0
4.13858565,0,1
4.1390856,0,0
4.13958535,0,1
4.1400853,0,0
4.140585,0,1
4.14108495,0,0
4.14158465,0,1
4.1420846,0,0
4.14258425,0,1
4.1430842,0,0
4.14358395,0,1
4.1440839,0,0
4.1445836,0,1
4.1450835,0,0
4.1455832,0,1
4.1460831,0,0
4.1465828,0,1
4.1470827,0,0
4.1475824,0,1
4.14808235,0,0
4.14858205,0,1
4.14908205,0,0
4.1495818,0,1
4.15008175,0,0
4.15058145,0,1
4.1510814,0,0
4.15158115,0,1
4.1520811,0,0
4.15258085,0,1
4.1530808,0,0
4.1535805,0,1
4.1540805,0,0
4.15458025,0,1
4.1550802,0,0
4.1555799,0,1
4.1560799,0,0
4.1565796,0,1
4.15707955,0,0
4.15757925,0,1
4.1580792,0,0
4.15857895,0,1
4.15907895,0,0
4.15957865,0,1
4.16007865,0,0
4.1605784,0,1
4.16107835,0,0
4.16157805,0,1
4.162078,0,0
4.16257775,0,1
4.1630777,0,0
4.16357745,0,1
4.1640774,0,0
4.1645771,0,1
4.16507705,0,0
4.16557675,0,1
4.16607665,0,0
4.16657635,0,1
4.1670763,0,0
4.167576,0,1
4.16807595,0,0
4.1685757,0,1
4.16907565,0,0
4.16957535,0,1
4.1700753,0,0
4.170575,0,1
4.17107495,0,0
4.1715747,0,1
4.17207465,0,0
4.17257435,0,1
4.1730743,0,0
4.173574,0,1
4.17407395,0,0
4.1745736,0,1
4.17507355,0,0
4.17557325,0,1
4.1760732,0,0
4.17657285,0,1
4.17707275,0,0
4.1775725,0,1
4.17807245,0,0
4.1785722,0,1
4.17907215,0,0
4.1795719,0,1
4.18007185,0,0
4.1805716,0,1
4.18107155,0,0
4.18157125,0,1
4.18207115,0,0
4.18257085,0,1
4.1830708,0,0
4.1835705,0,1
4.1840704,0,0
4.18457005,0,1
4.18507,0,0
4.1855697,0,1
4.18606965,0,0
4.1865693,0,1
4.18706925,0,0
4.1875689,0,1
4.18806885,0,0
4.1885685,0,1
4.18906835,0,0
4.18956805,0,1
4.190068,0,0
4.1905677,0,1
4.19106765,0,0
4.19156735,0,1
4.1920673,0,0
4.192567,0,1
4.19306695,0,0
4.19356665,0,1
4.19406655,0,0
4.19456625,0,1
4.1950662,0,0
4.19556585,0,1
4.1960658,0,0
4.1965655,0,1
4.19706545,0,0
4.19756515,0,1
4.1980651,0,0
4.19856485,0,1
4.1990648,0,0
4.1995645,0,1
4.2000644,0,0
4.20056405,0,1
4.20106395,0,0
4.2015636,0,1
4.2020635,0,0
4.20256315,0,1
4.2030631,0,0
4.2035628,0,1
4.2040627,0,0
4.2045624,0,1
4.2050623,0,0
4.205562,0,1
4.20606195,0,0
4.2065616,0,1
4.20706155,0,0
4.2075613,0,1
4.20806125,0,0
4.20856085,0,1
4.2090608,0,0
4.20956045,0,1
4.2100603,0,0
4.21055995,0,1
4.21105985,0,0
4.2115595,0,1
4.2120594,0,0
4.21255905,0,1
4.213059,0,0
4.21355865,0,1
4.21405855,0,0
4.2145582,0,1
4.21505815,0,0
4.21555785,0,1
4.2160577,0,0
4.21655735,0,1
4.2170573,0,0
4.217557,0,1
4.2180569,0,0
4.2185566,0,1
4.2190565,0,0
4.21955615,0,1
4.22005605,0,0
4.22055575,0,1
4.2210557,0,0
4.2215554,0,1
4.22205535,0,0
4.22255505,0,1
4.223055,0,0
4.22355475,0,1
4.22405465,0,0
4.22455435,0,1
4.2250542,0,0
4.2255539,0,1
4.2260538,0,0
4.2265535,0,1
4.2270534,0,0
4.2275531,0,1
4.228053,0,0
4.2285527,0,1
4.22905265,0,0
4.2295523,0,1
4.2300522,0,0
4.2305518,0,1
4.23105175,0,0
4.2315514,0,1
4.23205135,0,0
4.23255105,0,1
4.23305095,0,0
4.23355065,0,1
4.2340506,0,0
4.2345503,0,1
4.23505025,0,0
4.23554995,0,1
4.2360499,0,0
4.2365496,0,1
4.2370495,0,0
4.23754925,0,1
4.2380492,0,0
4.23854895,0,1
4.23904895,0,0
4.23954865,0,1
4.2400486,0,0
4.24054825,0,1
4.24104825,0,0
4.24154795,0,1
4.2420479,0,0
4.24254765,0,1
4.2430476,0,0
4.2435473,0,1
4.24404725,0,0
4.24454695,0,1
4.24504695,0,0
4.2455467,0,1
4.2460467,0,0
4.24654645,0,1
4.2470464,0,0
4.24754615,0,1
4.2480461,0,0
4.2485458,0,1
4.2490458,0,0
4.24954555,0,1
4.25004555,0,0
4.25054525,0,1
4.25104515,0,0
4.2515449,0,1
4.2520448,0,0
4.2525445,0,1
4.25304435,0,0
4.25354405,0,1
4.254044,0,0
4.25454375,0,1
4.2550437,0,0
4.2555434,0,1
4.2560434,0,0
4.2565431,0,1
4.2570431,0,0
4.25754285,0,1
4.2580428,0,0
4.2585425,0,1
4.25904245,0,0
4.25954215,0,1
4.2600421,0,0
4.2605418,0,1
4.26104175,0,0
4.26154145,0,1
4.2620414,0,0
4.26254105,0,1
4.263041,0,0
4.2635407,0,1
4.26404065,0,0
4.26454035,0,1
4.2650403,0,0
4.26553995,0,1
4.26603985,0,0
4.26653955,0,1
4.26703945,0,0
4.2675391,0,1
4.268039,0,0
4.26853865,0,1
4.2690386,0,0
4.2695383,0,1
4.2700382,0,0
4.27053785,0,1
4.27103775,0,0
4.2715374,0,1
4.2720373,0,0
4.272537,0,1
4.2730369,0,0
4.27353655,0,1
4.2740365,0,0
4.2745362,0,1
4.2750361,0,0
4.2755358,0,1
4.27603575,0,0
4.2765354,0,1
4.27703535,0,0
4.277535,0,1
4.27803495,0,0
4.2785346,0,1
4.2790345,0,0
4.2795342,0,1
4.28003415,0,0
4.28053385,0,1
4.2810338,0,0
4.28153345,0,1
4.2820334,0,0
4.2825331,0,1
4.28303305,0,0
4.28353275,0,1
4.28403275,0,0
4.28453245,0,1
4.28503235,0,0
4.285532,0,1
4.28603195,0,0
4.28653165,0,1
4.2870315,0,0
4.2875312,0,1
4.2880311,0,0
4.28853075,0,1
4.28903065,0,0
4.2895303,0,1
4.29003025,0,0
4.29052995,0,1
4.2910299,0,0
4.2915296,0,1
4.2920295,0,0
4.29252915,0,1
4.29302905,0,0
4.29352875,0,1
4.2940286,0,0
4.29452825,0,1
4.29502815,0,0
4.29552785,0,1
4.2960278,0,0
4.29652745,0,1
4.29702735,0,0
4.29752705,0,1
4.298027,0,0
4.2985267,0,1
4.2990266,0,0
4.29952625,0,1
4.30002615,0,0
4.30052585,0,1
4.3010258,0,0
4.30152545,0,1
4.30202545,0,0
4.30252515,0,1
4.3030251,0,0
4.3035248,0,1
4.30402475,0,0
4.3045244,0,1
4.30502425,0,0
4.3055239,0,1
4.30602375,0,0
4.3065234,0,1
4.3070233,0,0
4.307523,0,1
4.30802295,0,0
4.3085227,0,1
4.30902265,0,0
4.3095224,0,1
4.3100223,0,0
4.31052195,0,1
4.3110219,0,0
4.31152155,0,1
4.3120215,0,0
4.31252125,0,1
4.3130212,0,0
4.31352095,0,1
4.314021,0,0
4.31452075,0,1
4.3150207,0,0
4.31552045,0,1
4.31602045,0,0
4.31652015,0,1
4.3170201,0,0
4.3175198,0,1
4.31801975,0,0
4.31851945,0,1
4.31901935,0,0
4.31951905,0,1
4.320019,0,0
4.3205187,0,1
4.3210186,0,0
4.32151835,0,1
4.3220183,0,0
4.322518,0,1
4.3230179,0,0
4.32351755,0,1
4.3240175,0,0
4.32451725,0,1
4.32501725,0,0
4.32551695,0,1
4.3260169,0,0
4.3265166,0,1
4.3270166,0,0
4.3275163,0,1
4.32801625,0,0
4.3285159,0,1
4.32901585,0,0
4.32951555,0,1
4.33001545,0,0
4.3305152,0,1
4.3310151,0,0
4.3315148,0,1
4.33201475,0,0
4.33251445,0,1
4.33301445,0,0
4.33351415,0,1
4.3340141,0,0
4.3345138,0,1
4.33501375,0,0
4.3355135,0,1
4.33601345,0,0
4.33651315,0,1
4.33701315,0,0
4.3375129,0,1
4.33801285,0,0
4.33851255,0,1
4.3390125,0,0
4.3395122,0,1
4.34001215,0,0
4.34051185,0,1
4.34101185,0,0
4.34151155,0,1
4.34201155,0,0
4.34251125,0,1
4.3430112,0,0
4.34351095,0,1
4.3440109,0,0
4.3445106,0,1
4.3450106,0,0
4.3455103,0,1
4.3460102,0,0
4.34650985,0,1
4.3470098,0,0
4.34750945,0,1
4.34800935,0,0
4.34850905,0,1
4.349009,0,0
4.34950865,0,1
4.3500086,0,0
4.3505083,0,1
4.3510082,0,0
4.35150785,0,1
4.3520078,0,0
4.3525075,0,1
4.35300745,0,0
4.35350715,0,1
4.3540071,0,0
4.35450675,0,1
4.35500665,0,0
4.35550635,0,1
4.35600625,0,0
4.3565059,0,1
4.35700585,0,0
4.35750555,0,1
4.3580055,0,0
4.3585052,0,1
4.3590051,0,0
4.3595048,0,1
4.3600047,0,0
4.3605044,0,1
4.3610043,0,0
4.36150395,0,1
4.3620039,0,0
4.3625036,0,1
4.36300355,0,0
4.36350325,0,1
4.3640032,0,0
4.3645029,0,1
4.36500285,0,0
4.3655026,0,1
4.36600255,0,0
4.36650225,0,1
4.3670022,0,0
4.36750185,0,1
4.3680018,0,0
4.3685015,0,1
4.36900145,0,0
4.36950115,0,1
4.3700011,0,0
4.3705008,0,1
4.37100075,0,0
4.3715005,0,1
4.3720005,0,0
4.3725002,0,1
4.37300015,0,0
4.3734999,0,1
4.3739999,0,0
4.3744996,0,1
4.37499955,0,0
4.37549925,0,1
4.37599915,0,0
4.3764988,0,1
4.37699875,0,0
4.3774984,0,1
4.37799835,0,0
4.37849805,0,1
4.37899805,0,0
4.37949775,0,1
4.37999775,0,0
4.3804974,0,1
4.38099735,0,0
4.38149705,0,1
4.38199705,0,0
4.3824968,0,1
4.38299675,0,0
4.38349645,0,1
4.3839964,0,0
4.3844961,0,1
4.384996,0,0
4.38549565,0,1
4.38599555,0,0
4.3864952,0,1
4.3869951,0,0
4.3874948,0,1
4.38799475,0,0
4.38849445,0,1
4.3889944,0,0
4.38949405,0,1
4.389994,0,0
4.3904937,0,1
4.3909936,0,0
4.3914933,0,1
4.39199325,0,0
4.3924929,0,1
4.39299275,0,0
4.39349245,0,1
4.3939924,0,0
4.3944921,0,1
4.39499205,0,0
4.39549175,0,1
4.39599165,0,0
4.3964913,0,1
4.39699125,0,0
4.39749095,0,1
4.3979909,0,0
4.3984906,0,1
4.39899055,0,0
4.39949025,0,1
4.39999025,0,0
4.40049,0,1
4.40098995,0,0
4.4014897,0,1
4.40198965,0,0
4.4024894,0,1
4.40298935,0,0
4.40348905,0,1
4.403989,0,0
4.4044887,0,1
4.4049887,0,0
4.40548845,0,1
4.4059884,0,0
4.4064881,0,1
4.40698805,0,0
4.4074878,0,1
4.40798775,0,0
4.40848745,0,1
4.40898735,0,0
4.40948705,0,1
4.40998695,0,0
4.4104866,0,1
4.4109865,0,0
4.41148615,0,1
4.4119861,0,0
4.41248575,0,1
4.4129857,0,0
4.41348535,0,1
4.4139853,0,0
4.41448505,0,1
4.414985,0,0
4.4154847,0,1
4.4159847,0,0
4.41648435,0,1
4.4169843,0,0
4.41748405,0,1
4.41798395,0,0
4.41848365,0,1
4.4189836,0,0
4.4194833,0,1
4.4199833,0,0
4.42048305,0,1
4.420983,0,0
4.4214827,0,1
4.4219827,0,0
4.4224824,0,1
4.4229823,0,0
4.423482,0,1
4.42398195,0,0
4.42448165,0,1
4.42498165,0,0
4.4254814,0,1
4.4259814,0,0
4.4264811,0,1
4.4269811,0,0
4.4274808,0,1
4.4279808,0,0
4.4284806,0,1
4.4289806,0,0
4.42948035,0,1
4.4299804,0,0
4.43048015,0,1
4.43098015,0,0
4.4314799,0,1
4.4319798,0,0
4.4324795,0,1
4.43297945,0,0
4.4334792,0,1
4.4339791,0,0
4.4344788,0,1
4.43497875,0,0
4.4354785,0,1
4.43597845,0,0
4.43647815,0,1
4.43697815,0,0
4.43747785,0,1
4.43797775,0,0
4.43847745,0,1
4.4389774,0,0
4.4394771,0,1
4.43997705,0,0
4.4404768,0,1
4.44097675,0,0
4.44147645,0,1
4.4419764,0,0
4.4424761,0,1
4.4429761,0,0
4.44347585,0,1
4.4439758,0,0
4.4444755,0,1
4.4449755,0,0
4.4454752,0,1
4.4459751,0,0
4.4464748,0,1
4.44697475,0,0
4.44747445,0,1
4.4479744,0,0
4.4484741,0,1
4.44897405,0,0
4.44947375,0,1
4.44997375,0,0
4.4504734,0,1
4.4509734,0,0
4.45147305,0,1
4.451973,0,0
4.4524727,0,1
4.4529727,0,0
4.4534724,0,1
4.4539723,0,0
4.454472,0,1
4.45497195,0,0
4.4554717,0,1
4.45597165,0,0
4.45647135,0,1
4.4569713,0,0
4.457471,0,1
4.45797095,0,0
4.4584707,0,1
4.4589707,0,0
4.4594704,0,1
4.4599704,0,0
4.4604701,0,1
4.46097005,0,0
4.4614698,0,1
4.46196975,0,0
4.46246955,0,1
4.46296955,0,0
4.4634693,0,1
4.46396925,0,0
4.46446905,0,1
4.4649691,0,0
4.46546885,0,1
4.46596885,0,0
4.4664686,0,1
4.4669686,0,0
4.46746835,0,1
4.46796835,0,0
4.4684681,0,1
4.46896805,0,0
4.4694678,0,1
4.46996775,0,0
4.4704675,0,1
4.4709675,0,0
4.4714672,0,1
4.47196725,0,0
4.472467,0,1
4.472967,0,0
4.4734668,0,1
4.47396685,0,0
4.4744666,0,1
4.47496665,0,0
4.4754664,0,1
4.47596635,0,0
4.4764661,0,1
4.4769661,0,0
4.4774658,0,1
4.4779658,0,0
4.4784655,0,1
4.47896545,0,0
4.47946515,0,1
4.4799651,0,0
4.4804648,0,1
4.4809648,0,0
4.4814645,0,1
4.48196445,0,0
4.4824642,0,1
4.48296415,0,0
4.4834639,0,1
4.48396385,0,0
4.4844636,0,1
4.48496355,0,0
4.48546325,0,1
4.48596325,0,0
4.48646295,0,1
4.4869629,0,0
4.4874627,0,1
4.48796265,0,0
4.4884624,0,1
4.48896235,0,0
4.48946205,0,1
4.489962,0,0
4.49046175,0,1
4.49096175,0,0
4.4914615,0,1
4.49196145,0,0
4.4924612,0,1
4.49296115,0,0
4.49346085,0,1
4.4939608,0,0
4.4944605,0,1
4.4949604,0,0
4.4954601,0,1
4.49596005,0,0
4.4964597,0,1
4.49695965,0,0
4.4974594,0,1
4.49795935,0,0
4.49845915,0,1
4.49895915,0,0
4.4994589,0,1
4.49995885,0,0
4.50045855,0,1
4.5009585,0,0
4.50145825,0,1
4.50195825,0,0
4.502458,0,1
4.50295795,0,0
4.50345765,0,1
4.50395765,0,0
4.5044574,0,1
4.50495735,0,0
4.5054571,0,1
4.50595705,0,0
4.50645675,0,1
4.50695675,0,0
4.50745645,0,1
4.5079564,0,0
4.50845615,0,1
4.50895615,0,0
4.50945585,0,1
4.50995585,0,0
4.5104556,0,1
4.51095555,0,0
4.5114553,0,1
4.51195525,0,0
4.51245495,0,1
4.51295495,0,0
4.5134547,0,1
4.5139547,0,0
4.51445445,0,1
4.5149544,0,0
4.5154541,0,1
4.5159541,0,0
4.51645385,0,1
4.5169538,0,0
4.51745355,0,1
4.5179535,0,0
4.51845325,0,1
4.5189532,0,0
4.51945295,0,1
4.51995295,0,0
4.5204527,0,1
4.5209526,0,0
4.5214523,0,1
4.5219523,0,0
4.52245205,0,1
4.52295205,0,0
4.52345175,0,1
4.52395175,0,0
4.5244515,0,1
4.5249515,0,0
4.5254512,0,1
4.5259512,0,0
4.52645095,0,1
4.5269509,0,0
4.52745065,0,1
4.52795065,0,0
4.5284504,0,1
4.5289504,0,0
4.52945005,0,1
4.52995,0,0
4.5304497,0,1
4.5309497,0,0
4.5314494,0,1
4.53194925,0,0
4.5324489,0,1
4.5329489,0,0
4.53344865,0,1
4.5339486,0,0
4.5344483,0,1
4.53494825,0,0
4.535448,0,1
4.53594795,0,0
4.53644765,0,1
4.5369476,0,0
4.53744735,0,1
4.53794735,0,0
4.5384471,0,1
4.53894705,0,0
4.5394468,0,1
4.5399468,0,0
4.54044655,0,1
4.5409465,0,0
4.54144625,0,1
4.5419462,0,0
4.54244595,0,1
4.54294595,0,0
4.5434457,0,1
4.54394565,0,0
4.5444454,0,1
4.5449454,0,0
4.5454451,0,1
4.5459451,0,0
4.54644485,0,1
4.54694485,0,0
4.5474446,0,1
4.54794455,0,0
4.5484443,0,1
4.5489443,0,0
4.54944405,0,1
4.54994405,0,0
4.55044385,0,1
4.55094385,0,0
4.55144355,0,1
4.55194355,0,0
4.5524433,0,1
4.55294325,0,0
4.55344295,0,1
4.5539429,0,0
4.5544426,0,1
4.55494255,0,0
4.5554423,0,1
4.55594225,0,0
4.55644195,0,1
4.5569419,0,0
4.5574416,0,1
4.5579415,0,0
4.55844125,0,1
4.5589412,0,0
4.55944095,0,1
4.5599409,0,0
4.56044055,0,1
4.56094045,0,0
4.5614401,0,1
4.56194,0,0
4.5624396,0,1
4.56293955,0,0
4.56343925,0,1
4.5639392,0,0
4.5644389,0,1
4.5649389,0,0
4.56543865,0,1
4.56593865,0,0
4.56643835,0,1
4.5669384,0,0
4.5674382,0,1
4.56793815,0,0
4.56843785,0,1
4.56893785,0,0
4.5694376,0,1
4.56993755,0,0
4.57043725,0,1
4.5709372,0,0
4.57143695,0,1
4.57193695,0,0
4.5724367,0,1
4.57293675,0,0
4.5734365,0,1
4.5739365,0,0
4.5744363,0,1
4.57493625,0,0
4.575436,0,1
4.575936,0,0
4.57643575,0,1
4.57693575,0,0
4.57743545,0,1
4.57793545,0,0
4.5784352,0,1
4.57893515,0,0
4.5794349,0,1
4.5799349,0,0
4.58043465,0,1
4.5809347,0,0
4.5814345,0,1
4.5819345,0,0
4.58243425,0,1
4.58293425,0,0
4.583434,0,1
4.583934,0,0
4.58443375,0,1
4.5849338,0,0
4.58543355,0,1
4.58593355,0,0
4.5864333,0,1
4.5869333,0,0
4.58743305,0,1
4.58793305,0,0
4.5884328,0,1
4.58893275,0,0
4.5894325,0,1
4.58993245,0,0
4.59043215,0,1
4.5909321,0,0
4.5914318,0,1
4.5919318,0,0
4.5924314,0,1
4.5929313,0,0
4.59343095,0,1
4.5939309,0,0
4.59443055,0,1
4.5949305,0,0
4.59543025,0,1
4.5959302,0,0
4.59642995,0,1
4.5969299,0,0
4.59742965,0,1
4.5979296,0,0
4.5984293,0,1
4.5989293,0,0
4.59942905,0,1
4.59992905,0,0
4.6004288,0,1
4.60092875,0,0
4.60142855,0,1
4.6019286,0,0
4.6024284,0,1
4.6029284,0,0
4.60342815,0,1
4.60392815,0,0
4.60442795,0,1
4.60492795,0,0
4.6054277,0,1
4.60592765,0,0
4.60642735,0,1
4.6069273,0,0
4.60742705,0,1
4.60792705,0,0
4.60842685,0,1
4.6089269,0,0
4.60942665,0,1
4.60992665,0,0
4.61042645,0,1
4.61092645,0,0
4.61142615,0,1
4.61192615,0,0
4.6124259,0,1
4.61292595,0,0
4.6134257,0,1
4.6139257,0,0
4.6144255,0,1
4.6149255,0,0
4.61542525,0,1
4.6159253,0,0
4.61642505,0,1
4.61692505,0,0
4.6174248,0,1
4.61792485,0,0
4.6184246,0,1
4.6189246,0,0
4.61942435,0,1
4.6199244,0,0
4.62042415,0,1
4.62092415,0,0
4.62142385,0,1
4.6219238,0,0
4.6224235,0,1
4.6229235,0,0
4.62342325,0,1
4.62392325,0,0
4.624423,0,1
4.624923,0,0
4.6254228,0,1
4.62592285,0,0
4.62642265,0,1
4.62692265,0,0
4.6274224,0,1
4.6279224,0,0
4.62842215,0,1
4.62892215,0,0
4.6294219,0,1
4.62992185,0,0
4.63042155,0,1
4.63092155,0,0
4.6314213,0,1
4.6319213,0,0
4.63242105,0,1
4.63292105,0,0
4.6334208,0,1
4.6339208,0,0
4.63442055,0,1
4.6349205,0,0
4.63542025,0,1
4.6359202,0,0
4.63642,0,1
4.63692,0,0
4.63741975,0,1
4.63791975,0,0
4.6384195,0,1
4.63891955,0,0
4.63941935,0,1
4.6399193,0,0
4.6404191,0,1
4.64091915,0,0
4.6414189,0,1
4.64191895,0,0
4.6424187,0,1
4.64291875,0,0
4.6434185,0,1
4.6439185,0,0
4.64441825,0,1
4.6449183,0,0
4.64541805,0,1
4.6459181,0,0
4.64641785,0,1
4.6469179,0,0
4.64741765,0,1
4.6479177,0,0
4.64841745,0,1
4.64891745,0,0
4.6494172,0,1
4.64991715,0,0
4.6504169,0,1
4.6509169,0,0
4.6514167,0,1
4.6519167,0,0
4.65241655,0,1
4.6529166,0,0
4.6534164,0,1
4.6539164,0,0
4.65441615,0,1
4.65491615,0,0
4.6554159,0,1
4.65591595,0,0
4.6564157,0,1
4.6569157,0,0
4.65741545,0,1
4.65791545,0,0
4.6584152,0,1
4.6589152,0,0
4.65941495,0,1
4.65991495,0,0
4.66041465,0,1
4.66091465,0,0
4.66141445,0,1
4.66191445,0,0
4.6624142,0,1
4.66291415,0,0
4.6634139,0,1
4.6639139,0,0
4.66441365,0,1
4.66491365,0,0
4.6654134,0,1
4.66591345,0,0
4.6664132,0,1
4.6669132,0,0
4.66741295,0,1
4.667913,0,0
4.66841275,0,1
4.66891275,0,0
4.6694125,0,1
4.66991245,0,0
4.67041225,0,1
4.67091225,0,0
4.67141205,0,1
4.67191205,0,0
4.6724118,0,1
4.67291185,0,0
4.67341165,0,1
4.6739117,0,0
4.6744115,0,1
4.6749115,0,0
4.6754113,0,1
4.67591135,0,0
4.6764111,0,1
4.6769111,0,0
4.6774109,0,1
4.67791095,0,0
4.6784107,0,1
4.6789107,0,0
4.67941045,0,1
4.67991045,0,0
4.68041025,0,1
4.68091025,0,0
4.68141,0,1
4.68191,0,0
4.68240975,0,1
4.68290975,0,0
4.68340945,0,1
4.6839095,0,0
4.68440925,0,1
4.68490925,0,0
4.685409,0,1
4.685909,0,0
4.68640875,0,1
4.6869088,0,0
4.68740855,0,1
4.6879086,0,0
4.6884084,0,1
4.6889084,0,0
4.68940815,0,1
4.68990815,0,0
4.6904079,0,1
4.6909079,0,0
4.6914077,0,1
4.69190775,0,0
4.6924075,0,1
4.6929075,0,0
4.69340725,0,1
4.6939072,0,0
4.69440695,0,1
4.6949069,0,0
4.6954067,0,1
4.69590665,0,0
4.6964064,0,1
4.69690635,0,0
4.6974061,0,1
4.69790605,0,0
4.6984058,0,1
4.69890575,0,0
4.6994055,0,1
4.69990545,0,0
4.70040525,0,1
4.7009052,0,0
4.70140495,0,1
4.70190485,0,0
4.70240455,0,1
4.70290455,0,0
4.70340425,0,1
4.7039042,0,0
4.7044039,0,1
4.7049039,0,0
4.7054036,0,1
4.7059036,0,0
4.70640335,0,1
4.70690335,0,0
4.70740305,0,1
4.707903,0,0
4.7084027,0,1
4.70890265,0,0
4.70940235,0,1
4.7099023,0,0
4.71040205,0,1
4.71090205,0,0
4.71140175,0,1
4.7119017,0,0
4.7124014,0,1
4.7129014,0,0
4.7134011,0,1
4.713901,0,0
4.71440075,0,1
4.7149007,0,0
4.71540045,0,1
4.7159004,0,0
4.71640015,0,1
4.7169001,0,0
4.7173998,0,1
4.71789975,0,0
4.7183995,0,1
4.71889945,0,0
4.71939915,0,1
4.7198991,0,0
4.7203989,0,1
4.7208989,0,0
4.72139865,0,1
4.7218987,0,0
4.72239845,0,1
4.72289845,0,0
4.7233982,0,1
4.7238982,0,0
4.72439795,0,1
4.7248979,0,0
4.72539765,0,1
4.72589765,0,0
4.7263974,0,1
4.7268974,0,0
4.72739715,0,1
4.7278971,0,0
4.7283968,0,1
4.7288968,0,0
4.72939655,0,1
4.7298965,0,0
4.73039625,0,1
4.73089625,0,0
4.73139595,0,1
4.7318959,0,0
4.73239565,0,1
4.73289565,0,0
4.73339545,0,1
4.73389545,0,0
4.7343952,0,1
4.7348952,0,0
4.73539495,0,1
4.73589495,0,0
4.7363947,0,1
4.73689465,0,0
4.73739445,0,1
4.73789445,0,0
4.7383942,0,1
4.7388942,0,0
4.73939395,0,1
4.73989395,0,0
4.7403937,0,1
4.7408937,0,0
4.7413935,0,1
4.74189355,0,0
4.7423933,0,1
4.74289325,0,0
4.74339295,0,1
4.74389295,0,0
4.74439265,0,1
4.74489265,0,0
4.7453923,0,1
4.7458922,0,0
4.74639195,0,1
4.74689195,0,0
4.7473917,0,1
4.7478917,0,0
4.74839145,0,1
4.74889145,0,0
4.7493912,0,1
4.7498912,0,0
4.750391,0,1
4.750891,0,0
4.75139075,0,1
4.75189075,0,0
4.7523905,0,1
4.75289055,0,0
4.7533903,0,1
4.7538903,0,0
4.75439005,0,1
4.75489005,0,0
4.75538985,0,1
4.75588985,0,0
4.75638955,0,1
4.75688955,0,0
4.7573893,0,1
4.75788925,0,0
4.75838905,0,1
4.758889,0,0
4.75938875,0,1
4.75988875,0,0
4.7603885,0,1
4.7608885,0,0
4.76138825,0,1
4.76188825,0,0
4.76238805,0,1
4.7628881,0,0
4.76338785,0,1
4.76388795,0,0
4.76438775,0,1
4.7648878,0,0
4.7653876,0,1
4.76588765,0,0
4.76638745,0,1
4.7668875,0,0
4.7673873,0,1
4.76788735,0,0
4.76838715,0,1
4.7688872,0,0
4.76938695,0,1
4.76988695,0,0
4.7703867,0,1
4.7708867,0,0
4.77138645,0,1
4.77188645,0,0
4.7723862,0,1
4.77288625,0,0
4.77338595,0,1
4.773886,0,0
4.77438575,0,1
4.77488575,0,0
4.77538555,0,1
4.77588555,0,0
4.7763853,0,1
4.7768853,0,0
4.77738505,0,1
4.77788505,0,0
4.77838485,0,1
4.7788849,0,0
4.77938465,0,1
4.77988465,0,0
4.7803844,0,1
4.7808844,0,0
4.78138415,0,1
4.7818842,0,0
4.7823839,0,1
4.7828839,0,0
4.7833837,0,1
4.7838837,0,0
4.78438345,0,1
4.78488345,0,0
4.78538325,0,1
4.7858833,0,0
4.7863831,0,1
4.78688315,0,0
4.7873829,0,1
4.78788285,0,0
4.78838265,0,1
4.78888265,0,0
4.7893824,0,1
4.78988245,0,0
4.7903822,0,1
4.7908822,0,0
4.791382,0,1
4.791882,0,0
4.79238175,0,1
4.79288175,0,0
4.7933815,0,1
4.7938815,0,0
4.79438125,0,1
4.79488125,0,0
4.79538095,0,1
4.79588095,0,0
4.7963807,0,1
4.79688065,0,0
4.79738035,0,1
4.79788025,0,0
4.79837995,0,1
4.7988799,0,0
4.7993796,0,1
4.79987955,0,0
4.80037925,0,1
4.8008792,0,0
4.8013789,0,1
4.8018788,0,0
4.8023785,0,1
4.8028785,0,0
4.80337825,0,1
4.80387815,0,0
4.80437785,0,1
4.8048778,0,0
4.80537745,0,1
4.8058774,0,0
4.80637715,0,1
4.8068771,0,0
4.80737685,0,1
4.8078768,0,0
4.8083765,0,1
4.8088765,0,0
4.8093762,0,1
4.80987615,0,0
4.81037585,0,1
4.81087585,0,0
4.81137555,0,1
4.8118755,0,0
4.8123752,0,1
4.81287515,0,0
4.81337485,0,1
4.8138748,0,0
4.81437445,0,1
4.8148744,0,0
4.81537415,0,1
4.8158741,0,0
4.81637385,0,1
4.81687385,0,0
4.81737365,0,1
4.81787365,0,0
4.81837335,0,1
4.81887335,0,0
4.81937305,0,1
4.81987305,0,0
4.8203728,0,1
4.8208728,0,0
4.82137245,0,1
4.8218724,0,0
4.8223721,0,1
4.822872,0,0
4.82337165,0,1
4.82387155,0,0
4.82437125,0,1
4.82487115,0,0
4.82537085,0,1
4.8258708,0,0
4.8263705,0,1
4.8268705,0,0
4.82737025,0,1
4.82787025,0,0
4.82837,0,1
4.82886995,0,0
4.82936965,0,1
4.8298696,0,0
4.83036925,0,1
4.83086915,0,0
4.8313688,0,1
4.8318688,0,0
4.83236855,0,1
4.8328685,0,0
4.8333682,0,1
4.83386815,0,0
4.83436785,0,1
4.8348678,0,0
4.8353674,0,1
4.83586735,0,0
4.83636705,0,1
4.83686705,0,0
4.83736675,0,1
4.83786675,0,0
4.83836645,0,1
4.83886645,0,0
4.83936625,0,1
4.8398662,0,0
4.8403659,0,1
4.8408659,0,0
4.84136565,0,1
4.8418656,0,0
4.84236535,0,1
4.84286535,0,0
4.8433651,0,1
4.84386505,0,0
4.8443647,0,1
4.84486465,0,0
4.84536435,0,1
4.8458644,0,0
4.84636415,0,1
4.84686415,0,0
4.84736395,0,1
4.8478639,0,0
4.8483636,0,1
4.84886355,0,0
4.8493633,0,1
4.84986325,0,0
4.850363,0,1
4.85086295,0,0
4.85136265,0,1
4.8518626,0,0
4.8523623,0,1
4.85286225,0,0
4.85336195,0,1
4.85386185,0,0
4.8543615,0,1
4.8548615,0,0
4.85536115,0,1
4.85586115,0,0
4.85636085,0,1
4.85686075,0,0
4.85736045,0,1
4.8578604,0,0
4.8583601,0,1
4.85886,0,0
4.85935965,0,1
4.85985955,0,0
4.8603592,0,1
4.8608591,0,0
4.86135875,0,1
4.8618586,0,0
4.86235825,0,1
4.86285815,0,0
4.86335785,0,1
4.8638578,0,0
4.8643575,0,1
4.86485745,0,0
4.8653571,0,1
4.86585705,0,0
4.8663567,0,1
4.8668566,0,0
4.86735625,0,1
4.86785615,0,0
4.86835585,0,1
4.86885575,0,0
4.86935545,0,1
4.8698554,0,0
4.8703551,0,1
4.87085505,0,0
4.87135475,0,1
4.8718547,0,0
4.87235445,0,1
4.8728544,0,0
4.87335415,0,1
4.8738541,0,0
4.8743538,0,1
4.87485375,0,0
4.87535345,0,1
4.87585345,0,0
4.87635315,0,1
4.87685315,0,0
4.87735285,0,1
4.8778528,0,0
4.87835255,0,1
4.87885255,0,0
4.87935225,0,1
4.8798522,0,0
4.88035195,0,1
4.8808519,0,0
4.8813516,0,1
4.88185155,0,0
4.8823512,0,1
4.88285115,0,0
4.88335085,0,1
4.88385075,0,0
4.88435045,0,1
4.8848504,0,0
4.88535005,0,1
4.88584995,0,0
4.88634965,0,1
4.88684955,0,0
4.8873492,0,1
4.88784915,0,0
4.88834885,0,1
4.88884875,0,0
4.8893484,0,1
4.8898483,0,0
4.89034795,0,1
4.89084785,0,0
4.8913475,0,1
4.8918474,0,0
4.892347,0,1
4.8928469,0,0
4.8933466,0,1
4.89384655,0,0
4.89434625,0,1
4.89484615,0,0
4.89534585,0,1
4.8958458,0,0
4.8963455,0,1
4.8968455,0,0
4.89734515,0,1
4.8978451,0,0
4.8983448,0,1
4.89884475,0,0
4.8993445,0,1
4.8998444,0,0
4.9003441,0,1
4.900844,0,0
4.9013437,0,1
4.9018436,0,0
4.9023433,0,1
4.90284325,0,0
4.903343,0,1
4.90384295,0,0
4.90434265,0,1
4.9048426,0,0
4.90534225,0,1
4.90584215,0,0
4.90634185,0,1
4.90684175,0,0
4.9073414,0,1
4.9078413,0,0
4.9083409,0,1
4.9088408,0,0
4.9093405,0,1
4.90984035,0,0
4.91034005,0,1
4.91083995,0,0
4.91133965,0,1
4.91183955,0,0
4.91233925,0,1
4.9128392,0,0
4.91333885,0,1
4.9138388,0,0
4.9143385,0,1
4.9148385,0,0
4.9153382,0,1
4.9158382,0,0
4.9163379,0,1
4.91683785,0,0
4.9173376,0,1
4.9178376,0,0
4.9183373,0,1
4.91883725,0,0
4.9193369,0,1
4.9198368,0,0
4.92033645,0,1
4.92083635,0,0
4.92133605,0,1
4.921836,0,0
4.9223357,0,1
4.92283565,0,0
4.92333535,0,1
4.9238353,0,0
4.924335,0,1
4.92483495,0,0
4.9253347,0,1
4.92583465,0,0
4.9263343,0,1
4.92683425,0,0
4.92733395,0,1
4.9278339,0,0
4.92833365,0,1
4.9288336,0,0
4.92933335,0,1
4.9298333,0,0
4.93033305,0,1
4.930833,0,0
4.9313327,0,1
4.9318327,0,0
4.9323324,0,1
4.93283245,0,0
4.9333322,0,1
4.9338322,0,0
4.9343319,0,1
4.9348319,0,0
4.93533165,0,1
4.93583165,0,0
4.93633135,0,1
4.9368313,0,0
4.93733095,0,1
4.93783085,0,0
4.93833055,0,1
4.9388305,0,0
4.9393302,0,1
4.93983015,0,0
4.9403299,0,1
4.9408298,0,0
4.9413295,0,1
4.9418294,0,0
4.9423291,0,1
4.942829,0,0
4.9433287,0,1
4.9438286,0,0
4.9443283,0,1
4.9448282,0,0
4.9453279,0,1
4.94582785,0,0
4.94632755,0,1
4.9468275,0,0
4.9473272,0,1
4.94782715,0,0
4.94832685,0,1
4.94882685,0,0
4.9493265,0,1
4.94982645,0,0
4.95032615,0,1
4.95082605,0,0
4.9513258,0,1
4.9518258,0,0
4.9523255,0,1
4.95282545,0,0
4.95332515,0,1
4.9538251,0,0
4.95432485,0,1
4.9548248,0,0
4.9553245,0,1
4.95582445,0,0
4.95632415,0,1
4.9568241,0,0
4.95732385,0,1
4.9578238,0,0
4.95832355,0,1
4.95882345,0,0
4.9593232,0,1
4.95982315,0,0
4.9603228,0,1
4.96082275,0,0
4.9613224,0,1
4.96182235,0,0
4.962322,0,1
4.9628219,0,0
4.9633216,0,1
4.96382155,0,0
4.9643212,0,1
4.96482115,0,0
4.9653209,0,1
4.96582085,0,0
4.9663205,0,1
4.96682045,0,0
4.9673202,0,1
4.96782015,0,0
4.9683199,0,1
4.96881985,0,0
4.96931955,0,1
4.9698195,0,0
4.9703192,0,1
4.97081915,0,0
4.97131885,0,1
4.9718188,0,0
4.9723185,0,1
4.97281845,0,0
4.9733181,0,1
4.97381805,0,0
4.97431775,0,1
4.9748177,0,0
4.9753174,0,1
4.97581735,0,0
4.97631705,0,1
4.976817,0,0
4.9773167,0,1
4.9778167,0,0
4.97831645,0,1
4.97881645,0,0
4.97931625,0,1
4.97981625,0,0
4.980316,0,1
4.980816,0,0
4.9813157,0,1
4.9818157,0,0
4.98231535,0,1
4.98281535,0,0
4.98331505,0,1
4.9838151,0,0
4.98431485,0,1
4.9848148,0,0
4.98531455,0,1
4.9858145,0,0
4.9863142,0,1
4.9868141,0,0
4.9873138,0,1
4.9878138,0,0
4.9883135,0,1
4.9888135,0,0
4.98931325,0,1
4.98981325,0,0
4.99031305,0,1
4.99081305,0,0
4.99131275,0,1
4.99181275,0,0
4.99231245,0,1
4.99281245,0,0
4.99331215,0,1
4.9938121,0,0
4.9943118,0,1
4.9948117,0,0
4.9953114,0,1
4.99581135,0,0
4.996311,0,1
4.99681095,0,0
4.99731065,0,1
4.99781055,0,0
4.99831025,0,1
4.9988102,0,0
4.9993099,0,1
4.99980985,0,0
