timestamp_s,CH0,CH1
0.0,0,0
0.0002543,0,1
0.00075435,0,0
0.0012542,0,1
0.0017543,0,0
0.0022541,0,1
0.0027542,0,0
0.003254,0,1
0.00375405,0,0
0.0042539,0,1
0.00475395,0,0
0.00525375,0,1
0.0057538,0,0
0.0062536,0,1
0.00675365,0,0
0.00725345,0,1
0.00775345,0,0
0.00825325,0,1
0.00875325,0,0
0.009253,0,1
0.0097531,0,0
0.01025285,0,1
0.0107529,0,0
0.01125275,0,1
0.0117528,0,0
0.01225265,0,1
0.01275275,0,0
0.0132526,0,1
0.01375275,0,0
0.01425255,0,1
0.01475265,0,0
0.01525245,0,1
0.01575255,0,0
0.0162524,0,1
0.0167525,0,0
0.01725235,0,1
0.01775245,0,0
0.0182523,0,1
0.0187524,0,0
0.01925225,0,1
0.01975235,0,0
0.02025225,0,1
0.02075235,0,0
0.02125225,0,1
0.0217524,0,0
0.0222522,0,1
0.02275235,0,0
0.0232522,0,1
0.0237523,0,0
0.02425215,0,1
0.0247522,0,0
0.02525205,0,1
0.02575215,0,0
0.026252,0,1
0.0267521,0,0
0.02725195,0,1
0.02775205,0,0
0.0282519,0,1
0.0287521,0,0
0.029252,0,1
0.02975215,0,0
0.030252,0,1
0.03075215,0,0
0.03125205,0,1
0.0317522,0,0
0.03225205,0,1
0.0327522,0,0
0.03325205,0,1
0.0337522,0,0
0.0342521,0,1
0.0347522,0,0
0.03525205,0,1
0.03575225,0,0
0.03625215,0,1
0.0367523,0,0
0.03725215,0,1
0.0377523,0,0
0.0382522,0,1
0.0387523,0,0
0.03925215,0,1
0.0397523,0,0
0.04025215,0,1
0.0407522,0,0
0.0412521,0,1
0.0417522,0,0
0.0422521,0,1
0.04275225,0,0
0.0432521,0,1
0.04375225,0,0
0.0442521,0,1
0.0447522,0,0
0.04525205,0,1
0.0457522,0,0
0.04625205,0,1
0.0467522,0,0
0.0472523,0,1
0.04775255,0,0
0.0482522,0,1
0.04875235,0,0
0.04925225,0,1
0.0497524,0,0
0.0500002,1,0
0.05025245,1,1
0.05075235,1,0
0.0512526,1,1
0.0517524,1,0
0.05225225,1,1
0.05275245,1,0
0.0532522,1,1
0.05375235,1,0
0.05425225,1,1
0.05475235,1,0
0.0552527,1,1
0.0557582,1,0
0.05625205,1,1
0.05675215,1,0
0.057252,1,1
0.0577521,1,0
0.05825195,1,1
0.0587521,1,0
0.059252,1,1
0.05975215,1,0
0.060252,1,1
0.0607521,1,0
0.061252,1,1
0.0617521,1,0
0.0622519,1,1
0.062752,1,0
0.06325185,1,1
0.06375195,1,0
0.0642518,1,1
0.0647519,1,0
0.06525175,1,1
0.06575185,1,0
0.0659751,0,0
0.0662521,0,1
0.0667519,0,0
0.06725175,0,1
0.0677521,0,0
0.06825175,0,1
0.0687519,0,0
0.06925175,0,1
0.0697519,0,0
0.0702519,0,1
0.0707522,0,0
0.0712517,0,1
0.07175165,0,0
0.0722515,0,1
0.07275195,0,0
0.0732519,0,1
0.07375165,0,0
0.07425155,0,1
0.07475185,0,0
0.0752513,0,1
0.07575135,0,0
0.0762512,0,1
0.07675125,0,0
0.07725105,0,1
0.07775115,0,0
0.078251,0,1
0.0787511,0,0
0.079251,0,1
0.07975105,0,0
0.08025095,0,1
0.08075105,0,0
0.081251,0,1
0.0817511,0,0
0.082251,0,1
0.08275115,0,0
0.08325105,0,1
0.0837512,0,0
0.0842511,0,1
0.0847512,0,0
0.08525105,0,1
0.08575115,0,0
0.0862513,0,1
0.08675155,0,0
0.0872512,0,1
0.0877513,0,0
0.0882513,0,1
0.08875135,0,0
0.0892511,0,1
0.08975125,0,0
0.0902511,0,1
0.09075125,0,0
0.09125115,0,1
0.0917513,0,0
0.0922512,0,1
0.09275135,0,0
0.09325125,0,1
0.0937514,0,0
0.09425135,0,1
0.09475155,0,0
0.0952514,0,1
0.09575155,0,0
0.0962515,0,1
0.0967517,0,0
0.0972516,0,1
0.09775175,0,0
0.09825165,0,1
0.0987518,0,0
0.09925165,0,1
0.0997518,0,0
0.1002517,0,1
0.10075185,0,0
0.10125175,0,1
0.1017519,0,0
0.10225185,0,1
0.102752,0,0
0.1032519,0,1
0.103752,0,0
0.1042519,0,1
0.10475205,0,0
0.10525195,0,1
0.10575205,0,0
0.10625195,0,1
0.1067521,0,0
0.107252,0,1
0.1077521,0,0
0.108252,0,1
0.10875215,0,0
0.10925205,0,1
0.1097522,0,0
0.1102521,0,1
0.11075225,0,0
0.1112521,0,1
0.1117523,0,0
0.1122522,0,1
0.1127523,0,0
0.1132522,0,1
0.11375235,0,0
0.11425225,0,1
0.11475235,0,0
0.11525225,0,1
0.11575235,0,0
0.11625225,0,1
0.1167524,0,0
0.11725225,0,1
0.1177524,0,0
0.11825225,0,1
0.1187524,0,0
0.11925225,0,1
0.1197524,0,0
0.12025235,0,1
0.12075255,0,0
0.12125245,0,1
0.12175265,0,0
0.12225255,0,1
0.12275275,0,0
0.1232527,0,1
0.1237529,0,0
0.12425285,0,1
0.124753,0,0
0.125253,0,1
0.12575315,0,0
0.12625345,0,1
0.1267536,0,0
0.12725315,0,1
0.1277533,0,0
0.1282532,0,1
0.12875335,0,0
0.12925325,0,1
0.12975365,0,0
0.1302533,0,1
0.1307539,0,0
0.13125345,0,1
0.13175355,0,0
0.13225385,0,1
0.1327536,0,0
0.13325355,0,1
0.13375375,0,0
0.1342536,0,1
0.13475375,0,0
0.13525365,0,1
0.13575385,0,0
0.13625375,0,1
0.1367539,0,0
0.1372538,0,1
0.13775395,0,0
0.13825385,0,1
0.138754,0,0
0.1392539,0,1
0.13975405,0,0
0.14025395,0,1
0.1407541,0,0
0.141254,0,1
0.14175415,0,0
0.14225405,0,1
0.14275415,0,0
0.1432541,0,1
0.1437544,0,0
0.1442544,0,1
0.1447545,0,0
0.1452545,0,1
0.14575455,0,0
0.14625445,0,1
0.1467545,0,0
0.1472549,0,1
0.14775465,0,0
0.1482547,0,1
0.14875465,0,0
0.14925465,0,1
0.14975465,0,0
0.1502544,0,1
0.1507545,0,0
0.1512545,0,1
0.1517546,0,0
0.1522546,0,1
0.15275465,0,0
0.1532545,0,1
0.15375485,0,0
0.1542543,0,1
0.1547547,0,0
0.1552547,0,1
0.1557546,0,0
0.1562545,0,1
0.1567546,0,0
0.1572544,0,1
0.15775455,0,0
0.1582544,0,1
0.15875455,0,0
0.1592548,0,1
0.1597546,0,0
0.1602547,0,1
0.16075445,0,0
0.16125455,0,1
0.16175455,0,0
0.16225455,0,1
0.1627549,0,0
0.16325435,0,1
0.16375445,0,0
0.1642542,0,1
0.16475435,0,0
0.16525435,0,1
0.16575445,0,0
0.16625445,0,1
0.16675445,0,0
0.1672543,0,1
0.1677547,0,0
0.16825415,0,1
0.1687544,0,0
0.16925425,0,1
0.16975465,0,0
0.17025435,0,1
0.1707547,0,0
0.1712543,0,1
0.17175805,0,0
0.1722543,0,1
0.1727544,0,0
0.1732546,0,1
0.1737543,0,0
0.1742543,0,1
0.17475425,0,0
0.17525435,0,1
0.17575415,0,0
0.17625395,0,1
0.17675405,0,0
0.17725395,0,1
0.1777544,0,0
0.17825375,0,1
0.17875385,0,0
0.17925385,0,1
0.17975395,0,0
0.1802539,0,1
0.1807539,0,0
0.1812537,0,1
0.18175425,0,0
0.1822536,0,1
0.18275425,0,0
0.18325375,0,1
0.183754,0,0
0.1842537,0,1
0.1847541,0,0
0.1852537,0,1
0.1857537,0,0
0.1862537,0,1
0.1867538,0,0
0.18725405,0,1
0.18775375,0,0
0.18825385,0,1
0.1887537,0,0
0.18925355,0,1
0.1897539,0,0
0.19025395,0,1
0.19075365,0,0
0.19125375,0,1
0.1917536,0,0
0.1922533,0,1
0.1927534,0,0
0.1932534,0,1
0.19375345,0,0
0.19425345,0,1
0.19475345,0,0
0.19525335,0,1
0.19575385,0,0
0.19625315,0,1
0.19675335,0,0
0.19725315,0,1
0.19775335,0,0
0.19825305,0,1
0.1987534,0,0
0.199253,0,1
0.19975295,0,0
0.200253,0,1
0.20075325,0,0
0.20125305,0,1
0.20175315,0,0
0.202253,0,1
0.2027531,0,0
0.20325325,0,1
0.20375305,0,0
0.20425285,0,1
0.20475325,0,0
0.2052529,0,1
0.20575315,0,0
0.2062528,0,1
0.206753,0,0
0.207253,0,1
0.2077531,0,0
0.2082531,0,1
0.20875305,0,0
0.20925295,0,1
0.20975345,0,0
0.21025295,0,1
0.2107531,0,0
0.2112531,0,1
0.2117534,0,0
0.2122532,0,1
0.2127536,0,0
0.21325325,0,1
0.2137533,0,0
0.21425335,0,1
0.2147535,0,0
0.21525375,0,1
0.21575345,0,0
0.21625355,0,1
0.2167534,0,0
0.2172533,0,1
0.21775355,0,0
0.21825355,0,1
0.21875345,0,0
0.21925355,0,1
0.2197534,0,0
0.22025315,0,1
0.22075325,0,0
0.22125325,0,1
0.2217534,0,0
0.2222534,0,1
0.22275345,0,0
0.22325335,0,1
0.2237539,0,0
0.2242528,0,1
0.2247537,0,0
0.22525375,0,1
0.22575365,0,0
0.2262535,0,1
0.22675365,0,0
0.2272535,0,1
0.22775345,0,0
0.22825345,0,1
0.22875365,0,0
0.2292534,0,1
0.2297535,0,0
0.23025335,0,1
0.23075345,0,0
0.2312536,0,1
0.2317535,0,0
0.2322534,0,1
0.2327538,0,0
0.2332534,0,1
0.2337536,0,0
0.2342532,0,1
0.23475335,0,0
0.23525335,0,1
0.2357535,0,0
0.2362535,0,1
0.2367535,0,0
0.23725335,0,1
0.2377538,0,0
0.2382532,0,1
0.23875385,0,0
0.2392533,0,1
0.23975355,0,0
0.2402533,0,1
0.2407537,0,0
0.24125375,0,1
0.2417534,0,0
0.24225385,0,1
0.24275355,0,0
0.2432536,0,1
0.243754,0,0
0.2442535,0,1
0.2447538,0,0
0.24525355,0,1
0.2457537,0,0
0.24625355,0,1
0.2467536,0,0
0.2472535,0,1
0.24775405,0,0
0.2482534,0,1
0.2487535,0,0
0.24925355,0,1
0.24975375,0,0
0.2502538,0,1
0.25075385,0,0
0.25125375,0,1
0.2517543,0,0
0.2522537,0,1
0.252754,0,0
0.25325385,0,1
0.25375415,0,0
0.25425395,0,1
0.2547543,0,0
0.255254,0,1
0.25575405,0,0
0.25625405,0,1
0.2567542,0,0
0.2572544,0,1
0.25775415,0,0
0.2582543,0,1
0.2587541,0,0
0.2592539,0,1
0.25975415,0,0
0.2602541,0,1
0.260754,0,0
0.26125415,0,1
0.26175395,0,0
0.2622537,0,1
0.2627538,0,0
0.2632538,0,1
0.2637539,0,0
0.2642539,0,1
0.26475385,0,0
0.2652537,0,1
0.26575415,0,0
0.2662535,0,1
0.2667537,0,0
0.26725355,0,1
0.26775375,0,0
0.26825345,0,1
0.26875375,0,0
0.26925335,0,1
0.2697533,0,0
0.2702533,0,1
0.2707536,0,0
0.27125335,0,1
0.27175345,0,0
0.27225325,0,1
0.2727533,0,0
0.2732534,0,1
0.2737533,0,0
0.2742531,0,1
0.27475345,0,0
0.27525305,0,1
0.2757533,0,0
0.2762529,0,1
0.276753,0,0
0.277253,0,1
0.2777531,0,0
0.27825315,0,1
0.27875315,0,0
0.27925305,0,1
0.27975355,0,0
0.28025305,0,1
0.28075315,0,0
0.281253,0,1
0.2817533,0,0
0.2822531,0,1
0.28275345,0,0
0.2832531,0,1
0.2837531,0,0
0.28425305,0,1
0.28475315,0,0
0.28525335,0,1
0.2857531,0,0
0.2862532,0,1
0.28675305,0,0
0.2872529,0,1
0.28775315,0,0
0.2882531,0,1
0.288753,0,0
0.2892531,0,1
0.28975295,0,0
0.2902527,0,1
0.29075275,0,0
0.2912528,0,1
0.2917529,0,0
0.2922529,0,1
0.29275285,0,0
0.2932527,0,1
0.2937532,0,0
0.2942526,0,1
0.29475285,0,0
0.29525275,0,1
0.295753,0,0
0.29625275,0,1
0.29675315,0,0
0.2972528,0,1
0.29775285,0,0
0.29825285,0,1
0.29875295,0,0
0.2992532,0,1
0.2997529,0,0
0.300253,0,1
0.3007528,0,0
0.3012527,0,1
0.3017529,0,0
0.3022529,0,1
0.3027528,0,0
0.30325295,0,1
0.3037528,0,0
0.30425255,0,1
0.3047527,0,0
0.30525275,0,1
0.30575295,0,0
0.30625295,0,1
0.306753,0,0
0.30725295,0,1
0.3077535,0,0
0.3082529,0,1
0.30875355,0,0
0.30925305,0,1
0.3097533,0,0
0.31025305,0,1
0.3107534,0,0
0.31125305,0,1
0.3117531,0,0
0.3122531,0,1
0.31275335,0,0
0.31325315,0,1
0.31375325,0,0
0.31425315,0,1
0.3147533,0,0
0.31525345,0,1
0.3157533,0,0
0.31625315,0,1
0.3167535,0,0
0.3172531,0,1
0.31775335,0,0
0.3182529,0,1
0.318753,0,0
0.31925295,0,1
0.3197531,0,0
0.32025315,0,1
0.3207531,0,0
0.32125295,0,1
0.32175345,0,0
0.3222528,0,1
0.32275305,0,0
0.3232529,0,1
0.3237531,0,0
0.3242528,0,1
0.32475315,0,0
0.3252527,0,1
0.3257527,0,0
0.32625265,0,1
0.3267528,0,0
0.32725305,0,1
0.3277528,0,0
0.3282529,0,1
0.32875275,0,0
0.3292526,0,1
0.3297528,0,0
0.3302528,0,1
0.33075265,0,0
0.3312528,0,1
0.3317527,0,0
0.33225245,0,1
0.3327526,0,0
0.3332526,0,1
0.33375275,0,0
0.3342527,0,1
0.3347527,0,0
0.33525255,0,1
0.33575305,0,0
0.3362524,0,1
0.33675305,0,0
0.33725255,0,1
0.33775285,0,0
0.3382527,0,1
0.3387531,0,0
0.33925275,0,1
0.33975275,0,0
0.3402529,0,1
0.34075325,0,0
0.3412527,0,1
0.3417528,0,0
0.3422526,0,1
0.3427527,0,0
0.3432528,0,1
0.3437526,0,0
0.34425245,0,1
0.34475275,0,0
0.34525235,0,1
0.34575255,0,0
0.34625215,0,1
0.34675225,0,0
0.34725225,0,1
0.3477523,0,0
0.3482522,0,1
0.3487521,0,0
0.34925185,0,1
0.3497523,0,0
0.35025185,0,1
0.3507518,0,0
0.35125165,0,1
0.35175185,0,0
0.3522515,0,1
0.35275185,0,0
0.3532514,0,1
0.35375135,0,0
0.35425135,0,1
0.35475145,0,0
0.35525165,0,1
0.3557514,0,0
0.3562515,0,1
0.3567513,0,0
0.35725115,0,1
0.35775135,0,0
0.3582513,0,1
0.35875115,0,0
0.35925125,0,1
0.3597511,0,0
0.3602508,0,1
0.36075095,0,0
0.36125095,0,1
0.36175105,0,0
0.36225105,0,1
0.36275105,0,0
0.3632509,0,1
0.3637513,0,0
0.36425095,0,1
0.3647511,0,0
0.36525105,0,1
0.36575115,0,0
0.3662511,0,1
0.3667512,0,0
0.36725145,0,1
0.367751,0,0
0.3682509,0,1
0.36875105,0,0
0.3692509,0,1
0.369751,0,0
0.3702508,0,1
0.3707509,0,0
0.37125075,0,1
0.37175085,0,0
0.37225075,0,1
0.3727509,0,0
0.37325075,0,1
0.37375085,0,0
0.3742507,0,1
0.3747508,0,0
0.37525065,0,1
0.3757508,0,0
0.37625065,0,1
0.3767507,0,0
0.37725065,0,1
0.3777508,0,0
0.37825065,0,1
0.37875075,0,0
0.3792507,0,1
0.3797508,0,0
0.38025065,0,1
0.3807508,0,0
0.38125065,0,1
0.3817508,0,0
0.38225065,0,1
0.38275075,0,0
0.3832506,0,1
0.38375075,0,0
0.3842506,0,1
0.3847507,0,0
0.38525055,0,1
0.3857507,0,0
0.38625055,0,1
0.38675065,0,0
0.38725055,0,1
0.3877507,0,0
0.38825055,0,1
0.3887507,0,0
0.38925055,0,1
0.38975065,0,0
0.39025055,0,1
0.39075065,0,0
0.3912505,0,1
0.3917506,0,0
0.39225045,0,1
0.39275055,0,0
0.39325045,0,1
0.3937506,0,0
0.39425045,0,1
0.3947506,0,0
0.3952505,0,1
0.3957507,0,0
0.3962506,0,1
0.39675075,0,0
0.39725065,0,1
0.3977508,0,0
0.39825065,0,1
0.3987508,0,0
0.3992507,0,1
0.39975085,0,0
0.40025075,0,1
0.4007509,0,0
0.4012508,0,1
0.4017509,0,0
0.4022508,0,1
0.4027509,0,0
0.4032508,0,1
0.4037509,0,0
0.40425075,0,1
0.4047509,0,0
0.4052508,0,1
0.4057509,0,0
0.40625075,0,1
0.4067509,0,0
0.4072508,0,1
0.40775095,0,0
0.4082508,0,1
0.40875095,0,0
0.40925085,0,1
0.409751,0,0
0.4102509,0,1
0.41075105,0,0
0.4112509,0,1
0.4117511,0,0
0.41225095,0,1
0.4127511,0,0
0.413251,0,1
0.4137511,0,0
0.414251,0,1
0.41475115,0,0
0.4152511,0,1
0.4157512,0,0
0.4162511,0,1
0.4167513,0,0
0.4172512,0,1
0.41775135,0,0
0.41825125,0,1
0.41875135,0,0
0.4192512,0,1
0.41975135,0,0
0.42025125,0,1
0.4207514,0,0
0.4212513,0,1
0.4217515,0,0
0.42225145,0,1
0.4227516,0,0
0.42325145,0,1
0.42375155,0,0
0.4242514,0,1
0.4247516,0,0
0.4252515,0,1
0.4257517,0,0
0.42625165,0,1
0.4267518,0,0
0.4272518,0,1
0.42775195,0,0
0.42825185,0,1
0.428752,0,0
0.42925185,0,1
0.42975195,0,0
0.43025185,0,1
0.430752,0,0
0.43125185,0,1
0.43175205,0,0
0.4322519,0,1
0.4327521,0,0
0.433252,0,1
0.4337522,0,0
0.43425215,0,1
0.4347523,0,0
0.43525215,0,1
0.4357523,0,0
0.4362522,0,1
0.43675235,0,0
0.43725225,0,1
0.4377524,0,0
0.43825235,0,1
0.4387525,0,0
0.4392524,0,1
0.4397526,0,0
0.4402525,0,1
0.44075265,0,0
0.4412525,0,1
0.44175265,0,0
0.44225255,0,1
0.44275265,0,0
0.44325255,0,1
0.4437527,0,0
0.4442526,0,1
0.4447527,0,0
0.4452526,0,1
0.44575275,0,0
0.44625265,0,1
0.4467527,0,0
0.44725255,0,1
0.44775265,0,0
0.4482525,0,1
0.44875265,0,0
0.4492525,0,1
0.4497526,0,0
0.4502525,0,1
0.4507526,0,0
0.4512525,0,1
0.45175265,0,0
0.4522525,0,1
0.4527526,0,0
0.45325245,0,1
0.4537526,0,0
0.4542525,0,1
0.4547526,0,0
0.4552525,0,1
0.4557526,0,0
0.4562525,0,1
0.4567526,0,0
0.45725245,0,1
0.45775255,0,0
0.4582524,0,1
0.45875255,0,0
0.45925245,0,1
0.4597526,0,0
0.4602525,0,1
0.4607526,0,0
0.4612525,0,1
0.4617526,0,0
0.4622525,0,1
0.4627526,0,0
0.46325245,0,1
0.46375255,0,0
0.4642525,0,1
0.4647526,0,0
0.4652525,0,1
0.46575265,0,0
0.46625255,0,1
0.4667527,0,0
0.4672526,0,1
0.46775275,0,0
0.46825265,0,1
0.4687528,0,0
0.4692527,0,1
0.4697528,0,0
0.4702527,0,1
0.47075285,0,0
0.4712527,0,1
0.4717528,0,0
0.4722527,0,1
0.4727529,0,0
0.47325285,0,1
0.47375295,0,0
0.47425285,0,1
0.474753,0,0
0.47525295,0,1
0.4757531,0,0
0.476253,0,1
0.4767531,0,0
0.477253,0,1
0.47775315,0,0
0.47825305,0,1
0.47875325,0,0
0.47925315,0,1
0.4797533,0,0
0.4802532,0,1
0.48075335,0,0
0.4812533,0,1
0.48175345,0,0
0.48225335,0,1
0.4827535,0,0
0.4832534,0,1
0.4837535,0,0
0.48425345,0,1
0.4847536,0,0
0.48525355,0,1
0.4857537,0,0
0.4862536,0,1
0.4867538,0,0
0.48725365,0,1
0.48775375,0,0
0.4882536,0,1
0.48875375,0,0
0.4892536,0,1
0.48975375,0,0
0.4902536,0,1
0.49075375,0,0
0.49125365,0,1
0.4917538,0,0
0.4922537,0,1
0.4927538,0,0
0.4932537,0,1
0.4937539,0,0
0.4942538,0,1
0.4947539,0,0
0.49525385,0,1
0.49575395,0,0
0.49625385,0,1
0.496754,0,0
0.49725385,0,1
0.49775395,0,0
0.4982538,0,1
0.4987539,0,0
0.49925385,0,1
0.499754,0,0
0.50025385,0,1
0.500754,0,0
0.5012539,0,1
0.50175405,0,0
0.50225395,0,1
0.5027541,0,0
0.50325395,0,1
0.5037541,0,0
0.504254,0,1
0.5047541,0,0
0.50525395,0,1
0.50575405,0,0
0.50625395,0,1
0.5067541,0,0
0.5072539,0,1
0.50775405,0,0
0.5082539,0,1
0.50875395,0,0
0.5092538,0,1
0.50975395,0,0
0.51025375,0,1
0.51075385,0,0
0.51125365,0,1
0.51175375,0,0
0.51225355,0,1
0.5127536,0,0
0.5132535,0,1
0.5137536,0,0
0.51425345,0,1
0.5147536,0,0
0.51525345,0,1
0.5157536,0,0
0.5162535,0,1
0.51675365,0,0
0.51725355,0,1
0.5177537,0,0
0.5182536,0,1
0.5187537,0,0
0.51925355,0,1
0.51975365,0,0
0.5202535,0,1
0.5207536,0,0
0.5212535,0,1
0.5217536,0,0
0.52225345,0,1
0.52275355,0,0
0.5232534,0,1
0.52375355,0,0
0.5242534,0,1
0.5247535,0,0
0.52525335,0,1
0.52575345,0,0
0.52625325,0,1
0.5267534,0,0
0.5272533,0,1
0.52775335,0,0
0.5282532,0,1
0.5287533,0,0
0.52925315,0,1
0.52975325,0,0
0.5302531,0,1
0.53075325,0,0
0.5312531,0,1
0.5317532,0,0
0.53225305,0,1
0.53275315,0,0
0.533253,0,1
0.5337531,0,0
0.53425295,0,1
0.5347531,0,0
0.53525295,0,1
0.5357531,0,0
0.5362529,0,1
0.53675305,0,0
0.53725295,0,1
0.5377531,0,0
0.5382529,0,1
0.538753,0,0
0.5392529,0,1
0.539753,0,0
0.5402529,0,1
0.54075305,0,0
0.5412529,0,1
0.541753,0,0
0.54225285,0,1
0.5427529,0,0
0.5432527,0,1
0.5437528,0,0
0.5442526,0,1
0.5447527,0,0
0.54525255,0,1
0.5457526,0,0
0.5462525,0,1
0.54675265,0,0
0.5472525,0,1
0.54775265,0,0
0.5482525,0,1
0.54875265,0,0
0.5492526,0,1
0.5497527,0,0
0.55025255,0,1
0.5507526,0,0
0.55125245,0,1
0.5517525,0,0
0.5522523,0,1
0.5527524,0,0
0.55325225,0,1
0.55375235,0,0
0.5542522,0,1
0.5547523,0,0
0.55525215,0,1
0.5557522,0,0
0.55625205,0,1
0.55675215,0,0
0.557252,0,1
0.55775205,0,0
0.5582519,0,1
0.558752,0,0
0.55925185,0,1
0.55975195,0,0
0.56025175,0,1
0.56075185,0,0
0.5612517,0,1
0.5617518,0,0
0.56225165,0,1
0.5627517,0,0
0.56325155,0,1
0.56375175,0,0
0.5642516,0,1
0.5647517,0,0
0.56525155,0,1
0.56575165,0,0
0.5662515,0,1
0.56675165,0,0
0.5672515,0,1
0.5677516,0,0
0.5682514,0,1
0.56875145,0,0
0.5692513,0,1
0.5697514,0,0
0.57025125,0,1
0.57075135,0,0
0.57125115,0,1
0.57175125,0,0
0.5722511,0,1
0.5727512,0,0
0.57325105,0,1
0.57375115,0,0
0.57425105,0,1
0.57475115,0,0
0.575251,0,1
0.5757511,0,0
0.576251,0,1
0.5767511,0,0
0.57725095,0,1
0.5777511,0,0
0.5782509,0,1
0.578751,0,0
0.5792509,0,1
0.57975095,0,0
0.5802508,0,1
0.58075085,0,0
0.5812507,0,1
0.5817508,0,0
0.58225065,0,1
0.58275075,0,0
0.58325065,0,1
0.58375075,0,0
0.5842506,0,1
0.5847507,0,0
0.58525055,0,1
0.58575065,0,0
0.58625055,0,1
0.5867507,0,0
0.58725055,0,1
0.58775065,0,0
0.5882505,0,1
0.5887506,0,0
0.58925045,0,1
0.5897506,0,0
0.5902505,0,1
0.59075065,0,0
0.5912505,0,1
0.59175065,0,0
0.59225045,0,1
0.5927505,0,0
0.5932503,0,1
0.5937504,0,0
0.5942502,0,1
0.59475035,0,0
0.5952502,0,1
0.5957503,0,0
0.59625015,0,1
0.59675025,0,0
0.5972501,0,1
0.59775015,0,0
0.59825,0,1
0.59875005,0,0
0.59924985,0,1
0.59974995,0,0
0.60024975,0,1
0.6007498,0,0
0.6012496,0,1
0.6017497,0,0
0.6022496,0,1
0.6027497,0,0
0.6032495,0,1
0.6037496,0,0
0.60424945,0,1
0.6047496,0,0
0.60524945,0,1
0.60574955,0,0
0.6062494,0,1
0.6067495,0,0
0.6072493,0,1
0.60774945,0,0
0.6082493,0,1
0.6087494,0,0
0.60924925,0,1
0.6097494,0,0
0.6102493,0,1
0.6107494,0,0
0.61124925,0,1
0.61174935,0,0
0.61224925,0,1
0.61274935,0,0
0.6132493,0,1
0.6137494,0,0
0.61424935,0,1
0.6147495,0,0
0.61524935,0,1
0.6157495,0,0
0.6162494,0,1
0.6167495,0,0
0.6172494,0,1
0.6177495,0,0
0.61824935,0,1
0.61874945,0,0
0.61924935,0,1
0.6197495,0,0
0.6202494,0,1
0.62074945,0,0
0.62124925,0,1
0.62174935,0,0
0.6222492,0,1
0.62274935,0,0
0.62324915,0,1
0.6237493,0,0
0.62424915,0,1
0.62474925,0,0
0.62524915,0,1
0.6257493,0,0
0.6262492,0,1
0.62674935,0,0
0.62724925,0,1
0.6277494,0,0
0.6282493,0,1
0.62874945,0,0
0.6292494,0,1
0.62974955,0,0
0.6302495,0,1
0.63074965,0,0
0.6312496,0,1
0.63174975,0,0
0.6322497,0,1
0.63274985,0,0
0.6332497,0,1
0.6337499,0,0
0.63424975,0,1
0.63474985,0,0
0.63524975,0,1
0.6357499,0,0
0.6362498,0,1
0.63675,0,0
0.6372499,0,1
0.63775005,0,0
0.63824995,0,1
0.6387501,0,0
0.63925,0,1
0.6397501,0,0
0.64025,0,1
0.64075015,0,0
0.6412501,0,1
0.6417502,0,0
0.6422501,0,1
0.64275025,0,0
0.6432501,0,1
0.6437502,0,0
0.64425005,0,1
0.6447502,0,0
0.64525005,0,1
0.64575015,0,0
0.64625,0,1
0.6467501,0,0
0.64725005,0,1
0.6477502,0,0
0.64825015,0,1
0.64875035,0,0
0.6492503,0,1
0.64975045,0,0
0.65025035,0,1
0.65075055,0,0
0.6512504,0,1
0.6517505,0,0
0.65225035,0,1
0.65275045,0,0
0.65325035,0,1
0.65375045,0,0
0.6542504,0,1
0.65475055,0,0
0.65525045,0,1
0.6557506,0,0
0.6562505,0,1
0.65675065,0,0
0.6572505,0,1
0.65775065,0,0
0.65825055,0,1
0.65875065,0,0
0.6592505,0,1
0.6597506,0,0
0.6602505,0,1
0.66075065,0,0
0.6612505,0,1
0.66175065,0,0
0.66225055,0,1
0.6627507,0,0
0.6632506,0,1
0.66375075,0,0
0.66425065,0,1
0.6647508,0,0
0.66525065,0,1
0.66575085,0,0
0.66625075,0,1
0.6667509,0,0
0.66725075,0,1
0.6677509,0,0
0.6682508,0,1
0.66875095,0,0
0.66925085,0,1
0.66975095,0,0
0.67025085,0,1
0.670751,0,0
0.6712509,0,1
0.67175105,0,0
0.67225095,0,1
0.67275105,0,0
0.6732509,0,1
0.673751,0,0
0.6742509,0,1
0.6747511,0,0
0.675251,0,1
0.67575115,0,0
0.676251,0,1
0.67675115,0,0
0.677251,0,1
0.6777511,0,0
0.678251,0,1
0.6787511,0,0
0.679251,0,1
0.67975115,0,0
0.680251,0,1
0.6807511,0,0
0.68125095,0,1
0.68175105,0,0
0.68225095,0,1
0.68275105,0,0
0.6832509,0,1
0.683751,0,0
0.68425085,0,1
0.684751,0,0
0.6852509,0,1
0.685751,0,0
0.6862509,0,1
0.68675105,0,0
0.6872509,0,1
0.687751,0,0
0.6882509,0,1
0.6887511,0,0
0.689251,0,1
0.68975115,0,0
0.6902511,0,1
0.69075125,0,0
0.69125115,0,1
0.6917513,0,0
0.6922512,0,1
0.6927513,0,0
0.6932512,0,1
0.6937513,0,0
0.6942512,0,1
0.6947513,0,0
0.69525115,0,1
0.6957513,0,0
0.6962512,0,1
0.69675135,0,0
0.6972512,0,1
0.69775125,0,0
0.69825105,0,1
0.69875115,0,0
0.699251,0,1
0.6997511,0,0
0.70025095,0,1
0.70075105,0,0
0.7012509,0,1
0.70175095,0,0
0.7022508,0,1
0.7027509,0,0
0.7032508,0,1
0.7037509,0,0
0.7042508,0,1
0.7047509,0,0
0.7052508,0,1
0.7057509,0,0
0.70625075,0,1
0.70675085,0,0
0.7072507,0,1
0.70775085,0,0
0.7082507,0,1
0.7087508,0,0
0.7092507,0,1
0.7097508,0,0
0.7102507,0,1
0.71075085,0,0
0.71125075,0,1
0.71175085,0,0
0.71225075,0,1
0.71275095,0,0
0.71325085,0,1
0.71375105,0,0
0.71425095,0,1
0.7147511,0,0
0.715251,0,1
0.71575115,0,0
0.7162511,0,1
0.71675125,0,0
0.7172511,0,1
0.71775125,0,0
0.71825115,0,1
0.71875125,0,0
0.7192512,0,1
0.7197514,0,0
0.7202513,0,1
0.7207515,0,0
0.72125145,0,1
0.7217516,0,0
0.7222515,0,1
0.7227517,0,0
0.72325165,0,1
0.7237518,0,0
0.7242517,0,1
0.7247518,0,0
0.72525175,0,1
0.72575185,0,0
0.72625175,0,1
0.7267519,0,0
0.72725175,0,1
0.72775185,0,0
0.72825175,0,1
0.7287519,0,0
0.7292518,0,1
0.729752,0,0
0.7302519,0,1
0.73075205,0,0
0.731252,0,1
0.73175215,0,0
0.73225205,0,1
0.7327522,0,0
0.7332521,0,1
0.73375225,0,0
0.7342521,0,1
0.7347522,0,0
0.7352521,0,1
0.73575225,0,0
0.73625215,0,1
0.73675235,0,0
0.7372522,0,1
0.7377524,0,0
0.7382523,0,1
0.7387524,0,0
0.73925235,0,1
0.73975245,0,0
0.7402524,0,1
0.74075255,0,0
0.7412524,0,1
0.74175255,0,0
0.74225245,0,1
0.7427526,0,0
0.74325255,0,1
0.7437527,0,0
0.7442526,0,1
0.74475275,0,0
0.74525265,0,1
0.7457528,0,0
0.7462527,0,1
0.7467529,0,0
0.74725275,0,1
0.7477529,0,0
0.7482528,0,1
0.748753,0,0
0.7492529,0,1
0.7497531,0,0
0.750253,0,1
0.75075315,0,0
0.751253,0,1
0.75175305,0,0
0.7522529,0,1
0.752753,0,0
0.7532528,0,1
0.75375295,0,0
0.75425275,0,1
0.75475285,0,0
0.75525265,0,1
0.7557527,0,0
0.7562525,0,1
0.7567526,0,0
0.7572524,0,1
0.75775245,0,0
0.75825225,0,1
0.7587523,0,0
0.75925215,0,1
0.7597522,0,0
0.76025205,0,1
0.7607521,0,0
0.761252,0,1
0.76175205,0,0
0.7622519,0,1
0.762752,0,0
0.76325185,0,1
0.7637519,0,0
0.7642516,0,1
0.76475165,0,0
0.7652514,0,1
0.7657514,0,0
0.76625115,0,1
0.7667511,0,0
0.7672509,0,1
0.76775095,0,0
0.76825075,0,1
0.7687508,0,0
0.7692506,0,1
0.7697506,0,0
0.77025035,0,1
0.7707504,0,0
0.7712501,0,1
0.7717501,0,0
0.7722499,0,1
0.77274995,0,0
0.7732498,0,1
0.77374985,0,0
0.7742497,0,1
0.7747498,0,0
0.77524965,0,1
0.77574975,0,0
0.7762496,0,1
0.77674965,0,0
0.7772495,0,1
0.7777496,0,0
0.77824945,0,1
0.77874955,0,0
0.77924935,0,1
0.7797495,0,0
0.78024935,0,1
0.78074945,0,0
0.78124935,0,1
0.7817494,0,0
0.78224925,0,1
0.7827494,0,0
0.78324925,0,1
0.78374935,0,0
0.7842492,0,1
0.78474935,0,0
0.78524925,0,1
0.78574935,0,0
0.7862492,0,1
0.7867493,0,0
0.78724915,0,1
0.7877493,0,0
0.78824915,0,1
0.7887493,0,0
0.7892492,0,1
0.7897493,0,0
0.79024915,0,1
0.79074925,0,0
0.7912491,0,1
0.7917492,0,0
0.79224905,0,1
0.7927492,0,0
0.79324905,0,1
0.79374915,0,0
0.79424895,0,1
0.79474905,0,0
0.7952489,0,1
0.795749,0,0
0.7962488,0,1
0.7967489,0,0
0.79724875,0,1
0.79774885,0,0
0.7982487,0,1
0.79874875,0,0
0.79924855,0,1
0.79974865,0,0
0.80024845,0,1
0.80074855,0,0
0.8012484,0,1
0.80174855,0,0
0.8022484,0,1
0.80274845,0,0
0.8032483,0,1
0.8037484,0,0
0.8042483,0,1
0.8047484,0,0
0.80524835,0,1
0.80574845,0,0
0.80624825,0,1
0.8067483,0,0
0.8072481,0,1
0.8077482,0,0
0.80824795,0,1
0.80874805,0,0
0.80924785,0,1
0.8097479,0,0
0.8102477,0,1
0.8107478,0,0
0.8112476,0,1
0.81174775,0,0
0.8122476,0,1
0.81274765,0,0
0.81324745,0,1
0.8137475,0,0
0.8142473,0,1
0.81474735,0,0
0.8152472,0,1
0.81574725,0,0
0.81624705,0,1
0.81674705,0,0
0.8172469,0,1
0.817747,0,0
0.8182469,0,1
0.818747,0,0
0.81924685,0,1
0.819747,0,0
0.8202469,0,1
0.820747,0,0
0.82124685,0,1
0.82174695,0,0
0.82224685,0,1
0.82274695,0,0
0.8232468,0,1
0.8237469,0,0
0.8242467,0,1
0.8247467,0,0
0.82524655,0,1
0.82574655,0,0
0.8262464,0,1
0.82674645,0,0
0.82724625,0,1
0.8277463,0,0
0.82824615,0,1
0.8287462,0,0
0.8292461,0,1
0.82974615,0,0
0.830246,0,1
0.83074605,0,0
0.83124585,0,1
0.8317459,0,0
0.8322457,0,1
0.83274575,0,0
0.83324555,0,1
0.83374555,0,0
0.83424535,0,1
0.8347454,0,0
0.8352452,0,1
0.83574525,0,0
0.8362451,0,1
0.8367452,0,0
0.83724505,0,1
0.83774515,0,0
0.838245,0,1
0.83874505,0,0
0.83924485,0,1
0.83974495,0,0
0.84024475,0,1
0.8407448,0,0
0.84124465,0,1
0.84174475,0,0
0.84224465,0,1
0.8427447,0,0
0.84324455,0,1
0.8437446,0,0
0.84424445,0,1
0.8447445,0,0
0.8452443,0,1
0.84574435,0,0
0.8462442,0,1
0.84674425,0,0
0.8472441,0,1
0.8477442,0,0
0.848244,0,1
0.8487441,0,0
0.8492439,0,1
0.84974395,0,0
0.85024375,0,1
0.85074385,0,0
0.8512437,0,1
0.85174375,0,0
0.85224355,0,1
0.85274365,0,0
0.85324355,0,1
0.85374365,0,0
0.8542435,0,1
0.85474355,0,0
0.8552434,0,1
0.8557435,0,0
0.85624335,0,1
0.85674345,0,0
0.8572433,0,1
0.8577434,0,0
0.85824325,0,1
0.85874335,0,0
0.8592432,0,1
0.8597433,0,0
0.86024315,0,1
0.8607432,0,0
0.86124305,0,1
0.8617431,0,0
0.86224295,0,1
0.86274305,0,0
0.86324285,0,1
0.86374295,0,0
0.8642428,0,1
0.86474295,0,0
0.8652428,0,1
0.86574285,0,0
0.8662427,0,1
0.8667428,0,0
0.8672426,0,1
0.8677427,0,0
0.8682425,0,1
0.86874255,0,0
0.8692424,0,1
0.8697424,0,0
0.87024215,0,1
0.8707421,0,0
0.8712419,0,1
0.871742,0,0
0.8722418,0,1
0.8727419,0,0
0.87324165,0,1
0.8737417,0,0
0.8742415,0,1
0.87474155,0,0
0.8752414,0,1
0.8757415,0,0
0.8762413,0,1
0.87674135,0,0
0.87724115,0,1
0.8777412,0,0
0.87824105,0,1
0.87874115,0,0
0.87924095,0,1
0.87974105,0,0
0.8802409,0,1
0.880741,0,0
0.88124085,0,1
0.8817409,0,0
0.88224075,0,1
0.8827408,0,0
0.88324065,0,1
0.88374075,0,0
0.88424055,0,1
0.88474065,0,0
0.8852405,0,1
0.88574055,0,0
0.8862404,0,1
0.8867404,0,0
0.88724025,0,1
0.8877403,0,0
0.8882401,0,1
0.88874015,0,0
0.8892399,0,1
0.88974,0,0
0.89023985,0,1
0.8907398,0,0
0.89123965,0,1
0.8917397,0,0
0.89223955,0,1
0.8927396,0,0
0.8932394,0,1
0.8937395,0,0
0.8942393,0,1
0.8947393,0,0
0.8952391,0,1
0.8957392,0,0
0.89623905,0,1
0.8967391,0,0
0.89723895,0,1
0.89773905,0,0
0.89823895,0,1
0.89873905,0,0
0.8992389,0,1
0.89973895,0,0
0.9002388,0,1
0.9007389,0,0
0.90123875,0,1
0.9017388,0,0
0.90223865,0,1
0.90273875,0,0
0.9032385,0,1
0.90373855,0,0
0.90423835,0,1
0.9047384,0,0
0.9052382,0,1
0.90573825,0,0
0.90623805,0,1
0.9067381,0,0
0.90723785,0,1
0.90773785,0,0
0.90823765,0,1
0.9087377,0,0
0.90923745,0,1
0.90973755,0,0
0.9102373,0,1
0.91073735,0,0
0.91123715,0,1
0.91173725,0,0
0.91223705,0,1
0.9127371,0,0
0.91323695,0,1
0.91373695,0,0
0.91423675,0,1
0.91473675,0,0
0.9152365,0,1
0.91573655,0,0
0.91623635,0,1
0.9167364,0,0
0.9172362,0,1
0.91773625,0,0
0.91823605,0,1
0.9187361,0,0
0.91923595,0,1
0.919736,0,0
0.92023585,0,1
0.9207359,0,0
0.9212357,0,1
0.92173575,0,0
0.9222356,0,1
0.9227357,0,0
0.92323555,0,1
0.92373565,0,0
0.92423555,0,1
0.9247356,0,0
0.92523545,0,1
0.9257355,0,0
0.92623535,0,1
0.9267354,0,0
0.92723525,0,1
0.9277353,0,0
0.92823515,0,1
0.92873525,0,0
0.92923505,0,1
0.9297351,0,0
0.93023495,0,1
0.930735,0,0
0.9312348,0,1
0.9317349,0,0
0.93223475,0,1
0.93273475,0,0
0.9332346,0,1
0.93373465,0,0
0.9342345,0,1
0.93473465,0,0
0.9352345,0,1
0.93573455,0,0
0.9362344,0,1
0.9367345,0,0
0.93723435,0,1
0.9377345,0,0
0.9382344,0,1
0.93873445,0,0
0.93923435,0,1
0.93973445,0,0
0.94023425,0,1
0.94073435,0,0
0.94123425,0,1
0.94173435,0,0
0.94223415,0,1
0.9427343,0,0
0.94323415,0,1
0.9437343,0,0
0.9442342,0,1
0.94473435,0,0
0.94523425,0,1
0.94573435,0,0
0.94623425,0,1
0.9467344,0,0
0.94723425,0,1
0.94773435,0,0
0.9482342,0,1
0.94873425,0,0
0.9492341,0,1
0.9497342,0,0
0.95023405,0,1
0.9507342,0,0
0.951234,0,1
0.9517341,0,0
0.95223395,0,1
0.952734,0,0
0.9532338,0,1
0.9537339,0,0
0.9542337,0,1
0.9547338,0,0
0.95523365,0,1
0.9557337,0,0
0.9562335,0,1
0.95673355,0,0
0.95723335,0,1
0.95773345,0,0
0.95823325,0,1
0.95873335,0,0
0.95923315,0,1
0.9597332,0,0
0.960233,0,1
0.96073305,0,0
0.96123295,0,1
0.961733,0,0
0.9622328,0,1
0.96273285,0,0
0.96323265,0,1
0.9637327,0,0
0.9642325,0,1
0.96473255,0,0
0.9652324,0,1
0.9657325,0,0
0.96623235,0,1
0.9667325,0,0
0.9672323,0,1
0.96773245,0,0
0.96823225,0,1
0.96873235,0,0
0.96923225,0,1
0.96973225,0,0
0.97023215,0,1
0.97073225,0,0
0.9712321,0,1
0.9717322,0,0
0.972232,0,1
0.9727321,0,0
0.97323195,0,1
0.973732,0,0
0.9742318,0,1
0.97473195,0,0
0.9752318,0,1
0.9757319,0,0
0.97623175,0,1
0.9767319,0,0
0.97723175,0,1
0.9777318,0,0
0.97823165,0,1
0.97873175,0,0
0.97923165,0,1
0.97973175,0,0
0.9802316,0,1
0.98073165,0,0
0.98123145,0,1
0.9817315,0,0
0.9822313,0,1
0.9827314,0,0
0.98323125,0,1
0.9837313,0,0
0.9842311,0,1
0.9847312,0,0
0.98523105,0,1
0.9857311,0,0
0.9862309,0,1
0.986731,0,0
0.9872308,0,1
0.9877309,0,0
0.9882307,0,1
0.98873085,0,0
0.98923065,0,1
0.98973075,0,0
0.9902306,0,1
0.99073065,0,0
0.9912305,0,1
0.99173055,0,0
0.99223035,0,1
0.99273045,0,0
0.99323025,0,1
0.9937303,0,0
0.99423015,0,1
0.99473025,0,0
0.9952301,0,1
0.9957302,0,0
0.99623005,0,1
0.99673015,0,0
0.99722995,0,1
0.99773,0,0
0.9982298,0,1
0.99872985,0,0
0.9992297,0,1
0.99972975,0,0
1.0002296,0,1
1.00072965,0,0
1.00122945,0,1
1.0017295,0,0
1.00222935,0,1
1.0027294,0,0
1.0032292,0,1
1.0037292,0,0
1.004229,0,1
1.004729,0,0
1.0052288,0,1
1.00572885,0,0
1.0062287,0,1
1.00672875,0,0
1.00722855,0,1
1.00772855,0,0
1.0082283,0,1
1.00872835,0,0
1.00922815,0,1
1.00972815,0,0
1.01022795,0,1
1.010728,0,0
1.0112278,0,1
1.01172785,0,0
1.01222765,0,1
1.0127277,0,0
1.0132275,0,1
1.0137276,0,0
1.01422735,0,1
1.0147274,0,0
1.0152272,0,1
1.0157272,0,0
1.016227,0,1
1.0167271,0,0
1.01722695,0,1
1.017727,0,0
1.01822685,0,1
1.0187269,0,0
1.01922675,0,1
1.01972685,0,0
1.02022665,0,1
1.02072675,0,0
1.02122655,0,1
1.02172665,0,0
1.02222645,0,1
1.0227265,0,0
1.02322625,0,1
1.02372635,0,0
1.02422615,0,1
1.02472615,0,0
1.0252259,0,1
1.025726,0,0
1.02622585,0,1
1.02672585,0,0
1.0272257,0,1
1.02772575,0,0
1.02822565,0,1
1.02872575,0,0
1.02922565,0,1
1.0297257,0,0
1.0302256,0,1
1.0307257,0,0
1.03122555,0,1
1.03172565,0,0
1.03222545,0,1
1.0327256,0,0
1.0332254,0,1
1.03372555,0,0
1.0342254,0,1
1.0347255,0,0
1.03522535,0,1
1.0357254,0,0
1.0362253,0,1
1.0367254,0,0
1.03722525,0,1
1.0377253,0,0
1.03822515,0,1
1.03872525,0,0
1.0392251,0,1
1.0397252,0,0
1.04022505,0,1
1.04072515,0,0
1.041225,0,1
1.0417251,0,0
1.04222495,0,1
1.0427251,0,0
1.043225,0,1
1.04372515,0,0
1.044225,0,1
1.0447251,0,0
1.045225,0,1
1.0457251,0,0
1.046225,0,1
1.04672515,0,0
1.04722505,0,1
1.04772515,0,0
1.04822505,0,1
1.0487252,0,0
1.0492251,0,1
1.04972525,0,0
1.05022515,0,1
1.05072525,0,0
1.0512252,0,1
1.05172535,0,0
1.05222525,0,1
1.05272545,0,0
1.05322535,0,1
1.0537255,0,0
1.05422535,0,1
1.0547255,0,0
1.0552254,0,1
1.0557256,0,0
1.0562255,0,1
1.05672565,0,0
1.05722555,0,1
1.05772575,0,0
1.05822565,0,1
1.0587258,0,0
1.05922565,0,1
1.0597258,0,0
1.0602257,0,1
1.0607258,0,0
1.06122565,0,1
1.06172575,0,0
1.0622256,0,1
1.0627257,0,0
1.06322555,0,1
1.06372565,0,0
1.0642255,0,1
1.0647256,0,0
1.06522545,0,1
1.06572555,0,0
1.0662254,0,1
1.06672555,0,0
1.0672254,0,1
1.0677255,0,0
1.06822535,0,1
1.06872545,0,0
1.06922525,0,1
1.06972545,0,0
1.07022535,0,1
1.0707255,0,0
1.0712254,0,1
1.0717255,0,0
1.0722254,0,1
1.0727255,0,0
1.07322535,0,1
1.07372545,0,0
1.0742254,0,1
1.0747255,0,0
1.0752253,0,1
1.0757254,0,0
1.07622525,0,1
1.07672535,0,0
1.07722515,0,1
1.07772525,0,0
1.0782251,0,1
1.0787252,0,0
1.07922515,0,1
1.0797253,0,0
1.0802252,0,1
1.08072535,0,0
1.08122525,0,1
1.08172545,0,0
1.08222535,0,1
1.0827255,0,0
1.0832254,0,1
1.08372555,0,0
1.0842254,0,1
1.0847255,0,0
1.0852254,0,1
1.0857255,0,0
1.0862254,0,1
1.0867255,0,0
1.0872254,0,1
1.0877255,0,0
1.0882254,0,1
1.0887255,0,0
1.0892254,0,1
1.0897255,0,0
1.0902254,0,1
1.09072555,0,0
1.09122545,0,1
1.0917256,0,0
1.0922255,0,1
1.09272565,0,0
1.0932255,0,1
1.0937256,0,0
1.0942255,0,1
1.0947256,0,0
1.09522545,0,1
1.09572555,0,0
1.09622545,0,1
1.09672555,0,0
1.0972254,0,1
1.0977255,0,0
1.0982254,0,1
1.09872555,0,0
1.0992254,0,1
1.09972555,0,0
1.10022545,0,1
1.10072555,0,0
1.10122545,0,1
1.1017255,0,0
1.1022253,0,1
1.1027254,0,0
1.1032252,0,1
1.1037253,0,0
1.1042252,0,1
1.1047253,0,0
1.10522515,0,1
1.10572525,0,0
1.106225,0,1
1.106725,0,0
1.10722485,0,1
1.1077249,0,0
1.10822475,0,1
1.1087248,0,0
1.1092246,0,1
1.10972465,0,0
1.1102245,0,1
1.11072455,0,0
1.11122435,0,1
1.1117245,0,0
1.11222435,0,1
1.1127245,0,0
1.11322435,0,1
1.11372445,0,0
1.1142243,0,1
1.11472435,0,0
1.1152242,0,1
1.1157243,0,0
1.1162242,0,1
1.1167243,0,0
1.1172242,0,1
1.1177243,0,0
1.11822415,0,1
1.11872425,0,0
1.1192241,0,1
1.1197242,0,0
1.12022405,0,1
1.12072415,0,0
1.121224,0,1
1.12172405,0,0
1.12222385,0,1
1.12272395,0,0
1.12322375,0,1
1.1237238,0,0
1.12422355,0,1
1.12472355,0,0
1.1252234,0,1
1.12572355,0,0
1.12622345,0,1
1.12672355,0,0
1.1272234,0,1
1.1277235,0,0
1.12822335,0,1
1.12872345,0,0
1.1292233,0,1
1.12972345,0,0
1.1302233,0,1
1.13072345,0,0
1.13122335,0,1
1.13172345,0,0
1.13222335,0,1
1.13272345,0,0
1.13322335,0,1
1.1337235,0,0
1.13422335,0,1
1.13472345,0,0
1.13522335,0,1
1.1357235,0,0
1.13622335,0,1
1.1367234,0,0
1.1372233,0,1
1.1377235,0,0
1.1382234,0,1
1.13872355,0,0
1.1392235,0,1
1.13972365,0,0
1.14022355,0,1
1.14072375,0,0
1.14122365,0,1
1.14172375,0,0
1.14222365,0,1
1.1427238,0,0
1.1432237,0,1
1.1437239,0,0
1.1442238,0,1
1.144724,0,0
1.14522395,0,1
1.14572415,0,0
1.14622405,0,1
1.14672415,0,0
1.1472241,0,1
1.14772425,0,0
1.1482242,0,1
1.14872435,0,0
1.1492242,0,1
1.14972435,0,0
1.1502243,0,1
1.15072445,0,0
1.15122435,0,1
1.15172445,0,0
1.15222435,0,1
1.15272445,0,0
1.1532243,0,1
1.15372445,0,0
1.15422435,0,1
1.15472455,0,0
1.1552244,0,1
1.15572455,0,0
1.15622445,0,1
1.1567246,0,0
1.15722445,0,1
1.15772455,0,0
1.1582245,0,1
1.1587246,0,0
1.15922445,0,1
1.15972455,0,0
1.16022445,0,1
1.1607245,0,0
1.16122435,0,1
1.16172445,0,0
1.1622243,0,1
1.1627244,0,0
1.16322425,0,1
1.16372435,0,0
1.16422415,0,1
1.1647243,0,0
1.16522415,0,1
1.16572425,0,0
1.1662241,0,1
1.16672415,0,0
1.167224,0,1
1.16772405,0,0
1.16822395,0,1
1.16872405,0,0
1.1692239,0,1
1.169724,0,0
1.1702239,0,1
1.170724,0,0
1.17122385,0,1
1.17172395,0,0
1.17222375,0,1
1.17272385,0,0
1.17322375,0,1
1.1737238,0,0
1.17422365,0,1
1.17472375,0,0
1.17522365,0,1
1.17572375,0,0
1.17622355,0,1
1.17672365,0,0
1.1772235,0,1
1.17772365,0,0
1.1782235,0,1
1.17872355,0,0
1.1792234,0,1
1.1797235,0,0
1.18022335,0,1
1.1807235,0,0
1.18122335,0,1
1.1817234,0,0
1.18222325,0,1
1.18272335,0,0
1.1832232,0,1
1.18372335,0,0
1.18422315,0,1
1.18472325,0,0
1.18522305,0,1
1.18572315,0,0
1.18622305,0,1
1.1867231,0,0
1.18722295,0,1
1.187723,0,0
1.1882228,0,1
1.18872285,0,0
1.18922275,0,1
1.18972285,0,0
1.1902227,0,1
1.1907228,0,0
1.1912227,0,1
1.1917228,0,0
1.1922227,0,1
1.1927228,0,0
1.19322265,0,1
1.19372275,0,0
1.1942226,0,1
1.19472275,0,0
1.1952226,0,1
1.1957227,0,0
1.19622255,0,1
1.19672265,0,0
1.1972225,0,1
1.19772265,0,0
1.19822255,0,1
1.19872265,0,0
1.1992225,0,1
1.19972265,0,0
1.20022255,0,1
1.20072275,0,0
1.20122265,0,1
1.2017228,0,0
1.2022227,0,1
1.20272285,0,0
1.2032228,0,1
1.20372295,0,0
1.20422275,0,1
1.20472285,0,0
1.2052227,0,1
1.2057228,0,0
1.20622265,0,1
1.2067228,0,0
1.20722265,0,1
1.2077227,0,0
1.2082226,0,1
1.20872265,0,0
1.20922245,0,1
1.20972255,0,0
1.21022235,0,1
1.2107224,0,0
1.2112222,0,1
1.21172225,0,0
1.212222,0,1
1.2127221,0,0
1.21322195,0,1
1.21372205,0,0
1.2142219,0,1
1.214722,0,0
1.21522185,0,1
1.215722,0,0
1.2162219,0,1
1.21672195,0,0
1.21722185,0,1
1.217722,0,0
1.2182219,0,1
1.218722,0,0
1.21922185,0,1
1.21972195,0,0
1.22022175,0,1
1.22072185,0,0
1.2212217,0,1
1.22172175,0,0
1.22222155,0,1
1.22272165,0,0
1.22322155,0,1
1.2237216,0,0
1.2242214,0,1
1.22472145,0,0
1.22522125,0,1
1.22572135,0,0
1.22622115,0,1
1.2267212,0,0
1.22722105,0,1
1.2277211,0,0
1.2282209,0,1
1.228721,0,0
1.2292208,0,1
1.22972095,0,0
1.2302208,0,1
1.2307209,0,0
1.23122075,0,1
1.2317208,0,0
1.23222065,0,1
1.23272075,0,0
1.2332206,0,1
1.2337207,0,0
1.2342205,0,1
1.23472055,0,0
1.23522035,0,1
1.23572045,0,0
1.2362203,0,1
1.23672035,0,0
1.2372202,0,1
1.23772035,0,0
1.2382202,0,1
1.23872025,0,0
1.2392201,0,1
1.2397201,0,0
1.2402199,0,1
1.2407199,0,0
1.2412197,0,1
1.24171975,0,0
1.2422195,0,1
1.2427195,0,0
1.2432193,0,1
1.2437193,0,0
1.2442191,0,1
1.2447191,0,0
1.2452189,0,1
1.245719,0,0
1.2462188,0,1
1.24671885,0,0
1.2472187,0,1
1.2477188,0,0
1.24821865,0,1
1.24871875,0,0
1.24921855,0,1
1.24971865,0,0
1.25021845,0,1
1.2507185,0,0
1.2512183,0,1
1.25171835,0,0
1.25221815,0,1
1.2527182,0,0
1.253218,0,1
1.25371805,0,0
1.25421785,0,1
1.2547179,0,0
1.25521775,0,1
1.25571775,0,0
1.2562176,0,1
1.25671765,0,0
1.25721745,0,1
1.25771755,0,0
1.25821735,0,1
1.25871745,0,0
1.25921725,0,1
1.25971725,0,0
1.260217,0,1
1.260717,0,0
1.26121675,0,1
1.26171675,0,0
1.2622166,0,1
1.2627167,0,0
1.26321655,0,1
1.26371665,0,0
1.2642165,0,1
1.2647165,0,0
1.26521635,0,1
1.2657164,0,0
1.26621625,0,1
1.26671635,0,0
1.2672162,0,1
1.2677162,0,0
1.26821605,0,1
1.2687161,0,0
1.26921595,0,1
1.26971605,0,0
1.2702159,0,1
1.270716,0,0
1.2712158,0,1
1.2717159,0,0
1.2722158,0,1
1.2727159,0,0
1.27321575,0,1
1.2737159,0,0
1.2742158,0,1
1.2747159,0,0
1.2752158,0,1
1.27571585,0,0
1.27621575,0,1
1.2767159,0,0
1.27721575,0,1
1.2777159,0,0
1.27821575,0,1
1.27871585,0,0
1.2792157,0,1
1.27971575,0,0
1.28021555,0,1
1.28071565,0,0
1.2812155,0,1
1.2817156,0,0
1.28221545,0,1
1.28271555,0,0
1.2832154,0,1
1.28371555,0,0
1.28421535,0,1
1.28471545,0,0
1.2852153,0,1
1.2857154,0,0
1.2862153,0,1
1.2867154,0,0
1.28721525,0,1
1.28771535,0,0
1.28821525,0,1
1.28871535,0,0
1.28921525,0,1
1.2897153,0,0
1.2902151,0,1
1.29071515,0,0
1.2912149,0,1
1.291715,0,0
1.2922148,0,1
1.2927149,0,0
1.2932147,0,1
1.2937148,0,0
1.2942147,0,1
1.29471475,0,0
1.29521455,0,1
1.29571455,0,0
1.2962143,0,1
1.29671435,0,0
1.29721415,0,1
1.2977142,0,0
1.298214,0,1
1.29871405,0,0
1.29921385,0,1
1.2997139,0,0
1.3002137,0,1
1.30071375,0,0
1.3012136,0,1
1.3017137,0,0
1.30221355,0,1
1.3027136,0,0
1.30321345,0,1
1.30371355,0,0
1.30421345,0,1
1.3047135,0,0
1.3052133,0,1
1.30571335,0,0
1.3062132,0,1
1.3067133,0,0
1.30721315,0,1
1.3077133,0,0
1.30821315,0,1
1.30871325,0,0
1.30921305,0,1
1.3097131,0,0
1.31021295,0,1
1.31071305,0,0
1.31121295,0,1
1.31171305,0,0
1.3122129,0,1
1.31271295,0,0
1.3132128,0,1
1.3137129,0,0
1.3142128,0,1
1.31471285,0,0
1.31521275,0,1
1.31571285,0,0
1.3162127,0,1
1.3167128,0,0
1.31721265,0,1
1.3177128,0,0
1.31821265,0,1
1.3187127,0,0
1.31921255,0,1
1.31971265,0,0
1.32021245,0,1
1.32071255,0,0
1.32121235,0,1
1.32171245,0,0
1.32221225,0,1
1.32271235,0,0
1.32321215,0,1
1.3237122,0,0
1.32421205,0,1
1.3247121,0,0
1.32521195,0,1
1.32571205,0,0
1.3262119,0,1
1.32671195,0,0
1.32721175,0,1
1.3277118,0,0
1.32821165,0,1
1.3287117,0,0
1.3292115,0,1
1.32971155,0,0
1.33021135,0,1
1.3307114,0,0
1.3312112,0,1
1.3317113,0,0
1.33221115,0,1
1.3327112,0,0
1.33321105,0,1
1.33371115,0,0
1.33421095,0,1
1.33471105,0,0
1.3352108,0,1
1.33571085,0,0
1.3362107,0,1
1.33671075,0,0
1.33721065,0,1
1.3377107,0,0
1.33821055,0,1
1.33871065,0,0
1.3392105,0,1
1.33971055,0,0
1.3402104,0,1
1.3407105,0,0
1.34121035,0,1
1.34171045,0,0
1.3422103,0,1
1.3427104,0,0
1.3432103,0,1
1.3437104,0,0
1.3442102,0,1
1.34471035,0,0
1.3452102,0,1
1.3457103,0,0
1.3462102,0,1
1.3467103,0,0
1.34721025,0,1
1.3477104,0,0
1.3482103,0,1
1.3487104,0,0
1.3492102,0,1
1.3497103,0,0
1.35021015,0,1
1.35071025,0,0
1.3512101,0,1
1.35171015,0,0
1.35221,0,1
1.3527101,0,0
1.3532099,0,1
1.35371,0,0
1.35420985,0,1
1.35470995,0,0
1.3552098,0,1
1.3557099,0,0
1.35620975,0,1
1.3567098,0,0
1.35720965,0,1
1.35770975,0,0
1.3582096,0,1
1.35870975,0,0
1.35920965,0,1
1.35970975,0,0
1.36020965,0,1
1.3607098,0,0
1.36120975,0,1
1.3617099,0,0
1.36220975,0,1
1.36270985,0,0
1.36320975,0,1
1.36370985,0,0
1.36420975,0,1
1.3647099,0,0
1.3652098,0,1
1.3657099,0,0
1.36620975,0,1
1.36670985,0,0
1.36720975,0,1
1.36770985,0,0
1.36820975,0,1
1.3687099,0,0
1.36920975,0,1
1.36970985,0,0
1.3702097,0,1
1.37070975,0,0
1.3712096,0,1
1.3717097,0,0
1.37220955,0,1
1.3727097,0,0
1.3732096,0,1
1.3737097,0,0
1.37420955,0,1
1.3747097,0,0
1.37520955,0,1
1.3757097,0,0
1.3762096,0,1
1.3767097,0,0
1.37720955,0,1
1.37770965,0,0
1.37820955,0,1
1.37870965,0,0
1.3792095,0,1
1.37970965,0,0
1.38020955,0,1
1.3807097,0,0
1.38120955,0,1
1.3817097,0,0
1.38220955,0,1
1.3827096,0,0
1.3832095,0,1
1.3837096,0,0
1.38420955,0,1
1.38470965,0,0
1.38520955,0,1
1.38570965,0,0
1.3862095,0,1
1.38670965,0,0
1.38720955,0,1
1.38770965,0,0
1.3882095,0,1
1.3887096,0,0
1.38920945,0,1
1.38970955,0,0
1.39020935,0,1
1.39070945,0,0
1.3912093,0,1
1.3917094,0,0
1.39220925,0,1
1.39270935,0,0
1.39320925,0,1
1.39370935,0,0
1.3942092,0,1
1.3947093,0,0
1.39520915,0,1
1.3957093,0,0
1.39620915,0,1
1.39670925,0,0
1.39720915,0,1
1.39770925,0,0
1.3982091,0,1
1.39870925,0,0
1.3992091,0,1
1.39970925,0,0
1.40020915,0,1
1.40070925,0,0
1.4012091,0,1
1.40170925,0,0
1.40220905,0,1
1.40270915,0,0
1.403209,0,1
1.40370905,0,0
1.40420885,0,1
1.4047089,0,0
1.40520875,0,1
1.4057088,0,0
1.4062087,0,1
1.4067088,0,0
1.40720865,0,1
1.4077088,0,0
1.40820865,0,1
1.4087088,0,0
1.4092086,0,1
1.4097087,0,0
1.41020855,0,1
1.41070865,0,0
1.4112085,0,1
1.41170865,0,0
1.41220845,0,1
1.41270855,0,0
1.41320835,0,1
1.41370845,0,0
1.41420825,0,1
1.41470825,0,0
1.41520805,0,1
1.4157081,0,0
1.416208,0,1
1.4167081,0,0
1.41720795,0,1
1.41770805,0,0
1.4182079,0,1
1.41870795,0,0
1.4192078,0,1
1.41970795,0,0
1.4202078,0,1
1.4207079,0,0
1.4212078,0,1
1.4217079,0,0
1.42220775,0,1
1.4227079,0,0
1.42320775,0,1
1.4237079,0,0
1.4242078,0,1
1.42470795,0,0
1.42520785,0,1
1.42570795,0,0
1.42620785,0,1
1.426708,0,0
1.4272079,0,1
1.42770805,0,0
1.4282079,0,1
1.428708,0,0
1.4292079,0,1
1.429708,0,0
1.43020795,0,1
1.4307081,0,0
1.43120795,0,1
1.43170805,0,0
1.4322079,0,1
1.43270805,0,0
1.43320785,0,1
1.4337079,0,0
1.43420775,0,1
1.43470785,0,0
1.4352077,0,1
1.43570775,0,0
1.43620765,0,1
1.4367077,0,0
1.43720755,0,1
1.4377076,0,0
1.43820745,0,1
1.43870755,0,0
1.43920735,0,1
1.43970745,0,0
1.44020725,0,1
1.4407073,0,0
1.44120715,0,1
1.4417072,0,0
1.44220705,0,1
1.44270715,0,0
1.44320695,0,1
1.44370705,0,0
1.44420685,0,1
1.44470695,0,0
1.44520675,0,1
1.4457068,0,0
1.4462066,0,1
1.44670665,0,0
1.4472065,0,1
1.4477066,0,0
1.4482064,0,1
1.44870645,0,0
1.44920625,0,1
1.4497063,0,0
1.4502062,0,1
1.4507063,0,0
1.45120615,0,1
1.45170625,0,0
1.45220605,0,1
1.45270615,0,0
1.45320595,0,1
1.453706,0,0
1.45420585,0,1
1.4547059,0,0
1.4552057,0,1
1.45570575,0,0
1.4562055,0,1
1.45670555,0,0
1.45720535,0,1
1.4577054,0,0
1.45820525,0,1
1.45870535,0,0
1.45920515,0,1
1.45970515,0,0
1.460205,0,1
1.46070505,0,0
1.46120485,0,1
1.4617049,0,0
1.4622047,0,1
1.46270475,0,0
1.46320455,0,1
1.4637046,0,0
1.4642044,0,1
1.4647045,0,0
1.4652043,0,1
1.4657044,0,0
1.46620425,0,1
1.4667044,0,0
1.4672042,0,1
1.46770425,0,0
1.46820405,0,1
1.46870415,0,0
1.46920395,0,1
1.469704,0,0
1.4702038,0,1
1.4707039,0,0
1.47120375,0,1
1.4717038,0,0
1.4722036,0,1
1.47270365,0,0
1.47320345,0,1
1.47370355,0,0
1.4742033,0,1
1.47470335,0,0
1.4752031,0,1
1.47570315,0,0
1.47620295,0,1
1.476703,0,0
1.47720285,0,1
1.47770285,0,0
1.4782026,0,1
1.47870265,0,0
1.47920255,0,1
1.47970265,0,0
1.4802025,0,1
1.4807026,0,0
1.4812024,0,1
1.48170245,0,0
1.4822023,0,1
1.48270235,0,0
1.48320215,0,1
1.48370225,0,0
1.48420205,0,1
1.4847021,0,0
1.48520185,0,1
1.48570195,0,0
1.48620175,0,1
1.4867018,0,0
1.48720155,0,1
1.4877016,0,0
1.48820135,0,1
1.4887014,0,0
1.4892012,0,1
1.48970125,0,0
1.49020105,0,1
1.49070115,0,0
1.491201,0,1
1.4917011,0,0
1.49220095,0,1
1.49270105,0,0
1.4932009,0,1
1.49370095,0,0
1.49420075,0,1
1.4947008,0,0
1.4952006,0,1
1.4957006,0,0
1.4962004,0,1
1.4967004,0,0
1.4972002,0,1
1.49770025,0,0
1.4982001,0,1
1.4987002,0,0
1.49920005,0,1
1.49970015,0,0
1.5002,0,1
1.5007001,0,0
1.5011999,0,1
1.5017,0,0
1.5021998,0,1
1.5026999,0,0
1.50319975,0,1
1.5036998,0,0
1.50419965,0,1
1.5046997,0,0
1.50519955,0,1
1.5056996,0,0
1.50619945,0,1
1.50669955,0,0
1.50719935,0,1
1.5076994,0,0
1.5081992,0,1
1.5086993,0,0
1.5091991,0,1
1.50969915,0,0
1.51019895,0,1
1.510699,0,0
1.51119885,0,1
1.5116989,0,0
1.5121987,0,1
1.5126988,0,0
1.5131986,0,1
1.5136986,0,0
1.5141984,0,1
1.51469845,0,0
1.5151983,0,1
1.5156983,0,0
1.5161981,0,1
1.51669815,0,0
1.5171979,0,1
1.517698,0,0
1.5181978,0,1
1.5186979,0,0
1.5191978,0,1
1.51969785,0,0
1.5201977,0,1
1.5206978,0,0
1.5211976,0,1
1.5216977,0,0
1.5221976,0,1
1.5226977,0,0
1.52319755,0,1
1.5236977,0,0
1.5241975,0,1
1.52469755,0,0
1.5251973,0,1
1.52569735,0,0
1.5261971,0,1
1.52669715,0,0
1.527197,0,1
1.5276971,0,0
1.52819685,0,1
1.5286969,0,0
1.52919675,0,1
1.5296968,0,0
1.5301966,0,1
1.53069665,0,0
1.5311965,0,1
1.5316966,0,0
1.5321964,0,1
1.53269655,0,0
1.5331964,0,1
1.5336965,0,0
1.53419635,0,1
1.53469645,0,0
1.5351963,0,1
1.5356964,0,0
1.53619625,0,1
1.5366964,0,0
1.5371962,0,1
1.5376962,0,0
1.538196,0,1
1.53869605,0,0
1.5391958,0,1
1.53969585,0,0
1.5401957,0,1
1.5406958,0,0
1.5411957,0,1
1.5416958,0,0
1.54219565,0,1
1.5426957,0,0
1.5431955,0,1
1.5436957,0,0
1.5441956,0,1
1.54469575,0,0
1.5451956,0,1
1.54569575,0,0
1.54619565,0,1
1.54669575,0,0
1.54719555,0,1
1.5476957,0,0
1.54819555,0,1
1.54869565,0,0
1.5491955,0,1
1.5496956,0,0
1.5501955,0,1
1.55069565,0,0
1.5511955,0,1
1.5516956,0,0
1.55219545,0,1
1.55269555,0,0
1.5531954,0,1
1.55369555,0,0
1.5541954,0,1
1.5546955,0,0
1.55519535,0,1
1.5556955,0,0
1.55619535,0,1
1.55669545,0,0
1.55719535,0,1
1.55769545,0,0
1.5581953,0,1
1.55869545,0,0
1.5591953,0,1
1.5596954,0,0
1.56019525,0,1
1.5606954,0,0
1.5611953,0,1
1.56169535,0,0
1.5621952,0,1
1.5626953,0,0
1.5631952,0,1
1.56369535,0,0
1.56419525,0,1
1.5646954,0,0
1.56519525,0,1
1.5656954,0,0
1.56619525,0,1
1.56669535,0,0
1.56719525,0,1
1.56769535,0,0
1.5681952,0,1
1.5686953,0,0
1.5691952,0,1
1.5696953,0,0
1.5701951,0,1
1.5706952,0,0
1.5711951,0,1
1.5716952,0,0
1.5721951,0,1
1.5726952,0,0
1.57319505,0,1
1.57369505,0,0
1.57419485,0,1
1.5746949,0,0
1.57519475,0,1
1.57569485,0,0
1.57619475,0,1
1.57669485,0,0
1.5771947,0,1
1.57769475,0,0
1.5781946,0,1
1.5786947,0,0
1.5791946,0,1
1.57969465,0,0
1.58019455,0,1
1.5806946,0,0
1.5811945,0,1
1.5816946,0,0
1.5821944,0,1
1.58269445,0,0
1.5831943,0,1
1.5836944,0,0
1.58419425,0,1
1.5846944,0,0
1.58519435,0,1
1.5856945,0,0
1.58619435,0,1
1.5866945,0,0
1.58719435,0,1
1.5876944,0,0
1.58819425,0,1
1.58869425,0,0
1.58919405,0,1
1.58969415,0,0
1.59019395,0,1
1.59069405,0,0
1.5911938,0,1
1.5916939,0,0
1.5921937,0,1
1.59269375,0,0
1.59319355,0,1
1.5936936,0,0
1.59419345,0,1
1.5946935,0,0
1.59519335,0,1
1.5956934,0,0
1.5961932,0,1
1.5966933,0,0
1.59719315,0,1
1.59769325,0,0
1.5981931,0,1
1.59869325,0,0
1.5991931,0,1
1.5996932,0,0
1.6001931,0,1
1.6006932,0,0
1.6011931,0,1
1.6016932,0,0
1.60219305,0,1
1.6026932,0,0
1.6031931,0,1
1.60369325,0,0
1.6041931,0,1
1.6046932,0,0
1.60519305,0,1
1.60569315,0,0
1.606193,0,1
1.6066931,0,0
1.607193,0,1
1.6076931,0,0
1.6081929,0,1
1.608693,0,0
1.60919285,0,1
1.6096929,0,0
1.61019275,0,1
1.6106928,0,0
1.6111926,0,1
1.61169265,0,0
1.6121925,0,1
1.61269255,0,0
1.61319235,0,1
1.6136924,0,0
1.61419225,0,1
1.61469235,0,0
1.61519215,0,1
1.6156922,0,0
1.6161921,0,1
1.61669215,0,0
1.617192,0,1
1.61769205,0,0
1.6181919,0,1
1.61869195,0,0
1.61919175,0,1
1.61969185,0,0
1.6201917,0,1
1.6206918,0,0
1.62119155,0,1
1.62169155,0,0
1.6221913,0,1
1.62269145,0,0
1.6231913,0,1
1.6236914,0,0
1.62419125,0,1
1.62469135,0,0
1.6251912,0,1
1.6256913,0,0
1.62619115,0,1
1.6266913,0,0
1.62719115,0,1
1.62769125,0,0
1.62819115,0,1
1.62869125,0,0
1.6291911,0,1
1.62969125,0,0
1.63019105,0,1
1.63069115,0,0
1.631191,0,1
1.6316911,0,0
1.63219095,0,1
1.63269105,0,0
1.6331909,0,1
1.633691,0,0
1.63419085,0,1
1.63469095,0,0
1.63519085,0,1
1.635691,0,0
1.63619085,0,1
1.636691,0,0
1.63719085,0,1
1.637691,0,0
1.63819085,0,1
1.638691,0,0
1.6391909,0,1
1.63969105,0,0
1.6401909,0,1
1.640691,0,0
1.64119085,0,1
1.64169095,0,0
1.64219075,0,1
1.6426908,0,0
1.64319065,0,1
1.64369075,0,0
1.64419065,0,1
1.64469075,0,0
1.64519065,0,1
1.64569075,0,0
1.64619065,0,1
1.6466908,0,0
1.6471906,0,1
1.6476907,0,0
1.6481905,0,1
1.64869065,0,0
1.64919045,0,1
1.6496906,0,0
1.65019045,0,1
1.65069065,0,0
1.65119055,0,1
1.6516907,0,0
1.6521906,0,1
1.65269075,0,0
1.6531906,0,1
1.65369075,0,0
1.65419055,0,1
1.6546907,0,0
1.6551906,0,1
1.6556907,0,0
1.65619055,0,1
1.6566907,0,0
1.65719055,0,1
1.65769065,0,0
1.6581905,0,1
1.6586906,0,0
1.65919045,0,1
1.65969055,0,0
1.6601904,0,1
1.6606905,0,0
1.66119035,0,1
1.66169045,0,0
1.6621903,0,1
1.6626904,0,0
1.6631903,0,1
1.6636904,0,0
1.66419025,0,1
1.6646903,0,0
1.66519015,0,1
1.66569025,0,0
1.66619015,0,1
1.66669025,0,0
1.66719015,0,1
1.6676903,0,0
1.6681902,0,1
1.6686903,0,0
1.6691902,0,1
1.6696903,0,0
1.6701902,0,1
1.6706903,0,0
1.6711901,0,1
1.6716902,0,0
1.67219005,0,1
1.67269015,0,0
1.67319,0,1
1.67369015,0,0
1.67419,0,1
1.6746901,0,0
1.67518995,0,1
1.67569005,0,0
1.6761899,0,1
1.67669,0,0
1.6771898,0,1
1.6776899,0,0
1.67818975,0,1
1.67868985,0,0
1.67918975,0,1
1.67968985,0,0
1.6801897,0,1
1.6806898,0,0
1.6811896,0,1
1.68168965,0,0
1.6821895,0,1
1.68268965,0,0
1.6831895,0,1
1.68368955,0,0
1.6841894,0,1
1.6846895,0,0
1.6851893,0,1
1.6856894,0,0
1.68618915,0,1
1.6866892,0,0
1.68718905,0,1
1.68768915,0,0
1.688189,0,1
1.6886891,0,0
1.6891889,0,1
1.689689,0,0
1.6901888,0,1
1.69068885,0,0
1.69118865,0,1
1.69168875,0,0
1.6921886,0,1
1.6926887,0,0
1.69318855,0,1
1.69368865,0,0
1.69418845,0,1
1.69468855,0,0
1.6951884,0,1
1.6956885,0,0
1.69618835,0,1
1.69668845,0,0
1.6971883,0,1
1.69768835,0,0
1.6981882,0,1
1.69868835,0,0
1.6991882,0,1
1.69968825,0,0
1.7001881,0,1
1.7006882,0,0
1.70118805,0,1
1.7016881,0,0
1.70218785,0,1
1.70268795,0,0
1.7031878,0,1
1.7036879,0,0
1.70418775,0,1
1.70468785,0,0
1.7051876,0,1
1.7056877,0,0
1.70618755,0,1
1.70668765,0,0
1.7071875,0,1
1.70768765,0,0
1.7081875,0,1
1.70868755,0,0
1.7091874,0,1
1.70968745,0,0
1.71018725,0,1
1.71068735,0,0
1.71118715,0,1
1.71168725,0,0
1.7121871,0,1
1.7126872,0,0
1.7131871,0,1
1.71368715,0,0
1.714187,0,1
1.71468705,0,0
1.7151869,0,1
1.715687,0,0
1.7161869,0,1
1.716687,0,0
1.71718685,0,1
1.71768695,0,0
1.7181868,0,1
1.7186869,0,0
1.7191867,0,1
1.71968675,0,0
1.7201866,0,1
1.72068665,0,0
1.7211865,0,1
1.72168655,0,0
1.7221864,0,1
1.72268645,0,0
1.7231863,0,1
1.7236864,0,0
1.72418625,0,1
1.72468625,0,0
1.72518615,0,1
1.72568625,0,0
1.7261861,0,1
1.72668625,0,0
1.72718615,0,1
1.7276863,0,0
1.72818615,0,1
1.7286863,0,0
1.72918615,0,1
1.7296863,0,0
1.7301862,0,1
1.7306863,0,0
1.73118615,0,1
1.73168625,0,0
1.7321861,0,1
1.73268625,0,0
1.73318615,0,1
1.73368625,0,0
1.7341861,0,1
1.73468625,0,0
1.7351861,0,1
1.7356862,0,0
1.73618605,0,1
1.7366861,0,0
1.737186,0,1
1.73768615,0,0
1.73818605,0,1
1.73868615,0,0
1.73918605,0,1
1.73968615,0,0
1.7401861,0,1
1.74068625,0,0
1.7411862,0,1
1.74168635,0,0
1.7421862,0,1
1.7426863,0,0
1.74318615,0,1
1.74368625,0,0
1.74418605,0,1
1.74468615,0,0
1.745186,0,1
1.74568605,0,0
1.7461859,0,1
1.7466859,0,0
1.74718575,0,1
1.7476858,0,0
1.7481856,0,1
1.74868565,0,0
1.7491855,0,1
1.74968555,0,0
1.75018535,0,1
1.7506854,0,0
1.75118525,0,1
1.75168525,0,0
1.752185,0,1
1.7526851,0,0
1.75318495,0,1
1.75368505,0,0
1.75418485,0,1
1.7546849,0,0
1.75518475,0,1
1.7556848,0,0
1.7561846,0,1
1.7566847,0,0
1.75718455,0,1
1.7576846,0,0
1.75818445,0,1
1.75868455,0,0
1.75918435,0,1
1.7596844,0,0
1.7601842,0,1
1.76068425,0,0
1.7611841,0,1
1.76168415,0,0
1.76218395,0,1
1.762684,0,0
1.76318385,0,1
1.76368395,0,0
1.76418375,0,1
1.7646838,0,0
1.7651836,0,1
1.7656837,0,0
1.7661835,0,1
1.7666836,0,0
1.7671834,0,1
1.76768345,0,0
1.76818325,0,1
1.7686833,0,0
1.76918305,0,1
1.76968315,0,0
1.770183,0,1
1.77068305,0,0
1.77118285,0,1
1.77168295,0,0
1.7721827,0,1
1.7726827,0,0
1.77318255,0,1
1.7736826,0,0
1.77418235,0,1
1.7746824,0,0
1.77518225,0,1
1.7756823,0,0
1.7761821,0,1
1.7766822,0,0
1.777182,0,1
1.77768205,0,0
1.7781819,0,1
1.77868195,0,0
1.77918175,0,1
1.7796818,0,0
1.7801817,0,1
1.7806818,0,0
1.7811816,0,1
1.78168165,0,0
1.7821815,0,1
1.7826815,0,0
1.78318135,0,1
1.78368145,0,0
1.78418125,0,1
1.78468135,0,0
1.78518115,0,1
1.78568125,0,0
1.7861811,0,1
1.7866812,0,0
1.7871811,0,1
1.7876813,0,0
1.7881812,0,1
1.78868135,0,0
1.78918125,0,1
1.7896814,0,0
1.79018125,0,1
1.79068135,0,0
1.79118125,0,1
1.7916814,0,0
1.79218125,0,1
1.7926814,0,0
1.7931813,0,1
1.79368145,0,0
1.7941813,0,1
1.79468145,0,0
1.79518135,0,1
1.7956815,0,0
1.7961814,0,1
1.79668155,0,0
1.7971814,0,1
1.79768155,0,0
1.79818135,0,1
1.7986815,0,0
1.7991814,0,1
1.79968155,0,0
1.80018145,0,1
1.8006816,0,0
1.8011815,0,1
1.8016816,0,0
1.8021814,0,1
1.80268155,0,0
1.8031814,0,1
1.8036816,0,0
1.80418145,0,1
1.8046816,0,0
1.80518145,0,1
1.8056816,0,0
1.80618145,0,1
1.80668155,0,0
1.8071814,0,1
1.80768155,0,0
1.8081814,0,1
1.8086815,0,0
1.80918135,0,1
1.80968145,0,0
1.8101813,0,1
1.8106814,0,0
1.81118125,0,1
1.8116814,0,0
1.8121813,0,1
1.8126814,0,0
1.8131813,0,1
1.81368145,0,0
1.81418135,0,1
1.8146815,0,0
1.81518135,0,1
1.8156815,0,0
1.81618135,0,1
1.81668145,0,0
1.8171813,0,1
1.8176814,0,0
1.8181813,0,1
1.81868145,0,0
1.8191813,0,1
1.8196815,0,0
1.8201814,0,1
1.82068155,0,0
1.8211815,0,1
1.8216817,0,0
1.8221816,0,1
1.8226818,0,0
1.8231817,0,1
1.8236819,0,0
1.8241818,0,1
1.82468195,0,0
1.82518185,0,1
1.82568195,0,0
1.82618185,0,1
1.826682,0,0
1.8271819,0,1
1.82768205,0,0
1.82818195,0,1
1.8286821,0,0
1.829182,0,1
1.8296821,0,0
1.830182,0,1
1.83068215,0,0
1.83118205,0,1
1.8316822,0,0
1.83218215,0,1
1.83268225,0,0
1.83318215,0,1
1.83368225,0,0
1.83418215,0,1
1.83468225,0,0
1.83518215,0,1
1.8356823,0,0
1.8361822,0,1
1.83668235,0,0
1.8371822,0,1
1.83768235,0,0
1.8381822,0,1
1.8386824,0,0
1.8391823,0,1
1.83968245,0,0
1.8401824,0,1
1.84068255,0,0
1.8411825,0,1
1.84168265,0,0
1.8421825,0,1
1.8426827,0,0
1.84318255,0,1
1.8436827,0,0
1.84418255,0,1
1.84468265,0,0
1.84518255,0,1
1.84568265,0,0
1.84618255,0,1
1.84668275,0,0
1.84718265,0,1
1.84768285,0,0
1.84818275,0,1
1.8486829,0,0
1.8491828,0,1
1.8496829,0,0
1.85018275,0,1
1.85068285,0,0
1.85118275,0,1
1.8516829,0,0
1.8521828,0,1
1.85268295,0,0
1.85318285,0,1
1.853683,0,0
1.8541829,0,1
1.85468305,0,0
1.8551829,0,1
1.855683,0,0
1.85618285,0,1
1.85668295,0,0
1.8571828,0,1
1.85768295,0,0
1.85818285,0,1
1.85868295,0,0
1.8591828,0,1
1.85968295,0,0
1.86018285,0,1
1.86068295,0,0
1.8611828,0,1
1.8616829,0,0
1.8621828,0,1
1.86268295,0,0
1.8631828,0,1
1.86368295,0,0
1.86418285,0,1
1.86468295,0,0
1.86518285,0,1
1.865683,0,0
1.86618285,0,1
1.866683,0,0
1.8671829,0,1
1.86768305,0,0
1.86818295,0,1
1.8686831,0,0
1.86918295,0,1
1.8696831,0,0
1.87018295,0,1
1.87068305,0,0
1.8711829,0,1
1.871683,0,0
1.87218285,0,1
1.872683,0,0
1.8731829,0,1
1.8736831,0,0
1.874183,0,1
1.87468315,0,0
1.87518305,0,1
1.8756832,0,0
1.8761831,0,1
1.87668325,0,0
1.8771831,0,1
1.87768325,0,0
1.8781832,0,1
1.87868335,0,0
1.87918325,0,1
1.87968335,0,0
1.88018325,0,1
1.8806834,0,0
1.8811833,0,1
1.8816834,0,0
1.88218325,0,1
1.8826834,0,0
1.8831833,0,1
1.8836835,0,0
1.8841834,0,1
1.88468355,0,0
1.8851835,0,1
1.88568365,0,0
1.88618355,0,1
1.8866837,0,0
1.8871836,0,1
1.88768375,0,0
1.88818365,0,1
1.88868375,0,0
1.8891836,0,1
1.88968375,0,0
1.8901836,0,1
1.89068375,0,0
1.89118365,0,1
1.8916838,0,0
1.8921838,0,1
1.892684,0,0
1.89318395,0,1
1.8936841,0,0
1.89418405,0,1
1.89468415,0,0
1.89518405,0,1
1.8956842,0,0
1.8961841,0,1
1.89668425,0,0
1.89718415,0,1
1.8976843,0,0
1.89818425,0,1
1.89868435,0,0
1.89918425,0,1
1.8996844,0,0
1.90018435,0,1
1.9006845,0,0
1.90118445,0,1
1.9016846,0,0
1.9021845,0,1
1.9026846,0,0
1.90318455,0,1
1.90368475,0,0
1.90418465,0,1
1.9046848,0,0
1.90518465,0,1
1.9056848,0,0
1.9061847,0,1
1.9066849,0,0
1.90718485,0,1
1.90768505,0,0
1.90818495,0,1
1.9086851,0,0
1.909185,0,1
1.9096852,0,0
1.91018505,0,1
1.91068525,0,0
1.9111852,0,1
1.9116854,0,0
1.91218535,0,1
1.91268555,0,0
1.91318555,0,1
1.91368575,0,0
1.91418565,0,1
1.91468585,0,0
1.91518585,0,1
1.9156861,0,0
1.9161861,0,1
1.91668625,0,0
1.91718615,0,1
1.9176863,0,0
1.9181862,0,1
1.91868635,0,0
1.9191863,0,1
1.91968645,0,0
1.92018635,0,1
1.9206865,0,0
1.92118645,0,1
1.92168655,0,0
1.9221864,0,1
1.9226865,0,0
1.9231864,0,1
1.9236865,0,0
1.9241864,0,1
1.92468655,0,0
1.92518645,0,1
1.9256866,0,0
1.9261865,0,1
1.92668665,0,0
1.92718655,0,1
1.92768665,0,0
1.92818655,0,1
1.92868675,0,0
1.92918665,0,1
1.9296868,0,0
1.9301867,0,1
1.9306869,0,0
1.9311868,0,1
1.93168695,0,0
1.9321869,0,1
1.93268705,0,0
1.93318695,0,1
1.9336871,0,0
1.934187,0,1
1.9346872,0,0
1.93518705,0,1
1.9356872,0,0
1.9361871,0,1
1.9366872,0,0
1.9371871,0,1
1.9376873,0,0
1.93818715,0,1
1.93868725,0,0
1.93918715,0,1
1.93968725,0,0
1.94018715,0,1
1.9406873,0,0
1.9411872,0,1
1.94168735,0,0
1.94218725,0,1
1.9426874,0,0
1.94318735,0,1
1.9436875,0,0
1.9441874,0,1
1.94468755,0,0
1.94518745,0,1
1.9456876,0,0
1.9461875,0,1
1.94668765,0,0
1.94718755,0,1
1.9476877,0,0
1.9481876,0,1
1.94868775,0,0
1.9491877,0,1
1.94968785,0,0
1.95018775,0,1
1.9506879,0,0
1.9511878,0,1
1.951688,0,0
1.9521879,0,1
1.95268805,0,0
1.95318795,0,1
1.9536881,0,0
1.954188,0,1
1.95468815,0,0
1.95518805,0,1
1.95568815,0,0
1.956188,0,1
1.9566881,0,0
1.95718795,0,1
1.95768805,0,0
1.95818795,0,1
1.95868805,0,0
1.95918785,0,1
1.95968795,0,0
1.9601878,0,1
1.96068795,0,0
1.9611878,0,1
1.9616879,0,0
1.9621878,0,1
1.9626879,0,0
1.96318775,0,1
1.9636879,0,0
1.96418775,0,1
1.9646879,0,0
1.9651878,0,1
1.9656879,0,0
1.96618775,0,1
1.96668785,0,0
1.9671877,0,1
1.96768785,0,0
1.9681877,0,1
1.9686878,0,0
1.9691877,0,1
1.9696878,0,0
1.9701877,0,1
1.9706878,0,0
1.97118765,0,1
1.9716877,0,0
1.97218755,0,1
1.97268765,0,0
1.97318755,0,1
1.97368775,0,0
1.97418765,0,1
1.97468775,0,0
1.97518765,0,1
1.97568775,0,0
1.97618765,0,1
1.97668775,0,0
1.9771876,0,1
1.9776877,0,0
1.97818755,0,1
1.9786877,0,0
1.9791875,0,1
1.97968755,0,0
1.9801874,0,1
1.9806875,0,0
1.9811874,0,1
1.98168755,0,0
1.9821874,0,1
1.9826875,0,0
1.98318735,0,1
1.98368745,0,0
1.9841873,0,1
1.98468745,0,0
1.9851873,0,1
1.9856874,0,0
1.9861873,0,1
1.9866874,0,0
1.9871873,0,1
1.9876874,0,0
1.9881873,0,1
1.98868745,0,0
1.98918735,0,1
1.98968745,0,0
1.99018735,0,1
1.9906875,0,0
1.9911874,0,1
1.99168755,0,0
1.9921874,0,1
1.99268755,0,0
1.99318745,0,1
1.9936876,0,0
1.9941875,0,1
1.99468765,0,0
1.9951875,0,1
1.9956876,0,0
1.99618745,0,1
1.9966875,0,0
1.99718735,0,1
1.9976874,0,0
1.99818725,0,1
1.99868735,0,0
1.9991872,0,1
1.9996873,0,0
2.00018715,0,1
2.00068725,0,0
2.0011871,0,1
2.0016872,0,0
2.00218705,0,1
2.00268715,0,0
2.00318695,0,1
2.00368705,0,0
2.00418685,0,1
2.00468695,0,0
2.00518675,0,1
2.0056868,0,0
2.00618665,0,1
2.00668675,0,0
2.0071866,0,1
2.0076867,0,0
2.00818655,0,1
2.0086867,0,0
2.00918655,0,1
2.00968665,0,0
2.0101865,0,1
2.0106866,0,0
2.01118645,0,1
2.01168655,0,0
2.0121864,0,1
2.01268645,0,0
2.0131863,0,1
2.0136864,0,0
2.01418625,0,1
2.01468635,0,0
2.0151862,0,1
2.0156863,0,0
2.01618615,0,1
2.01668625,0,0
2.0171861,0,1
2.0176862,0,0
2.0181861,0,1
2.01868625,0,0
2.0191861,0,1
2.0196862,0,0
2.02018605,0,1
2.0206862,0,0
2.0211861,0,1
2.0216862,0,0
2.022186,0,1
2.0226861,0,0
2.0231859,0,1
2.023686,0,0
2.0241858,0,1
2.02468585,0,0
2.0251857,0,1
2.0256858,0,0
2.0261856,0,1
2.02668565,0,0
2.0271855,0,1
2.02768555,0,0
2.0281854,0,1
2.0286855,0,0
2.02918535,0,1
2.0296854,0,0
2.03018525,0,1
2.03068535,0,0
2.0311852,0,1
2.0316853,0,0
2.03218515,0,1
2.03268525,0,0
2.0331851,0,1
2.0336852,0,0
2.03418505,0,1
2.03468515,0,0
2.035185,0,1
2.0356851,0,0
2.03618495,0,1
2.0366851,0,0
2.0371849,0,1
2.03768505,0,0
2.03818495,0,1
2.03868505,0,0
2.03918495,0,1
2.0396851,0,0
2.040185,0,1
2.04068515,0,0
2.04118505,0,1
2.04168515,0,0
2.042185,0,1
2.0426851,0,0
2.04318495,0,1
2.04368505,0,0
2.0441849,0,1
2.04468505,0,0
2.04518485,0,1
2.04568495,0,0
2.04618475,0,1
2.0466849,0,0
2.04718475,0,1
2.04768485,0,0
2.0481847,0,1
2.0486848,0,0
2.0491847,0,1
2.0496848,0,0
2.0501847,0,1
2.0506848,0,0
2.0511847,0,1
2.0516848,0,0
2.05218465,0,1
2.0526848,0,0
2.05318465,0,1
2.05368475,0,0
2.0541846,0,1
2.0546847,0,0
2.0551845,0,1
2.0556846,0,0
2.05618445,0,1
2.0566845,0,0
2.05718435,0,1
2.05768445,0,0
2.0581843,0,1
2.05868435,0,0
2.0591842,0,1
2.0596843,0,0
2.0601841,0,1
2.06068415,0,0
2.061184,0,1
2.0616841,0,0
2.06218395,0,1
2.062684,0,0
2.06318385,0,1
2.0636839,0,0
2.0641838,0,1
2.0646839,0,0
2.0651837,0,1
2.0656838,0,0
2.06618365,0,1
2.0666837,0,0
2.06718355,0,1
2.0676837,0,0
2.0681835,0,1
2.0686836,0,0
2.06918345,0,1
2.06968355,0,0
2.0701834,0,1
2.0706835,0,0
2.07118335,0,1
2.07168345,0,0
2.0721833,0,1
2.0726834,0,0
2.07318325,0,1
2.0736834,0,0
2.07418325,0,1
2.07468335,0,0
2.07518315,0,1
2.0756832,0,0
2.07618305,0,1
2.07668315,0,0
2.07718295,0,1
2.07768305,0,0
2.07818285,0,1
2.07868295,0,0
2.0791828,0,1
2.0796829,0,0
2.08018275,0,1
2.08068285,0,0
2.08118265,0,1
2.08168275,0,0
2.0821826,0,1
2.0826827,0,0
2.0831826,0,1
2.0836827,0,0
2.08418255,0,1
2.08468265,0,0
2.08518245,0,1
2.0856826,0,0
2.08618245,0,1
2.08668255,0,0
2.08718245,0,1
2.08768255,0,0
2.08818235,0,1
2.08868245,0,0
2.0891823,0,1
2.08968235,0,0
2.0901822,0,1
2.0906823,0,0
2.0911821,0,1
2.09168215,0,0
2.092182,0,1
2.09268215,0,0
2.09318205,0,1
2.0936822,0,0
2.0941821,0,1
2.09468215,0,0
2.095182,0,1
2.09568215,0,0
2.096182,0,1
2.0966821,0,0
2.097182,0,1
2.09768215,0,0
2.09818205,0,1
2.0986822,0,0
2.0991821,0,1
2.0996822,0,0
2.1001821,0,1
2.1006822,0,0
2.1011821,0,1
2.1016822,0,0
2.1021821,0,1
2.1026822,0,0
2.1031821,0,1
2.10368225,0,0
2.1041821,0,1
2.1046822,0,0
2.10518205,0,1
2.1056821,0,0
2.10618195,0,1
2.1066821,0,0
2.10718195,0,1
2.10768205,0,0
2.1081819,0,1
2.108682,0,0
2.10918185,0,1
2.109682,0,0
2.11018185,0,1
2.11068195,0,0
2.1111818,0,1
2.1116819,0,0
2.11218175,0,1
2.11268185,0,0
2.1131817,0,1
2.1136818,0,0
2.1141816,0,1
2.1146817,0,0
2.11518155,0,1
2.11568165,0,0
2.1161815,0,1
2.1166816,0,0
2.1171815,0,1
2.1176816,0,0
2.11818145,0,1
2.1186815,0,0
2.1191813,0,1
2.1196814,0,0
2.12018125,0,1
2.1206813,0,0
2.12118115,0,1
2.12168125,0,0
2.12218105,0,1
2.12268115,0,0
2.123181,0,1
2.12368105,0,0
2.124181,0,1
2.1246811,0,0
2.125181,0,1
2.1256811,0,0
2.12618095,0,1
2.1266811,0,0
2.12718095,0,1
2.1276811,0,0
2.12818095,0,1
2.128681,0,0
2.1291809,0,1
2.129681,0,0
2.1301809,0,1
2.13068105,0,0
2.13118095,0,1
2.1316811,0,0
2.132181,0,1
2.13268115,0,0
2.133181,0,1
2.13368115,0,0
2.13418105,0,1
2.1346812,0,0
2.13518105,0,1
2.13568125,0,0
2.13618115,0,1
2.1366813,0,0
2.1371812,0,1
2.1376814,0,0
2.13818135,0,1
2.1386815,0,0
2.1391814,0,1
2.13968155,0,0
2.14018145,0,1
2.1406816,0,0
2.1411815,0,1
2.1416816,0,0
2.1421815,0,1
2.14268165,0,0
2.14318155,0,1
2.1436817,0,0
2.14418165,0,1
2.14468185,0,0
2.14518175,0,1
2.1456819,0,0
2.1461818,0,1
2.14668185,0,0
2.14718165,0,1
2.14768175,0,0
2.1481816,0,1
2.14868175,0,0
2.14918165,0,1
2.1496818,0,0
2.15018165,0,1
2.1506818,0,0
2.15118165,0,1
2.15168175,0,0
2.15218165,0,1
2.1526818,0,0
2.1531817,0,1
2.1536818,0,0
2.1541817,0,1
2.15468185,0,0
2.15518175,0,1
2.15568185,0,0
2.1561817,0,1
2.15668185,0,0
2.1571817,0,1
2.15768175,0,0
2.15818155,0,1
2.1586817,0,0
2.1591815,0,1
2.15968155,0,0
2.16018145,0,1
2.16068155,0,0
2.1611814,0,1
2.16168145,0,0
2.1621813,0,1
2.16268145,0,0
2.16318125,0,1
2.16368135,0,0
2.1641812,0,1
2.16468125,0,0
2.1651811,0,1
2.16568115,0,0
2.166181,0,1
2.16668115,0,0
2.16718095,0,1
2.16768105,0,0
2.16818085,0,1
2.16868095,0,0
2.1691807,0,1
2.1696808,0,0
2.17018055,0,1
2.17068065,0,0
2.17118045,0,1
2.1716805,0,0
2.17218035,0,1
2.17268045,0,0
2.17318025,0,1
2.17368035,0,0
2.1741802,0,1
2.1746803,0,0
2.17518015,0,1
2.1756803,0,0
2.17618015,0,1
2.1766803,0,0
2.17718015,0,1
2.17768025,0,0
2.17818015,0,1
2.17868025,0,0
2.1791801,0,1
2.1796802,0,0
2.18018,0,1
2.18068005,0,0
2.1811799,0,1
2.18168,0,0
2.1821798,0,1
2.1826799,0,0
2.18317975,0,1
2.1836798,0,0
2.18417965,0,1
2.1846797,0,0
2.18517955,0,1
2.18567965,0,0
2.18617945,0,1
2.18667955,0,0
2.1871794,0,1
2.1876795,0,0
2.18817935,0,1
2.1886795,0,0
2.18917935,0,1
2.1896795,0,0
2.1901794,0,1
2.1906795,0,0
2.1911793,0,1
2.1916794,0,0
2.1921792,0,1
2.1926793,0,0
2.19317915,0,1
2.19367925,0,0
2.19417915,0,1
2.1946793,0,0
2.1951792,0,1
2.19567935,0,0
2.1961792,0,1
2.19667935,0,0
2.1971792,0,1
2.1976793,0,0
2.19817915,0,1
2.19867925,0,0
2.1991791,0,1
2.1996792,0,0
2.20017905,0,1
2.20067915,0,0
2.20117895,0,1
2.201679,0,0
2.20217885,0,1
2.20267895,0,0
2.2031788,0,1
2.2036789,0,0
2.20417875,0,1
2.20467885,0,0
2.20517875,0,1
2.2056788,0,0
2.2061786,0,1
2.20667865,0,0
2.20717845,0,1
2.20767855,0,0
2.2081784,0,1
2.2086785,0,0
2.2091783,0,1
2.2096784,0,0
2.21017825,0,1
2.2106784,0,0
2.2111783,0,1
2.2116784,0,0
2.2121783,0,1
2.21267845,0,0
2.2131783,0,1
2.2136784,0,0
2.21417825,0,1
2.21467825,0,0
2.21517805,0,1
2.21567805,0,0
2.2161779,0,1
2.216678,0,0
2.2171778,0,1
2.2176779,0,0
2.2181777,0,1
2.21867775,0,0
2.2191776,0,1
2.2196777,0,0
2.2201775,0,1
2.2206776,0,0
2.2211774,0,1
2.2216775,0,0
2.2221773,0,1
2.22267735,0,0
2.2231772,0,1
2.22367725,0,0
2.2241771,0,1
2.22467715,0,0
2.2251769,0,1
2.225677,0,0
2.2261768,0,1
2.2266769,0,0
2.2271767,0,1
2.2276768,0,0
2.22817665,0,1
2.22867665,0,0
2.22917645,0,1
2.2296765,0,0
2.2301763,0,1
2.23067635,0,0
2.2311761,0,1
2.23167615,0,0
2.232176,0,1
2.23267605,0,0
2.23317585,0,1
2.23367585,0,0
2.23417565,0,1
2.23467565,0,0
2.23517545,0,1
2.2356755,0,0
2.2361753,0,1
2.23667535,0,0
2.2371752,0,1
2.2376753,0,0
2.23817515,0,1
2.23867525,0,0
2.2391751,0,1
2.2396752,0,0
2.2401751,0,1
2.24067515,0,0
2.241175,0,1
2.24167515,0,0
2.242175,0,1
2.2426751,0,0
2.24317495,0,1
2.24367505,0,0
2.2441749,0,1
2.24467505,0,0
2.2451749,0,1
2.245675,0,0
2.24617485,0,1
2.2466749,0,0
2.2471747,0,1
2.24767475,0,0
2.24817455,0,1
2.24867465,0,0
2.2491745,0,1
2.24967455,0,0
2.25017435,0,1
2.25067445,0,0
2.25117425,0,1
2.25167435,0,0
2.2521741,0,1
2.2526742,0,0
2.253174,0,1
2.2536741,0,0
2.25417395,0,1
2.25467395,0,0
2.2551738,0,1
2.25567385,0,0
2.25617365,0,1
2.25667375,0,0
2.25717355,0,1
2.2576737,0,0
2.25817355,0,1
2.2586736,0,0
2.2591735,0,1
2.25967355,0,0
2.26017335,0,1
2.2606734,0,0
2.2611732,0,1
2.26167325,0,0
2.26217305,0,1
2.2626731,0,0
2.2631729,0,1
2.26367295,0,0
2.26417275,0,1
2.26467285,0,0
2.26517265,0,1
2.2656728,0,0
2.26617255,0,1
2.2666726,0,0
2.2671724,0,1
2.26767245,0,0
2.26817225,0,1
2.26867235,0,0
2.26917215,0,1
2.2696722,0,0
2.27017205,0,1
2.2706721,0,0
2.27117195,0,1
2.27167205,0,0
2.2721719,0,1
2.27267205,0,0
2.2731719,0,1
2.273672,0,0
2.27417185,0,1
2.27467195,0,0
2.2751718,0,1
2.2756718,0,0
2.2761716,0,1
2.27667165,0,0
2.27717145,0,1
2.2776715,0,0
2.2781713,0,1
2.2786714,0,0
2.2791712,0,1
2.27967125,0,0
2.280171,0,1
2.28067105,0,0
2.28117085,0,1
2.28167095,0,0
2.2821708,0,1
2.2826709,0,0
2.2831708,0,1
2.2836709,0,0
2.28417075,0,1
2.28467085,0,0
2.28517065,0,1
2.28567075,0,0
2.28617055,0,1
2.28667065,0,0
2.2871705,0,1
2.28767055,0,0
2.2881703,0,1
2.2886703,0,0
2.28917015,0,1
2.28967025,0,0
2.2901701,0,1
2.2906702,0,0
2.29117,0,1
2.2916701,0,0
2.29216995,0,1
2.2926701,0,0
2.29316995,0,1
2.29367005,0,0
2.29416995,0,1
2.2946701,0,0
2.29517,0,1
2.29567015,0,0
2.29617005,0,1
2.2966702,0,0
2.29717005,0,1
2.2976702,0,0
2.29817005,0,1
2.29867015,0,0
2.29917,0,1
2.29967005,0,0
2.3001699,0,1
2.30067,0,0
2.3011698,0,1
2.3016699,0,0
2.3021697,0,1
2.30266985,0,0
2.30316965,0,1
2.3036697,0,0
2.30416965,0,1
2.3046698,0,0
2.3051697,0,1
2.30566985,0,0
2.30616975,0,1
2.30666985,0,0
2.30716975,0,1
2.30766995,0,0
2.3081698,0,1
2.30866995,0,0
2.3091698,0,1
2.30966995,0,0
2.3101698,0,1
2.3106699,0,0
2.3111698,0,1
2.31166995,0,0
2.3121699,0,1
2.31267,0,0
2.3131699,0,1
2.31367005,0,0
2.31416995,0,1
2.31467,0,0
2.31516985,0,1
2.31566995,0,0
2.3161698,0,1
2.31667,0,0
2.31716985,0,1
2.31766995,0,0
2.31816985,0,1
2.3186699,0,0
2.31916975,0,1
2.31966985,0,0
2.3201697,0,1
2.3206698,0,0
2.32116965,0,1
2.32166975,0,0
2.32216965,0,1
2.3226697,0,0
2.3231696,0,1
2.32366975,0,0
2.3241696,0,1
2.3246697,0,0
2.32516955,0,1
2.3256696,0,0
2.32616945,0,1
2.32666955,0,0
2.3271694,0,1
2.3276695,0,0
2.32816935,0,1
2.32866945,0,0
2.3291693,0,1
2.32966945,0,0
2.3301693,0,1
2.3306694,0,0
2.33116925,0,1
2.3316694,0,0
2.33216925,0,1
2.33266935,0,0
2.3331692,0,1
2.33366935,0,0
2.3341692,0,1
2.3346693,0,0
2.3351691,0,1
2.33566925,0,0
2.33616905,0,1
2.33666915,0,0
2.33716905,0,1
2.33766915,0,0
2.338169,0,1
2.3386691,0,0
2.33916895,0,1
2.3396691,0,0
2.340169,0,1
2.34066915,0,0
2.34116895,0,1
2.3416691,0,0
2.342169,0,1
2.3426691,0,0
2.34316895,0,1
2.3436691,0,0
2.34416895,0,1
2.34466905,0,0
2.34516885,0,1
2.34566895,0,0
2.3461688,0,1
2.3466689,0,0
2.34716875,0,1
2.34766885,0,0
2.34816875,0,1
2.3486688,0,0
2.34916865,0,1
2.34966875,0,0
2.35016865,0,1
2.35066875,0,0
2.3511686,0,1
2.3516687,0,0
2.35216855,0,1
2.3526687,0,0
2.3531685,0,1
2.3536686,0,0
2.3541685,0,1
2.3546686,0,0
2.3551684,0,1
2.35566845,0,0
2.35616835,0,1
2.35666845,0,0
2.3571683,0,1
2.35766835,0,0
2.3581681,0,1
2.35866815,0,0
2.35916795,0,1
2.359668,0,0
2.36016785,0,1
2.360668,0,0
2.3611678,0,1
2.3616679,0,0
2.36216775,0,1
2.36266785,0,0
2.36316765,0,1
2.3636678,0,0
2.3641677,0,1
2.36466785,0,0
2.36516775,0,1
2.3656679,0,0
2.36616775,0,1
2.3666679,0,0
2.36716775,0,1
2.36766785,0,0
2.3681677,0,1
2.3686678,0,0
2.3691676,0,1
2.3696677,0,0
2.37016745,0,1
2.37066755,0,0
2.37116735,0,1
2.37166745,0,0
2.37216725,0,1
2.3726673,0,0
2.3731671,0,1
2.3736672,0,0
2.37416705,0,1
2.3746671,0,0
2.37516695,0,1
2.375667,0,0
2.37616685,0,1
2.3766669,0,0
2.37716675,0,1
2.3776668,0,0
2.37816665,0,1
2.37866675,0,0
2.3791666,0,1
2.3796667,0,0
2.38016655,0,1
2.3806666,0,0
2.3811665,0,1
2.3816666,0,0
2.3821664,0,1
2.3826665,0,0
2.3831663,0,1
2.38366635,0,0
2.3841662,0,1
2.3846663,0,0
2.38516615,0,1
2.3856662,0,0
2.386166,0,1
2.3866661,0,0
2.38716595,0,1
2.387666,0,0
2.38816585,0,1
2.38866595,0,0
2.3891658,0,1
2.38966585,0,0
2.3901657,0,1
2.3906658,0,0
2.3911656,0,1
2.3916657,0,0
2.3921655,0,1
2.3926656,0,0
2.39316545,0,1
2.39366555,0,0
2.39416545,0,1
2.39466555,0,0
2.39516545,0,1
2.39566555,0,0
2.39616545,0,1
2.39666555,0,0
2.39716545,0,1
2.3976655,0,0
2.39816535,0,1
2.39866545,0,0
2.39916535,0,1
2.3996655,0,0
2.4001654,0,1
2.4006655,0,0
2.4011654,0,1
2.4016655,0,0
2.40216535,0,1
2.40266545,0,0
2.40316535,0,1
2.40366545,0,0
2.40416525,0,1
2.40466535,0,0
2.40516525,0,1
2.40566535,0,0
2.4061652,0,1
2.4066653,0,0
2.40716515,0,1
2.40766525,0,0
2.4081651,0,1
2.40866515,0,0
2.409165,0,1
2.4096651,0,0
2.41016495,0,1
2.41066495,0,0
2.41116475,0,1
2.41166475,0,0
2.41216455,0,1
2.41266465,0,0
2.4131645,0,1
2.4136646,0,0
2.41416445,0,1
2.4146646,0,0
2.4151645,0,1
2.4156646,0,0
2.41616445,0,1
2.4166645,0,0
2.4171643,0,1
2.4176644,0,0
2.41816425,0,1
2.41866435,0,0
2.4191642,0,1
2.41966425,0,0
2.42016415,0,1
2.42066425,0,0
2.4211641,0,1
2.4216642,0,0
2.4221641,0,1
2.4226642,0,0
2.42316405,0,1
2.42366415,0,0
2.424164,0,1
2.4246641,0,0
2.425164,0,1
2.4256641,0,0
2.42616395,0,1
2.426664,0,0
2.4271638,0,1
2.4276639,0,0
2.42816375,0,1
2.4286639,0,0
2.4291638,0,1
2.42966395,0,0
2.4301639,0,1
2.430664,0,0
2.4311639,0,1
2.431664,0,0
2.4321639,0,1
2.432664,0,0
2.43316385,0,1
2.43366395,0,0
2.4341639,0,1
2.43466405,0,0
2.43516395,0,1
2.4356641,0,0
2.43616395,0,1
2.43666405,0,0
2.4371639,0,1
2.437664,0,0
2.4381638,0,1
2.43866385,0,0
2.4391637,0,1
2.43966375,0,0
2.4401636,0,1
2.44066365,0,0
2.4411635,0,1
2.44166365,0,0
2.4421635,0,1
2.4426636,0,0
2.44316345,0,1
2.4436636,0,0
2.4441634,0,1
2.4446635,0,0
2.44516335,0,1
2.4456635,0,0
2.44616335,0,1
2.4466634,0,0
2.4471633,0,1
2.44766345,0,0
2.44816335,0,1
2.44866345,0,0
2.4491633,0,1
2.4496634,0,0
2.45016325,0,1
2.45066335,0,0
2.4511633,0,1
2.4516634,0,0
2.45216325,0,1
2.45266335,0,0
2.4531632,0,1
2.45366335,0,0
2.45416325,0,1
2.45466335,0,0
2.4551632,0,1
2.4556634,0,0
2.45616325,0,1
2.4566633,0,0
2.4571631,0,1
2.45766325,0,0
2.4581631,0,1
2.45866325,0,0
2.45916315,0,1
2.45966325,0,0
2.4601632,0,1
2.46066325,0,0
2.46116315,0,1
2.4616632,0,0
2.4621631,0,1
2.46266325,0,0
2.4631631,0,1
2.46366325,0,0
2.4641631,0,1
2.4646633,0,0
2.4651632,0,1
2.4656633,0,0
2.4661632,0,1
2.4666633,0,0
2.46716315,0,1
2.46766325,0,0
2.4681631,0,1
2.46866315,0,0
2.46916295,0,1
2.46966305,0,0
2.47016285,0,1
2.47066285,0,0
2.47116265,0,1
2.47166275,0,0
2.47216255,0,1
2.47266265,0,0
2.4731625,0,1
2.4736626,0,0
2.4741624,0,1
2.4746625,0,0
2.4751623,0,1
2.4756624,0,0
2.4761622,0,1
2.4766623,0,0
2.47716215,0,1
2.4776622,0,0
2.47816205,0,1
2.47866215,0,0
2.479162,0,1
2.47966215,0,0
2.480162,0,1
2.4806621,0,0
2.4811619,0,1
2.48166195,0,0
2.4821618,0,1
2.4826619,0,0
2.48316175,0,1
2.48366185,0,0
2.4841617,0,1
2.48466175,0,0
2.4851616,0,1
2.4856617,0,0
2.48616155,0,1
2.4866617,0,0
2.48716155,0,1
2.48766165,0,0
2.4881615,0,1
2.48866165,0,0
2.4891616,0,1
2.4896617,0,0
2.4901616,0,1
2.4906617,0,0
2.49116155,0,1
2.4916617,0,0
2.4921616,0,1
2.4926617,0,0
2.4931616,0,1
2.4936617,0,0
2.4941616,0,1
2.4946617,0,0
2.49516155,0,1
2.49566165,0,0
2.4961615,0,1
2.4966616,0,0
2.49716145,0,1
2.4976615,0,0
2.4981613,0,1
2.4986614,0,0
2.4991612,0,1
2.4996613,0,0
2.50016115,0,1
2.50066125,0,0
2.5011611,0,1
2.50166115,0,0
2.502161,0,1
2.5026611,0,0
2.50316095,0,1
2.50366095,0,0
2.5041608,0,1
2.5046609,0,0
2.50516075,0,1
2.50566085,0,0
2.5061607,0,1
2.50666085,0,0
2.5071607,0,1
2.5076608,0,0
2.5081606,0,1
2.5086607,0,0
2.5091606,0,1
2.50966075,0,0
2.51016065,0,1
2.51066075,0,0
2.51116065,0,1
2.51166075,0,0
2.5121606,0,1
2.51266065,0,0
2.5131605,0,1
2.5136606,0,0
2.51416045,0,1
2.5146606,0,0
2.5151604,0,1
2.5156605,0,0
2.51616035,0,1
2.5166605,0,0
2.51716035,0,1
2.51766045,0,0
2.51816035,0,1
2.51866045,0,0
2.51916035,0,1
2.5196605,0,0
2.52016035,0,1
2.5206605,0,0
2.5211603,0,1
2.5216604,0,0
2.52216025,0,1
2.52266035,0,0
2.52316025,0,1
2.52366035,0,0
2.5241602,0,1
2.52466025,0,0
2.5251601,0,1
2.5256602,0,0
2.5261601,0,1
2.52666015,0,0
2.52716005,0,1
2.52766015,0,0
2.52816005,0,1
2.52866015,0,0
2.52916005,0,1
2.52966015,0,0
2.53016005,0,1
2.5306602,0,0
2.53116005,0,1
2.5316602,0,0
2.53216005,0,1
2.53266015,0,0
2.53316,0,1
2.5336601,0,0
2.53416,0,1
2.5346601,0,0
2.53515995,0,1
2.53566005,0,0
2.5361599,0,1
2.53665995,0,0
2.5371598,0,1
2.53765995,0,0
2.5381598,0,1
2.5386599,0,0
2.53915975,0,1
2.5396599,0,0
2.54015975,0,1
2.54065985,0,0
2.54115965,0,1
2.54165975,0,0
2.5421596,0,1
2.5426597,0,0
2.54315955,0,1
2.5436596,0,0
2.54415945,0,1
2.54465955,0,0
2.54515945,0,1
2.54565955,0,0
2.5461594,0,1
2.54665955,0,0
2.5471594,0,1
2.5476595,0,0
2.54815935,0,1
2.5486594,0,0
2.5491592,0,1
2.54965925,0,0
2.5501591,0,1
2.55065915,0,0
2.551159,0,1
2.5516591,0,0
2.55215895,0,1
2.552659,0,0
2.55315885,0,1
2.55365895,0,0
2.55415875,0,1
2.55465885,0,0
2.55515865,0,1
2.5556588,0,0
2.55615865,0,1
2.5566587,0,0
2.55715855,0,1
2.55765865,0,0
2.5581584,0,1
2.5586585,0,0
2.5591583,0,1
2.5596584,0,0
2.5601582,0,1
2.5606583,0,0
2.56115815,0,1
2.56165825,0,0
2.5621581,0,1
2.5626582,0,0
2.56315805,0,1
2.5636582,0,0
2.5641581,0,1
2.56465825,0,0
2.5651581,0,1
2.5656582,0,0
2.5661581,0,1
2.5666582,0,0
2.56715805,0,1
2.5676582,0,0
2.568158,0,1
2.5686581,0,0
2.56915795,0,1
2.56965805,0,0
2.5701579,0,1
2.570658,0,0
2.57115785,0,1
2.57165795,0,0
2.5721578,0,1
2.5726579,0,0
2.57315775,0,1
2.5736578,0,0
2.5741577,0,1
2.57465775,0,0
2.5751576,0,1
2.57565775,0,0
2.57615755,0,1
2.57665765,0,0
2.5771575,0,1
2.57765755,0,0
2.5781574,0,1
2.57865745,0,0
2.57915725,0,1
2.5796573,0,0
2.5801572,0,1
2.58065725,0,0
2.58115715,0,1
2.5816572,0,0
2.582157,0,1
2.5826571,0,0
2.58315695,0,1
2.583657,0,0
2.5841568,0,1
2.58465685,0,0
2.5851567,0,1
2.5856568,0,0
2.5861566,0,1
2.58665665,0,0
2.58715645,0,1
2.58765655,0,0
2.58815635,0,1
2.5886565,0,0
2.58915635,0,1
2.58965645,0,0
2.59015635,0,1
2.59065645,0,0
2.59115635,0,1
2.5916565,0,0
2.5921564,0,1
2.5926565,0,0
2.59315635,0,1
2.59365645,0,0
2.59415635,0,1
2.59465645,0,0
2.5951563,0,1
2.59565645,0,0
2.5961563,0,1
2.5966565,0,0
2.5971564,0,1
2.59765655,0,0
2.5981564,0,1
2.5986566,0,0
2.5991565,0,1
2.59965665,0,0
2.6001566,0,1
2.60065675,0,0
2.60115665,0,1
2.6016568,0,0
2.60215665,0,1
2.6026568,0,0
2.6031567,0,1
2.60365685,0,0
2.60415675,0,1
2.6046569,0,0
2.6051568,0,1
2.605657,0,0
2.6061569,0,1
2.606657,0,0
2.6071569,0,1
2.60765705,0,0
2.6081569,0,1
2.608657,0,0
2.6091569,0,1
2.609657,0,0
2.6101569,0,1
2.610657,0,0
2.6111569,0,1
2.611657,0,0
2.61215685,0,1
2.61265695,0,0
2.6131568,0,1
2.61365685,0,0
2.6141567,0,1
2.6146568,0,0
2.6151567,0,1
2.61565675,0,0
2.61615655,0,1
2.6166566,0,0
2.61715645,0,1
2.6176565,0,0
2.61815635,0,1
2.6186564,0,0
2.61915625,0,1
2.6196563,0,0
2.62015615,0,1
2.6206562,0,0
2.62115605,0,1
2.62165615,0,0
2.62215605,0,1
2.62265615,0,0
2.62315605,0,1
2.6236561,0,0
2.62415595,0,1
2.6246561,0,0
2.62515595,0,1
2.6256561,0,0
2.62615595,0,1
2.62665605,0,0
2.6271559,0,1
2.62765605,0,0
2.6281559,0,1
2.62865605,0,0
2.6291559,0,1
2.62965605,0,0
2.6301559,0,1
2.63065605,0,0
2.63115595,0,1
2.6316561,0,0
2.632156,0,1
2.63265615,0,0
2.63315605,0,1
2.63365625,0,0
2.6341561,0,1
2.6346562,0,0
2.6351561,0,1
2.6356562,0,0
2.6361561,0,1
2.6366562,0,0
2.6371561,0,1
2.6376562,0,0
2.63815605,0,1
2.63865615,0,0
2.639156,0,1
2.6396561,0,0
2.640156,0,1
2.6406561,0,0
2.64115595,0,1
2.64165605,0,0
2.6421559,0,1
2.642656,0,0
2.64315585,0,1
2.64365595,0,0
2.6441558,0,1
2.6446559,0,0
2.64515575,0,1
2.64565585,0,0
2.6461557,0,1
2.6466558,0,0
2.64715565,0,1
2.64765575,0,0
2.6481556,0,1
2.64865565,0,0
2.64915555,0,1
2.6496557,0,0
2.65015555,0,1
2.65065565,0,0
2.6511555,0,1
2.65165565,0,0
2.65215555,0,1
2.6526556,0,0
2.65315545,0,1
2.65365545,0,0
2.6541553,0,1
2.6546554,0,0
2.65515525,0,1
2.65565535,0,0
2.65615525,0,1
2.6566554,0,0
2.6571553,0,1
2.65765545,0,0
2.6581553,0,1
2.65865545,0,0
2.6591553,0,1
2.65965545,0,0
2.6601553,0,1
2.66065545,0,0
2.6611553,0,1
2.6616554,0,0
2.66215525,0,1
2.6626554,0,0
2.6631553,0,1
2.6636554,0,0
2.66415525,0,1
2.66465535,0,0
2.66515525,0,1
2.66565535,0,0
2.66615525,0,1
2.66665535,0,0
2.6671552,0,1
2.6676553,0,0
2.6681551,0,1
2.66865515,0,0
2.669155,0,1
2.6696551,0,0
2.67015495,0,1
2.67065505,0,0
2.67115485,0,1
2.6716549,0,0
2.6721547,0,1
2.67265485,0,0
2.67315475,0,1
2.67365485,0,0
2.67415475,0,1
2.6746549,0,0
2.6751548,0,1
2.6756549,0,0
2.6761548,0,1
2.67665495,0,0
2.67715485,0,1
2.677655,0,0
2.67815495,0,1
2.6786551,0,0
2.679155,0,1
2.67965515,0,0
2.68015505,0,1
2.6806552,0,0
2.68115505,0,1
2.68165515,0,0
2.682155,0,1
2.6826551,0,0
2.68315495,0,1
2.683655,0,0
2.6841548,0,1
2.6846549,0,0
2.68515475,0,1
2.6856548,0,0
2.6861546,0,1
2.68665465,0,0
2.6871545,0,1
2.6876546,0,0
2.68815445,0,1
2.68865455,0,0
2.68915435,0,1
2.6896544,0,0
2.69015425,0,1
2.69065435,0,0
2.69115425,0,1
2.6916543,0,0
2.69215415,0,1
2.69265425,0,0
2.69315405,0,1
2.69365415,0,0
2.694154,0,1
2.6946541,0,0
2.6951539,0,1
2.69565405,0,0
2.69615385,0,1
2.69665395,0,0
2.69715375,0,1
2.6976538,0,0
2.69815365,0,1
2.69865385,0,0
2.6991537,0,1
2.6996538,0,0
2.70015365,0,1
2.70065375,0,0
2.70115355,0,1
2.7016536,0,0
2.70215345,0,1
2.7026535,0,0
2.7031534,0,1
2.7036535,0,0
2.70415335,0,1
2.70465355,0,0
2.7051534,0,1
2.7056535,0,0
2.7061533,0,1
2.7066534,0,0
2.7071533,0,1
2.7076534,0,0
2.70815325,0,1
2.70865335,0,0
2.7091532,0,1
2.70965335,0,0
2.7101532,0,1
2.71065335,0,0
2.7111532,0,1
2.7116533,0,0
2.7121531,0,1
2.71265315,0,0
2.713153,0,1
2.7136531,0,0
2.7141529,0,1
2.714653,0,0
2.7151528,0,1
2.71565285,0,0
2.7161527,0,1
2.7166528,0,0
2.7171526,0,1
2.7176527,0,0
2.7181525,0,1
2.7186526,0,0
2.7191524,0,1
2.7196525,0,0
2.7201523,0,1
2.72065235,0,0
2.72115215,0,1
2.72165225,0,0
2.722152,0,1
2.7226521,0,0
2.7231519,0,1
2.72365195,0,0
2.72415175,0,1
2.72465175,0,0
2.72515155,0,1
2.7256517,0,0
2.7261515,0,1
2.72665155,0,0
2.7271514,0,1
2.72765145,0,0
2.72815125,0,1
2.72865135,0,0
2.7291512,0,1
2.72965125,0,0
2.7301511,0,1
2.7306512,0,0
2.73115105,0,1
2.7316511,0,0
2.73215095,0,1
2.73265105,0,0
2.7331509,0,1
2.73365095,0,0
2.7341508,0,1
2.73465095,0,0
2.7351508,0,1
2.73565095,0,0
2.73615085,0,1
2.736651,0,0
2.73715085,0,1
2.737651,0,0
2.7381509,0,1
2.73865105,0,0
2.73915095,0,1
2.73965115,0,0
2.74015105,0,1
2.74065115,0,0
2.741151,0,1
2.7416511,0,0
2.74215095,0,1
2.74265105,0,0
2.7431509,0,1
2.74365095,0,0
2.74415085,0,1
2.744651,0,0
2.7451509,0,1
2.745651,0,0
2.7461509,0,1
2.746651,0,0
2.7471509,0,1
2.74765105,0,0
2.7481509,0,1
2.74865105,0,0
2.74915095,0,1
2.74965105,0,0
2.75015095,0,1
2.7506511,0,0
2.751151,0,1
2.7516512,0,0
2.75215105,0,1
2.7526512,0,0
2.75315115,0,1
2.7536513,0,0
2.7541512,0,1
2.75465135,0,0
2.75515125,0,1
2.7556513,0,0
2.75615115,0,1
2.7566513,0,0
2.7571512,0,1
2.75765125,0,0
2.7581511,0,1
2.75865125,0,0
2.7591511,0,1
2.75965125,0,0
2.7601511,0,1
2.7606512,0,0
2.76115105,0,1
2.76165115,0,0
2.762151,0,1
2.7626511,0,0
2.76315095,0,1
2.763651,0,0
2.7641509,0,1
2.764651,0,0
2.76515085,0,1
2.76565095,0,0
2.7661508,0,1
2.7666509,0,0
2.76715075,0,1
2.7676509,0,0
2.76815075,0,1
2.76865085,0,0
2.7691507,0,1
2.7696508,0,0
2.7701507,0,1
2.77065085,0,0
2.77115075,0,1
2.77165085,0,0
2.7721507,0,1
2.77265075,0,0
2.77315065,0,1
2.77365075,0,0
2.7741506,0,1
2.77465075,0,0
2.7751506,0,1
2.77565075,0,0
2.7761506,0,1
2.77665065,0,0
2.7771505,0,1
2.7776506,0,0
2.77815045,0,1
2.77865055,0,0
2.7791504,0,1
2.77965055,0,0
2.78015045,0,1
2.78065055,0,0
2.78115045,0,1
2.78165055,0,0
2.7821504,0,1
2.78265055,0,0
2.7831504,0,1
2.78365055,0,0
2.78415045,0,1
2.7846506,0,0
2.78515045,0,1
2.78565055,0,0
2.78615045,0,1
2.7866506,0,0
2.7871505,0,1
2.78765065,0,0
2.7881506,0,1
2.78865075,0,0
2.7891506,0,1
2.7896507,0,0
2.79015055,0,1
2.79065075,0,0
2.7911507,0,1
2.79165085,0,0
2.7921508,0,1
2.7926509,0,0
2.79315075,0,1
2.7936509,0,0
2.79415085,0,1
2.794651,0,0
2.7951509,0,1
2.79565105,0,0
2.796151,0,1
2.79665115,0,0
2.79715105,0,1
2.79765125,0,0
2.7981512,0,1
2.79865135,0,0
2.7991513,0,1
2.79965145,0,0
2.80015135,0,1
2.80065155,0,0
2.80115145,0,1
2.80165165,0,0
2.80215155,0,1
2.8026517,0,0
2.8031516,0,1
2.80365175,0,0
2.80415165,0,1
2.80465175,0,0
2.80515165,0,1
2.8056518,0,0
2.8061517,0,1
2.8066518,0,0
2.80715165,0,1
2.8076518,0,0
2.8081517,0,1
2.8086518,0,0
2.8091517,0,1
2.8096518,0,0
2.8101517,0,1
2.81065185,0,0
2.81115175,0,1
2.8116519,0,0
2.81215175,0,1
2.8126519,0,0
2.8131518,0,1
2.8136519,0,0
2.81415175,0,1
2.81465185,0,0
2.81515175,0,1
2.8156519,0,0
2.8161518,0,1
2.8166519,0,0
2.8171518,0,1
2.81765185,0,0
2.81815175,0,1
2.8186519,0,0
2.8191518,0,1
2.8196519,0,0
2.8201518,0,1
2.8206519,0,0
2.8211518,0,1
2.82165195,0,0
2.8221518,0,1
2.8226519,0,0
2.82315175,0,1
2.8236519,0,0
2.8241517,0,1
2.8246518,0,0
2.82515165,0,1
2.82565175,0,0
2.8261516,0,1
2.8266517,0,0
2.82715155,0,1
2.8276517,0,0
2.82815155,0,1
2.82865165,0,0
2.8291515,0,1
2.82965165,0,0
2.8301515,0,1
2.83065165,0,0
2.83115155,0,1
2.8316517,0,0
2.8321516,0,1
2.8326517,0,0
2.8331516,0,1
2.8336517,0,0
2.8341516,0,1
2.8346518,0,0
2.83515165,0,1
2.83565175,0,0
2.8361517,0,1
2.83665185,0,0
2.83715175,0,1
2.83765195,0,0
2.83815185,0,1
2.83865195,0,0
2.83915185,0,1
2.83965195,0,0
2.84015185,0,1
2.84065195,0,0
2.8411518,0,1
2.84165195,0,0
2.84215185,0,1
2.84265195,0,0
2.84315185,0,1
2.843652,0,0
2.84415185,0,1
2.84465195,0,0
2.84515185,0,1
2.8456519,0,0
2.84615175,0,1
2.8466519,0,0
2.84715175,0,1
2.8476519,0,0
2.84815175,0,1
2.84865185,0,0
2.84915175,0,1
2.84965185,0,0
2.85015165,0,1
2.8506518,0,0
2.8511517,0,1
2.8516518,0,0
2.8521516,0,1
2.85265175,0,0
2.85315155,0,1
2.8536517,0,0
2.85415155,0,1
2.8546517,0,0
2.85515155,0,1
2.8556517,0,0
2.85615155,0,1
2.85665165,0,0
2.8571515,0,1
2.85765165,0,0
2.85815155,0,1
2.8586517,0,0
2.8591516,0,1
2.85965175,0,0
2.86015165,0,1
2.8606518,0,0
2.8611517,0,1
2.86165185,0,0
2.86215175,0,1
2.86265185,0,0
2.86315175,0,1
2.86365185,0,0
2.86415175,0,1
2.8646519,0,0
2.86515175,0,1
2.8656519,0,0
2.86615175,0,1
2.8666519,0,0
2.8671518,0,1
2.8676519,0,0
2.8681518,0,1
2.86865195,0,0
2.86915185,0,1
2.869652,0,0
2.8701519,0,1
2.870652,0,0
2.8711519,0,1
2.871652,0,0
2.87215195,0,1
2.8726521,0,0
2.873152,0,1
2.87365215,0,0
2.87415205,0,1
2.87465215,0,0
2.875152,0,1
2.8756521,0,0
2.87615195,0,1
2.8766521,0,0
2.87715195,0,1
2.87765205,0,0
2.8781519,0,1
2.87865205,0,0
2.8791519,0,1
2.87965195,0,0
2.8801518,0,1
2.8806519,0,0
2.8811518,0,1
2.8816519,0,0
2.8821517,0,1
2.88265185,0,0
2.8831517,0,1
2.8836518,0,0
2.88415165,0,1
2.88465175,0,0
2.8851516,0,1
2.88565175,0,0
2.8861516,0,1
2.8866517,0,0
2.88715155,0,1
2.88765165,0,0
2.88815145,0,1
2.88865155,0,0
2.8891514,0,1
2.88965155,0,0
2.8901514,0,1
2.89065155,0,0
2.89115145,0,1
2.8916516,0,0
2.8921515,0,1
2.89265165,0,0
2.8931515,0,1
2.8936516,0,0
2.89415145,0,1
2.89465155,0,0
2.89515135,0,1
2.89565145,0,0
2.89615135,0,1
2.8966515,0,0
2.8971514,0,1
2.8976515,0,0
2.8981514,0,1
2.8986515,0,0
2.89915135,0,1
2.8996515,0,0
2.9001514,0,1
2.9006515,0,0
2.9011514,0,1
2.9016515,0,0
2.9021514,0,1
2.9026515,0,0
2.90315145,0,1
2.9036516,0,0
2.9041515,0,1
2.9046517,0,0
2.9051516,0,1
2.90565175,0,0
2.90615165,0,1
2.9066518,0,0
2.9071517,0,1
2.90765185,0,0
2.90815175,0,1
2.9086519,0,0
2.90915175,0,1
2.9096519,0,0
2.9101518,0,1
2.9106519,0,0
2.91115185,0,1
2.91165195,0,0
2.9121519,0,1
2.91265205,0,0
2.91315195,0,1
2.91365215,0,0
2.91415205,0,1
2.9146522,0,0
2.91515205,0,1
2.9156522,0,0
2.9161521,0,1
2.91665225,0,0
2.9171522,0,1
2.91765235,0,0
2.9181523,0,1
2.91865245,0,0
2.9191524,0,1
2.9196526,0,0
2.92015255,0,1
2.9206527,0,0
2.9211526,0,1
2.9216527,0,0
2.9221526,0,1
2.9226527,0,0
2.92315255,0,1
2.9236527,0,0
2.9241525,0,1
2.92465265,0,0
2.9251525,0,1
2.92565265,0,0
2.9261525,0,1
2.92665255,0,0
2.9271524,0,1
2.9276525,0,0
2.92815235,0,1
2.9286525,0,0
2.92915245,0,1
2.9296526,0,0
2.9301525,0,1
2.93065265,0,0
2.93115255,0,1
2.9316526,0,0
2.93215245,0,1
2.93265255,0,0
2.93315245,0,1
2.93365255,0,0
2.9341524,0,1
2.9346525,0,0
2.93515235,0,1
2.9356524,0,0
2.93615225,0,1
2.9366523,0,0
2.9371521,0,1
2.93765215,0,0
2.938152,0,1
2.9386521,0,0
2.9391519,0,1
2.939652,0,0
2.9401518,0,1
2.94065195,0,0
2.9411518,0,1
2.94165195,0,0
2.9421518,0,1
2.9426519,0,0
2.9431518,0,1
2.94365185,0,0
2.9441517,0,1
2.94465175,0,0
2.94515155,0,1
2.9456516,0,0
2.94615145,0,1
2.94665155,0,0
2.9471514,0,1
2.94765145,0,0
2.94815125,0,1
2.94865135,0,0
2.9491512,0,1
2.94965125,0,0
2.9501511,0,1
2.9506512,0,0
2.95115105,0,1
2.95165115,0,0
2.952151,0,1
2.9526511,0,0
2.953151,0,1
2.9536511,0,0
2.95415095,0,1
2.95465105,0,0
2.9551509,0,1
2.955651,0,0
2.95615085,0,1
2.95665095,0,0
2.95715075,0,1
2.9576508,0,0
2.95815065,0,1
2.95865075,0,0
2.95915055,0,1
2.9596506,0,0
2.9601504,0,1
2.96065055,0,0
2.96115045,0,1
2.9616506,0,0
2.9621505,0,1
2.9626506,0,0
2.96315045,0,1
2.9636506,0,0
2.96415045,0,1
2.96465055,0,0
2.9651504,0,1
2.9656505,0,0
2.9661503,0,1
2.96665035,0,0
2.9671501,0,1
2.9676502,0,0
2.96815005,0,1
2.9686502,0,0
2.96915005,0,1
2.9696501,0,0
2.97014995,0,1
2.97065005,0,0
2.9711499,0,1
2.97165,0,0
2.9721499,0,1
2.97265005,0,0
2.97314985,0,1
2.97365,0,0
2.97414985,0,1
2.97465,0,0
2.97514985,0,1
2.97564995,0,0
2.97614985,0,1
2.97664995,0,0
2.9771498,0,1
2.9776499,0,0
2.9781498,0,1
2.9786499,0,0
2.97914975,0,1
2.97964985,0,0
2.9801497,0,1
2.98064975,0,0
2.98114965,0,1
2.9816498,0,0
2.98214965,0,1
2.98264975,0,0
2.98314965,0,1
2.98364975,0,0
2.98414965,0,1
2.98464975,0,0
2.9851496,0,1
2.98564965,0,0
2.9861495,0,1
2.9866496,0,0
2.9871495,0,1
2.9876496,0,0
2.98814945,0,1
2.98864955,0,0
2.9891494,0,1
2.9896495,0,0
2.99014935,0,1
2.9906494,0,0
2.9911492,0,1
2.9916493,0,0
2.99214915,0,1
2.99264925,0,0
2.9931491,0,1
2.99364915,0,0
2.99414905,0,1
2.9946492,0,0
2.99514905,0,1
2.9956492,0,0
2.9961491,0,1
2.99664925,0,0
2.99714915,0,1
2.99764925,0,0
2.99814915,0,1
2.99864925,0,0
2.9991491,0,1
2.99964925,0,0
3.0001491,0,1
3.00064925,0,0
3.0011491,0,1
3.00164925,0,0
3.0021491,0,1
3.00264925,0,0
3.00314915,0,1
3.00364925,0,0
3.0041491,0,1
3.0046492,0,0
3.0051491,0,1
3.00564925,0,0
3.00614915,0,1
3.00664925,0,0
3.00714915,0,1
3.0076493,0,0
3.0081492,0,1
3.0086494,0,0
3.0091493,0,1
3.00964945,0,0
3.01014935,0,1
3.0106495,0,0
3.0111494,0,1
3.01164945,0,0
3.01214935,0,1
3.0126494,0,0
3.0131493,0,1
3.01364935,0,0
3.0141492,0,1
3.01464935,0,0
3.01514915,0,1
3.01564925,0,0
3.01614915,0,1
3.01664935,0,0
3.01714925,0,1
3.0176494,0,0
3.01814925,0,1
3.0186494,0,0
3.0191493,0,1
3.0196494,0,0
3.02014935,0,1
3.02064955,0,0
3.0211494,0,1
3.0216495,0,0
3.02214935,0,1
3.0226495,0,0
3.02314935,0,1
3.02364945,0,0
3.0241493,0,1
3.0246494,0,0
3.02514925,0,1
3.0256494,0,0
3.0261492,0,1
3.02664925,0,0
3.0271491,0,1
3.02764915,0,0
3.028149,0,1
3.02864915,0,0
3.029149,0,1
3.02964915,0,0
3.03014905,0,1
3.0306492,0,0
3.0311491,0,1
3.0316492,0,0
3.0321491,0,1
3.0326492,0,0
3.03314915,0,1
3.03364925,0,0
3.0341491,0,1
3.03464925,0,0
3.0351491,0,1
3.0356492,0,0
3.036149,0,1
3.0366491,0,0
3.0371489,0,1
3.03764905,0,0
3.03814885,0,1
3.03864885,0,0
3.03914865,0,1
3.0396487,0,0
3.04014865,0,1
3.04064875,0,0
3.04114855,0,1
3.04164865,0,0
3.04214845,0,1
3.0426485,0,0
3.04314835,0,1
3.04364835,0,0
3.0441482,0,1
3.04464825,0,0
3.0451481,0,1
3.0456482,0,0
3.04614805,0,1
3.04664815,0,0
3.04714795,0,1
3.04764805,0,0
3.04814795,0,1
3.04864805,0,0
3.049148,0,1
3.04964815,0,0
3.050148,0,1
3.0506481,0,0
3.051148,0,1
3.05164815,0,0
3.05214805,0,1
3.05264815,0,0
3.05314805,0,1
3.0536482,0,0
3.05414805,0,1
3.0546482,0,0
3.05514815,0,1
3.05564825,0,0
3.0561481,0,1
3.0566482,0,0
3.05714805,0,1
3.0576482,0,0
3.05814805,0,1
3.05864815,0,0
3.059148,0,1
3.0596481,0,0
3.060148,0,1
3.06064805,0,0
3.0611479,0,1
3.06164805,0,0
3.06214795,0,1
3.06264805,0,0
3.0631479,0,1
3.063648,0,0
3.06414785,0,1
3.06464795,0,0
3.06514785,0,1
3.065648,0,0
3.06614785,0,1
3.06664795,0,0
3.0671478,0,1
3.06764795,0,0
3.06814785,0,1
3.068648,0,0
3.0691479,0,1
3.069648,0,0
3.07014785,0,1
3.07064795,0,0
3.0711478,0,1
3.0716479,0,0
3.07214775,0,1
3.07264785,0,0
3.0731477,0,1
3.07364775,0,0
3.0741476,0,1
3.07464765,0,0
3.07514745,0,1
3.0756475,0,0
3.0761473,0,1
3.0766473,0,0
3.07714715,0,1
3.07764725,0,0
3.07814705,0,1
3.07864715,0,0
3.079147,0,1
3.0796471,0,0
3.08014695,0,1
3.08064705,0,0
3.0811469,0,1
3.08164705,0,0
3.0821469,0,1
3.082647,0,0
3.0831468,0,1
3.0836469,0,0
3.08414675,0,1
3.0846468,0,0
3.08514665,0,1
3.0856467,0,0
3.08614655,0,1
3.08664655,0,0
3.0871464,0,1
3.0876464,0,0
3.08814625,0,1
3.08864625,0,0
3.0891461,0,1
3.08964615,0,0
3.090146,0,1
3.0906461,0,0
3.0911459,0,1
3.091646,0,0
3.09214585,0,1
3.092646,0,0
3.09314585,0,1
3.09364595,0,0
3.0941458,0,1
3.09464595,0,0
3.0951458,0,1
3.09564585,0,0
3.0961457,0,1
3.09664575,0,0
3.0971456,0,1
3.09764565,0,0
3.09814545,0,1
3.0986455,0,0
3.0991453,0,1
3.0996454,0,0
3.1001452,0,1
3.10064535,0,0
3.1011452,0,1
3.10164525,0,0
3.1021451,0,1
3.1026452,0,0
3.103145,0,1
3.1036451,0,0
3.10414495,0,1
3.104645,0,0
3.10514485,0,1
3.10564495,0,0
3.1061448,0,1
3.1066449,0,0
3.1071447,0,1
3.10764475,0,0
3.10814455,0,1
3.1086446,0,0
3.1091444,0,1
3.1096445,0,0
3.11014435,0,1
3.11064445,0,0
3.11114425,0,1
3.11164435,0,0
3.1121442,0,1
3.1126443,0,0
3.11314415,0,1
3.11364425,0,0
3.1141441,0,1
3.11464425,0,0
3.1151441,0,1
3.11564425,0,0
3.11614415,0,1
3.1166443,0,0
3.1171442,0,1
3.1176443,0,0
3.1181442,0,1
3.1186443,0,0
3.11914415,0,1
3.11964425,0,0
3.12014415,0,1
3.12064425,0,0
3.1211441,0,1
3.12164415,0,0
3.122144,0,1
3.1226441,0,0
3.1231439,0,1
3.123644,0,0
3.1241438,0,1
3.1246439,0,0
3.12514375,0,1
3.1256438,0,0
3.12614365,0,1
3.1266438,0,0
3.12714365,0,1
3.1276438,0,0
3.12814365,0,1
3.12864375,0,0
3.1291436,0,1
3.1296438,0,0
3.13014375,0,1
3.1306439,0,0
3.1311438,0,1
3.13164395,0,0
3.13214385,0,1
3.132644,0,0
3.1331439,0,1
3.13364405,0,0
3.13414395,0,1
3.1346441,0,0
3.13514405,0,1
3.1356442,0,0
3.13614415,0,1
3.13664435,0,0
3.1371443,0,1
3.13764445,0,0
3.13814435,0,1
3.1386445,0,0
3.1391444,0,1
3.1396446,0,0
3.1401445,0,1
3.14064465,0,0
3.1411446,0,1
3.14164475,0,0
3.1421446,0,1
3.14264475,0,0
3.14314465,0,1
3.14364475,0,0
3.14414465,0,1
3.14464475,0,0
3.1451446,0,1
3.14564475,0,0
3.1461446,0,1
3.1466448,0,0
3.1471447,0,1
3.14764485,0,0
3.14814475,0,1
3.1486449,0,0
3.1491448,0,1
3.149645,0,0
3.15014495,0,1
3.1506451,0,0
3.151145,0,1
3.1516452,0,0
3.15214505,0,1
3.1526452,0,0
3.15314505,0,1
3.15364515,0,0
3.154145,0,1
3.15464515,0,0
3.15514505,0,1
3.15564515,0,0
3.15614505,0,1
3.15664515,0,0
3.157145,0,1
3.15764505,0,0
3.1581449,0,1
3.158645,0,0
3.1591448,0,1
3.1596449,0,0
3.16014475,0,1
3.16064485,0,0
3.1611447,0,1
3.1616448,0,0
3.1621446,0,1
3.1626447,0,0
3.16314455,0,1
3.1636446,0,0
3.1641444,0,1
3.16464445,0,0
3.1651443,0,1
3.1656444,0,0
3.1661442,0,1
3.1666443,0,0
3.1671441,0,1
3.1676442,0,0
3.168144,0,1
3.16864415,0,0
3.16914405,0,1
3.16964415,0,0
3.17014395,0,1
3.17064405,0,0
3.1711439,0,1
3.171644,0,0
3.1721438,0,1
3.1726439,0,0
3.1731437,0,1
3.17364375,0,0
3.17414365,0,1
3.17464375,0,0
3.17514355,0,1
3.1756437,0,0
3.1761436,0,1
3.1766437,0,0
3.1771436,0,1
3.17764375,0,0
3.17814365,0,1
3.17864375,0,0
3.17914365,0,1
3.17964375,0,0
3.18014365,0,1
3.18064375,0,0
3.1811436,0,1
3.18164375,0,0
3.18214365,0,1
3.18264375,0,0
3.1831436,0,1
3.1836437,0,0
3.1841436,0,1
3.1846437,0,0
3.1851436,0,1
3.18564375,0,0
3.1861436,0,1
3.18664375,0,0
3.18714365,0,1
3.1876438,0,0
3.18814365,0,1
3.1886438,0,0
3.18914365,0,1
3.18964375,0,0
3.1901436,0,1
3.1906437,0,0
3.19114355,0,1
3.1916437,0,0
3.1921436,0,1
3.19264375,0,0
3.19314365,0,1
3.1936438,0,0
3.19414365,0,1
3.19464375,0,0
3.1951436,0,1
3.1956437,0,0
3.19614355,0,1
3.19664365,0,0
3.19714355,0,1
3.19764365,0,0
3.19814355,0,1
3.1986437,0,0
3.1991436,0,1
3.1996437,0,0
3.2001436,0,1
3.20064375,0,0
3.20114355,0,1
3.20164365,0,0
3.2021435,0,1
3.2026435,0,0
3.20314335,0,1
3.20364345,0,0
3.2041433,0,1
3.2046434,0,0
3.2051433,0,1
3.2056434,0,0
3.20614325,0,1
3.20664335,0,0
3.20714325,0,1
3.2076434,0,0
3.2081433,0,1
3.2086434,0,0
3.2091433,0,1
3.2096434,0,0
3.2101433,0,1
3.2106434,0,0
3.21114325,0,1
3.2116434,0,0
3.2121432,0,1
3.2126433,0,0
3.21314315,0,1
3.2136432,0,0
3.214143,0,1
3.2146431,0,0
3.21514295,0,1
3.215643,0,0
3.21614285,0,1
3.21664295,0,0
3.21714275,0,1
3.2176428,0,0
3.21814265,0,1
3.21864275,0,0
3.2191426,0,1
3.2196427,0,0
3.22014255,0,1
3.2206426,0,0
3.22114245,0,1
3.22164255,0,0
3.2221424,0,1
3.2226425,0,0
3.2231424,0,1
3.22364245,0,0
3.22414225,0,1
3.22464235,0,0
3.2251422,0,1
3.22564235,0,0
3.22614215,0,1
3.2266423,0,0
3.22714215,0,1
3.2276422,0,0
3.2281421,0,1
3.2286422,0,0
3.22914205,0,1
3.22964215,0,0
3.230142,0,1
3.23064205,0,0
3.2311419,0,1
3.231642,0,0
3.2321418,0,1
3.2326419,0,0
3.23314175,0,1
3.2336418,0,0
3.23414165,0,1
3.2346417,0,0
3.2351415,0,1
3.23564155,0,0
3.23614135,0,1
3.2366414,0,0
3.2371412,0,1
3.23764125,0,0
3.23814115,0,1
3.2386412,0,0
3.2391411,0,1
3.2396412,0,0
3.2401411,0,1
3.24064115,0,0
3.241141,0,1
3.24164105,0,0
3.24214085,0,1
3.24264095,0,0
3.24314075,0,1
3.24364085,0,0
3.2441406,0,1
3.24464065,0,0
3.24514045,0,1
3.24564055,0,0
3.24614035,0,1
3.24664045,0,0
3.24714025,0,1
3.24764035,0,0
3.24814015,0,1
3.2486402,0,0
3.24914005,0,1
3.2496401,0,0
3.25013995,0,1
3.25064005,0,0
3.25113985,0,1
3.25163995,0,0
3.2521398,0,1
3.25263985,0,0
3.25313965,0,1
3.2536397,0,0
3.25413955,0,1
3.2546396,0,0
3.2551394,0,1
3.2556395,0,0
3.2561393,0,1
3.2566393,0,0
3.2571391,0,1
3.25763915,0,0
3.258139,0,1
3.25863915,0,0
3.25913895,0,1
3.25963905,0,0
3.26013885,0,1
3.26063895,0,0
3.26113875,0,1
3.26163885,0,0
3.2621387,0,1
3.26263875,0,0
3.2631386,0,1
3.2636387,0,0
3.26413855,0,1
3.2646387,0,0
3.26513855,0,1
3.26563865,0,0
3.2661385,0,1
3.2666386,0,0
3.26713845,0,1
3.26763855,0,0
3.2681384,0,1
3.2686385,0,0
3.2691383,0,1
3.2696384,0,0
3.2701382,0,1
3.27063825,0,0
3.2711381,0,1
3.27163815,0,0
3.27213795,0,1
3.27263805,0,0
3.2731379,0,1
3.27363795,0,0
3.27413785,0,1
3.274638,0,0
3.27513785,0,1
3.275638,0,0
3.27613785,0,1
3.27663795,0,0
3.2771378,0,1
3.27763785,0,0
3.2781377,0,1
3.2786378,0,0
3.27913765,0,1
3.27963775,0,0
3.28013765,0,1
3.2806378,0,0
3.2811377,0,1
3.28163785,0,0
3.2821377,0,1
3.28263785,0,0
3.28313775,0,1
3.28363785,0,0
3.2841377,0,1
3.2846378,0,0
3.28513765,0,1
3.2856377,0,0
3.28613755,0,1
3.28663765,0,0
3.2871375,0,1
3.28763765,0,0
3.2881375,0,1
3.28863765,0,0
3.28913745,0,1
3.28963755,0,0
3.2901374,0,1
3.2906375,0,0
3.29113735,0,1
3.29163735,0,0
3.29213715,0,1
3.29263725,0,0
3.2931371,0,1
3.2936372,0,0
3.294137,0,1
3.2946371,0,0
3.295137,0,1
3.29563715,0,0
3.296137,0,1
3.2966371,0,0
3.297137,0,1
3.29763715,0,0
3.29813705,0,1
3.2986372,0,0
3.2991371,0,1
3.29963725,0,0
3.3001372,0,1
3.30063735,0,0
3.30113725,0,1
3.30163735,0,0
3.3021372,0,1
3.30263735,0,0
3.3031373,0,1
3.30363745,0,0
3.30413735,0,1
3.3046375,0,0
3.3051374,0,1
3.30563755,0,0
3.30613745,0,1
3.3066377,0,0
3.3071376,0,1
3.30763775,0,0
3.30813765,0,1
3.3086378,0,0
3.3091377,0,1
3.30963785,0,0
3.31013775,0,1
3.3106378,0,0
3.3111377,0,1
3.31163785,0,0
3.31213775,0,1
3.3126379,0,0
3.31313775,0,1
3.3136379,0,0
3.3141378,0,1
3.3146379,0,0
3.31513775,0,1
3.3156379,0,0
3.31613775,0,1
3.3166379,0,0
3.31713775,0,1
3.3176378,0,0
3.31813765,0,1
3.31863775,0,0
3.3191376,0,1
3.31963775,0,0
3.32013765,0,1
3.32063775,0,0
3.3211376,0,1
3.3216377,0,0
3.32213755,0,1
3.3226377,0,0
3.3231376,0,1
3.3236377,0,0
3.32413755,0,1
3.32463765,0,0
3.32513755,0,1
3.3256376,0,0
3.3261375,0,1
3.3266376,0,0
3.32713745,0,1
3.3276376,0,0
3.32813745,0,1
3.3286375,0,0
3.3291374,0,1
3.3296376,0,0
3.33013745,0,1
3.3306376,0,0
3.3311375,0,1
3.3316376,0,0
3.3321375,0,1
3.3326376,0,0
3.33313745,0,1
3.33363755,0,0
3.3341374,0,1
3.3346375,0,0
3.3351374,0,1
3.33563755,0,0
3.3361374,0,1
3.33663755,0,0
3.3371374,0,1
3.33763755,0,0
3.3381374,0,1
3.3386375,0,0
3.3391374,0,1
3.3396375,0,0
3.3401374,0,1
3.3406376,0,0
3.3411375,0,1
3.34163765,0,0
3.34213755,0,1
3.34263775,0,0
3.3431377,0,1
3.34363795,0,0
3.3441379,0,1
3.34463815,0,0
3.3451381,0,1
3.34563825,0,0
3.34613815,0,1
3.34663835,0,0
3.34713825,0,1
3.34763845,0,0
3.34813835,0,1
3.34863855,0,0
3.34913845,0,1
3.3496386,0,0
3.3501385,0,1
3.35063865,0,0
3.3511385,0,1
3.3516386,0,0
3.35213845,0,1
3.3526386,0,0
3.35313855,0,1
3.35363865,0,0
3.35413855,0,1
3.35463865,0,0
3.35513855,0,1
3.35563875,0,0
3.35613865,0,1
3.35663885,0,0
3.35713875,0,1
3.3576389,0,0
3.3581388,0,1
3.35863895,0,0
3.35913885,0,1
3.35963905,0,0
3.36013895,0,1
3.3606391,0,0
3.36113905,0,1
3.36163925,0,0
3.3621392,0,1
3.36263935,0,0
3.3631393,0,1
3.36363945,0,0
3.36413935,0,1
3.3646395,0,0
3.3651394,0,1
3.3656395,0,0
3.3661394,0,1
3.36663955,0,0
3.36713945,0,1
3.3676396,0,0
3.36813955,0,1
3.3686397,0,0
3.36913965,0,1
3.36963975,0,0
3.3701397,0,1
3.3706398,0,0
3.3711396,0,1
3.37163975,0,0
3.37213965,0,1
3.3726398,0,0
3.3731397,0,1
3.37363985,0,0
3.37413975,0,1
3.37463985,0,0
3.3751398,0,1
3.37563995,0,0
3.37613985,0,1
3.37664,0,0
3.3771399,0,1
3.37764005,0,0
3.3781399,0,1
3.37863995,0,0
3.3791398,0,1
3.3796399,0,0
3.3801398,0,1
3.38063995,0,0
3.3811398,0,1
3.3816399,0,0
3.3821398,0,1
3.38263995,0,0
3.38313985,0,1
3.38363995,0,0
3.38413985,0,1
3.38463995,0,0
3.38513985,0,1
3.38564,0,0
3.38613985,0,1
3.38663995,0,0
3.38713985,0,1
3.38763995,0,0
3.38813985,0,1
3.38863995,0,0
3.3891398,0,1
3.38963995,0,0
3.3901398,0,1
3.39063995,0,0
3.3911398,0,1
3.39163995,0,0
3.39213985,0,1
3.39263995,0,0
3.39313985,0,1
3.39363995,0,0
3.3941398,0,1
3.39463995,0,0
3.3951398,0,1
3.39563995,0,0
3.39613985,0,1
3.39663995,0,0
3.39713985,0,1
3.39764,0,0
3.39813995,0,1
3.3986401,0,0
3.39914,0,1
3.3996401,0,0
3.40014,0,1
3.40064015,0,0
3.40114005,0,1
3.40164015,0,0
3.40214005,0,1
3.40264025,0,0
3.4031401,0,1
3.40364025,0,0
3.4041401,0,1
3.40464025,0,0
3.40514015,0,1
3.4056403,0,0
3.40614015,0,1
3.4066403,0,0
3.40714015,0,1
3.40764025,0,0
3.40814015,0,1
3.4086403,0,0
3.4091402,0,1
3.4096403,0,0
3.41014025,0,1
3.4106404,0,0
3.4111403,0,1
3.41164045,0,0
3.41214035,0,1
3.41264045,0,0
3.41314035,0,1
3.4136405,0,0
3.41414035,0,1
3.41464045,0,0
3.4151403,0,1
3.41564045,0,0
3.41614035,0,1
3.41664055,0,0
3.41714045,0,1
3.4176406,0,0
3.4181405,0,1
3.41864065,0,0
3.4191405,0,1
3.41964065,0,0
3.42014055,0,1
3.4206407,0,0
3.4211406,0,1
3.42164075,0,0
3.42214065,0,1
3.42264075,0,0
3.42314065,0,1
3.4236408,0,0
3.4241407,0,1
3.4246408,0,0
3.4251407,0,1
3.42564085,0,0
3.4261408,0,1
3.42664095,0,0
3.42714085,0,1
3.427641,0,0
3.4281409,0,1
3.42864105,0,0
3.4291409,0,1
3.42964105,0,0
3.4301409,0,1
3.43064105,0,0
3.43114095,0,1
3.43164115,0,0
3.43214105,0,1
3.4326412,0,0
3.4331411,0,1
3.4336412,0,0
3.43414115,0,1
3.4346413,0,0
3.4351412,0,1
3.43564135,0,0
3.43614125,0,1
3.4366414,0,0
3.43714135,0,1
3.4376415,0,0
3.43814145,0,1
3.43864165,0,0
3.4391416,0,1
3.43964175,0,0
3.4401417,0,1
3.44064185,0,0
3.4411418,0,1
3.4416419,0,0
3.4421418,0,1
3.44264195,0,0
3.44314185,0,1
3.44364195,0,0
3.44414185,0,1
3.444642,0,0
3.44514195,0,1
3.4456421,0,0
3.44614195,0,1
3.4466421,0,0
3.447142,0,1
3.44764215,0,0
3.44814205,0,1
3.4486422,0,0
3.4491421,0,1
3.4496422,0,0
3.4501421,0,1
3.45064225,0,0
3.4511421,0,1
3.45164225,0,0
3.4521422,0,1
3.45264235,0,0
3.45314225,0,1
3.4536424,0,0
3.4541423,0,1
3.45464245,0,0
3.4551424,0,1
3.4556426,0,0
3.4561425,0,1
3.4566426,0,0
3.45714255,0,1
3.4576427,0,0
3.4581426,0,1
3.45864275,0,0
3.4591427,0,1
3.45964285,0,0
3.4601428,0,1
3.460643,0,0
3.4611429,0,1
3.46164305,0,0
3.46214295,0,1
3.46264305,0,0
3.46314295,0,1
3.46364305,0,0
3.46414295,0,1
3.4646431,0,0
3.46514295,0,1
3.46564305,0,0
3.466143,0,1
3.4666431,0,0
3.467143,0,1
3.46764315,0,0
3.468143,0,1
3.46864315,0,0
3.469143,0,1
3.46964315,0,0
3.47014305,0,1
3.4706432,0,0
3.4711431,0,1
3.4716432,0,0
3.4721431,0,1
3.47264325,0,0
3.4731431,0,1
3.47364325,0,0
3.47414305,0,1
3.47464315,0,0
3.47514305,0,1
3.4756432,0,0
3.47614315,0,1
3.4766433,0,0
3.47714315,0,1
3.47764325,0,0
3.47814315,0,1
3.4786433,0,0
3.4791432,0,1
3.4796433,0,0
3.4801432,0,1
3.4806433,0,0
3.4811432,0,1
3.48164335,0,0
3.48214325,0,1
3.4826434,0,0
3.48314335,0,1
3.48364345,0,0
3.48414335,0,1
3.48464355,0,0
3.48514345,0,1
3.48564365,0,0
3.48614355,0,1
3.48664375,0,0
3.48714365,0,1
3.48764385,0,0
3.4881438,0,1
3.48864395,0,0
3.4891439,0,1
3.4896441,0,0
3.4901441,0,1
3.4906443,0,0
3.4911443,0,1
3.49164455,0,0
3.4921445,0,1
3.49264475,0,0
3.4931447,0,1
3.49364495,0,0
3.4941449,0,1
3.4946451,0,0
3.4951451,0,1
3.49564535,0,0
3.4961453,0,1
3.4966455,0,0
3.49714545,0,1
3.4976456,0,0
3.4981456,0,1
3.4986458,0,0
3.4991458,0,1
3.499646,0,0
3.50014605,0,1
3.50064625,0,0
3.5011462,0,1
3.50164635,0,0
3.50214625,0,1
3.5026464,0,0
3.5031463,0,1
3.50364645,0,0
3.50414635,0,1
3.5046465,0,0
3.5051464,0,1
3.50564655,0,0
3.5061465,0,1
3.5066467,0,0
3.5071466,0,1
3.50764665,0,0
3.50814655,0,1
3.50864665,0,0
3.5091466,0,1
3.50964675,0,0
3.51014665,0,1
3.5106468,0,0
3.5111467,0,1
3.51164685,0,0
3.5121468,0,1
3.512647,0,0
3.513147,0,1
3.5136472,0,0
3.5141471,0,1
3.5146473,0,0
3.5151472,0,1
3.5156474,0,0
3.5161473,0,1
3.51664745,0,0
3.51714735,0,1
3.51764755,0,0
3.51814745,0,1
3.51864765,0,0
3.5191476,0,1
3.5196478,0,0
3.5201477,0,1
3.52064785,0,0
3.5211478,0,1
3.52164795,0,0
3.52214785,0,1
3.522648,0,0
3.5231479,0,1
3.52364805,0,0
3.524148,0,1
3.5246482,0,0
3.5251482,0,1
3.5256484,0,0
3.52614835,0,1
3.5266485,0,0
3.52714845,0,1
3.52764865,0,0
3.5281486,0,1
3.52864875,0,0
3.5291487,0,1
3.5296489,0,0
3.5301488,0,1
3.530649,0,0
3.53114895,0,1
3.53164915,0,0
3.5321491,0,1
3.53264925,0,0
3.53314915,0,1
3.53364935,0,0
3.5341492,0,1
3.53464925,0,0
3.5351491,0,1
3.53564925,0,0
3.5361491,0,1
3.53664925,0,0
3.53714915,0,1
3.53764935,0,0
3.53814925,0,1
3.5386494,0,0
3.5391493,0,1
3.53964945,0,0
3.54014935,0,1
3.54064945,0,0
3.5411493,0,1
3.5416495,0,0
3.54214945,0,1
3.5426496,0,0
3.54314955,0,1
3.54364965,0,0
3.54414955,0,1
3.5446497,0,0
3.54514965,0,1
3.5456498,0,0
3.54614975,0,1
3.5466499,0,0
3.5471498,0,1
3.54764995,0,0
3.54814985,0,1
3.54865,0,0
3.5491499,0,1
3.54965005,0,0
3.55014995,0,1
3.5506501,0,0
3.55114995,0,1
3.55165005,0,0
3.55214995,0,1
3.5526501,0,0
3.55315,0,1
3.5536501,0,0
3.55415,0,1
3.5546501,0,0
3.55515,0,1
3.55565015,0,0
3.55615005,0,1
3.5566502,0,0
3.5571501,0,1
3.5576502,0,0
3.5581501,0,1
3.55865025,0,0
3.5591501,0,1
3.55965025,0,0
3.5601502,0,1
3.56065035,0,0
3.5611502,0,1
3.56165035,0,0
3.56215025,0,1
3.5626504,0,0
3.5631503,0,1
3.56365045,0,0
3.56415035,0,1
3.56465045,0,0
3.56515035,0,1
3.56565045,0,0
3.56615035,0,1
3.56665045,0,0
3.56715035,0,1
3.56765055,0,0
3.56815045,0,1
3.5686506,0,0
3.5691505,0,1
3.56965065,0,0
3.57015055,0,1
3.5706507,0,0
3.5711506,0,1
3.57165075,0,0
3.5721506,0,1
3.57265075,0,0
3.5731506,0,1
3.5736507,0,0
3.5741506,0,1
3.5746507,0,0
3.57515055,0,1
3.57565065,0,0
3.57615055,0,1
3.57665065,0,0
3.5771505,0,1
3.5776506,0,0
3.5781505,0,1
3.57865065,0,0
3.5791505,0,1
3.57965065,0,0
3.58015055,0,1
3.5806507,0,0
3.58115055,0,1
3.5816507,0,0
3.58215055,0,1
3.58265065,0,0
3.5831505,0,1
3.5836506,0,0
3.58415045,0,1
3.5846506,0,0
3.58515045,0,1
3.5856506,0,0
3.58615045,0,1
3.5866506,0,0
3.58715045,0,1
3.58765055,0,0
3.5881504,0,1
3.58865055,0,0
3.58915045,0,1
3.5896506,0,0
3.5901505,0,1
3.59065065,0,0
3.59115055,0,1
3.5916507,0,0
3.59215055,0,1
3.5926507,0,0
3.5931506,0,1
3.59365075,0,0
3.59415065,0,1
3.59465075,0,0
3.59515065,0,1
3.59565075,0,0
3.5961506,0,1
3.59665075,0,0
3.5971506,0,1
3.5976507,0,0
3.5981505,0,1
3.5986506,0,0
3.59915045,0,1
3.59965055,0,0
3.6001504,0,1
3.60065055,0,0
3.60115045,0,1
3.6016505,0,0
3.60215035,0,1
3.6026505,0,0
3.6031504,0,1
3.60365055,0,0
3.60415045,0,1
3.6046506,0,0
3.6051505,0,1
3.6056506,0,0
3.6061505,0,1
3.60665065,0,0
3.60715045,0,1
3.6076506,0,0
3.60815045,0,1
3.60865055,0,0
3.60915045,0,1
3.60965055,0,0
3.61015045,0,1
3.61065065,0,0
3.61115055,0,1
3.6116507,0,0
3.61215065,0,1
3.61265085,0,0
3.6131508,0,1
3.613651,0,0
3.61415095,0,1
3.6146511,0,0
3.61515105,0,1
3.6156513,0,0
3.61615125,0,1
3.6166514,0,0
3.6171514,0,1
3.6176516,0,0
3.61815155,0,1
3.61865175,0,0
3.61915165,0,1
3.6196518,0,0
3.62015175,0,1
3.6206519,0,0
3.62115185,0,1
3.621652,0,0
3.6221519,0,1
3.622652,0,0
3.6231518,0,1
3.6236519,0,0
3.6241518,0,1
3.62465195,0,0
3.62515185,0,1
3.625652,0,0
3.6261519,0,1
3.626652,0,0
3.6271519,0,1
3.62765205,0,0
3.62815195,0,1
3.6286521,0,0
3.629152,0,1
3.6296521,0,0
3.63015195,0,1
3.6306521,0,0
3.631152,0,1
3.6316521,0,0
3.632152,0,1
3.63265215,0,0
3.6331521,0,1
3.63365225,0,0
3.6341521,0,1
3.63465225,0,0
3.63515215,0,1
3.63565235,0,0
3.63615225,0,1
3.6366524,0,0
3.6371523,0,1
3.63765245,0,0
3.6381524,0,1
3.63865255,0,0
3.6391524,0,1
3.63965255,0,0
3.6401524,0,1
3.64065255,0,0
3.64115235,0,1
3.6416524,0,0
3.6421522,0,1
3.6426523,0,0
3.6431522,0,1
3.64365235,0,0
3.64415225,0,1
3.6446524,0,0
3.6451523,0,1
3.64565245,0,0
3.6461524,0,1
3.64665255,0,0
3.6471525,0,1
3.64765265,0,0
3.64815255,0,1
3.6486527,0,0
3.64915255,0,1
3.6496527,0,0
3.6501526,0,1
3.6506527,0,0
3.65115265,0,1
3.6516528,0,0
3.6521527,0,1
3.6526528,0,0
3.6531527,0,1
3.65365285,0,0
3.65415275,0,1
3.65465285,0,0
3.6551528,0,1
3.65565295,0,0
3.65615285,0,1
3.656653,0,0
3.65715295,0,1
3.65765315,0,0
3.65815305,0,1
3.6586532,0,0
3.6591532,0,1
3.65965335,0,0
3.6601533,0,1
3.66065345,0,0
3.6611534,0,1
3.6616536,0,0
3.6621535,0,1
3.6626537,0,0
3.66315365,0,1
3.66365385,0,0
3.6641538,0,1
3.664654,0,0
3.6651539,0,1
3.66565405,0,0
3.6661539,0,1
3.6666541,0,0
3.66715405,0,1
3.6676542,0,0
3.6681541,0,1
3.66865425,0,0
3.6691541,0,1
3.6696542,0,0
3.6701541,0,1
3.67065425,0,0
3.6711541,0,1
3.6716542,0,0
3.672154,0,1
3.67265415,0,0
3.673154,0,1
3.67365405,0,0
3.6741539,0,1
3.674654,0,0
3.67515385,0,1
3.67565395,0,0
3.6761538,0,1
3.6766539,0,0
3.6771537,0,1
3.6776538,0,0
3.67815365,0,1
3.67865375,0,0
3.6791536,0,1
3.67965365,0,0
3.6801535,0,1
3.68065355,0,0
3.68115335,0,1
3.68165345,0,0
3.68215325,0,1
3.68265335,0,0
3.68315325,0,1
3.68365335,0,0
3.68415315,0,1
3.68465325,0,0
3.6851531,0,1
3.68565315,0,0
3.686153,0,1
3.6866531,0,0
3.6871529,0,1
3.68765295,0,0
3.68815275,0,1
3.6886528,0,0
3.68915265,0,1
3.6896527,0,0
3.69015255,0,1
3.69065265,0,0
3.6911525,0,1
3.69165265,0,0
3.69215245,0,1
3.6926526,0,0
3.6931525,0,1
3.6936526,0,0
3.69415245,0,1
3.69465255,0,0
3.6951524,0,1
3.69565245,0,0
3.69615225,0,1
3.6966523,0,0
3.69715215,0,1
3.6976522,0,0
3.69815205,0,1
3.69865215,0,0
3.699152,0,1
3.6996521,0,0
3.70015195,0,1
3.70065205,0,0
3.7011519,0,1
3.70165205,0,0
3.70215195,0,1
3.7026521,0,0
3.703152,0,1
3.70365215,0,0
3.704152,0,1
3.7046521,0,0
3.70515195,0,1
3.70565205,0,0
3.70615195,0,1
3.7066521,0,0
3.707152,0,1
3.7076521,0,0
3.70815195,0,1
3.70865205,0,0
3.7091519,0,1
3.709652,0,0
3.7101519,0,1
3.710652,0,0
3.71115195,0,1
3.71165205,0,0
3.71215195,0,1
3.7126521,0,0
3.71315195,0,1
3.71365205,0,0
3.71415195,0,1
3.71465205,0,0
3.7151519,0,1
3.71565205,0,0
3.7161519,0,1
3.716652,0,0
3.7171519,0,1
3.71765205,0,0
3.7181519,0,1
3.71865205,0,0
3.7191519,0,1
3.71965205,0,0
3.720152,0,1
3.72065215,0,0
3.72115205,0,1
3.72165225,0,0
3.72215215,0,1
3.72265225,0,0
3.7231521,0,1
3.72365225,0,0
3.7241521,0,1
3.7246522,0,0
3.7251521,0,1
3.7256522,0,0
3.72615205,0,1
3.7266522,0,0
3.72715205,0,1
3.7276522,0,0
3.7281521,0,1
3.7286522,0,0
3.7291521,0,1
3.7296522,0,0
3.730152,0,1
3.7306521,0,0
3.73115195,0,1
3.7316521,0,0
3.732152,0,1
3.73265215,0,0
3.73315205,0,1
3.73365215,0,0
3.73415205,0,1
3.73465215,0,0
3.73515205,0,1
3.73565215,0,0
3.736152,0,1
3.73665215,0,0
3.73715205,0,1
3.73765215,0,0
3.73815205,0,1
3.73865215,0,0
3.7391521,0,1
3.7396522,0,0
3.7401521,0,1
3.74065225,0,0
3.7411522,0,1
3.74165235,0,0
3.74215225,0,1
3.7426524,0,0
3.7431523,0,1
3.74365245,0,0
3.7441523,0,1
3.74465245,0,0
3.74515235,0,1
3.74565245,0,0
3.74615235,0,1
3.7466525,0,0
3.74715235,0,1
3.74765245,0,0
3.7481523,0,1
3.7486524,0,0
3.7491522,0,1
3.7496523,0,0
3.75015215,0,1
3.75065225,0,0
3.7511521,0,1
3.7516522,0,0
3.75215205,0,1
3.7526522,0,0
3.7531521,0,1
3.7536522,0,0
3.75415205,0,1
3.75465215,0,0
3.755152,0,1
3.75565215,0,0
3.75615205,0,1
3.7566522,0,0
3.7571521,0,1
3.7576523,0,0
3.75815215,0,1
3.75865225,0,0
3.75915215,0,1
3.75965225,0,0
3.7601521,0,1
3.76065225,0,0
3.7611521,0,1
3.7616522,0,0
3.76215205,0,1
3.7626522,0,0
3.7631521,0,1
3.7636522,0,0
3.7641521,0,1
3.76465225,0,0
3.7651521,0,1
3.76565225,0,0
3.7661521,0,1
3.7666522,0,0
3.76715205,0,1
3.76765215,0,0
3.768152,0,1
3.7686521,0,0
3.7691519,0,1
3.769652,0,0
3.7701518,0,1
3.7706519,0,0
3.77115175,0,1
3.77165185,0,0
3.77215175,0,1
3.77265185,0,0
3.77315175,0,1
3.77365185,0,0
3.77415175,0,1
3.77465195,0,0
3.7751518,0,1
3.77565195,0,0
3.7761518,0,1
3.7766519,0,0
3.7771518,0,1
3.7776519,0,0
3.7781518,0,1
3.77865195,0,0
3.77915185,0,1
3.779652,0,0
3.7801519,0,1
3.780652,0,0
3.7811519,0,1
3.78165205,0,0
3.78215195,0,1
3.78265205,0,0
3.78315195,0,1
3.7836521,0,0
3.78415205,0,1
3.7846522,0,0
3.78515215,0,1
3.7856523,0,0
3.78615225,0,1
3.7866524,0,0
3.7871523,0,1
3.78765245,0,0
3.78815235,0,1
3.7886525,0,0
3.7891524,0,1
3.7896525,0,0
3.79015235,0,1
3.79065245,0,0
3.7911523,0,1
3.79165245,0,0
3.7921523,0,1
3.7926525,0,0
3.7931524,0,1
3.79365255,0,0
3.7941524,0,1
3.7946525,0,0
3.79515235,0,1
3.7956525,0,0
3.7961524,0,1
3.7966525,0,0
3.7971524,0,1
3.7976525,0,0
3.7981524,0,1
3.7986525,0,0
3.79915235,0,1
3.7996524,0,0
3.8001522,0,1
3.80065235,0,0
3.80115215,0,1
3.80165225,0,0
3.80215215,0,1
3.80265235,0,0
3.8031523,0,1
3.80365245,0,0
3.80415235,0,1
3.80465255,0,0
3.80515245,0,1
3.8056526,0,0
3.80615245,0,1
3.80665255,0,0
3.80715245,0,1
3.8076526,0,0
3.80815255,0,1
3.80865275,0,0
3.8091527,0,1
3.8096529,0,0
3.8101528,0,1
3.81065295,0,0
3.8111529,0,1
3.8116531,0,0
3.812153,0,1
3.8126532,0,0
3.8131532,0,1
3.8136534,0,0
3.8141533,0,1
3.81465345,0,0
3.8151534,0,1
3.81565355,0,0
3.81615345,0,1
3.8166536,0,0
3.8171535,0,1
3.8176536,0,0
3.81815355,0,1
3.81865365,0,0
3.81915355,0,1
3.81965375,0,0
3.82015365,0,1
3.8206538,0,0
3.82115375,0,1
3.8216539,0,0
3.82215375,0,1
3.8226539,0,0
3.8231538,0,1
3.8236539,0,0
3.8241538,0,1
3.8246539,0,0
3.82515385,0,1
3.82565395,0,0
3.8261538,0,1
3.826654,0,0
3.8271539,0,1
3.82765405,0,0
3.8281539,0,1
3.828654,0,0
3.8291539,0,1
3.82965405,0,0
3.83015395,0,1
3.83065405,0,0
3.83115395,0,1
3.8316541,0,0
3.83215405,0,1
3.8326542,0,0
3.8331541,0,1
3.83365425,0,0
3.8341541,0,1
3.83465425,0,0
3.8351541,0,1
3.83565425,0,0
3.83615415,0,1
3.8366543,0,0
3.83715415,0,1
3.8376543,0,0
3.83815415,0,1
3.8386543,0,0
3.8391542,0,1
3.8396544,0,0
3.84015425,0,1
3.8406544,0,0
3.84115425,0,1
3.84165435,0,0
3.84215425,0,1
3.84265445,0,0
3.84315435,0,1
3.8436545,0,0
3.8441544,0,1
3.84465455,0,0
3.84515445,0,1
3.8456546,0,0
3.8461545,0,1
3.84665465,0,0
3.8471545,0,1
3.8476546,0,0
3.8481545,0,1
3.8486546,0,0
3.84915445,0,1
3.8496546,0,0
3.85015445,0,1
3.8506546,0,0
3.85115445,0,1
3.85165455,0,0
3.8521544,0,1
3.8526545,0,0
3.85315435,0,1
3.8536544,0,0
3.85415425,0,1
3.8546544,0,0
3.85515425,0,1
3.85565435,0,0
3.8561542,0,1
3.8566543,0,0
3.85715415,0,1
3.85765425,0,0
3.85815405,0,1
3.85865415,0,0
3.85915405,0,1
3.8596542,0,0
3.86015405,0,1
3.86065415,0,0
3.861154,0,1
3.8616541,0,0
3.86215395,0,1
3.8626541,0,0
3.86315395,0,1
3.86365405,0,0
3.86415385,0,1
3.86465395,0,0
3.8651538,0,1
3.86565385,0,0
3.86615365,0,1
3.8666537,0,0
3.86715355,0,1
3.8676536,0,0
3.86815345,0,1
3.8686535,0,0
3.8691534,0,1
3.8696535,0,0
3.87015335,0,1
3.8706535,0,0
3.8711534,0,1
3.8716535,0,0
3.8721534,0,1
3.87265345,0,0
3.87315335,0,1
3.8736534,0,0
3.87415325,0,1
3.87465335,0,0
3.87515315,0,1
3.8756533,0,0
3.87615305,0,1
3.8766531,0,0
3.877153,0,1
3.8776531,0,0
3.8781529,0,1
3.8786529,0,0
3.8791527,0,1
3.8796528,0,0
3.88015255,0,1
3.88065265,0,0
3.88115245,0,1
3.8816525,0,0
3.8821523,0,1
3.8826524,0,0
3.8831522,0,1
3.88365225,0,0
3.88415205,0,1
3.8846521,0,0
3.88515195,0,1
3.885652,0,0
3.88615185,0,1
3.88665195,0,0
3.8871518,0,1
3.8876519,0,0
3.8881518,0,1
3.8886519,0,0
3.88915175,0,1
3.88965185,0,0
3.89015175,0,1
3.89065185,0,0
3.89115175,0,1
3.89165185,0,0
3.8921517,0,1
3.8926518,0,0
3.89315165,0,1
3.89365175,0,0
3.8941516,0,1
3.89465165,0,0
3.89515155,0,1
3.89565165,0,0
3.8961515,0,1
3.89665155,0,0
3.89715145,0,1
3.8976516,0,0
3.89815145,0,1
3.8986515,0,0
3.89915135,0,1
3.89965145,0,0
3.9001513,0,1
3.9006514,0,0
3.9011513,0,1
3.90165145,0,0
3.90215135,0,1
3.9026515,0,0
3.90315135,0,1
3.90365145,0,0
3.90415125,0,1
3.9046513,0,0
3.90515115,0,1
3.9056513,0,0
3.90615115,0,1
3.90665125,0,0
3.90715105,0,1
3.90765115,0,0
3.90815095,0,1
3.908651,0,0
3.9091508,0,1
3.90965085,0,0
3.91015065,0,1
3.91065075,0,0
3.91115055,0,1
3.91165065,0,0
3.9121505,0,1
3.9126506,0,0
3.9131504,0,1
3.91365055,0,0
3.91415035,0,1
3.91465045,0,0
3.91515025,0,1
3.91565035,0,0
3.91615015,0,1
3.9166502,0,0
3.91715,0,1
3.9176501,0,0
3.91814995,0,1
3.91865,0,0
3.9191498,0,1
3.91964995,0,0
3.9201498,0,1
3.92064985,0,0
3.9211497,0,1
3.9216498,0,0
3.92214965,0,1
3.92264975,0,0
3.9231496,0,1
3.9236497,0,0
3.92414955,0,1
3.92464965,0,0
3.92514955,0,1
3.92564965,0,0
3.9261495,0,1
3.9266496,0,0
3.92714945,0,1
3.92764955,0,0
3.9281494,0,1
3.92864945,0,0
3.9291493,0,1
3.9296494,0,0
3.93014925,0,1
3.93064935,0,0
3.9311492,0,1
3.9316493,0,0
3.9321491,0,1
3.93264915,0,0
3.933149,0,1
3.9336491,0,0
3.9341489,0,1
3.934649,0,0
3.9351488,0,1
3.93564885,0,0
3.93614865,0,1
3.93664875,0,0
3.93714855,0,1
3.9376486,0,0
3.93814835,0,1
3.9386484,0,0
3.9391482,0,1
3.9396483,0,0
3.94014815,0,1
3.9406482,0,0
3.941148,0,1
3.9416481,0,0
3.94214785,0,1
3.9426479,0,0
3.9431477,0,1
3.9436478,0,0
3.9441476,0,1
3.94464765,0,0
3.9451475,0,1
3.9456475,0,0
3.94614735,0,1
3.9466474,0,0
3.94714715,0,1
3.94764715,0,0
3.94814695,0,1
3.948647,0,0
3.94914685,0,1
3.9496469,0,0
3.95014675,0,1
3.9506468,0,0
3.95114665,0,1
3.95164675,0,0
3.9521466,0,1
3.9526467,0,0
3.9531465,0,1
3.9536466,0,0
3.9541464,0,1
3.95464645,0,0
3.9551463,0,1
3.95564635,0,0
3.95614615,0,1
3.95664625,0,0
3.9571461,0,1
3.95764615,0,0
3.95814595,0,1
3.95864605,0,0
3.95914585,0,1
3.95964595,0,0
3.9601458,0,1
3.9606459,0,0
3.9611457,0,1
3.9616458,0,0
3.9621456,0,1
3.96264565,0,0
3.96314545,0,1
3.96364545,0,0
3.9641453,0,1
3.96464535,0,0
3.9651452,0,1
3.9656453,0,0
3.9661451,0,1
3.96664515,0,0
3.96714495,0,1
3.967645,0,0
3.9681448,0,1
3.96864485,0,0
3.9691447,0,1
3.96964475,0,0
3.9701445,0,1
3.9706446,0,0
3.97114435,0,1
3.97164435,0,0
3.97214415,0,1
3.9726442,0,0
3.973144,0,1
3.97364405,0,0
3.97414385,0,1
3.9746439,0,0
3.9751437,0,1
3.97564375,0,0
3.97614355,0,1
3.9766436,0,0
3.9771434,0,1
3.9776435,0,0
3.97814325,0,1
3.9786433,0,0
3.97914315,0,1
3.97964325,0,0
3.98014305,0,1
3.9806431,0,0
3.9811429,0,1
3.98164295,0,0
3.98214275,0,1
3.98264285,0,0
3.98314265,0,1
3.9836428,0,0
3.9841426,0,1
3.9846427,0,0
3.9851425,0,1
3.9856426,0,0
3.98614245,0,1
3.9866426,0,0
3.98714245,0,1
3.98764255,0,0
3.9881424,0,1
3.98864245,0,0
3.9891423,0,1
3.9896424,0,0
3.99014225,0,1
3.99064235,0,0
3.9911422,0,1
3.99164225,0,0
3.99214215,0,1
3.9926422,0,0
3.99314205,0,1
3.9936421,0,0
3.99414195,0,1
3.994642,0,0
3.9951419,0,1
3.99564195,0,0
3.99614175,0,1
3.99664185,0,0
3.99714175,0,1
3.9976418,0,0
3.99814165,0,1
3.9986417,0,0
3.99914155,0,1
3.99964165,0,0
4.0001415,0,1
4.0006416,0,0
4.0011414,0,1
4.0016415,0,0
4.00214135,0,1
4.0026414,0,0
4.00314125,0,1
4.0036413,0,0
4.0041411,0,1
4.0046412,0,0
4.0051411,0,1
4.0056412,0,0
4.00614105,0,1
4.00664115,0,0
4.00714105,0,1
4.00764115,0,0
4.00814105,0,1
4.00864115,0,0
4.00914095,0,1
4.00964105,0,0
4.0101409,0,1
4.01064095,0,0
4.0111408,0,1
4.0116409,0,0
4.01214075,0,1
4.0126409,0,0
4.01314075,0,1
4.01364085,0,0
4.0141407,0,1
4.0146408,0,0
4.01514065,0,1
4.01564075,0,0
4.01614055,0,1
4.01664065,0,0
4.0171405,0,1
4.0176406,0,0
4.01814045,0,1
4.0186405,0,0
4.0191403,0,1
4.0196404,0,0
4.02014025,0,1
4.0206404,0,0
4.0211402,0,1
4.0216403,0,0
4.02214015,0,1
4.0226402,0,0
4.02314,0,1
4.02364005,0,0
4.02413985,0,1
4.02463995,0,0
4.0251398,0,1
4.0256399,0,0
4.02613975,0,1
4.0266399,0,0
4.02713975,0,1
4.02763985,0,0
4.02813965,0,1
4.0286397,0,0
4.0291395,0,1
4.0296396,0,0
4.03013945,0,1
4.03063955,0,0
4.0311394,0,1
4.03163955,0,0
4.0321394,0,1
4.0326395,0,0
4.03313935,0,1
4.03363945,0,0
4.0341393,0,1
4.03463935,0,0
4.0351392,0,1
4.0356393,0,0
4.03613915,0,1
4.0366393,0,0
4.03713915,0,1
4.03763925,0,0
4.0381391,0,1
4.0386392,0,0
4.0391391,0,1
4.03963915,0,0
4.040139,0,1
4.0406391,0,0
4.04113895,0,1
4.0416391,0,0
4.04213895,0,1
4.04263905,0,0
4.0431389,0,1
4.04363895,0,0
4.0441388,0,1
4.0446389,0,0
4.0451388,0,1
4.0456389,0,0
4.0461387,0,1
4.0466388,0,0
4.04713865,0,1
4.04763875,0,0
4.04813865,0,1
4.0486387,0,0
4.0491385,0,1
4.0496386,0,0
4.05013845,0,1
4.0506386,0,0
4.0511385,0,1
4.05163865,0,0
4.0521385,0,1
4.05263865,0,0
4.05313855,0,1
4.05363865,0,0
4.05413855,0,1
4.05463865,0,0
4.0551385,0,1
4.05563865,0,0
4.0561385,0,1
4.0566386,0,0
4.05713855,0,1
4.0576386,0,0
4.05813845,0,1
4.0586386,0,0
4.05913845,0,1
4.05963855,0,0
4.0601384,0,1
4.0606385,0,0
4.06113835,0,1
4.06163845,0,0
4.0621383,0,1
4.0626384,0,0
4.06313825,0,1
4.0636384,0,0
4.0641383,0,1
4.0646384,0,0
4.06513825,0,1
4.0656384,0,0
4.0661382,0,1
4.0666383,0,0
4.06713815,0,1
4.06763825,0,0
4.06813805,0,1
4.06863815,0,0
4.069138,0,1
4.0696381,0,0
4.07013785,0,1
4.0706379,0,0
4.07113775,0,1
4.0716379,0,0
4.07213775,0,1
4.0726378,0,0
4.07313765,0,1
4.0736378,0,0
4.07413765,0,1
4.0746378,0,0
4.0751376,0,1
4.0756377,0,0
4.07613755,0,1
4.0766376,0,0
4.07713745,0,1
4.0776375,0,0
4.0781373,0,1
4.07863735,0,0
4.07913715,0,1
4.07963715,0,0
4.0801369,0,1
4.0806369,0,0
4.0811367,0,1
4.08163675,0,0
4.08213655,0,1
4.0826366,0,0
4.0831364,0,1
4.08363645,0,0
4.0841362,0,1
4.08463625,0,0
4.085136,0,1
4.08563605,0,0
4.0861359,0,1
4.08663595,0,0
4.0871358,0,1
4.08763585,0,0
4.0881357,0,1
4.08863575,0,0
4.0891356,0,1
4.08963565,0,0
4.0901355,0,1
4.0906356,0,0
4.09113545,0,1
4.09163555,0,0
4.0921354,0,1
4.0926355,0,0
4.09313535,0,1
4.0936355,0,0
4.09413535,0,1
4.09463545,0,0
4.09513535,0,1
4.09563545,0,0
4.0961353,0,1
4.0966354,0,0
4.0971352,0,1
4.09763535,0,0
4.09813525,0,1
4.0986354,0,0
4.09913525,0,1
4.0996354,0,0
4.1001353,0,1
4.1006354,0,0
4.10113535,0,1
4.1016355,0,0
4.10213545,0,1
4.10263555,0,0
4.1031355,0,1
4.10363565,0,0
4.10413555,0,1
4.1046357,0,0
4.10513565,0,1
4.1056358,0,0
4.10613565,0,1
4.1066358,0,0
4.1071357,0,1
4.10763585,0,0
4.10813565,0,1
4.1086358,0,0
4.1091357,0,1
4.1096358,0,0
4.1101357,0,1
4.11063585,0,0
4.11113575,0,1
4.11163595,0,0
4.11213585,0,1
4.11263605,0,0
4.11313595,0,1
4.11363615,0,0
4.1141361,0,1
4.1146363,0,0
4.11513625,0,1
4.11563645,0,0
4.1161364,0,1
4.1166366,0,0
4.1171365,0,1
4.11763675,0,0
4.1181367,0,1
4.1186369,0,0
4.11913685,0,1
4.119637,0,0
4.12013695,0,1
4.1206371,0,0
4.121137,0,1
4.1216372,0,0
4.12213715,0,1
4.1226373,0,0
4.12313725,0,1
4.12363735,0,0
4.1241372,0,1
4.12463735,0,0
4.12513725,0,1
4.12563735,0,0
4.1261373,0,1
4.12663745,0,0
4.12713735,0,1
4.12763755,0,0
4.1281375,0,1
4.1286377,0,0
4.1291377,0,1
4.1296379,0,0
4.1301378,0,1
4.130638,0,0
4.131138,0,1
4.13163815,0,0
4.1321381,0,1
4.13263825,0,0
4.1331382,0,1
4.1336384,0,0
4.13413835,0,1
4.13463855,0,0
4.1351385,0,1
4.1356387,0,0
4.1361386,0,1
4.1366388,0,0
4.1371387,0,1
4.1376389,0,0
4.1381388,0,1
4.138639,0,0
4.1391389,0,1
4.13963905,0,0
4.14013895,0,1
4.1406391,0,0
4.141139,0,1
4.14163915,0,0
4.14213905,0,1
4.1426392,0,0
4.14313905,0,1
4.1436392,0,0
4.14413905,0,1
4.1446392,0,0
4.1451391,0,1
4.14563925,0,0
4.1461392,0,1
4.1466394,0,0
4.1471393,0,1
4.14763945,0,0
4.1481394,0,1
4.1486396,0,0
4.1491395,0,1
4.1496397,0,0
4.1501396,0,1
4.15063975,0,0
4.1511397,0,1
4.1516399,0,0
4.1521398,0,1
4.1526399,0,0
4.1531398,0,1
4.15364,0,0
4.15413995,0,1
4.15464015,0,0
4.1551401,0,1
4.15564035,0,0
4.1561403,0,1
4.1566405,0,0
4.1571404,0,1
4.15764065,0,0
4.15814055,0,1
4.15864075,0,0
4.1591407,0,1
4.15964095,0,0
4.16014085,0,1
4.16064105,0,0
4.161141,0,1
4.16164115,0,0
4.1621411,0,1
4.1626413,0,0
4.16314125,0,1
4.16364145,0,0
4.16414145,0,1
4.16464165,0,0
4.1651416,0,1
4.16564175,0,0
4.1661417,0,1
4.1666419,0,0
4.1671418,0,1
4.16764195,0,0
4.1681418,0,1
4.1686419,0,0
4.16914175,0,1
4.1696419,0,0
4.17014175,0,1
4.1706419,0,0
4.1711418,0,1
4.17164195,0,0
4.17214185,0,1
4.172642,0,0
4.17314185,0,1
4.173642,0,0
4.1741419,0,1
4.17464205,0,0
4.1751419,0,1
4.175642,0,0
4.1761419,0,1
4.17664205,0,0
4.17714195,0,1
4.1776421,0,0
4.17814205,0,1
4.17864225,0,0
4.1791422,0,1
4.1796424,0,0
4.1801423,0,1
4.1806425,0,0
4.18114245,0,1
4.1816426,0,0
4.1821426,0,1
4.1826428,0,0
4.18314275,0,1
4.18364295,0,0
4.1841429,0,1
4.18464305,0,0
4.18514295,0,1
4.18564305,0,0
4.18614285,0,1
4.18664305,0,0
4.18714295,0,1
4.1876431,0,0
4.18814305,0,1
4.1886432,0,0
4.18914315,0,1
4.1896433,0,0
4.1901432,0,1
4.1906434,0,0
4.1911433,0,1
4.19164345,0,0
4.1921433,0,1
4.1926434,0,0
4.1931433,0,1
4.1936435,0,0
4.19414335,0,1
4.1946435,0,0
4.1951434,0,1
4.19564355,0,0
4.19614345,0,1
4.1966436,0,0
4.1971435,0,1
4.1976437,0,0
4.1981436,0,1
4.19864375,0,0
4.19914365,0,1
4.1996438,0,0
4.2001437,0,1
4.2006439,0,0
4.20114385,0,1
4.201644,0,0
4.20214395,0,1
4.20264415,0,0
4.2031441,0,1
4.2036443,0,0
4.2041442,0,1
4.20464435,0,0
4.20514425,0,1
4.2056444,0,0
4.20614425,0,1
4.2066444,0,0
4.2071443,0,1
4.20764445,0,0
4.2081444,0,1
4.20864455,0,0
4.20914445,0,1
4.20964465,0,0
4.21014455,0,1
4.21064475,0,0
4.21114465,0,1
4.2116448,0,0
4.2121447,0,1
4.2126448,0,0
4.21314465,0,1
4.21364475,0,0
4.2141446,0,1
4.2146448,0,0
4.21514465,0,1
4.21564475,0,0
4.21614465,0,1
4.2166448,0,0
4.21714465,0,1
4.21764475,0,0
4.21814465,0,1
4.2186448,0,0
4.2191447,0,1
4.2196448,0,0
4.2201447,0,1
4.2206449,0,0
4.22114485,0,1
4.221645,0,0
4.222145,0,1
4.22264515,0,0
4.22314515,0,1
4.2236453,0,0
4.22414515,0,1
4.2246453,0,0
4.2251452,0,1
4.2256454,0,0
4.2261453,0,1
4.2266454,0,0
4.2271453,0,1
4.22764545,0,0
4.22814535,0,1
4.22864545,0,0
4.2291453,0,1
4.22964545,0,0
4.23014535,0,1
4.23064545,0,0
4.2311454,0,1
4.2316455,0,0
4.2321454,0,1
4.23264555,0,0
4.2331455,0,1
4.23364565,0,0
4.23414555,0,1
4.2346457,0,0
4.2351456,0,1
4.23564575,0,0
4.2361456,0,1
4.23664575,0,0
4.23714565,0,1
4.23764575,0,0
4.2381456,0,1
4.23864575,0,0
4.2391456,0,1
4.23964575,0,0
4.24014565,0,1
4.24064585,0,0
4.24114575,0,1
4.24164595,0,0
4.24214585,0,1
4.24264595,0,0
4.24314585,0,1
4.243646,0,0
4.2441459,0,1
4.24464605,0,0
4.24514595,0,1
4.24564615,0,0
4.24614605,0,1
4.24664615,0,0
4.24714605,0,1
4.24764615,0,0
4.248146,0,1
4.2486461,0,0
4.24914595,0,1
4.24964605,0,0
4.25014595,0,1
4.25064605,0,0
4.25114595,0,1
4.25164605,0,0
4.252146,0,1
4.25264615,0,0
4.25314605,0,1
4.25364615,0,0
4.25414605,0,1
4.2546462,0,0
4.2551461,0,1
4.25564625,0,0
4.25614615,0,1
4.25664625,0,0
4.25714615,0,1
4.2576463,0,0
4.2581462,0,1
4.25864635,0,0
4.2591463,0,1
4.25964645,0,0
4.2601463,0,1
4.26064645,0,0
4.26114635,0,1
4.2616464,0,0
4.2621463,0,1
4.26264645,0,0
4.26314635,0,1
4.26364645,0,0
4.26414635,0,1
4.2646465,0,0
4.2651464,0,1
4.26564655,0,0
4.26614635,0,1
4.26664655,0,0
4.26714645,0,1
4.2676466,0,0
4.26814645,0,1
4.26864665,0,0
4.2691466,0,1
4.26964675,0,0
4.2701467,0,1
4.2706469,0,0
4.2711468,0,1
4.27164695,0,0
4.27214685,0,1
4.27264705,0,0
4.27314695,0,1
4.27364715,0,0
4.2741471,0,1
4.27464725,0,0
4.27514715,0,1
4.2756473,0,0
4.27614725,0,1
4.2766474,0,0
4.2771473,0,1
4.27764755,0,0
4.2781475,0,1
4.2786477,0,0
4.27914755,0,1
4.2796477,0,0
4.2801477,0,1
4.28064785,0,0
4.28114775,0,1
4.2816479,0,0
4.2821478,0,1
4.282648,0,0
4.28314795,0,1
4.2836481,0,0
4.284148,0,1
4.2846482,0,0
4.2851481,0,1
4.2856483,0,0
4.2861482,0,1
4.2866484,0,0
4.2871483,0,1
4.2876485,0,0
4.2881484,0,1
4.2886486,0,0
4.2891485,0,1
4.2896486,0,0
4.29014845,0,1
4.29064865,0,0
4.29114855,0,1
4.2916487,0,0
4.2921486,0,1
4.29264875,0,0
4.29314865,0,1
4.29364875,0,0
4.2941487,0,1
4.29464885,0,0
4.29514875,0,1
4.29564895,0,0
4.2961489,0,1
4.29664905,0,0
4.297149,0,1
4.29764915,0,0
4.2981491,0,1
4.29864925,0,0
4.29914915,0,1
4.29964925,0,0
4.30014915,0,1
4.3006493,0,0
4.3011492,0,1
4.30164935,0,0
4.30214925,0,1
4.30264945,0,0
4.30314935,0,1
4.30364955,0,0
4.30414945,0,1
4.3046497,0,0
4.3051496,0,1
4.30564975,0,0
4.30614965,0,1
4.3066498,0,0
4.3071497,0,1
4.30764985,0,0
4.3081498,0,1
4.30865,0,0
4.30914995,0,1
4.3096501,0,0
4.31015,0,1
4.31065015,0,0
4.31115005,0,1
4.3116502,0,0
4.3121501,0,1
4.31265025,0,0
4.31315015,0,1
4.31365025,0,0
4.31415015,0,1
4.3146503,0,0
4.3151502,0,1
4.3156504,0,0
4.31615035,0,1
4.3166506,0,0
4.31715055,0,1
4.31765075,0,0
4.3181507,0,1
4.3186508,0,0
4.3191507,0,1
4.31965085,0,0
4.3201507,0,1
4.32065085,0,0
4.32115075,0,1
4.3216509,0,0
4.3221508,0,1
4.3226509,0,0
4.3231508,0,1
4.3236509,0,0
4.3241508,0,1
4.32465095,0,0
4.3251508,0,1
4.32565095,0,0
4.3261508,0,1
4.32665095,0,0
4.32715085,0,1
4.32765105,0,0
4.32815095,0,1
4.3286511,0,0
4.329151,0,1
4.3296511,0,0
4.33015095,0,1
4.33065105,0,0
4.3311509,0,1
4.331651,0,0
4.3321509,0,1
4.332651,0,0
4.33315085,0,1
4.3336509,0,0
4.3341507,0,1
4.3346508,0,0
4.3351506,0,1
4.3356507,0,0
4.33615055,0,1
4.33665065,0,0
4.3371505,0,1
4.3376506,0,0
4.3381505,0,1
4.3386506,0,0
4.33915045,0,1
4.33965055,0,0
4.34015035,0,1
4.34065045,0,0
4.3411503,0,1
4.3416504,0,0
4.34215025,0,1
4.34265035,0,0
4.34315025,0,1
4.3436503,0,0
4.34415015,0,1
4.3446503,0,0
4.34515015,0,1
4.3456503,0,0
4.34615015,0,1
4.34665025,0,0
4.34715015,0,1
4.3476502,0,0
4.34815005,0,1
4.34865015,0,0
4.34915,0,1
4.3496501,0,0
4.35014995,0,1
4.35065005,0,0
4.3511499,0,1
4.35165005,0,0
4.3521499,0,1
4.35265005,0,0
4.3531499,0,1
4.35365005,0,0
4.3541499,0,1
4.35465,0,0
4.3551499,0,1
4.35565,0,0
4.3561498,0,1
4.35664995,0,0
4.3571498,0,1
4.3576499,0,0
4.3581498,0,1
4.35864985,0,0
4.3591497,0,1
4.3596498,0,0
4.36014965,0,1
4.3606497,0,0
4.36114955,0,1
4.3616496,0,0
4.36214945,0,1
4.3626495,0,0
4.3631494,0,1
4.3636495,0,0
4.3641494,0,1
4.36464945,0,0
4.3651493,0,1
4.36564945,0,0
4.36614925,0,1
4.36664935,0,0
4.36714915,0,1
4.36764925,0,0
4.36814905,0,1
4.36864915,0,0
4.36914895,0,1
4.36964905,0,0
4.37014885,0,1
4.37064895,0,0
4.3711489,0,1
4.37164905,0,0
4.37214895,0,1
4.3726491,0,0
4.373149,0,1
4.3736491,0,0
4.374149,0,1
4.37464915,0,0
4.37514905,0,1
4.37564915,0,0
4.3761491,0,1
4.37664925,0,0
4.37714915,0,1
4.37764935,0,0
4.37814925,0,1
4.3786494,0,0
4.3791493,0,1
4.37964945,0,0
4.38014935,0,1
4.3806495,0,0
4.3811494,0,1
4.38164955,0,0
4.38214945,0,1
4.38264955,0,0
4.3831495,0,1
4.3836496,0,0
4.3841495,0,1
4.38464965,0,0
4.3851495,0,1
4.38564965,0,0
4.3861495,0,1
4.38664965,0,0
4.3871496,0,1
4.38764975,0,0
4.3881496,0,1
4.38864975,0,0
4.38914965,0,1
4.3896498,0,0
4.3901497,0,1
4.39064985,0,0
4.39114975,0,1
4.39164995,0,0
4.3921498,0,1
4.39265,0,0
4.39314995,0,1
4.39365015,0,0
4.39415005,0,1
4.39465025,0,0
4.39515025,0,1
4.39565045,0,0
4.39615045,0,1
4.39665065,0,0
4.3971505,0,1
4.39765065,0,0
4.3981506,0,1
4.3986508,0,0
4.39915075,0,1
4.39965095,0,0
4.40015085,0,1
4.400651,0,0
4.4011509,0,1
4.4016511,0,0
4.402151,0,1
4.40265115,0,0
4.403151,0,1
4.4036512,0,0
4.4041512,0,1
4.40465135,0,0
4.40515135,0,1
4.4056515,0,0
4.4061514,0,1
4.40665155,0,0
4.40715145,0,1
4.4076516,0,0
4.4081515,0,1
4.40865165,0,0
4.4091515,0,1
4.40965165,0,0
4.41015145,0,1
4.4106516,0,0
4.4111515,0,1
4.41165165,0,0
4.41215155,0,1
4.4126517,0,0
4.41315155,0,1
4.4136517,0,0
4.41415155,0,1
4.4146517,0,0
4.41515165,0,1
4.4156518,0,0
4.41615175,0,1
4.4166519,0,0
4.41715185,0,1
4.417652,0,0
4.41815195,0,1
4.4186521,0,0
4.419152,0,1
4.4196522,0,0
4.4201521,0,1
4.4206523,0,0
4.4211522,0,1
4.4216524,0,0
4.4221524,0,1
4.42265255,0,0
4.42315245,0,1
4.42365265,0,0
4.42415255,0,1
4.4246527,0,0
4.42515255,0,1
4.4256527,0,0
4.42615255,0,1
4.4266527,0,0
4.42715255,0,1
4.4276527,0,0
4.42815255,0,1
4.42865265,0,0
4.4291525,0,1
4.4296526,0,0
4.4301525,0,1
4.43065265,0,0
4.43115255,0,1
4.4316527,0,0
4.4321526,0,1
4.43265275,0,0
4.4331527,0,1
4.4336528,0,0
4.4341528,0,1
4.434653,0,0
4.435153,0,1
4.4356532,0,0
4.43615315,0,1
4.43665335,0,0
4.4371533,0,1
4.4376535,0,0
4.4381535,0,1
4.4386537,0,0
4.4391536,0,1
4.43965375,0,0
4.44015375,0,1
4.44065395,0,0
4.4411539,0,1
4.441654,0,0
4.44215395,0,1
4.44265415,0,0
4.44315415,0,1
4.4436543,0,0
4.4441542,0,1
4.4446544,0,0
4.4451543,0,1
4.44565445,0,0
4.4461544,0,1
4.44665455,0,0
4.44715445,0,1
4.44765455,0,0
4.44815445,0,1
4.4486546,0,0
4.44915455,0,1
4.4496547,0,0
4.4501546,0,1
4.4506548,0,0
4.45115475,0,1
4.4516549,0,0
4.45215485,0,1
4.452655,0,0
4.4531549,0,1
4.45365505,0,0
4.45415495,0,1
4.45465505,0,0
4.455155,0,1
4.45565515,0,0
4.45615505,0,1
4.4566552,0,0
4.45715505,0,1
4.4576552,0,0
4.4581551,0,1
4.4586552,0,0
4.4591551,0,1
4.4596553,0,0
4.4601552,0,1
4.46065535,0,0
4.46115525,0,1
4.46165535,0,0
4.46215525,0,1
4.46265545,0,0
4.46315535,0,1
4.4636555,0,0
4.4641554,0,1
4.46465555,0,0
4.46515545,0,1
4.46565565,0,0
4.4661556,0,1
4.4666558,0,0
4.46715575,0,1
4.46765595,0,0
4.46815595,0,1
4.4686561,0,0
4.46915605,0,1
4.46965625,0,0
4.4701562,0,1
4.4706564,0,0
4.47115635,0,1
4.4716565,0,0
4.47215645,0,1
4.47265665,0,0
4.47315655,0,1
4.47365675,0,0
4.4741567,0,1
4.4746569,0,0
4.4751568,0,1
4.47565695,0,0
4.4761569,0,1
4.47665705,0,0
4.477157,0,1
4.47765715,0,0
4.4781571,0,1
4.4786573,0,0
4.4791572,0,1
4.4796574,0,0
4.4801573,0,1
4.48065745,0,0
4.48115735,0,1
4.4816575,0,0
4.4821574,0,1
4.48265755,0,0
4.4831574,0,1
4.4836575,0,0
4.48415745,0,1
4.4846576,0,0
4.48515755,0,1
4.48565775,0,0
4.4861577,0,1
4.4866579,0,0
4.4871578,0,1
4.487658,0,0
4.4881579,0,1
4.4886581,0,0
4.48915805,0,1
4.48965825,0,0
4.49015825,0,1
4.4906585,0,0
4.4911584,0,1
4.49165865,0,0
4.49215855,0,1
4.49265875,0,0
4.4931587,0,1
4.49365885,0,0
4.49415875,0,1
4.4946589,0,0
4.49515885,0,1
4.49565905,0,0
4.49615895,0,1
4.4966592,0,0
4.49715915,0,1
4.4976593,0,0
4.4981593,0,1
4.4986595,0,0
4.4991594,0,1
4.4996596,0,0
4.5001595,0,1
4.50065965,0,0
4.5011596,0,1
4.50165975,0,0
4.50215965,0,1
4.5026598,0,0
4.5031597,0,1
4.5036599,0,0
4.50415985,0,1
4.50466,0,0
4.50515995,0,1
4.5056601,0,0
4.50616005,0,1
4.5066602,0,0
4.5071601,0,1
4.50766025,0,0
4.5081601,0,1
4.50866025,0,0
4.50916015,0,1
4.5096603,0,0
4.5101602,0,1
4.5106604,0,0
4.51116035,0,1
4.51166055,0,0
4.5121605,0,1
4.5126606,0,0
4.5131605,0,1
4.51366065,0,0
4.51416055,0,1
4.5146607,0,0
4.5151606,0,1
4.5156607,0,0
4.51616065,0,1
4.5166608,0,0
4.51716075,0,1
4.5176609,0,0
4.51816085,0,1
4.518661,0,0
4.5191609,0,1
4.51966105,0,0
4.52016095,0,1
4.52066105,0,0
4.521161,0,1
4.52166115,0,0
4.52216105,0,1
4.5226612,0,0
4.5231611,0,1
4.5236612,0,0
4.5241611,0,1
4.52466125,0,0
4.52516115,0,1
4.5256613,0,0
4.52616115,0,1
4.52666125,0,0
4.5271611,0,1
4.52766125,0,0
4.5281611,0,1
4.52866125,0,0
4.5291611,0,1
4.52966125,0,0
4.5301611,0,1
4.53066125,0,0
4.5311611,0,1
4.53166125,0,0
4.5321612,0,1
4.5326613,0,0
4.5331612,0,1
4.53366135,0,0
4.53416125,0,1
4.5346614,0,0
4.53516125,0,1
4.5356614,0,0
4.53616135,0,1
4.53666155,0,0
4.5371615,0,1
4.5376617,0,0
4.5381617,0,1
4.53866185,0,0
4.5391618,0,1
4.539662,0,0
4.5401619,0,1
4.5406621,0,0
4.54116195,0,1
4.5416621,0,0
4.54216205,0,1
4.54266225,0,0
4.5431622,0,1
4.5436624,0,0
4.54416235,0,1
4.54466245,0,0
4.54516235,0,1
4.54566255,0,0
4.54616245,0,1
4.5466626,0,0
4.5471625,0,1
4.5476626,0,0
4.54816255,0,1
4.54866265,0,0
4.54916255,0,1
4.5496627,0,0
4.5501626,0,1
4.5506627,0,0
4.5511626,0,1
4.55166275,0,0
4.55216265,0,1
4.5526629,0,0
4.5531628,0,1
4.553663,0,0
4.5541629,0,1
4.55466305,0,0
4.555163,0,1
4.55566315,0,0
4.55616305,0,1
4.55666325,0,0
4.5571631,0,1
4.5576633,0,0
4.5581632,0,1
4.55866335,0,0
4.55916325,0,1
4.55966335,0,0
4.56016325,0,1
4.56066335,0,0
4.56116325,0,1
4.5616634,0,0
4.5621633,0,1
4.56266345,0,0
4.5631634,0,1
4.56366355,0,0
4.56416345,0,1
4.5646636,0,0
4.56516345,0,1
4.5656635,0,0
4.56616335,0,1
4.56666345,0,0
4.5671633,0,1
4.5676634,0,0
4.56816335,0,1
4.5686635,0,0
4.5691634,0,1
4.56966355,0,0
4.5701635,0,1
4.57066365,0,0
4.5711635,0,1
4.57166365,0,0
4.57216355,0,1
4.5726637,0,0
4.5731636,0,1
4.57366375,0,0
4.57416365,0,1
4.5746638,0,0
4.57516375,0,1
4.5756639,0,0
4.5761638,0,1
4.57666405,0,0
4.577164,0,1
4.57766425,0,0
4.57816415,0,1
4.57866435,0,0
4.57916425,0,1
4.5796644,0,0
4.5801643,0,1
4.58066445,0,0
4.58116435,0,1
4.58166445,0,0
4.58216435,0,1
4.5826645,0,0
4.58316445,0,1
4.58366455,0,0
4.5841645,0,1
4.58466465,0,0
4.5851646,0,1
4.58566475,0,0
4.5861647,0,1
4.5866649,0,0
4.5871648,0,1
4.58766495,0,0
4.5881649,0,1
4.5886651,0,0
4.589165,0,1
4.58966515,0,0
4.5901651,0,1
4.59066525,0,0
4.59116515,0,1
4.59166525,0,0
4.59216515,0,1
4.59266525,0,0
4.5931651,0,1
4.5936653,0,0
4.5941652,0,1
4.5946654,0,0
4.5951653,0,1
4.5956655,0,0
4.5961654,0,1
4.59666555,0,0
4.5971655,0,1
4.59766565,0,0
4.5981656,0,1
4.59866575,0,0
4.5991657,0,1
4.59966585,0,0
4.6001658,0,1
4.60066595,0,0
4.6011659,0,1
4.60166605,0,0
4.60216605,0,1
4.60266625,0,0
4.6031662,0,1
4.6036664,0,0
4.6041663,0,1
4.6046665,0,0
4.6051664,0,1
4.60566655,0,0
4.6061665,0,1
4.60666665,0,0
4.60716655,0,1
4.60766675,0,0
4.60816665,0,1
4.6086668,0,0
4.60916675,0,1
4.6096669,0,0
4.61016685,0,1
4.610667,0,0
4.61116695,0,1
4.61166715,0,0
4.61216705,0,1
4.61266725,0,0
4.61316715,0,1
4.61366735,0,0
4.6141673,0,1
4.61466745,0,0
4.61516735,0,1
4.61566755,0,0
4.6161674,0,1
4.6166675,0,0
4.6171674,0,1
4.61766755,0,0
4.61816745,0,1
4.61866755,0,0
4.61916745,0,1
4.61966755,0,0
4.6201674,0,1
4.6206676,0,0
4.62116755,0,1
4.62166775,0,0
4.6221677,0,1
4.62266785,0,0
4.62316775,0,1
4.6236679,0,0
4.62416775,0,1
4.6246679,0,0
4.62516785,0,1
4.62566805,0,0
4.626168,0,1
4.6266681,0,0
4.62716805,0,1
4.6276682,0,0
4.62816815,0,1
4.6286683,0,0
4.62916825,0,1
4.62966835,0,0
4.63016825,0,1
4.6306684,0,0
4.6311683,0,1
4.63166845,0,0
4.6321684,0,1
4.6326686,0,0
4.63316855,0,1
4.63366875,0,0
4.6341687,0,1
4.6346689,0,0
4.6351688,0,1
4.635669,0,0
4.63616895,0,1
4.6366691,0,0
4.637169,0,1
4.63766915,0,0
4.63816905,0,1
4.6386692,0,0
4.6391691,0,1
4.63966925,0,0
4.6401692,0,1
4.64066935,0,0
4.64116925,0,1
4.6416694,0,0
4.6421693,0,1
4.64266945,0,0
4.64316935,0,1
4.64366945,0,0
4.64416935,0,1
4.6446695,0,0
4.6451694,0,1
4.64566955,0,0
4.6461695,0,1
4.64666965,0,0
4.64716955,0,1
4.64766965,0,0
4.6481696,0,1
4.64866975,0,0
4.64916965,0,1
4.64966985,0,0
4.65016975,0,1
4.6506699,0,0
4.6511698,0,1
4.65166995,0,0
4.65216985,0,1
4.65266995,0,0
4.6531699,0,1
4.65367,0,0
4.6541699,0,1
4.65467005,0,0
4.6551699,0,1
4.65567,0,0
4.6561699,0,1
4.6566701,0,0
4.65716995,0,1
4.6576701,0,0
4.65817,0,1
4.6586701,0,0
4.65916995,0,1
4.65967005,0,0
4.66017,0,1
4.6606701,0,0
4.66117005,0,1
4.66167015,0,0
4.66217,0,1
4.6626701,0,0
4.66316995,0,1
4.66367005,0,0
4.6641699,0,1
4.66467005,0,0
4.6651699,0,1
4.66567005,0,0
4.6661699,0,1
4.66667005,0,0
4.66716995,0,1
4.66767005,0,0
4.66816995,0,1
4.6686701,0,0
4.66916995,0,1
4.6696701,0,0
4.67017,0,1
4.67067015,0,0
4.67117005,0,1
4.67167025,0,0
4.67217015,0,1
4.6726703,0,0
4.6731702,0,1
4.6736703,0,0
4.6741702,0,1
4.6746703,0,0
4.67517015,0,1
4.6756703,0,0
4.67617025,0,1
4.6766704,0,0
4.6771703,0,1
4.6776704,0,0
4.6781703,0,1
4.67867045,0,0
4.6791704,0,1
4.6796706,0,0
4.68017045,0,1
4.6806706,0,0
4.6811705,0,1
4.68167065,0,0
4.6821705,0,1
4.68267065,0,0
4.68317055,0,1
4.6836707,0,0
4.68417065,0,1
4.68467085,0,0
4.6851708,0,1
4.68567095,0,0
4.6861709,0,1
4.68667105,0,0
4.687171,0,1
4.6876712,0,0
4.68817105,0,1
4.6886712,0,0
4.68917105,0,1
4.6896712,0,0
4.6901711,0,1
4.69067125,0,0
4.6911712,0,1
4.6916714,0,0
4.69217125,0,1
4.69267135,0,0
4.69317125,0,1
4.6936714,0,0
4.6941713,0,1
4.69467145,0,0
4.69517135,0,1
4.6956715,0,0
4.69617145,0,1
4.6966716,0,0
4.6971716,0,1
4.6976718,0,0
4.69817175,0,1
4.6986719,0,0
4.6991718,0,1
4.699672,0,0
4.70017195,0,1
4.7006721,0,0
4.701172,0,1
4.7016721,0,0
4.70217205,0,1
4.70267215,0,0
4.7031721,0,1
4.70367225,0,0
4.7041722,0,1
4.70467235,0,0
4.70517225,0,1
4.70567235,0,0
4.70617225,0,1
4.70667245,0,0
4.70717235,0,1
4.7076725,0,0
4.7081724,0,1
4.70867255,0,0
4.70917245,0,1
4.70967265,0,0
4.7101726,0,1
4.71067275,0,0
4.7111727,0,1
4.71167285,0,0
4.7121728,0,1
4.712673,0,0
4.71317295,0,1
4.71367315,0,0
4.71417305,0,1
4.7146732,0,0
4.71517315,0,1
4.71567335,0,0
4.71617325,0,1
4.71667345,0,0
4.7171734,0,1
4.7176736,0,0
4.71817355,0,1
4.71867375,0,0
4.71917365,0,1
4.7196738,0,0
4.72017375,0,1
4.7206739,0,0
4.72117385,0,1
4.72167405,0,0
4.72217395,0,1
4.7226741,0,0
4.723174,0,1
4.7236742,0,0
4.7241741,0,1
4.72467425,0,0
4.72517415,0,1
4.72567435,0,0
4.7261743,0,1
4.7266745,0,0
4.7271744,0,1
4.7276746,0,0
4.7281745,0,1
4.7286746,0,0
4.72917455,0,1
4.7296747,0,0
4.7301746,0,1
4.73067475,0,0
4.73117465,0,1
4.7316748,0,0
4.73217465,0,1
4.7326748,0,0
4.73317465,0,1
4.7336748,0,0
4.7341747,0,1
4.73467485,0,0
4.7351747,0,1
4.73567485,0,0
4.73617475,0,1
4.73667485,0,0
4.73717475,0,1
4.73767485,0,0
4.73817475,0,1
4.7386748,0,0
4.73917465,0,1
4.73967475,0,0
4.74017455,0,1
4.74067465,0,0
4.74117455,0,1
4.7416747,0,0
4.74217455,0,1
4.7426747,0,0
4.7431746,0,1
4.74367475,0,0
4.7441746,0,1
4.74467475,0,0
4.7451746,0,1
4.7456747,0,0
4.7461746,0,1
4.7466747,0,0
4.7471746,0,1
4.7476747,0,0
4.74817455,0,1
4.74867465,0,0
4.7491746,0,1
4.74967465,0,0
4.7501745,0,1
4.75067465,0,0
4.7511745,0,1
4.75167465,0,0
4.75217455,0,1
4.7526747,0,0
4.7531746,0,1
4.75367475,0,0
4.75417465,0,1
4.7546748,0,0
4.7551747,0,1
4.75567485,0,0
4.7561747,0,1
4.75667485,0,0
4.75717475,0,1
4.7576749,0,0
4.75817475,0,1
4.7586749,0,0
4.75917475,0,1
4.7596749,0,0
4.76017475,0,1
4.7606749,0,0
4.7611748,0,1
4.76167495,0,0
4.7621748,0,1
4.762675,0,0
4.7631749,0,1
4.7636751,0,0
4.76417505,0,1
4.76467525,0,0
4.76517525,0,1
4.76567545,0,0
4.7661754,0,1
4.76667555,0,0
4.7671755,0,1
4.76767565,0,0
4.7681756,0,1
4.7686758,0,0
4.7691757,0,1
4.7696759,0,0
4.77017585,0,1
4.770676,0,0
4.7711759,0,1
4.7716761,0,0
4.77217605,0,1
4.7726762,0,0
4.77317615,0,1
4.77367635,0,0
4.77417625,0,1
4.77467645,0,0
4.7751764,0,1
4.77567655,0,0
4.7761765,0,1
4.7766767,0,0
4.77717665,0,1
4.7776768,0,0
4.77817675,0,1
4.77867695,0,0
4.7791769,0,1
4.7796771,0,0
4.780177,0,1
4.7806772,0,0
4.78117715,0,1
4.7816773,0,0
4.78217725,0,1
4.7826774,0,0
4.7831773,0,1
4.7836775,0,0
4.78417745,0,1
4.78467765,0,0
4.78517755,0,1
4.7856778,0,0
4.78617775,0,1
4.786678,0,0
4.7871779,0,1
4.7876781,0,0
4.788178,0,1
4.7886782,0,0
4.7891781,0,1
4.78967825,0,0
4.79017815,0,1
4.79067835,0,0
4.7911783,0,1
4.7916785,0,0
4.79217845,0,1
4.79267865,0,0
4.7931786,0,1
4.79367885,0,0
4.7941788,0,1
4.79467905,0,0
4.795179,0,1
4.7956792,0,0
4.7961792,0,1
4.7966794,0,0
4.79717935,0,1
4.79767955,0,0
4.79817945,0,1
4.79867965,0,0
4.7991796,0,1
4.7996798,0,0
4.80017975,0,1
4.80067995,0,0
4.80117985,0,1
4.80168005,0,0
4.80217995,0,1
4.80268015,0,0
4.80318005,0,1
4.80368025,0,0
4.8041802,0,1
4.8046804,0,0
4.8051803,0,1
4.8056805,0,0
4.80618045,0,1
4.8066806,0,0
4.80718055,0,1
4.80768065,0,0
4.80818055,0,1
4.8086807,0,0
4.8091806,0,1
4.80968075,0,0
4.81018065,0,1
4.81068085,0,0
4.81118075,0,1
4.81168095,0,0
4.81218085,0,1
4.812681,0,0
4.81318085,0,1
4.81368105,0,0
4.81418095,0,1
4.81468105,0,0
4.81518095,0,1
4.8156811,0,0
4.816181,0,1
4.81668115,0,0
4.8171811,0,1
4.81768125,0,0
4.81818115,0,1
4.8186813,0,0
4.8191812,0,1
4.81968135,0,0
4.8201812,0,1
4.8206814,0,0
4.8211813,0,1
4.8216814,0,0
4.8221813,0,1
4.82268145,0,0
4.8231813,0,1
4.82368145,0,0
4.8241813,0,1
4.8246814,0,0
4.8251813,0,1
4.8256814,0,0
4.82618125,0,1
4.8266814,0,0
4.82718125,0,1
4.82768135,0,0
4.82818125,0,1
4.8286813,0,0
4.8291811,0,1
4.82968115,0,0
4.830181,0,1
4.8306811,0,0
4.83118095,0,1
4.83168105,0,0
4.83218095,0,1
4.8326811,0,0
4.83318105,0,1
4.8336812,0,0
4.8341811,0,1
4.83468125,0,0
4.83518115,0,1
4.8356813,0,0
4.8361812,0,1
4.8366813,0,0
4.83718115,0,1
4.8376813,0,0
4.8381812,0,1
4.8386813,0,0
4.8391812,0,1
4.83968135,0,0
4.84018125,0,1
4.84068135,0,0
4.84118125,0,1
4.8416814,0,0
4.84218125,0,1
4.8426813,0,0
4.84318115,0,1
4.84368125,0,0
4.84418115,0,1
4.8446813,0,0
4.8451812,0,1
4.84568135,0,0
4.84618125,0,1
4.8466814,0,0
4.84718135,0,1
4.8476815,0,0
4.8481814,0,1
4.84868155,0,0
4.84918145,0,1
4.84968155,0,0
4.85018145,0,1
4.8506816,0,0
4.8511815,0,1
4.8516817,0,0
4.8521816,0,1
4.85268175,0,0
4.85318165,0,1
4.85368175,0,0
4.8541816,0,1
4.85468175,0,0
4.8551817,0,1
4.85568185,0,0
4.85618175,0,1
4.85668195,0,0
4.85718185,0,1
4.85768205,0,0
4.85818195,0,1
4.8586821,0,0
4.859182,0,1
4.85968215,0,0
4.86018205,0,1
4.86068215,0,0
4.861182,0,1
4.86168215,0,0
4.862182,0,1
4.86268215,0,0
4.863182,0,1
4.8636821,0,0
4.8641819,0,1
4.864682,0,0
4.8651819,0,1
4.8656821,0,0
4.866182,0,1
4.86668215,0,0
4.8671821,0,1
4.86768225,0,0
4.86818215,0,1
4.8686823,0,0
4.8691822,0,1
4.86968235,0,0
4.87018225,0,1
4.8706824,0,0
4.8711823,0,1
4.87168245,0,0
4.87218235,0,1
4.87268255,0,0
4.8731824,0,1
4.87368255,0,0
4.87418245,0,1
4.87468255,0,0
4.87518245,0,1
4.8756826,0,0
4.8761825,0,1
4.87668265,0,0
4.8771825,0,1
4.8776826,0,0
4.87818245,0,1
4.8786826,0,0
4.8791825,0,1
4.87968265,0,0
4.8801825,0,1
4.88068265,0,0
4.8811825,0,1
4.88168265,0,0
4.88218255,0,1
4.8826827,0,0
4.88318265,0,1
4.8836828,0,0
4.8841827,0,1
4.88468285,0,0
4.88518275,0,1
4.885683,0,0
4.88618295,0,1
4.88668315,0,0
4.8871831,0,1
4.8876833,0,0
4.8881832,0,1
4.88868335,0,0
4.8891833,0,1
4.88968345,0,0
4.89018335,0,1
4.8906835,0,0
4.8911834,0,1
4.89168355,0,0
4.89218345,0,1
4.8926836,0,0
4.89318355,0,1
4.8936837,0,0
4.8941836,0,1
4.8946837,0,0
4.89518355,0,1
4.89568365,0,0
4.89618355,0,1
4.89668375,0,0
4.89718365,0,1
4.8976838,0,0
4.89818375,0,1
4.8986839,0,0
4.89918385,0,1
4.89968395,0,0
4.9001839,0,1
4.90068405,0,0
4.90118395,0,1
4.9016841,0,0
4.902184,0,1
4.9026842,0,0
4.90318415,0,1
4.90368435,0,0
4.9041843,0,1
4.90468445,0,0
4.9051844,0,1
4.9056846,0,0
4.90618445,0,1
4.90668455,0,0
4.9071844,0,1
4.90768445,0,0
4.90818435,0,1
4.90868455,0,0
4.90918445,0,1
4.90968465,0,0
4.91018455,0,1
4.91068475,0,0
4.9111847,0,1
4.91168495,0,0
4.9121849,0,1
4.91268505,0,0
4.913185,0,1
4.91368515,0,0
4.9141851,0,1
4.91468525,0,0
4.91518525,0,1
4.9156854,0,0
4.91618535,0,1
4.9166855,0,0
4.91718535,0,1
4.91768555,0,0
4.91818545,0,1
4.9186856,0,0
4.9191855,0,1
4.9196856,0,0
4.9201855,0,1
4.92068565,0,0
4.9211856,0,1
4.9216857,0,0
4.9221856,0,1
4.92268575,0,0
4.9231856,0,1
4.92368575,0,0
4.92418565,0,1
4.92468585,0,0
4.92518575,0,1
4.9256859,0,0
4.92618585,0,1
4.926686,0,0
4.92718595,0,1
4.92768615,0,0
4.92818605,0,1
4.9286862,0,0
4.9291861,0,1
4.9296863,0,0
4.9301863,0,1
4.9306865,0,0
4.9311864,0,1
4.93168655,0,0
4.93218655,0,1
4.93268685,0,0
4.9331868,0,1
4.933687,0,0
4.934187,0,1
4.9346872,0,0
4.93518715,0,1
4.93568735,0,0
4.9361873,0,1
4.9366875,0,0
4.93718745,0,1
4.9376876,0,0
4.93818755,0,1
4.93868775,0,0
4.9391876,0,1
4.93968775,0,0
4.94018765,0,1
4.9406878,0,0
4.9411877,0,1
4.9416879,0,0
4.9421878,0,1
4.942688,0,0
4.9431879,0,1
4.9436881,0,0
4.944188,0,1
4.9446882,0,0
4.9451881,0,1
4.9456883,0,0
4.9461882,0,1
4.9466883,0,0
4.9471882,0,1
4.9476884,0,0
4.94818825,0,1
4.9486884,0,0
4.9491883,0,1
4.94968845,0,0
4.9501884,0,1
4.95068855,0,0
4.9511885,0,1
4.9516887,0,0
4.95218865,0,1
4.9526888,0,0
4.9531887,0,1
4.95368885,0,0
4.9541888,0,1
4.95468895,0,0
4.9551889,0,1
4.9556891,0,0
4.95618905,0,1
4.95668915,0,0
4.957189,0,1
4.9576892,0,0
4.9581891,0,1
4.95868925,0,0
4.95918915,0,1
4.9596893,0,0
4.9601892,0,1
4.96068935,0,0
4.96118925,0,1
4.9616894,0,0
4.96218935,0,1
4.96268945,0,0
4.96318935,0,1
4.96368955,0,0
4.96418945,0,1
4.96468965,0,0
4.96518955,0,1
4.9656897,0,0
4.96618955,0,1
4.9666897,0,0
4.9671896,0,1
4.9676897,0,0
4.9681896,0,1
4.9686898,0,0
4.9691897,0,1
4.96968985,0,0
4.9701898,0,1
4.97068995,0,0
4.97118985,0,1
4.97169,0,0
4.9721899,0,1
4.97269005,0,0
4.97318995,0,1
4.9736901,0,0
4.97419,0,1
4.97469025,0,0
4.97519015,0,1
4.97569035,0,0
4.9761903,0,1
4.9766905,0,0
4.97719045,0,1
4.97769065,0,0
4.9781906,0,1
4.9786908,0,0
4.9791907,0,1
4.97969085,0,0
4.98019075,0,1
4.9806909,0,0
4.98119075,0,1
4.98169085,0,0
4.98219075,0,1
4.98269085,0,0
4.98319075,0,1
4.98369085,0,0
4.9841907,0,1
4.9846908,0,0
4.9851907,0,1
4.9856908,0,0
4.98619065,0,1
4.98669075,0,0
4.98719065,0,1
4.9876908,0,0
4.98819065,0,1
4.9886908,0,0
4.98919065,0,1
4.9896908,0,0
4.99019075,0,1
4.99069095,0,0
4.9911909,0,1
4.9916911,0,0
4.9921911,0,1
4.9926913,0,0
4.99319125,0,1
4.99369145,0,0
4.99419135,0,1
4.99469155,0,0
4.9951915,0,1
4.9956917,0,0
4.9961917,0,1
4.9966919,0,0
4.9971918,0,1
4.997692,0,0
4.9981919,0,1
4.99869205,0,0
4.999192,0,1
4.99969215,0,0
