timestamp_s,CH0,CH1
0.0,0,1
0.0002729,0,0
0.00077265,0,1
0.00127265,0,0
0.0017724,0,1
0.0022724,0,0
0.00277215,0,1
0.00327215,0,0
0.0037719,0,1
0.00427195,0,0
0.0047717,0,1
0.00527165,0,0
0.00577145,0,1
0.0062714,0,0
0.0067712,0,1
0.0072712,0,0
0.0077709,0,1
0.0082709,0,0
0.0087706,0,1
0.0092706,0,0
0.00977035,0,1
0.01027035,0,0
0.01077015,0,1
0.01127015,0,0
0.01176995,0,1
0.01226995,0,0
0.0127697,0,1
0.01326975,0,0
0.0137695,0,1
0.0142695,0,0
0.01476925,0,1
0.0152692,0,0
0.01576895,0,1
0.016269,0,0
0.0167688,0,1
0.0172688,0,0
0.01776865,0,1
0.0182687,0,0
0.01876845,0,1
0.0192685,0,0
0.0197683,0,1
0.0202683,0,0
0.0207681,0,1
0.02126815,0,0
0.02176795,0,1
0.022268,0,0
0.02276775,0,1
0.0232678,0,0
0.0237676,0,1
0.02426765,0,0
0.02476745,0,1
0.0252675,0,0
0.0257673,0,1
0.0262673,0,0
0.0267671,0,1
0.0272671,0,0
0.0277669,0,1
0.0282669,0,0
0.0287667,0,1
0.0292667,0,0
0.0297665,0,1
0.03026655,0,0
0.03076635,0,1
0.0312664,0,0
0.0317662,0,1
0.03226625,0,0
0.03276605,0,1
0.03326605,0,0
0.03376585,0,1
0.0342659,0,0
0.03476565,0,1
0.03526565,0,0
0.0357654,0,1
0.0362654,0,0
0.0367652,0,1
0.03726525,0,0
0.03776505,0,1
0.0382651,0,0
0.0387649,0,1
0.03926495,0,0
0.0397647,0,1
0.04026475,0,0
0.0407646,0,1
0.0412646,0,0
0.04176435,0,1
0.04226435,0,0
0.0427641,0,1
0.0432641,0,0
0.0437639,0,1
0.04426395,0,0
0.04476375,0,1
0.04526375,0,0
0.04576355,0,1
0.0462635,0,0
0.04676325,0,1
0.0472634,0,0
0.0477632,0,1
0.0482632,0,0
0.04876295,0,1
0.049263,0,0
0.0497627,0,1
0.0500004,1,1
0.0502627,1,0
0.05076245,1,1
0.0512624,1,0
0.05176225,1,1
0.0522623,1,0
0.0527619,1,1
0.05326175,1,0
0.0537615,1,1
0.05426155,1,0
0.05476125,1,1
0.0552614,1,0
0.05576115,1,1
0.0562611,1,0
0.05676075,1,1
0.0572608,1,0
0.05776055,1,1
0.05826055,1,0
0.05876025,1,1
0.05926025,1,0
0.05976005,1,1
0.0600595,0,1
0.0602602,0,0
0.06075995,0,1
0.06125995,0,0
0.0617597,0,1
0.0622597,0,0
0.06275975,0,1
0.0632595,0,0
0.0637593,0,1
0.0642593,0,0
0.0647591,0,1
0.065259,0,0
0.06575875,0,1
0.0662588,0,0
0.06675855,0,1
0.0672587,0,0
0.06775835,0,1
0.06825835,0,0
0.0687581,0,1
0.0692581,0,0
0.06975785,0,1
0.07025785,0,0
0.0707576,0,1
0.07125765,0,0
0.07175745,0,1
0.07225755,0,0
0.0727573,0,1
0.07325735,0,0
0.07375715,0,1
0.0742572,0,0
0.074757,0,1
0.075257,0,0
0.07575675,0,1
0.0762568,0,0
0.0767566,0,1
0.07725665,0,0
0.07775645,0,1
0.07825645,0,0
0.07875625,0,1
0.0792563,0,0
0.0797561,0,1
0.0802561,0,0
0.0807559,0,1
0.08125595,0,0
0.0817557,0,1
0.0822557,0,0
0.0827555,0,1
0.0832555,0,0
0.08375525,0,1
0.08425525,0,0
0.08475505,0,1
0.08525505,0,0
0.0857548,0,1
0.08625485,0,0
0.08675465,0,1
0.0872547,0,0
0.0877545,0,1
0.0882545,0,0
0.0887543,0,1
0.08925435,0,0
0.0897541,0,1
0.09025415,0,0
0.09075395,0,1
0.091254,0,0
0.0917538,0,1
0.09225385,0,0
0.0927536,0,1
0.09325365,0,0
0.0937534,0,1
0.09425345,0,0
0.0947533,0,1
0.0952533,0,0
0.0957531,0,1
0.0962531,0,0
0.09675295,0,1
0.09725295,0,0
0.0977528,0,1
0.09825285,0,0
0.09875265,0,1
0.09925265,0,0
0.09975245,0,1
0.10025255,0,0
0.10075235,0,1
0.1012524,0,0
0.1017522,0,1
0.10225225,0,0
0.10275205,0,1
0.10325205,0,0
0.10375175,0,1
0.1042518,0,0
0.10475155,0,1
0.1052515,0,0
0.1057513,0,1
0.10625125,0,0
0.106751,0,1
0.107251,0,0
0.10775075,0,1
0.10825075,0,0
0.10875055,0,1
0.10925055,0,0
0.10975035,0,1
0.11025035,0,0
0.1107502,0,1
0.11125025,0,0
0.11175005,0,1
0.1122501,0,0
0.1127499,0,1
0.11324995,0,0
0.11374975,0,1
0.1142498,0,0
0.11474955,0,1
0.1152496,0,0
0.11574935,0,1
0.1162494,0,0
0.1167491,0,1
0.1172491,0,0
0.1177488,0,1
0.1182488,0,0
0.11874855,0,1
0.1192485,0,0
0.1197482,0,1
0.12024815,0,0
0.1207479,0,1
0.1212479,0,0
0.12174765,0,1
0.1222476,0,0
0.1227473,0,1
0.1232473,0,0
0.123747,0,1
0.12424695,0,0
0.12474665,0,1
0.1252467,0,0
0.1257465,0,1
0.1262465,0,0
0.12674625,0,1
0.12724625,0,0
0.12774605,0,1
0.128246,0,0
0.1287458,0,1
0.1292458,0,0
0.1297456,0,1
0.1302456,0,0
0.1307454,0,1
0.13124545,0,0
0.13174525,0,1
0.13224525,0,0
0.132745,0,1
0.133245,0,0
0.13374485,0,1
0.13424485,0,0
0.1347446,0,1
0.1352446,0,0
0.1357444,0,1
0.13624435,0,0
0.1367441,0,1
0.13724415,0,0
0.1377439,0,1
0.1382439,0,0
0.13874365,0,1
0.13924365,0,0
0.13974345,0,1
0.14024345,0,0
0.1407432,0,1
0.14124325,0,0
0.141743,0,1
0.142243,0,0
0.14274275,0,1
0.14324275,0,0
0.14374255,0,1
0.1442425,0,0
0.1447423,0,1
0.1452423,0,0
0.1457421,0,1
0.1462421,0,0
0.14674195,0,1
0.147242,0,0
0.1477418,0,1
0.14824185,0,0
0.14874165,0,1
0.1492417,0,0
0.1497415,0,1
0.1502415,0,0
0.1507413,0,1
0.1512413,0,0
0.15174105,0,1
0.15224105,0,0
0.1527408,0,1
0.1532408,0,0
0.15374055,0,1
0.1542406,0,0
0.15474035,0,1
0.15524035,0,0
0.1557401,0,1
0.15624015,0,0
0.15673995,0,1
0.15723995,0,0
0.1577397,0,1
0.1582397,0,0
0.15873945,0,1
0.1592395,0,0
0.1597392,0,1
0.1602392,0,0
0.160739,0,1
0.161239,0,0
0.16173875,0,1
0.1622388,0,0
0.1627386,0,1
0.16323865,0,0
0.1637384,0,1
0.1642384,0,0
0.16473815,0,1
0.1652382,0,0
0.16573795,0,1
0.166238,0,0
0.16673775,0,1
0.16723775,0,0
0.16773755,0,1
0.16823755,0,0
0.16873735,0,1
0.16923735,0,0
0.1697372,0,1
0.17023725,0,0
0.170737,0,1
0.1712371,0,0
0.1717369,0,1
0.1722369,0,0
0.17273665,0,1
0.1732367,0,0
0.1737364,0,1
0.17423635,0,0
0.17473605,0,1
0.175236,0,0
0.17573565,0,1
0.1762356,0,0
0.1767353,0,1
0.1772352,0,0
0.17773495,0,1
0.17823495,0,0
0.17873465,0,1
0.17923465,0,0
0.1797344,0,1
0.1802344,0,0
0.1807342,0,1
0.1812342,0,0
0.181734,0,1
0.182234,0,0
0.18273375,0,1
0.1832338,0,0
0.1837336,0,1
0.18423365,0,0
0.1847334,0,1
0.18523345,0,0
0.18573325,0,1
0.18623325,0,0
0.18673305,0,1
0.1872331,0,0
0.18773295,0,1
0.188233,0,0
0.18873275,0,1
0.1892328,0,0
0.1897326,0,1
0.19023265,0,0
0.1907324,0,1
0.19123245,0,0
0.1917322,0,1
0.1922322,0,0
0.19273195,0,1
0.19323195,0,0
0.1937317,0,1
0.19423175,0,0
0.1947315,0,1
0.1952315,0,0
0.1957313,0,1
0.1962313,0,0
0.19673105,0,1
0.1972311,0,0
0.19773085,0,1
0.19823085,0,0
0.1987306,0,1
0.19923065,0,0
0.1997304,0,1
0.20023035,0,0
0.20073015,0,1
0.20123015,0,0
0.20172985,0,1
0.20222985,0,0
0.2027296,0,1
0.20322965,0,0
0.2037294,0,1
0.20422945,0,0
0.20472925,0,1
0.20522925,0,0
0.20572905,0,1
0.2062291,0,0
0.2067289,0,1
0.20722895,0,0
0.20772875,0,1
0.2082288,0,0
0.20872855,0,1
0.20922855,0,0
0.2097283,0,1
0.2102283,0,0
0.210728,0,1
0.211228,0,0
0.21172775,0,1
0.2122277,0,0
0.21272745,0,1
0.2132274,0,0
0.2137271,0,1
0.2142271,0,0
0.2147268,0,1
0.21522675,0,0
0.21572645,0,1
0.21622645,0,0
0.2167262,0,1
0.2172262,0,0
0.21772595,0,1
0.21822595,0,0
0.21872575,0,1
0.21922575,0,0
0.21972555,0,1
0.22022555,0,0
0.22072525,0,1
0.22122525,0,0
0.22172505,0,1
0.22222505,0,0
0.22272485,0,1
0.22322485,0,0
0.2237246,0,1
0.2242246,0,0
0.22472435,0,1
0.2252244,0,0
0.22572415,0,1
0.22622415,0,0
0.2267239,0,1
0.2272239,0,0
0.22772365,0,1
0.2282236,0,0
0.22872335,0,1
0.22922335,0,0
0.2297231,0,1
0.23022305,0,0
0.23072275,0,1
0.2312227,0,0
0.2317224,0,1
0.2322224,0,0
0.23272215,0,1
0.2332221,0,0
0.23372185,0,1
0.2342218,0,0
0.23472155,0,1
0.2352215,0,0
0.23572125,0,1
0.2362213,0,0
0.236721,0,1
0.23722095,0,0
0.23772065,0,1
0.2382206,0,0
0.2387203,0,1
0.23922025,0,0
0.23972,0,1
0.24021995,0,0
0.2407197,0,1
0.24121975,0,0
0.24171955,0,1
0.2422196,0,0
0.24271935,0,1
0.24321935,0,0
0.24371915,0,1
0.2442191,0,0
0.2447188,0,1
0.2452188,0,0
0.24571855,0,1
0.24621855,0,0
0.24671835,0,1
0.24721835,0,0
0.2477181,0,1
0.24821815,0,0
0.2487179,0,1
0.2492179,0,0
0.2497177,0,1
0.25021765,0,0
0.2507174,0,1
0.25121735,0,0
0.25171705,0,1
0.25221705,0,0
0.25271685,0,1
0.25321685,0,0
0.2537166,0,1
0.25421665,0,0
0.2547164,0,1
0.25521635,0,0
0.2557161,0,1
0.2562161,0,0
0.2567158,0,1
0.2572158,0,0
0.2577155,0,1
0.2582155,0,0
0.25871525,0,1
0.2592153,0,0
0.25971505,0,1
0.260215,0,0
0.26071475,0,1
0.26121475,0,0
0.2617145,0,1
0.26221445,0,0
0.2627142,0,1
0.2632142,0,0
0.26371395,0,1
0.26421395,0,0
0.2647136,0,1
0.2652136,0,0
0.2657133,0,1
0.2662133,0,0
0.26671305,0,1
0.26721305,0,0
0.26771285,0,1
0.26821285,0,0
0.26871255,0,1
0.26921255,0,0
0.26971225,0,1
0.2702122,0,0
0.27071195,0,1
0.27121195,0,0
0.2717117,0,1
0.2722117,0,0
0.27271145,0,1
0.27321145,0,0
0.27371125,0,1
0.27421125,0,0
0.27471105,0,1
0.2752111,0,0
0.2757109,0,1
0.27621095,0,0
0.2767107,0,1
0.27721065,0,0
0.2777104,0,1
0.2782104,0,0
0.27871015,0,1
0.27921015,0,0
0.2797099,0,1
0.2802099,0,0
0.28070965,0,1
0.28120965,0,0
0.28170945,0,1
0.28220945,0,0
0.2827092,0,1
0.2832092,0,0
0.283709,0,1
0.28420905,0,0
0.2847088,0,1
0.2852088,0,0
0.2857086,0,1
0.28620855,0,0
0.28670825,0,1
0.2872082,0,0
0.28770795,0,1
0.2882079,0,0
0.28870765,0,1
0.2892076,0,0
0.28970735,0,1
0.2902073,0,0
0.2907071,0,1
0.29120705,0,0
0.2917068,0,1
0.29220675,0,0
0.29270645,0,1
0.2932064,0,0
0.2937061,0,1
0.29420615,0,0
0.2947059,0,1
0.29520585,0,0
0.29570555,0,1
0.2962055,0,0
0.2967052,0,1
0.2972052,0,0
0.29770495,0,1
0.2982049,0,0
0.29870465,0,1
0.29920465,0,0
0.29970435,0,1
0.3002043,0,0
0.300704,0,1
0.301204,0,0
0.3017037,0,1
0.3022037,0,0
0.3027034,0,1
0.30320335,0,0
0.303703,0,1
0.30420295,0,0
0.30470265,0,1
0.30520265,0,0
0.3057023,0,1
0.30620225,0,0
0.30670195,0,1
0.3072019,0,0
0.3077016,0,1
0.3082016,0,0
0.30870135,0,1
0.30920135,0,0
0.3097011,0,1
0.31020105,0,0
0.3107008,0,1
0.3112008,0,0
0.31170055,0,1
0.3122005,0,0
0.31270025,0,1
0.31320025,0,0
0.3137,0,1
0.3142,0,0
0.31469975,0,1
0.31519975,0,0
0.3156995,0,1
0.3161995,0,0
0.3166992,0,1
0.31719915,0,0
0.31769885,0,1
0.31819885,0,0
0.31869855,0,1
0.31919855,0,0
0.31969825,0,1
0.3201982,0,0
0.32069795,0,1
0.32119795,0,0
0.32169765,0,1
0.32219765,0,0
0.3226974,0,1
0.32319735,0,0
0.32369705,0,1
0.32419695,0,0
0.32469665,0,1
0.3251966,0,0
0.3256963,0,1
0.32619625,0,0
0.326696,0,1
0.327196,0,0
0.3276957,0,1
0.32819565,0,0
0.3286954,0,1
0.3291954,0,0
0.32969515,0,1
0.33019515,0,0
0.33069485,0,1
0.33119485,0,0
0.33169455,0,1
0.3321945,0,0
0.33269425,0,1
0.33319425,0,0
0.333694,0,1
0.334194,0,0
0.33469375,0,1
0.33519375,0,0
0.3356935,0,1
0.3361935,0,0
0.33669325,0,1
0.33719325,0,0
0.33769295,0,1
0.33819295,0,0
0.33869265,0,1
0.3391927,0,0
0.33969245,0,1
0.34019245,0,0
0.3406922,0,1
0.34119215,0,0
0.34169185,0,1
0.3421918,0,0
0.34269155,0,1
0.3431915,0,0
0.34369125,0,1
0.34419115,0,0
0.3446909,0,1
0.34519085,0,0
0.3456906,0,1
0.3461906,0,0
0.34669035,0,1
0.34719035,0,0
0.34769015,0,1
0.34819015,0,0
0.3486899,0,1
0.3491899,0,0
0.34968965,0,1
0.35018965,0,0
0.35068945,0,1
0.35118945,0,0
0.35168925,0,1
0.3521892,0,0
0.35268895,0,1
0.35318895,0,0
0.35368865,0,1
0.35418865,0,0
0.3546884,0,1
0.3551884,0,0
0.3556881,0,1
0.35618805,0,0
0.35668775,0,1
0.35718775,0,0
0.3576875,0,1
0.35818745,0,0
0.35868715,0,1
0.35918715,0,0
0.3596869,0,1
0.36018685,0,0
0.36068655,0,1
0.3611865,0,0
0.3616862,0,1
0.36218615,0,0
0.3626859,0,1
0.36318585,0,0
0.36368555,0,1
0.3641855,0,0
0.3646852,0,1
0.36518515,0,0
0.36568485,0,1
0.3661848,0,0
0.3666845,0,1
0.3671844,0,0
0.3676841,0,1
0.3681841,0,0
0.3686838,0,1
0.3691837,0,0
0.36968335,0,1
0.3701833,0,0
0.37068295,0,1
0.3711829,0,0
0.3716826,0,1
0.37218255,0,0
0.3726823,0,1
0.37318225,0,0
0.37368205,0,1
0.374182,0,0
0.37468175,0,1
0.3751817,0,0
0.3756814,0,1
0.3761813,0,0
0.37668105,0,1
0.377181,0,0
0.37768075,0,1
0.3781807,0,0
0.3786804,0,1
0.3791804,0,0
0.3796801,0,1
0.3801801,0,0
0.38067985,0,1
0.3811798,0,0
0.3816795,0,1
0.38217945,0,0
0.3826792,0,1
0.38317925,0,0
0.383679,0,1
0.384179,0,0
0.3846787,0,1
0.38517865,0,0
0.3856784,0,1
0.3861784,0,0
0.38667815,0,1
0.3871781,0,0
0.3876778,0,1
0.3881778,0,0
0.3886775,0,1
0.38917745,0,0
0.38967715,0,1
0.3901771,0,0
0.3906768,0,1
0.39117675,0,0
0.39167645,0,1
0.3921764,0,0
0.3926761,0,1
0.3931761,0,0
0.39367585,0,1
0.39417585,0,0
0.39467555,0,1
0.3951755,0,0
0.39567525,0,1
0.3961752,0,0
0.3966749,0,1
0.39717485,0,0
0.39767455,0,1
0.39817455,0,0
0.39867425,0,1
0.39917425,0,0
0.39967395,0,1
0.4001739,0,0
0.40067365,0,1
0.4011736,0,0
0.4016733,0,1
0.40217335,0,0
0.4026731,0,1
0.4031731,0,0
0.4036728,0,1
0.4041728,0,0
0.4046726,0,1
0.40517255,0,0
0.4056723,0,1
0.4061723,0,0
0.406672,0,1
0.40717205,0,0
0.40767185,0,1
0.4081719,0,0
0.40867165,0,1
0.40917165,0,0
0.40967145,0,1
0.4101714,0,0
0.4106712,0,1
0.41117125,0,0
0.411671,0,1
0.412171,0,0
0.41267075,0,1
0.41317075,0,0
0.41367045,0,1
0.4141704,0,0
0.41467015,0,1
0.4151701,0,0
0.4156698,0,1
0.41616975,0,0
0.4166695,0,1
0.41716955,0,0
0.41766935,0,1
0.41816935,0,0
0.4186691,0,1
0.41916915,0,0
0.4196689,0,1
0.42016895,0,0
0.4206687,0,1
0.4211688,0,0
0.42166855,0,1
0.42216855,0,0
0.42266835,0,1
0.42316835,0,0
0.42366815,0,1
0.42416815,0,0
0.4246679,0,1
0.42516795,0,0
0.42566765,0,1
0.42616765,0,0
0.4266674,0,1
0.42716735,0,0
0.42766705,0,1
0.428167,0,0
0.4286667,0,1
0.42916665,0,0
0.42966635,0,1
0.4301663,0,0
0.43066595,0,1
0.4311659,0,0
0.4316656,0,1
0.4321656,0,0
0.4326653,0,1
0.43316525,0,0
0.43366495,0,1
0.4341649,0,0
0.4346646,0,1
0.43516455,0,0
0.43566425,0,1
0.43616415,0,0
0.43666385,0,1
0.4371638,0,0
0.43766355,0,1
0.4381635,0,0
0.4386632,0,1
0.4391631,0,0
0.43966285,0,1
0.4401628,0,0
0.44066245,0,1
0.4411624,0,0
0.4416621,0,1
0.44216205,0,0
0.44266175,0,1
0.4431617,0,0
0.4436614,0,1
0.44416135,0,0
0.44466105,0,1
0.445161,0,0
0.4456607,0,1
0.4461607,0,0
0.4466604,0,1
0.44716035,0,0
0.44765995,0,1
0.44815985,0,0
0.4486595,0,1
0.4491595,0,0
0.4496592,0,1
0.45015915,0,0
0.45065885,0,1
0.45115885,0,0
0.45165855,0,1
0.45215855,0,0
0.45265825,0,1
0.45315825,0,0
0.453658,0,1
0.45415795,0,0
0.45465765,0,1
0.45515765,0,0
0.45565735,0,1
0.4561573,0,0
0.456657,0,1
0.45715695,0,0
0.4576567,0,1
0.45815665,0,0
0.45865635,0,1
0.4591563,0,0
0.459656,0,1
0.46015595,0,0
0.46065565,0,1
0.4611556,0,0
0.4616553,0,1
0.46215525,0,0
0.46265495,0,1
0.46315485,0,0
0.4636546,0,1
0.4641546,0,0
0.46465435,0,1
0.46515435,0,0
0.4656541,0,1
0.4661541,0,0
0.4666538,0,1
0.4671538,0,0
0.46765355,0,1
0.46815355,0,0
0.4686533,0,1
0.46915325,0,0
0.46965295,0,1
0.4701529,0,0
0.4706526,0,1
0.4711526,0,0
0.4716523,0,1
0.4721523,0,0
0.4726521,0,1
0.47315205,0,0
0.47365175,0,1
0.4741517,0,0
0.4746514,0,1
0.47515135,0,0
0.47565105,0,1
0.47615105,0,0
0.4766508,0,1
0.4771508,0,0
0.47765055,0,1
0.47815055,0,0
0.47865025,0,1
0.47915025,0,0
0.47964995,0,1
0.4801499,0,0
0.48064965,0,1
0.48114965,0,0
0.48164935,0,1
0.48214935,0,0
0.4826491,0,1
0.48314905,0,0
0.48364885,0,1
0.48414885,0,0
0.48464855,0,1
0.48514855,0,0
0.48564825,0,1
0.4861482,0,0
0.4866479,0,1
0.4871478,0,0
0.4876475,0,1
0.4881475,0,0
0.4886472,0,1
0.4891472,0,0
0.48964695,0,1
0.49014695,0,0
0.4906467,0,1
0.49114665,0,0
0.4916464,0,1
0.49214635,0,0
0.4926461,0,1
0.4931461,0,0
0.49364585,0,1
0.49414585,0,0
0.49464555,0,1
0.49514555,0,0
0.49564535,0,1
0.49614535,0,0
0.49664515,0,1
0.4971452,0,0
0.49764505,0,1
0.49814515,0,0
0.49864495,0,1
0.49914495,0,0
0.4996448,0,1
0.50014485,0,0
0.5006446,0,1
0.5011446,0,0
0.50164435,0,1
0.5021443,0,0
0.50264405,0,1
0.50314405,0,0
0.5036438,0,1
0.5041438,0,0
0.50464355,0,1
0.5051435,0,0
0.50564325,0,1
0.50614325,0,0
0.506643,0,1
0.507143,0,0
0.5076427,0,1
0.50814265,0,0
0.50864235,0,1
0.5091423,0,0
0.5096421,0,1
0.51014205,0,0
0.51064175,0,1
0.51114175,0,0
0.5116415,0,1
0.51214155,0,0
0.51264135,0,1
0.51314135,0,0
0.5136411,0,1
0.51414105,0,0
0.5146408,0,1
0.5151408,0,0
0.51564055,0,1
0.5161406,0,0
0.5166403,0,1
0.5171403,0,0
0.51764,0,1
0.51814,0,0
0.51863975,0,1
0.51913975,0,0
0.5196395,0,1
0.5201395,0,0
0.5206393,0,1
0.5211393,0,0
0.5216391,0,1
0.52213915,0,0
0.5226389,0,1
0.5231389,0,0
0.52363865,0,1
0.52413865,0,0
0.52463845,0,1
0.5251385,0,0
0.5256383,0,1
0.52613835,0,0
0.52663815,0,1
0.52713815,0,0
0.52763795,0,1
0.528138,0,0
0.52863775,0,1
0.5291378,0,0
0.52963755,0,1
0.53013765,0,0
0.5306374,0,1
0.53113745,0,0
0.5316372,0,1
0.5321372,0,0
0.532637,0,1
0.53313695,0,0
0.5336367,0,1
0.53413665,0,0
0.5346364,0,1
0.5351364,0,0
0.5356362,0,1
0.5361362,0,0
0.536636,0,1
0.53713605,0,0
0.53763585,0,1
0.5381359,0,0
0.5386357,0,1
0.5391357,0,0
0.5396355,0,1
0.54013545,0,0
0.54063525,0,1
0.5411353,0,0
0.5416351,0,1
0.54213515,0,0
0.5426349,0,1
0.54313495,0,0
0.5436347,0,1
0.54413475,0,0
0.54463455,0,1
0.5451346,0,0
0.54563435,0,1
0.5461344,0,0
0.54663415,0,1
0.5471341,0,0
0.54763385,0,1
0.54813385,0,0
0.5486336,0,1
0.54913355,0,0
0.5496333,0,1
0.5501333,0,0
0.55063305,0,1
0.551133,0,0
0.55163275,0,1
0.55213275,0,0
0.55263245,0,1
0.55313245,0,0
0.5536322,0,1
0.55413225,0,0
0.554632,0,1
0.55513205,0,0
0.55563185,0,1
0.55613195,0,0
0.5566317,0,1
0.55713175,0,0
0.5576315,0,1
0.5581315,0,0
0.55863125,0,1
0.55913125,0,0
0.559631,0,1
0.560131,0,0
0.5606307,0,1
0.5611307,0,0
0.5616304,0,1
0.5621304,0,0
0.5626301,0,1
0.5631301,0,0
0.56362985,0,1
0.5641298,0,0
0.56462955,0,1
0.56512955,0,0
0.5656293,0,1
0.56612925,0,0
0.566629,0,1
0.567129,0,0
0.5676288,0,1
0.5681288,0,0
0.5686285,0,1
0.5691285,0,0
0.56962825,0,1
0.57012825,0,0
0.57062805,0,1
0.57112805,0,0
0.5716278,0,1
0.5721278,0,0
0.57262755,0,1
0.57312755,0,0
0.5736273,0,1
0.57412725,0,0
0.574627,0,1
0.575127,0,0
0.5756267,0,1
0.5761267,0,0
0.57662645,0,1
0.57712645,0,0
0.5776262,0,1
0.57812625,0,0
0.57862605,0,1
0.57912605,0,0
0.57962585,0,1
0.5801259,0,0
0.5806257,0,1
0.5811257,0,0
0.5816255,0,1
0.5821255,0,0
0.5826252,0,1
0.58312525,0,0
0.583625,0,1
0.584125,0,0
0.5846247,0,1
0.5851247,0,0
0.5856244,0,1
0.5861244,0,0
0.58662415,0,1
0.5871241,0,0
0.58762385,0,1
0.58812375,0,0
0.5886235,0,1
0.58912345,0,0
0.58962315,0,1
0.59012315,0,0
0.5906229,0,1
0.59112285,0,0
0.59162255,0,1
0.59212245,0,0
0.59262215,0,1
0.59312205,0,0
0.5936218,0,1
0.5941218,0,0
0.5946216,0,1
0.5951216,0,0
0.59562135,0,1
0.5961213,0,0
0.59662105,0,1
0.597121,0,0
0.5976207,0,1
0.5981207,0,0
0.59862045,0,1
0.59912045,0,0
0.59962015,0,1
0.60012015,0,0
0.60061985,0,1
0.6011198,0,0
0.6016195,0,1
0.60211945,0,0
0.60261915,0,1
0.6031191,0,0
0.6036188,0,1
0.60411875,0,0
0.60461845,0,1
0.6051184,0,0
0.60561815,0,1
0.60611815,0,0
0.6066179,0,1
0.60711785,0,0
0.60761765,0,1
0.60811765,0,0
0.6086174,0,1
0.6091174,0,0
0.60961715,0,1
0.61011715,0,0
0.6106169,0,1
0.61111685,0,0
0.6116166,0,1
0.6121166,0,0
0.61261635,0,1
0.61311635,0,0
0.61361615,0,1
0.61411615,0,0
0.6146159,0,1
0.6151159,0,0
0.61561565,0,1
0.61611565,0,0
0.6166154,0,1
0.61711545,0,0
0.6176152,0,1
0.6181152,0,0
0.61861495,0,1
0.61911495,0,0
0.6196147,0,1
0.62011475,0,0
0.6206145,0,1
0.6211145,0,0
0.62161425,0,1
0.62211425,0,0
0.622614,0,1
0.623114,0,0
0.6236137,0,1
0.6241137,0,0
0.62461345,0,1
0.6251135,0,0
0.6256133,0,1
0.6261133,0,0
0.6266131,0,1
0.6271131,0,0
0.62761285,0,1
0.6281128,0,0
0.6286126,0,1
0.6291126,0,0
0.6296124,0,1
0.6301124,0,0
0.6306122,0,1
0.6311122,0,0
0.63161195,0,1
0.63211195,0,0
0.63261175,0,1
0.6331118,0,0
0.6336116,0,1
0.6341116,0,0
0.6346114,0,1
0.6351114,0,0
0.6356112,0,1
0.6361112,0,0
0.63661095,0,1
0.63711095,0,0
0.6376107,0,1
0.6381107,0,0
0.6386105,0,1
0.63911045,0,0
0.63961025,0,1
0.64011025,0,0
0.64061,0,1
0.64110995,0,0
0.64160975,0,1
0.64210975,0,0
0.64260955,0,1
0.64310955,0,0
0.64360935,0,1
0.64410935,0,0
0.6446091,0,1
0.6451091,0,0
0.6456089,0,1
0.64610895,0,0
0.64660875,0,1
0.64710885,0,0
0.64760865,0,1
0.6481087,0,0
0.64860855,0,1
0.6491086,0,0
0.64960845,0,1
0.6501085,0,0
0.65060825,0,1
0.6511083,0,0
0.65160805,0,1
0.65210805,0,0
0.6526078,0,1
0.65310785,0,0
0.6536076,0,1
0.6541076,0,0
0.65460735,0,1
0.65510735,0,0
0.6556071,0,1
0.65610715,0,0
0.65660695,0,1
0.65710695,0,0
0.65760675,0,1
0.6581067,0,0
0.6586065,0,1
0.6591064,0,0
0.65960615,0,1
0.6601061,0,0
0.66060585,0,1
0.6611058,0,0
0.66160555,0,1
0.6621055,0,0
0.66260525,0,1
0.6631052,0,0
0.66360495,0,1
0.6641049,0,0
0.66460465,0,1
0.66510465,0,0
0.66560435,0,1
0.66610435,0,0
0.66660405,0,1
0.667104,0,0
0.66760365,0,1
0.66810365,0,0
0.66860335,0,1
0.66910335,0,0
0.66960305,0,1
0.670103,0,0
0.67060275,0,1
0.6711027,0,0
0.6716025,0,1
0.67210245,0,0
0.6726022,0,1
0.67310215,0,0
0.67360185,0,1
0.67410185,0,0
0.67460155,0,1
0.6751015,0,0
0.6756012,0,1
0.67610115,0,0
0.67660085,0,1
0.67710085,0,0
0.6776006,0,1
0.6781006,0,0
0.6786003,0,1
0.67910025,0,0
0.67959995,0,1
0.68009995,0,0
0.6805997,0,1
0.68109965,0,0
0.68159935,0,1
0.68209935,0,0
0.6825991,0,1
0.6830991,0,0
0.6835988,0,1
0.6840988,0,0
0.68459855,0,1
0.6850985,0,0
0.6855982,0,1
0.6860982,0,0
0.6865979,0,1
0.68709785,0,0
0.6875976,0,1
0.68809755,0,0
0.68859725,0,1
0.68909725,0,0
0.68959695,0,1
0.6900969,0,0
0.6905966,0,1
0.6910966,0,0
0.6915963,0,1
0.69209625,0,0
0.692596,0,1
0.69309595,0,0
0.69359565,0,1
0.6940956,0,0
0.6945953,0,1
0.69509525,0,0
0.6955949,0,1
0.69609485,0,0
0.69659455,0,1
0.69709445,0,0
0.6975941,0,1
0.698094,0,0
0.69859365,0,1
0.69909355,0,0
0.69959325,0,1
0.70009315,0,0
0.70059285,0,1
0.7010928,0,0
0.70159245,0,1
0.7020924,0,0
0.70259205,0,1
0.703092,0,0
0.70359165,0,1
0.7040916,0,0
0.70459125,0,1
0.70509115,0,0
0.70559085,0,1
0.70609075,0,0
0.70659045,0,1
0.70709035,0,0
0.70759005,0,1
0.70809005,0,0
0.70858975,0,1
0.70908965,0,0
0.7095894,0,1
0.71008935,0,0
0.71058905,0,1
0.71108905,0,0
0.71158875,0,1
0.71208875,0,0
0.7125885,0,1
0.7130885,0,0
0.7135882,0,1
0.7140882,0,0
0.71458795,0,1
0.715088,0,0
0.71558775,0,1
0.7160878,0,0
0.71658755,0,1
0.71708755,0,0
0.7175873,0,1
0.7180873,0,0
0.71858705,0,1
0.7190871,0,0
0.71958685,0,1
0.7200869,0,0
0.72058665,0,1
0.7210867,0,0
0.72158645,0,1
0.72208645,0,0
0.7225862,0,1
0.72308625,0,0
0.72358605,0,1
0.72408605,0,0
0.72458585,0,1
0.72508585,0,0
0.7255857,0,1
0.7260857,0,0
0.72658555,0,1
0.72708555,0,0
0.72758535,0,1
0.72808535,0,0
0.72858515,0,1
0.72908515,0,0
0.7295849,0,1
0.7300849,0,0
0.7305846,0,1
0.7310846,0,0
0.73158435,0,1
0.73208435,0,0
0.7325841,0,1
0.73308415,0,0
0.7335839,0,1
0.7340839,0,0
0.73458365,0,1
0.73508365,0,0
0.7355834,0,1
0.7360834,0,0
0.73658315,0,1
0.7370831,0,0
0.73758285,0,1
0.73808285,0,0
0.73858255,0,1
0.73908255,0,0
0.73958225,0,1
0.74008215,0,0
0.74058185,0,1
0.74108185,0,0
0.7415816,0,1
0.74208165,0,0
0.7425814,0,1
0.7430814,0,0
0.74358115,0,1
0.7440812,0,0
0.74458095,0,1
0.7450809,0,0
0.74558065,0,1
0.74608065,0,0
0.74658045,0,1
0.7470805,0,0
0.7475803,0,1
0.7480803,0,0
0.7485801,0,1
0.74908015,0,0
0.7495799,0,1
0.75008,0,0
0.7505798,0,1
0.75107985,0,0
0.7515796,0,1
0.75207965,0,0
0.7525794,0,1
0.7530794,0,0
0.75357915,0,1
0.7540791,0,0
0.75457885,0,1
0.75507885,0,0
0.7555786,0,1
0.7560786,0,0
0.7565784,0,1
0.7570784,0,0
0.75757815,0,1
0.7580781,0,0
0.75857785,0,1
0.7590779,0,0
0.75957765,0,1
0.76007765,0,0
0.76057745,0,1
0.7610775,0,0
0.76157725,0,1
0.76207725,0,0
0.76257705,0,1
0.76307705,0,0
0.7635769,0,1
0.7640769,0,0
0.76457665,0,1
0.76507665,0,0
0.7655764,0,1
0.76607645,0,0
0.76657625,0,1
0.76707625,0,0
0.76757605,0,1
0.7680761,0,0
0.7685759,0,1
0.76907595,0,0
0.7695758,0,1
0.7700758,0,0
0.7705756,0,1
0.77107565,0,0
0.7715754,0,1
0.77207545,0,0
0.7725752,0,1
0.77307525,0,0
0.77357505,0,1
0.77407505,0,0
0.7745749,0,1
0.77507495,0,0
0.7755747,0,1
0.7760747,0,0
0.7765745,0,1
0.77707455,0,0
0.7775743,0,1
0.7780743,0,0
0.7785741,0,1
0.7790741,0,0
0.77957385,0,1
0.7800738,0,0
0.7805735,0,1
0.78107355,0,0
0.7815733,0,1
0.7820733,0,0
0.78257305,0,1
0.783073,0,0
0.78357275,0,1
0.78407275,0,0
0.7845725,0,1
0.78507245,0,0
0.7855722,0,1
0.7860722,0,0
0.786572,0,1
0.787072,0,0
0.78757175,0,1
0.7880718,0,0
0.78857155,0,1
0.7890716,0,0
0.7895714,0,1
0.79007145,0,0
0.79057125,0,1
0.79107125,0,0
0.79157105,0,1
0.79207105,0,0
0.7925708,0,1
0.7930708,0,0
0.79357055,0,1
0.7940706,0,0
0.7945703,0,1
0.7950703,0,0
0.79557005,0,1
0.79607005,0,0
0.79656975,0,1
0.79706975,0,0
0.7975695,0,1
0.79806945,0,0
0.79856925,0,1
0.7990693,0,0
0.7995691,0,1
0.8000691,0,0
0.80056885,0,1
0.8010689,0,0
0.8015687,0,1
0.8020687,0,0
0.80256845,0,1
0.80306845,0,0
0.80356825,0,1
0.80406825,0,0
0.804568,0,1
0.80506805,0,0
0.8055678,0,1
0.8060678,0,0
0.80656755,0,1
0.8070676,0,0
0.80756735,0,1
0.80806735,0,0
0.80856715,0,1
0.80906715,0,0
0.80956695,0,1
0.81006695,0,0
0.8105667,0,1
0.8110667,0,0
0.81156645,0,1
0.81206645,0,0
0.8125662,0,1
0.81306625,0,0
0.813566,0,1
0.814066,0,0
0.81456575,0,1
0.8150658,0,0
0.8155656,0,1
0.81606565,0,0
0.8165654,0,1
0.81706545,0,0
0.8175652,0,1
0.81806515,0,0
0.81856495,0,1
0.81906495,0,0
0.81956475,0,1
0.82006475,0,0
0.82056445,0,1
0.82106445,0,0
0.8215642,0,1
0.8220642,0,0
0.82256395,0,1
0.823064,0,0
0.82356375,0,1
0.82406385,0,0
0.8245636,0,1
0.8250636,0,0
0.8255634,0,1
0.82606345,0,0
0.8265632,0,1
0.82706325,0,0
0.827563,0,1
0.82806305,0,0
0.8285628,0,1
0.8290628,0,0
0.82956255,0,1
0.83006255,0,0
0.83056225,0,1
0.83106225,0,0
0.83156195,0,1
0.83206195,0,0
0.8325617,0,1
0.8330617,0,0
0.83356145,0,1
0.8340614,0,0
0.8345611,0,1
0.8350611,0,0
0.8355608,0,1
0.83606075,0,0
0.8365605,0,1
0.8370605,0,0
0.83756025,0,1
0.8380602,0,0
0.83855995,0,1
0.83905995,0,0
0.83955965,0,1
0.84005965,0,0
0.8405594,0,1
0.8410594,0,0
0.84155915,0,1
0.84205915,0,0
0.8425589,0,1
0.84305885,0,0
0.8435586,0,1
0.84405855,0,0
0.8445583,0,1
0.84505835,0,0
0.8455581,0,1
0.8460581,0,0
0.84655785,0,1
0.8470579,0,0
0.84755765,0,1
0.84805765,0,0
0.8485574,0,1
0.8490574,0,0
0.84955715,0,1
0.85005715,0,0
0.85055695,0,1
0.85105695,0,0
0.85155675,0,1
0.85205675,0,0
0.8525565,0,1
0.85305655,0,0
0.8535563,0,1
0.8540563,0,0
0.85455605,0,1
0.85505605,0,0
0.8555558,0,1
0.8560558,0,0
0.8565555,0,1
0.85705545,0,0
0.85755515,0,1
0.85805515,0,0
0.8585549,0,1
0.8590549,0,0
0.8595547,0,1
0.8600547,0,0
0.8605545,0,1
0.86105455,0,0
0.8615543,0,1
0.8620543,0,0
0.8625541,0,1
0.86305405,0,0
0.8635539,0,1
0.86405395,0,0
0.8645537,0,1
0.86505375,0,0
0.8655535,0,1
0.8660535,0,0
0.8665532,0,1
0.8670532,0,0
0.867553,0,1
0.868053,0,0
0.86855275,0,1
0.86905275,0,0
0.86955255,0,1
0.87005255,0,0
0.87055235,0,1
0.87105235,0,0
0.87155215,0,1
0.8720522,0,0
0.87255195,0,1
0.873052,0,0
0.8735518,0,1
0.8740518,0,0
0.87455155,0,1
0.87505155,0,0
0.87555125,0,1
0.87605125,0,0
0.876551,0,1
0.877051,0,0
0.87755075,0,1
0.87805075,0,0
0.8785505,0,1
0.8790505,0,0
0.8795502,0,1
0.8800502,0,0
0.88055,0,1
0.88105,0,0
0.8815497,0,1
0.88204965,0,0
0.88254945,0,1
0.88304945,0,0
0.88354925,0,1
0.88404925,0,0
0.88454905,0,1
0.88504905,0,0
0.8855488,0,1
0.88604885,0,0
0.8865486,0,1
0.88704865,0,0
0.8875484,0,1
0.8880484,0,0
0.88854815,0,1
0.8890482,0,0
0.88954795,0,1
0.89004795,0,0
0.89054775,0,1
0.89104775,0,0
0.8915475,0,1
0.89204745,0,0
0.89254725,0,1
0.89304725,0,0
0.893547,0,1
0.89404705,0,0
0.89454685,0,1
0.89504685,0,0
0.89554665,0,1
0.89604665,0,0
0.89654645,0,1
0.8970465,0,0
0.8975463,0,1
0.89804635,0,0
0.89854615,0,1
0.89904615,0,0
0.8995459,0,1
0.900046,0,0
0.90054575,0,1
0.9010458,0,0
0.9015456,0,1
0.90204565,0,0
0.90254545,0,1
0.9030455,0,0
0.9035453,0,1
0.90404535,0,0
0.90454515,0,1
0.9050452,0,0
0.905545,0,1
0.90604505,0,0
0.9065448,0,1
0.9070448,0,0
0.9075446,0,1
0.9080446,0,0
0.9085444,0,1
0.9090444,0,0
0.9095442,0,1
0.91004425,0,0
0.910544,0,1
0.91104405,0,0
0.9115438,0,1
0.91204385,0,0
0.9125436,0,1
0.9130436,0,0
0.91354335,0,1
0.91404335,0,0
0.9145431,0,1
0.9150431,0,0
0.91554285,0,1
0.91604285,0,0
0.91654255,0,1
0.91704255,0,0
0.9175423,0,1
0.9180423,0,0
0.91854205,0,1
0.91904205,0,0
0.91954175,0,1
0.92004175,0,0
0.9205415,0,1
0.9210415,0,0
0.92154125,0,1
0.9220412,0,0
0.92254095,0,1
0.92304095,0,0
0.92354065,0,1
0.92404065,0,0
0.9245404,0,1
0.9250404,0,0
0.92554015,0,1
0.9260401,0,0
0.9265398,0,1
0.92703975,0,0
0.9275395,0,1
0.92803945,0,0
0.9285392,0,1
0.9290392,0,0
0.92953895,0,1
0.9300389,0,0
0.93053865,0,1
0.9310386,0,0
0.93153835,0,1
0.93203835,0,0
0.93253805,0,1
0.93303805,0,0
0.93353775,0,1
0.93403775,0,0
0.93453745,0,1
0.93503745,0,0
0.9355372,0,1
0.93603715,0,0
0.9365369,0,1
0.93703685,0,0
0.9375365,0,1
0.93803645,0,0
0.93853625,0,1
0.9390362,0,0
0.9395359,0,1
0.94003585,0,0
0.9405356,0,1
0.94103555,0,0
0.94153525,0,1
0.94203525,0,0
0.942535,0,1
0.94303495,0,0
0.9435347,0,1
0.9440347,0,0
0.9445344,0,1
0.9450344,0,0
0.94553415,0,1
0.94603415,0,0
0.94653385,0,1
0.9470338,0,0
0.94753355,0,1
0.9480335,0,0
0.94853325,0,1
0.9490332,0,0
0.94953295,0,1
0.95003295,0,0
0.9505327,0,1
0.95103265,0,0
0.9515324,0,1
0.9520324,0,0
0.9525322,0,1
0.9530322,0,0
0.95353195,0,1
0.95403195,0,0
0.95453165,0,1
0.95503165,0,0
0.9555314,0,1
0.9560314,0,0
0.9565311,0,1
0.9570311,0,0
0.95753085,0,1
0.95803085,0,0
0.95853055,0,1
0.9590305,0,0
0.95953025,0,1
0.9600303,0,0
0.96053005,0,1
0.96103005,0,0
0.96152985,0,1
0.9620298,0,0
0.96252955,0,1
0.96302955,0,0
0.9635293,0,1
0.9640293,0,0
0.96452905,0,1
0.965029,0,0
0.96552875,0,1
0.96602875,0,0
0.96652855,0,1
0.96702855,0,0
0.9675283,0,1
0.9680283,0,0
0.9685281,0,1
0.96902805,0,0
0.96952775,0,1
0.97002775,0,0
0.97052745,0,1
0.9710274,0,0
0.97152715,0,1
0.9720271,0,0
0.97252675,0,1
0.97302665,0,0
0.97352635,0,1
0.97402635,0,0
0.97452605,0,1
0.975026,0,0
0.9755257,0,1
0.9760257,0,0
0.97652545,0,1
0.9770254,0,0
0.97752515,0,1
0.9780251,0,0
0.97852485,0,1
0.97902485,0,0
0.9795246,0,1
0.9800246,0,0
0.98052435,0,1
0.98102435,0,0
0.9815241,0,1
0.98202405,0,0
0.98252375,0,1
0.9830237,0,0
0.9835233,0,1
0.9840232,0,0
0.98452285,0,1
0.9850228,0,0
0.9855225,0,1
0.98602245,0,0
0.98652215,0,1
0.9870221,0,0
0.98752185,0,1
0.9880218,0,0
0.9885215,0,1
0.9890215,0,0
0.9895212,0,1
0.99002115,0,0
0.9905209,0,1
0.9910209,0,0
0.9915206,0,1
0.9920206,0,0
0.9925203,0,1
0.9930203,0,0
0.99352,0,1
0.99402,0,0
0.9945198,0,1
0.9950198,0,0
0.9955196,0,1
0.9960196,0,0
0.99651935,0,1
0.99701935,0,0
0.9975191,0,1
0.9980191,0,0
0.9985189,0,1
0.9990189,0,0
0.99951865,0,1
1.0000186,0,0
1.0005183,0,1
1.00101825,0,0
1.001518,0,1
1.00201795,0,0
1.0025177,0,1
1.0030177,0,0
1.00351745,0,1
1.00401745,0,0
1.0045172,0,1
1.00501715,0,0
1.0055169,0,1
1.0060169,0,0
1.0065166,0,1
1.00701665,0,0
1.0075164,0,1
1.00801635,0,0
1.00851605,0,1
1.00901595,0,0
1.0095156,0,1
1.0100155,0,0
1.01051515,0,1
1.0110151,0,0
1.0115148,0,1
1.0120148,0,0
1.0125145,0,1
1.0130145,0,0
1.0135143,0,1
1.0140143,0,0
1.01451405,0,1
1.0150141,0,0
1.0155138,0,1
1.0160138,0,0
1.0165135,0,1
1.0170135,0,0
1.01751325,0,1
1.0180132,0,0
1.01851295,0,1
1.01901295,0,0
1.0195127,0,1
1.0200127,0,0
1.02051245,0,1
1.02101245,0,0
1.02151225,0,1
1.02201225,0,0
1.02251195,0,1
1.023012,0,0
1.0235117,0,1
1.0240117,0,0
1.02451145,0,1
1.0250115,0,0
1.0255113,0,1
1.0260113,0,0
1.0265111,0,1
1.0270111,0,0
1.02751085,0,1
1.02801085,0,0
1.0285106,0,1
1.02901065,0,0
1.0295104,0,1
1.03001045,0,0
1.0305102,0,1
1.0310102,0,0
1.03151,0,1
1.0320101,0,0
1.03250985,0,1
1.03300985,0,0
1.03350965,0,1
1.03400965,0,0
1.0345094,0,1
1.03500935,0,0
1.0355091,0,1
1.0360091,0,0
1.03650885,0,1
1.0370088,0,0
1.03750855,0,1
1.03800855,0,0
1.0385083,0,1
1.0390083,0,0
1.03950805,0,1
1.04000805,0,0
1.04050775,0,1
1.0410078,0,0
1.0415075,0,1
1.04200755,0,0
1.0425073,0,1
1.0430073,0,0
1.04350705,0,1
1.044007,0,0
1.0445068,0,1
1.0450068,0,0
1.04550655,0,1
1.04600655,0,0
1.0465063,0,1
1.0470063,0,0
1.04750605,0,1
1.04800605,0,0
1.0485058,0,1
1.04900585,0,0
1.04950555,0,1
1.0500055,0,0
1.0505052,0,1
1.05100515,0,0
1.05150485,0,1
1.0520048,0,0
1.05250455,0,1
1.0530045,0,0
1.05350425,0,1
1.0540042,0,0
1.05450395,0,1
1.05500395,0,0
1.0555037,0,1
1.05600365,0,0
1.0565034,0,1
1.0570034,0,0
1.05750315,0,1
1.05800315,0,0
1.0585029,0,1
1.05900285,0,0
1.0595026,0,1
1.0600026,0,0
1.06050235,0,1
1.06100235,0,0
1.06150215,0,1
1.06200215,0,0
1.0625019,0,1
1.0630019,0,0
1.0635017,0,1
1.0640017,0,0
1.06450145,0,1
1.06500145,0,0
1.06550115,0,1
1.06600115,0,0
1.06650095,0,1
1.06700095,0,0
1.0675007,0,1
1.0680007,0,0
1.06850045,0,1
1.0690005,0,0
1.0695003,0,1
1.07000035,0,0
1.0705001,0,1
1.07100015,0,0
1.0715,0,1
1.07200005,0,0
1.07249985,0,1
1.0729999,0,0
1.0734997,0,1
1.07399975,0,0
1.07449955,0,1
1.07499955,0,0
1.0754993,0,1
1.07599935,0,0
1.0764991,0,1
1.07699915,0,0
1.0774989,0,1
1.0779989,0,0
1.0784987,0,1
1.0789987,0,0
1.07949845,0,1
1.07999845,0,0
1.0804982,0,1
1.0809982,0,0
1.0814979,0,1
1.0819979,0,0
1.08249765,0,1
1.08299765,0,0
1.0834974,0,1
1.0839974,0,0
1.08449715,0,1
1.0849971,0,0
1.08549685,0,1
1.08599685,0,0
1.08649665,0,1
1.0869967,0,0
1.08749645,0,1
1.08799645,0,0
1.08849625,0,1
1.08899625,0,0
1.089496,0,1
1.08999605,0,0
1.0904958,0,1
1.0909958,0,0
1.0914955,0,1
1.09199555,0,0
1.0924953,0,1
1.09299535,0,0
1.0934951,0,1
1.0939951,0,0
1.09449485,0,1
1.0949949,0,0
1.0954947,0,1
1.0959947,0,0
1.0964945,0,1
1.09699455,0,0
1.0974943,0,1
1.0979943,0,0
1.0984941,0,1
1.0989941,0,0
1.0994938,0,1
1.09999385,0,0
1.10049365,0,1
1.1009937,0,0
1.10149345,0,1
1.10199345,0,0
1.1024932,0,1
1.10299315,0,0
1.10349295,0,1
1.1039929,0,0
1.1044927,0,1
1.1049927,0,0
1.1054925,0,1
1.1059925,0,0
1.10649225,0,1
1.10699225,0,0
1.10749205,0,1
1.10799205,0,0
1.1084918,0,1
1.10899185,0,0
1.1094916,0,1
1.1099916,0,0
1.11049135,0,1
1.11099135,0,0
1.1114911,0,1
1.1119911,0,0
1.1124909,0,1
1.1129909,0,0
1.11349065,0,1
1.11399065,0,0
1.11449045,0,1
1.11499045,0,0
1.11549025,0,1
1.1159902,0,0
1.11648995,0,1
1.11698995,0,0
1.11748965,0,1
1.1179896,0,0
1.11848935,0,1
1.1189893,0,0
1.119489,0,1
1.119989,0,0
1.1204888,0,1
1.1209888,0,0
1.12148855,0,1
1.1219885,0,0
1.1224883,0,1
1.1229883,0,0
1.123488,0,1
1.123988,0,0
1.1244877,0,1
1.1249877,0,0
1.1254874,0,1
1.1259873,0,0
1.1264871,0,1
1.12698705,0,0
1.1274868,0,1
1.1279868,0,0
1.1284865,0,1
1.12898645,0,0
1.12948615,0,1
1.12998615,0,0
1.1304859,0,1
1.13098585,0,0
1.1314856,0,1
1.13198555,0,0
1.1324853,0,1
1.1329853,0,0
1.13348505,0,1
1.13398505,0,0
1.13448475,0,1
1.1349847,0,0
1.1354844,0,1
1.13598435,0,0
1.13648405,0,1
1.136984,0,0
1.1374837,0,1
1.1379836,0,0
1.1384833,0,1
1.1389832,0,0
1.1394829,0,1
1.1399828,0,0
1.14048245,0,1
1.1409824,0,0
1.1414821,0,1
1.14198205,0,0
1.1424817,0,1
1.14298165,0,0
1.14348135,0,1
1.1439813,0,0
1.144481,0,1
1.14498095,0,0
1.14548065,0,1
1.1459806,0,0
1.1464803,0,1
1.14698025,0,0
1.14748,0,1
1.14797995,0,0
1.14847965,0,1
1.14897965,0,0
1.14947935,0,1
1.1499793,0,0
1.150479,0,1
1.150979,0,0
1.15147875,0,1
1.1519787,0,0
1.1524784,0,1
1.15297835,0,0
1.15347805,0,1
1.153978,0,0
1.1544778,0,1
1.1549778,0,0
1.15547755,0,1
1.15597755,0,0
1.1564773,0,1
1.15697725,0,0
1.15747695,0,1
1.1579769,0,0
1.15847665,0,1
1.15897665,0,0
1.15947635,0,1
1.1599764,0,0
1.1604761,0,1
1.1609761,0,0
1.16147585,0,1
1.1619759,0,0
1.16247565,0,1
1.16297565,0,0
1.16347545,0,1
1.16397545,0,0
1.16447515,0,1
1.16497515,0,0
1.16547495,0,1
1.165975,0,0
1.16647475,0,1
1.16697475,0,0
1.16747455,0,1
1.16797455,0,0
1.1684743,0,1
1.16897435,0,0
1.16947415,0,1
1.1699742,0,0
1.170474,0,1
1.170974,0,0
1.1714738,0,1
1.17197385,0,0
1.17247365,0,1
1.1729737,0,0
1.17347355,0,1
1.1739736,0,0
1.1744734,0,1
1.1749734,0,0
1.17547325,0,1
1.1759733,0,0
1.1764731,0,1
1.17697315,0,0
1.1774729,0,1
1.17797295,0,0
1.17847275,0,1
1.17897285,0,0
1.1794727,0,1
1.17997275,0,0
1.1804726,0,1
1.18097265,0,0
1.18147245,0,1
1.1819725,0,0
1.1824723,0,1
1.1829724,0,0
1.1834722,0,1
1.1839722,0,0
1.184472,0,1
1.18497205,0,0
1.18547185,0,1
1.18597185,0,0
1.18647165,0,1
1.1869717,0,0
1.1874715,0,1
1.18797155,0,0
1.1884714,0,1
1.1889714,0,0
1.18947115,0,1
1.1899712,0,0
1.19047095,0,1
1.19097095,0,0
1.19147075,0,1
1.1919708,0,0
1.19247055,0,1
1.1929706,0,0
1.1934704,0,1
1.1939705,0,0
1.19447035,0,1
1.19497035,0,0
1.19547015,0,1
1.1959702,0,0
1.19647,0,1
1.19697005,0,0
1.19746985,0,1
1.19796985,0,0
1.19846965,0,1
1.19896965,0,0
1.19946945,0,1
1.1999695,0,0
1.20046925,0,1
1.2009693,0,0
1.2014691,0,1
1.20196915,0,0
1.20246895,0,1
1.20296895,0,0
1.20346875,0,1
1.20396875,0,0
1.2044685,0,1
1.2049685,0,0
1.2054683,0,1
1.20596835,0,0
1.20646815,0,1
1.2069682,0,0
1.207468,0,1
1.20796805,0,0
1.20846785,0,1
1.2089679,0,0
1.20946775,0,1
1.20996785,0,0
1.2104677,0,1
1.2109678,0,0
1.2114676,0,1
1.21196765,0,0
1.21246745,0,1
1.2129675,0,0
1.21346725,0,1
1.21396725,0,0
1.214467,0,1
1.214967,0,0
1.21546675,0,1
1.2159668,0,0
1.2164665,0,1
1.2169665,0,0
1.21746625,0,1
1.21796625,0,0
1.21846595,0,1
1.21896595,0,0
1.21946565,0,1
1.21996565,0,0
1.2204654,0,1
1.2209654,0,0
1.22146515,0,1
1.22196515,0,0
1.22246495,0,1
1.2229649,0,0
1.2234646,0,1
1.2239646,0,0
1.22446435,0,1
1.22496435,0,0
1.2254641,0,1
1.2259641,0,0
1.22646385,0,1
1.2269638,0,0
1.22746355,0,1
1.2279636,0,0
1.2284634,0,1
1.2289634,0,0
1.2294632,0,1
1.2299632,0,0
1.230463,0,1
1.23096305,0,0
1.2314628,0,1
1.2319628,0,0
1.23246255,0,1
1.2329626,0,0
1.23346235,0,1
1.23396235,0,0
1.23446215,0,1
1.23496215,0,0
1.23546185,0,1
1.2359618,0,0
1.2364615,0,1
1.2369615,0,0
1.23746115,0,1
1.2379612,0,0
1.23846095,0,1
1.2389609,0,0
1.23946065,0,1
1.23996065,0,0
1.24046035,0,1
1.2409603,0,0
1.2414601,0,1
1.24196015,0,0
1.2424599,0,1
1.24295995,0,0
1.2434597,0,1
1.2439597,0,0
1.24445945,0,1
1.24495945,0,0
1.24545915,0,1
1.2459592,0,0
1.246459,0,1
1.246959,0,0
1.2474588,0,1
1.2479588,0,0
1.24845855,0,1
1.24895855,0,0
1.24945835,0,1
1.2499584,0,0
1.25045815,0,1
1.2509582,0,0
1.251458,0,1
1.25195805,0,0
1.25245785,0,1
1.2529579,0,0
1.2534577,0,1
1.2539578,0,0
1.25445765,0,1
1.25495775,0,0
1.25545755,0,1
1.25595765,0,0
1.25645745,0,1
1.25695745,0,0
1.25745725,0,1
1.25795725,0,0
1.2584571,0,1
1.25895715,0,0
1.25945695,0,1
1.25995705,0,0
1.2604569,0,1
1.2609569,0,0
1.26145665,0,1
1.2619567,0,0
1.26245645,0,1
1.26295645,0,0
1.26345625,0,1
1.26395625,0,0
1.26445605,0,1
1.26495605,0,0
1.26545575,0,1
1.2659558,0,0
1.26645555,0,1
1.26695555,0,0
1.2674553,0,1
1.2679553,0,0
1.26845505,0,1
1.268955,0,0
1.26945475,0,1
1.2699547,0,0
1.27045445,0,1
1.2709544,0,0
1.2714541,0,1
1.2719541,0,0
1.2724538,0,1
1.27295375,0,0
1.2734535,0,1
1.27395355,0,0
1.2744533,0,1
1.27495335,0,0
1.2754531,0,1
1.2759531,0,0
1.2764529,0,1
1.27695295,0,0
1.27745275,0,1
1.27795285,0,0
1.27845265,0,1
1.2789527,0,0
1.27945245,0,1
1.2799525,0,0
1.2804523,0,1
1.2809523,0,0
1.28145205,0,1
1.28195205,0,0
1.28245185,0,1
1.28295185,0,0
1.28345165,0,1
1.28395165,0,0
1.2844514,0,1
1.28495145,0,0
1.28545125,0,1
1.2859513,0,0
1.2864511,0,1
1.28695115,0,0
1.28745095,0,1
1.28795095,0,0
1.28845075,0,1
1.2889508,0,0
1.28945055,0,1
1.2899506,0,0
1.29045035,0,1
1.29095035,0,0
1.2914502,0,1
1.29195025,0,0
1.29245,0,1
1.29295005,0,0
1.29344985,0,1
1.29394985,0,0
1.29444965,0,1
1.2949497,0,0
1.29544945,0,1
1.2959495,0,0
1.2964493,0,1
1.2969493,0,0
1.2974491,0,1
1.29794915,0,0
1.29844895,0,1
1.29894895,0,0
1.29944875,0,1
1.29994875,0,0
1.30044855,0,1
1.3009486,0,0
1.30144835,0,1
1.3019484,0,0
1.3024482,0,1
1.3029482,0,0
1.303448,0,1
1.303948,0,0
1.3044478,0,1
1.3049478,0,0
1.3054476,0,1
1.3059476,0,0
1.30644735,0,1
1.3069474,0,0
1.3074472,0,1
1.3079472,0,0
1.308447,0,1
1.308947,0,0
1.30944685,0,1
1.3099469,0,0
1.3104467,0,1
1.31094675,0,0
1.31144655,0,1
1.3119466,0,0
1.31244635,0,1
1.31294635,0,0
1.31344615,0,1
1.31394615,0,0
1.31444595,0,1
1.314946,0,0
1.31544575,0,1
1.31594575,0,0
1.31644555,0,1
1.3169456,0,0
1.31744535,0,1
1.31794535,0,0
1.3184451,0,1
1.31894515,0,0
1.31944495,0,1
1.31994495,0,0
1.3204447,0,1
1.3209447,0,0
1.32144445,0,1
1.32194445,0,0
1.3224442,0,1
1.3229442,0,0
1.32344395,0,1
1.3239439,0,0
1.3244437,0,1
1.32494375,0,0
1.32544355,0,1
1.32594355,0,0
1.32644335,0,1
1.32694335,0,0
1.32744315,0,1
1.32794305,0,0
1.32844275,0,1
1.32894275,0,0
1.32944255,0,1
1.32994255,0,0
1.3304423,0,1
1.3309423,0,0
1.33144205,0,1
1.33194205,0,0
1.33244175,0,1
1.33294175,0,0
1.3334414,0,1
1.33394135,0,0
1.33444105,0,1
1.334941,0,0
1.3354407,0,1
1.33594065,0,0
1.33644035,0,1
1.33694035,0,0
1.33744005,0,1
1.33794005,0,0
1.33843975,0,1
1.33893975,0,0
1.33943945,0,1
1.3399394,0,0
1.34043915,0,1
1.34093915,0,0
1.34143885,0,1
1.34193885,0,0
1.3424386,0,1
1.3429386,0,0
1.34343835,0,1
1.34393835,0,0
1.3444381,0,1
1.3449381,0,0
1.3454378,0,1
1.34593775,0,0
1.34643745,0,1
1.3469374,0,0
1.3474371,0,1
1.3479371,0,0
1.3484368,0,1
1.3489367,0,0
1.34943635,0,1
1.34993625,0,0
1.35043595,0,1
1.35093585,0,0
1.35143555,0,1
1.3519355,0,0
1.3524352,0,1
1.3529351,0,0
1.35343475,0,1
1.35393475,0,0
1.35443445,0,1
1.3549344,0,0
1.3554341,0,1
1.35593405,0,0
1.35643375,0,1
1.3569337,0,0
1.35743345,0,1
1.3579334,0,0
1.35843305,0,1
1.35893295,0,0
1.3594326,0,1
1.35993255,0,0
1.36043225,0,1
1.3609322,0,0
1.36143185,0,1
1.36193175,0,0
1.3624314,0,1
1.36293135,0,0
1.36343105,0,1
1.36393095,0,0
1.3644307,0,1
1.36493065,0,0
1.3654303,0,1
1.36593025,0,0
1.3664299,0,1
1.36692975,0,0
1.3674294,0,1
1.36792935,0,0
1.368429,0,1
1.36892895,0,0
1.3694286,0,1
1.3699285,0,0
1.3704282,0,1
1.3709281,0,0
1.37142775,0,1
1.3719277,0,0
1.37242745,0,1
1.37292745,0,0
1.37342715,0,1
1.3739271,0,0
1.3744268,0,1
1.37492675,0,0
1.3754264,0,1
1.3759263,0,0
1.376426,0,1
1.3769259,0,0
1.37742565,0,1
1.3779256,0,0
1.3784253,0,1
1.3789252,0,0
1.37942485,0,1
1.3799248,0,0
1.38042455,0,1
1.3809245,0,0
1.38142425,0,1
1.3819243,0,0
1.382424,0,1
1.3829239,0,0
1.38342365,0,1
1.3839236,0,0
1.38442325,0,1
1.3849232,0,0
1.3854229,0,1
1.38592285,0,0
1.3864226,0,1
1.3869226,0,0
1.3874223,0,1
1.38792225,0,0
1.38842195,0,1
1.38892195,0,0
1.38942165,0,1
1.3899216,0,0
1.3904213,0,1
1.39092125,0,0
1.391421,0,1
1.3919209,0,0
1.3924206,0,1
1.3929205,0,0
1.39342015,0,1
1.39392005,0,0
1.39441975,0,1
1.39491965,0,0
1.39541935,0,1
1.3959193,0,0
1.39641895,0,1
1.39691885,0,0
1.39741855,0,1
1.3979184,0,0
1.39841805,0,1
1.39891795,0,0
1.3994176,0,1
1.39991755,0,0
1.4004172,0,1
1.40091715,0,0
1.4014168,0,1
1.40191675,0,0
1.4024164,0,1
1.40291635,0,0
1.403416,0,1
1.40391595,0,0
1.4044156,0,1
1.4049155,0,0
1.40541515,0,1
1.40591505,0,0
1.40641475,0,1
1.4069147,0,0
1.4074144,0,1
1.40791435,0,0
1.408414,0,1
1.40891395,0,0
1.40941365,0,1
1.4099136,0,0
1.41041335,0,1
1.4109133,0,0
1.41141295,0,1
1.4119129,0,0
1.4124126,0,1
1.41291255,0,0
1.4134123,0,1
1.4139123,0,0
1.4144121,0,1
1.41491215,0,0
1.4154119,0,1
1.41591195,0,0
1.4164117,0,1
1.41691175,0,0
1.4174115,0,1
1.41791155,0,0
1.41841135,0,1
1.41891135,0,0
1.4194111,0,1
1.4199111,0,0
1.4204109,0,1
1.42091095,0,0
1.4214107,0,1
1.4219107,0,0
1.42241045,0,1
1.42291045,0,0
1.42341015,0,1
1.42391015,0,0
1.4244099,0,1
1.42490995,0,0
1.42540975,0,1
1.4259098,0,0
1.4264095,0,1
1.42690955,0,0
1.42740925,0,1
1.4279092,0,0
1.42840895,0,1
1.42890885,0,0
1.4294086,0,1
1.4299085,0,0
1.4304082,0,1
1.4309082,0,0
1.4314079,0,1
1.4319078,0,0
1.4324075,0,1
1.43290745,0,0
1.43340715,0,1
1.43390705,0,0
1.4344067,0,1
1.43490665,0,0
1.43540635,0,1
1.4359063,0,0
1.436406,0,1
1.43690595,0,0
1.43740565,0,1
1.43790565,0,0
1.43840535,0,1
1.4389053,0,0
1.43940505,0,1
1.43990505,0,0
1.4404047,0,1
1.44090465,0,0
1.4414044,0,1
1.44190435,0,0
1.442404,0,1
1.4429039,0,0
1.44340355,0,1
1.4439035,0,0
1.44440315,0,1
1.4449031,0,0
1.4454028,0,1
1.44590275,0,0
1.44640245,0,1
1.44690235,0,0
1.44740205,0,1
1.447902,0,0
1.4484017,0,1
1.44890165,0,0
1.4494014,0,1
1.44990135,0,0
1.450401,0,1
1.4509009,0,0
1.45140055,0,1
1.4519005,0,0
1.4524001,0,1
1.4529,0,0
1.4533997,0,1
1.4538996,0,0
1.45439925,0,1
1.4548992,0,0
1.4553989,0,1
1.4558988,0,0
1.45639855,0,1
1.4568985,0,0
1.4573982,0,1
1.45789815,0,0
1.4583979,0,1
1.45889785,0,0
1.45939755,0,1
1.4598975,0,0
1.4603972,0,1
1.46089715,0,0
1.46139685,0,1
1.46189675,0,0
1.46239645,0,1
1.46289635,0,0
1.463396,0,1
1.46389585,0,0
1.4643955,0,1
1.46489545,0,0
1.4653951,0,1
1.46589495,0,0
1.46639465,0,1
1.46689455,0,0
1.46739425,0,1
1.4678942,0,0
1.4683939,0,1
1.4688938,0,0
1.4693935,0,1
1.4698934,0,0
1.47039305,0,1
1.47089295,0,0
1.4713926,0,1
1.47189255,0,0
1.4723922,0,1
1.47289215,0,0
1.47339185,0,1
1.4738918,0,0
1.4743915,0,1
1.4748914,0,0
1.4753911,0,1
1.47589105,0,0
1.47639075,0,1
1.4768907,0,0
1.4773904,0,1
1.4778904,0,0
1.4783901,0,1
1.4788901,0,0
1.47938985,0,1
1.4798898,0,0
1.48038955,0,1
1.48088955,0,0
1.48138925,0,1
1.4818892,0,0
1.4823889,0,1
1.48288885,0,0
1.48338855,0,1
1.48388845,0,0
1.48438815,0,1
1.4848881,0,0
1.48538775,0,1
1.48588765,0,0
1.4863873,0,1
1.48688725,0,0
1.48738695,0,1
1.4878869,0,0
1.48838655,0,1
1.4888865,0,0
1.4893862,0,1
1.48988615,0,0
1.4903859,0,1
1.49088585,0,0
1.49138555,0,1
1.4918855,0,0
1.4923852,0,1
1.4928851,0,0
1.4933848,0,1
1.49388475,0,0
1.49438445,0,1
1.4948844,0,0
1.49538415,0,1
1.49588415,0,0
1.4963839,0,1
1.49688385,0,0
1.4973836,0,1
1.4978836,0,0
1.49838335,0,1
1.49888335,0,0
1.4993831,0,1
1.4998831,0,0
1.5003828,0,1
1.5008828,0,0
1.50138255,0,1
1.50188255,0,0
1.5023823,0,1
1.50288225,0,0
1.503382,0,1
1.503882,0,0
1.5043817,0,1
1.5048817,0,0
1.50538145,0,1
1.50588145,0,0
1.5063812,0,1
1.50688115,0,0
1.5073809,0,1
1.50788095,0,0
1.5083807,0,1
1.5088807,0,0
1.50938045,0,1
1.5098805,0,0
1.51038025,0,1
1.5108802,0,0
1.51137995,0,1
1.5118799,0,0
1.51237965,0,1
1.51287965,0,0
1.5133794,0,1
1.5138794,0,0
1.51437915,0,1
1.51487915,0,0
1.5153789,0,1
1.51587885,0,0
1.51637855,0,1
1.51687855,0,0
1.5173783,0,1
1.51787825,0,0
1.51837795,0,1
1.5188779,0,0
1.51937765,0,1
1.5198776,0,0
1.5203773,0,1
1.5208773,0,0
1.521377,0,1
1.521877,0,0
1.52237675,0,1
1.5228767,0,0
1.52337645,0,1
1.52387645,0,0
1.5243762,0,1
1.5248762,0,0
1.52537595,0,1
1.52587595,0,0
1.5263757,0,1
1.52687565,0,0
1.5273753,0,1
1.52787525,0,0
1.528375,0,1
1.52887495,0,0
1.5293747,0,1
1.5298747,0,0
1.5303744,0,1
1.5308744,0,0
1.5313741,0,1
1.5318741,0,0
1.53237385,0,1
1.5328738,0,0
1.5333735,0,1
1.5338735,0,0
1.5343732,0,1
1.53487315,0,0
1.53537285,0,1
1.53587285,0,0
1.53637265,0,1
1.53687265,0,0
1.53737235,0,1
1.53787235,0,0
1.53837205,0,1
1.53887205,0,0
1.53937175,0,1
1.53987175,0,0
1.5403715,0,1
1.5408714,0,0
1.54137105,0,1
1.541871,0,0
1.54237075,0,1
1.54287075,0,0
1.54337045,0,1
1.54387045,0,0
1.54437015,0,1
1.54487015,0,0
1.54536985,0,1
1.54586985,0,0
1.5463696,0,1
1.5468696,0,0
1.5473693,0,1
1.5478693,0,0
1.548369,0,1
1.54886895,0,0
1.5493687,0,1
1.5498687,0,0
1.5503684,0,1
1.5508684,0,0
1.55136815,0,1
1.55186815,0,0
1.5523679,0,1
1.55286785,0,0
1.5533676,0,1
1.5538676,0,0
1.55436735,0,1
1.55486735,0,0
1.5553671,0,1
1.5558671,0,0
1.5563668,0,1
1.55686675,0,0
1.5573664,0,1
1.5578664,0,0
1.5583661,0,1
1.5588661,0,0
1.55936585,0,1
1.5598658,0,0
1.56036555,0,1
1.56086555,0,0
1.5613652,0,1
1.56186515,0,0
1.5623648,0,1
1.56286475,0,0
1.5633644,0,1
1.5638643,0,0
1.564364,0,1
1.56486395,0,0
1.5653636,0,1
1.56586355,0,0
1.56636325,0,1
1.5668632,0,0
1.5673629,0,1
1.56786285,0,0
1.5683625,0,1
1.56886245,0,0
1.56936215,0,1
1.5698621,0,0
1.57036175,0,1
1.5708617,0,0
1.57136145,0,1
1.5718614,0,0
1.57236115,0,1
1.57286115,0,0
1.57336085,0,1
1.57386085,0,0
1.57436055,0,1
1.5748605,0,0
1.5753602,0,1
1.5758602,0,0
1.5763599,0,1
1.57685985,0,0
1.5773596,0,1
1.57785955,0,0
1.57835925,0,1
1.57885925,0,0
1.579359,0,1
1.579859,0,0
1.5803588,0,1
1.5808588,0,0
1.58135855,0,1
1.58185855,0,0
1.5823583,0,1
1.5828583,0,0
1.58335805,0,1
1.58385805,0,0
1.5843578,0,1
1.5848578,0,0
1.58535755,0,1
1.58585755,0,0
1.5863573,0,1
1.58685725,0,0
1.58735695,0,1
1.58785695,0,0
1.5883567,0,1
1.5888567,0,0
1.58935645,0,1
1.5898564,0,0
1.59035615,0,1
1.5908561,0,0
1.59135585,0,1
1.59185575,0,0
1.59235545,0,1
1.5928554,0,0
1.5933551,0,1
1.593855,0,0
1.5943547,0,1
1.5948547,0,0
1.5953544,0,1
1.59585435,0,0
1.596354,0,1
1.59685395,0,0
1.5973536,0,1
1.59785355,0,0
1.59835325,0,1
1.5988532,0,0
1.5993529,0,1
1.5998528,0,0
1.6003525,0,1
1.60085245,0,0
1.60135215,0,1
1.60185215,0,0
1.6023519,0,1
1.60285185,0,0
1.6033515,0,1
1.60385145,0,0
1.60435115,0,1
1.6048511,0,0
1.60535075,0,1
1.6058507,0,0
1.60635035,0,1
1.60685025,0,0
1.60734995,0,1
1.60784985,0,0
1.60834955,0,1
1.6088495,0,0
1.6093492,0,1
1.60984915,0,0
1.61034885,0,1
1.61084885,0,0
1.6113486,0,1
1.6118486,0,0
1.6123483,0,1
1.6128483,0,0
1.61334805,0,1
1.613848,0,0
1.6143477,0,1
1.61484765,0,0
1.6153474,0,1
1.61584735,0,0
1.61634705,0,1
1.616847,0,0
1.61734665,0,1
1.6178466,0,0
1.61834625,0,1
1.6188462,0,0
1.6193459,0,1
1.61984585,0,0
1.6203456,0,1
1.6208456,0,0
1.6213453,0,1
1.6218453,0,0
1.6223451,0,1
1.622845,0,0
1.6233447,0,1
1.6238446,0,0
1.6243443,0,1
1.62484425,0,0
1.62534395,0,1
1.6258439,0,0
1.62634365,0,1
1.62684365,0,0
1.62734335,0,1
1.62784335,0,0
1.6283431,0,1
1.6288431,0,0
1.62934285,0,1
1.6298429,0,0
1.6303426,0,1
1.6308425,0,0
1.6313422,0,1
1.6318422,0,0
1.6323419,0,1
1.63284185,0,0
1.6333416,0,1
1.63384155,0,0
1.63434125,0,1
1.63484125,0,0
1.635341,0,1
1.63584095,0,0
1.63634065,0,1
1.6368406,0,0
1.63734035,0,1
1.6378403,0,0
1.63834005,0,1
1.63884,0,0
1.6393397,0,1
1.6398397,0,0
1.6403394,0,1
1.64083935,0,0
1.641339,0,1
1.64183895,0,0
1.6423386,0,1
1.64283855,0,0
1.6433382,0,1
1.64383815,0,0
1.64433785,0,1
1.64483785,0,0
1.64533755,0,1
1.64583745,0,0
1.64633715,0,1
1.64683705,0,0
1.6473368,0,1
1.6478367,0,0
1.64833635,0,1
1.64883625,0,0
1.6493359,0,1
1.6498358,0,0
1.6503355,0,1
1.6508354,0,0
1.6513351,0,1
1.651835,0,0
1.6523347,0,1
1.65283465,0,0
1.65333435,0,1
1.6538343,0,0
1.654334,0,1
1.65483395,0,0
1.65533365,0,1
1.65583365,0,0
1.6563333,0,1
1.65683325,0,0
1.65733295,0,1
1.65783285,0,0
1.6583325,0,1
1.65883245,0,0
1.6593321,0,1
1.6598321,0,0
1.66033175,0,1
1.6608317,0,0
1.6613314,0,1
1.66183135,0,0
1.662331,0,1
1.6628309,0,0
1.6633306,0,1
1.66383055,0,0
1.6643303,0,1
1.66483025,0,0
1.66532995,0,1
1.6658299,0,0
1.6663296,0,1
1.66682955,0,0
1.6673292,0,1
1.6678291,0,0
1.66832885,0,1
1.6688288,0,0
1.6693285,0,1
1.6698284,0,0
1.6703281,0,1
1.67082805,0,0
1.67132785,0,1
1.6718278,0,0
1.6723276,0,1
1.6728276,0,0
1.67332745,0,1
1.67382745,0,0
1.6743272,0,1
1.6748272,0,0
1.675327,0,1
1.67582705,0,0
1.6763268,0,1
1.6768268,0,0
1.6773266,0,1
1.67782665,0,0
1.67832645,0,1
1.67882645,0,0
1.67932625,0,1
1.67982625,0,0
1.680326,0,1
1.680826,0,0
1.6813258,0,1
1.6818258,0,0
1.6823256,0,1
1.68282555,0,0
1.6833253,0,1
1.68382525,0,0
1.684325,0,1
1.68482495,0,0
1.6853247,0,1
1.6858247,0,0
1.6863244,0,1
1.68682435,0,0
1.68732405,0,1
1.68782405,0,0
1.68832375,0,1
1.6888237,0,0
1.68932345,0,1
1.68982345,0,0
1.69032325,0,1
1.6908233,0,0
1.6913231,0,1
1.6918231,0,0
1.69232285,0,1
1.6928228,0,0
1.69332255,0,1
1.6938225,0,0
1.69432225,0,1
1.6948222,0,0
1.69532195,0,1
1.6958219,0,0
1.6963216,0,1
1.69682155,0,0
1.6973213,0,1
1.69782125,0,0
1.69832095,0,1
1.698821,0,0
1.69932075,0,1
1.69982075,0,0
1.70032045,0,1
1.70082045,0,0
1.70132015,0,1
1.7018201,0,0
1.7023199,0,1
1.7028199,0,0
1.7033196,0,1
1.7038196,0,0
1.70431935,0,1
1.7048193,0,0
1.70531905,0,1
1.70581905,0,0
1.7063188,0,1
1.70681885,0,0
1.7073186,0,1
1.70781855,0,0
1.7083183,0,1
1.70881825,0,0
1.709318,0,1
1.7098179,0,0
1.71031765,0,1
1.7108176,0,0
1.71131735,0,1
1.71181735,0,0
1.7123171,0,1
1.7128171,0,0
1.7133169,0,1
1.7138169,0,0
1.71431665,0,1
1.7148166,0,0
1.7153163,0,1
1.71581625,0,0
1.71631595,0,1
1.7168159,0,0
1.7173156,0,1
1.7178156,0,0
1.71831535,0,1
1.7188153,0,0
1.71931505,0,1
1.71981505,0,0
1.72031485,0,1
1.72081485,0,0
1.7213146,0,1
1.7218146,0,0
1.72231435,0,1
1.72281435,0,0
1.7233141,0,1
1.72381405,0,0
1.72431385,0,1
1.72481385,0,0
1.7253136,0,1
1.72581355,0,0
1.7263133,0,1
1.7268133,0,0
1.72731305,0,1
1.72781305,0,0
1.72831285,0,1
1.72881285,0,0
1.7293126,0,1
1.72981265,0,0
1.7303124,0,1
1.7308124,0,0
1.73131215,0,1
1.7318121,0,0
1.73231185,0,1
1.73281185,0,0
1.73331165,0,1
1.73381165,0,0
1.73431135,0,1
1.73481135,0,0
1.73531105,0,1
1.735811,0,0
1.73631075,0,1
1.73681075,0,0
1.73731045,0,1
1.73781045,0,0
1.7383102,0,1
1.73881015,0,0
1.7393099,0,1
1.73980985,0,0
1.7403096,0,1
1.74080955,0,0
1.7413093,0,1
1.7418093,0,0
1.74230905,0,1
1.742809,0,0
1.7433087,0,1
1.7438087,0,0
1.74430845,0,1
1.7448084,0,0
1.74530815,0,1
1.7458081,0,0
1.74630785,0,1
1.7468078,0,0
1.74730755,0,1
1.74780755,0,0
1.7483073,0,1
1.74880725,0,0
1.749307,0,1
1.749807,0,0
1.75030675,0,1
1.7508067,0,0
1.75130645,0,1
1.7518064,0,0
1.7523062,0,1
1.7528062,0,0
1.753306,0,1
1.753806,0,0
1.7543058,0,1
1.7548058,0,0
1.75530555,0,1
1.75580555,0,0
1.7563053,0,1
1.7568053,0,0
1.75730505,0,1
1.75780505,0,0
1.75830475,0,1
1.75880475,0,0
1.7593045,0,1
1.7598045,0,0
1.7603042,0,1
1.7608042,0,0
1.76130395,0,1
1.76180395,0,0
1.76230375,0,1
1.76280375,0,0
1.76330355,0,1
1.7638036,0,0
1.76430335,0,1
1.76480335,0,0
1.76530315,0,1
1.76580315,0,0
1.76630295,0,1
1.766803,0,0
1.7673028,0,1
1.7678029,0,0
1.7683027,0,1
1.76880275,0,0
1.7693025,0,1
1.7698025,0,0
1.77030225,0,1
1.7708022,0,0
1.77130195,0,1
1.7718019,0,0
1.7723016,0,1
1.7728015,0,0
1.7733012,0,1
1.77380115,0,0
1.77430085,0,1
1.77480075,0,0
1.77530045,0,1
1.77580035,0,0
1.77630005,0,1
1.7768,0,0
1.7772997,0,1
1.7777996,0,0
1.77829935,0,1
1.77879935,0,0
1.77929905,0,1
1.779799,0,0
1.78029865,0,1
1.7807986,0,0
1.7812983,0,1
1.7817982,0,0
1.7822979,0,1
1.78279785,0,0
1.78329755,0,1
1.7837975,0,0
1.78429715,0,1
1.78479705,0,0
1.78529675,0,1
1.78579665,0,0
1.78629635,0,1
1.78679625,0,0
1.78729595,0,1
1.78779585,0,0
1.78829555,0,1
1.7887955,0,0
1.7892952,0,1
1.78979515,0,0
1.7902948,0,1
1.79079475,0,0
1.79129445,0,1
1.7917944,0,0
1.79229405,0,1
1.79279395,0,0
1.79329365,0,1
1.7937936,0,0
1.79429325,0,1
1.7947932,0,0
1.7952929,0,1
1.7957928,0,0
1.7962925,0,1
1.79679235,0,0
1.797292,0,1
1.7977919,0,0
1.7982916,0,1
1.79879155,0,0
1.79929125,0,1
1.7997912,0,0
1.80029085,0,1
1.8007908,0,0
1.8012905,0,1
1.80179045,0,0
1.80229015,0,1
1.8027901,0,0
1.8032898,0,1
1.8037898,0,0
1.8042895,0,1
1.80478945,0,0
1.8052892,0,1
1.80578915,0,0
1.8062889,0,1
1.80678895,0,0
1.80728875,0,1
1.80778875,0,0
1.8082885,0,1
1.80878855,0,0
1.8092883,0,1
1.8097883,0,0
1.81028805,0,1
1.810788,0,0
1.81128775,0,1
1.81178775,0,0
1.81228755,0,1
1.81278755,0,0
1.81328735,0,1
1.81378735,0,0
1.8142871,0,1
1.81478705,0,0
1.8152868,0,1
1.8157868,0,0
1.8162865,0,1
1.8167865,0,0
1.81728625,0,1
1.8177862,0,0
1.81828595,0,1
1.81878595,0,0
1.81928575,0,1
1.81978575,0,0
1.8202855,0,1
1.8207855,0,0
1.8212853,0,1
1.8217853,0,0
1.82228505,0,1
1.82278505,0,0
1.8232848,0,1
1.82378485,0,0
1.8242846,0,1
1.8247846,0,0
1.82528435,0,1
1.8257844,0,0
1.8262841,0,1
1.82678415,0,0
1.82728395,0,1
1.82778395,0,0
1.8282837,0,1
1.8287837,0,0
1.82928345,0,1
1.82978345,0,0
1.83028315,0,1
1.8307831,0,0
1.83128285,0,1
1.83178285,0,0
1.83228255,0,1
1.83278255,0,0
1.83328225,0,1
1.8337822,0,0
1.83428195,0,1
1.8347819,0,0
1.8352817,0,1
1.8357817,0,0
1.8362814,0,1
1.83678145,0,0
1.83728125,0,1
1.83778125,0,0
1.838281,0,1
1.838781,0,0
1.8392807,0,1
1.8397807,0,0
1.84028045,0,1
1.84078045,0,0
1.8412802,0,1
1.84178015,0,0
1.8422799,0,1
1.8427799,0,0
1.84327965,0,1
1.84377965,0,0
1.84427935,0,1
1.84477935,0,0
1.8452791,0,1
1.8457791,0,0
1.84627885,0,1
1.84677885,0,0
1.84727865,0,1
1.84777875,0,0
1.8482785,0,1
1.8487785,0,0
1.84927825,0,1
1.8497783,0,0
1.85027805,0,1
1.85077805,0,0
1.85127775,0,1
1.8517778,0,0
1.8522775,0,1
1.85277755,0,0
1.85327735,0,1
1.8537774,0,0
1.8542772,0,1
1.8547772,0,0
1.85527705,0,1
1.8557771,0,0
1.8562769,0,1
1.8567769,0,0
1.85727665,0,1
1.8577767,0,0
1.8582765,0,1
1.85877655,0,0
1.8592763,0,1
1.8597763,0,0
1.86027605,0,1
1.86077605,0,0
1.86127585,0,1
1.86177585,0,0
1.86227555,0,1
1.86277555,0,0
1.8632753,0,1
1.8637753,0,0
1.86427505,0,1
1.864775,0,0
1.8652748,0,1
1.8657748,0,0
1.8662746,0,1
1.86677455,0,0
1.8672743,0,1
1.8677743,0,0
1.868274,0,1
1.868774,0,0
1.86927375,0,1
1.86977375,0,0
1.8702735,0,1
1.8707735,0,0
1.87127325,0,1
1.8717733,0,0
1.87227305,0,1
1.872773,0,0
1.8732727,0,1
1.87377275,0,0
1.8742725,0,1
1.87477255,0,0
1.8752723,0,1
1.8757723,0,0
1.8762721,0,1
1.87677215,0,0
1.8772719,0,1
1.87777195,0,0
1.87827175,0,1
1.87877175,0,0
1.87927155,0,1
1.8797715,0,0
1.88027125,0,1
1.88077125,0,0
1.88127095,0,1
1.88177095,0,0
1.88227075,0,1
1.88277075,0,0
1.88327055,0,1
1.88377055,0,0
1.8842703,0,1
1.8847703,0,0
1.88527005,0,1
1.88577,0,0
1.8862698,0,1
1.88676985,0,0
1.8872696,0,1
1.88776955,0,0
1.8882693,0,1
1.88876935,0,0
1.88926905,0,1
1.889769,0,0
1.89026875,0,1
1.8907687,0,0
1.8912684,0,1
1.8917684,0,0
1.89226805,0,1
1.892768,0,0
1.89326765,0,1
1.8937676,0,0
1.8942672,0,1
1.8947672,0,0
1.8952669,0,1
1.8957669,0,0
1.8962666,0,1
1.8967666,0,0
1.89726635,0,1
1.89776625,0,0
1.89826595,0,1
1.89876595,0,0
1.89926565,0,1
1.8997656,0,0
1.90026535,0,1
1.9007653,0,0
1.90126505,0,1
1.901765,0,0
1.90226475,0,1
1.9027647,0,0
1.9032644,0,1
1.90376435,0,0
1.90426405,0,1
1.904764,0,0
1.9052637,0,1
1.9057637,0,0
1.90626345,0,1
1.9067634,0,0
1.90726305,0,1
1.907763,0,0
1.9082627,0,1
1.9087627,0,0
1.9092624,0,1
1.90976235,0,0
1.91026205,0,1
1.910762,0,0
1.9112617,0,1
1.91176165,0,0
1.91226135,0,1
1.9127613,0,0
1.91326105,0,1
1.91376095,0,0
1.9142607,0,1
1.91476065,0,0
1.9152604,0,1
1.91576035,0,0
1.91626005,0,1
1.91676,0,0
1.91725975,0,1
1.9177597,0,0
1.9182594,0,1
1.91875935,0,0
1.9192591,0,1
1.91975905,0,0
1.92025875,0,1
1.92075875,0,0
1.92125845,0,1
1.9217584,0,0
1.9222581,0,1
1.9227581,0,0
1.92325785,0,1
1.9237578,0,0
1.9242576,0,1
1.92475755,0,0
1.9252573,0,1
1.9257573,0,0
1.92625705,0,1
1.926757,0,0
1.9272568,0,1
1.9277568,0,0
1.9282565,0,1
1.9287565,0,0
1.92925625,0,1
1.92975625,0,0
1.930256,0,1
1.93075595,0,0
1.93125565,0,1
1.93175565,0,0
1.9322554,0,1
1.9327554,0,0
1.93325515,0,1
1.93375515,0,0
1.93425485,0,1
1.9347548,0,0
1.9352545,0,1
1.93575445,0,0
1.93625415,0,1
1.9367541,0,0
1.9372538,0,1
1.93775375,0,0
1.93825345,0,1
1.93875345,0,0
1.9392532,0,1
1.9397532,0,0
1.94025295,0,1
1.94075295,0,0
1.9412527,0,1
1.9417527,0,0
1.94225245,0,1
1.94275245,0,0
1.94325215,0,1
1.94375205,0,0
1.9442518,0,1
1.9447518,0,0
1.94525155,0,1
1.94575155,0,0
1.9462513,0,1
1.94675125,0,0
1.947251,0,1
1.947751,0,0
1.94825075,0,1
1.9487507,0,0
1.9492504,0,1
1.9497503,0,0
1.95025,0,1
1.95074995,0,0
1.9512496,0,1
1.95174955,0,0
1.95224925,0,1
1.9527492,0,0
1.95324885,0,1
1.9537488,0,0
1.95424845,0,1
1.95474835,0,0
1.95524805,0,1
1.955748,0,0
1.9562477,0,1
1.9567476,0,0
1.95724735,0,1
1.9577473,0,0
1.95824705,0,1
1.958747,0,0
1.95924675,0,1
1.9597467,0,0
1.9602464,0,1
1.9607464,0,0
1.9612461,0,1
1.9617461,0,0
1.96224585,0,1
1.96274585,0,0
1.96324555,0,1
1.96374555,0,0
1.96424525,0,1
1.96474525,0,0
1.96524495,0,1
1.9657449,0,0
1.96624465,0,1
1.9667446,0,0
1.96724425,0,1
1.9677442,0,0
1.96824385,0,1
1.9687438,0,0
1.9692435,0,1
1.96974345,0,0
1.97024315,0,1
1.97074315,0,0
1.9712429,0,1
1.9717429,0,0
1.9722426,0,1
1.9727426,0,0
1.97324235,0,1
1.9737423,0,0
1.974242,0,1
1.974742,0,0
1.97524175,0,1
1.9757417,0,0
1.97624145,0,1
1.97674145,0,0
1.9772412,0,1
1.9777412,0,0
1.9782409,0,1
1.9787409,0,0
1.97924065,0,1
1.97974065,0,0
1.98024045,0,1
1.9807404,0,0
1.9812401,0,1
1.98174005,0,0
1.9822398,0,1
1.9827398,0,0
1.98323955,0,1
1.9837395,0,0
1.98423925,0,1
1.9847392,0,0
1.98523895,0,1
1.98573895,0,0
1.98623865,0,1
1.9867386,0,0
1.9872383,0,1
1.98773825,0,0
1.98823795,0,1
1.9887379,0,0
1.98923765,0,1
1.9897376,0,0
1.9902373,0,1
1.99073725,0,0
1.991237,0,1
1.99173695,0,0
1.9922367,0,1
1.99273665,0,0
1.99323635,0,1
1.9937363,0,0
1.99423595,0,1
1.9947359,0,0
1.99523555,0,1
1.99573545,0,0
1.9962352,0,1
1.99673515,0,0
1.9972349,0,1
1.99773485,0,0
1.9982346,0,1
1.99873455,0,0
1.9992343,0,1
1.99973425,0,0
2.000234,0,1
2.00073395,0,0
2.00123365,0,1
2.0017336,0,0
2.00223325,0,1
2.0027332,0,0
2.00323285,0,1
2.00373275,0,0
2.00423245,0,1
2.0047324,0,0
2.00523215,0,1
2.0057321,0,0
2.0062318,0,1
2.00673175,0,0
2.00723145,0,1
2.0077314,0,0
2.0082311,0,1
2.00873105,0,0
2.00923075,0,1
2.0097307,0,0
2.0102304,0,1
2.0107303,0,0
2.01123,0,1
2.0117299,0,0
2.0122296,0,1
2.0127295,0,0
2.0132292,0,1
2.01372905,0,0
2.0142288,0,1
2.0147288,0,0
2.0152285,0,1
2.0157285,0,0
2.01622825,0,1
2.01672825,0,0
2.017228,0,1
2.01772795,0,0
2.01822765,0,1
2.0187276,0,0
2.0192273,0,1
2.01972725,0,0
2.02022695,0,1
2.0207269,0,0
2.0212266,0,1
2.02172655,0,0
2.0222263,0,1
2.0227263,0,0
2.023226,0,1
2.023726,0,0
2.02422575,0,1
2.02472575,0,0
2.0252254,0,1
2.0257254,0,0
2.0262251,0,1
2.0267251,0,0
2.02722485,0,1
2.0277248,0,0
2.02822455,0,1
2.0287245,0,0
2.0292242,0,1
2.0297242,0,0
2.030224,0,1
2.030724,0,0
2.03122375,0,1
2.0317237,0,0
2.0322234,0,1
2.03272335,0,0
2.0332231,0,1
2.03372315,0,0
2.0342229,0,1
2.0347229,0,0
2.03522265,0,1
2.0357226,0,0
2.0362223,0,1
2.0367223,0,0
2.03722205,0,1
2.037722,0,0
2.03822175,0,1
2.0387218,0,0
2.0392215,0,1
2.03972155,0,0
2.0402213,0,1
2.0407213,0,0
2.04122105,0,1
2.04172105,0,0
2.04222085,0,1
2.04272085,0,0
2.0432206,0,1
2.04372055,0,0
2.0442203,0,1
2.04472025,0,0
2.04522,0,1
2.04571995,0,0
2.0462197,0,1
2.0467197,0,0
2.0472194,0,1
2.0477194,0,0
2.04821915,0,1
2.04871915,0,0
2.04921885,0,1
2.04971885,0,0
2.05021855,0,1
2.0507186,0,0
2.05121835,0,1
2.05171835,0,0
2.05221805,0,1
2.05271805,0,0
2.0532178,0,1
2.05371775,0,0
2.0542174,0,1
2.0547174,0,0
2.05521705,0,1
2.055717,0,0
2.0562167,0,1
2.0567167,0,0
2.0572164,0,1
2.0577164,0,0
2.05821615,0,1
2.0587161,0,0
2.05921585,0,1
2.05971585,0,0
2.06021555,0,1
2.06071555,0,0
2.06121525,0,1
2.0617152,0,0
2.06221495,0,1
2.0627149,0,0
2.06321465,0,1
2.0637146,0,0
2.06421435,0,1
2.06471435,0,0
2.065214,0,1
2.06571395,0,0
2.0662137,0,1
2.06671365,0,0
2.0672134,0,1
2.06771335,0,0
2.06821305,0,1
2.068713,0,0
2.06921275,0,1
2.0697127,0,0
2.0702124,0,1
2.07071235,0,0
2.07121205,0,1
2.071712,0,0
2.07221175,0,1
2.0727116,0,0
2.0732113,0,1
2.07371125,0,0
2.074211,0,1
2.07471105,0,0
2.07521075,0,1
2.0757107,0,0
2.0762104,0,1
2.0767104,0,0
2.0772101,0,1
2.07771005,0,0
2.0782098,0,1
2.07870975,0,0
2.0792095,0,1
2.07970945,0,0
2.0802092,0,1
2.08070915,0,0
2.08120885,0,1
2.0817088,0,0
2.0822085,0,1
2.08270845,0,0
2.08320815,0,1
2.0837081,0,0
2.0842078,0,1
2.0847077,0,0
2.0852074,0,1
2.08570735,0,0
2.08620705,0,1
2.08670705,0,0
2.08720675,0,1
2.0877067,0,0
2.08820635,0,1
2.0887063,0,0
2.089206,0,1
2.08970595,0,0
2.0902057,0,1
2.0907057,0,0
2.0912054,0,1
2.09170535,0,0
2.092205,0,1
2.09270485,0,0
2.09320455,0,1
2.09370455,0,0
2.0942043,0,1
2.0947043,0,0
2.09520405,0,1
2.09570405,0,0
2.0962038,0,1
2.0967038,0,0
2.0972035,0,1
2.0977035,0,0
2.0982032,0,1
2.09870315,0,0
2.0992029,0,1
2.0997029,0,0
2.10020265,0,1
2.1007026,0,0
2.10120235,0,1
2.10170235,0,0
2.1022021,0,1
2.1027021,0,0
2.10320185,0,1
2.1037018,0,0
2.10420155,0,1
2.10470155,0,0
2.10520125,0,1
2.1057012,0,0
2.10620095,0,1
2.106701,0,0
2.1072008,0,1
2.1077008,0,0
2.10820055,0,1
2.1087006,0,0
2.10920035,0,1
2.10970035,0,0
2.11020015,0,1
2.1107001,0,0
2.1111998,0,1
2.11169975,0,0
2.1121995,0,1
2.11269945,0,0
2.1131992,0,1
2.11369915,0,0
2.11419885,0,1
2.1146988,0,0
2.1151985,0,1
2.1156984,0,0
2.1161981,0,1
2.11669805,0,0
2.11719775,0,1
2.11769775,0,0
2.1181975,0,1
2.1186975,0,0
2.11919725,0,1
2.11969725,0,0
2.12019695,0,1
2.12069695,0,0
2.12119665,0,1
2.1216966,0,0
2.12219635,0,1
2.1226963,0,0
2.12319605,0,1
2.12369605,0,0
2.12419575,0,1
2.1246957,0,0
2.1251954,0,1
2.1256954,0,0
2.1261951,0,1
2.1266951,0,0
2.1271948,0,1
2.12769475,0,0
2.1281945,0,1
2.1286945,0,0
2.1291942,0,1
2.12969415,0,0
2.1301939,0,1
2.1306939,0,0
2.1311936,0,1
2.1316936,0,0
2.13219335,0,1
2.13269335,0,0
2.1331931,0,1
2.13369305,0,0
2.1341928,0,1
2.13469275,0,0
2.13519245,0,1
2.1356924,0,0
2.1361921,0,1
2.13669205,0,0
2.13719175,0,1
2.1376917,0,0
2.1381914,0,1
2.13869135,0,0
2.13919105,0,1
2.13969105,0,0
2.1401908,0,1
2.1406908,0,0
2.14119055,0,1
2.1416905,0,0
2.1421903,0,1
2.14269025,0,0
2.14319,0,1
2.14369005,0,0
2.1441898,0,1
2.1446898,0,0
2.1451895,0,1
2.1456895,0,0
2.14618925,0,1
2.14668925,0,0
2.14718905,0,1
2.1476891,0,0
2.14818885,0,1
2.1486888,0,0
2.14918855,0,1
2.14968845,0,0
2.15018815,0,1
2.15068815,0,0
2.15118785,0,1
2.1516878,0,0
2.15218755,0,1
2.15268755,0,0
2.15318725,0,1
2.1536872,0,0
2.15418695,0,1
2.1546869,0,0
2.15518665,0,1
2.1556866,0,0
2.15618635,0,1
2.1566863,0,0
2.15718605,0,1
2.15768605,0,0
2.1581858,0,1
2.1586858,0,0
2.15918555,0,1
2.15968555,0,0
2.16018535,0,1
2.16068535,0,0
2.16118515,0,1
2.16168515,0,0
2.1621849,0,1
2.1626849,0,0
2.16318465,0,1
2.16368465,0,0
2.1641844,0,1
2.1646844,0,0
2.16518415,0,1
2.16568415,0,0
2.16618385,0,1
2.1666839,0,0
2.16718365,0,1
2.1676836,0,0
2.16818335,0,1
2.1686834,0,0
2.1691831,0,1
2.16968315,0,0
2.1701829,0,1
2.1706829,0,0
2.1711827,0,1
2.17168275,0,0
2.17218255,0,1
2.1726826,0,0
2.17318235,0,1
2.17368235,0,0
2.1741821,0,1
2.1746821,0,0
2.17518185,0,1
2.1756818,0,0
2.1761816,0,1
2.1766816,0,0
2.17718135,0,1
2.17768135,0,0
2.1781811,0,1
2.17868105,0,0
2.1791808,0,1
2.1796808,0,0
2.1801805,0,1
2.1806805,0,0
2.1811802,0,1
2.1816802,0,0
2.18217995,0,1
2.1826799,0,0
2.18317965,0,1
2.1836796,0,0
2.18417935,0,1
2.1846793,0,0
2.185179,0,1
2.185679,0,0
2.1861787,0,1
2.18667865,0,0
2.18717835,0,1
2.18767835,0,0
2.1881781,0,1
2.18867805,0,0
2.1891778,0,1
2.18967775,0,0
2.19017745,0,1
2.19067745,0,0
2.19117715,0,1
2.19167715,0,0
2.19217685,0,1
2.1926768,0,0
2.19317655,0,1
2.1936765,0,0
2.1941762,0,1
2.1946762,0,0
2.19517595,0,1
2.19567595,0,0
2.1961757,0,1
2.1966757,0,0
2.1971755,0,1
2.1976755,0,0
2.19817525,0,1
2.1986752,0,0
2.19917495,0,1
2.1996749,0,0
2.20017465,0,1
2.20067465,0,0
2.2011743,0,1
2.2016743,0,0
2.202174,0,1
2.202674,0,0
2.20317375,0,1
2.2036737,0,0
2.2041734,0,1
2.2046734,0,0
2.2051731,0,1
2.20567305,0,0
2.20617275,0,1
2.2066727,0,0
2.20717245,0,1
2.2076724,0,0
2.2081721,0,1
2.20867205,0,0
2.20917175,0,1
2.2096717,0,0
2.2101714,0,1
2.21067135,0,0
2.211171,0,1
2.21167095,0,0
2.21217065,0,1
2.2126706,0,0
2.2131703,0,1
2.21367025,0,0
2.21416995,0,1
2.2146699,0,0
2.21516965,0,1
2.21566955,0,0
2.21616925,0,1
2.2166692,0,0
2.2171689,0,1
2.21766885,0,0
2.21816855,0,1
2.21866845,0,0
2.2191681,0,1
2.219668,0,0
2.22016765,0,1
2.22066755,0,0
2.2211672,0,1
2.2216671,0,0
2.22216675,0,1
2.22266675,0,0
2.22316645,0,1
2.2236664,0,0
2.22416615,0,1
2.22466615,0,0
2.2251659,0,1
2.22566595,0,0
2.2261657,0,1
2.22666565,0,0
2.2271654,0,1
2.22766535,0,0
2.2281651,0,1
2.2286651,0,0
2.2291649,0,1
2.2296649,0,0
2.23016465,0,1
2.2306646,0,0
2.2311643,0,1
2.23166425,0,0
2.23216395,0,1
2.2326639,0,0
2.2331636,0,1
2.23366355,0,0
2.2341633,0,1
2.23466325,0,0
2.23516295,0,1
2.23566285,0,0
2.23616255,0,1
2.23666255,0,0
2.23716225,0,1
2.23766215,0,0
2.23816185,0,1
2.23866175,0,0
2.23916145,0,1
2.23966145,0,0
2.24016115,0,1
2.24066115,0,0
2.24116085,0,1
2.24166085,0,0
2.2421606,0,1
2.24266055,0,0
2.2431603,0,1
2.24366025,0,0
2.24415995,0,1
2.2446599,0,0
2.24515965,0,1
2.24565965,0,0
2.24615935,0,1
2.24665935,0,0
2.24715905,0,1
2.24765895,0,0
2.2481587,0,1
2.2486586,0,0
2.2491583,0,1
2.24965825,0,0
2.2501579,0,1
2.25065785,0,0
2.25115755,0,1
2.25165755,0,0
2.2521573,0,1
2.25265725,0,0
2.25315695,0,1
2.25365695,0,0
2.2541567,0,1
2.25465665,0,0
2.2551563,0,1
2.2556562,0,0
2.25615595,0,1
2.2566559,0,0
2.25715565,0,1
2.2576556,0,0
2.2581553,0,1
2.25865525,0,0
2.25915495,0,1
2.2596549,0,0
2.2601546,0,1
2.26065445,0,0
2.26115405,0,1
2.2616539,0,0
2.26215355,0,1
2.2626535,0,0
2.26315325,0,1
2.26365315,0,0
2.2641529,0,1
2.2646529,0,0
2.26515265,0,1
2.2656526,0,0
2.2661523,0,1
2.26665225,0,0
2.26715195,0,1
2.26765185,0,0
2.26815155,0,1
2.2686516,0,0
2.2691513,0,1
2.2696513,0,0
2.27015105,0,1
2.27065105,0,0
2.2711508,0,1
2.2716508,0,0
2.27215055,0,1
2.27265055,0,0
2.2731503,0,1
2.27365025,0,0
2.27414995,0,1
2.27464995,0,0
2.2751497,0,1
2.27564975,0,0
2.2761495,0,1
2.2766495,0,0
2.2771492,0,1
2.27764915,0,0
2.2781488,0,1
2.2786487,0,0
2.2791484,0,1
2.27964835,0,0
2.28014805,0,1
2.280648,0,0
2.28114765,0,1
2.2816476,0,0
2.2821473,0,1
2.28264725,0,0
2.28314695,0,1
2.2836469,0,0
2.2841466,0,1
2.28464655,0,0
2.28514625,0,1
2.2856462,0,0
2.2861459,0,1
2.28664585,0,0
2.28714555,0,1
2.2876455,0,0
2.2881452,0,1
2.28864515,0,0
2.28914485,0,1
2.2896448,0,0
2.2901445,0,1
2.29064445,0,0
2.2911442,0,1
2.29164415,0,0
2.29214385,0,1
2.2926438,0,0
2.29314345,0,1
2.29364335,0,0
2.2941431,0,1
2.29464305,0,0
2.2951427,0,1
2.29564265,0,0
2.2961423,0,1
2.29664225,0,0
2.2971419,0,1
2.29764185,0,0
2.2981415,0,1
2.2986414,0,0
2.29914115,0,1
2.2996411,0,0
2.30014085,0,1
2.30064085,0,0
2.3011406,0,1
2.3016406,0,0
2.30214025,0,1
2.3026402,0,0
2.3031399,0,1
2.30363985,0,0
2.30413955,0,1
2.30463945,0,0
2.30513915,0,1
2.3056391,0,0
2.30613875,0,1
2.30663865,0,0
2.30713835,0,1
2.3076383,0,0
2.308138,0,1
2.308638,0,0
2.3091377,0,1
2.3096377,0,0
2.31013745,0,1
2.3106374,0,0
2.3111371,0,1
2.3116371,0,0
2.31213685,0,1
2.3126368,0,0
2.3131365,0,1
2.31363645,0,0
2.3141362,0,1
2.3146362,0,0
2.3151359,0,1
2.3156358,0,0
2.3161355,0,1
2.3166355,0,0
2.3171352,0,1
2.3176352,0,0
2.3181349,0,1
2.31863485,0,0
2.3191346,0,1
2.31963455,0,0
2.3201342,0,1
2.32063415,0,0
2.32113385,0,1
2.32163385,0,0
2.32213355,0,1
2.32263355,0,0
2.32313325,0,1
2.3236332,0,0
2.32413295,0,1
2.3246329,0,0
2.32513265,0,1
2.3256326,0,0
2.3261323,0,1
2.3266323,0,0
2.32713205,0,1
2.32763205,0,0
2.32813175,0,1
2.3286317,0,0
2.3291314,0,1
2.3296314,0,0
2.3301311,0,1
2.330631,0,0
2.3311307,0,1
2.3316306,0,0
2.3321303,0,1
2.33263025,0,0
2.33312995,0,1
2.3336299,0,0
2.3341296,0,1
2.33462955,0,0
2.33512925,0,1
2.3356292,0,0
2.3361289,0,1
2.33662885,0,0
2.3371286,0,1
2.3376285,0,0
2.3381282,0,1
2.33862815,0,0
2.33912785,0,1
2.3396278,0,0
2.3401275,0,1
2.34062745,0,0
2.3411271,0,1
2.34162705,0,0
2.34212675,0,1
2.34262675,0,0
2.34312645,0,1
2.3436264,0,0
2.34412615,0,1
2.3446261,0,0
2.34512585,0,1
2.34562585,0,0
2.3461256,0,1
2.3466256,0,0
2.34712535,0,1
2.3476253,0,0
2.34812505,0,1
2.348625,0,0
2.3491247,0,1
2.34962465,0,0
2.35012435,0,1
2.35062425,0,0
2.3511239,0,1
2.35162385,0,0
2.35212355,0,1
2.35262345,0,0
2.3531231,0,1
2.353623,0,0
2.35412265,0,1
2.35462255,0,0
2.3551222,0,1
2.3556221,0,0
2.3561218,0,1
2.35662175,0,0
2.3571214,0,1
2.35762125,0,0
2.35812085,0,1
2.3586208,0,0
2.35912045,0,1
2.35962035,0,0
2.36012,0,1
2.36061985,0,0
2.3611195,0,1
2.36161935,0,0
2.362119,0,1
2.3626189,0,0
2.3631185,0,1
2.3636184,0,0
2.364118,0,1
2.36461785,0,0
2.36511745,0,1
2.3656173,0,0
2.3661169,0,1
2.3666168,0,0
2.36711645,0,1
2.3676164,0,0
2.368116,0,1
2.3686159,0,0
2.36911555,0,1
2.3696154,0,0
2.370115,0,1
2.3706149,0,0
2.3711145,0,1
2.37161445,0,0
2.3721141,0,1
2.37261405,0,0
2.3731137,0,1
2.37361355,0,0
2.3741132,0,1
2.37461315,0,0
2.3751128,0,1
2.37561265,0,0
2.37611235,0,1
2.3766122,0,0
2.3771119,0,1
2.37761175,0,0
2.37811145,0,1
2.37861135,0,0
2.37911105,0,1
2.379611,0,0
2.38011065,0,1
2.38061065,0,0
2.3811103,0,1
2.3816102,0,0
2.3821099,0,1
2.3826098,0,0
2.38310945,0,1
2.38360945,0,0
2.3841091,0,1
2.38460905,0,0
2.38510875,0,1
2.38560875,0,0
2.3861085,0,1
2.38660845,0,0
2.3871082,0,1
2.38760815,0,0
2.38810785,0,1
2.3886078,0,0
2.38910745,0,1
2.3896074,0,0
2.3901071,0,1
2.39060705,0,0
2.39110675,0,1
2.3916067,0,0
2.39210635,0,1
2.3926063,0,0
2.393106,0,1
2.3936059,0,0
2.39410565,0,1
2.3946056,0,0
2.39510535,0,1
2.39560535,0,0
2.3961051,0,1
2.3966051,0,0
2.3971048,0,1
2.3976048,0,0
2.3981045,0,1
2.3986045,0,0
2.3991042,0,1
2.39960415,0,0
2.4001039,0,1
2.4006039,0,0
2.4011036,0,1
2.4016036,0,0
2.40210325,0,1
2.40260325,0,0
2.40310295,0,1
2.4036029,0,0
2.4041026,0,1
2.4046026,0,0
2.4051023,0,1
2.4056023,0,0
2.406102,0,1
2.40660195,0,0
2.4071017,0,1
2.4076016,0,0
2.40810135,0,1
2.4086013,0,0
2.40910095,0,1
2.4096009,0,0
2.41010065,0,1
2.4106006,0,0
2.41110025,0,1
2.4116002,0,0
2.41209985,0,1
2.4125998,0,0
2.4130995,0,1
2.4135994,0,0
2.41409915,0,1
2.4145991,0,0
2.4150988,0,1
2.4155987,0,0
2.4160984,0,1
2.4165984,0,0
2.4170981,0,1
2.41759805,0,0
2.41809775,0,1
2.41859765,0,0
2.4190973,0,1
2.41959725,0,0
2.42009685,0,1
2.42059675,0,0
2.42109645,0,1
2.4215964,0,0
2.4220961,0,1
2.422596,0,0
2.4230957,0,1
2.4235956,0,0
2.42409525,0,1
2.42459515,0,0
2.42509485,0,1
2.42559475,0,0
2.42609445,0,1
2.42659435,0,0
2.42709405,0,1
2.42759405,0,0
2.42809375,0,1
2.4285937,0,0
2.42909335,0,1
2.4295933,0,0
2.43009295,0,1
2.43059295,0,0
2.43109265,0,1
2.4315926,0,0
2.43209235,0,1
2.4325923,0,0
2.433092,0,1
2.43359195,0,0
2.43409165,0,1
2.4345916,0,0
2.43509135,0,1
2.4355913,0,0
2.43609105,0,1
2.436591,0,0
2.4370907,0,1
2.43759065,0,0
2.43809035,0,1
2.4385903,0,0
2.43909,0,1
2.4395899,0,0
2.44008955,0,1
2.44058955,0,0
2.4410892,0,1
2.44158915,0,0
2.4420888,0,1
2.4425887,0,0
2.4430884,0,1
2.44358835,0,0
2.444088,0,1
2.4445879,0,0
2.44508755,0,1
2.4455875,0,0
2.44608725,0,1
2.44658715,0,0
2.44708685,0,1
2.4475868,0,0
2.4480865,0,1
2.4485865,0,0
2.4490862,0,1
2.4495862,0,0
2.45008595,0,1
2.45058595,0,0
2.45108565,0,1
2.4515856,0,0
2.4520853,0,1
2.4525852,0,0
2.45308495,0,1
2.4535849,0,0
2.4540846,0,1
2.4545846,0,0
2.4550843,0,1
2.45558425,0,0
2.45608395,0,1
2.45658385,0,0
2.45708355,0,1
2.4575835,0,0
2.45808315,0,1
2.4585831,0,0
2.4590828,0,1
2.45958275,0,0
2.4600825,0,1
2.46058245,0,0
2.4610822,0,1
2.4615821,0,0
2.4620818,0,1
2.46258175,0,0
2.4630814,0,1
2.4635813,0,0
2.464081,0,1
2.4645809,0,0
2.4650806,0,1
2.46558055,0,0
2.46608025,0,1
2.46658015,0,0
2.46707985,0,1
2.4675798,0,0
2.4680795,0,1
2.46857945,0,0
2.4690792,0,1
2.46957915,0,0
2.47007885,0,1
2.4705788,0,0
2.47107855,0,1
2.4715785,0,0
2.4720782,0,1
2.47257815,0,0
2.47307785,0,1
2.47357785,0,0
2.47407755,0,1
2.4745775,0,0
2.4750772,0,1
2.4755772,0,0
2.47607695,0,1
2.476577,0,0
2.47707675,0,1
2.4775767,0,0
2.47807645,0,1
2.47857645,0,0
2.47907615,0,1
2.47957615,0,0
2.4800759,0,1
2.4805759,0,0
2.4810756,0,1
2.4815756,0,0
2.4820753,0,1
2.48257525,0,0
2.48307495,0,1
2.4835749,0,0
2.4840746,0,1
2.4845745,0,0
2.48507415,0,1
2.4855741,0,0
2.4860738,0,1
2.4865738,0,0
2.48707355,0,1
2.4875735,0,0
2.4880732,0,1
2.48857315,0,0
2.48907285,0,1
2.4895728,0,0
2.49007245,0,1
2.49057245,0,0
2.4910721,0,1
2.491572,0,0
2.4920717,0,1
2.4925716,0,0
2.4930713,0,1
2.4935712,0,0
2.4940709,0,1
2.49457085,0,0
2.49507055,0,1
2.4955705,0,0
2.4960702,0,1
2.4965702,0,0
2.4970699,0,1
2.4975699,0,0
2.4980696,0,1
2.49856955,0,0
2.4990692,0,1
2.49956915,0,0
2.50006885,0,1
2.50056885,0,0
2.50106855,0,1
2.50156855,0,0
2.50206825,0,1
2.5025682,0,0
2.50306795,0,1
2.50356795,0,0
2.5040677,0,1
2.5045677,0,0
2.5050674,0,1
2.50556735,0,0
2.5060671,0,1
2.5065671,0,0
2.5070668,0,1
2.50756685,0,0
2.5080666,0,1
2.50856655,0,0
2.50906625,0,1
2.5095662,0,0
2.5100659,0,1
2.5105659,0,0
2.5110656,0,1
2.5115655,0,0
2.5120652,0,1
2.51256515,0,0
2.51306485,0,1
2.51356485,0,0
2.51406455,0,1
2.5145645,0,0
2.5150642,0,1
2.5155642,0,0
2.5160639,0,1
2.5165639,0,0
2.5170636,0,1
2.5175635,0,0
2.51806325,0,1
2.5185632,0,0
2.5190629,0,1
2.51956285,0,0
2.5200626,0,1
2.52056255,0,0
2.52106225,0,1
2.5215622,0,0
2.52206195,0,1
2.52256195,0,0
2.52306165,0,1
2.5235616,0,0
2.52406135,0,1
2.52456135,0,0
2.525061,0,1
2.525561,0,0
2.5260607,0,1
2.52656065,0,0
2.52706035,0,1
2.52756035,0,0
2.52806005,0,1
2.52856,0,0
2.5290597,0,1
2.52955965,0,0
2.53005935,0,1
2.5305593,0,0
2.53105895,0,1
2.5315588,0,0
2.5320585,0,1
2.53255845,0,0
2.5330581,0,1
2.533558,0,0
2.53405775,0,1
2.5345577,0,0
2.5350574,0,1
2.53555725,0,0
2.53605695,0,1
2.53655685,0,0
2.5370566,0,1
2.5375565,0,0
2.53805615,0,1
2.5385561,0,0
2.5390558,0,1
2.5395557,0,0
2.5400554,0,1
2.5405553,0,0
2.541055,0,1
2.54155495,0,0
2.54205465,0,1
2.54255465,0,0
2.54305435,0,1
2.5435543,0,0
2.544054,0,1
2.5445539,0,0
2.5450536,0,1
2.5455535,0,0
2.5460532,0,1
2.54655315,0,0
2.5470529,0,1
2.5475529,0,0
2.5480526,0,1
2.54855255,0,0
2.5490523,0,1
2.54955225,0,0
2.550052,0,1
2.55055195,0,0
2.5510517,0,1
2.55155165,0,0
2.5520514,0,1
2.55255135,0,0
2.553051,0,1
2.5535509,0,0
2.5540506,0,1
2.55455055,0,0
2.55505015,0,1
2.5555501,0,0
2.5560498,0,1
2.5565497,0,0
2.5570494,0,1
2.5575493,0,0
2.558049,0,1
2.5585489,0,0
2.5590486,0,1
2.55954855,0,0
2.5600483,0,1
2.5605483,0,0
2.561048,0,1
2.561548,0,0
2.56204765,0,1
2.5625476,0,0
2.5630473,0,1
2.56354725,0,0
2.564047,0,1
2.564547,0,0
2.56504675,0,1
2.5655467,0,0
2.56604645,0,1
2.56654645,0,0
2.5670461,0,1
2.56754605,0,0
2.56804575,0,1
2.56854575,0,0
2.56904545,0,1
2.5695454,0,0
2.5700451,0,1
2.5705451,0,0
2.5710448,0,1
2.5715448,0,0
2.5720445,0,1
2.57254445,0,0
2.57304415,0,1
2.5735441,0,0
2.5740438,0,1
2.57454375,0,0
2.57504345,0,1
2.57554335,0,0
2.57604305,0,1
2.57654295,0,0
2.57704265,0,1
2.57754255,0,0
2.57804225,0,1
2.5785422,0,0
2.57904185,0,1
2.5795418,0,0
2.5800415,0,1
2.58054145,0,0
2.5810412,0,1
2.5815411,0,0
2.5820408,0,1
2.58254075,0,0
2.58304045,0,1
2.5835404,0,0
2.58404015,0,1
2.58454005,0,0
2.5850398,0,1
2.58553975,0,0
2.58603945,0,1
2.5865394,0,0
2.58703905,0,1
2.587539,0,0
2.58803875,0,1
2.5885387,0,0
2.5890384,0,1
2.58953835,0,0
2.59003805,0,1
2.59053805,0,0
2.59103775,0,1
2.59153775,0,0
2.5920375,0,1
2.5925375,0,0
2.5930372,0,1
2.59353715,0,0
2.59403695,0,1
2.5945369,0,0
2.59503665,0,1
2.5955366,0,0
2.59603635,0,1
2.5965363,0,0
2.59703605,0,1
2.597536,0,0
2.5980357,0,1
2.59853565,0,0
2.5990354,0,1
2.59953535,0,0
2.60003505,0,1
2.60053505,0,0
2.6010347,0,1
2.6015346,0,0
2.60203435,0,1
2.6025343,0,0
2.60303405,0,1
2.603534,0,0
2.6040337,0,1
2.60453365,0,0
2.60503335,0,1
2.60553335,0,0
2.6060331,0,1
2.60653305,0,0
2.60703275,0,1
2.60753275,0,0
2.60803255,0,1
2.6085326,0,0
2.60903235,0,1
2.6095324,0,0
2.61003215,0,1
2.6105321,0,0
2.61103185,0,1
2.61153185,0,0
2.61203155,0,1
2.61253155,0,0
2.61303125,0,1
2.6135312,0,0
2.6140309,0,1
2.61453085,0,0
2.61503055,0,1
2.6155305,0,0
2.6160302,0,1
2.6165301,0,0
2.6170298,0,1
2.6175297,0,0
2.6180294,0,1
2.61852935,0,0
2.619029,0,1
2.61952895,0,0
2.6200286,0,1
2.62052855,0,0
2.6210282,0,1
2.62152815,0,0
2.62202785,0,1
2.6225278,0,0
2.6230275,0,1
2.6235275,0,0
2.6240272,0,1
2.62452715,0,0
2.6250269,0,1
2.6255269,0,0
2.62602665,0,1
2.62652665,0,0
2.6270264,0,1
2.62752635,0,0
2.6280261,0,1
2.62852615,0,0
2.6290259,0,1
2.6295259,0,0
2.63002565,0,1
2.63052565,0,0
2.63102535,0,1
2.63152535,0,0
2.63202505,0,1
2.63252505,0,0
2.63302485,0,1
2.63352485,0,0
2.6340246,0,1
2.63452455,0,0
2.63502425,0,1
2.63552425,0,0
2.63602395,0,1
2.63652395,0,0
2.63702365,0,1
2.63752365,0,0
2.63802335,0,1
2.6385233,0,0
2.63902305,0,1
2.63952305,0,0
2.64002275,0,1
2.64052275,0,0
2.6410225,0,1
2.64152245,0,0
2.64202215,0,1
2.6425221,0,0
2.6430218,0,1
2.6435217,0,0
2.6440214,0,1
2.6445213,0,0
2.64502105,0,1
2.645521,0,0
2.6460207,0,1
2.6465207,0,0
2.6470204,0,1
2.64752035,0,0
2.6480201,0,1
2.64852,0,0
2.6490197,0,1
2.64951955,0,0
2.65001925,0,1
2.65051915,0,0
2.6510188,0,1
2.6515187,0,0
2.6520184,0,1
2.65251835,0,0
2.65301805,0,1
2.653518,0,0
2.65401765,0,1
2.65451755,0,0
2.6550172,0,1
2.6555172,0,0
2.6560169,0,1
2.65651685,0,0
2.6570166,0,1
2.65751655,0,0
2.6580163,0,1
2.6585163,0,0
2.659016,0,1
2.65951595,0,0
2.66001565,0,1
2.6605156,0,0
2.6610153,0,1
2.66151525,0,0
2.662015,0,1
2.66251495,0,0
2.66301455,0,1
2.6635144,0,0
2.66401405,0,1
2.664514,0,0
2.6650137,0,1
2.66551365,0,0
2.66601335,0,1
2.6665133,0,0
2.66701295,0,1
2.6675129,0,0
2.66801255,0,1
2.6685125,0,0
2.6690122,0,1
2.66951215,0,0
2.67001185,0,1
2.6705118,0,0
2.6710115,0,1
2.6715114,0,0
2.6720111,0,1
2.67251105,0,0
2.67301075,0,1
2.6735107,0,0
2.67401045,0,1
2.6745104,0,0
2.6750101,0,1
2.6755101,0,0
2.6760098,0,1
2.6765098,0,0
2.6770095,0,1
2.67750945,0,0
2.6780092,0,1
2.67850915,0,0
2.6790089,0,1
2.6795088,0,0
2.6800085,0,1
2.6805085,0,0
2.6810082,0,1
2.68150815,0,0
2.6820078,0,1
2.6825077,0,0
2.6830074,0,1
2.6835073,0,0
2.684007,0,1
2.68450695,0,0
2.68500665,0,1
2.6855066,0,0
2.6860063,0,1
2.6865063,0,0
2.687006,0,1
2.687506,0,0
2.6880057,0,1
2.6885056,0,0
2.68900535,0,1
2.68950525,0,0
2.69000495,0,1
2.69050485,0,0
2.69100455,0,1
2.6915045,0,0
2.69200415,0,1
2.69250405,0,0
2.69300375,0,1
2.6935037,0,0
2.69400345,0,1
2.6945033,0,0
2.695003,0,1
2.69550295,0,0
2.6960027,0,1
2.69650265,0,0
2.6970023,0,1
2.6975022,0,0
2.6980019,0,1
2.6985019,0,0
2.69900155,0,1
2.69950145,0,0
2.70000115,0,1
2.70050105,0,0
2.7010008,0,1
2.70150075,0,0
2.70200045,0,1
2.70250045,0,0
2.70300015,0,1
2.7035001,0,0
2.7039998,0,1
2.70449975,0,0
2.7049995,0,1
2.70549945,0,0
2.70599915,0,1
2.7064991,0,0
2.70699875,0,1
2.7074987,0,0
2.7079984,0,1
2.70849835,0,0
2.708998,0,1
2.70949795,0,0
2.7099977,0,1
2.71049765,0,0
2.7109974,0,1
2.71149735,0,0
2.7119971,0,1
2.71249705,0,0
2.71299675,0,1
2.71349675,0,0
2.7139964,0,1
2.7144964,0,0
2.7149961,0,1
2.71549605,0,0
2.7159958,0,1
2.7164958,0,0
2.7169955,0,1
2.71749555,0,0
2.71799525,0,1
2.71849525,0,0
2.71899505,0,1
2.719495,0,0
2.71999475,0,1
2.7204947,0,0
2.72099445,0,1
2.7214944,0,0
2.72199415,0,1
2.7224941,0,0
2.7229939,0,1
2.72349395,0,0
2.7239937,0,1
2.72449375,0,0
2.7249935,0,1
2.72549345,0,0
2.7259932,0,1
2.7264932,0,0
2.72699285,0,1
2.72749285,0,0
2.7279926,0,1
2.72849255,0,0
2.72899225,0,1
2.72949225,0,0
2.72999195,0,1
2.7304919,0,0
2.7309916,0,1
2.7314916,0,0
2.7319913,0,1
2.7324913,0,0
2.73299105,0,1
2.733491,0,0
2.73399075,0,1
2.73449075,0,0
2.7349905,0,1
2.7354905,0,0
2.7359903,0,1
2.73649035,0,0
2.7369901,0,1
2.73749015,0,0
2.7379899,0,1
2.73848995,0,0
2.7389897,0,1
2.73948975,0,0
2.7399896,0,1
2.74048965,0,0
2.74098945,0,1
2.7414895,0,0
2.74198925,0,1
2.74248925,0,0
2.742989,0,1
2.743489,0,0
2.74398875,0,1
2.7444888,0,0
2.74498855,0,1
2.7454886,0,0
2.74598835,0,1
2.74648835,0,0
2.74698815,0,1
2.74748815,0,0
2.7479879,0,1
2.74848785,0,0
2.7489876,0,1
2.74948755,0,0
2.7499873,0,1
2.7504873,0,0
2.75098705,0,1
2.7514871,0,0
2.7519868,0,1
2.7524868,0,0
2.75298655,0,1
2.75348655,0,0
2.75398625,0,1
2.7544862,0,0
2.7549859,0,1
2.75548585,0,0
2.7559856,0,1
2.75648555,0,0
2.7569853,0,1
2.7574853,0,0
2.7579851,0,1
2.75848505,0,0
2.75898485,0,1
2.75948485,0,0
2.7599846,0,1
2.7604846,0,0
2.7609844,0,1
2.76148445,0,0
2.7619842,0,1
2.7624842,0,0
2.76298395,0,1
2.76348395,0,0
2.76398375,0,1
2.76448375,0,0
2.7649835,0,1
2.7654835,0,0
2.76598325,0,1
2.76648325,0,0
2.76698295,0,1
2.7674829,0,0
2.76798265,0,1
2.7684826,0,0
2.7689823,0,1
2.7694823,0,0
2.7699821,0,1
2.770482,0,0
2.77098175,0,1
2.77148175,0,0
2.7719815,0,1
2.77248155,0,0
2.77298125,0,1
2.77348125,0,0
2.773981,0,1
2.774481,0,0
2.77498075,0,1
2.77548075,0,0
2.7759805,0,1
2.77648055,0,0
2.7769803,0,1
2.7774803,0,0
2.7779801,0,1
2.77848015,0,0
2.7789799,0,1
2.77947985,0,0
2.7799796,0,1
2.7804796,0,0
2.7809794,0,1
2.78147935,0,0
2.78197905,0,1
2.7824791,0,0
2.78297885,0,1
2.7834788,0,0
2.7839786,0,1
2.78447855,0,0
2.7849783,0,1
2.7854783,0,0
2.78597805,0,1
2.786478,0,0
2.78697765,0,1
2.7874776,0,0
2.7879773,0,1
2.7884773,0,0
2.788977,0,1
2.78947695,0,0
2.78997665,0,1
2.79047665,0,0
2.79097635,0,1
2.7914763,0,0
2.79197605,0,1
2.792476,0,0
2.79297575,0,1
2.7934758,0,0
2.7939755,0,1
2.79447545,0,0
2.79497515,0,1
2.7954751,0,0
2.79597485,0,1
2.7964748,0,0
2.79697455,0,1
2.7974745,0,0
2.79797425,0,1
2.7984742,0,0
2.79897395,0,1
2.79947395,0,0
2.7999736,0,1
2.80047355,0,0
2.80097325,0,1
2.80147325,0,0
2.80197295,0,1
2.8024729,0,0
2.80297265,0,1
2.80347265,0,0
2.8039724,0,1
2.8044724,0,0
2.8049721,0,1
2.8054721,0,0
2.80597185,0,1
2.8064718,0,0
2.8069715,0,1
2.8074715,0,0
2.8079712,0,1
2.8084711,0,0
2.80897085,0,1
2.80947085,0,0
2.8099706,0,1
2.8104706,0,0
2.8109704,0,1
2.81147035,0,0
2.8119701,0,1
2.8124701,0,0
2.8129698,0,1
2.8134698,0,0
2.8139696,0,1
2.81446965,0,0
2.81496935,0,1
2.81546935,0,0
2.81596905,0,1
2.816469,0,0
2.81696875,0,1
2.81746875,0,0
2.81796845,0,1
2.8184684,0,0
2.8189681,0,1
2.81946805,0,0
2.8199677,0,1
2.82046765,0,0
2.82096735,0,1
2.8214673,0,0
2.82196705,0,1
2.822467,0,0
2.82296675,0,1
2.82346675,0,0
2.8239665,0,1
2.8244665,0,0
2.82496625,0,1
2.82546615,0,0
2.82596585,0,1
2.82646575,0,0
2.8269654,0,1
2.82746535,0,0
2.8279651,0,1
2.8284651,0,0
2.82896485,0,1
2.82946485,0,0
2.8299646,0,1
2.83046465,0,0
2.83096435,0,1
2.83146435,0,0
2.83196405,0,1
2.83246405,0,0
2.83296375,0,1
2.8334637,0,0
2.8339634,0,1
2.83446335,0,0
2.8349631,0,1
2.83546305,0,0
2.8359627,0,1
2.8364626,0,0
2.8369623,0,1
2.8374623,0,0
2.83796195,0,1
2.8384619,0,0
2.8389616,0,1
2.8394616,0,0
2.83996135,0,1
2.8404613,0,0
2.840961,0,1
2.84146095,0,0
2.8419607,0,1
2.84246065,0,0
2.84296035,0,1
2.84346035,0,0
2.8439601,0,1
2.84446005,0,0
2.8449598,0,1
2.84545975,0,0
2.8459595,0,1
2.84645945,0,0
2.84695915,0,1
2.84745915,0,0
2.84795885,0,1
2.8484588,0,0
2.84895855,0,1
2.84945855,0,0
2.8499583,0,1
2.8504583,0,0
2.85095805,0,1
2.851458,0,0
2.8519577,0,1
2.8524577,0,0
2.85295745,0,1
2.8534574,0,0
2.8539571,0,1
2.85445705,0,0
2.85495675,0,1
2.8554567,0,0
2.85595635,0,1
2.8564563,0,0
2.85695595,0,1
2.85745595,0,0
2.85795565,0,1
2.8584556,0,0
2.8589553,0,1
2.85945525,0,0
2.85995495,0,1
2.8604549,0,0
2.86095455,0,1
2.8614545,0,0
2.8619542,0,1
2.8624541,0,0
2.8629538,0,1
2.86345375,0,0
2.8639534,0,1
2.86445335,0,0
2.86495305,0,1
2.865453,0,0
2.8659527,0,1
2.86645265,0,0
2.86695235,0,1
2.8674523,0,0
2.867952,0,1
2.868452,0,0
2.86895175,0,1
2.8694517,0,0
2.8699514,0,1
2.87045135,0,0
2.870951,0,1
2.87145095,0,0
2.87195065,0,1
2.87245055,0,0
2.87295025,0,1
2.8734502,0,0
2.8739499,0,1
2.87444985,0,0
2.8749496,0,1
2.8754496,0,0
2.8759493,0,1
2.87644925,0,0
2.876949,0,1
2.8774489,0,0
2.87794865,0,1
2.8784486,0,0
2.87894835,0,1
2.87944835,0,0
2.8799481,0,1
2.88044805,0,0
2.88094775,0,1
2.88144765,0,0
2.88194735,0,1
2.88244725,0,0
2.88294695,0,1
2.8834469,0,0
2.8839466,0,1
2.8844465,0,0
2.8849462,0,1
2.8854461,0,0
2.88594575,0,1
2.8864457,0,0
2.8869453,0,1
2.8874452,0,0
2.88794485,0,1
2.88844475,0,0
2.88894435,0,1
2.88944425,0,0
2.8899439,0,1
2.8904438,0,0
2.8909435,0,1
2.89144345,0,0
2.8919432,0,1
2.8924432,0,0
2.89294295,0,1
2.89344295,0,0
2.8939427,0,1
2.89444265,0,0
2.8949424,0,1
2.8954424,0,0
2.89594215,0,1
2.8964421,0,0
2.89694185,0,1
2.8974418,0,0
2.89794145,0,1
2.89844145,0,0
2.89894115,0,1
2.8994411,0,0
2.89994075,0,1
2.9004407,0,0
2.90094035,0,1
2.90144025,0,0
2.90193995,0,1
2.90243985,0,0
2.90293955,0,1
2.9034395,0,0
2.90393915,0,1
2.9044391,0,0
2.9049388,0,1
2.90543875,0,0
2.90593845,0,1
2.9064384,0,0
2.9069381,0,1
2.90743805,0,0
2.9079377,0,1
2.9084377,0,0
2.90893735,0,1
2.90943725,0,0
2.90993695,0,1
2.91043695,0,0
2.91093665,0,1
2.91143665,0,0
2.91193635,0,1
2.91243625,0,0
2.9129359,0,1
2.9134358,0,0
2.9139355,0,1
2.91443545,0,0
2.91493515,0,1
2.9154351,0,0
2.91593485,0,1
2.91643485,0,0
2.91693455,0,1
2.9174345,0,0
2.91793415,0,1
2.91843405,0,0
2.91893375,0,1
2.9194337,0,0
2.9199334,0,1
2.92043335,0,0
2.920933,0,1
2.92143295,0,0
2.9219326,0,1
2.92243255,0,0
2.92293225,0,1
2.92343225,0,0
2.923932,0,1
2.92443195,0,0
2.92493165,0,1
2.92543165,0,0
2.92593135,0,1
2.9264313,0,0
2.92693105,0,1
2.927431,0,0
2.92793065,0,1
2.9284306,0,0
2.9289303,0,1
2.92943025,0,0
2.92993,0,1
2.93043,0,0
2.93092975,0,1
2.9314297,0,0
2.9319295,0,1
2.93242945,0,0
2.93292925,0,1
2.9334292,0,0
2.93392895,0,1
2.93442885,0,0
2.9349286,0,1
2.93542855,0,0
2.93592825,0,1
2.9364282,0,0
2.93692795,0,1
2.93742795,0,0
2.93792775,0,1
2.93842775,0,0
2.93892755,0,1
2.93942755,0,0
2.9399273,0,1
2.94042725,0,0
2.940927,0,1
2.941427,0,0
2.94192675,0,1
2.94242675,0,0
2.94292655,0,1
2.94342655,0,0
2.94392635,0,1
2.94442635,0,0
2.9449261,0,1
2.9454261,0,0
2.94592585,0,1
2.9464258,0,0
2.94692555,0,1
2.94742555,0,0
2.9479253,0,1
2.94842535,0,0
2.9489251,0,1
2.9494251,0,0
2.94992485,0,1
2.95042485,0,0
2.95092455,0,1
2.9514246,0,0
2.9519244,0,1
2.95242435,0,0
2.95292405,0,1
2.953424,0,0
2.9539237,0,1
2.95442365,0,0
2.95492335,0,1
2.9554233,0,0
2.95592305,0,1
2.956423,0,0
2.9569227,0,1
2.9574227,0,0
2.9579224,0,1
2.9584224,0,0
2.9589221,0,1
2.95942205,0,0
2.9599218,0,1
2.96042175,0,0
2.96092145,0,1
2.9614214,0,0
2.9619211,0,1
2.96242105,0,0
2.96292075,0,1
2.96342075,0,0
2.96392045,0,1
2.9644204,0,0
2.9649201,0,1
2.96542005,0,0
2.96591975,0,1
2.96641975,0,0
2.9669194,0,1
2.9674194,0,0
2.9679191,0,1
2.9684191,0,0
2.96891885,0,1
2.96941885,0,0
2.96991855,0,1
2.9704185,0,0
2.9709182,0,1
2.97141815,0,0
2.9719178,0,1
2.97241775,0,0
2.97291745,0,1
2.9734174,0,0
2.9739171,0,1
2.97441705,0,0
2.9749168,0,1
2.97541685,0,0
2.97591655,0,1
2.9764165,0,0
2.97691625,0,1
2.9774162,0,0
2.9779159,0,1
2.97841585,0,0
2.97891555,0,1
2.97941545,0,0
2.97991515,0,1
2.98041505,0,0
2.98091475,0,1
2.98141465,0,0
2.98191435,0,1
2.98241425,0,0
2.9829139,0,1
2.9834138,0,0
2.9839135,0,1
2.9844134,0,0
2.9849131,0,1
2.985413,0,0
2.9859127,0,1
2.98641265,0,0
2.9869123,0,1
2.9874122,0,0
2.98791185,0,1
2.98841175,0,0
2.98891145,0,1
2.98941135,0,0
2.989911,0,1
2.99041095,0,0
2.99091065,0,1
2.9914106,0,0
2.9919103,0,1
2.99241025,0,0
2.99290995,0,1
2.99340995,0,0
2.9939097,0,1
2.9944096,0,0
2.9949093,0,1
2.99540925,0,0
2.9959089,0,1
2.99640885,0,0
2.99690855,0,1
2.9974085,0,0
2.9979082,0,1
2.99840815,0,0
2.99890785,0,1
2.99940775,0,0
2.99990745,0,1
3.00040735,0,0
3.00090705,0,1
3.001407,0,0
3.0019067,0,1
3.0024067,0,0
3.00290645,0,1
3.00340645,0,0
3.00390615,0,1
3.00440615,0,0
3.00490585,0,1
3.00540585,0,0
3.0059056,0,1
3.00640555,0,0
3.0069053,0,1
3.00740535,0,0
3.00790505,0,1
3.008405,0,0
3.0089047,0,1
3.0094047,0,0
3.00990445,0,1
3.01040445,0,0
3.0109042,0,1
3.01140425,0,0
3.011904,0,1
3.012404,0,0
3.0129037,0,1
3.0134036,0,0
3.0139034,0,1
3.0144034,0,0
3.01490315,0,1
3.0154032,0,0
3.015903,0,1
3.01640305,0,0
3.01690285,0,1
3.01740285,0,0
3.0179026,0,1
3.0184026,0,0
3.0189023,0,1
3.01940235,0,0
3.0199021,0,1
3.02040205,0,0
3.0209018,0,1
3.0214018,0,0
3.02190155,0,1
3.02240155,0,0
3.02290135,0,1
3.0234014,0,0
3.02390115,0,1
3.0244012,0,0
3.0249009,0,1
3.0254009,0,0
3.02590065,0,1
3.02640065,0,0
3.02690035,0,1
3.02740035,0,0
3.02790005,0,1
3.02840005,0,0
3.02889975,0,1
3.0293997,0,0
3.0298995,0,1
3.03039945,0,0
3.0308992,0,1
3.0313991,0,0
3.03189885,0,1
3.03239885,0,0
3.0328986,0,1
3.0333986,0,0
3.0338983,0,1
3.03439825,0,0
3.034898,0,1
3.03539795,0,0
3.0358977,0,1
3.03639775,0,0
3.0368976,0,1
3.03739755,0,0
3.0378973,0,1
3.03839725,0,0
3.03889705,0,1
3.03939705,0,0
3.03989685,0,1
3.04039685,0,0
3.0408966,0,1
3.0413966,0,0
3.04189635,0,1
3.0423963,0,0
3.042896,0,1
3.043396,0,0
3.0438958,0,1
3.0443958,0,0
3.0448956,0,1
3.0453956,0,0
3.04589535,0,1
3.0463954,0,0
3.0468952,0,1
3.0473952,0,0
3.04789495,0,1
3.04839495,0,0
3.0488947,0,1
3.04939475,0,0
3.0498945,0,1
3.0503945,0,0
3.05089425,0,1
3.0513943,0,0
3.05189405,0,1
3.052394,0,0
3.0528937,0,1
3.05339375,0,0
3.05389355,0,1
3.0543935,0,0
3.05489325,0,1
3.05539325,0,0
3.05589305,0,1
3.05639305,0,0
3.05689285,0,1
3.05739285,0,0
3.05789265,0,1
3.05839265,0,0
3.05889245,0,1
3.0593925,0,0
3.0598923,0,1
3.06039235,0,0
3.06089215,0,1
3.06139225,0,0
3.061892,0,1
3.06239205,0,0
3.06289185,0,1
3.0633919,0,0
3.06389165,0,1
3.06439165,0,0
3.0648914,0,1
3.06539145,0,0
3.06589125,0,1
3.06639125,0,0
3.06689105,0,1
3.0673911,0,0
3.06789085,0,1
3.06839095,0,0
3.06889075,0,1
3.0693908,0,0
3.0698906,0,1
3.0703906,0,0
3.07089035,0,1
3.0713904,0,0
3.07189015,0,1
3.0723902,0,0
3.07288995,0,1
3.07339,0,0
3.07388975,0,1
3.07438975,0,0
3.07488955,0,1
3.0753896,0,0
3.0758894,0,1
3.07638945,0,0
3.0768892,0,1
3.07738925,0,0
3.077889,0,1
3.078389,0,0
3.07888875,0,1
3.0793888,0,0
3.07988855,0,1
3.0803886,0,0
3.08088835,0,1
3.0813884,0,0
3.08188815,0,1
3.0823882,0,0
3.08288795,0,1
3.083388,0,0
3.08388785,0,1
3.08438795,0,0
3.0848878,0,1
3.08538785,0,0
3.0858876,0,1
3.08638765,0,0
3.0868874,0,1
3.0873874,0,0
3.0878872,0,1
3.0883872,0,0
3.088887,0,1
3.089387,0,0
3.08988675,0,1
3.0903868,0,0
3.0908866,0,1
3.0913866,0,0
3.0918864,0,1
3.09238645,0,0
3.0928862,0,1
3.09338615,0,0
3.0938859,0,1
3.0943859,0,0
3.0948857,0,1
3.0953857,0,0
3.0958855,0,1
3.0963855,0,0
3.09688535,0,1
3.0973854,0,0
3.0978852,0,1
3.09838525,0,0
3.098885,0,1
3.099385,0,0
3.09988475,0,1
3.1003848,0,0
3.1008846,0,1
3.10138455,0,0
3.1018843,0,1
3.1023842,0,0
3.10288395,0,1
3.10338395,0,0
3.1038837,0,1
3.10438365,0,0
3.1048834,0,1
3.1053834,0,0
3.1058831,0,1
3.1063831,0,0
3.10688285,0,1
3.10738285,0,0
3.10788265,0,1
3.10838265,0,0
3.10888245,0,1
3.1093824,0,0
3.10988215,0,1
3.11038215,0,0
3.11088185,0,1
3.11138185,0,0
3.1118816,0,1
3.1123816,0,0
3.11288135,0,1
3.11338135,0,0
3.1138811,0,1
3.11438115,0,0
3.1148809,0,1
3.1153809,0,0
3.11588065,0,1
3.11638065,0,0
3.1168804,0,1
3.11738035,0,0
3.11788005,0,1
3.11838005,0,0
3.11887985,0,1
3.11937985,0,0
3.11987965,0,1
3.12037975,0,0
3.1208795,0,1
3.12137955,0,0
3.1218793,0,1
3.12237935,0,0
3.1228791,0,1
3.12337915,0,0
3.1238789,0,1
3.12437885,0,0
3.12487865,0,1
3.12537865,0,0
3.1258784,0,1
3.1263784,0,0
3.12687815,0,1
3.12737815,0,0
3.1278779,0,1
3.12837785,0,0
3.1288776,0,1
3.1293776,0,0
3.12987735,0,1
3.1303773,0,0
3.1308771,0,1
3.1313771,0,0
3.1318768,0,1
3.1323768,0,0
3.13287655,0,1
3.13337655,0,0
3.13387635,0,1
3.13437635,0,0
3.1348761,0,1
3.13537615,0,0
3.13587595,0,1
3.13637595,0,0
3.1368757,0,1
3.13737575,0,0
3.13787545,0,1
3.13837545,0,0
3.1388752,0,1
3.1393751,0,0
3.13987485,0,1
3.14037485,0,0
3.1408746,0,1
3.1413746,0,0
3.1418743,0,1
3.1423743,0,0
3.142874,0,1
3.143374,0,0
3.14387375,0,1
3.14437375,0,0
3.14487345,0,1
3.14537345,0,0
3.14587315,0,1
3.1463731,0,0
3.14687285,0,1
3.14737285,0,0
3.1478726,0,1
3.14837265,0,0
3.14887235,0,1
3.14937235,0,0
3.1498721,0,1
3.1503721,0,0
3.1508718,0,1
3.15137175,0,0
3.15187145,0,1
3.15237145,0,0
3.15287115,0,1
3.1533711,0,0
3.1538708,0,1
3.15437075,0,0
3.15487045,0,1
3.1553704,0,0
3.15587,0,1
3.15636995,0,0
3.15686965,0,1
3.1573696,0,0
3.1578693,0,1
3.15836925,0,0
3.15886895,0,1
3.1593689,0,0
3.1598686,0,1
3.1603685,0,0
3.1608682,0,1
3.16136815,0,0
3.16186785,0,1
3.1623678,0,0
3.1628675,0,1
3.1633675,0,0
3.1638672,0,1
3.1643672,0,0
3.16486695,0,1
3.1653669,0,0
3.16586655,0,1
3.1663665,0,0
3.1668662,0,1
3.16736615,0,0
3.1678659,0,1
3.16836585,0,0
3.16886555,0,1
3.16936555,0,0
3.16986525,0,1
3.17036525,0,0
3.170865,0,1
3.171365,0,0
3.1718647,0,1
3.1723647,0,0
3.1728644,0,1
3.1733644,0,0
3.1738641,0,1
3.1743641,0,0
3.17486385,0,1
3.1753638,0,0
3.17586355,0,1
3.1763635,0,0
3.17686325,0,1
3.1773632,0,0
3.1778629,0,1
3.17836285,0,0
3.17886255,0,1
3.17936255,0,0
3.1798623,0,1
3.1803623,0,0
3.18086205,0,1
3.18136205,0,0
3.1818618,0,1
3.18236185,0,0
3.1828616,0,1
3.18336155,0,0
3.1838612,0,1
3.18436115,0,0
3.18486085,0,1
3.18536075,0,0
3.1858605,0,1
3.18636045,0,0
3.1868602,0,1
3.18736015,0,0
3.1878598,0,1
3.1883597,0,0
3.1888594,0,1
3.1893593,0,0
3.189859,0,1
3.1903589,0,0
3.19085865,0,1
3.1913586,0,0
3.19185825,0,1
3.19235815,0,0
3.19285785,0,1
3.1933577,0,0
3.1938574,0,1
3.1943573,0,0
3.194857,0,1
3.1953569,0,0
3.1958566,0,1
3.1963565,0,0
3.19685615,0,1
3.1973561,0,0
3.1978558,0,1
3.1983557,0,0
3.19885545,0,1
3.1993554,0,0
3.1998551,0,1
3.2003551,0,0
3.2008548,0,1
3.20135475,0,0
3.20185445,0,1
3.2023544,0,0
3.2028541,0,1
3.203354,0,0
3.2038537,0,1
3.20435365,0,0
3.20485335,0,1
3.2053533,0,0
3.20585295,0,1
3.2063529,0,0
3.2068526,0,1
3.2073525,0,0
3.2078522,0,1
3.2083521,0,0
3.2088518,0,1
3.2093517,0,0
3.2098514,0,1
3.2103513,0,0
3.21085095,0,1
3.2113509,0,0
3.21185055,0,1
3.21235045,0,0
3.2128501,0,1
3.21335005,0,0
3.2138497,0,1
3.21434955,0,0
3.2148492,0,1
3.21534915,0,0
3.2158488,0,1
3.2163487,0,0
3.2168484,0,1
3.21734835,0,0
3.21784805,0,1
3.218348,0,0
3.21884775,0,1
3.2193477,0,0
3.2198474,0,1
3.2203474,0,0
3.2208471,0,1
3.22134705,0,0
3.22184675,0,1
3.2223467,0,0
3.2228464,0,1
3.2233464,0,0
3.2238461,0,1
3.22434605,0,0
3.22484575,0,1
3.2253457,0,0
3.2258454,0,1
3.22634535,0,0
3.2268451,0,1
3.22734505,0,0
3.2278448,0,1
3.22834475,0,0
3.2288445,0,1
3.22934445,0,0
3.2298441,0,1
3.2303441,0,0
3.2308438,0,1
3.2313438,0,0
3.2318435,0,1
3.23234345,0,0
3.2328431,0,1
3.23334305,0,0
3.23384275,0,1
3.23434275,0,0
3.23484245,0,1
3.2353424,0,0
3.2358421,0,1
3.23634205,0,0
3.23684175,0,1
3.2373417,0,0
3.2378414,0,1
3.23834135,0,0
3.23884105,0,1
3.23934105,0,0
3.23984075,0,1
3.2403407,0,0
3.24084045,0,1
3.24134045,0,0
3.24184015,0,1
3.2423401,0,0
3.24283975,0,1
3.24333965,0,0
3.2438393,0,1
3.24433925,0,0
3.2448389,0,1
3.24533885,0,0
3.2458386,0,1
3.2463385,0,0
3.2468382,0,1
3.24733815,0,0
3.24783785,0,1
3.2483378,0,0
3.24883755,0,1
3.2493375,0,0
3.24983725,0,1
3.25033725,0,0
3.25083705,0,1
3.251337,0,0
3.25183675,0,1
3.2523367,0,0
3.2528364,0,1
3.25333635,0,0
3.25383605,0,1
3.25433595,0,0
3.25483565,0,1
3.25533555,0,0
3.2558352,0,1
3.2563351,0,0
3.2568348,0,1
3.2573347,0,0
3.25783435,0,1
3.2583343,0,0
3.25883395,0,1
3.2593339,0,0
3.2598336,0,1
3.26033355,0,0
3.2608333,0,1
3.2613332,0,0
3.2618329,0,1
3.2623328,0,0
3.26283245,0,1
3.2633324,0,0
3.2638321,0,1
3.26433205,0,0
3.26483175,0,1
3.2653317,0,0
3.26583135,0,1
3.2663313,0,0
3.26683095,0,1
3.2673309,0,0
3.26783055,0,1
3.2683305,0,0
3.26883025,0,1
3.26933015,0,0
3.2698298,0,1
3.2703297,0,0
3.27082935,0,1
3.2713293,0,0
3.271829,0,1
3.27232895,0,0
3.2728286,0,1
3.2733285,0,0
3.27382815,0,1
3.2743281,0,0
3.2748278,0,1
3.2753277,0,0
3.2758274,0,1
3.27632735,0,0
3.2768271,0,1
3.27732705,0,0
3.27782675,0,1
3.27832665,0,0
3.27882635,0,1
3.2793263,0,0
3.279826,0,1
3.2803259,0,0
3.2808256,0,1
3.2813255,0,0
3.2818252,0,1
3.28232515,0,0
3.2828249,0,1
3.28332485,0,0
3.2838246,0,1
3.28432455,0,0
3.28482425,0,1
3.28532425,0,0
3.285824,0,1
3.28632395,0,0
3.2868237,0,1
3.28732365,0,0
3.2878234,0,1
3.2883234,0,0
3.2888231,0,1
3.28932305,0,0
3.28982275,0,1
3.2903227,0,0
3.29082235,0,1
3.29132225,0,0
3.2918219,0,1
3.2923218,0,0
3.29282145,0,1
3.29332135,0,0
3.293821,0,1
3.29432095,0,0
3.2948207,0,1
3.29532065,0,0
3.2958203,0,1
3.29632025,0,0
3.29681995,0,1
3.29731985,0,0
3.29781955,0,1
3.2983195,0,0
3.2988192,0,1
3.29931915,0,0
3.29981885,0,1
3.3003188,0,0
3.3008185,0,1
3.30131845,0,0
3.3018181,0,1
3.302318,0,0
3.30281765,0,1
3.3033176,0,0
3.30381725,0,1
3.3043172,0,0
3.3048169,0,1
3.3053168,0,0
3.30581645,0,1
3.30631635,0,0
3.3068161,0,1
3.30731605,0,0
3.3078158,0,1
3.30831575,0,0
3.3088155,0,1
3.30931545,0,0
3.30981515,0,1
3.31031515,0,0
3.31081485,0,1
3.31131485,0,0
3.3118146,0,1
3.3123146,0,0
3.3128143,0,1
3.31331425,0,0
3.31381395,0,1
3.31431385,0,0
3.31481355,0,1
3.3153135,0,0
3.31581325,0,1
3.3163132,0,0
3.3168129,0,1
3.3173129,0,0
3.3178126,0,1
3.3183126,0,0
3.31881235,0,1
3.3193123,0,0
3.31981205,0,1
3.320312,0,0
3.3208117,0,1
3.32131165,0,0
3.32181135,0,1
3.32231135,0,0
3.32281105,0,1
3.323311,0,0
3.3238107,0,1
3.32431065,0,0
3.32481035,0,1
3.3253103,0,0
3.32580995,0,1
3.32630985,0,0
3.32680955,0,1
3.3273095,0,0
3.32780925,0,1
3.32830915,0,0
3.32880885,0,1
3.3293088,0,0
3.32980855,0,1
3.3303085,0,0
3.3308082,0,1
3.33130815,0,0
3.3318079,0,1
3.33230785,0,0
3.33280755,0,1
3.3333075,0,0
3.3338072,0,1
3.3343072,0,0
3.33480695,0,1
3.3353069,0,0
3.3358066,0,1
3.33630655,0,0
3.33680625,0,1
3.3373062,0,0
3.33780585,0,1
3.3383058,0,0
3.33880545,0,1
3.3393054,0,0
3.33980515,0,1
3.3403051,0,0
3.3408048,0,1
3.34130475,0,0
3.3418045,0,1
3.3423045,0,0
3.3428042,0,1
3.3433042,0,0
3.3438039,0,1
3.34430385,0,0
3.34480355,0,1
3.3453035,0,0
3.3458032,0,1
3.34630315,0,0
3.3468028,0,1
3.3473028,0,0
3.3478025,0,1
3.34830245,0,0
3.34880215,0,1
3.3493021,0,0
3.3498018,0,1
3.35030175,0,0
3.3508015,0,1
3.35130145,0,0
3.3518012,0,1
3.35230115,0,0
3.3528009,0,1
3.35330085,0,0
3.35380055,0,1
3.3543005,0,0
3.3548002,0,1
3.3553002,0,0
3.3557999,0,1
3.35629985,0,0
3.3567995,0,1
3.35729945,0,0
3.35779915,0,1
3.3582991,0,0
3.3587988,0,1
3.3592987,0,0
3.3597984,0,1
3.36029835,0,0
3.3607981,0,1
3.36129805,0,0
3.36179785,0,1
3.3622978,0,0
3.3627975,0,1
3.3632975,0,0
3.3637972,0,1
3.36429715,0,0
3.36479685,0,1
3.3652968,0,0
3.3657965,0,1
3.3662965,0,0
3.36679625,0,1
3.36729625,0,0
3.367796,0,1
3.368296,0,0
3.3687957,0,1
3.3692957,0,0
3.36979545,0,1
3.37029535,0,0
3.37079505,0,1
3.371295,0,0
3.37179465,0,1
3.37229455,0,0
3.3727943,0,1
3.37329425,0,0
3.37379395,0,1
3.3742939,0,0
3.37479355,0,1
3.37529345,0,0
3.37579315,0,1
3.3762931,0,0
3.37679275,0,1
3.37729265,0,0
3.3777923,0,1
3.3782922,0,0
3.3787919,0,1
3.37929185,0,0
3.37979155,0,1
3.3802915,0,0
3.38079125,0,1
3.3812912,0,0
3.38179095,0,1
3.38229095,0,0
3.38279065,0,1
3.38329065,0,0
3.38379035,0,1
3.38429035,0,0
3.3847901,0,1
3.38529005,0,0
3.38578975,0,1
3.3862897,0,0
3.38678945,0,1
3.3872894,0,0
3.38778915,0,1
3.38828915,0,0
3.3887889,0,1
3.38928885,0,0
3.3897886,0,1
3.39028855,0,0
3.3907883,0,1
3.39128825,0,0
3.391788,0,1
3.39228795,0,0
3.39278765,0,1
3.39328765,0,0
3.39378735,0,1
3.3942873,0,0
3.394787,0,1
3.3952869,0,0
3.3957866,0,1
3.39628655,0,0
3.3967863,0,1
3.39728625,0,0
3.397786,0,1
3.39828595,0,0
3.3987857,0,1
3.3992857,0,0
3.39978545,0,1
3.4002854,0,0
3.4007851,0,1
3.40128505,0,0
3.40178475,0,1
3.40228475,0,0
3.40278445,0,1
3.40328445,0,0
3.4037842,0,1
3.40428415,0,0
3.4047839,0,1
3.40528385,0,0
3.40578355,0,1
3.40628355,0,0
3.40678325,0,1
3.40728325,0,0
3.40778295,0,1
3.4082829,0,0
3.40878255,0,1
3.4092825,0,0
3.40978225,0,1
3.41028225,0,0
3.41078195,0,1
3.41128185,0,0
3.41178155,0,1
3.4122815,0,0
3.4127812,0,1
3.41328115,0,0
3.4137809,0,1
3.4142809,0,0
3.4147806,0,1
3.4152805,0,0
3.4157802,0,1
3.4162801,0,0
3.41677975,0,1
3.41727965,0,0
3.41777935,0,1
3.41827925,0,0
3.4187789,0,1
3.41927885,0,0
3.4197785,0,1
3.4202785,0,0
3.4207782,0,1
3.42127815,0,0
3.4217779,0,1
3.42227785,0,0
3.42277755,0,1
3.42327755,0,0
3.4237773,0,1
3.42427725,0,0
3.424777,0,1
3.42527695,0,0
3.42577665,0,1
3.42627665,0,0
3.42677635,0,1
3.42727635,0,0
3.42777605,0,1
3.428276,0,0
3.42877575,0,1
3.4292757,0,0
3.42977545,0,1
3.4302754,0,0
3.43077515,0,1
3.43127505,0,0
3.4317747,0,1
3.4322746,0,0
3.43277425,0,1
3.4332742,0,0
3.43377385,0,1
3.43427385,0,0
3.43477355,0,1
3.4352735,0,0
3.43577315,0,1
3.4362731,0,0
3.43677285,0,1
3.4372728,0,0
3.4377725,0,1
3.4382725,0,0
3.4387722,0,1
3.43927215,0,0
3.43977185,0,1
3.44027175,0,0
3.4407714,0,1
3.4412713,0,0
3.44177095,0,1
3.4422709,0,0
3.4427706,0,1
3.44327055,0,0
3.4437703,0,1
3.44427025,0,0
3.44477,0,1
3.44526995,0,0
3.4457697,0,1
3.44626965,0,0
3.44676935,0,1
3.4472693,0,0
3.44776905,0,1
3.448269,0,0
3.4487687,0,1
3.44926865,0,0
3.44976835,0,1
3.4502683,0,0
3.45076805,0,1
3.45126805,0,0
3.45176775,0,1
3.45226775,0,0
3.45276745,0,1
3.45326745,0,0
3.4537672,0,1
3.4542672,0,0
3.45476695,0,1
3.4552669,0,0
3.45576665,0,1
3.45626665,0,0
3.45676635,0,1
3.45726635,0,0
3.45776615,0,1
3.45826615,0,0
3.45876595,0,1
3.45926595,0,0
3.4597657,0,1
3.4602657,0,0
3.46076545,0,1
3.46126545,0,0
3.4617652,0,1
3.46226515,0,0
3.4627649,0,1
3.4632649,0,0
3.4637646,0,1
3.4642646,0,0
3.4647643,0,1
3.4652643,0,0
3.46576405,0,1
3.46626405,0,0
3.4667638,0,1
3.46726375,0,0
3.4677635,0,1
3.46826345,0,0
3.4687632,0,1
3.4692632,0,0
3.469763,0,1
3.470263,0,0
3.47076275,0,1
3.47126275,0,0
3.4717624,0,1
3.4722624,0,0
3.4727621,0,1
3.4732621,0,0
3.47376185,0,1
3.47426185,0,0
3.4747616,0,1
3.47526165,0,0
3.4757614,0,1
3.4762614,0,0
3.47676115,0,1
3.47726115,0,0
3.47776095,0,1
3.47826095,0,0
3.4787607,0,1
3.4792607,0,0
3.4797604,0,1
3.4802604,0,0
3.48076015,0,1
3.4812601,0,0
3.4817598,0,1
3.48225975,0,0
3.48275955,0,1
3.4832595,0,0
3.48375925,0,1
3.4842593,0,0
3.48475905,0,1
3.48525905,0,0
3.4857588,0,1
3.48625875,0,0
3.48675845,0,1
3.48725845,0,0
3.4877582,0,1
3.4882582,0,0
3.488758,0,1
3.489258,0,0
3.48975775,0,1
3.4902578,0,0
3.49075755,0,1
3.4912576,0,0
3.49175745,0,1
3.4922575,0,0
3.4927573,0,1
3.49325735,0,0
3.4937572,0,1
3.49425725,0,0
3.49475705,0,1
3.4952571,0,0
3.4957568,0,1
3.49625675,0,0
3.4967565,0,1
3.49725655,0,0
3.4977563,0,1
3.4982563,0,0
3.49875605,0,1
3.49925605,0,0
3.4997558,0,1
3.50025575,0,0
3.5007555,0,1
3.50125555,0,0
3.50175525,0,1
3.50225525,0,0
3.502755,0,1
3.503255,0,0
3.50375475,0,1
3.50425475,0,0
3.5047545,0,1
3.50525445,0,0
3.5057542,0,1
3.5062542,0,0
3.506754,0,1
3.507254,0,0
3.5077538,0,1
3.5082538,0,0
3.50875355,0,1
3.50925355,0,0
3.50975325,0,1
3.51025325,0,0
3.510753,0,1
3.51125295,0,0
3.5117527,0,1
3.51225265,0,0
3.5127524,0,1
3.5132524,0,0
3.51375215,0,1
3.51425215,0,0
3.5147519,0,1
3.51525185,0,0
3.5157516,0,1
3.5162516,0,0
3.5167513,0,1
3.51725125,0,0
3.51775095,0,1
3.5182509,0,0
3.5187506,0,1
3.5192505,0,0
3.5197502,0,1
3.52025015,0,0
3.5207498,0,1
3.52124975,0,0
3.5217494,0,1
3.52224935,0,0
3.52274905,0,1
3.52324905,0,0
3.52374875,0,1
3.52424875,0,0
3.52474845,0,1
3.5252484,0,0
3.52574815,0,1
3.5262481,0,0
3.5267478,0,1
3.52724775,0,0
3.52774745,0,1
3.52824735,0,0
3.52874705,0,1
3.529247,0,0
3.52974675,0,1
3.5302467,0,0
3.5307464,0,1
3.53124635,0,0
3.5317461,0,1
3.53224605,0,0
3.5327458,0,1
3.5332458,0,0
3.53374555,0,1
3.5342455,0,0
3.5347452,0,1
3.53524525,0,0
3.53574495,0,1
3.5362449,0,0
3.53674465,0,1
3.5372446,0,0
3.5377443,0,1
3.5382442,0,0
3.5387439,0,1
3.5392439,0,0
3.53974365,0,1
3.5402436,0,0
3.54074335,0,1
3.54124335,0,0
3.54174305,0,1
3.542243,0,0
3.54274275,0,1
3.5432427,0,0
3.54374245,0,1
3.5442425,0,0
3.54474225,0,1
3.5452423,0,0
3.54574205,0,1
3.546242,0,0
3.54674175,0,1
3.5472417,0,0
3.5477414,0,1
3.54824135,0,0
3.5487411,0,1
3.54924105,0,0
3.5497408,0,1
3.5502408,0,0
3.55074055,0,1
3.5512405,0,0
3.55174025,0,1
3.5522402,0,0
3.55273995,0,1
3.55323995,0,0
3.55373965,0,1
3.55423965,0,0
3.55473935,0,1
3.55523935,0,0
3.5557391,0,1
3.5562391,0,0
3.5567388,0,1
3.5572388,0,0
3.55773855,0,1
3.55823855,0,0
3.5587383,0,1
3.55923835,0,0
3.55973815,0,1
3.56023815,0,0
3.56073785,0,1
3.5612379,0,0
3.56173765,0,1
3.5622377,0,0
3.56273745,0,1
3.5632374,0,0
3.5637371,0,1
3.56423705,0,0
3.5647368,0,1
3.56523675,0,0
3.5657365,0,1
3.5662365,0,0
3.56673625,0,1
3.5672362,0,0
3.56773595,0,1
3.56823595,0,0
3.5687357,0,1
3.56923575,0,0
3.5697355,0,1
3.5702355,0,0
3.5707352,0,1
3.57123525,0,0
3.571735,0,1
3.572235,0,0
3.57273475,0,1
3.5732348,0,0
3.5737346,0,1
3.57423455,0,0
3.57473435,0,1
3.5752344,0,0
3.5757341,0,1
3.5762341,0,0
3.5767338,0,1
3.5772338,0,0
3.5777335,0,1
3.57823345,0,0
3.57873315,0,1
3.5792331,0,0
3.5797328,0,1
3.58023285,0,0
3.5807326,0,1
3.58123255,0,0
3.58173225,0,1
3.5822323,0,0
3.58273205,0,1
3.583232,0,0
3.58373175,0,1
3.5842317,0,0
3.58473145,0,1
3.58523145,0,0
3.58573115,0,1
3.5862311,0,0
3.58673085,0,1
3.5872308,0,0
3.5877305,0,1
3.58823045,0,0
3.5887301,0,1
3.58923005,0,0
3.58972975,0,1
3.5902297,0,0
3.5907294,0,1
3.5912293,0,0
3.59172905,0,1
3.59222895,0,0
3.5927287,0,1
3.59322865,0,0
3.5937284,0,1
3.5942284,0,0
3.59472815,0,1
3.59522815,0,0
3.5957279,0,1
3.59622785,0,0
3.5967276,0,1
3.59722755,0,0
3.5977273,0,1
3.59822725,0,0
3.59872695,0,1
3.59922695,0,0
3.5997267,0,1
3.60022665,0,0
3.60072635,0,1
3.6012263,0,0
3.60172605,0,1
3.60222595,0,0
3.6027256,0,1
3.60322555,0,0
3.60372525,0,1
3.60422515,0,0
3.60472485,0,1
3.60522475,0,0
3.6057244,0,1
3.60622435,0,0
3.606724,0,1
3.6072239,0,0
3.60772355,0,1
3.60822345,0,0
3.6087231,0,1
3.609223,0,0
3.60972265,0,1
3.6102226,0,0
3.6107223,0,1
3.6112222,0,0
3.61172185,0,1
3.6122218,0,0
3.6127215,0,1
3.6132215,0,0
3.6137212,0,1
3.6142211,0,0
3.6147208,0,1
3.6152208,0,0
3.6157205,0,1
3.6162205,0,0
3.6167202,0,1
3.61722015,0,0
3.61771985,0,1
3.61821985,0,0
3.61871955,0,1
3.61921955,0,0
3.6197193,0,1
3.6202193,0,0
3.620719,0,1
3.621219,0,0
3.62171875,0,1
3.6222187,0,0
3.6227184,0,1
3.62321835,0,0
3.62371805,0,1
3.624218,0,0
3.62471775,0,1
3.62521775,0,0
3.62571745,0,1
3.6262174,0,0
3.6267171,0,1
3.62721705,0,0
3.6277168,0,1
3.6282167,0,0
3.62871645,0,1
3.6292164,0,0
3.62971605,0,1
3.63021605,0,0
3.6307157,0,1
3.63121565,0,0
3.63171535,0,1
3.63221535,0,0
3.6327151,0,1
3.6332151,0,0
3.6337148,0,1
3.6342147,0,0
3.6347144,0,1
3.6352144,0,0
3.63571415,0,1
3.6362141,0,0
3.6367138,0,1
3.63721375,0,0
3.6377135,0,1
3.63821345,0,0
3.63871315,0,1
3.6392131,0,0
3.63971275,0,1
3.6402127,0,0
3.64071235,0,1
3.6412123,0,0
3.641712,0,1
3.64221195,0,0
3.6427117,0,1
3.64321165,0,0
3.64371145,0,1
3.64421145,0,0
3.6447112,0,1
3.64521115,0,0
3.6457108,0,1
3.64621075,0,0
3.64671045,0,1
3.6472104,0,0
3.64771015,0,1
3.6482101,0,0
3.6487099,0,1
3.64920985,0,0
3.64970955,0,1
3.6502095,0,0
3.65070915,0,1
3.65120905,0,0
3.6517088,0,1
3.65220875,0,0
3.65270845,0,1
3.65320845,0,0
3.6537082,0,1
3.65420815,0,0
3.6547079,0,1
3.6552079,0,0
3.6557076,0,1
3.65620755,0,0
3.6567073,0,1
3.65720725,0,0
3.657707,0,1
3.658207,0,0
3.6587067,0,1
3.65920665,0,0
3.6597064,0,1
3.66020635,0,0
3.66070605,0,1
3.661206,0,0
3.6617057,0,1
3.66220565,0,0
3.66270535,0,1
3.66320525,0,0
3.66370495,0,1
3.66420495,0,0
3.66470465,0,1
3.66520465,0,0
3.66570435,0,1
3.66620435,0,0
3.66670405,0,1
3.667204,0,0
3.66770375,0,1
3.6682037,0,0
3.66870345,0,1
3.6692034,0,0
3.6697031,0,1
3.67020305,0,0
3.6707027,0,1
3.67120265,0,0
3.67170235,0,1
3.6722023,0,0
3.67270195,0,1
3.6732019,0,0
3.6737016,0,1
3.6742015,0,0
3.6747012,0,1
3.67520115,0,0
3.67570085,0,1
3.6762008,0,0
3.6767005,0,1
3.6772004,0,0
3.67770005,0,1
3.6782,0,0
3.67869965,0,1
3.67919955,0,0
3.6796992,0,1
3.6801991,0,0
3.6806988,0,1
3.68119875,0,0
3.6816984,0,1
3.6821984,0,0
3.68269815,0,1
3.68319815,0,0
3.6836979,0,1
3.68419785,0,0
3.6846976,0,1
3.6851975,0,0
3.6856972,0,1
3.68619715,0,0
3.6866968,0,1
3.68719675,0,0
3.68769645,0,1
3.6881964,0,0
3.68869605,0,1
3.689196,0,0
3.68969565,0,1
3.6901956,0,0
3.6906953,0,1
3.69119525,0,0
3.69169495,0,1
3.69219495,0,0
3.69269465,0,1
3.6931946,0,0
3.69369435,0,1
3.6941943,0,0
3.69469405,0,1
3.695194,0,0
3.6956937,0,1
3.69619375,0,0
3.69669345,0,1
3.6971934,0,0
3.6976932,0,1
3.69819325,0,0
3.698693,0,1
3.69919305,0,0
3.69969285,0,1
3.7001928,0,0
3.7006925,0,1
3.70119245,0,0
3.7016922,0,1
3.7021922,0,0
3.70269195,0,1
3.70319195,0,0
3.70369175,0,1
3.7041918,0,0
3.70469155,0,1
3.70519155,0,0
3.7056913,0,1
3.7061913,0,0
3.7066911,0,1
3.7071911,0,0
3.70769085,0,1
3.70819085,0,0
3.7086906,0,1
3.7091906,0,0
3.70969035,0,1
3.71019035,0,0
3.7106901,0,1
3.7111901,0,0
3.71168985,0,1
3.7121899,0,0
3.7126897,0,1
3.71318975,0,0
3.71368955,0,1
3.7141896,0,0
3.7146894,0,1
3.71518945,0,0
3.71568925,0,1
3.7161893,0,0
3.7166891,0,1
3.71718915,0,0
3.71768895,0,1
3.718189,0,0
3.7186888,0,1
3.71918885,0,0
3.71968865,0,1
3.72018865,0,0
3.72068845,0,1
3.72118845,0,0
3.7216882,0,1
3.72218825,0,0
3.722688,0,1
3.723188,0,0
3.7236878,0,1
3.7241878,0,0
3.72468755,0,1
3.72518755,0,0
3.72568735,0,1
3.7261874,0,0
3.7266871,0,1
3.7271871,0,0
3.72768685,0,1
3.72818685,0,0
3.7286866,0,1
3.72918655,0,0
3.7296863,0,1
3.73018625,0,0
3.73068605,0,1
3.73118605,0,0
3.7316858,0,1
3.73218585,0,0
3.7326856,0,1
3.7331856,0,0
3.73368535,0,1
3.73418535,0,0
3.7346851,0,1
3.7351851,0,0
3.73568485,0,1
3.73618485,0,0
3.73668465,0,1
3.7371847,0,0
3.73768445,0,1
3.73818445,0,0
3.7386842,0,1
3.7391842,0,0
3.739684,0,1
3.74018405,0,0
3.7406838,0,1
3.74118385,0,0
3.74168365,0,1
3.7421837,0,0
3.7426835,0,1
3.74318355,0,0
3.74368335,0,1
3.74418335,0,0
3.74468315,0,1
3.7451832,0,0
3.745683,0,1
3.74618305,0,0
3.74668285,0,1
3.74718285,0,0
3.74768265,0,1
3.7481827,0,0
3.74868245,0,1
3.74918245,0,0
3.74968225,0,1
3.75018225,0,0
3.75068205,0,1
3.75118205,0,0
3.75168185,0,1
3.75218185,0,0
3.7526816,0,1
3.7531816,0,0
3.7536814,0,1
3.7541814,0,0
3.75468115,0,1
3.75518115,0,0
3.755681,0,1
3.75618105,0,0
3.7566808,0,1
3.75718085,0,0
3.75768065,0,1
3.75818075,0,0
3.75868055,0,1
3.7591806,0,0
3.7596804,0,1
3.76018045,0,0
3.76068025,0,1
3.7611803,0,0
3.7616801,0,1
3.76218015,0,0
3.76267995,0,1
3.76318005,0,0
3.76367985,0,1
3.7641799,0,0
3.76467965,0,1
3.76517965,0,0
3.7656794,0,1
3.76617945,0,0
3.7666792,0,1
3.7671792,0,0
3.767679,0,1
3.768179,0,0
3.7686788,0,1
3.76917885,0,0
3.7696786,0,1
3.77017865,0,0
3.77067845,0,1
3.7711785,0,0
3.7716783,0,1
3.77217835,0,0
3.77267815,0,1
3.7731782,0,0
3.773678,0,1
3.77417805,0,0
3.7746779,0,1
3.7751779,0,0
3.7756777,0,1
3.7761778,0,0
3.7766776,0,1
3.77717765,0,0
3.77767745,0,1
3.7781775,0,0
3.7786773,0,1
3.77917735,0,0
3.77967715,0,1
3.78017715,0,0
3.78067695,0,1
3.78117695,0,0
3.7816767,0,1
3.78217675,0,0
3.78267655,0,1
3.78317655,0,0
3.7836763,0,1
3.7841763,0,0
3.7846761,0,1
3.7851761,0,0
3.7856759,0,1
3.78617595,0,0
3.7866757,0,1
3.78717575,0,0
3.78767555,0,1
3.7881756,0,0
3.78867535,0,1
3.78917535,0,0
3.78967515,0,1
3.79017515,0,0
3.79067495,0,1
3.791175,0,0
3.7916748,0,1
3.7921748,0,0
3.7926746,0,1
3.79317465,0,0
3.7936744,0,1
3.79417445,0,0
3.79467425,0,1
3.7951743,0,0
3.79567415,0,1
3.7961742,0,0
3.796674,0,1
3.79717405,0,0
3.7976738,0,1
3.79817385,0,0
3.7986736,0,1
3.7991736,0,0
3.7996734,0,1
3.8001734,0,0
3.8006732,0,1
3.8011732,0,0
3.801673,0,1
3.802173,0,0
3.8026727,0,1
3.80317265,0,0
3.80367245,0,1
3.80417245,0,0
3.80467225,0,1
3.8051723,0,0
3.80567205,0,1
3.8061721,0,0
3.8066719,0,1
3.80717195,0,0
3.80767175,0,1
3.80817175,0,0
3.80867155,0,1
3.8091716,0,0
3.80967135,0,1
3.81017135,0,0
3.8106711,0,1
3.8111711,0,0
3.8116709,0,1
3.8121709,0,0
3.81267065,0,1
3.81317065,0,0
3.81367045,0,1
3.8141705,0,0
3.8146703,0,1
3.8151704,0,0
3.8156702,0,1
3.81617025,0,0
3.81667005,0,1
3.81717005,0,0
3.81766975,0,1
3.81816975,0,0
3.81866955,0,1
3.81916955,0,0
3.8196692,0,1
3.82016915,0,0
3.82066885,0,1
3.82116875,0,0
3.8216685,0,1
3.82216845,0,0
3.82266815,0,1
3.82316815,0,0
3.82366785,0,1
3.8241678,0,0
3.8246675,0,1
3.8251675,0,0
3.82566725,0,1
3.82616725,0,0
3.82666695,0,1
3.82716695,0,0
3.82766665,0,1
3.82816655,0,0
3.82866625,0,1
3.82916625,0,0
3.82966595,0,1
3.83016585,0,0
3.8306656,0,1
3.83116555,0,0
3.83166525,0,1
3.83216515,0,0
3.8326648,0,1
3.83316475,0,0
3.8336645,0,1
3.8341644,0,0
3.8346641,0,1
3.83516405,0,0
3.8356638,0,1
3.83616375,0,0
3.83666345,0,1
3.8371634,0,0
3.83766315,0,1
3.83816315,0,0
3.83866285,0,1
3.83916285,0,0
3.8396626,0,1
3.8401626,0,0
3.84066235,0,1
3.84116225,0,0
3.841662,0,1
3.842162,0,0
3.84266175,0,1
3.84316165,0,0
3.84366135,0,1
3.84416135,0,0
3.8446611,0,1
3.8451611,0,0
3.84566085,0,1
3.84616085,0,0
3.8466606,0,1
3.8471606,0,0
3.84766035,0,1
3.84816035,0,0
3.8486601,0,1
3.84916015,0,0
3.8496599,0,1
3.8501599,0,0
3.8506596,0,1
3.8511596,0,0
3.85165935,0,1
3.85215935,0,0
3.85265915,0,1
3.85315915,0,0
3.8536589,0,1
3.8541589,0,0
3.85465865,0,1
3.85515865,0,0
3.8556584,0,1
3.8561584,0,0
3.8566581,0,1
3.8571581,0,0
3.8576578,0,1
3.85815775,0,0
3.8586575,0,1
3.8591575,0,0
3.85965725,0,1
3.86015725,0,0
3.860657,0,1
3.86115705,0,0
3.8616568,0,1
3.86215685,0,0
3.8626565,0,1
3.8631564,0,0
3.863656,0,1
3.86415595,0,0
3.86465565,0,1
3.86515555,0,0
3.8656553,0,1
3.86615525,0,0
3.86665495,0,1
3.8671549,0,0
3.8676546,0,1
3.86815455,0,0
3.86865425,0,1
3.8691542,0,0
3.8696539,0,1
3.87015385,0,0
3.8706536,0,1
3.8711536,0,0
3.87165335,0,1
3.87215335,0,0
3.8726531,0,1
3.87315315,0,0
3.87365285,0,1
3.8741529,0,0
3.8746527,0,1
3.8751527,0,0
3.8756524,0,1
3.87615245,0,0
3.87665225,0,1
3.87715225,0,0
3.877652,0,1
3.878152,0,0
3.87865175,0,1
3.87915185,0,0
3.8796516,0,1
3.88015165,0,0
3.88065135,0,1
3.8811513,0,0
3.881651,0,1
3.88215095,0,0
3.8826507,0,1
3.8831507,0,0
3.8836504,0,1
3.8841504,0,0
3.8846501,0,1
3.8851501,0,0
3.88564985,0,1
3.88614985,0,0
3.88664955,0,1
3.8871495,0,0
3.88764925,0,1
3.8881492,0,0
3.8886489,0,1
3.8891489,0,0
3.8896486,0,1
3.89014855,0,0
3.89064825,0,1
3.8911482,0,0
3.89164795,0,1
3.89214795,0,0
3.89264775,0,1
3.8931477,0,0
3.89364745,0,1
3.89414745,0,0
3.89464715,0,1
3.89514715,0,0
3.8956469,0,1
3.89614685,0,0
3.8966466,0,1
3.8971466,0,0
3.8976463,0,1
3.8981463,0,0
3.89864605,0,1
3.89914605,0,0
3.89964585,0,1
3.9001459,0,0
3.90064565,0,1
3.90114565,0,0
3.9016454,0,1
3.90214535,0,0
3.9026451,0,1
3.9031451,0,0
3.90364485,0,1
3.9041449,0,0
3.9046447,0,1
3.9051447,0,0
3.90564445,0,1
3.9061445,0,0
3.9066443,0,1
3.90714425,0,0
3.907644,0,1
3.908144,0,0
3.90864375,0,1
3.90914375,0,0
3.9096435,0,1
3.91014345,0,0
3.91064315,0,1
3.91114315,0,0
3.9116429,0,1
3.91214285,0,0
3.9126426,0,1
3.91314255,0,0
3.91364225,0,1
3.91414225,0,0
3.914642,0,1
3.915142,0,0
3.91564175,0,1
3.9161417,0,0
3.91664145,0,1
3.9171414,0,0
3.9176411,0,1
3.91814105,0,0
3.91864085,0,1
3.91914085,0,0
3.9196406,0,1
3.92014065,0,0
3.9206404,0,1
3.92114045,0,0
3.92164025,0,1
3.92214025,0,0
3.92264005,0,1
3.9231401,0,0
3.92363985,0,1
3.9241399,0,0
3.92463975,0,1
3.9251398,0,0
3.9256396,0,1
3.92613965,0,0
3.9266395,0,1
3.92713955,0,0
3.9276394,0,1
3.92813945,0,0
3.9286392,0,1
3.92913925,0,0
3.929639,0,1
3.93013895,0,0
3.9306386,0,1
3.9311385,0,0
3.93163815,0,1
3.93213805,0,0
3.9326377,0,1
3.93313765,0,0
3.9336374,0,1
3.93413735,0,0
3.9346371,0,1
3.93513705,0,0
3.93563675,0,1
3.93613675,0,0
3.9366365,0,1
3.9371364,0,0
3.9376361,0,1
3.9381361,0,0
3.9386358,0,1
3.9391358,0,0
3.9396355,0,1
3.94013555,0,0
3.9406353,0,1
3.94113525,0,0
3.94163505,0,1
3.94213505,0,0
3.9426348,0,1
3.94313475,0,0
3.94363445,0,1
3.9441344,0,0
3.94463415,0,1
3.9451341,0,0
3.94563385,0,1
3.94613385,0,0
3.9466336,0,1
3.94713355,0,0
3.9476333,0,1
3.94813325,0,0
3.948633,0,1
3.949133,0,0
3.9496327,0,1
3.9501327,0,0
3.95063245,0,1
3.95113245,0,0
3.9516322,0,1
3.9521322,0,0
3.9526319,0,1
3.9531319,0,0
3.95363165,0,1
3.9541316,0,0
3.95463135,0,1
3.9551313,0,0
3.955631,0,1
3.95613095,0,0
3.9566307,0,1
3.9571307,0,0
3.9576305,0,1
3.95813045,0,0
3.9586302,0,1
3.95913025,0,0
3.95963,0,1
3.96013,0,0
3.96062975,0,1
3.9611297,0,0
3.96162945,0,1
3.9621294,0,0
3.9626292,0,1
3.96312915,0,0
3.96362895,0,1
3.96412895,0,0
3.96462865,0,1
3.96512865,0,0
3.96562835,0,1
3.9661284,0,0
3.9666281,0,1
3.9671281,0,0
3.96762785,0,1
3.9681278,0,0
3.9686275,0,1
3.9691275,0,0
3.96962725,0,1
3.9701273,0,0
3.9706271,0,1
3.97112705,0,0
3.9716268,0,1
3.9721268,0,0
3.97262655,0,1
3.9731266,0,0
3.97362635,0,1
3.97412635,0,0
3.97462605,0,1
3.9751261,0,0
3.97562585,0,1
3.9761259,0,0
3.9766257,0,1
3.97712575,0,0
3.97762555,0,1
3.9781256,0,0
3.97862535,0,1
3.97912535,0,0
3.9796251,0,1
3.98012515,0,0
3.9806249,0,1
3.98112495,0,0
3.9816247,0,1
3.9821247,0,0
3.9826245,0,1
3.98312445,0,0
3.9836242,0,1
3.9841242,0,0
3.98462395,0,1
3.98512395,0,0
3.98562365,0,1
3.98612365,0,0
3.9866234,0,1
3.98712335,0,0
3.98762305,0,1
3.98812305,0,0
3.98862275,0,1
3.98912275,0,0
3.9896225,0,1
3.99012245,0,0
3.99062225,0,1
3.99112225,0,0
3.991622,0,1
3.992122,0,0
3.99262175,0,1
3.9931217,0,0
3.99362145,0,1
3.99412145,0,0
3.99462115,0,1
3.99512115,0,0
3.9956209,0,1
3.9961209,0,0
3.9966206,0,1
3.9971206,0,0
3.9976204,0,1
3.99812035,0,0
3.9986201,0,1
3.9991202,0,0
3.99962,0,1
4.00012005,0,0
4.00061985,0,1
4.0011199,0,0
4.00161965,0,1
4.0021197,0,0
4.0026195,0,1
4.0031195,0,0
4.00361925,0,1
4.00411925,0,0
4.00461895,0,1
4.005119,0,0
4.00561875,0,1
4.0061188,0,0
4.0066186,0,1
4.0071186,0,0
4.00761845,0,1
4.0081185,0,0
4.0086183,0,1
4.00911835,0,0
4.00961815,0,1
4.01011825,0,0
4.010618,0,1
4.01111805,0,0
4.01161785,0,1
4.0121179,0,0
4.01261765,0,1
4.01311765,0,0
4.0136174,0,1
4.0141174,0,0
4.01461715,0,1
4.01511715,0,0
4.01561695,0,1
4.01611695,0,0
4.0166168,0,1
4.01711685,0,0
4.01761665,0,1
4.0181167,0,0
4.0186165,0,1
4.0191166,0,0
4.0196164,0,1
4.02011645,0,0
4.02061625,0,1
4.02111625,0,0
4.02161605,0,1
4.02211605,0,0
4.02261585,0,1
4.02311585,0,0
4.02361565,0,1
4.02411565,0,0
4.0246154,0,1
4.02511535,0,0
4.02561505,0,1
4.02611505,0,0
4.02661475,0,1
4.02711475,0,0
4.02761445,0,1
4.0281144,0,0
4.0286141,0,1
4.029114,0,0
4.02961365,0,1
4.03011355,0,0
4.0306133,0,1
4.0311133,0,0
4.03161305,0,1
4.03211305,0,0
4.0326128,0,1
4.03311285,0,0
4.03361265,0,1
4.03411265,0,0
4.0346124,0,1
4.0351124,0,0
4.03561215,0,1
4.03611215,0,0
4.0366119,0,1
4.03711185,0,0
4.0376115,0,1
4.03811145,0,0
4.03861115,0,1
4.03911115,0,0
4.03961085,0,1
4.0401108,0,0
4.04061055,0,1
4.0411106,0,0
4.0416104,0,1
4.04211045,0,0
4.04261015,0,1
4.04311015,0,0
4.0436099,0,1
4.0441099,0,0
4.0446097,0,1
4.0451097,0,0
4.0456095,0,1
4.0461095,0,0
4.0466093,0,1
4.0471093,0,0
4.04760905,0,1
4.048109,0,0
4.0486087,0,1
4.0491087,0,0
4.0496084,0,1
4.0501084,0,0
4.05060815,0,1
4.05110815,0,0
4.0516079,0,1
4.0521079,0,0
4.05260765,0,1
4.05310765,0,0
4.05360735,0,1
4.05410735,0,0
4.0546071,0,1
4.0551071,0,0
4.0556068,0,1
4.05610675,0,0
4.0566064,0,1
4.0571063,0,0
4.057606,0,1
4.058106,0,0
4.05860575,0,1
4.05910575,0,0
4.0596055,0,1
4.0601055,0,0
4.06060525,0,1
4.0611053,0,0
4.06160505,0,1
4.0621051,0,0
4.06260485,0,1
4.06310485,0,0
4.0636046,0,1
4.06410455,0,0
4.0646043,0,1
4.06510425,0,0
4.065604,0,1
4.066104,0,0
4.0666037,0,1
4.0671037,0,0
4.0676035,0,1
4.0681035,0,0
4.06860325,0,1
4.06910325,0,0
4.069603,0,1
4.070103,0,0
4.07060275,0,1
4.07110275,0,0
4.0716025,0,1
4.0721025,0,0
4.07260225,0,1
4.07310225,0,0
4.07360195,0,1
4.07410195,0,0
4.07460165,0,1
4.07510165,0,0
4.0756014,0,1
4.0761014,0,0
4.07660115,0,1
4.0771011,0,0
4.07760085,0,1
4.07810085,0,0
4.0786006,0,1
4.0791006,0,0
4.0796004,0,1
4.0801004,0,0
4.08060015,0,1
4.0811001,0,0
4.0815999,0,1
4.08209995,0,0
4.0825997,0,1
4.0830997,0,0
4.08359945,0,1
4.0840995,0,0
4.0845993,0,1
4.08509935,0,0
4.08559915,0,1
4.08609915,0,0
4.08659895,0,1
4.08709895,0,0
4.08759875,0,1
4.08809875,0,0
4.08859855,0,1
4.0890985,0,0
4.0895983,0,1
4.09009835,0,0
4.0905982,0,1
4.0910983,0,0
4.09159805,0,1
4.0920981,0,0
4.0925979,0,1
4.09309795,0,0
4.0935977,0,1
4.0940977,0,0
4.0945975,0,1
4.0950975,0,0
4.0955973,0,1
4.09609735,0,0
4.09659715,0,1
4.0970972,0,0
4.097597,0,1
4.09809705,0,0
4.0985968,0,1
4.0990968,0,0
4.0995966,0,1
4.1000966,0,0
4.1005964,0,1
4.1010964,0,0
4.1015962,0,1
4.1020962,0,0
4.10259595,0,1
4.103096,0,0
4.1035958,0,1
4.10409585,0,0
4.10459565,0,1
4.1050957,0,0
4.1055955,0,1
4.10609555,0,0
4.1065953,0,1
4.1070953,0,0
4.1075951,0,1
4.1080951,0,0
4.1085949,0,1
4.1090949,0,0
4.10959465,0,1
4.1100947,0,0
4.1105945,0,1
4.1110945,0,0
4.11159425,0,1
4.1120943,0,0
4.1125941,0,1
4.1130941,0,0
4.11359385,0,1
4.11409385,0,0
4.1145936,0,1
4.1150937,0,0
4.1155935,0,1
4.11609355,0,0
4.11659335,0,1
4.11709335,0,0
4.11759315,0,1
4.11809315,0,0
4.11859295,0,1
4.119093,0,0
4.1195928,0,1
4.12009285,0,0
4.12059265,0,1
4.1210927,0,0
4.1215925,0,1
4.1220926,0,0
4.1225924,0,1
4.1230925,0,0
4.12359235,0,1
4.12409245,0,0
4.1245923,0,1
4.12509235,0,0
4.1255922,0,1
4.1260923,0,0
4.1265921,0,1
4.12709215,0,0
4.12759195,0,1
4.128092,0,0
4.1285918,0,1
4.12909185,0,0
4.12959165,0,1
4.1300917,0,0
4.1305915,0,1
4.13109155,0,0
4.13159135,0,1
4.1320914,0,0
4.1325912,0,1
4.13309125,0,0
4.13359105,0,1
4.13409115,0,0
4.13459095,0,1
4.135091,0,0
4.1355908,0,1
4.13609085,0,0
4.1365907,0,1
4.1370908,0,0
4.13759065,0,1
4.13809075,0,0
4.1385906,0,1
4.1390907,0,0
4.13959055,0,1
4.1400906,0,0
4.14059045,0,1
4.14109055,0,0
4.1415903,0,1
4.1420904,0,0
4.1425902,0,1
4.1430903,0,0
4.14359005,0,1
4.14409015,0,0
4.14458995,0,1
4.14509,0,0
4.1455898,0,1
4.1460899,0,0
4.1465897,0,1
4.14708975,0,0
4.1475896,0,1
4.1480897,0,0
4.14858945,0,1
4.1490895,0,0
4.14958925,0,1
4.15008925,0,0
4.15058905,0,1
4.15108905,0,0
4.15158885,0,1
4.1520889,0,0
4.15258875,0,1
4.15308875,0,0
4.1535885,0,1
4.15408855,0,0
4.1545884,0,1
4.15508845,0,0
4.1555882,0,1
4.15608825,0,0
4.15658805,0,1
4.1570881,0,0
4.15758785,0,1
4.1580879,0,0
4.15858775,0,1
4.15908785,0,0
4.1595876,0,1
4.16008765,0,0
4.1605874,0,1
4.1610874,0,0
4.1615871,0,1
4.16208715,0,0
4.1625869,0,1
4.16308695,0,0
4.16358675,0,1
4.1640868,0,0
4.1645866,0,1
4.16508665,0,0
4.16558635,0,1
4.1660864,0,0
4.16658615,0,1
4.16708615,0,0
4.16758595,0,1
4.16808595,0,0
4.16858575,0,1
4.1690857,0,0
4.1695854,0,1
4.17008535,0,0
4.17058515,0,1
4.1710852,0,0
4.17158495,0,1
4.17208495,0,0
4.17258475,0,1
4.1730848,0,0
4.17358455,0,1
4.1740846,0,0
4.1745844,0,1
4.1750845,0,0
4.1755843,0,1
4.17608435,0,0
4.17658405,0,1
4.17708405,0,0
4.1775838,0,1
4.17808375,0,0
4.17858345,0,1
4.1790834,0,0
4.17958315,0,1
4.1800831,0,0
4.18058285,0,1
4.18108285,0,0
4.1815826,0,1
4.1820826,0,0
4.1825823,0,1
4.1830823,0,0
4.18358205,0,1
4.184082,0,0
4.18458175,0,1
4.18508175,0,0
4.18558155,0,1
4.18608155,0,0
4.18658125,0,1
4.18708125,0,0
4.187581,0,1
4.188081,0,0
4.1885808,0,1
4.18908075,0,0
4.1895805,0,1
4.1900805,0,0
4.19058025,0,1
4.19108025,0,0
4.19158,0,1
4.19208,0,0
4.19257975,0,1
4.19307975,0,0
4.1935795,0,1
4.1940795,0,0
4.19457935,0,1
4.19507935,0,0
4.1955792,0,1
4.19607925,0,0
4.19657905,0,1
4.1970791,0,0
4.1975789,0,1
4.1980789,0,0
4.1985787,0,1
4.19907875,0,0
4.1995785,0,1
4.20007855,0,0
4.2005783,0,1
4.20107835,0,0
4.2015781,0,1
4.20207815,0,0
4.2025779,0,1
4.20307795,0,0
4.2035777,0,1
4.20407765,0,0
4.20457745,0,1
4.2050775,0,0
4.20557725,0,1
4.20607725,0,0
4.20657705,0,1
4.20707705,0,0
4.20757685,0,1
4.20807685,0,0
4.2085766,0,1
4.2090766,0,0
4.2095764,0,1
4.2100764,0,0
4.21057615,0,1
4.21107615,0,0
4.21157585,0,1
4.21207585,0,0
4.21257555,0,1
4.21307555,0,0
4.21357525,0,1
4.21407525,0,0
4.214575,0,1
4.215075,0,0
4.2155748,0,1
4.21607475,0,0
4.21657455,0,1
4.21707455,0,0
4.21757435,0,1
4.2180744,0,0
4.2185742,0,1
4.2190742,0,0
4.21957395,0,1
4.220074,0,0
4.22057375,0,1
4.2210738,0,0
4.22157355,0,1
4.22207355,0,0
4.22257335,0,1
4.2230734,0,0
4.2235732,0,1
4.2240732,0,0
4.22457295,0,1
4.22507295,0,0
4.2255727,0,1
4.2260727,0,0
4.2265725,0,1
4.2270725,0,0
4.22757225,0,1
4.22807225,0,0
4.22857195,0,1
4.22907195,0,0
4.22957165,0,1
4.23007165,0,0
4.2305714,0,1
4.2310714,0,0
4.23157115,0,1
4.2320711,0,0
4.23257085,0,1
4.2330708,0,0
4.23357055,0,1
4.2340705,0,0
4.23457025,0,1
4.23507025,0,0
4.23557,0,1
4.23607,0,0
4.23656975,0,1
4.23706975,0,0
4.2375695,0,1
4.23806955,0,0
4.23856935,0,1
4.23906935,0,0
4.2395691,0,1
4.24006915,0,0
4.2405689,0,1
4.2410689,0,0
4.24156865,0,1
4.24206865,0,0
4.2425684,0,1
4.2430684,0,0
4.24356815,0,1
4.24406815,0,0
4.2445679,0,1
4.24506785,0,0
4.2455676,0,1
4.2460676,0,0
4.24656735,0,1
4.24706735,0,0
4.24756715,0,1
4.2480672,0,0
4.24856695,0,1
4.249067,0,0
4.2495668,0,1
4.25006685,0,0
4.25056665,0,1
4.25106665,0,0
4.2515664,0,1
4.2520663,0,0
4.252566,0,1
4.2530659,0,0
4.25356565,0,1
4.25406565,0,0
4.25456535,0,1
4.25506525,0,0
4.255565,0,1
4.25606495,0,0
4.2565647,0,1
4.2570647,0,0
4.2575644,0,1
4.2580644,0,0
4.25856415,0,1
4.25906415,0,0
4.25956385,0,1
4.26006385,0,0
4.26056355,0,1
4.26106355,0,0
4.2615633,0,1
4.26206335,0,0
4.2625631,0,1
4.2630631,0,0
4.26356285,0,1
4.26406285,0,0
4.2645626,0,1
4.26506255,0,0
4.2655623,0,1
4.2660623,0,0
4.266562,0,1
4.267062,0,0
4.26756175,0,1
4.2680618,0,0
4.2685615,0,1
4.2690615,0,0
4.26956125,0,1
4.2700612,0,0
4.27056095,0,1
4.27106095,0,0
4.27156075,0,1
4.27206075,0,0
4.27256055,0,1
4.27306055,0,0
4.27356035,0,1
4.27406035,0,0
4.27456015,0,1
4.27506015,0,0
4.2755599,0,1
4.2760599,0,0
4.27655965,0,1
4.27705965,0,0
4.27755935,0,1
4.27805935,0,0
4.2785591,0,1
4.2790591,0,0
4.27955885,0,1
4.28005885,0,0
4.28055855,0,1
4.28105855,0,0
4.2815583,0,1
4.2820583,0,0
4.28255805,0,1
4.283058,0,0
4.28355775,0,1
4.28405775,0,0
4.2845575,0,1
4.2850575,0,0
4.28555725,0,1
4.2860573,0,0
4.28655705,0,1
4.2870571,0,0
4.28755685,0,1
4.28805685,0,0
4.2885566,0,1
4.28905655,0,0
4.28955625,0,1
4.29005625,0,0
4.290556,0,1
4.29105595,0,0
4.2915556,0,1
4.29205555,0,0
4.29255525,0,1
4.2930552,0,0
4.29355485,0,1
4.2940548,0,0
4.29455445,0,1
4.2950544,0,0
4.295554,0,1
4.2960539,0,0
4.2965536,0,1
4.2970535,0,0
4.2975532,0,1
4.2980531,0,0
4.29855275,0,1
4.2990527,0,0
4.2995524,0,1
4.3000523,0,0
4.300552,0,1
4.30105195,0,0
4.30155165,0,1
4.30205165,0,0
4.30255135,0,1
4.30305125,0,0
4.30355095,0,1
4.3040509,0,0
4.3045506,0,1
4.30505055,0,0
4.3055502,0,1
4.30605005,0,0
4.30654975,0,1
4.30704965,0,0
4.30754935,0,1
4.3080493,0,0
4.30854895,0,1
4.3090489,0,0
4.3095486,0,1
4.3100485,0,0
4.3105482,0,1
4.3110481,0,0
4.31154775,0,1
4.31204765,0,0
4.3125473,0,1
4.3130472,0,0
4.31354685,0,1
4.31404675,0,0
4.31454645,0,1
4.31504635,0,0
4.315546,0,1
4.31604595,0,0
4.3165456,0,1
4.3170456,0,0
4.3175453,0,1
4.3180452,0,0
4.3185449,0,1
4.3190448,0,0
4.31954455,0,1
4.3200445,0,0
4.32054425,0,1
4.3210442,0,0
4.32154395,0,1
4.3220439,0,0
4.3225436,0,1
4.32304355,0,0
4.32354325,0,1
4.32404315,0,0
4.3245428,0,1
4.32504275,0,0
4.32554245,0,1
4.3260424,0,0
4.3265421,0,1
4.3270421,0,0
4.32754185,0,1
4.3280418,0,0
4.3285415,0,1
4.32904145,0,0
4.3295411,0,1
4.330041,0,0
4.33054065,0,1
4.3310406,0,0
4.33154025,0,1
4.3320402,0,0
4.33253985,0,1
4.33303975,0,0
4.3335394,0,1
4.3340393,0,0
4.334539,0,1
4.3350389,0,0
4.33553855,0,1
4.33603845,0,0
4.33653815,0,1
4.337038,0,0
4.33753765,0,1
4.33803755,0,0
4.3385372,0,1
4.3390371,0,0
4.33953675,0,1
4.34003665,0,0
4.3405363,0,1
4.3410362,0,0
4.3415359,0,1
4.34203585,0,0
4.3425355,0,1
4.34303545,0,0
4.34353515,0,1
4.34403515,0,0
4.3445349,0,1
4.34503485,0,0
4.3455346,0,1
4.34603455,0,0
4.3465343,0,1
4.34703425,0,0
4.34753395,0,1
4.3480339,0,0
4.3485336,0,1
4.34903355,0,0
4.3495332,0,1
4.35003315,0,0
4.3505328,0,1
4.35103275,0,0
4.35153245,0,1
4.3520324,0,0
4.35253205,0,1
4.353032,0,0
4.35353165,0,1
4.35403165,0,0
4.3545313,0,1
4.3550312,0,0
4.35553085,0,1
4.3560308,0,0
4.3565305,0,1
4.35703045,0,0
4.3575301,0,1
4.35803005,0,0
4.35852975,0,1
4.3590297,0,0
4.3595294,0,1
4.36002925,0,0
4.36052895,0,1
4.3610289,0,0
4.36152855,0,1
4.3620285,0,0
4.3625282,0,1
4.3630282,0,0
4.36352795,0,1
4.3640279,0,0
4.3645276,0,1
4.36502755,0,0
4.3655272,0,1
4.36602715,0,0
4.3665268,0,1
4.36702675,0,0
4.3675264,0,1
4.36802635,0,0
4.368526,0,1
4.36902595,0,0
4.36952565,0,1
4.37002565,0,0
4.37052535,0,1
4.3710253,0,0
4.371525,0,1
4.37202495,0,0
4.3725246,0,1
4.37302455,0,0
4.3735242,0,1
4.37402415,0,0
4.37452385,0,1
4.37502385,0,0
4.37552355,0,1
4.3760235,0,0
4.3765232,0,1
4.37702315,0,0
4.37752285,0,1
4.37802275,0,0
4.3785224,0,1
4.3790223,0,0
4.3795219,0,1
4.3800219,0,0
4.38052165,0,1
4.38102165,0,0
4.38152135,0,1
4.3820213,0,0
4.38252105,0,1
4.38302105,0,0
4.38352075,0,1
4.3840207,0,0
4.3845204,0,1
4.3850204,0,0
4.3855201,0,1
4.3860201,0,0
4.38651985,0,1
4.3870198,0,0
4.3875195,0,1
4.38801945,0,0
4.38851915,0,1
4.38901915,0,0
4.3895189,0,1
4.3900189,0,0
4.39051865,0,1
4.39101865,0,0
4.39151835,0,1
4.39201835,0,0
4.3925181,0,1
4.3930181,0,0
4.39351775,0,1
4.3940177,0,0
4.3945174,0,1
4.3950174,0,0
4.39551715,0,1
4.39601715,0,0
4.3965169,0,1
4.3970169,0,0
4.3975167,0,1
4.3980167,0,0
4.39851645,0,1
4.39901645,0,0
4.3995162,0,1
4.40001625,0,0
4.40051605,0,1
4.40101605,0,0
4.40151585,0,1
4.4020158,0,0
4.4025155,0,1
4.40301545,0,0
4.40351515,0,1
4.40401505,0,0
4.40451475,0,1
4.40501465,0,0
4.4055143,0,1
4.40601425,0,0
4.406514,0,1
4.40701405,0,0
4.40751375,0,1
4.40801375,0,0
4.40851345,0,1
4.40901345,0,0
4.4095132,0,1
4.4100131,0,0
4.4105128,0,1
4.4110127,0,0
4.41151235,0,1
4.4120123,0,0
4.412512,0,1
4.41301195,0,0
4.41351165,0,1
4.41401165,0,0
4.41451135,0,1
4.4150113,0,0
4.415511,0,1
4.4160109,0,0
4.4165106,0,1
4.41701055,0,0
4.41751025,0,1
4.41801015,0,0
4.4185098,0,1
4.4190097,0,0
4.41950945,0,1
4.42000935,0,0
4.42050905,0,1
4.42100895,0,0
4.42150865,0,1
4.42200855,0,0
4.42250825,0,1
4.4230082,0,0
4.4235079,0,1
4.4240078,0,0
4.4245075,0,1
4.42500745,0,0
4.42550715,0,1
4.42600705,0,0
4.42650675,0,1
4.4270067,0,0
4.42750635,0,1
4.4280063,0,0
4.428506,0,1
4.4290059,0,0
4.4295056,0,1
4.43000555,0,0
4.4305053,0,1
4.43100535,0,0
4.4315051,0,1
4.4320051,0,0
4.43250485,0,1
4.4330048,0,0
4.4335045,0,1
4.43400445,0,0
4.43450415,0,1
4.43500415,0,0
4.43550385,0,1
4.43600385,0,0
4.4365036,0,1
4.43700355,0,0
4.4375033,0,1
4.43800335,0,0
4.4385031,0,1
4.4390031,0,0
4.43950285,0,1
4.44000285,0,0
4.4405026,0,1
4.4410026,0,0
4.44150235,0,1
4.4420024,0,0
4.44250215,0,1
4.4430021,0,0
4.4435018,0,1
4.4440018,0,0
4.44450155,0,1
4.44500155,0,0
4.44550125,0,1
4.4460012,0,0
4.4465009,0,1
4.44700085,0,0
4.44750055,0,1
4.4480005,0,0
4.44850015,0,1
4.4490001,0,0
4.4494999,0,1
4.4499999,0,0
4.4504997,0,1
4.45099975,0,0
4.45149955,0,1
4.4519996,0,0
4.4524994,0,1
4.45299945,0,0
4.45349925,0,1
4.4539993,0,0
4.45449905,0,1
4.4549991,0,0
4.45549885,0,1
4.45599885,0,0
4.4564986,0,1
4.45699865,0,0
4.45749835,0,1
4.45799835,0,0
4.4584982,0,1
4.4589982,0,0
4.45949795,0,1
4.459998,0,0
4.46049775,0,1
4.4609978,0,0
4.4614976,0,1
4.46199755,0,0
4.46249725,0,1
4.46299725,0,0
4.46349695,0,1
4.4639969,0,0
4.46449665,0,1
4.4649966,0,0
4.4654964,0,1
4.4659964,0,0
4.46649615,0,1
4.4669961,0,0
4.46749585,0,1
4.46799585,0,0
4.4684956,0,1
4.4689956,0,0
4.4694954,0,1
4.4699954,0,0
4.47049515,0,1
4.4709952,0,0
4.47149495,0,1
4.471995,0,0
4.4724948,0,1
4.4729948,0,0
4.47349455,0,1
4.4739946,0,0
4.4744944,0,1
4.4749944,0,0
4.4754942,0,1
4.47599415,0,0
4.47649395,0,1
4.47699395,0,0
4.4774937,0,1
4.4779937,0,0
4.4784935,0,1
4.47899355,0,0
4.47949335,0,1
4.47999335,0,0
4.4804931,0,1
4.4809931,0,0
4.4814929,0,1
4.4819929,0,0
4.48249265,0,1
4.4829927,0,0
4.4834924,0,1
4.4839924,0,0
4.48449215,0,1
4.48499215,0,0
4.4854918,0,1
4.48599175,0,0
4.4864914,0,1
4.48699135,0,0
4.4874911,0,1
4.48799105,0,0
4.48849075,0,1
4.48899075,0,0
4.48949055,0,1
4.4899905,0,0
4.49049025,0,1
4.4909902,0,0
4.4914899,0,1
4.4919899,0,0
4.49248965,0,1
4.49298965,0,0
4.49348935,0,1
4.49398935,0,0
4.4944891,0,1
4.49498915,0,0
4.4954889,0,1
4.4959889,0,0
4.4964887,0,1
4.4969887,0,0
4.4974885,0,1
4.4979885,0,0
4.4984883,0,1
4.49898835,0,0
4.4994881,0,1
4.4999881,0,0
4.50048785,0,1
4.50098785,0,0
4.5014876,0,1
4.5019876,0,0
4.50248735,0,1
4.50298735,0,0
4.50348715,0,1
4.50398715,0,0
4.5044869,0,1
4.50498695,0,0
4.5054867,0,1
4.50598675,0,0
4.50648655,0,1
4.50698655,0,0
4.5074863,0,1
4.50798635,0,0
4.50848615,0,1
4.50898615,0,0
4.5094859,0,1
4.5099859,0,0
4.51048565,0,1
4.51098565,0,0
4.5114854,0,1
4.51198545,0,0
4.51248525,0,1
4.51298525,0,0
4.51348505,0,1
4.51398505,0,0
4.51448485,0,1
4.5149849,0,0
4.5154847,0,1
4.5159847,0,0
4.51648445,0,1
4.51698445,0,0
4.5174842,0,1
4.51798425,0,0
4.51848405,0,1
4.5189841,0,0
4.51948385,0,1
4.5199839,0,0
4.52048365,0,1
4.52098375,0,0
4.5214835,0,1
4.52198355,0,0
4.5224833,0,1
4.52298335,0,0
4.52348315,0,1
4.52398315,0,0
4.52448295,0,1
4.52498305,0,0
4.52548285,0,1
4.5259829,0,0
4.52648265,0,1
4.52698265,0,0
4.52748235,0,1
4.5279823,0,0
4.52848205,0,1
4.52898205,0,0
4.52948175,0,1
4.52998175,0,0
4.53048145,0,1
4.53098145,0,0
4.5314812,0,1
4.5319812,0,0
4.5324809,0,1
4.53298085,0,0
4.53348055,0,1
4.53398055,0,0
4.5344803,0,1
4.53498025,0,0
4.53548,0,1
4.53598,0,0
4.53647975,0,1
4.53697975,0,0
4.53747945,0,1
4.53797945,0,0
4.5384792,0,1
4.53897915,0,0
4.5394789,0,1
4.5399789,0,0
4.5404786,0,1
4.54097855,0,0
4.5414783,0,1
4.54197835,0,0
4.54247805,0,1
4.5429781,0,0
4.54347785,0,1
4.5439778,0,0
4.5444776,0,1
4.5449776,0,0
4.54547735,0,1
4.54597735,0,0
4.5464771,0,1
4.5469771,0,0
4.54747685,0,1
4.54797685,0,0
4.54847665,0,1
4.54897665,0,0
4.5494764,0,1
4.5499764,0,0
4.55047615,0,1
4.5509762,0,0
4.5514759,0,1
4.55197595,0,0
4.5524757,0,1
4.5529757,0,0
4.55347545,0,1
4.5539754,0,0
4.5544752,0,1
4.5549752,0,0
4.55547495,0,1
4.55597495,0,0
4.5564747,0,1
4.55697475,0,0
4.5574745,0,1
4.55797455,0,0
4.5584743,0,1
4.55897435,0,0
4.5594741,0,1
4.55997415,0,0
4.5604739,0,1
4.56097395,0,0
4.5614737,0,1
4.5619737,0,0
4.5624735,0,1
4.5629735,0,0
4.5634733,0,1
4.5639733,0,0
4.5644731,0,1
4.5649732,0,0
4.565473,0,1
4.565973,0,0
4.56647285,0,1
4.5669729,0,0
4.5674727,0,1
4.56797275,0,0
4.56847255,0,1
4.5689726,0,0
4.5694724,0,1
4.5699724,0,0
4.5704722,0,1
4.57097225,0,0
4.57147205,0,1
4.5719721,0,0
4.57247185,0,1
4.57297185,0,0
4.5734716,0,1
4.57397165,0,0
4.5744714,0,1
4.57497145,0,0
4.5754712,0,1
4.57597125,0,0
4.5764711,0,1
4.57697115,0,0
4.577471,0,1
4.57797105,0,0
4.57847085,0,1
4.5789709,0,0
4.5794707,0,1
4.57997075,0,0
4.5804705,0,1
4.58097055,0,0
4.58147035,0,1
4.5819704,0,0
4.58247015,0,1
4.58297015,0,0
4.5834699,0,1
4.58396995,0,0
4.58446975,0,1
4.5849698,0,0
4.58546965,0,1
4.5859697,0,0
4.5864695,0,1
4.58696955,0,0
4.58746935,0,1
4.58796945,0,0
4.58846925,0,1
4.5889693,0,0
4.5894691,0,1
4.5899692,0,0
4.590469,0,1
4.59096905,0,0
4.59146885,0,1
4.59196895,0,0
4.5924687,0,1
4.59296875,0,0
4.5934685,0,1
4.5939685,0,0
4.59446825,0,1
4.59496825,0,0
4.59546795,0,1
4.59596795,0,0
4.59646775,0,1
4.5969677,0,0
4.5974675,0,1
4.5979675,0,0
4.59846725,0,1
4.5989673,0,0
4.5994671,0,1
4.59996715,0,0
4.600467,0,1
4.60096705,0,0
4.6014669,0,1
4.601967,0,0
4.60246685,0,1
4.6029669,0,0
4.60346665,0,1
4.6039667,0,0
4.6044665,0,1
4.60496655,0,0
4.6054663,0,1
4.60596635,0,0
4.6064661,0,1
4.6069661,0,0
4.60746595,0,1
4.60796595,0,0
4.6084657,0,1
4.60896575,0,0
4.60946545,0,1
4.6099654,0,0
4.6104652,0,1
4.6109652,0,0
4.611465,0,1
4.61196505,0,0
4.6124648,0,1
4.61296485,0,0
4.61346465,0,1
4.6139647,0,0
4.6144645,0,1
4.61496455,0,0
4.6154644,0,1
4.61596445,0,0
4.6164642,0,1
4.6169642,0,0
4.61746395,0,1
4.617964,0,0
4.61846385,0,1
4.6189639,0,0
4.6194637,0,1
4.61996375,0,0
4.6204636,0,1
4.62096365,0,0
4.6214635,0,1
4.62196355,0,0
4.6224634,0,1
4.62296345,0,0
4.62346335,0,1
4.62396335,0,0
4.6244632,0,1
4.6249633,0,0
4.62546315,0,1
4.62596325,0,0
4.62646305,0,1
4.62696315,0,0
4.627463,0,1
4.6279631,0,0
4.62846295,0,1
4.62896305,0,0
4.62946285,0,1
4.629963,0,0
4.6304628,0,1
4.6309629,0,0
4.63146275,0,1
4.63196285,0,0
4.63246265,0,1
4.6329627,0,0
4.6334625,0,1
4.6339626,0,0
4.6344624,0,1
4.6349625,0,0
4.6354623,0,1
4.63596235,0,0
4.63646215,0,1
4.6369622,0,0
4.637462,0,1
4.63796205,0,0
4.63846185,0,1
4.6389619,0,0
4.63946165,0,1
4.6399617,0,0
4.64046145,0,1
4.6409615,0,0
4.64146125,0,1
4.6419613,0,0
4.6424611,0,1
4.6429611,0,0
4.64346095,0,1
4.64396105,0,0
4.64446085,0,1
4.6449609,0,0
4.6454607,0,1
4.64596075,0,0
4.64646055,0,1
4.64696055,0,0
4.6474603,0,1
4.64796035,0,0
4.64846015,0,1
4.6489602,0,0
4.64946,0,1
4.64996005,0,0
4.6504599,0,1
4.6509599,0,0
4.6514597,0,1
4.6519596,0,0
4.6524593,0,1
4.6529593,0,0
4.653459,0,1
4.653959,0,0
4.6544588,0,1
4.6549588,0,0
4.65545855,0,1
4.65595855,0,0
4.6564583,0,1
4.65695835,0,0
4.65745815,0,1
4.6579582,0,0
4.658458,0,1
4.658958,0,0
4.65945785,0,1
4.6599579,0,0
4.6604577,0,1
4.66095775,0,0
4.66145755,0,1
4.6619576,0,0
4.66245735,0,1
4.66295735,0,0
4.66345715,0,1
4.6639572,0,0
4.66445695,0,1
4.664957,0,0
4.66545675,0,1
4.66595675,0,0
4.6664565,0,1
4.6669565,0,0
4.6674563,0,1
4.6679563,0,0
4.668456,0,1
4.66895595,0,0
4.6694557,0,1
4.6699557,0,0
4.67045545,0,1
4.67095545,0,0
4.67145525,0,1
4.67195525,0,0
4.672455,0,1
4.67295495,0,0
4.67345475,0,1
4.6739548,0,0
4.67445455,0,1
4.6749546,0,0
4.67545435,0,1
4.67595435,0,0
4.6764541,0,1
4.67695415,0,0
4.6774539,0,1
4.6779539,0,0
4.67845365,0,1
4.67895365,0,0
4.67945335,0,1
4.67995335,0,0
4.68045315,0,1
4.68095315,0,0
4.68145295,0,1
4.68195295,0,0
4.68245275,0,1
4.68295275,0,0
4.6834525,0,1
4.68395255,0,0
4.68445235,0,1
4.68495235,0,0
4.68545215,0,1
4.68595215,0,0
4.6864519,0,1
4.6869519,0,0
4.68745165,0,1
4.6879517,0,0
4.68845145,0,1
4.6889515,0,0
4.68945125,0,1
4.6899513,0,0
4.6904511,0,1
4.69095115,0,0
4.69145095,0,1
4.691951,0,0
4.6924508,0,1
4.69295085,0,0
4.69345065,0,1
4.6939507,0,0
4.6944505,0,1
4.69495055,0,0
4.6954504,0,1
4.6959504,0,0
4.69645025,0,1
4.6969503,0,0
4.69745005,0,1
4.6979501,0,0
4.6984499,0,1
4.6989499,0,0
4.69944965,0,1
4.69994965,0,0
4.70044945,0,1
4.70094945,0,0
4.7014492,0,1
4.7019492,0,0
4.70244895,0,1
4.70294895,0,0
4.7034487,0,1
4.7039487,0,0
4.70444845,0,1
4.70494845,0,0
4.70544825,0,1
4.70594825,0,0
4.70644805,0,1
4.70694805,0,0
4.7074478,0,1
4.70794785,0,0
4.70844765,0,1
4.7089477,0,0
4.7094475,0,1
4.7099475,0,0
4.7104473,0,1
4.7109473,0,0
4.7114471,0,1
4.7119471,0,0
4.71244685,0,1
4.7129469,0,0
4.71344665,0,1
4.71394665,0,0
4.71444645,0,1
4.7149465,0,0
4.7154463,0,1
4.71594635,0,0
4.7164461,0,1
4.71694615,0,0
4.71744595,0,1
4.717946,0,0
4.7184458,0,1
4.7189459,0,0
4.7194457,0,1
4.71994575,0,0
4.72044555,0,1
4.7209456,0,0
4.72144545,0,1
4.7219455,0,0
4.7224453,0,1
4.7229454,0,0
4.7234452,0,1
4.72394525,0,0
4.72444505,0,1
4.72494505,0,0
4.72544485,0,1
4.7259449,0,0
4.7264447,0,1
4.72694475,0,0
4.72744455,0,1
4.72794465,0,0
4.72844445,0,1
4.72894445,0,0
4.7294443,0,1
4.72994435,0,0
4.73044415,0,1
4.7309442,0,0
4.731444,0,1
4.73194405,0,0
4.7324439,0,1
4.73294395,0,0
4.73344375,0,1
4.7339438,0,0
4.7344436,0,1
4.73494365,0,0
4.73544345,0,1
4.7359435,0,0
4.73644335,0,1
4.7369434,0,0
4.73744325,0,1
4.7379433,0,0
4.7384431,0,1
4.7389431,0,0
4.7394429,0,1
4.73994295,0,0
4.7404428,0,1
4.7409428,0,0
4.7414426,0,1
4.7419426,0,0
4.74244235,0,1
4.7429424,0,0
4.74344215,0,1
4.7439422,0,0
4.744442,0,1
4.7449421,0,0
4.74544185,0,1
4.7459419,0,0
4.74644165,0,1
4.74694165,0,0
4.74744145,0,1
4.7479415,0,0
4.7484413,0,1
4.7489413,0,0
4.74944105,0,1
4.74994105,0,0
4.75044085,0,1
4.75094085,0,0
4.7514406,0,1
4.75194065,0,0
4.7524404,0,1
4.7529404,0,0
4.75344015,0,1
4.75394015,0,0
4.75443995,0,1
4.75494,0,0
4.75543975,0,1
4.75593975,0,0
4.75643955,0,1
4.75693955,0,0
4.75743935,0,1
4.7579394,0,0
4.7584392,0,1
4.7589392,0,0
4.75943895,0,1
4.759939,0,0
4.76043875,0,1
4.76093875,0,0
4.76143855,0,1
4.76193855,0,0
4.76243835,0,1
4.76293835,0,0
4.76343815,0,1
4.76393815,0,0
4.7644379,0,1
4.76493795,0,0
4.7654377,0,1
4.7659377,0,0
4.7664374,0,1
4.76693745,0,0
4.7674372,0,1
4.76793715,0,0
4.7684369,0,1
4.76893695,0,0
4.76943665,0,1
4.76993665,0,0
4.7704364,0,1
4.7709364,0,0
4.77143615,0,1
4.77193615,0,0
4.7724359,0,1
4.77293595,0,0
4.77343565,0,1
4.77393565,0,0
4.7744354,0,1
4.7749354,0,0
4.77543515,0,1
4.77593515,0,0
4.77643485,0,1
4.7769348,0,0
4.77743455,0,1
4.7779346,0,0
4.77843435,0,1
4.77893435,0,0
4.7794341,0,1
4.7799341,0,0
4.78043385,0,1
4.78093385,0,0
4.78143355,0,1
4.78193355,0,0
4.7824333,0,1
4.7829333,0,0
4.78343305,0,1
4.78393305,0,0
4.78443285,0,1
4.7849328,0,0
4.78543255,0,1
4.78593255,0,0
4.7864323,0,1
4.7869323,0,0
4.78743205,0,1
4.7879321,0,0
4.7884318,0,1
4.78893175,0,0
4.7894315,0,1
4.78993155,0,0
4.79043135,0,1
4.79093135,0,0
4.79143105,0,1
4.7919311,0,0
4.79243085,0,1
4.7929308,0,0
4.79343055,0,1
4.79393055,0,0
4.79443035,0,1
4.7949304,0,0
4.7954302,0,1
4.79593025,0,0
4.79643,0,1
4.79693,0,0
4.79742975,0,1
4.79792975,0,0
4.79842945,0,1
4.79892945,0,0
4.7994292,0,1
4.79992915,0,0
4.8004289,0,1
4.80092885,0,0
4.80142855,0,1
4.80192855,0,0
4.8024283,0,1
4.8029283,0,0
4.803428,0,1
4.803928,0,0
4.80442775,0,1
4.8049278,0,0
4.8054276,0,1
4.80592765,0,0
4.8064274,0,1
4.80692745,0,0
4.8074272,0,1
4.8079272,0,0
4.8084269,0,1
4.80892685,0,0
4.8094266,0,1
4.8099266,0,0
4.81042635,0,1
4.81092635,0,0
4.8114261,0,1
4.81192605,0,0
4.81242575,0,1
4.8129257,0,0
4.8134253,0,1
4.8139252,0,0
4.8144248,0,1
4.81492475,0,0
4.8154244,0,1
4.81592435,0,0
4.816424,0,1
4.81692395,0,0
4.8174236,0,1
4.81792355,0,0
4.8184232,0,1
4.81892315,0,0
4.81942285,0,1
4.8199228,0,0
4.8204225,0,1
4.82092245,0,0
4.82142215,0,1
4.82192215,0,0
4.82242185,0,1
4.8229218,0,0
4.82342155,0,1
4.8239215,0,0
4.8244212,0,1
4.82492115,0,0
4.82542085,0,1
4.8259208,0,0
4.82642045,0,1
4.8269204,0,0
4.82742005,0,1
4.82792,0,0
4.82841965,0,1
4.82891955,0,0
4.82941925,0,1
4.8299192,0,0
4.83041895,0,1
4.8309189,0,0
4.8314187,0,1
4.8319187,0,0
4.83241845,0,1
4.83291845,0,0
4.83341825,0,1
4.83391825,0,0
4.83441805,0,1
4.8349181,0,0
4.8354178,0,1
4.8359178,0,0
4.83641755,0,1
4.83691755,0,0
4.83741725,0,1
4.83791725,0,0
4.838417,0,1
4.838917,0,0
4.83941675,0,1
4.83991675,0,0
4.8404165,0,1
4.84091645,0,0
4.84141615,0,1
4.8419161,0,0
4.8424158,0,1
4.84291585,0,0
4.84341555,0,1
4.84391555,0,0
4.84441525,0,1
4.84491525,0,0
4.845415,0,1
4.84591495,0,0
4.84641465,0,1
4.8469146,0,0
4.84741435,0,1
4.8479143,0,0
4.848414,0,1
4.848914,0,0
4.84941375,0,1
4.84991375,0,0
4.8504135,0,1
4.85091355,0,0
4.8514133,0,1
4.85191335,0,0
4.8524131,0,1
4.8529131,0,0
4.85341285,0,1
4.8539128,0,0
4.85441255,0,1
4.8549125,0,0
4.8554122,0,1
4.8559122,0,0
4.8564119,0,1
4.85691185,0,0
4.8574116,0,1
4.85791155,0,0
4.85841135,0,1
4.8589113,0,0
4.85941105,0,1
4.859911,0,0
4.8604107,0,1
4.86091065,0,0
4.8614104,0,1
4.86191035,0,0
4.86241005,0,1
4.86291005,0,0
4.86340975,0,1
4.8639097,0,0
4.8644094,0,1
4.8649094,0,0
4.8654091,0,1
4.86590905,0,0
4.86640875,0,1
4.86690875,0,0
4.86740845,0,1
4.8679084,0,0
4.86840815,0,1
4.86890815,0,0
4.8694079,0,1
4.8699079,0,0
4.8704076,0,1
4.8709076,0,0
4.87140735,0,1
4.8719073,0,0
4.87240705,0,1
4.872907,0,0
4.8734067,0,1
4.8739066,0,0
4.8744063,0,1
4.8749063,0,0
4.87540605,0,1
4.8759061,0,0
4.87640585,0,1
4.8769058,0,0
4.87740555,0,1
4.87790555,0,0
4.87840525,0,1
4.8789052,0,0
4.8794049,0,1
4.87990485,0,0
4.8804046,0,1
4.88090455,0,0
4.8814043,0,1
4.8819043,0,0
4.8824041,0,1
4.8829041,0,0
4.88340385,0,1
4.8839039,0,0
4.88440365,0,1
4.88490365,0,0
4.88540345,0,1
4.8859035,0,0
4.88640325,0,1
4.8869033,0,0
4.88740305,0,1
4.88790305,0,0
4.88840285,0,1
4.8889028,0,0
4.8894026,0,1
4.88990265,0,0
4.8904024,0,1
4.89090245,0,0
4.89140225,0,1
4.8919023,0,0
4.892402,0,1
4.892902,0,0
4.89340175,0,1
4.8939018,0,0
4.89440155,0,1
4.8949015,0,0
4.89540125,0,1
4.8959013,0,0
4.89640105,0,1
4.89690105,0,0
4.8974008,0,1
4.89790085,0,0
4.8984006,0,1
4.89890065,0,0
4.89940045,0,1
4.8999005,0,0
4.9004003,0,1
4.90090035,0,0
4.9014001,0,1
4.90190015,0,0
4.90239995,0,1
4.9029,0,0
4.90339975,0,1
4.9038998,0,0
4.9043996,0,1
4.90489965,0,0
4.90539945,0,1
4.90589945,0,0
4.90639925,0,1
4.90689925,0,0
4.90739905,0,1
4.90789905,0,0
4.90839885,0,1
4.90889885,0,0
4.9093986,0,1
4.90989865,0,0
4.9103984,0,1
4.91089845,0,0
4.9113982,0,1
4.9118982,0,0
4.912398,0,1
4.912898,0,0
4.91339775,0,1
4.9138977,0,0
4.91439745,0,1
4.91489745,0,0
4.9153972,0,1
4.9158972,0,0
4.916397,0,1
4.916897,0,0
4.91739675,0,1
4.91789675,0,0
4.91839645,0,1
4.91889645,0,0
4.9193962,0,1
4.91989625,0,0
4.920396,0,1
4.920896,0,0
4.9213958,0,1
4.9218958,0,0
4.92239555,0,1
4.9228956,0,0
4.92339535,0,1
4.92389535,0,0
4.92439515,0,1
4.92489515,0,0
4.92539495,0,1
4.92589495,0,0
4.92639465,0,1
4.92689465,0,0
4.9273944,0,1
4.9278944,0,0
4.92839415,0,1
4.9288942,0,0
4.92939395,0,1
4.929894,0,0
4.93039375,0,1
4.9308937,0,0
4.93139345,0,1
4.93189345,0,0
4.9323932,0,1
4.9328932,0,0
4.933393,0,1
4.93389295,0,0
4.93439275,0,1
4.93489275,0,0
4.93539255,0,1
4.93589255,0,0
4.9363923,0,1
4.9368923,0,0
4.93739205,0,1
4.93789205,0,0
4.9383918,0,1
4.9388918,0,0
4.9393916,0,1
4.93989155,0,0
4.94039135,0,1
4.94089135,0,0
4.9413911,0,1
4.9418911,0,0
4.94239085,0,1
4.94289085,0,0
4.94339065,0,1
4.9438906,0,0
4.9443904,0,1
4.9448904,0,0
4.94539015,0,1
4.9458902,0,0
4.94638995,0,1
4.94688995,0,0
4.9473897,0,1
4.94788975,0,0
4.9483895,0,1
4.94888955,0,0
4.9493893,0,1
4.9498893,0,0
4.9503891,0,1
4.9508891,0,0
4.9513889,0,1
4.95188885,0,0
4.95238865,0,1
4.95288865,0,0
4.95338845,0,1
4.95388845,0,0
4.95438815,0,1
4.95488815,0,0
4.95538795,0,1
4.95588795,0,0
4.9563877,0,1
4.9568877,0,0
4.95738745,0,1
4.9578875,0,0
4.95838725,0,1
4.95888715,0,0
4.9593869,0,1
4.9598869,0,0
4.96038665,0,1
4.9608867,0,0
4.9613865,0,1
4.96188655,0,0
4.96238635,0,1
4.96288645,0,0
4.96338625,0,1
4.9638863,0,0
4.96438605,0,1
4.9648861,0,0
4.9653859,0,1
4.9658859,0,0
4.9663857,0,1
4.96688565,0,0
4.96738545,0,1
4.96788545,0,0
4.96838525,0,1
4.9688852,0,0
4.96938495,0,1
4.969885,0,0
4.9703848,0,1
4.97088485,0,0
4.97138465,0,1
4.9718847,0,0
4.9723845,0,1
4.97288455,0,0
4.9733843,0,1
4.9738843,0,0
4.9743841,0,1
4.9748841,0,0
4.97538385,0,1
4.97588385,0,0
4.9763836,0,1
4.9768836,0,0
4.9773834,0,1
4.97788345,0,0
4.9783832,0,1
4.97888325,0,0
4.979383,0,1
4.97988305,0,0
4.98038285,0,1
4.98088285,0,0
4.98138265,0,1
4.98188265,0,0
4.98238245,0,1
4.98288245,0,0
4.98338225,0,1
4.98388225,0,0
4.98438195,0,1
4.984882,0,0
4.98538175,0,1
4.98588175,0,0
4.9863815,0,1
4.9868815,0,0
4.9873812,0,1
4.9878812,0,0
4.98838095,0,1
4.98888095,0,0
4.98938065,0,1
4.98988065,0,0
4.99038035,0,1
4.99088035,0,0
4.99138015,0,1
4.9918802,0,0
4.99237995,0,1
4.99288,0,0
4.99337975,0,1
4.99387975,0,0
4.99437955,0,1
4.9948796,0,0
4.9953794,0,1
4.9958794,0,0
4.99637925,0,1
4.9968793,0,0
4.9973791,0,1
4.99787915,0,0
4.9983789,0,1
4.99887895,0,0
4.9993787,0,1
4.99987875,0,0
