timestamp_s,CH0,CH1
0.0,0,0
0.0002726,0,1
0.00077265,0,0
0.0012724,0,1
0.0017724,0,0
0.00227215,0,1
0.00277215,0,0
0.0032719,0,1
0.0037719,0,0
0.0042717,0,1
0.00477165,0,0
0.0052714,0,1
0.0057713,0,0
0.00627105,0,1
0.006771,0,0
0.00727075,0,1
0.00777075,0,0
0.00827055,0,1
0.00877055,0,0
0.0092703,0,1
0.00977035,0,0
0.01027005,0,1
0.01077005,0,0
0.01126975,0,1
0.0117697,0,0
0.01226945,0,1
0.01276945,0,0
0.01326915,0,1
0.0137692,0,0
0.0142689,0,1
0.0147689,0,0
0.01526865,0,1
0.0157686,0,0
0.01626835,0,1
0.01676835,0,0
0.01726805,0,1
0.01776805,0,0
0.0182678,0,1
0.0187678,0,0
0.0192675,0,1
0.0197675,0,0
0.0202672,0,1
0.0207672,0,0
0.0212669,0,1
0.0217669,0,0
0.02226665,0,1
0.02276665,0,0
0.0232664,0,1
0.0237664,0,0
0.02426615,0,1
0.0247661,0,0
0.0252658,0,1
0.0257658,0,0
0.0262655,0,1
0.0267655,0,0
0.02726525,0,1
0.02776525,0,0
0.028265,0,1
0.028765,0,0
0.02926475,0,1
0.02976475,0,0
0.03026445,0,1
0.03076445,0,0
0.0312642,0,1
0.03176425,0,0
0.032264,0,1
0.03276395,0,0
0.0332637,0,1
0.03376365,0,0
0.0342634,0,1
0.03476335,0,0
0.0352631,0,1
0.035763,0,0
0.0362627,0,1
0.03676265,0,0
0.03726235,0,1
0.0377623,0,0
0.038262,0,1
0.038762,0,0
0.0392617,0,1
0.03976165,0,0
0.04026135,0,1
0.04076135,0,0
0.04126105,0,1
0.04176105,0,0
0.04226075,0,1
0.0427607,0,0
0.0432604,0,1
0.04376035,0,0
0.04426005,0,1
0.04476005,0,0
0.0452598,0,1
0.04575975,0,0
0.0462595,0,1
0.0467595,0,0
0.04725955,0,1
0.0477596,0,0
0.0482591,0,1
0.0487591,0,0
0.04925915,0,1
0.04975925,0,0
0.0500022,1,0
0.0502589,1,1
0.05075865,1,0
0.05125875,1,1
0.0517584,1,0
0.0522585,1,1
0.0527581,1,0
0.05325815,1,1
0.05375825,1,0
0.05425765,1,1
0.05475765,1,0
0.05525775,1,1
0.05575725,1,0
0.056257,1,1
0.05675695,1,0
0.0572566,1,1
0.05775655,1,0
0.0582563,1,1
0.05875625,1,0
0.059256,1,1
0.059756,1,0
0.06025575,1,1
0.0607558,1,0
0.06125555,1,1
0.06175555,1,0
0.06225525,1,1
0.06275525,1,0
0.063255,1,1
0.06375495,1,0
0.0642547,1,1
0.0647547,1,0
0.06525445,1,1
0.0657544,1,0
0.0659776,0,0
0.06625425,0,1
0.0667542,0,0
0.06725395,0,1
0.067754,0,0
0.06825375,0,1
0.06875415,0,0
0.0692537,0,1
0.069754,0,0
0.0702535,0,1
0.0707534,0,0
0.0712531,0,1
0.071753,0,0
0.07225275,0,1
0.0727532,0,0
0.07325255,0,1
0.07375255,0,0
0.0742524,0,1
0.07475265,0,0
0.075252,0,1
0.0757518,0,0
0.07625155,0,1
0.07675155,0,0
0.0772513,0,1
0.07775125,0,0
0.078251,0,1
0.07875095,0,0
0.07925065,0,1
0.07975075,0,0
0.0802505,0,1
0.0807505,0,0
0.08125025,0,1
0.08175015,0,0
0.0822499,0,1
0.0827499,0,0
0.0832497,0,1
0.0837498,0,0
0.0842496,0,1
0.08474965,0,0
0.08524945,0,1
0.08574945,0,0
0.08624935,0,1
0.08674945,0,0
0.08724945,0,1
0.08774905,0,0
0.0882488,0,1
0.0887488,0,0
0.08924845,0,1
0.08974845,0,0
0.09024825,0,1
0.09074825,0,0
0.09124805,0,1
0.09174805,0,0
0.09224785,0,1
0.09274795,0,0
0.09324775,0,1
0.09374785,0,0
0.09424765,0,1
0.09474775,0,0
0.0952476,0,1
0.09574765,0,0
0.09624745,0,1
0.0967475,0,0
0.09724735,0,1
0.0977474,0,0
0.0982472,0,1
0.09874725,0,0
0.09924705,0,1
0.0997471,0,0
0.1002469,0,1
0.100747,0,0
0.1012469,0,1
0.10174695,0,0
0.10224675,0,1
0.1027468,0,0
0.1032466,0,1
0.10374665,0,0
0.10424645,0,1
0.1047465,0,0
0.1052463,0,1
0.10574635,0,0
0.1062462,0,1
0.10674625,0,0
0.10724605,0,1
0.1077461,0,0
0.1082459,0,1
0.108746,0,0
0.1092458,0,1
0.10974585,0,0
0.11024565,0,1
0.1107457,0,0
0.11124545,0,1
0.11174555,0,0
0.1122453,0,1
0.11274535,0,0
0.11324515,0,1
0.11374515,0,0
0.11424495,0,1
0.114745,0,0
0.1152448,0,1
0.11574485,0,0
0.1162446,0,1
0.1167447,0,0
0.1172445,0,1
0.1177445,0,0
0.11824425,0,1
0.1187443,0,0
0.1192441,0,1
0.11974415,0,0
0.120244,0,1
0.12074405,0,0
0.12124385,0,1
0.1217439,0,0
0.1222437,0,1
0.1227438,0,0
0.12324365,0,1
0.12374365,0,0
0.12424345,0,1
0.12474345,0,0
0.1252434,0,1
0.12574355,0,0
0.1262432,0,1
0.12674325,0,0
0.12724305,0,1
0.1277431,0,0
0.1282429,0,1
0.12874295,0,0
0.12924305,0,1
0.12974285,0,0
0.13024265,0,1
0.1307427,0,0
0.1312426,0,1
0.1317425,0,0
0.1322423,0,1
0.13274235,0,0
0.13324215,0,1
0.13374225,0,0
0.1342419,0,1
0.134742,0,0
0.1352418,0,1
0.1357419,0,0
0.13624175,0,1
0.13674185,0,0
0.13724165,0,1
0.1377417,0,0
0.1382415,0,1
0.13874155,0,0
0.1392414,0,1
0.1397414,0,0
0.1402412,0,1
0.14074125,0,0
0.14124105,0,1
0.14174115,0,0
0.14224095,0,1
0.142741,0,0
0.1432408,0,1
0.14374085,0,0
0.14424065,0,1
0.1447411,0,0
0.14524065,0,1
0.14574105,0,0
0.14624055,0,1
0.14674085,0,0
0.14723975,0,1
0.1477404,0,0
0.1482403,0,1
0.14874005,0,0
0.14923995,0,1
0.14974025,0,0
0.1502398,0,1
0.1507397,0,0
0.1512396,0,1
0.1517396,0,0
0.15223945,0,1
0.15273935,0,0
0.1532391,0,1
0.1537394,0,0
0.15423885,0,1
0.15473925,0,0
0.1552392,0,1
0.1557389,0,0
0.1562389,0,1
0.1567386,0,0
0.15723845,0,1
0.15773825,0,0
0.15823815,0,1
0.1587382,0,0
0.15923835,0,1
0.159738,0,0
0.16023795,0,1
0.1607377,0,0
0.1612375,0,1
0.16173775,0,0
0.16223765,0,1
0.16273725,0,0
0.1632374,0,1
0.163737,0,0
0.1642366,0,1
0.1647366,0,0
0.1652365,0,1
0.1657365,0,0
0.16623635,0,1
0.16673615,0,0
0.1672359,0,1
0.16773615,0,0
0.16823565,0,1
0.1687359,0,0
0.1692358,0,1
0.1697354,0,0
0.17023545,0,1
0.17073515,0,0
0.1712349,0,1
0.17173475,0,0
0.1722347,0,1
0.172735,0,0
0.17323455,0,1
0.17373495,0,0
0.1742344,0,1
0.1747347,0,0
0.17523425,0,1
0.1757343,0,0
0.17623405,0,1
0.17673415,0,0
0.17723395,0,1
0.177734,0,0
0.17823415,0,1
0.17873365,0,0
0.1792329,0,1
0.17973335,0,0
0.18023325,0,1
0.18073325,0,0
0.1812332,0,1
0.1817331,0,0
0.18223285,0,1
0.1827331,0,0
0.18323255,0,1
0.1837329,0,0
0.18423225,0,1
0.1847321,0,0
0.18523195,0,1
0.18573195,0,0
0.18623205,0,1
0.18673155,0,0
0.18723135,0,1
0.18773135,0,0
0.18823125,0,1
0.1887312,0,0
0.189231,0,1
0.18973125,0,0
0.1902307,0,1
0.1907307,0,0
0.19123045,0,1
0.1917303,0,0
0.1922302,0,1
0.1927306,0,0
0.1932299,0,1
0.1937298,0,0
0.19422955,0,1
0.19472955,0,0
0.19522945,0,1
0.19572945,0,0
0.1962293,0,1
0.1967292,0,0
0.1972289,0,1
0.19772915,0,0
0.19822865,0,1
0.198729,0,0
0.1992284,0,1
0.1997283,0,0
0.2002282,0,1
0.2007282,0,0
0.2012284,0,1
0.20172795,0,0
0.20222785,0,1
0.2027279,0,0
0.2032278,0,1
0.2037277,0,0
0.20422745,0,1
0.2047277,0,0
0.2052272,0,1
0.20572765,0,0
0.20622705,0,1
0.2067271,0,0
0.2072269,0,1
0.20772695,0,0
0.2082271,0,1
0.2087267,0,0
0.20922595,0,1
0.2097265,0,0
0.21022645,0,1
0.21072645,0,0
0.21122635,0,1
0.2117263,0,0
0.21222605,0,1
0.21272635,0,0
0.2132259,0,1
0.2137263,0,0
0.21422575,0,1
0.21472565,0,0
0.21522595,0,1
0.2157256,0,0
0.21622535,0,1
0.2167253,0,0
0.21722565,0,1
0.21772535,0,0
0.21822515,0,1
0.2187256,0,0
0.21922505,0,1
0.2197253,0,0
0.22022485,0,1
0.2207253,0,0
0.2212247,0,1
0.22172475,0,0
0.2222245,0,1
0.2227245,0,0
0.22322465,0,1
0.22372415,0,0
0.2242239,0,1
0.22472395,0,0
0.2252238,0,1
0.22572385,0,0
0.22622375,0,1
0.2267236,0,0
0.22722335,0,1
0.2277236,0,0
0.2282231,0,1
0.22872315,0,0
0.2292229,0,1
0.2297228,0,0
0.2302231,0,1
0.2307227,0,0
0.2312225,0,1
0.2317224,0,0
0.2322223,0,1
0.23272225,0,0
0.2332221,0,1
0.2337219,0,0
0.23422165,0,1
0.2347218,0,0
0.23522125,0,1
0.2357215,0,0
0.2362208,0,1
0.23672075,0,0
0.23722075,0,1
0.23772045,0,0
0.23822025,0,1
0.23872015,0,0
0.23921995,0,1
0.23971995,0,0
0.2402199,0,1
0.2407199,0,0
0.2412198,0,1
0.2417197,0,0
0.2422195,0,1
0.2427198,0,0
0.2432193,0,1
0.24371935,0,0
0.2442191,0,1
0.24471895,0,0
0.2452192,0,1
0.24571885,0,0
0.2462186,0,1
0.24671845,0,0
0.2472183,0,1
0.24771855,0,0
0.24821805,0,1
0.2487184,0,0
0.24921775,0,1
0.249718,0,0
0.2502175,0,1
0.25071785,0,0
0.25121725,0,1
0.2517171,0,0
0.25221695,0,1
0.2527169,0,0
0.253217,0,1
0.25371645,0,0
0.2542162,0,1
0.2547162,0,0
0.25521605,0,1
0.2557161,0,0
0.256216,0,1
0.25671585,0,0
0.25721555,0,1
0.2577158,0,0
0.2582153,0,1
0.2587153,0,0
0.2592151,0,1
0.259715,0,0
0.26021485,0,1
0.26071485,0,0
0.26121495,0,1
0.2617145,0,0
0.26221435,0,1
0.26271455,0,0
0.26321405,0,1
0.26371435,0,0
0.26421425,0,1
0.2647139,0,0
0.26521365,0,1
0.26571385,0,0
0.2662137,0,1
0.26671325,0,0
0.2672131,0,1
0.2677133,0,0
0.2682127,0,1
0.2687126,0,0
0.2692123,0,1
0.2697123,0,0
0.27021215,0,1
0.27071215,0,0
0.27121205,0,1
0.27171185,0,0
0.27221165,0,1
0.2727119,0,0
0.2732114,0,1
0.27371145,0,0
0.2742112,0,1
0.27471125,0,0
0.275211,0,1
0.275711,0,0
0.27621115,0,1
0.27671065,0,0
0.2772105,0,1
0.2777105,0,0
0.27821035,0,1
0.27871025,0,0
0.27921,0,1
0.2797102,0,0
0.28020975,0,1
0.28070975,0,0
0.28120945,0,1
0.2817094,0,0
0.2822091,0,1
0.2827091,0,0
0.28320925,0,1
0.28370875,0,0
0.28420845,0,1
0.28470845,0,0
0.2852083,0,1
0.2857083,0,0
0.2862082,0,1
0.28670805,0,0
0.2872078,0,1
0.287708,0,0
0.2882075,0,1
0.2887078,0,0
0.28920715,0,1
0.28970715,0,0
0.29020725,0,1
0.2907069,0,0
0.29120665,0,1
0.2917065,0,0
0.29220675,0,1
0.2927064,0,0
0.2932062,0,1
0.2937066,0,0
0.294206,0,1
0.29470625,0,0
0.29520575,0,1
0.2957058,0,0
0.2962055,0,1
0.2967055,0,0
0.29720515,0,1
0.2977051,0,0
0.2982052,0,1
0.29870465,0,0
0.2992044,0,1
0.2997044,0,0
0.30020425,0,1
0.3007043,0,0
0.3012042,0,1
0.30170415,0,0
0.30220385,0,1
0.30270405,0,0
0.30320355,0,1
0.3037039,0,0
0.30420325,0,1
0.30470305,0,0
0.30520295,0,1
0.3057029,0,0
0.306203,0,1
0.3067025,0,0
0.30720235,0,1
0.30770235,0,0
0.3082022,0,1
0.30870205,0,0
0.30920175,0,1
0.30970195,0,0
0.31020145,0,1
0.3107018,0,0
0.31120115,0,1
0.31170115,0,0
0.3122009,0,1
0.31270085,0,0
0.31320095,0,1
0.31370045,0,0
0.31420015,0,1
0.31470015,0,0
0.3152,0,1
0.31570025,0,0
0.31619975,0,1
0.31670015,0,0
0.3171995,0,1
0.31769975,0,0
0.3181992,0,1
0.3186996,0,0
0.31919895,0,1
0.3196988,0,0
0.32019865,0,1
0.32069865,0,0
0.3211988,0,1
0.3216983,0,0
0.3221982,0,1
0.3226982,0,0
0.3231981,0,1
0.323698,0,0
0.32419775,0,1
0.32469805,0,0
0.3251976,0,1
0.32569795,0,0
0.32619735,0,1
0.32669735,0,0
0.32719705,0,1
0.32769705,0,0
0.3281972,0,1
0.3286967,0,0
0.32919595,0,1
0.3296965,0,0
0.33019635,0,1
0.3306964,0,0
0.3311963,0,1
0.3316962,0,0
0.33219595,0,1
0.33269615,0,0
0.3331957,0,1
0.3336961,0,0
0.33419555,0,1
0.33469545,0,0
0.33519575,0,1
0.3356954,0,0
0.3361952,0,1
0.33669515,0,0
0.3371953,0,1
0.33769505,0,0
0.33819485,0,1
0.3386953,0,0
0.33919475,0,1
0.339695,0,0
0.34019445,0,1
0.3406945,0,0
0.3411942,0,1
0.34169455,0,0
0.3421939,0,1
0.3426941,0,0
0.34319355,0,1
0.3436934,0,0
0.34419315,0,1
0.34469315,0,0
0.345193,0,1
0.345693,0,0
0.3461928,0,1
0.3466926,0,0
0.3471923,0,1
0.3476925,0,0
0.34819195,0,1
0.34869195,0,0
0.3491917,0,1
0.34969155,0,0
0.3501918,0,1
0.3506914,0,0
0.3511911,0,1
0.35169095,0,0
0.3521908,0,1
0.35269075,0,0
0.35319055,0,1
0.3536904,0,0
0.35419015,0,1
0.3546904,0,0
0.35518985,0,1
0.3556902,0,0
0.35618955,0,1
0.35668935,0,0
0.3571892,0,1
0.35768915,0,0
0.35818925,0,1
0.3586887,0,0
0.35918845,0,1
0.35968845,0,0
0.3601883,0,1
0.3606883,0,0
0.36118815,0,1
0.361688,0,0
0.36218775,0,1
0.36268795,0,0
0.3631874,0,1
0.36368735,0,0
0.36418705,0,1
0.36468695,0,0
0.36518715,0,1
0.3656868,0,0
0.36618655,0,1
0.36668645,0,0
0.3671863,0,1
0.36768625,0,0
0.36818615,0,1
0.36868605,0,0
0.3691858,0,1
0.36968605,0,0
0.3701855,0,1
0.37068585,0,0
0.37118525,0,1
0.37168515,0,0
0.372185,0,1
0.372685,0,0
0.3731851,0,1
0.37368465,0,0
0.3741844,0,1
0.3746844,0,0
0.37518425,0,1
0.3756842,0,0
0.376184,0,1
0.37668385,0,0
0.3771836,0,1
0.37768395,0,0
0.37818335,0,1
0.37868335,0,0
0.3791832,0,1
0.37968325,0,0
0.3801827,0,1
0.3806828,0,0
0.3811824,0,1
0.3816824,0,0
0.38218205,0,1
0.38268205,0,0
0.3831818,0,1
0.38368185,0,0
0.38418165,0,1
0.38468165,0,0
0.38518145,0,1
0.38568145,0,0
0.3861812,0,1
0.3866812,0,0
0.38718095,0,1
0.387681,0,0
0.3881808,0,1
0.3886808,0,0
0.38918055,0,1
0.38968055,0,0
0.39018035,0,1
0.3906804,0,0
0.39118025,0,1
0.3916803,0,0
0.39218005,0,1
0.3926801,0,0
0.39317985,0,1
0.3936799,0,0
0.39417965,0,1
0.39467965,0,0
0.3951794,0,1
0.3956794,0,0
0.39617915,0,1
0.39667915,0,0
0.3971789,0,1
0.39767895,0,0
0.3981787,0,1
0.39867875,0,0
0.39917855,0,1
0.3996786,0,0
0.40017835,0,1
0.4006784,0,0
0.40117815,0,1
0.4016782,0,0
0.40217795,0,1
0.40267795,0,0
0.40317775,0,1
0.4036778,0,0
0.40417765,0,1
0.40467765,0,0
0.4051774,0,1
0.40567745,0,0
0.40617725,0,1
0.40667725,0,0
0.40717705,0,1
0.4076771,0,0
0.4081769,0,1
0.40867695,0,0
0.40917675,0,1
0.40967685,0,0
0.4101767,0,1
0.41067675,0,0
0.41117655,0,1
0.4116766,0,0
0.41217645,0,1
0.4126765,0,0
0.41317635,0,1
0.41367645,0,0
0.4141763,0,1
0.4146764,0,0
0.4151762,0,1
0.4156763,0,0
0.4161761,0,1
0.41667615,0,0
0.4171759,0,1
0.4176759,0,0
0.4181757,0,1
0.4186757,0,0
0.41917545,0,1
0.4196755,0,0
0.42017525,0,1
0.4206753,0,0
0.4211751,0,1
0.42167515,0,0
0.4221749,0,1
0.4226749,0,0
0.4231747,0,1
0.4236747,0,0
0.4241745,0,1
0.42467455,0,0
0.4251743,0,1
0.42567435,0,0
0.4261741,0,1
0.42667415,0,0
0.42717385,0,1
0.42767385,0,0
0.4281736,0,1
0.42867365,0,0
0.4291734,0,1
0.4296734,0,0
0.4301732,0,1
0.43067315,0,0
0.4311729,0,1
0.43167295,0,0
0.4321727,0,1
0.43267275,0,0
0.4331725,0,1
0.4336725,0,0
0.4341723,0,1
0.43467235,0,0
0.43517215,0,1
0.43567215,0,0
0.43617195,0,1
0.436672,0,0
0.4371718,0,1
0.43767185,0,0
0.43817165,0,1
0.4386717,0,0
0.43917145,0,1
0.43967145,0,0
0.44017125,0,1
0.4406713,0,0
0.4411711,0,1
0.44167115,0,0
0.44217095,0,1
0.44267095,0,0
0.44317075,0,1
0.44367075,0,0
0.44417055,0,1
0.44467065,0,0
0.44517035,0,1
0.4456704,0,0
0.44617015,0,1
0.4466702,0,0
0.44716995,0,1
0.44767,0,0
0.4481698,0,1
0.4486698,0,0
0.4491696,0,1
0.44966965,0,0
0.4501694,0,1
0.4506694,0,0
0.4511692,0,1
0.4516692,0,0
0.45216905,0,1
0.4526691,0,0
0.4531689,0,1
0.4536689,0,0
0.4541687,0,1
0.4546687,0,0
0.45516845,0,1
0.45566855,0,0
0.45616835,0,1
0.4566684,0,0
0.45716815,0,1
0.4576682,0,0
0.458168,0,1
0.45866805,0,0
0.45916785,0,1
0.4596679,0,0
0.4601677,0,1
0.46066775,0,0
0.46116755,0,1
0.46166765,0,0
0.46216745,0,1
0.4626675,0,0
0.46316735,0,1
0.4636674,0,0
0.46416715,0,1
0.4646672,0,0
0.465167,0,1
0.46566705,0,0
0.46616685,0,1
0.46666685,0,0
0.46716665,0,1
0.46766665,0,0
0.4681665,0,1
0.46866655,0,0
0.46916635,0,1
0.4696664,0,0
0.4701662,0,1
0.47066625,0,0
0.47116605,0,1
0.4716661,0,0
0.47216585,0,1
0.47266585,0,0
0.47316565,0,1
0.47366565,0,0
0.47416545,0,1
0.4746655,0,0
0.4751653,0,1
0.4756654,0,0
0.4761652,0,1
0.4766653,0,0
0.47716515,0,1
0.4776652,0,0
0.47816505,0,1
0.4786651,0,0
0.4791649,0,1
0.4796649,0,0
0.4801647,0,1
0.48066475,0,0
0.48116455,0,1
0.4816646,0,0
0.4821644,0,1
0.48266445,0,0
0.4831642,0,1
0.48366415,0,0
0.48416395,0,1
0.48466405,0,0
0.48516385,0,1
0.4856639,0,0
0.4861637,0,1
0.4866637,0,0
0.48716355,0,1
0.4876636,0,0
0.4881634,0,1
0.4886635,0,0
0.4891633,0,1
0.4896634,0,0
0.4901632,0,1
0.4906633,0,0
0.4911631,0,1
0.4916632,0,0
0.492163,0,1
0.49266305,0,0
0.4931628,0,1
0.49366285,0,0
0.4941626,0,1
0.4946626,0,0
0.49516235,0,1
0.49566235,0,0
0.49616215,0,1
0.49666215,0,0
0.49716195,0,1
0.49766195,0,0
0.4981617,0,1
0.49866175,0,0
0.4991616,0,1
0.49966165,0,0
0.50016145,0,1
0.50066145,0,0
0.5011612,0,1
0.5016612,0,0
0.502161,0,1
0.502661,0,0
0.5031608,0,1
0.50366085,0,0
0.50416055,0,1
0.50466055,0,0
0.5051603,0,1
0.5056603,0,0
0.50616005,0,1
0.50666005,0,0
0.50715985,0,1
0.50765985,0,0
0.5081596,0,1
0.5086596,0,0
0.5091593,0,1
0.50965935,0,0
0.51015905,0,1
0.5106591,0,0
0.51115885,0,1
0.51165885,0,0
0.51215865,0,1
0.51265865,0,0
0.51315845,0,1
0.51365845,0,0
0.51415825,0,1
0.5146583,0,0
0.51515805,0,1
0.5156581,0,0
0.5161579,0,1
0.51665795,0,0
0.5171577,0,1
0.5176577,0,0
0.51815745,0,1
0.51865745,0,0
0.51915715,0,1
0.5196572,0,0
0.52015695,0,1
0.52065695,0,0
0.52115675,0,1
0.5216568,0,0
0.52215665,0,1
0.5226567,0,0
0.5231565,0,1
0.5236566,0,0
0.52415635,0,1
0.5246564,0,0
0.5251562,0,1
0.52565625,0,0
0.526156,0,1
0.52665605,0,0
0.52715585,0,1
0.5276559,0,0
0.5281557,0,1
0.5286558,0,0
0.5291556,0,1
0.52965565,0,0
0.53015545,0,1
0.53065555,0,0
0.53115535,0,1
0.5316554,0,0
0.5321552,0,1
0.53265525,0,0
0.533155,0,1
0.53365505,0,0
0.53415485,0,1
0.5346549,0,0
0.53515465,0,1
0.53565465,0,0
0.5361545,0,1
0.5366546,0,0
0.53715445,0,1
0.5376545,0,0
0.5381543,0,1
0.5386543,0,0
0.5391541,0,1
0.53965415,0,0
0.54015395,0,1
0.54065395,0,0
0.54115375,0,1
0.5416538,0,0
0.5421536,0,1
0.54265365,0,0
0.5431534,0,1
0.54365345,0,0
0.5441532,0,1
0.54465325,0,0
0.54515305,0,1
0.5456531,0,0
0.5461529,0,1
0.54665295,0,0
0.54715275,0,1
0.54765275,0,0
0.5481525,0,1
0.5486525,0,0
0.54915225,0,1
0.54965225,0,0
0.550152,0,1
0.55065195,0,0
0.55115175,0,1
0.55165175,0,0
0.5521515,0,1
0.5526515,0,0
0.55315125,0,1
0.55365125,0,0
0.55415095,0,1
0.55465095,0,0
0.55515065,0,1
0.55565065,0,0
0.55615035,0,1
0.5566503,0,0
0.55715,0,1
0.55765,0,0
0.5581497,0,1
0.5586497,0,0
0.55914945,0,1
0.55964945,0,0
0.56014915,0,1
0.5606491,0,0
0.56114885,0,1
0.56164885,0,0
0.56214855,0,1
0.56264855,0,0
0.5631483,0,1
0.5636483,0,0
0.56414805,0,1
0.56464805,0,0
0.56514775,0,1
0.56564775,0,0
0.56614745,0,1
0.56664745,0,0
0.5671472,0,1
0.56764715,0,0
0.56814685,0,1
0.5686468,0,0
0.56914655,0,1
0.56964645,0,0
0.5701462,0,1
0.57064615,0,0
0.57114595,0,1
0.57164585,0,0
0.5721456,0,1
0.5726456,0,0
0.5731453,0,1
0.5736453,0,0
0.57414505,0,1
0.57464505,0,0
0.57514485,0,1
0.57564485,0,0
0.5761446,0,1
0.57664455,0,0
0.57714425,0,1
0.57764425,0,0
0.57814395,0,1
0.57864395,0,0
0.5791437,0,1
0.5796437,0,0
0.5801434,0,1
0.5806434,0,0
0.58114315,0,1
0.5816432,0,0
0.58214295,0,1
0.5826429,0,0
0.5831427,0,1
0.58364265,0,0
0.5841424,0,1
0.58464245,0,0
0.58514225,0,1
0.58564235,0,0
0.5861421,0,1
0.58664215,0,0
0.5871419,0,1
0.58764195,0,0
0.5881417,0,1
0.58864175,0,0
0.58914155,0,1
0.58964155,0,0
0.59014135,0,1
0.5906413,0,0
0.591141,0,1
0.59164095,0,0
0.59214075,0,1
0.59264075,0,0
0.59314045,0,1
0.5936404,0,0
0.59414015,0,1
0.5946401,0,0
0.5951398,0,1
0.5956397,0,0
0.5961394,0,1
0.59663935,0,0
0.5971391,0,1
0.5976391,0,0
0.59813885,0,1
0.59863885,0,0
0.5991386,0,1
0.59963855,0,0
0.60013825,0,1
0.6006382,0,0
0.60113795,0,1
0.6016379,0,0
0.60213765,0,1
0.60263765,0,0
0.60313745,0,1
0.6036375,0,0
0.60413725,0,1
0.60463725,0,0
0.605137,0,1
0.60563705,0,0
0.60613675,0,1
0.60663675,0,0
0.60713645,0,1
0.60763645,0,0
0.60813615,0,1
0.6086361,0,0
0.6091358,0,1
0.6096358,0,0
0.6101356,0,1
0.6106357,0,0
0.61113555,0,1
0.6116356,0,0
0.6121354,0,1
0.61263545,0,0
0.61313525,0,1
0.6136353,0,0
0.61413505,0,1
0.6146351,0,0
0.6151349,0,1
0.61563495,0,0
0.61613475,0,1
0.6166348,0,0
0.61713465,0,1
0.6176347,0,0
0.61813455,0,1
0.61863465,0,0
0.6191345,0,1
0.61963455,0,0
0.6201343,0,1
0.62063435,0,0
0.62113415,0,1
0.62163425,0,0
0.62213405,0,1
0.62263415,0,0
0.623134,0,1
0.62363405,0,0
0.6241339,0,1
0.62463395,0,0
0.62513375,0,1
0.6256338,0,0
0.6261336,0,1
0.6266337,0,0
0.6271335,0,1
0.62763355,0,0
0.62813335,0,1
0.62863345,0,0
0.62913325,0,1
0.6296333,0,0
0.6301331,0,1
0.63063315,0,0
0.6311329,0,1
0.63163285,0,0
0.63213265,0,1
0.63263265,0,0
0.63313245,0,1
0.63363245,0,0
0.6341322,0,1
0.6346322,0,0
0.635132,0,1
0.635632,0,0
0.63613175,0,1
0.6366317,0,0
0.6371315,0,1
0.6376315,0,0
0.63813125,0,1
0.63863125,0,0
0.63913095,0,1
0.63963095,0,0
0.64013075,0,1
0.6406308,0,0
0.6411306,0,1
0.6416306,0,0
0.6421304,0,1
0.64263045,0,0
0.6431303,0,1
0.64363035,0,0
0.64413015,0,1
0.6446302,0,0
0.64513005,0,1
0.6456301,0,0
0.64612995,0,1
0.64663,0,0
0.64712975,0,1
0.6476298,0,0
0.6481296,0,1
0.64862965,0,0
0.6491294,0,1
0.64962945,0,0
0.65012925,0,1
0.6506293,0,0
0.6511291,0,1
0.6516291,0,0
0.6521289,0,1
0.65262885,0,0
0.65312865,0,1
0.65362865,0,0
0.6541284,0,1
0.65462845,0,0
0.6551282,0,1
0.6556282,0,0
0.65612795,0,1
0.65662795,0,0
0.65712775,0,1
0.65762775,0,0
0.65812755,0,1
0.65862755,0,0
0.6591273,0,1
0.6596273,0,0
0.66012705,0,1
0.6606271,0,0
0.66112695,0,1
0.661627,0,0
0.6621268,0,1
0.66262685,0,0
0.6631267,0,1
0.66362675,0,0
0.6641266,0,1
0.6646266,0,0
0.6651264,0,1
0.6656264,0,0
0.6661262,0,1
0.66662625,0,0
0.66712605,0,1
0.6676261,0,0
0.66812585,0,1
0.6686259,0,0
0.6691257,0,1
0.66962575,0,0
0.67012555,0,1
0.67062555,0,0
0.6711253,0,1
0.6716253,0,0
0.6721251,0,1
0.6726251,0,0
0.67312485,0,1
0.6736248,0,0
0.6741245,0,1
0.6746245,0,0
0.67512425,0,1
0.67562425,0,0
0.67612395,0,1
0.67662395,0,0
0.6771237,0,1
0.6776237,0,0
0.67812345,0,1
0.67862345,0,0
0.6791232,0,1
0.67962315,0,0
0.68012295,0,1
0.680623,0,0
0.6811228,0,1
0.6816228,0,0
0.6821226,0,1
0.68262265,0,0
0.6831225,0,1
0.68362255,0,0
0.68412235,0,1
0.6846224,0,0
0.68512215,0,1
0.6856222,0,0
0.686122,0,1
0.686622,0,0
0.6871218,0,1
0.6876218,0,0
0.68812155,0,1
0.6886216,0,0
0.6891214,0,1
0.68962145,0,0
0.69012125,0,1
0.6906213,0,0
0.69112115,0,1
0.6916212,0,0
0.692121,0,1
0.692621,0,0
0.6931208,0,1
0.69362085,0,0
0.6941206,0,1
0.69462065,0,0
0.6951204,0,1
0.69562045,0,0
0.69612025,0,1
0.69662025,0,0
0.69712,0,1
0.69762,0,0
0.69811975,0,1
0.6986198,0,0
0.69911955,0,1
0.6996196,0,0
0.7001194,0,1
0.70061945,0,0
0.7011192,0,1
0.70161925,0,0
0.702119,0,1
0.7026191,0,0
0.70311895,0,1
0.703619,0,0
0.7041188,0,1
0.7046188,0,0
0.70511855,0,1
0.70561855,0,0
0.70611835,0,1
0.70661835,0,0
0.70711815,0,1
0.70761815,0,0
0.70811795,0,1
0.708618,0,0
0.7091178,0,1
0.70961785,0,0
0.71011765,0,1
0.7106177,0,0
0.7111175,0,1
0.71161745,0,0
0.7121172,0,1
0.71261725,0,0
0.71311705,0,1
0.713617,0,0
0.71411675,0,1
0.7146168,0,0
0.71511655,0,1
0.7156166,0,0
0.71611645,0,1
0.7166165,0,0
0.7171163,0,1
0.7176163,0,0
0.71811605,0,1
0.7186161,0,0
0.7191159,0,1
0.71961595,0,0
0.72011575,0,1
0.72061575,0,0
0.7211156,0,1
0.72161565,0,0
0.7221155,0,1
0.72261555,0,0
0.7231154,0,1
0.72361545,0,0
0.72411525,0,1
0.7246153,0,0
0.7251151,0,1
0.72561515,0,0
0.7261149,0,1
0.72661495,0,0
0.72711475,0,1
0.72761475,0,0
0.7281145,0,1
0.72861455,0,0
0.7291143,0,1
0.7296143,0,0
0.73011405,0,1
0.7306141,0,0
0.7311139,0,1
0.731614,0,0
0.7321138,0,1
0.73261385,0,0
0.73311365,0,1
0.7336137,0,0
0.73411345,0,1
0.7346135,0,0
0.7351133,0,1
0.73561335,0,0
0.7361131,0,1
0.73661315,0,0
0.7371129,0,1
0.7376129,0,0
0.7381127,0,1
0.7386127,0,0
0.73911245,0,1
0.73961245,0,0
0.74011225,0,1
0.74061225,0,0
0.74111205,0,1
0.74161205,0,0
0.7421118,0,1
0.7426118,0,0
0.74311155,0,1
0.7436116,0,0
0.7441114,0,1
0.74461145,0,0
0.74511125,0,1
0.74561125,0,0
0.74611105,0,1
0.7466111,0,0
0.74711085,0,1
0.7476109,0,0
0.7481107,0,1
0.74861075,0,0
0.7491105,0,1
0.7496105,0,0
0.75011025,0,1
0.75061025,0,0
0.75110995,0,1
0.75160995,0,0
0.7521097,0,1
0.7526097,0,0
0.7531094,0,1
0.7536094,0,0
0.75410915,0,1
0.75460915,0,0
0.7551089,0,1
0.7556089,0,0
0.7561086,0,1
0.75660865,0,0
0.75710845,0,1
0.7576085,0,0
0.7581083,0,1
0.75860825,0,0
0.759108,0,1
0.75960795,0,0
0.7601077,0,1
0.76060775,0,0
0.76110755,0,1
0.7616076,0,0
0.76210735,0,1
0.76260735,0,0
0.76310715,0,1
0.7636071,0,0
0.76410685,0,1
0.76460685,0,0
0.7651066,0,1
0.7656066,0,0
0.76610635,0,1
0.76660635,0,0
0.767106,0,1
0.76760595,0,0
0.7681057,0,1
0.7686057,0,0
0.7691055,0,1
0.7696055,0,0
0.7701053,0,1
0.7706053,0,0
0.7711051,0,1
0.77160505,0,0
0.7721048,0,1
0.7726048,0,0
0.77310455,0,1
0.77360455,0,0
0.7741043,0,1
0.77460425,0,0
0.775104,0,1
0.77560405,0,0
0.77610385,0,1
0.77660385,0,0
0.7771036,0,1
0.77760365,0,0
0.7781034,0,1
0.7786034,0,0
0.77910315,0,1
0.7796032,0,0
0.780103,0,1
0.780603,0,0
0.7811028,0,1
0.7816028,0,0
0.7821026,0,1
0.7826026,0,0
0.78310235,0,1
0.78360235,0,0
0.78410215,0,1
0.78460215,0,0
0.7851019,0,1
0.7856019,0,0
0.78610165,0,1
0.78660165,0,0
0.7871014,0,1
0.78760145,0,0
0.7881012,0,1
0.7886013,0,0
0.78910105,0,1
0.78960105,0,0
0.7901008,0,1
0.7906008,0,0
0.79110055,0,1
0.79160055,0,0
0.7921003,0,1
0.7926003,0,0
0.7931001,0,1
0.79360015,0,0
0.7940999,0,1
0.79459995,0,0
0.7950997,0,1
0.79559975,0,0
0.7960995,0,1
0.79659955,0,0
0.79709935,0,1
0.79759935,0,0
0.79809915,0,1
0.7985992,0,0
0.79909895,0,1
0.79959895,0,0
0.8000987,0,1
0.8005987,0,0
0.80109855,0,1
0.80159855,0,0
0.80209835,0,1
0.8025984,0,0
0.80309815,0,1
0.80359815,0,0
0.8040979,0,1
0.80459785,0,0
0.8050976,0,1
0.8055976,0,0
0.8060974,0,1
0.8065974,0,0
0.80709715,0,1
0.80759715,0,0
0.8080969,0,1
0.80859695,0,0
0.8090967,0,1
0.80959675,0,0
0.81009655,0,1
0.81059655,0,0
0.81109635,0,1
0.81159635,0,0
0.81209615,0,1
0.81259615,0,0
0.8130959,0,1
0.81359595,0,0
0.81409575,0,1
0.8145958,0,0
0.81509555,0,1
0.8155956,0,0
0.81609535,0,1
0.8165954,0,0
0.81709525,0,1
0.81759525,0,0
0.81809505,0,1
0.8185951,0,0
0.8190949,0,1
0.81959495,0,0
0.8200948,0,1
0.8205949,0,0
0.82109475,0,1
0.8215948,0,0
0.82209455,0,1
0.82259465,0,0
0.82309445,0,1
0.8235945,0,0
0.8240943,0,1
0.8245943,0,0
0.8250941,0,1
0.82559415,0,0
0.82609395,0,1
0.826594,0,0
0.82709375,0,1
0.82759375,0,0
0.82809355,0,1
0.82859355,0,0
0.82909335,0,1
0.82959335,0,0
0.83009315,0,1
0.8305932,0,0
0.831093,0,1
0.83159305,0,0
0.83209285,0,1
0.8325929,0,0
0.8330927,0,1
0.83359275,0,0
0.83409255,0,1
0.8345926,0,0
0.83509235,0,1
0.83559235,0,0
0.83609215,0,1
0.8365922,0,0
0.83709205,0,1
0.83759205,0,0
0.8380919,0,1
0.838592,0,0
0.8390918,0,1
0.8395918,0,0
0.8400916,0,1
0.8405916,0,0
0.8410914,0,1
0.84159145,0,0
0.84209135,0,1
0.8425914,0,0
0.8430912,0,1
0.8435913,0,0
0.8440911,0,1
0.8445911,0,0
0.8450909,0,1
0.8455909,0,0
0.84609065,0,1
0.84659065,0,0
0.84709045,0,1
0.84759045,0,0
0.8480903,0,1
0.84859035,0,0
0.8490901,0,1
0.84959015,0,0
0.85008995,0,1
0.85059,0,0
0.8510898,0,1
0.8515899,0,0
0.8520898,0,1
0.85258985,0,0
0.85308965,0,1
0.8535897,0,0
0.8540895,0,1
0.8545896,0,0
0.8550894,0,1
0.85558945,0,0
0.8560893,0,1
0.8565894,0,0
0.8570892,0,1
0.85758925,0,0
0.85808905,0,1
0.8585891,0,0
0.8590889,0,1
0.859589,0,0
0.8600888,0,1
0.86058885,0,0
0.86108865,0,1
0.8615887,0,0
0.86208855,0,1
0.8625886,0,0
0.86308845,0,1
0.86358855,0,0
0.8640884,0,1
0.86458845,0,0
0.86508825,0,1
0.86558835,0,0
0.8660881,0,1
0.86658815,0,0
0.86708795,0,1
0.86758795,0,0
0.86808775,0,1
0.8685878,0,0
0.8690876,0,1
0.8695876,0,0
0.8700874,0,1
0.8705874,0,0
0.87108715,0,1
0.87158715,0,0
0.8720869,0,1
0.8725869,0,0
0.8730867,0,1
0.8735867,0,0
0.8740865,0,1
0.87458655,0,0
0.8750864,0,1
0.8755864,0,0
0.8760862,0,1
0.8765862,0,0
0.87708595,0,1
0.877586,0,0
0.8780858,0,1
0.87858585,0,0
0.8790856,0,1
0.87958565,0,0
0.8800854,0,1
0.88058545,0,0
0.88108525,0,1
0.88158525,0,0
0.88208505,0,1
0.8825851,0,0
0.8830849,0,1
0.88358495,0,0
0.88408475,0,1
0.8845848,0,0
0.88508455,0,1
0.88558465,0,0
0.8860844,0,1
0.8865844,0,0
0.8870842,0,1
0.8875842,0,0
0.888084,0,1
0.88858405,0,0
0.88908385,0,1
0.8895839,0,0
0.8900837,0,1
0.89058375,0,0
0.89108355,0,1
0.89158365,0,0
0.8920835,0,1
0.89258355,0,0
0.89308335,0,1
0.8935834,0,0
0.8940832,0,1
0.8945832,0,0
0.895083,0,1
0.89558295,0,0
0.89608265,0,1
0.8965826,0,0
0.8970823,0,1
0.8975823,0,0
0.89808205,0,1
0.8985821,0,0
0.8990819,0,1
0.899582,0,0
0.90008185,0,1
0.9005819,0,0
0.9010817,0,1
0.9015818,0,0
0.9020816,0,1
0.90258165,0,0
0.90308145,0,1
0.9035815,0,0
0.90408125,0,1
0.9045813,0,0
0.9050811,0,1
0.90558115,0,0
0.90608095,0,1
0.906581,0,0
0.90708075,0,1
0.90758085,0,0
0.90808065,0,1
0.9085807,0,0
0.90908045,0,1
0.90958045,0,0
0.9100802,0,1
0.91058025,0,0
0.91108,0,1
0.91158,0,0
0.91207975,0,1
0.91257975,0,0
0.91307955,0,1
0.9135796,0,0
0.9140794,0,1
0.91457945,0,0
0.9150793,0,1
0.91557935,0,0
0.91607915,0,1
0.91657925,0,0
0.91707905,0,1
0.9175791,0,0
0.91807895,0,1
0.918579,0,0
0.9190788,0,1
0.91957885,0,0
0.9200787,0,1
0.92057875,0,0
0.9210786,0,1
0.92157855,0,0
0.92207835,0,1
0.92257835,0,0
0.92307815,0,1
0.9235782,0,0
0.92407795,0,1
0.92457805,0,0
0.9250778,0,1
0.92557785,0,0
0.9260776,0,1
0.92657765,0,0
0.92707745,0,1
0.9275775,0,0
0.9280773,0,1
0.92857735,0,0
0.92907715,0,1
0.92957715,0,0
0.93007695,0,1
0.930577,0,0
0.93107675,0,1
0.9315768,0,0
0.9320766,0,1
0.93257665,0,0
0.9330764,0,1
0.93357645,0,0
0.9340762,0,1
0.9345763,0,0
0.9350761,0,1
0.9355762,0,0
0.936076,0,1
0.93657605,0,0
0.9370758,0,1
0.93757585,0,0
0.93807565,0,1
0.9385757,0,0
0.93907545,0,1
0.9395755,0,0
0.9400753,0,1
0.94057535,0,0
0.94107515,0,1
0.9415752,0,0
0.94207495,0,1
0.942575,0,0
0.94307475,0,1
0.9435748,0,0
0.9440746,0,1
0.94457465,0,0
0.94507435,0,1
0.9455744,0,0
0.94607415,0,1
0.94657415,0,0
0.9470739,0,1
0.94757395,0,0
0.94807375,0,1
0.9485737,0,0
0.94907345,0,1
0.94957345,0,0
0.9500732,0,1
0.95057325,0,0
0.95107305,0,1
0.95157305,0,0
0.95207275,0,1
0.95257275,0,0
0.95307255,0,1
0.9535726,0,0
0.95407235,0,1
0.95457245,0,0
0.9550722,0,1
0.9555723,0,0
0.95607205,0,1
0.95657215,0,0
0.95707195,0,1
0.95757195,0,0
0.9580717,0,1
0.9585717,0,0
0.95907145,0,1
0.95957145,0,0
0.96007125,0,1
0.9605713,0,0
0.96107105,0,1
0.9615711,0,0
0.9620709,0,1
0.96257095,0,0
0.96307075,0,1
0.9635708,0,0
0.96407055,0,1
0.96457055,0,0
0.9650703,0,1
0.9655704,0,0
0.96607015,0,1
0.9665702,0,0
0.9670699,0,1
0.96756995,0,0
0.9680697,0,1
0.96856975,0,0
0.9690695,0,1
0.9695695,0,0
0.9700693,0,1
0.97056935,0,0
0.97106915,0,1
0.9715692,0,0
0.972069,0,1
0.9725691,0,0
0.9730689,0,1
0.97356895,0,0
0.9740688,0,1
0.9745689,0,0
0.9750687,0,1
0.97556875,0,0
0.97606855,0,1
0.97656855,0,0
0.97706835,0,1
0.97756845,0,0
0.97806825,0,1
0.97856835,0,0
0.9790682,0,1
0.97956825,0,0
0.98006805,0,1
0.98056815,0,0
0.98106795,0,1
0.981568,0,0
0.98206785,0,1
0.9825679,0,0
0.9830677,0,1
0.98356775,0,0
0.98406755,0,1
0.98456755,0,0
0.98506735,0,1
0.9855674,0,0
0.9860672,0,1
0.98656725,0,0
0.987067,0,1
0.98756705,0,0
0.98806685,0,1
0.9885669,0,0
0.9890667,0,1
0.98956675,0,0
0.9900665,0,1
0.99056655,0,0
0.99106635,0,1
0.9915664,0,0
0.9920662,0,1
0.99256625,0,0
0.99306605,0,1
0.9935661,0,0
0.99406585,0,1
0.99456585,0,0
0.99506565,0,1
0.99556575,0,0
0.99606555,0,1
0.9965656,0,0
0.9970654,0,1
0.9975655,0,0
0.99806535,0,1
0.9985654,0,0
0.99906525,0,1
0.99956535,0,0
1.00006515,0,1
1.0005652,0,0
1.001065,0,1
1.0015651,0,0
1.0020649,0,1
1.00256505,0,0
1.00306495,0,1
1.00356505,0,0
1.00406495,0,1
1.00456505,0,0
1.00506495,0,1
1.0055651,0,0
1.00606495,0,1
1.0065651,0,0
1.0070649,0,1
1.00756495,0,0
1.0080647,0,1
1.00856475,0,0
1.00906455,0,1
1.0095646,0,0
1.01006445,0,1
1.0105645,0,0
1.0110644,0,1
1.0115645,0,0
1.0120644,0,1
1.01256455,0,0
1.0130644,0,1
1.01356455,0,0
1.01406445,0,1
1.01456455,0,0
1.0150644,0,1
1.01556455,0,0
1.0160644,0,1
1.01656455,0,0
1.0170644,0,1
1.0175645,0,0
1.0180644,0,1
1.01856455,0,0
1.0190644,0,1
1.0195645,0,0
1.0200643,0,1
1.0205644,0,0
1.02106425,0,1
1.02156435,0,0
1.02206415,0,1
1.0225643,0,0
1.02306415,0,1
1.02356425,0,0
1.0240641,0,1
1.0245642,0,0
1.0250641,0,1
1.0255642,0,0
1.0260641,0,1
1.0265642,0,0
1.027064,0,1
1.0275641,0,0
1.02806395,0,1
1.0285641,0,0
1.029064,0,1
1.02956405,0,0
1.0300639,0,1
1.03056395,0,0
1.0310638,0,1
1.03156385,0,0
1.0320636,0,1
1.03256365,0,0
1.0330635,0,1
1.0335636,0,0
1.0340634,0,1
1.0345635,0,0
1.03506335,0,1
1.03556345,0,0
1.0360633,0,1
1.03656345,0,0
1.0370633,0,1
1.0375634,0,0
1.03806325,0,1
1.03856335,0,0
1.03906315,0,1
1.03956325,0,0
1.0400631,0,1
1.0405632,0,0
1.0410631,0,1
1.0415632,0,0
1.0420631,0,1
1.0425632,0,0
1.0430631,0,1
1.0435632,0,0
1.0440631,0,1
1.0445632,0,0
1.0450631,0,1
1.04556325,0,0
1.04606315,0,1
1.04656325,0,0
1.0470631,0,1
1.04756315,0,0
1.04806305,0,1
1.04856315,0,0
1.049063,0,1
1.0495631,0,0
1.0500629,0,1
1.050563,0,0
1.05106285,0,1
1.05156295,0,0
1.05206285,0,1
1.05256295,0,0
1.05306285,0,1
1.053563,0,0
1.05406285,0,1
1.05456295,0,0
1.05506285,0,1
1.055563,0,0
1.05606285,0,1
1.056563,0,0
1.0570628,0,1
1.05756295,0,0
1.05806275,0,1
1.05856275,0,0
1.0590626,0,1
1.0595626,0,0
1.0600624,0,1
1.06056245,0,0
1.06106225,0,1
1.0615623,0,0
1.0620621,0,1
1.06256215,0,0
1.06306195,0,1
1.063562,0,0
1.0640618,0,1
1.06456185,0,0
1.0650617,0,1
1.06556175,0,0
1.0660615,0,1
1.0665615,0,0
1.06706125,0,1
1.06756135,0,0
1.06806115,0,1
1.06856115,0,0
1.06906095,0,1
1.069561,0,0
1.0700608,0,1
1.0705608,0,0
1.0710606,0,1
1.07156065,0,0
1.0720604,0,1
1.07256045,0,0
1.07306025,0,1
1.07356035,0,0
1.07406015,0,1
1.07456025,0,0
1.07506005,0,1
1.0755601,0,0
1.0760599,0,1
1.07655995,0,0
1.0770598,0,1
1.07755985,0,0
1.07805965,0,1
1.0785597,0,0
1.0790595,0,1
1.07955955,0,0
1.0800594,0,1
1.08055945,0,0
1.08105925,0,1
1.0815593,0,0
1.08205905,0,1
1.08255905,0,0
1.0830588,0,1
1.0835588,0,0
1.08405855,0,1
1.08455855,0,0
1.0850583,0,1
1.08555835,0,0
1.0860581,0,1
1.0865582,0,0
1.087058,0,1
1.08755805,0,0
1.0880579,0,1
1.088558,0,0
1.0890578,0,1
1.08955785,0,0
1.0900577,0,1
1.09055785,0,0
1.09105765,0,1
1.0915577,0,0
1.0920575,0,1
1.09255755,0,0
1.09305735,0,1
1.0935574,0,0
1.0940572,0,1
1.0945573,0,0
1.0950571,0,1
1.09555715,0,0
1.09605695,0,1
1.096557,0,0
1.0970568,0,1
1.09755685,0,0
1.0980566,0,1
1.0985566,0,0
1.09905635,0,1
1.09955635,0,0
1.10005605,0,1
1.10055605,0,0
1.10105575,0,1
1.10155575,0,0
1.1020555,0,1
1.1025555,0,0
1.10305525,0,1
1.1035553,0,0
1.1040551,0,1
1.1045551,0,0
1.1050549,0,1
1.10555495,0,0
1.1060548,0,1
1.10655485,0,0
1.1070547,0,1
1.1075548,0,0
1.10805465,0,1
1.10855475,0,0
1.10905455,0,1
1.1095546,0,0
1.11005445,0,1
1.1105545,0,0
1.1110543,0,1
1.11155435,0,0
1.1120542,0,1
1.1125542,0,0
1.11305405,0,1
1.11355405,0,0
1.11405385,0,1
1.1145539,0,0
1.1150537,0,1
1.1155537,0,0
1.1160535,0,1
1.1165536,0,0
1.1170534,0,1
1.11755345,0,0
1.11805325,0,1
1.11855325,0,0
1.11905305,0,1
1.119553,0,0
1.1200528,0,1
1.12055285,0,0
1.1210527,0,1
1.12155275,0,0
1.12205255,0,1
1.1225526,0,0
1.1230524,0,1
1.1235525,0,0
1.1240523,0,1
1.12455235,0,0
1.12505215,0,1
1.12555225,0,0
1.12605205,0,1
1.12655205,0,0
1.12705185,0,1
1.12755185,0,0
1.1280516,0,1
1.1285516,0,0
1.12905135,0,1
1.1295514,0,0
1.13005115,0,1
1.13055115,0,0
1.13105095,0,1
1.13155095,0,0
1.13205075,0,1
1.13255075,0,0
1.13305055,0,1
1.13355055,0,0
1.1340503,0,1
1.1345503,0,0
1.13505015,0,1
1.1355502,0,0
1.13605,0,1
1.13655005,0,0
1.1370499,0,1
1.13754995,0,0
1.1380498,0,1
1.13854985,0,0
1.1390496,0,1
1.13954965,0,0
1.1400495,0,1
1.14054955,0,0
1.14104935,0,1
1.14154935,0,0
1.14204915,0,1
1.14254915,0,0
1.1430489,0,1
1.14354895,0,0
1.14404875,0,1
1.1445488,0,0
1.1450486,0,1
1.14554865,0,0
1.1460484,0,1
1.14654845,0,0
1.1470482,0,1
1.14754825,0,0
1.148048,0,1
1.148548,0,0
1.1490477,0,1
1.1495477,0,0
1.1500475,0,1
1.15054755,0,0
1.1510473,0,1
1.15154735,0,0
1.15204705,0,1
1.15254705,0,0
1.1530468,0,1
1.15354675,0,0
1.15404655,0,1
1.1545465,0,0
1.15504625,0,1
1.15554625,0,0
1.156046,0,1
1.15654595,0,0
1.1570456,0,1
1.15754555,0,0
1.1580452,0,1
1.15854515,0,0
1.15904485,0,1
1.15954485,0,0
1.1600446,0,1
1.16054455,0,0
1.16104425,0,1
1.1615441,0,0
1.1620438,0,1
1.1625438,0,0
1.1630435,0,1
1.16354345,0,0
1.1640432,0,1
1.16454315,0,0
1.16504285,0,1
1.1655428,0,0
1.1660425,0,1
1.1665424,0,0
1.16704215,0,1
1.16754205,0,0
1.1680417,0,1
1.1685417,0,0
1.16904145,0,1
1.1695414,0,0
1.1700411,0,1
1.17054105,0,0
1.1710407,0,1
1.1715406,0,0
1.17204025,0,1
1.17254015,0,0
1.17303985,0,1
1.1735398,0,0
1.1740395,0,1
1.17453945,0,0
1.17503915,0,1
1.17553915,0,0
1.17603885,0,1
1.1765389,0,0
1.1770386,0,1
1.1775386,0,0
1.1780383,0,1
1.1785383,0,0
1.179038,0,1
1.179538,0,0
1.18003775,0,1
1.18053775,0,0
1.1810375,0,1
1.1815375,0,0
1.18203725,0,1
1.18253725,0,0
1.18303695,0,1
1.18353695,0,0
1.1840367,0,1
1.18453665,0,0
1.1850363,0,1
1.1855363,0,0
1.186036,0,1
1.186536,0,0
1.1870357,0,1
1.1875357,0,0
1.18803545,0,1
1.1885354,0,0
1.18903515,0,1
1.1895352,0,0
1.19003495,0,1
1.1905349,0,0
1.1910347,0,1
1.1915347,0,0
1.19203445,0,1
1.19253445,0,0
1.1930342,0,1
1.19353415,0,0
1.19403385,0,1
1.19453385,0,0
1.1950336,0,1
1.19553355,0,0
1.19603335,0,1
1.19653335,0,0
1.197033,0,1
1.19753295,0,0
1.19803265,0,1
1.1985326,0,0
1.19903235,0,1
1.19953235,0,0
1.20003205,0,1
1.200532,0,0
1.20103175,0,1
1.20153175,0,0
1.2020315,0,1
1.2025315,0,0
1.20303125,0,1
1.2035312,0,0
1.2040309,0,1
1.20453085,0,0
1.2050306,0,1
1.2055306,0,0
1.2060303,0,1
1.20653025,0,0
1.20702995,0,1
1.20752995,0,0
1.2080297,0,1
1.2085296,0,0
1.2090293,0,1
1.2095293,0,0
1.210029,0,1
1.210529,0,0
1.21102875,0,1
1.21152875,0,0
1.2120285,0,1
1.2125285,0,0
1.21302825,0,1
1.2135282,0,0
1.21402795,0,1
1.21452795,0,0
1.2150276,0,1
1.2155276,0,0
1.2160273,0,1
1.2165273,0,0
1.21702705,0,1
1.21752705,0,0
1.21802675,0,1
1.21852675,0,0
1.2190265,0,1
1.21952645,0,0
1.22002615,0,1
1.2205261,0,0
1.2210258,0,1
1.22152575,0,0
1.22202545,0,1
1.2225254,0,0
1.2230251,0,1
1.22352505,0,0
1.22402475,0,1
1.22452475,0,0
1.22502445,0,1
1.22552445,0,0
1.2260242,0,1
1.22652415,0,0
1.22702385,0,1
1.22752385,0,0
1.22802365,0,1
1.22852365,0,0
1.22902345,0,1
1.22952345,0,0
1.2300232,0,1
1.2305232,0,0
1.2310229,0,1
1.23152295,0,0
1.2320227,0,1
1.23252275,0,0
1.2330225,0,1
1.23352255,0,0
1.2340223,0,1
1.23452235,0,0
1.2350221,0,1
1.2355221,0,0
1.2360218,0,1
1.2365218,0,0
1.2370215,0,1
1.23752145,0,0
1.23802115,0,1
1.2385211,0,0
1.2390208,0,1
1.2395208,0,0
1.2400205,0,1
1.2405204,0,0
1.24102015,0,1
1.24152015,0,0
1.2420199,0,1
1.2425199,0,0
1.2430197,0,1
1.2435197,0,0
1.24401945,0,1
1.24451945,0,0
1.24501925,0,1
1.24551925,0,0
1.24601905,0,1
1.246519,0,0
1.24701875,0,1
1.24751875,0,0
1.2480185,0,1
1.24851855,0,0
1.2490183,0,1
1.24951825,0,0
1.25001805,0,1
1.25051805,0,0
1.2510178,0,1
1.25151775,0,0
1.2520175,0,1
1.25251745,0,0
1.25301715,0,1
1.25351715,0,0
1.25401685,0,1
1.25451685,0,0
1.2550166,0,1
1.25551655,0,0
1.25601625,0,1
1.2565162,0,0
1.25701595,0,1
1.25751595,0,0
1.25801575,0,1
1.2585158,0,0
1.25901555,0,1
1.2595156,0,0
1.26001535,0,1
1.26051535,0,0
1.26101515,0,1
1.26151515,0,0
1.2620149,0,1
1.26251495,0,0
1.26301475,0,1
1.26351475,0,0
1.2640145,0,1
1.2645145,0,0
1.26501425,0,1
1.26551425,0,0
1.26601405,0,1
1.26651405,0,0
1.2670138,0,1
1.2675138,0,0
1.2680136,0,1
1.26851365,0,0
1.2690134,0,1
1.2695134,0,0
1.27001315,0,1
1.2705132,0,0
1.27101295,0,1
1.27151295,0,0
1.27201275,0,1
1.2725128,0,0
1.27301255,0,1
1.2735126,0,0
1.27401235,0,1
1.2745123,0,0
1.27501205,0,1
1.27551205,0,0
1.2760118,0,1
1.2765118,0,0
1.2770115,0,1
1.27751145,0,0
1.27801115,0,1
1.2785111,0,0
1.27901085,0,1
1.2795108,0,0
1.28001055,0,1
1.28051055,0,0
1.2810103,0,1
1.2815103,0,0
1.28201005,0,1
1.28251005,0,0
1.2830098,0,1
1.28350975,0,0
1.2840095,0,1
1.2845094,0,0
1.28500915,0,1
1.28550905,0,0
1.2860088,0,1
1.28650875,0,0
1.2870085,0,1
1.28750845,0,0
1.2880082,0,1
1.28850815,0,0
1.2890079,0,1
1.28950795,0,0
1.29000765,0,1
1.2905076,0,0
1.2910073,0,1
1.29150735,0,0
1.2920071,0,1
1.29250715,0,0
1.2930069,0,1
1.2935069,0,0
1.2940067,0,1
1.2945067,0,0
1.29500645,0,1
1.29550645,0,0
1.29600625,0,1
1.2965062,0,0
1.297006,0,1
1.297506,0,0
1.29800575,0,1
1.2985057,0,0
1.29900545,0,1
1.29950545,0,0
1.3000052,0,1
1.30050525,0,0
1.301005,0,1
1.301505,0,0
1.3020047,0,1
1.3025046,0,0
1.3030043,0,1
1.30350425,0,0
1.304004,0,1
1.30450395,0,0
1.30500365,0,1
1.30550365,0,0
1.30600335,0,1
1.30650335,0,0
1.3070031,0,1
1.3075031,0,0
1.30800285,0,1
1.30850285,0,0
1.30900265,0,1
1.30950265,0,0
1.31000245,0,1
1.31050245,0,0
1.31100225,0,1
1.3115023,0,0
1.31200205,0,1
1.3125021,0,0
1.31300185,0,1
1.31350185,0,0
1.31400165,0,1
1.31450165,0,0
1.3150014,0,1
1.3155014,0,0
1.31600115,0,1
1.31650115,0,0
1.3170009,0,1
1.31750095,0,0
1.3180007,0,1
1.31850075,0,0
1.3190005,0,1
1.3195005,0,0
1.32000025,0,1
1.3205003,0,0
1.32100005,0,1
1.32150005,0,0
1.3219998,0,1
1.3224998,0,0
1.32299955,0,1
1.32349955,0,0
1.3239993,0,1
1.32449925,0,0
1.32499895,0,1
1.32549895,0,0
1.3259987,0,1
1.3264987,0,0
1.3269985,0,1
1.3274985,0,0
1.32799825,0,1
1.32849825,0,0
1.328998,0,1
1.329498,0,0
1.32999775,0,1
1.33049775,0,0
1.33099755,0,1
1.3314976,0,0
1.33199735,0,1
1.33249735,0,0
1.33299715,0,1
1.33349715,0,0
1.3339969,0,1
1.3344969,0,0
1.3349967,0,1
1.3354967,0,0
1.33599645,0,1
1.3364965,0,0
1.3369962,0,1
1.3374962,0,0
1.33799595,0,1
1.33849595,0,0
1.33899575,0,1
1.3394958,0,0
1.33999555,0,1
1.34049555,0,0
1.3409953,0,1
1.3414953,0,0
1.34199505,0,1
1.342495,0,0
1.34299475,0,1
1.3434947,0,0
1.3439944,0,1
1.34449435,0,0
1.3449941,0,1
1.34549405,0,0
1.3459937,0,1
1.34649365,0,0
1.3469934,0,1
1.34749335,0,0
1.34799305,0,1
1.348493,0,0
1.3489927,0,1
1.34949265,0,0
1.34999235,0,1
1.3504923,0,0
1.350992,0,1
1.351492,0,0
1.35199175,0,1
1.3524917,0,0
1.35299145,0,1
1.3534914,0,0
1.35399115,0,1
1.3544911,0,0
1.35499085,0,1
1.35549085,0,0
1.35599065,0,1
1.35649065,0,0
1.3569904,0,1
1.3574904,0,0
1.35799015,0,1
1.3584901,0,0
1.3589898,0,1
1.35948975,0,0
1.35998945,0,1
1.36048945,0,0
1.3609892,0,1
1.3614891,0,0
1.36198885,0,1
1.3624888,0,0
1.3629885,0,1
1.3634885,0,0
1.36398825,0,1
1.36448825,0,0
1.364988,0,1
1.36548795,0,0
1.3659877,0,1
1.36648765,0,0
1.3669874,0,1
1.3674874,0,0
1.3679872,0,1
1.36848725,0,0
1.368987,0,1
1.369487,0,0
1.3699868,0,1
1.37048685,0,0
1.37098665,0,1
1.37148665,0,0
1.37198645,0,1
1.3724865,0,0
1.3729863,0,1
1.3734863,0,0
1.3739861,0,1
1.3744861,0,0
1.3749859,0,1
1.3754859,0,0
1.3759857,0,1
1.3764857,0,0
1.37698545,0,1
1.37748555,0,0
1.3779853,0,1
1.3784854,0,0
1.37898525,0,1
1.37948535,0,0
1.37998515,0,1
1.3804852,0,0
1.380985,0,1
1.38148505,0,0
1.3819848,0,1
1.3824848,0,0
1.38298455,0,1
1.3834845,0,0
1.38398425,0,1
1.38448425,0,0
1.384984,0,1
1.385484,0,0
1.38598375,0,1
1.3864838,0,0
1.38698355,0,1
1.3874836,0,0
1.38798335,0,1
1.3884834,0,0
1.38898315,0,1
1.38948315,0,0
1.3899829,0,1
1.3904828,0,0
1.3909826,0,1
1.3914826,0,0
1.3919824,0,1
1.39248245,0,0
1.3929822,0,1
1.3934822,0,0
1.39398195,0,1
1.39448205,0,0
1.3949818,0,1
1.39548185,0,0
1.3959817,0,1
1.3964817,0,0
1.3969815,0,1
1.39748155,0,0
1.3979813,0,1
1.39848135,0,0
1.3989811,0,1
1.39948115,0,0
1.39998095,0,1
1.400481,0,0
1.40098075,0,1
1.4014808,0,0
1.40198055,0,1
1.40248055,0,0
1.40298035,0,1
1.40348035,0,0
1.4039801,0,1
1.4044802,0,0
1.40498,0,1
1.40548005,0,0
1.4059798,0,1
1.40647975,0,0
1.4069795,0,1
1.4074795,0,0
1.40797925,0,1
1.40847925,0,0
1.40897895,0,1
1.40947895,0,0
1.4099787,0,1
1.41047865,0,0
1.4109784,0,1
1.4114784,0,0
1.41197815,0,1
1.4124782,0,0
1.412978,0,1
1.41347805,0,0
1.41397785,0,1
1.4144779,0,0
1.41497765,0,1
1.4154776,0,0
1.4159774,0,1
1.41647745,0,0
1.4169772,0,1
1.41747725,0,0
1.417977,0,1
1.418477,0,0
1.4189767,0,1
1.4194767,0,0
1.41997645,0,1
1.42047645,0,0
1.4209762,0,1
1.42147615,0,0
1.4219759,0,1
1.4224759,0,0
1.42297565,0,1
1.42347565,0,0
1.4239754,0,1
1.42447535,0,0
1.42497505,0,1
1.425475,0,0
1.42597475,0,1
1.42647475,0,0
1.4269745,0,1
1.42747455,0,0
1.42797425,0,1
1.4284743,0,0
1.42897405,0,1
1.4294741,0,0
1.4299739,0,1
1.4304739,0,0
1.4309737,0,1
1.43147375,0,0
1.43197355,0,1
1.43247355,0,0
1.43297335,0,1
1.4334734,0,0
1.4339732,0,1
1.4344732,0,0
1.43497295,0,1
1.4354729,0,0
1.43597265,0,1
1.4364726,0,0
1.43697225,0,1
1.4374722,0,0
1.4379719,0,1
1.43847195,0,0
1.4389717,0,1
1.43947175,0,0
1.43997145,0,1
1.4404715,0,0
1.44097125,0,1
1.4414712,0,0
1.441971,0,1
1.442471,0,0
1.44297075,0,1
1.4434708,0,0
1.44397055,0,1
1.4444705,0,0
1.44497035,0,1
1.44547035,0,0
1.4459701,0,1
1.44647015,0,0
1.4469699,0,1
1.44746995,0,0
1.44796975,0,1
1.44846975,0,0
1.4489695,0,1
1.4494695,0,0
1.44996925,0,1
1.4504692,0,0
1.45096895,0,1
1.451469,0,0
1.45196875,0,1
1.45246875,0,0
1.4529685,0,1
1.45346855,0,0
1.4539683,0,1
1.4544683,0,0
1.454968,0,1
1.45546795,0,0
1.45596775,0,1
1.45646775,0,0
1.4569675,0,1
1.4574675,0,0
1.45796735,0,1
1.4584674,0,0
1.4589672,0,1
1.4594672,0,0
1.459967,0,1
1.46046705,0,0
1.46096685,0,1
1.46146685,0,0
1.46196665,0,1
1.4624667,0,0
1.4629665,0,1
1.46346655,0,0
1.4639664,0,1
1.46446645,0,0
1.46496625,0,1
1.46546635,0,0
1.46596615,0,1
1.46646625,0,0
1.46696605,0,1
1.4674661,0,0
1.46796595,0,1
1.468466,0,0
1.46896575,0,1
1.4694658,0,0
1.4699656,0,1
1.47046565,0,0
1.47096545,0,1
1.47146545,0,0
1.47196525,0,1
1.47246525,0,0
1.47296505,0,1
1.4734651,0,0
1.4739649,0,1
1.4744649,0,0
1.4749647,0,1
1.4754647,0,0
1.47596455,0,1
1.4764646,0,0
1.4769644,0,1
1.47746445,0,0
1.47796425,0,1
1.4784643,0,0
1.4789641,0,1
1.47946415,0,0
1.4799639,0,1
1.480464,0,0
1.4809638,0,1
1.4814639,0,0
1.48196375,0,1
1.4824639,0,0
1.48296375,0,1
1.48346385,0,0
1.4839637,0,1
1.4844638,0,0
1.48496365,0,1
1.4854638,0,0
1.48596365,0,1
1.48646375,0,0
1.4869636,0,1
1.4874637,0,0
1.48796345,0,1
1.48846345,0,0
1.48896325,0,1
1.48946325,0,0
1.48996305,0,1
1.4904631,0,0
1.4909629,0,1
1.49146295,0,0
1.49196275,0,1
1.49246285,0,0
1.4929627,0,1
1.4934628,0,0
1.4939626,0,1
1.4944627,0,0
1.4949625,0,1
1.4954626,0,0
1.49596245,0,1
1.49646255,0,0
1.49696245,0,1
1.49746255,0,0
1.4979624,0,1
1.49846245,0,0
1.49896225,0,1
1.49946225,0,0
1.49996205,0,1
1.50046205,0,0
1.5009619,0,1
1.50146195,0,0
1.5019618,0,1
1.50246185,0,0
1.50296165,0,1
1.5034617,0,0
1.5039615,0,1
1.50446155,0,0
1.50496135,0,1
1.50546145,0,0
1.50596125,0,1
1.50646135,0,0
1.5069612,0,1
1.5074613,0,0
1.5079612,0,1
1.5084613,0,0
1.50896115,0,1
1.5094612,0,0
1.509961,0,1
1.5104611,0,0
1.51096095,0,1
1.5114611,0,0
1.5119609,0,1
1.51246095,0,0
1.5129608,0,1
1.5134609,0,0
1.5139607,0,1
1.5144608,0,0
1.51496065,0,1
1.51546075,0,0
1.51596055,0,1
1.51646065,0,0
1.5169605,0,1
1.5174606,0,0
1.51796045,0,1
1.5184605,0,0
1.51896035,0,1
1.51946045,0,0
1.5199603,0,1
1.5204604,0,0
1.5209602,0,1
1.52146025,0,0
1.5219601,0,1
1.52246015,0,0
1.52296,0,1
1.5234601,0,0
1.52395995,0,1
1.52446005,0,0
1.5249599,0,1
1.52546,0,0
1.5259598,0,1
1.5264599,0,0
1.5269598,0,1
1.5274599,0,0
1.5279597,0,1
1.5284598,0,0
1.52895965,0,1
1.52945975,0,0
1.52995955,0,1
1.5304596,0,0
1.5309594,0,1
1.53145945,0,0
1.53195925,0,1
1.53245935,0,0
1.53295915,0,1
1.5334592,0,0
1.533959,0,1
1.5344591,0,0
1.5349589,0,1
1.535459,0,0
1.53595885,0,1
1.53645895,0,0
1.5369588,0,1
1.53745885,0,0
1.53795865,0,1
1.5384587,0,0
1.53895845,0,1
1.53945855,0,0
1.5399584,0,1
1.5404585,0,0
1.54095835,0,1
1.54145845,0,0
1.5419583,0,1
1.54245835,0,0
1.54295815,0,1
1.5434582,0,0
1.54395805,0,1
1.5444581,0,0
1.54495795,0,1
1.545458,0,0
1.54595775,0,1
1.5464578,0,0
1.54695755,0,1
1.54745755,0,0
1.54795735,0,1
1.5484574,0,0
1.5489572,0,1
1.54945725,0,0
1.54995705,0,1
1.55045715,0,0
1.550957,0,1
1.5514571,0,0
1.55195695,0,1
1.55245705,0,0
1.55295685,0,1
1.5534569,0,0
1.5539567,0,1
1.5544567,0,0
1.5549565,0,1
1.55545655,0,0
1.5559564,0,1
1.5564565,0,0
1.5569563,0,1
1.5574564,0,0
1.5579562,0,1
1.5584563,0,0
1.5589561,0,1
1.55945615,0,0
1.55995595,0,1
1.560456,0,0
1.56095585,0,1
1.56145595,0,0
1.56195575,0,1
1.56245585,0,0
1.56295565,0,1
1.56345575,0,0
1.5639556,0,1
1.56445565,0,0
1.56495545,0,1
1.56545545,0,0
1.5659552,0,1
1.56645525,0,0
1.56695505,0,1
1.56745505,0,0
1.56795485,0,1
1.5684549,0,0
1.5689547,0,1
1.5694547,0,0
1.5699545,0,1
1.57045455,0,0
1.5709543,0,1
1.57145435,0,0
1.5719541,0,1
1.5724541,0,0
1.5729539,0,1
1.57345395,0,0
1.5739537,0,1
1.5744537,0,0
1.57495345,0,1
1.57545345,0,0
1.5759532,0,1
1.57645315,0,0
1.57695295,0,1
1.57745295,0,0
1.57795275,0,1
1.5784528,0,0
1.5789526,0,1
1.57945265,0,0
1.57995245,0,1
1.58045255,0,0
1.58095235,0,1
1.58145245,0,0
1.58195225,0,1
1.5824523,0,0
1.5829521,0,1
1.58345215,0,0
1.5839519,0,1
1.58445195,0,0
1.5849517,0,1
1.58545175,0,0
1.58595155,0,1
1.5864516,0,0
1.58695135,0,1
1.58745135,0,0
1.5879511,0,1
1.5884511,0,0
1.58895085,0,1
1.5894509,0,0
1.58995065,0,1
1.59045065,0,0
1.5909504,0,1
1.59145045,0,0
1.5919502,0,1
1.5924502,0,0
1.59295,0,1
1.59345,0,0
1.59394975,0,1
1.59444975,0,0
1.5949495,0,1
1.59544945,0,0
1.59594915,0,1
1.59644915,0,0
1.5969489,0,1
1.59744895,0,0
1.59794865,0,1
1.59844865,0,0
1.5989484,0,1
1.5994484,0,0
1.59994815,0,1
1.6004482,0,0
1.600948,0,1
1.60144805,0,0
1.6019478,0,1
1.60244785,0,0
1.6029477,0,1
1.60344775,0,0
1.60394755,0,1
1.6044476,0,0
1.6049474,0,1
1.60544745,0,0
1.6059473,0,1
1.6064474,0,0
1.6069472,0,1
1.6074473,0,0
1.6079471,0,1
1.6084472,0,0
1.608947,0,1
1.60944705,0,0
1.60994685,0,1
1.61044695,0,0
1.61094675,0,1
1.6114468,0,0
1.61194665,0,1
1.61244665,0,0
1.61294645,0,1
1.6134465,0,0
1.6139463,0,1
1.61444635,0,0
1.61494615,0,1
1.6154462,0,0
1.615946,0,1
1.61644605,0,0
1.61694585,0,1
1.6174459,0,0
1.6179457,0,1
1.6184457,0,0
1.6189454,0,1
1.61944535,0,0
1.6199451,0,1
1.62044515,0,0
1.6209449,0,1
1.621445,0,0
1.62194485,0,1
1.6224449,0,0
1.62294475,0,1
1.62344485,0,0
1.6239447,0,1
1.62444475,0,0
1.6249446,0,1
1.6254447,0,0
1.62594455,0,1
1.6264446,0,0
1.6269444,0,1
1.62744445,0,0
1.6279443,0,1
1.62844435,0,0
1.6289442,0,1
1.6294443,0,0
1.62994415,0,1
1.63044425,0,0
1.6309441,0,1
1.6314442,0,0
1.63194405,0,1
1.6324442,0,0
1.632944,0,1
1.63344405,0,0
1.6339439,0,1
1.63444395,0,0
1.63494375,0,1
1.6354438,0,0
1.63594365,0,1
1.6364437,0,0
1.6369435,0,1
1.6374436,0,0
1.63794345,0,1
1.6384435,0,0
1.63894325,0,1
1.63944335,0,0
1.63994315,0,1
1.64044325,0,0
1.6409431,0,1
1.6414432,0,0
1.64194305,0,1
1.64244315,0,0
1.64294295,0,1
1.64344305,0,0
1.6439429,0,1
1.64444295,0,0
1.6449428,0,1
1.64544285,0,0
1.64594265,0,1
1.6464427,0,0
1.64694255,0,1
1.6474426,0,0
1.64794245,0,1
1.6484425,0,0
1.64894235,0,1
1.64944245,0,0
1.64994225,0,1
1.65044235,0,0
1.65094215,0,1
1.65144225,0,0
1.6519421,0,1
1.65244215,0,0
1.652942,0,1
1.65344205,0,0
1.65394185,0,1
1.6544419,0,0
1.6549417,0,1
1.65544175,0,0
1.6559415,0,1
1.65644155,0,0
1.6569414,0,1
1.6574415,0,0
1.65794135,0,1
1.65844145,0,0
1.65894125,0,1
1.6594413,0,0
1.6599411,0,1
1.6604412,0,0
1.660941,0,1
1.661441,0,0
1.6619408,0,1
1.6624408,0,0
1.6629406,0,1
1.66344065,0,0
1.66394045,0,1
1.66444055,0,0
1.66494035,0,1
1.6654404,0,0
1.6659402,0,1
1.6664402,0,0
1.66693995,0,1
1.66743995,0,0
1.66793975,0,1
1.6684397,0,0
1.66893945,0,1
1.6694395,0,0
1.66993925,0,1
1.67043925,0,0
1.67093905,0,1
1.6714391,0,0
1.6719389,0,1
1.672439,0,0
1.6729388,0,1
1.6734388,0,0
1.6739386,0,1
1.67443865,0,0
1.67493845,0,1
1.6754385,0,0
1.6759383,0,1
1.67643835,0,0
1.67693815,0,1
1.67743815,0,0
1.67793795,0,1
1.678438,0,0
1.6789378,0,1
1.67943785,0,0
1.67993765,0,1
1.6804377,0,0
1.6809375,0,1
1.68143755,0,0
1.68193735,0,1
1.6824374,0,0
1.6829372,0,1
1.6834372,0,0
1.68393705,0,1
1.6844371,0,0
1.6849369,0,1
1.6854369,0,0
1.68593665,0,1
1.68643665,0,0
1.68693645,0,1
1.6874365,0,0
1.6879363,0,1
1.6884363,0,0
1.68893605,0,1
1.6894361,0,0
1.6899359,0,1
1.690436,0,0
1.6909358,0,1
1.69143585,0,0
1.6919357,0,1
1.69243575,0,0
1.6929356,0,1
1.6934356,0,0
1.6939354,0,1
1.69443545,0,0
1.69493525,0,1
1.69543525,0,0
1.69593505,0,1
1.69643505,0,0
1.69693485,0,1
1.6974349,0,0
1.69793465,0,1
1.6984347,0,0
1.69893445,0,1
1.6994345,0,0
1.6999343,0,1
1.7004343,0,0
1.70093405,0,1
1.7014341,0,0
1.7019338,0,1
1.70243385,0,0
1.70293365,0,1
1.70343365,0,0
1.7039334,0,1
1.7044334,0,0
1.70493315,0,1
1.7054332,0,0
1.705933,0,1
1.706433,0,0
1.7069328,0,1
1.7074328,0,0
1.7079326,0,1
1.7084327,0,0
1.7089325,0,1
1.70943255,0,0
1.7099324,0,1
1.71043245,0,0
1.71093225,0,1
1.7114323,0,0
1.7119321,0,1
1.7124322,0,0
1.71293195,0,1
1.713432,0,0
1.71393175,0,1
1.71443175,0,0
1.71493155,0,1
1.71543155,0,0
1.71593135,0,1
1.7164314,0,0
1.71693115,0,1
1.7174311,0,0
1.7179309,0,1
1.71843085,0,0
1.7189306,0,1
1.7194306,0,0
1.71993035,0,1
1.72043035,0,0
1.7209301,0,1
1.7214301,0,0
1.7219298,0,1
1.72242975,0,0
1.72292955,0,1
1.72342955,0,0
1.72392925,0,1
1.72442925,0,0
1.724929,0,1
1.725429,0,0
1.72592875,0,1
1.72642875,0,0
1.7269285,0,1
1.7274285,0,0
1.7279283,0,1
1.72842825,0,0
1.728928,0,1
1.72942795,0,0
1.7299277,0,1
1.73042765,0,0
1.7309274,0,1
1.7314274,0,0
1.73192715,0,1
1.7324272,0,0
1.73292695,0,1
1.73342695,0,0
1.7339267,0,1
1.7344267,0,0
1.73492645,0,1
1.7354264,0,0
1.73592615,0,1
1.7364261,0,0
1.7369258,0,1
1.73742585,0,0
1.7379256,0,1
1.73842555,0,0
1.7389253,0,1
1.7394253,0,0
1.7399251,0,1
1.74042515,0,0
1.7409249,0,1
1.7414249,0,0
1.74192465,0,1
1.74242465,0,0
1.74292445,0,1
1.74342445,0,0
1.74392415,0,1
1.74442415,0,0
1.7449239,0,1
1.74542385,0,0
1.7459236,0,1
1.7464236,0,0
1.7469234,0,1
1.7474234,0,0
1.74792315,0,1
1.74842315,0,0
1.74892285,0,1
1.7494228,0,0
1.74992255,0,1
1.75042255,0,0
1.7509223,0,1
1.75142235,0,0
1.75192215,0,1
1.75242215,0,0
1.7529219,0,1
1.7534219,0,0
1.7539217,0,1
1.75442175,0,0
1.7549215,0,1
1.75542155,0,0
1.7559213,0,1
1.75642135,0,0
1.75692115,0,1
1.7574212,0,0
1.75792105,0,1
1.75842105,0,0
1.75892085,0,1
1.7594209,0,0
1.75992065,0,1
1.7604207,0,0
1.7609205,0,1
1.7614205,0,0
1.7619203,0,1
1.76242035,0,0
1.7629202,0,1
1.7634203,0,0
1.7639201,0,1
1.7644201,0,0
1.7649199,0,1
1.7654199,0,0
1.76591965,0,1
1.7664197,0,0
1.76691945,0,1
1.7674195,0,0
1.76791925,0,1
1.7684193,0,0
1.76891905,0,1
1.769419,0,0
1.7699188,0,1
1.77041885,0,0
1.7709186,0,1
1.77141865,0,0
1.7719184,0,1
1.77241845,0,0
1.77291825,0,1
1.77341825,0,0
1.773918,0,1
1.774418,0,0
1.77491775,0,1
1.7754178,0,0
1.77591755,0,1
1.7764176,0,0
1.7769173,0,1
1.7774173,0,0
1.77791705,0,1
1.77841715,0,0
1.7789169,0,1
1.7794169,0,0
1.77991665,0,1
1.7804167,0,0
1.78091645,0,1
1.78141645,0,0
1.7819162,0,1
1.7824162,0,0
1.78291585,0,1
1.7834159,0,0
1.7839156,0,1
1.7844156,0,0
1.78491535,0,1
1.78541535,0,0
1.7859151,0,1
1.78641515,0,0
1.7869149,0,1
1.78741495,0,0
1.7879147,0,1
1.7884147,0,0
1.7889144,0,1
1.7894144,0,0
1.78991415,0,1
1.7904141,0,0
1.79091385,0,1
1.79141385,0,0
1.79191365,0,1
1.79241365,0,0
1.7929134,0,1
1.79341345,0,0
1.79391325,0,1
1.7944133,0,0
1.79491305,0,1
1.79541305,0,0
1.79591285,0,1
1.79641285,0,0
1.7969126,0,1
1.79741265,0,0
1.7979124,0,1
1.79841245,0,0
1.79891225,0,1
1.79941225,0,0
1.799912,0,1
1.80041205,0,0
1.8009118,0,1
1.80141175,0,0
1.8019115,0,1
1.8024115,0,0
1.8029113,0,1
1.80341135,0,0
1.8039111,0,1
1.80441115,0,0
1.8049109,0,1
1.8054109,0,0
1.80591065,0,1
1.80641065,0,0
1.80691045,0,1
1.80741045,0,0
1.80791025,0,1
1.80841025,0,0
1.8089101,0,1
1.80941015,0,0
1.80990995,0,1
1.81041,0,0
1.81090975,0,1
1.81140975,0,0
1.8119095,0,1
1.81240955,0,0
1.8129093,0,1
1.8134093,0,0
1.8139091,0,1
1.81440915,0,0
1.8149089,0,1
1.81540895,0,0
1.81590875,0,1
1.81640875,0,0
1.81690855,0,1
1.81740855,0,0
1.81790835,0,1
1.81840835,0,0
1.8189081,0,1
1.81940815,0,0
1.8199079,0,1
1.8204079,0,0
1.82090765,0,1
1.8214077,0,0
1.8219075,0,1
1.8224075,0,0
1.82290725,0,1
1.8234073,0,0
1.82390705,0,1
1.82440705,0,0
1.8249068,0,1
1.8254068,0,0
1.82590655,0,1
1.8264066,0,0
1.8269063,0,1
1.8274063,0,0
1.827906,0,1
1.828406,0,0
1.82890575,0,1
1.82940575,0,0
1.82990555,0,1
1.8304055,0,0
1.83090525,0,1
1.83140525,0,0
1.83190505,0,1
1.83240505,0,0
1.83290485,0,1
1.8334048,0,0
1.83390455,0,1
1.8344046,0,0
1.8349044,0,1
1.83540445,0,0
1.83590425,0,1
1.83640425,0,0
1.83690405,0,1
1.83740405,0,0
1.8379038,0,1
1.83840375,0,0
1.8389035,0,1
1.8394035,0,0
1.83990325,0,1
1.8404033,0,0
1.84090305,0,1
1.84140305,0,0
1.8419028,0,1
1.8424028,0,0
1.8429025,0,1
1.84340245,0,0
1.8439022,0,1
1.84440215,0,0
1.8449019,0,1
1.8454019,0,0
1.8459016,0,1
1.8464016,0,0
1.84690135,0,1
1.8474014,0,0
1.84790115,0,1
1.84840115,0,0
1.8489009,0,1
1.84940085,0,0
1.8499006,0,1
1.8504006,0,0
1.8509004,0,1
1.85140045,0,0
1.85190015,0,1
1.8524002,0,0
1.85289995,0,1
1.8534,0,0
1.8538997,0,1
1.8543997,0,0
1.85489945,0,1
1.8553994,0,0
1.85589915,0,1
1.8563991,0,0
1.85689885,0,1
1.85739885,0,0
1.8578986,0,1
1.8583986,0,0
1.85889835,0,1
1.8593984,0,0
1.85989815,0,1
1.86039815,0,0
1.86089785,0,1
1.8613978,0,0
1.86189755,0,1
1.86239745,0,0
1.8628972,0,1
1.8633972,0,0
1.8638969,0,1
1.86439685,0,0
1.8648966,0,1
1.8653966,0,0
1.86589635,0,1
1.8663963,0,0
1.86689605,0,1
1.86739605,0,0
1.8678958,0,1
1.8683958,0,0
1.86889555,0,1
1.86939555,0,0
1.8698953,0,1
1.8703953,0,0
1.87089505,0,1
1.8713951,0,0
1.87189485,0,1
1.8723948,0,0
1.87289455,0,1
1.8733946,0,0
1.87389435,0,1
1.87439435,0,0
1.87489415,0,1
1.87539415,0,0
1.8758939,0,1
1.8763939,0,0
1.8768937,0,1
1.8773937,0,0
1.87789345,0,1
1.87839345,0,0
1.8788932,0,1
1.8793932,0,0
1.8798929,0,1
1.88039285,0,0
1.8808926,0,1
1.88139255,0,0
1.8818923,0,1
1.8823923,0,0
1.882892,0,1
1.883392,0,0
1.88389175,0,1
1.8843917,0,0
1.88489145,0,1
1.88539145,0,0
1.88589125,0,1
1.88639125,0,0
1.88689105,0,1
1.88739105,0,0
1.8878908,0,1
1.8883908,0,0
1.88889055,0,1
1.88939055,0,0
1.88989035,0,1
1.8903904,0,0
1.89089015,0,1
1.8913902,0,0
1.89188995,0,1
1.89239,0,0
1.8928898,0,1
1.8933898,0,0
1.89388955,0,1
1.89438955,0,0
1.8948893,0,1
1.8953893,0,0
1.89588895,0,1
1.8963889,0,0
1.89688865,0,1
1.89738865,0,0
1.89788835,0,1
1.89838835,0,0
1.8988881,0,1
1.8993881,0,0
1.89988785,0,1
1.9003878,0,0
1.90088755,0,1
1.90138755,0,0
1.90188725,0,1
1.9023873,0,0
1.902887,0,1
1.903387,0,0
1.90388675,0,1
1.90438675,0,0
1.9048865,0,1
1.9053865,0,0
1.9058862,0,1
1.9063862,0,0
1.90688595,0,1
1.90738595,0,0
1.90788565,0,1
1.90838565,0,0
1.90888535,0,1
1.90938535,0,0
1.90988505,0,1
1.9103851,0,0
1.91088485,0,1
1.91138485,0,0
1.91188465,0,1
1.91238465,0,0
1.9128844,0,1
1.9133844,0,0
1.91388415,0,1
1.9143842,0,0
1.91488395,0,1
1.91538395,0,0
1.91588375,0,1
1.9163838,0,0
1.91688355,0,1
1.91738355,0,0
1.9178833,0,1
1.91838325,0,0
1.918883,0,1
1.919383,0,0
1.91988275,0,1
1.92038275,0,0
1.92088245,0,1
1.9213824,0,0
1.9218822,0,1
1.9223822,0,0
1.92288195,0,1
1.923382,0,0
1.9238818,0,1
1.9243818,0,0
1.92488155,0,1
1.92538155,0,0
1.9258813,0,1
1.9263813,0,0
1.92688105,0,1
1.92738105,0,0
1.92788085,0,1
1.9283809,0,0
1.92888075,0,1
1.9293808,0,0
1.9298806,0,1
1.9303807,0,0
1.93088055,0,1
1.9313806,0,0
1.9318804,0,1
1.9323805,0,0
1.93288035,0,1
1.93338045,0,0
1.9338803,0,1
1.93438035,0,0
1.9348802,0,1
1.93538025,0,0
1.93588005,0,1
1.93638005,0,0
1.93687985,0,1
1.93737995,0,0
1.93787975,0,1
1.93837985,0,0
1.93887965,0,1
1.9393797,0,0
1.93987945,0,1
1.94037945,0,0
1.94087915,0,1
1.94137915,0,0
1.9418789,0,1
1.94237895,0,0
1.9428787,0,1
1.9433787,0,0
1.94387845,0,1
1.9443784,0,0
1.9448781,0,1
1.9453781,0,0
1.94587785,0,1
1.94637785,0,0
1.94687765,0,1
1.94737765,0,0
1.94787745,0,1
1.94837745,0,0
1.9488773,0,1
1.9493773,0,0
1.9498771,0,1
1.95037715,0,0
1.95087695,0,1
1.951377,0,0
1.95187675,0,1
1.95237675,0,0
1.9528765,0,1
1.95337645,0,0
1.9538762,0,1
1.95437615,0,0
1.9548759,0,1
1.9553759,0,0
1.9558756,0,1
1.9563756,0,0
1.95687535,0,1
1.95737535,0,0
1.9578751,0,1
1.95837515,0,0
1.95887495,0,1
1.95937505,0,0
1.95987485,0,1
1.96037485,0,0
1.96087465,0,1
1.96137465,0,0
1.9618744,0,1
1.9623744,0,0
1.9628742,0,1
1.96337415,0,0
1.9638739,0,1
1.9643739,0,0
1.96487365,0,1
1.9653736,0,0
1.96587335,0,1
1.96637335,0,0
1.9668731,0,1
1.96737305,0,0
1.96787275,0,1
1.9683727,0,0
1.96887245,0,1
1.96937245,0,0
1.9698722,0,1
1.9703722,0,0
1.9708719,0,1
1.97137185,0,0
1.97187155,0,1
1.9723715,0,0
1.97287125,0,1
1.9733712,0,0
1.9738709,0,1
1.97437085,0,0
1.97487065,0,1
1.97537065,0,0
1.97587045,0,1
1.97637045,0,0
1.9768702,0,1
1.9773702,0,0
1.97786995,0,1
1.97836995,0,0
1.9788697,0,1
1.97936975,0,0
1.9798695,0,1
1.9803695,0,0
1.98086925,0,1
1.98136925,0,0
1.981869,0,1
1.98236905,0,0
1.9828688,0,1
1.9833688,0,0
1.9838686,0,1
1.9843686,0,0
1.98486835,0,1
1.98536835,0,0
1.98586815,0,1
1.9863682,0,0
1.986868,0,1
1.987368,0,0
1.98786775,0,1
1.9883677,0,0
1.9888674,0,1
1.98936735,0,0
1.989867,0,1
1.99036695,0,0
1.9908666,0,1
1.9913666,0,0
1.9918663,0,1
1.99236635,0,0
1.99286615,0,1
1.99336615,0,0
1.99386595,0,1
1.99436595,0,0
1.9948657,0,1
1.9953657,0,0
1.99586545,0,1
1.99636545,0,0
1.99686525,0,1
1.99736525,0,0
1.997865,0,1
1.99836505,0,0
1.9988648,0,1
1.99936475,0,0
1.99986455,0,1
2.0003645,0,0
2.00086425,0,1
2.00136425,0,0
2.001864,0,1
2.002364,0,0
2.00286375,0,1
2.00336375,0,0
2.00386345,0,1
2.00436345,0,0
2.00486325,0,1
2.0053632,0,0
2.00586295,0,1
2.00636295,0,0
2.00686275,0,1
2.00736275,0,0
2.0078625,0,1
2.0083625,0,0
2.00886225,0,1
2.00936225,0,0
2.009862,0,1
2.010362,0,0
2.0108618,0,1
2.0113618,0,0
2.0118615,0,1
2.0123615,0,0
2.01286125,0,1
2.01336125,0,0
2.01386095,0,1
2.0143609,0,0
2.0148606,0,1
2.0153605,0,0
2.01586025,0,1
2.0163602,0,0
2.01685995,0,1
2.0173599,0,0
2.01785965,0,1
2.01835965,0,0
2.0188594,0,1
2.01935935,0,0
2.0198591,0,1
2.02035915,0,0
2.0208589,0,1
2.02135895,0,0
2.02185875,0,1
2.0223588,0,0
2.0228586,0,1
2.0233586,0,0
2.0238584,0,1
2.0243584,0,0
2.02485815,0,1
2.0253582,0,0
2.0258579,0,1
2.0263579,0,0
2.0268577,0,1
2.0273577,0,0
2.02785745,0,1
2.02835745,0,0
2.0288572,0,1
2.0293572,0,0
2.0298569,0,1
2.0303569,0,0
2.03085665,0,1
2.0313567,0,0
2.03185645,0,1
2.03235645,0,0
2.03285625,0,1
2.0333563,0,0
2.0338561,0,1
2.03435615,0,0
2.03485595,0,1
2.03535595,0,0
2.0358557,0,1
2.0363557,0,0
2.03685545,0,1
2.03735545,0,0
2.0378552,0,1
2.03835515,0,0
2.0388548,0,1
2.0393548,0,0
2.03985455,0,1
2.04035455,0,0
2.0408543,0,1
2.0413543,0,0
2.04185405,0,1
2.042354,0,0
2.04285375,0,1
2.04335375,0,0
2.04385345,0,1
2.04435345,0,0
2.04485315,0,1
2.04535315,0,0
2.04585285,0,1
2.04635285,0,0
2.0468526,0,1
2.0473526,0,0
2.04785235,0,1
2.04835235,0,0
2.0488521,0,1
2.0493521,0,0
2.04985185,0,1
2.05035175,0,0
2.05085155,0,1
2.05135155,0,0
2.0518513,0,1
2.0523513,0,0
2.05285105,0,1
2.05335115,0,0
2.053851,0,1
2.05435105,0,0
2.05485085,0,1
2.05535095,0,0
2.05585075,0,1
2.0563508,0,0
2.0568506,0,1
2.0573507,0,0
2.0578505,0,1
2.05835055,0,0
2.05885035,0,1
2.05935045,0,0
2.05985025,0,1
2.06035025,0,0
2.0608501,0,1
2.0613501,0,0
2.06184985,0,1
2.06234985,0,0
2.06284965,0,1
2.06334965,0,0
2.06384945,0,1
2.06434945,0,0
2.06484925,0,1
2.0653493,0,0
2.06584905,0,1
2.0663491,0,0
2.0668489,0,1
2.06734895,0,0
2.0678488,0,1
2.06834885,0,0
2.0688487,0,1
2.06934875,0,0
2.0698485,0,1
2.07034855,0,0
2.07084835,0,1
2.0713484,0,0
2.0718482,0,1
2.0723482,0,0
2.072848,0,1
2.0733481,0,0
2.0738479,0,1
2.07434795,0,0
2.0748478,0,1
2.0753478,0,0
2.0758476,0,1
2.07634765,0,0
2.07684745,0,1
2.0773475,0,0
2.0778473,0,1
2.0783473,0,0
2.0788471,0,1
2.0793471,0,0
2.07984685,0,1
2.08034685,0,0
2.08084665,0,1
2.0813466,0,0
2.0818464,0,1
2.08234645,0,0
2.08284625,0,1
2.0833463,0,0
2.0838461,0,1
2.0843462,0,0
2.084846,0,1
2.085346,0,0
2.08584575,0,1
2.08634575,0,0
2.0868455,0,1
2.08734555,0,0
2.0878453,0,1
2.08834535,0,0
2.0888452,0,1
2.08934525,0,0
2.08984505,0,1
2.0903451,0,0
2.0908449,0,1
2.09134495,0,0
2.09184475,0,1
2.09234485,0,0
2.09284465,0,1
2.0933447,0,0
2.09384445,0,1
2.0943445,0,0
2.0948443,0,1
2.09534435,0,0
2.0958441,0,1
2.09634415,0,0
2.09684395,0,1
2.09734395,0,0
2.0978437,0,1
2.0983438,0,0
2.0988436,0,1
2.0993436,0,0
2.09984345,0,1
2.1003435,0,0
2.1008433,0,1
2.10134335,0,0
2.1018431,0,1
2.1023431,0,0
2.1028429,0,1
2.10334295,0,0
2.10384275,0,1
2.1043427,0,0
2.1048425,0,1
2.1053425,0,0
2.1058423,0,1
2.10634235,0,0
2.1068422,0,1
2.1073423,0,0
2.1078421,0,1
2.1083422,0,0
2.108842,0,1
2.10934205,0,0
2.10984185,0,1
2.11034185,0,0
2.1108417,0,1
2.1113418,0,0
2.1118416,0,1
2.1123417,0,0
2.1128415,0,1
2.1133415,0,0
2.11384135,0,1
2.1143414,0,0
2.1148412,0,1
2.11534125,0,0
2.11584105,0,1
2.1163411,0,0
2.1168409,0,1
2.11734095,0,0
2.11784075,0,1
2.1183408,0,0
2.1188406,0,1
2.11934065,0,0
2.1198404,0,1
2.12034045,0,0
2.1208402,0,1
2.12134025,0,0
2.1218401,0,1
2.12234015,0,0
2.1228399,0,1
2.1233399,0,0
2.12383965,0,1
2.12433965,0,0
2.1248395,0,1
2.1253395,0,0
2.1258393,0,1
2.1263393,0,0
2.12683905,0,1
2.1273391,0,0
2.12783885,0,1
2.1283389,0,0
2.12883865,0,1
2.12933865,0,0
2.12983845,0,1
2.13033845,0,0
2.1308382,0,1
2.1313382,0,0
2.131838,0,1
2.132338,0,0
2.1328378,0,1
2.1333378,0,0
2.13383755,0,1
2.13433755,0,0
2.1348373,0,1
2.1353373,0,0
2.13583705,0,1
2.13633705,0,0
2.1368368,0,1
2.13733675,0,0
2.13783655,0,1
2.13833655,0,0
2.1388363,0,1
2.13933635,0,0
2.1398361,0,1
2.14033605,0,0
2.1408358,0,1
2.1413358,0,0
2.14183555,0,1
2.14233555,0,0
2.1428353,0,1
2.1433353,0,0
2.14383505,0,1
2.14433505,0,0
2.14483485,0,1
2.14533485,0,0
2.1458346,0,1
2.1463346,0,0
2.1468343,0,1
2.1473343,0,0
2.14783405,0,1
2.148334,0,0
2.14883375,0,1
2.1493337,0,0
2.14983345,0,1
2.15033345,0,0
2.1508332,0,1
2.1513332,0,0
2.15183295,0,1
2.1523329,0,0
2.15283265,0,1
2.15333265,0,0
2.1538324,0,1
2.15433245,0,0
2.15483225,0,1
2.1553323,0,0
2.15583215,0,1
2.1563322,0,0
2.156832,0,1
2.1573321,0,0
2.15783195,0,1
2.158332,0,0
2.15883185,0,1
2.15933185,0,0
2.15983165,0,1
2.1603317,0,0
2.16083155,0,1
2.1613316,0,0
2.1618314,0,1
2.16233145,0,0
2.16283125,0,1
2.16333135,0,0
2.16383115,0,1
2.1643312,0,0
2.16483105,0,1
2.1653311,0,0
2.1658309,0,1
2.16633095,0,0
2.1668307,0,1
2.16733075,0,0
2.1678306,0,1
2.16833065,0,0
2.1688304,0,1
2.1693304,0,0
2.1698302,0,1
2.1703302,0,0
2.17082995,0,1
2.17133,0,0
2.17182975,0,1
2.1723298,0,0
2.1728296,0,1
2.17332965,0,0
2.17382945,0,1
2.1743295,0,0
2.1748293,0,1
2.1753293,0,0
2.1758291,0,1
2.1763291,0,0
2.1768288,0,1
2.1773288,0,0
2.17782855,0,1
2.17832855,0,0
2.1788283,0,1
2.1793283,0,0
2.17982805,0,1
2.18032805,0,0
2.1808278,0,1
2.18132785,0,0
2.1818276,0,1
2.1823276,0,0
2.18282735,0,1
2.1833274,0,0
2.1838272,0,1
2.1843272,0,0
2.184827,0,1
2.185327,0,0
2.1858268,0,1
2.1863268,0,0
2.1868266,0,1
2.1873266,0,0
2.18782635,0,1
2.1883264,0,0
2.1888262,0,1
2.1893262,0,0
2.189826,0,1
2.190326,0,0
2.19082575,0,1
2.19132575,0,0
2.19182555,0,1
2.1923255,0,0
2.19282525,0,1
2.19332525,0,0
2.193825,0,1
2.194325,0,0
2.1948248,0,1
2.19532475,0,0
2.1958245,0,1
2.1963245,0,0
2.1968242,0,1
2.1973242,0,0
2.19782395,0,1
2.19832395,0,0
2.1988237,0,1
2.19932375,0,0
2.1998235,0,1
2.2003235,0,0
2.20082325,0,1
2.2013233,0,0
2.2018231,0,1
2.2023231,0,0
2.2028228,0,1
2.2033228,0,0
2.2038226,0,1
2.2043226,0,0
2.2048224,0,1
2.2053224,0,0
2.20582215,0,1
2.20632215,0,0
2.20682195,0,1
2.20732195,0,0
2.2078217,0,1
2.20832175,0,0
2.20882155,0,1
2.2093216,0,0
2.2098214,0,1
2.2103214,0,0
2.2108212,0,1
2.2113212,0,0
2.21182095,0,1
2.212321,0,0
2.2128208,0,1
2.2133208,0,0
2.2138206,0,1
2.21432055,0,0
2.2148203,0,1
2.21532035,0,0
2.2158201,0,1
2.2163201,0,0
2.21681985,0,1
2.21731985,0,0
2.21781955,0,1
2.2183195,0,0
2.21881925,0,1
2.2193193,0,0
2.21981905,0,1
2.2203191,0,0
2.2208189,0,1
2.2213189,0,0
2.22181865,0,1
2.2223186,0,0
2.22281845,0,1
2.22331845,0,0
2.2238182,0,1
2.2243182,0,0
2.22481795,0,1
2.22531795,0,0
2.2258177,0,1
2.2263177,0,0
2.22681745,0,1
2.2273174,0,0
2.22781715,0,1
2.2283172,0,0
2.22881695,0,1
2.229317,0,0
2.22981675,0,1
2.23031675,0,0
2.2308165,0,1
2.23131655,0,0
2.2318163,0,1
2.2323163,0,0
2.2328161,0,1
2.2333161,0,0
2.23381585,0,1
2.23431585,0,0
2.2348156,0,1
2.2353156,0,0
2.23581535,0,1
2.23631535,0,0
2.23681515,0,1
2.2373152,0,0
2.23781505,0,1
2.2383151,0,0
2.2388149,0,1
2.23931495,0,0
2.2398147,0,1
2.24031475,0,0
2.2408145,0,1
2.24131455,0,0
2.24181435,0,1
2.24231435,0,0
2.2428141,0,1
2.2433141,0,0
2.24381385,0,1
2.24431385,0,0
2.2448136,0,1
2.2453136,0,0
2.2458134,0,1
2.2463134,0,0
2.24681315,0,1
2.2473131,0,0
2.2478128,0,1
2.2483128,0,0
2.24881255,0,1
2.2493125,0,0
2.2498122,0,1
2.2503122,0,0
2.2508119,0,1
2.2513119,0,0
2.2518116,0,1
2.25231155,0,0
2.25281125,0,1
2.25331115,0,0
2.2538109,0,1
2.25431085,0,0
2.2548105,0,1
2.25531045,0,0
2.2558102,0,1
2.2563101,0,0
2.2568098,0,1
2.2573098,0,0
2.2578096,0,1
2.2583096,0,0
2.2588094,0,1
2.25930935,0,0
2.25980915,0,1
2.26030915,0,0
2.2608089,0,1
2.2613089,0,0
2.2618087,0,1
2.2623087,0,0
2.26280845,0,1
2.26330845,0,0
2.2638082,0,1
2.2643082,0,0
2.26480795,0,1
2.26530795,0,0
2.26580775,0,1
2.2663078,0,0
2.2668076,0,1
2.2673077,0,0
2.2678075,0,1
2.26830755,0,0
2.26880735,0,1
2.2693074,0,0
2.26980715,0,1
2.2703071,0,0
2.2708069,0,1
2.27130685,0,0
2.2718066,0,1
2.2723066,0,0
2.27280635,0,1
2.27330635,0,0
2.2738061,0,1
2.2743061,0,0
2.27480585,0,1
2.27530585,0,0
2.2758056,0,1
2.2763056,0,0
2.27680535,0,1
2.27730535,0,0
2.27780515,0,1
2.27830515,0,0
2.2788049,0,1
2.2793049,0,0
2.27980465,0,1
2.2803046,0,0
2.28080435,0,1
2.28130435,0,0
2.2818041,0,1
2.2823041,0,0
2.2828038,0,1
2.2833038,0,0
2.2838035,0,1
2.28430345,0,0
2.28480315,0,1
2.2853032,0,0
2.28580295,0,1
2.2863029,0,0
2.28680265,0,1
2.2873026,0,0
2.2878024,0,1
2.28830235,0,0
2.28880215,0,1
2.28930215,0,0
2.2898019,0,1
2.29030195,0,0
2.2908017,0,1
2.29130175,0,0
2.2918015,0,1
2.2923015,0,0
2.29280125,0,1
2.29330125,0,0
2.29380105,0,1
2.2943011,0,0
2.2948009,0,1
2.29530095,0,0
2.29580075,0,1
2.2963007,0,0
2.2968005,0,1
2.29730045,0,0
2.29780015,0,1
2.29830015,0,0
2.2987999,0,1
2.2992999,0,0
2.29979965,0,1
2.30029965,0,0
2.30079935,0,1
2.30129935,0,0
2.30179905,0,1
2.30229905,0,0
2.3027988,0,1
2.30329875,0,0
2.3037985,0,1
2.3042985,0,0
2.3047982,0,1
2.30529825,0,0
2.305798,0,1
2.30629805,0,0
2.3067978,0,1
2.30729775,0,0
2.3077974,0,1
2.30829735,0,0
2.3087971,0,1
2.3092971,0,0
2.3097969,0,1
2.3102969,0,0
2.3107967,0,1
2.3112967,0,0
2.31179645,0,1
2.3122965,0,0
2.3127963,0,1
2.31329635,0,0
2.3137962,0,1
2.31429625,0,0
2.31479605,0,1
2.3152961,0,0
2.3157959,0,1
2.3162959,0,0
2.3167957,0,1
2.3172957,0,0
2.3177955,0,1
2.31829555,0,0
2.3187953,0,1
2.3192954,0,0
2.31979515,0,1
2.32029515,0,0
2.32079495,0,1
2.32129495,0,0
2.3217947,0,1
2.3222947,0,0
2.32279445,0,1
2.32329445,0,0
2.32379425,0,1
2.3242943,0,0
2.32479405,0,1
2.3252941,0,0
2.3257939,0,1
2.32629395,0,0
2.3267937,0,1
2.32729375,0,0
2.3277935,0,1
2.3282935,0,0
2.32879325,0,1
2.3292933,0,0
2.3297931,0,1
2.3302932,0,0
2.330793,0,1
2.33129305,0,0
2.3317929,0,1
2.33229295,0,0
2.33279275,0,1
2.3332928,0,0
2.3337926,0,1
2.33429265,0,0
2.33479245,0,1
2.33529245,0,0
2.3357922,0,1
2.3362922,0,0
2.33679205,0,1
2.33729205,0,0
2.33779185,0,1
2.33829185,0,0
2.33879165,0,1
2.3392917,0,0
2.3397915,0,1
2.3402916,0,0
2.3407913,0,1
2.34129125,0,0
2.341791,0,1
2.3422911,0,0
2.3427909,0,1
2.34329095,0,0
2.34379075,0,1
2.3442908,0,0
2.3447906,0,1
2.34529065,0,0
2.3457904,0,1
2.3462904,0,0
2.3467902,0,1
2.3472902,0,0
2.34778995,0,1
2.34828995,0,0
2.34878965,0,1
2.34928965,0,0
2.3497894,0,1
2.3502894,0,0
2.35078915,0,1
2.35128915,0,0
2.35178895,0,1
2.352289,0,0
2.3527888,0,1
2.35328885,0,0
2.3537886,0,1
2.35428865,0,0
2.3547884,0,1
2.3552884,0,0
2.35578815,0,1
2.35628825,0,0
2.35678805,0,1
2.35728805,0,0
2.35778785,0,1
2.35828785,0,0
2.3587877,0,1
2.3592877,0,0
2.3597875,0,1
2.36028755,0,0
2.36078735,0,1
2.3612874,0,0
2.3617872,0,1
2.36228725,0,0
2.36278705,0,1
2.36328705,0,0
2.36378685,0,1
2.3642869,0,0
2.3647867,0,1
2.36528675,0,0
2.36578655,0,1
2.3662866,0,0
2.3667864,0,1
2.36728645,0,0
2.36778625,0,1
2.36828625,0,0
2.36878605,0,1
2.36928605,0,0
2.3697858,0,1
2.3702859,0,0
2.3707857,0,1
2.37128575,0,0
2.37178555,0,1
2.37228555,0,0
2.37278535,0,1
2.37328535,0,0
2.37378515,0,1
2.37428515,0,0
2.37478495,0,1
2.375285,0,0
2.37578475,0,1
2.3762848,0,0
2.37678455,0,1
2.37728455,0,0
2.37778435,0,1
2.3782844,0,0
2.37878415,0,1
2.3792842,0,0
2.37978395,0,1
2.380284,0,0
2.38078375,0,1
2.3812838,0,0
2.38178355,0,1
2.38228355,0,0
2.3827833,0,1
2.38328335,0,0
2.38378315,0,1
2.38428315,0,0
2.3847829,0,1
2.3852829,0,0
2.38578265,0,1
2.38628265,0,0
2.38678245,0,1
2.3872825,0,0
2.38778225,0,1
2.38828225,0,0
2.38878195,0,1
2.3892819,0,0
2.38978165,0,1
2.39028165,0,0
2.3907814,0,1
2.39128145,0,0
2.3917812,0,1
2.39228115,0,0
2.3927809,0,1
2.39328085,0,0
2.3937805,0,1
2.3942805,0,0
2.3947802,0,1
2.39528015,0,0
2.3957799,0,1
2.3962799,0,0
2.3967796,0,1
2.39727955,0,0
2.3977793,0,1
2.39827925,0,0
2.39877895,0,1
2.3992789,0,0
2.39977865,0,1
2.40027865,0,0
2.40077835,0,1
2.40127835,0,0
2.401778,0,1
2.402278,0,0
2.40277775,0,1
2.4032778,0,0
2.40377755,0,1
2.4042776,0,0
2.40477735,0,1
2.40527735,0,0
2.4057771,0,1
2.4062771,0,0
2.40677685,0,1
2.4072768,0,0
2.40777655,0,1
2.40827655,0,0
2.4087763,0,1
2.4092763,0,0
2.409776,0,1
2.410276,0,0
2.41077575,0,1
2.41127575,0,0
2.4117755,0,1
2.41227555,0,0
2.41277535,0,1
2.41327535,0,0
2.41377505,0,1
2.41427505,0,0
2.41477475,0,1
2.4152747,0,0
2.41577435,0,1
2.4162743,0,0
2.416774,0,1
2.41727395,0,0
2.41777375,0,1
2.41827375,0,0
2.4187735,0,1
2.4192735,0,0
2.41977325,0,1
2.42027325,0,0
2.42077305,0,1
2.42127305,0,0
2.42177275,0,1
2.42227275,0,0
2.42277245,0,1
2.42327245,0,0
2.4237722,0,1
2.42427225,0,0
2.42477195,0,1
2.42527195,0,0
2.42577165,0,1
2.4262717,0,0
2.4267714,0,1
2.4272714,0,0
2.42777115,0,1
2.4282712,0,0
2.42877095,0,1
2.42927095,0,0
2.4297707,0,1
2.4302707,0,0
2.43077045,0,1
2.43127045,0,0
2.4317702,0,1
2.4322702,0,0
2.43277,0,1
2.43327,0,0
2.4337698,0,1
2.4342698,0,0
2.4347696,0,1
2.43526955,0,0
2.43576925,0,1
2.43626925,0,0
2.436769,0,1
2.43726895,0,0
2.4377687,0,1
2.43826865,0,0
2.43876835,0,1
2.43926835,0,0
2.4397681,0,1
2.4402681,0,0
2.44076785,0,1
2.4412679,0,0
2.44176765,0,1
2.44226765,0,0
2.44276745,0,1
2.44326745,0,0
2.4437672,0,1
2.44426725,0,0
2.44476695,0,1
2.44526695,0,0
2.4457667,0,1
2.4462667,0,0
2.4467664,0,1
2.44726635,0,0
2.4477661,0,1
2.4482661,0,0
2.4487658,0,1
2.4492658,0,0
2.4497655,0,1
2.45026545,0,0
2.45076515,0,1
2.45126515,0,0
2.45176485,0,1
2.4522648,0,0
2.45276455,0,1
2.45326455,0,0
2.4537643,0,1
2.4542643,0,0
2.45476405,0,1
2.455264,0,0
2.4557637,0,1
2.45626365,0,0
2.4567634,0,1
2.4572634,0,0
2.45776315,0,1
2.4582631,0,0
2.4587629,0,1
2.45926295,0,0
2.4597627,0,1
2.46026275,0,0
2.46076255,0,1
2.4612626,0,0
2.4617623,0,1
2.4622623,0,0
2.46276205,0,1
2.46326205,0,0
2.4637618,0,1
2.4642618,0,0
2.4647616,0,1
2.46526165,0,0
2.4657614,0,1
2.46626145,0,0
2.4667612,0,1
2.4672612,0,0
2.4677609,0,1
2.46826095,0,0
2.46876065,0,1
2.4692607,0,0
2.4697605,0,1
2.4702605,0,0
2.47076025,0,1
2.47126025,0,0
2.47175995,0,1
2.47226,0,0
2.47275975,0,1
2.47325975,0,0
2.4737595,0,1
2.4742595,0,0
2.47475925,0,1
2.4752593,0,0
2.4757591,0,1
2.47625915,0,0
2.4767589,0,1
2.4772589,0,0
2.4777587,0,1
2.47825875,0,0
2.47875855,0,1
2.4792586,0,0
2.4797584,0,1
2.4802584,0,0
2.48075815,0,1
2.4812581,0,0
2.4817578,0,1
2.48225775,0,0
2.4827574,0,1
2.4832574,0,0
2.48375715,0,1
2.4842571,0,0
2.4847568,0,1
2.48525685,0,0
2.4857566,0,1
2.48625655,0,0
2.48675635,0,1
2.4872563,0,0
2.48775605,0,1
2.4882561,0,0
2.4887559,0,1
2.4892559,0,0
2.48975565,0,1
2.49025565,0,0
2.4907554,0,1
2.4912554,0,0
2.49175515,0,1
2.4922552,0,0
2.49275495,0,1
2.493255,0,0
2.49375475,0,1
2.49425475,0,0
2.49475455,0,1
2.4952546,0,0
2.49575435,0,1
2.49625435,0,0
2.4967541,0,1
2.4972541,0,0
2.49775385,0,1
2.4982539,0,0
2.49875365,0,1
2.49925365,0,0
2.49975345,0,1
2.50025345,0,0
2.5007532,0,1
2.5012532,0,0
2.50175295,0,1
2.50225295,0,0
2.50275265,0,1
2.5032526,0,0
2.50375235,0,1
2.5042524,0,0
2.50475215,0,1
2.50525215,0,0
2.5057519,0,1
2.50625195,0,0
2.5067517,0,1
2.5072517,0,0
2.5077515,0,1
2.5082515,0,0
2.5087512,0,1
2.5092512,0,0
2.5097509,0,1
2.51025085,0,0
2.51075055,0,1
2.51125055,0,0
2.51175025,0,1
2.51225025,0,0
2.51275,0,1
2.51324995,0,0
2.5137497,0,1
2.5142497,0,0
2.51474945,0,1
2.51524945,0,0
2.5157492,0,1
2.51624915,0,0
2.5167489,0,1
2.5172489,0,0
2.51774865,0,1
2.51824865,0,0
2.5187484,0,1
2.5192484,0,0
2.51974825,0,1
2.52024825,0,0
2.52074805,0,1
2.5212481,0,0
2.5217478,0,1
2.52224785,0,0
2.5227476,0,1
2.52324765,0,0
2.52374745,0,1
2.5242475,0,0
2.5247473,0,1
2.52524735,0,0
2.52574715,0,1
2.52624715,0,0
2.5267469,0,1
2.5272469,0,0
2.52774665,0,1
2.52824665,0,0
2.52874645,0,1
2.52924645,0,0
2.52974625,0,1
2.53024625,0,0
2.530746,0,1
2.53124595,0,0
2.53174575,0,1
2.53224575,0,0
2.53274545,0,1
2.53324545,0,0
2.5337452,0,1
2.53424515,0,0
2.53474485,0,1
2.5352448,0,0
2.5357445,0,1
2.53624445,0,0
2.5367442,0,1
2.5372442,0,0
2.5377439,0,1
2.5382439,0,0
2.5387436,0,1
2.53924355,0,0
2.53974325,0,1
2.54024325,0,0
2.54074295,0,1
2.54124295,0,0
2.54174265,0,1
2.54224265,0,0
2.54274235,0,1
2.54324235,0,0
2.5437421,0,1
2.5442421,0,0
2.54474185,0,1
2.54524185,0,0
2.5457416,0,1
2.5462416,0,0
2.54674135,0,1
2.5472413,0,0
2.54774105,0,1
2.54824105,0,0
2.54874075,0,1
2.54924075,0,0
2.54974045,0,1
2.5502404,0,0
2.5507401,0,1
2.55124005,0,0
2.55173975,0,1
2.55223965,0,0
2.5527394,0,1
2.5532394,0,0
2.5537391,0,1
2.55423905,0,0
2.5547388,0,1
2.55523875,0,0
2.5557385,0,1
2.5562385,0,0
2.5567383,0,1
2.55723835,0,0
2.5577381,0,1
2.55823815,0,0
2.5587379,0,1
2.55923795,0,0
2.5597377,0,1
2.56023775,0,0
2.56073745,0,1
2.5612375,0,0
2.56173725,0,1
2.5622372,0,0
2.5627369,0,1
2.56323695,0,0
2.5637367,0,1
2.5642367,0,0
2.56473645,0,1
2.56523645,0,0
2.56573625,0,1
2.5662362,0,0
2.56673595,0,1
2.56723595,0,0
2.56773575,0,1
2.56823575,0,0
2.56873545,0,1
2.56923545,0,0
2.56973515,0,1
2.5702351,0,0
2.5707348,0,1
2.57123475,0,0
2.5717345,0,1
2.5722345,0,0
2.57273425,0,1
2.5732342,0,0
2.5737339,0,1
2.5742339,0,0
2.57473365,0,1
2.57523365,0,0
2.5757334,0,1
2.5762334,0,0
2.57673315,0,1
2.5772331,0,0
2.57773285,0,1
2.57823285,0,0
2.5787326,0,1
2.57923265,0,0
2.5797324,0,1
2.58023245,0,0
2.5807322,0,1
2.5812322,0,0
2.581732,0,1
2.582232,0,0
2.58273175,0,1
2.5832318,0,0
2.5837315,0,1
2.5842315,0,0
2.5847312,0,1
2.5852312,0,0
2.58573095,0,1
2.5862309,0,0
2.58673065,0,1
2.5872306,0,0
2.58773035,0,1
2.58823035,0,0
2.58873005,0,1
2.5892301,0,0
2.5897298,0,1
2.59022985,0,0
2.5907296,0,1
2.5912296,0,0
2.59172935,0,1
2.5922293,0,0
2.59272905,0,1
2.59322905,0,0
2.5937288,0,1
2.59422885,0,0
2.5947286,0,1
2.5952286,0,0
2.59572835,0,1
2.5962284,0,0
2.5967282,0,1
2.59722815,0,0
2.5977279,0,1
2.59822795,0,0
2.59872765,0,1
2.59922765,0,0
2.5997274,0,1
2.6002274,0,0
2.60072715,0,1
2.60122715,0,0
2.60172685,0,1
2.6022269,0,0
2.60272665,0,1
2.60322665,0,0
2.60372645,0,1
2.6042265,0,0
2.60472625,0,1
2.6052263,0,0
2.60572605,0,1
2.606226,0,0
2.60672575,0,1
2.60722575,0,0
2.6077255,0,1
2.60822545,0,0
2.60872525,0,1
2.6092252,0,0
2.6097249,0,1
2.6102249,0,0
2.61072465,0,1
2.6112246,0,0
2.61172435,0,1
2.6122243,0,0
2.61272405,0,1
2.61322405,0,0
2.61372375,0,1
2.6142238,0,0
2.61472355,0,1
2.6152236,0,0
2.6157233,0,1
2.61622335,0,0
2.6167231,0,1
2.61722315,0,0
2.6177229,0,1
2.61822295,0,0
2.6187227,0,1
2.61922275,0,0
2.6197225,0,1
2.62022255,0,0
2.62072235,0,1
2.62122235,0,0
2.6217221,0,1
2.6222221,0,0
2.6227219,0,1
2.6232219,0,0
2.62372165,0,1
2.62422165,0,0
2.62472145,0,1
2.62522145,0,0
2.62572125,0,1
2.62622125,0,0
2.626721,0,1
2.62722105,0,0
2.6277208,0,1
2.62822085,0,0
2.6287206,0,1
2.6292206,0,0
2.6297204,0,1
2.6302204,0,0
2.6307202,0,1
2.63122025,0,0
2.63172,0,1
2.63222005,0,0
2.6327198,0,1
2.63321985,0,0
2.63371955,0,1
2.63421965,0,0
2.63471945,0,1
2.63521945,0,0
2.6357193,0,1
2.63621935,0,0
2.63671915,0,1
2.63721915,0,0
2.6377189,0,1
2.63821895,0,0
2.6387187,0,1
2.63921875,0,0
2.63971845,0,1
2.6402184,0,0
2.64071815,0,1
2.64121815,0,0
2.6417179,0,1
2.6422179,0,0
2.6427176,0,1
2.64321755,0,0
2.64371725,0,1
2.64421725,0,0
2.644717,0,1
2.64521705,0,0
2.6457168,0,1
2.64621685,0,0
2.6467166,0,1
2.64721655,0,0
2.6477163,0,1
2.6482163,0,0
2.648716,0,1
2.64921605,0,0
2.6497158,0,1
2.6502158,0,0
2.6507156,0,1
2.6512156,0,0
2.65171535,0,1
2.65221535,0,0
2.6527151,0,1
2.65321515,0,0
2.6537149,0,1
2.6542149,0,0
2.6547147,0,1
2.6552147,0,0
2.6557145,0,1
2.6562145,0,0
2.6567143,0,1
2.6572143,0,0
2.65771405,0,1
2.65821405,0,0
2.65871385,0,1
2.65921385,0,0
2.65971365,0,1
2.66021365,0,0
2.66071345,0,1
2.6612134,0,0
2.66171325,0,1
2.6622133,0,0
2.66271305,0,1
2.66321315,0,0
2.66371295,0,1
2.664213,0,0
2.6647128,0,1
2.6652128,0,0
2.6657126,0,1
2.6662126,0,0
2.66671235,0,1
2.6672124,0,0
2.6677122,0,1
2.66821225,0,0
2.66871205,0,1
2.6692121,0,0
2.6697119,0,1
2.6702119,0,0
2.67071165,0,1
2.6712117,0,0
2.6717115,0,1
2.67221155,0,0
2.67271135,0,1
2.67321135,0,0
2.67371115,0,1
2.6742112,0,0
2.67471095,0,1
2.67521095,0,0
2.6757107,0,1
2.67621075,0,0
2.67671055,0,1
2.6772106,0,0
2.6777104,0,1
2.6782104,0,0
2.6787102,0,1
2.6792102,0,0
2.67971,0,1
2.68021,0,0
2.6807098,0,1
2.6812098,0,0
2.68170955,0,1
2.68220955,0,0
2.6827093,0,1
2.6832093,0,0
2.683709,0,1
2.684209,0,0
2.68470885,0,1
2.68520885,0,0
2.6857086,0,1
2.6862086,0,0
2.68670835,0,1
2.68720835,0,0
2.6877081,0,1
2.6882081,0,0
2.6887079,0,1
2.68920785,0,0
2.68970755,0,1
2.69020755,0,0
2.69070725,0,1
2.6912072,0,0
2.6917069,0,1
2.69220685,0,0
2.6927066,0,1
2.69320655,0,0
2.6937063,0,1
2.69420625,0,0
2.69470595,0,1
2.69520585,0,0
2.69570555,0,1
2.6962055,0,0
2.6967052,0,1
2.69720515,0,0
2.6977049,0,1
2.69820485,0,0
2.69870455,0,1
2.69920455,0,0
2.69970425,0,1
2.70020425,0,0
2.70070395,0,1
2.70120395,0,0
2.70170375,0,1
2.7022038,0,0
2.7027036,0,1
2.7032036,0,0
2.70370335,0,1
2.70420335,0,0
2.70470305,0,1
2.705203,0,0
2.7057028,0,1
2.70620275,0,0
2.7067025,0,1
2.7072025,0,0
2.70770225,0,1
2.7082023,0,0
2.70870205,0,1
2.70920205,0,0
2.7097018,0,1
2.7102018,0,0
2.71070155,0,1
2.7112015,0,0
2.7117012,0,1
2.71220115,0,0
2.71270085,0,1
2.7132008,0,0
2.71370055,0,1
2.71420055,0,0
2.7147003,0,1
2.71520025,0,0
2.71569995,0,1
2.71619995,0,0
2.71669965,0,1
2.71719965,0,0
2.7176994,0,1
2.7181994,0,0
2.7186991,0,1
2.7191991,0,0
2.71969885,0,1
2.7201988,0,0
2.7206985,0,1
2.72119845,0,0
2.72169815,0,1
2.72219815,0,0
2.7226979,0,1
2.72319785,0,0
2.72369755,0,1
2.7241975,0,0
2.7246973,0,1
2.72519725,0,0
2.72569705,0,1
2.726197,0,0
2.72669675,0,1
2.72719675,0,0
2.7276965,0,1
2.7281965,0,0
2.72869625,0,1
2.72919625,0,0
2.72969605,0,1
2.73019605,0,0
2.73069575,0,1
2.7311958,0,0
2.73169555,0,1
2.73219555,0,0
2.7326953,0,1
2.7331953,0,0
2.73369505,0,1
2.73419505,0,0
2.7346948,0,1
2.73519475,0,0
2.7356945,0,1
2.7361945,0,0
2.73669425,0,1
2.73719425,0,0
2.73769395,0,1
2.73819395,0,0
2.73869365,0,1
2.73919365,0,0
2.7396934,0,1
2.7401934,0,0
2.74069315,0,1
2.74119315,0,0
2.7416929,0,1
2.74219285,0,0
2.74269255,0,1
2.74319255,0,0
2.7436923,0,1
2.7441923,0,0
2.74469205,0,1
2.745192,0,0
2.74569175,0,1
2.7461917,0,0
2.74669135,0,1
2.74719125,0,0
2.7476909,0,1
2.74819085,0,0
2.7486906,0,1
2.74919055,0,0
2.74969025,0,1
2.7501902,0,0
2.75068995,0,1
2.7511899,0,0
2.75168965,0,1
2.75218965,0,0
2.7526894,0,1
2.7531893,0,0
2.753689,0,1
2.75418895,0,0
2.75468865,0,1
2.7551886,0,0
2.7556883,0,1
2.7561883,0,0
2.75668805,0,1
2.757188,0,0
2.75768775,0,1
2.75818775,0,0
2.7586875,0,1
2.7591875,0,0
2.7596872,0,1
2.76018715,0,0
2.7606868,0,1
2.7611868,0,0
2.76168655,0,1
2.7621865,0,0
2.76268625,0,1
2.7631862,0,0
2.7636859,0,1
2.7641859,0,0
2.76468565,0,1
2.76518565,0,0
2.7656854,0,1
2.76618535,0,0
2.7666851,0,1
2.7671851,0,0
2.7676848,0,1
2.7681848,0,0
2.7686845,0,1
2.7691845,0,0
2.76968425,0,1
2.7701842,0,0
2.77068395,0,1
2.77118395,0,0
2.77168365,0,1
2.7721836,0,0
2.7726833,0,1
2.77318335,0,0
2.7736831,0,1
2.77418305,0,0
2.77468285,0,1
2.77518285,0,0
2.7756826,0,1
2.7761826,0,0
2.7766824,0,1
2.7771824,0,0
2.7776822,0,1
2.7781822,0,0
2.77868195,0,1
2.77918195,0,0
2.7796817,0,1
2.7801817,0,0
2.7806814,0,1
2.78118135,0,0
2.7816811,0,1
2.7821811,0,0
2.78268085,0,1
2.7831808,0,0
2.78368055,0,1
2.7841805,0,0
2.78468025,0,1
2.7851802,0,0
2.78567995,0,1
2.78617995,0,0
2.78667965,0,1
2.78717965,0,0
2.7876794,0,1
2.7881794,0,0
2.78867915,0,1
2.78917915,0,0
2.7896789,0,1
2.7901789,0,0
2.79067865,0,1
2.7911787,0,0
2.79167845,0,1
2.7921785,0,0
2.79267825,0,1
2.79317835,0,0
2.7936781,0,1
2.7941781,0,0
2.7946779,0,1
2.79517785,0,0
2.79567755,0,1
2.79617755,0,0
2.79667725,0,1
2.79717725,0,0
2.797677,0,1
2.79817705,0,0
2.79867685,0,1
2.7991769,0,0
2.7996767,0,1
2.80017675,0,0
2.8006765,0,1
2.8011765,0,0
2.8016763,0,1
2.80217635,0,0
2.8026761,0,1
2.80317615,0,0
2.8036759,0,1
2.80417595,0,0
2.8046757,0,1
2.80517575,0,0
2.8056755,0,1
2.80617555,0,0
2.8066753,0,1
2.80717525,0,0
2.80767505,0,1
2.80817505,0,0
2.8086748,0,1
2.80917485,0,0
2.8096746,0,1
2.8101746,0,0
2.81067435,0,1
2.8111744,0,0
2.81167415,0,1
2.8121742,0,0
2.812674,0,1
2.813174,0,0
2.8136738,0,1
2.8141738,0,0
2.8146736,0,1
2.81517365,0,0
2.81567345,0,1
2.8161735,0,0
2.8166733,0,1
2.8171733,0,0
2.81767305,0,1
2.8181731,0,0
2.81867285,0,1
2.81917285,0,0
2.8196726,0,1
2.8201726,0,0
2.82067235,0,1
2.82117245,0,0
2.82167225,0,1
2.82217225,0,0
2.8226721,0,1
2.82317215,0,0
2.823672,0,1
2.82417205,0,0
2.82467185,0,1
2.82517195,0,0
2.8256717,0,1
2.82617175,0,0
2.82667155,0,1
2.82717165,0,0
2.8276715,0,1
2.82817155,0,0
2.8286714,0,1
2.8291715,0,0
2.8296714,0,1
2.83017145,0,0
2.83067135,0,1
2.8311714,0,0
2.83167125,0,1
2.8321713,0,0
2.83267115,0,1
2.83317125,0,0
2.8336711,0,1
2.83417115,0,0
2.83467095,0,1
2.83517105,0,0
2.8356709,0,1
2.83617095,0,0
2.83667075,0,1
2.83717075,0,0
2.83767055,0,1
2.8381706,0,0
2.8386704,0,1
2.8391704,0,0
2.8396702,0,1
2.84017025,0,0
2.84067,0,1
2.84117005,0,0
2.84166985,0,1
2.8421699,0,0
2.8426697,0,1
2.8431697,0,0
2.8436695,0,1
2.8441695,0,0
2.84466935,0,1
2.8451694,0,0
2.8456692,0,1
2.84616925,0,0
2.8466691,0,1
2.84716915,0,0
2.84766895,0,1
2.84816895,0,0
2.84866875,0,1
2.8491688,0,0
2.8496686,0,1
2.85016865,0,0
2.85066845,0,1
2.8511685,0,0
2.8516683,0,1
2.8521684,0,0
2.8526682,0,1
2.85316825,0,0
2.85366805,0,1
2.8541681,0,0
2.85466785,0,1
2.85516785,0,0
2.85566765,0,1
2.85616765,0,0
2.8566674,0,1
2.85716745,0,0
2.8576672,0,1
2.85816725,0,0
2.858667,0,1
2.859167,0,0
2.85966675,0,1
2.86016675,0,0
2.8606665,0,1
2.8611665,0,0
2.86166625,0,1
2.8621663,0,0
2.86266605,0,1
2.8631661,0,0
2.86366585,0,1
2.8641659,0,0
2.86466565,0,1
2.86516565,0,0
2.86566545,0,1
2.8661655,0,0
2.8666653,0,1
2.86716535,0,0
2.86766515,0,1
2.8681652,0,0
2.86866495,0,1
2.86916505,0,0
2.8696648,0,1
2.87016485,0,0
2.87066465,0,1
2.8711647,0,0
2.87166455,0,1
2.8721646,0,0
2.8726644,0,1
2.87316445,0,0
2.8736642,0,1
2.8741643,0,0
2.8746641,0,1
2.8751642,0,0
2.875664,0,1
2.87616405,0,0
2.87666385,0,1
2.8771639,0,0
2.8776637,0,1
2.87816375,0,0
2.8786635,0,1
2.8791635,0,0
2.8796633,0,1
2.88016335,0,0
2.88066315,0,1
2.8811631,0,0
2.8816629,0,1
2.88216295,0,0
2.88266275,0,1
2.88316285,0,0
2.8836627,0,1
2.8841628,0,0
2.88466265,0,1
2.88516275,0,0
2.88566255,0,1
2.88616265,0,0
2.8866625,0,1
2.8871626,0,0
2.8876624,0,1
2.8881625,0,0
2.8886623,0,1
2.88916235,0,0
2.8896622,0,1
2.8901623,0,0
2.89066215,0,1
2.89116225,0,0
2.8916621,0,1
2.8921622,0,0
2.89266205,0,1
2.89316215,0,0
2.893662,0,1
2.8941621,0,0
2.894662,0,1
2.8951621,0,0
2.89566195,0,1
2.89616205,0,0
2.8966619,0,1
2.89716205,0,0
2.8976619,0,1
2.898162,0,0
2.8986619,0,1
2.899162,0,0
2.89966185,0,1
2.90016195,0,0
2.9006618,0,1
2.9011619,0,0
2.90166175,0,1
2.9021618,0,0
2.9026617,0,1
2.9031618,0,0
2.9036617,0,1
2.9041618,0,0
2.9046617,0,1
2.90516185,0,0
2.9056617,0,1
2.90616185,0,0
2.9066617,0,1
2.9071618,0,0
2.9076617,0,1
2.90816185,0,0
2.90866175,0,1
2.90916185,0,0
2.9096617,0,1
2.9101618,0,0
2.9106617,0,1
2.9111618,0,0
2.91166165,0,1
2.9121617,0,0
2.91266155,0,1
2.91316165,0,0
2.91366145,0,1
2.91416155,0,0
2.91466135,0,1
2.91516145,0,0
2.9156613,0,1
2.9161614,0,0
2.9166612,0,1
2.91716135,0,0
2.9176612,0,1
2.91816135,0,0
2.9186612,0,1
2.9191613,0,0
2.91966115,0,1
2.9201612,0,0
2.92066105,0,1
2.92116115,0,0
2.92166095,0,1
2.922161,0,0
2.92266085,0,1
2.9231609,0,0
2.92366075,0,1
2.9241608,0,0
2.9246607,0,1
2.92516075,0,0
2.9256606,0,1
2.9261607,0,0
2.92666055,0,1
2.92716065,0,0
2.92766055,0,1
2.92816065,0,0
2.92866055,0,1
2.9291607,0,0
2.9296606,0,1
2.9301607,0,0
2.93066055,0,1
2.9311607,0,0
2.93166055,0,1
2.93216065,0,0
2.93266055,0,1
2.93316065,0,0
2.9336605,0,1
2.93416055,0,0
2.93466045,0,1
2.93516055,0,0
2.93566045,0,1
2.9361605,0,0
2.93666035,0,1
2.93716045,0,0
2.93766035,0,1
2.93816045,0,0
2.9386603,0,1
2.9391604,0,0
2.93966025,0,1
2.9401604,0,0
2.9406602,0,1
2.9411603,0,0
2.94166015,0,1
2.94216025,0,0
2.9426601,0,1
2.9431602,0,0
2.9436601,0,1
2.9441602,0,0
2.9446601,0,1
2.94516025,0,0
2.94566015,0,1
2.9461603,0,0
2.94666015,0,1
2.94716025,0,0
2.94766015,0,1
2.9481603,0,0
2.94866025,0,1
2.94916035,0,0
2.94966025,0,1
2.9501604,0,0
2.9506603,0,1
2.9511604,0,0
2.95166025,0,1
2.95216035,0,0
2.9526602,0,1
2.95316025,0,0
2.95366005,0,1
2.95416015,0,0
2.95466,0,1
2.95516005,0,0
2.95565995,0,1
2.95616005,0,0
2.9566599,0,1
2.95716005,0,0
2.95765985,0,1
2.95816005,0,0
2.9586599,0,1
2.9591601,0,0
2.95966,0,1
2.9601601,0,0
2.96066,0,1
2.9611601,0,0
2.96165995,0,1
2.9621601,0,0
2.9626599,0,1
2.96316,0,0
2.9636599,0,1
2.96416,0,0
2.9646599,0,1
2.96516005,0,0
2.96565995,0,1
2.96616005,0,0
2.96665995,0,1
2.96716005,0,0
2.96765995,0,1
2.96816005,0,0
2.96865995,0,1
2.96916005,0,0
2.96965995,0,1
2.97016,0,0
2.97065975,0,1
2.9711598,0,0
2.9716596,0,1
2.9721597,0,0
2.9726595,0,1
2.9731596,0,0
2.9736594,0,1
2.97415945,0,0
2.9746593,0,1
2.9751594,0,0
2.9756592,0,1
2.97615925,0,0
2.97665905,0,1
2.97715905,0,0
2.9776589,0,1
2.97815895,0,0
2.9786588,0,1
2.9791589,0,0
2.9796587,0,1
2.9801588,0,0
2.9806586,0,1
2.98115865,0,0
2.9816584,0,1
2.98215845,0,0
2.98265825,0,1
2.98315835,0,0
2.9836582,0,1
2.9841583,0,0
2.98465815,0,1
2.98515825,0,0
2.98565805,0,1
2.98615815,0,0
2.98665795,0,1
2.98715795,0,0
2.98765775,0,1
2.9881578,0,0
2.98865765,0,1
2.98915775,0,0
2.9896576,0,1
2.9901577,0,0
2.99065755,0,1
2.9911576,0,0
2.9916574,0,1
2.99215745,0,0
2.99265725,0,1
2.9931573,0,0
2.9936571,0,1
2.9941572,0,0
2.994657,0,1
2.9951571,0,0
2.9956569,0,1
2.99615695,0,0
2.9966568,0,1
2.99715685,0,0
2.99765665,0,1
2.99815675,0,0
2.9986566,0,1
2.9991567,0,0
2.99965655,0,1
3.00015665,0,0
3.0006565,0,1
3.0011566,0,0
3.00165645,0,1
3.0021565,0,0
3.00265635,0,1
3.00315645,0,0
3.0036563,0,1
3.00415645,0,0
3.0046563,0,1
3.0051564,0,0
3.0056563,0,1
3.0061564,0,0
3.00665625,0,1
3.00715635,0,0
3.00765625,0,1
3.00815635,0,0
3.00865625,0,1
3.0091564,0,0
3.00965625,0,1
3.01015635,0,0
3.01065625,0,1
3.01115635,0,0
3.0116562,0,1
3.0121563,0,0
3.01265615,0,1
3.01315625,0,0
3.01365605,0,1
3.01415615,0,0
3.01465595,0,1
3.015156,0,0
3.01565575,0,1
3.01615575,0,0
3.01665555,0,1
3.01715555,0,0
3.01765535,0,1
3.0181554,0,0
3.01865525,0,1
3.0191553,0,0
3.01965515,0,1
3.02015525,0,0
3.02065505,0,1
3.02115505,0,0
3.02165485,0,1
3.0221549,0,0
3.02265475,0,1
3.02315485,0,0
3.02365465,0,1
3.02415465,0,0
3.0246544,0,1
3.02515445,0,0
3.0256542,0,1
3.0261542,0,0
3.02665395,0,1
3.027154,0,0
3.0276538,0,1
3.0281539,0,0
3.02865375,0,1
3.0291538,0,0
3.02965355,0,1
3.0301536,0,0
3.03065335,0,1
3.0311534,0,0
3.0316532,0,1
3.03215325,0,0
3.03265305,0,1
3.0331531,0,0
3.0336529,0,1
3.034153,0,0
3.0346528,0,1
3.03515285,0,0
3.0356527,0,1
3.0361527,0,0
3.03665255,0,1
3.0371526,0,0
3.0376524,0,1
3.0381525,0,0
3.03865235,0,1
3.0391524,0,0
3.0396522,0,1
3.0401522,0,0
3.04065195,0,1
3.041152,0,0
3.04165175,0,1
3.0421518,0,0
3.04265155,0,1
3.0431516,0,0
3.04365135,0,1
3.0441514,0,0
3.04465115,0,1
3.04515115,0,0
3.04565095,0,1
3.04615095,0,0
3.04665075,0,1
3.0471508,0,0
3.0476506,0,1
3.04815065,0,0
3.0486504,0,1
3.04915045,0,0
3.04965025,0,1
3.0501503,0,0
3.0506501,0,1
3.0511501,0,0
3.0516499,0,1
3.0521499,0,0
3.0526497,0,1
3.0531497,0,0
3.05364955,0,1
3.05414955,0,0
3.0546494,0,1
3.05514945,0,0
3.05564925,0,1
3.05614935,0,0
3.05664915,0,1
3.0571492,0,0
3.05764905,0,1
3.05814905,0,0
3.05864885,0,1
3.0591489,0,0
3.05964865,0,1
3.0601487,0,0
3.06064845,0,1
3.06114845,0,0
3.06164825,0,1
3.0621483,0,0
3.0626481,0,1
3.06314815,0,0
3.06364795,0,1
3.064148,0,0
3.0646478,0,1
3.0651479,0,0
3.06564775,0,1
3.06614785,0,0
3.06664765,0,1
3.0671477,0,0
3.0676475,0,1
3.06814755,0,0
3.06864735,0,1
3.0691474,0,0
3.06964725,0,1
3.0701473,0,0
3.07064705,0,1
3.0711471,0,0
3.0716469,0,1
3.0721469,0,0
3.07264665,0,1
3.0731466,0,0
3.0736463,0,1
3.0741463,0,0
3.07464605,0,1
3.07514605,0,0
3.0756458,0,1
3.07614575,0,0
3.07664555,0,1
3.0771455,0,0
3.0776452,0,1
3.0781452,0,0
3.0786449,0,1
3.07914485,0,0
3.0796446,0,1
3.08014455,0,0
3.08064425,0,1
3.0811442,0,0
3.08164395,0,1
3.0821439,0,0
3.08264365,0,1
3.08314365,0,0
3.0836434,0,1
3.08414335,0,0
3.08464305,0,1
3.08514305,0,0
3.0856428,0,1
3.0861428,0,0
3.08664255,0,1
3.08714255,0,0
3.0876423,0,1
3.08814225,0,0
3.088642,0,1
3.089142,0,0
3.0896417,0,1
3.0901417,0,0
3.09064145,0,1
3.09114145,0,0
3.09164115,0,1
3.09214115,0,0
3.09264085,0,1
3.0931408,0,0
3.0936405,0,1
3.0941405,0,0
3.0946402,0,1
3.0951402,0,0
3.09563985,0,1
3.0961398,0,0
3.09663955,0,1
3.0971396,0,0
3.0976393,0,1
3.0981393,0,0
3.09863905,0,1
3.09913905,0,0
3.0996388,0,1
3.1001388,0,0
3.1006386,0,1
3.10113855,0,0
3.10163825,0,1
3.10213825,0,0
3.102638,0,1
3.10313805,0,0
3.10363785,0,1
3.1041379,0,0
3.10463765,0,1
3.1051377,0,0
3.10563745,0,1
3.1061375,0,0
3.1066373,0,1
3.10713735,0,0
3.1076371,0,1
3.1081371,0,0
3.10863685,0,1
3.10913685,0,0
3.1096366,0,1
3.1101366,0,0
3.11063635,0,1
3.11113635,0,0
3.1116361,0,1
3.1121361,0,0
3.11263585,0,1
3.11313585,0,0
3.1136356,0,1
3.1141356,0,0
3.11463535,0,1
3.11513535,0,0
3.11563515,0,1
3.1161351,0,0
3.1166349,0,1
3.1171349,0,0
3.11763465,0,1
3.1181347,0,0
3.1186345,0,1
3.1191345,0,0
3.1196343,0,1
3.1201344,0,0
3.1206342,0,1
3.1211343,0,0
3.1216341,0,1
3.1221342,0,0
3.122634,0,1
3.1231341,0,0
3.12363395,0,1
3.124134,0,0
3.12463385,0,1
3.12513395,0,0
3.1256337,0,1
3.12613375,0,0
3.1266336,0,1
3.1271337,0,0
3.1276335,0,1
3.12813355,0,0
3.12863335,0,1
3.1291334,0,0
3.1296332,0,1
3.13013325,0,0
3.1306331,0,1
3.1311332,0,0
3.131633,0,1
3.13213305,0,0
3.13263285,0,1
3.13313285,0,0
3.13363265,0,1
3.13413275,0,0
3.13463255,0,1
3.1351326,0,0
3.1356324,0,1
3.1361325,0,0
3.1366323,0,1
3.1371324,0,0
3.13763225,0,1
3.1381323,0,0
3.1386321,0,1
3.13913215,0,0
3.13963195,0,1
3.140132,0,0
3.1406318,0,1
3.1411318,0,0
3.14163155,0,1
3.1421316,0,0
3.1426314,0,1
3.1431314,0,0
3.1436312,0,1
3.14413125,0,0
3.14463105,0,1
3.14513105,0,0
3.14563085,0,1
3.1461309,0,0
3.14663065,0,1
3.1471307,0,0
3.14763045,0,1
3.14813045,0,0
3.14863025,0,1
3.14913025,0,0
3.14963,0,1
3.15013,0,0
3.15062975,0,1
3.1511298,0,0
3.1516297,0,1
3.1521298,0,0
3.1526297,0,1
3.1531298,0,0
3.1536297,0,1
3.1541298,0,0
3.15462965,0,1
3.1551298,0,0
3.1556297,0,1
3.15612985,0,0
3.1566297,0,1
3.1571298,0,0
3.15762965,0,1
3.15812975,0,0
3.15862965,0,1
3.1591298,0,0
3.1596296,0,1
3.1601297,0,0
3.16062955,0,1
3.1611296,0,0
3.1616294,0,1
3.16212945,0,0
3.16262925,0,1
3.16312935,0,0
3.16362915,0,1
3.16412925,0,0
3.16462915,0,1
3.1651292,0,0
3.16562905,0,1
3.1661292,0,0
3.16662905,0,1
3.1671292,0,0
3.167629,0,1
3.16812905,0,0
3.1686289,0,1
3.169129,0,0
3.16962885,0,1
3.170129,0,0
3.17062885,0,1
3.171129,0,0
3.1716289,0,1
3.172129,0,0
3.1726289,0,1
3.173129,0,0
3.1736289,0,1
3.174129,0,0
3.1746289,0,1
3.17512895,0,0
3.17562885,0,1
3.17612895,0,0
3.1766288,0,1
3.17712895,0,0
3.17762885,0,1
3.178129,0,0
3.1786289,0,1
3.179129,0,0
3.17962885,0,1
3.18012895,0,0
3.1806288,0,1
3.18112895,0,0
3.18162885,0,1
3.182129,0,0
3.1826289,0,1
3.183129,0,0
3.1836289,0,1
3.18412905,0,0
3.18462895,0,1
3.18512905,0,0
3.18562885,0,1
3.186129,0,0
3.1866288,0,1
3.18712885,0,0
3.1876287,0,1
3.18812885,0,0
3.1886287,0,1
3.18912875,0,0
3.18962855,0,1
3.19012865,0,0
3.19062845,0,1
3.19112855,0,0
3.19162835,0,1
3.19212845,0,0
3.19262825,0,1
3.1931283,0,0
3.1936281,0,1
3.1941282,0,0
3.19462805,0,1
3.1951282,0,0
3.19562805,0,1
3.1961281,0,0
3.19662795,0,1
3.197128,0,0
3.19762785,0,1
3.1981279,0,0
3.1986277,0,1
3.1991278,0,0
3.19962765,0,1
3.20012775,0,0
3.2006276,0,1
3.2011277,0,0
3.2016275,0,1
3.20212755,0,0
3.20262735,0,1
3.20312745,0,0
3.20362725,0,1
3.2041273,0,0
3.20462715,0,1
3.20512725,0,0
3.2056271,0,1
3.2061272,0,0
3.20662705,0,1
3.2071271,0,0
3.2076269,0,1
3.208127,0,0
3.20862685,0,1
3.20912695,0,0
3.20962675,0,1
3.21012675,0,0
3.2106265,0,1
3.21112655,0,0
3.21162635,0,1
3.21212635,0,0
3.21262615,0,1
3.2131262,0,0
3.213626,0,1
3.21412605,0,0
3.2146259,0,1
3.21512595,0,0
3.2156257,0,1
3.2161257,0,0
3.2166255,0,1
3.21712555,0,0
3.21762535,0,1
3.2181254,0,0
3.21862515,0,1
3.2191252,0,0
3.219625,0,1
3.22012505,0,0
3.22062485,0,1
3.2211249,0,0
3.2216247,0,1
3.2221247,0,0
3.2226245,0,1
3.22312455,0,0
3.22362435,0,1
3.22412445,0,0
3.22462425,0,1
3.2251243,0,0
3.22562415,0,1
3.2261242,0,0
3.226624,0,1
3.2271241,0,0
3.2276239,0,1
3.2281239,0,0
3.2286237,0,1
3.2291237,0,0
3.22962355,0,1
3.2301236,0,0
3.2306234,0,1
3.23112345,0,0
3.2316233,0,1
3.2321233,0,0
3.23262315,0,1
3.2331232,0,0
3.233623,0,1
3.2341231,0,0
3.2346229,0,1
3.23512295,0,0
3.23562275,0,1
3.23612285,0,0
3.23662265,0,1
3.23712275,0,0
3.23762255,0,1
3.2381226,0,0
3.2386224,0,1
3.2391225,0,0
3.2396223,0,1
3.2401224,0,0
3.24062225,0,1
3.2411223,0,0
3.24162215,0,1
3.2421222,0,0
3.24262205,0,1
3.2431221,0,0
3.243622,0,1
3.24412205,0,0
3.24462185,0,1
3.24512195,0,0
3.2456218,0,1
3.2461219,0,0
3.2466217,0,1
3.2471218,0,0
3.24762165,0,1
3.2481217,0,0
3.24862145,0,1
3.24912155,0,0
3.24962135,0,1
3.2501214,0,0
3.25062115,0,1
3.2511212,0,0
3.25162105,0,1
3.2521211,0,0
3.25262095,0,1
3.253121,0,0
3.2536208,0,1
3.2541209,0,0
3.2546207,0,1
3.25512075,0,0
3.25562055,0,1
3.25612065,0,0
3.2566205,0,1
3.25712055,0,0
3.25762035,0,1
3.2581204,0,0
3.25862015,0,1
3.2591202,0,0
3.25962,0,1
3.2601201,0,0
3.26061995,0,1
3.26112,0,0
3.26161985,0,1
3.2621199,0,0
3.2626197,0,1
3.26311975,0,0
3.26361955,0,1
3.2641196,0,0
3.2646194,0,1
3.2651194,0,0
3.2656192,0,1
3.26611925,0,0
3.26661905,0,1
3.26711905,0,0
3.2676189,0,1
3.26811895,0,0
3.2686188,0,1
3.26911885,0,0
3.2696187,0,1
3.2701187,0,0
3.27061855,0,1
3.27111865,0,0
3.2716185,0,1
3.2721186,0,0
3.2726184,0,1
3.2731185,0,0
3.2736183,0,1
3.27411835,0,0
3.2746182,0,1
3.27511835,0,0
3.2756182,0,1
3.2761183,0,0
3.2766181,0,1
3.2771182,0,0
3.27761805,0,1
3.27811815,0,0
3.278618,0,1
3.27911805,0,0
3.2796179,0,1
3.28011795,0,0
3.2806178,0,1
3.2811179,0,0
3.2816177,0,1
3.2821177,0,0
3.2826175,0,1
3.28311755,0,0
3.28361735,0,1
3.28411745,0,0
3.28461725,0,1
3.28511735,0,0
3.28561715,0,1
3.28611725,0,0
3.28661705,0,1
3.28711715,0,0
3.287617,0,1
3.28811705,0,0
3.2886169,0,1
3.28911695,0,0
3.2896168,0,1
3.2901169,0,0
3.2906168,0,1
3.2911169,0,0
3.29161675,0,1
3.2921169,0,0
3.29261675,0,1
3.29311685,0,0
3.2936167,0,1
3.2941168,0,0
3.2946166,0,1
3.2951167,0,0
3.2956165,0,1
3.2961166,0,0
3.2966164,0,1
3.2971165,0,0
3.2976164,0,1
3.2981165,0,0
3.2986163,0,1
3.29911635,0,0
3.2996162,0,1
3.30011625,0,0
3.30061605,0,1
3.30111615,0,0
3.30161595,0,1
3.302116,0,0
3.30261585,0,1
3.30311595,0,0
3.30361575,0,1
3.30411585,0,0
3.30461565,0,1
3.3051157,0,0
3.30561555,0,1
3.3061156,0,0
3.30661545,0,1
3.30711555,0,0
3.3076154,0,1
3.30811555,0,0
3.30861545,0,1
3.30911555,0,0
3.3096154,0,1
3.31011545,0,0
3.3106153,0,1
3.31111535,0,0
3.3116151,0,1
3.31211515,0,0
3.31261495,0,1
3.313115,0,0
3.3136148,0,1
3.31411485,0,0
3.3146146,0,1
3.31511465,0,0
3.3156144,0,1
3.31611445,0,0
3.3166142,0,1
3.31711425,0,0
3.31761405,0,1
3.3181141,0,0
3.3186139,0,1
3.31911395,0,0
3.31961375,0,1
3.3201138,0,0
3.3206136,0,1
3.32111365,0,0
3.32161345,0,1
3.3221135,0,0
3.32261335,0,1
3.32311345,0,0
3.32361335,0,1
3.3241135,0,0
3.32461335,0,1
3.3251134,0,0
3.3256132,0,1
3.32611325,0,0
3.3266131,0,1
3.32711315,0,0
3.327613,0,1
3.32811305,0,0
3.32861285,0,1
3.3291129,0,0
3.32961275,0,1
3.3301128,0,0
3.33061265,0,1
3.3311127,0,0
3.3316125,0,1
3.33211255,0,0
3.33261235,0,1
3.3331123,0,0
3.33361205,0,1
3.3341121,0,0
3.3346119,0,1
3.33511195,0,0
3.33561175,0,1
3.3361118,0,0
3.3366116,0,1
3.3371117,0,0
3.3376115,0,1
3.33811155,0,0
3.3386113,0,1
3.3391114,0,0
3.3396112,0,1
3.34011125,0,0
3.3406111,0,1
3.34111115,0,0
3.34161095,0,1
3.342111,0,0
3.3426108,0,1
3.3431108,0,0
3.3436106,0,1
3.34411065,0,0
3.34461045,0,1
3.34511055,0,0
3.34561035,0,1
3.3461104,0,0
3.34661025,0,1
3.34711035,0,0
3.34761015,0,1
3.34811025,0,0
3.3486101,0,1
3.3491102,0,0
3.34961005,0,1
3.3501101,0,0
3.3506099,0,1
3.35110995,0,0
3.3516098,0,1
3.3521099,0,0
3.3526097,0,1
3.35310975,0,0
3.35360955,0,1
3.3541096,0,0
3.3546094,0,1
3.35510945,0,0
3.35560925,0,1
3.35610935,0,0
3.35660915,0,1
3.35710925,0,0
3.35760905,0,1
3.3581091,0,0
3.3586089,0,1
3.3591089,0,0
3.3596087,0,1
3.36010875,0,0
3.36060855,0,1
3.3611086,0,0
3.3616084,0,1
3.36210845,0,0
3.36260825,0,1
3.3631083,0,0
3.36360805,0,1
3.3641081,0,0
3.3646079,0,1
3.36510795,0,0
3.3656078,0,1
3.3661079,0,0
3.3666077,0,1
3.36710775,0,0
3.3676076,0,1
3.36810765,0,0
3.3686075,0,1
3.36910755,0,0
3.3696074,0,1
3.3701075,0,0
3.37060735,0,1
3.37110745,0,0
3.3716072,0,1
3.3721073,0,0
3.3726071,0,1
3.3731072,0,0
3.373607,0,1
3.37410705,0,0
3.37460685,0,1
3.3751069,0,0
3.3756067,0,1
3.3761067,0,0
3.3766065,0,1
3.3771065,0,0
3.37760635,0,1
3.3781064,0,0
3.37860625,0,1
3.3791063,0,0
3.3796061,0,1
3.3801062,0,0
3.380606,0,1
3.38110615,0,0
3.38160595,0,1
3.382106,0,0
3.38260585,0,1
3.38310595,0,0
3.3836058,0,1
3.3841059,0,0
3.38460575,0,1
3.3851058,0,0
3.38560565,0,1
3.3861057,0,0
3.3866055,0,1
3.38710555,0,0
3.3876053,0,1
3.38810535,0,0
3.3886051,0,1
3.3891051,0,0
3.38960495,0,1
3.390105,0,0
3.39060475,0,1
3.39110485,0,0
3.39160465,0,1
3.39210475,0,0
3.39260455,0,1
3.39310455,0,0
3.39360435,0,1
3.3941044,0,0
3.39460425,0,1
3.3951043,0,0
3.39560415,0,1
3.39610415,0,0
3.396604,0,1
3.39710405,0,0
3.39760385,0,1
3.3981039,0,0
3.3986037,0,1
3.3991037,0,0
3.3996035,0,1
3.4001036,0,0
3.40060345,0,1
3.4011035,0,0
3.40160335,0,1
3.40210345,0,0
3.40260325,0,1
3.4031033,0,0
3.40360315,0,1
3.4041032,0,0
3.404603,0,1
3.40510305,0,0
3.40560285,0,1
3.4061029,0,0
3.40660265,0,1
3.4071027,0,0
3.4076025,0,1
3.4081025,0,0
3.4086023,0,1
3.4091023,0,0
3.4096021,0,1
3.41010215,0,0
3.41060195,0,1
3.411102,0,0
3.41160185,0,1
3.41210185,0,0
3.4126017,0,1
3.41310175,0,0
3.4136016,0,1
3.41410165,0,0
3.41460145,0,1
3.4151015,0,0
3.41560135,0,1
3.41610145,0,0
3.4166013,0,1
3.41710135,0,0
3.4176012,0,1
3.41810125,0,0
3.41860105,0,1
3.41910115,0,0
3.41960095,0,1
3.42010105,0,0
3.42060085,0,1
3.4211009,0,0
3.42160075,0,1
3.4221008,0,0
3.42260065,0,1
3.4231007,0,0
3.42360055,0,1
3.4241006,0,0
3.42460045,0,1
3.42510055,0,0
3.42560035,0,1
3.42610045,0,0
3.4266003,0,1
3.42710035,0,0
3.4276002,0,1
3.42810025,0,0
3.4286001,0,1
3.42910015,0,0
3.42960005,0,1
3.4301001,0,0
3.4305999,0,1
3.43109995,0,0
3.43159975,0,1
3.4320998,0,0
3.43259965,0,1
3.4330997,0,0
3.43359955,0,1
3.43409955,0,0
3.4345993,0,1
3.4350994,0,0
3.43559915,0,1
3.43609925,0,0
3.4365991,0,1
3.43709915,0,0
3.437599,0,1
3.4380991,0,0
3.43859895,0,1
3.439099,0,0
3.43959885,0,1
3.44009895,0,0
3.4405988,0,1
3.44109885,0,0
3.4415987,0,1
3.4420988,0,0
3.44259865,0,1
3.4430987,0,0
3.4435985,0,1
3.44409855,0,0
3.4445984,0,1
3.44509845,0,0
3.44559825,0,1
3.44609835,0,0
3.44659815,0,1
3.4470982,0,0
3.447598,0,1
3.4480981,0,0
3.44859795,0,1
3.44909805,0,0
3.44959795,0,1
3.45009805,0,0
3.4505979,0,1
3.45109805,0,0
3.4515979,0,1
3.452098,0,0
3.45259785,0,1
3.453098,0,0
3.4535979,0,1
3.45409805,0,0
3.45459795,0,1
3.4550981,0,0
3.45559795,0,1
3.45609805,0,0
3.45659785,0,1
3.45709795,0,0
3.45759785,0,1
3.4580979,0,0
3.4585978,0,1
3.45909785,0,0
3.45959765,0,1
3.4600977,0,0
3.4605976,0,1
3.4610977,0,0
3.46159755,0,1
3.4620977,0,0
3.46259755,0,1
3.4630976,0,0
3.46359745,0,1
3.4640975,0,0
3.4645973,0,1
3.4650974,0,0
3.4655972,0,1
3.4660973,0,0
3.46659715,0,1
3.4670972,0,0
3.46759705,0,1
3.46809715,0,0
3.46859695,0,1
3.4690971,0,0
3.469597,0,1
3.4700971,0,0
3.47059695,0,1
3.4710971,0,0
3.47159695,0,1
3.47209705,0,0
3.47259685,0,1
3.47309695,0,0
3.47359675,0,1
3.47409685,0,0
3.4745967,0,1
3.47509675,0,0
3.4755966,0,1
3.47609665,0,0
3.47659645,0,1
3.4770965,0,0
3.4775963,0,1
3.4780964,0,0
3.47859625,0,1
3.4790963,0,0
3.4795961,0,1
3.48009615,0,0
3.480596,0,1
3.48109605,0,0
3.48159585,0,1
3.482096,0,0
3.48259585,0,1
3.4830959,0,0
3.48359575,0,1
3.4840958,0,0
3.4845956,0,1
3.48509565,0,0
3.4855955,0,1
3.48609555,0,0
3.48659535,0,1
3.48709535,0,0
3.48759515,0,1
3.48809515,0,0
3.48859495,0,1
3.489095,0,0
3.48959485,0,1
3.49009485,0,0
3.49059465,0,1
3.4910947,0,0
3.49159445,0,1
3.49209445,0,0
3.49259425,0,1
3.4930943,0,0
3.4935941,0,1
3.49409415,0,0
3.494594,0,1
3.4950941,0,0
3.49559395,0,1
3.49609395,0,0
3.4965937,0,1
3.49709375,0,0
3.49759355,0,1
3.4980936,0,0
3.4985934,0,1
3.49909345,0,0
3.49959325,0,1
3.5000933,0,0
3.50059305,0,1
3.50109305,0,0
3.50159285,0,1
3.50209285,0,0
3.5025926,0,1
3.50309265,0,0
3.50359235,0,1
3.50409235,0,0
3.5045921,0,1
3.5050921,0,0
3.50559195,0,1
3.50609195,0,0
3.50659175,0,1
3.50709175,0,0
3.5075915,0,1
3.5080915,0,0
3.5085912,0,1
3.50909125,0,0
3.50959105,0,1
3.51009105,0,0
3.5105908,0,1
3.51109085,0,0
3.5115906,0,1
3.51209065,0,0
3.5125904,0,1
3.51309035,0,0
3.5135901,0,1
3.5140901,0,0
3.51458985,0,1
3.5150899,0,0
3.51558965,0,1
3.5160897,0,0
3.51658945,0,1
3.51708945,0,0
3.5175892,0,1
3.51808925,0,0
3.51858905,0,1
3.51908905,0,0
3.5195888,0,1
3.5200888,0,0
3.52058855,0,1
3.52108855,0,0
3.52158835,0,1
3.52208835,0,0
3.5225881,0,1
3.52308805,0,0
3.5235878,0,1
3.52408775,0,0
3.5245875,0,1
3.5250875,0,0
3.5255873,0,1
3.5260873,0,0
3.52658705,0,1
3.52708715,0,0
3.52758695,0,1
3.528087,0,0
3.5285868,0,1
3.5290868,0,0
3.5295866,0,1
3.5300866,0,0
3.53058635,0,1
3.53108635,0,0
3.5315861,0,1
3.5320861,0,0
3.5325859,0,1
3.5330859,0,0
3.53358565,0,1
3.5340857,0,0
3.53458545,0,1
3.5350854,0,0
3.5355851,0,1
3.5360851,0,0
3.5365848,0,1
3.5370848,0,0
3.5375845,0,1
3.5380845,0,0
3.5385842,0,1
3.53908415,0,0
3.5395838,0,1
3.5400837,0,0
3.5405834,0,1
3.5410833,0,0
3.541583,0,1
3.54208295,0,0
3.5425827,0,1
3.5430827,0,0
3.54358245,0,1
3.5440825,0,0
3.5445823,0,1
3.5450823,0,0
3.5455821,0,1
3.5460821,0,0
3.54658185,0,1
3.5470819,0,0
3.5475817,0,1
3.54808165,0,0
3.5485814,0,1
3.54908135,0,0
3.5495811,0,1
3.55008105,0,0
3.5505808,0,1
3.5510808,0,0
3.55158055,0,1
3.55208055,0,0
3.5525803,0,1
3.5530803,0,0
3.5535801,0,1
3.5540801,0,0
3.55457985,0,1
3.5550799,0,0
3.5555797,0,1
3.55607975,0,0
3.55657955,0,1
3.55707955,0,0
3.55757935,0,1
3.5580794,0,0
3.55857925,0,1
3.5590793,0,0
3.5595791,0,1
3.5600792,0,0
3.56057905,0,1
3.56107915,0,0
3.561579,0,1
3.56207905,0,0
3.5625789,0,1
3.56307895,0,0
3.56357875,0,1
3.56407885,0,0
3.5645787,0,1
3.56507875,0,0
3.5655785,0,1
3.56607855,0,0
3.5665784,0,1
3.5670785,0,0
3.56757835,0,1
3.56807845,0,0
3.5685783,0,1
3.56907835,0,0
3.5695781,0,1
3.5700782,0,0
3.57057805,0,1
3.57107815,0,0
3.57157795,0,1
3.572078,0,0
3.5725778,0,1
3.57307785,0,0
3.57357765,0,1
3.57407765,0,0
3.5745775,0,1
3.5750775,0,0
3.57557725,0,1
3.5760773,0,0
3.57657715,0,1
3.5770772,0,0
3.57757695,0,1
3.578077,0,0
3.5785768,0,1
3.5790769,0,0
3.5795767,0,1
3.5800768,0,0
3.5805766,0,1
3.5810767,0,0
3.58157645,0,1
3.5820765,0,0
3.5825763,0,1
3.58307635,0,0
3.5835761,0,1
3.58407615,0,0
3.58457595,0,1
3.585076,0,0
3.5855758,0,1
3.5860758,0,0
3.5865756,0,1
3.5870757,0,0
3.5875755,0,1
3.5880756,0,0
3.5885754,0,1
3.58907545,0,0
3.58957525,0,1
3.59007525,0,0
3.59057505,0,1
3.5910751,0,0
3.5915749,0,1
3.5920749,0,0
3.5925747,0,1
3.59307475,0,0
3.59357455,0,1
3.5940746,0,0
3.5945744,0,1
3.59507445,0,0
3.5955742,0,1
3.59607425,0,0
3.59657405,0,1
3.59707405,0,0
3.5975738,0,1
3.5980739,0,0
3.5985737,0,1
3.5990738,0,0
3.59957365,0,1
3.60007375,0,0
3.6005736,0,1
3.6010737,0,0
3.6015735,0,1
3.6020736,0,0
3.60257345,0,1
3.6030735,0,0
3.6035733,0,1
3.60407335,0,0
3.6045731,0,1
3.6050732,0,0
3.605573,0,1
3.6060731,0,0
3.6065729,0,1
3.60707295,0,0
3.60757275,0,1
3.60807285,0,0
3.6085727,0,1
3.60907275,0,0
3.60957255,0,1
3.6100726,0,0
3.6105724,0,1
3.6110724,0,0
3.61157215,0,1
3.61207225,0,0
3.61257205,0,1
3.6130721,0,0
3.6135719,0,1
3.6140719,0,0
3.6145717,0,1
3.61507175,0,0
3.6155716,0,1
3.6160716,0,0
3.61657135,0,1
3.6170713,0,0
3.617571,0,1
3.61807105,0,0
3.6185708,0,1
3.61907085,0,0
3.6195706,0,1
3.6200706,0,0
3.6205704,0,1
3.6210704,0,0
3.6215702,0,1
3.62207025,0,0
3.62257,0,1
3.62307,0,0
3.6235697,0,1
3.62406975,0,0
3.6245695,0,1
3.6250695,0,0
3.62556925,0,1
3.62606925,0,0
3.62656905,0,1
3.62706905,0,0
3.62756875,0,1
3.62806875,0,0
3.6285685,0,1
3.6290685,0,0
3.62956825,0,1
3.6300682,0,0
3.63056795,0,1
3.63106795,0,0
3.6315677,0,1
3.63206765,0,0
3.6325673,0,1
3.63306725,0,0
3.63356695,0,1
3.634067,0,0
3.6345668,0,1
3.6350668,0,0
3.63556655,0,1
3.6360665,0,0
3.63656625,0,1
3.6370663,0,0
3.637566,0,1
3.63806595,0,0
3.63856565,0,1
3.63906565,0,0
3.6395654,0,1
3.6400654,0,0
3.64056515,0,1
3.64106515,0,0
3.6415649,0,1
3.6420649,0,0
3.6425647,0,1
3.64306465,0,0
3.6435644,0,1
3.6440644,0,0
3.6445641,0,1
3.6450641,0,0
3.6455639,0,1
3.6460639,0,0
3.64656365,0,1
3.64706365,0,0
3.64756335,0,1
3.64806335,0,0
3.6485631,0,1
3.6490631,0,0
3.6495628,0,1
3.6500628,0,0
3.6505625,0,1
3.65106245,0,0
3.65156215,0,1
3.65206215,0,0
3.65256185,0,1
3.65306185,0,0
3.65356155,0,1
3.65406155,0,0
3.6545613,0,1
3.6550613,0,0
3.65556105,0,1
3.65606105,0,0
3.65656085,0,1
3.65706085,0,0
3.6575606,0,1
3.65806065,0,0
3.65856045,0,1
3.65906045,0,0
3.65956025,0,1
3.66006025,0,0
3.66056005,0,1
3.66106005,0,0
3.6615598,0,1
3.6620598,0,0
3.6625596,0,1
3.66305955,0,0
3.6635592,0,1
3.66405915,0,0
3.66455885,0,1
3.6650588,0,0
3.6655585,0,1
3.66605845,0,0
3.66655815,0,1
3.66705815,0,0
3.66755785,0,1
3.6680578,0,0
3.6685575,0,1
3.66905745,0,0
3.6695571,0,1
3.67005705,0,0
3.6705568,0,1
3.6710568,0,0
3.6715565,0,1
3.67205645,0,0
3.6725562,0,1
3.67305615,0,0
3.67355585,0,1
3.67405585,0,0
3.67455555,0,1
3.67505555,0,0
3.6755552,0,1
3.6760552,0,0
3.67655495,0,1
3.6770549,0,0
3.67755465,0,1
3.67805465,0,0
3.67855435,0,1
3.6790543,0,0
3.67955405,0,1
3.68005405,0,0
3.6805538,0,1
3.6810538,0,0
3.6815535,0,1
3.6820535,0,0
3.6825533,0,1
3.68305325,0,0
3.683553,0,1
3.6840529,0,0
3.6845526,0,1
3.6850525,0,0
3.6855522,0,1
3.6860522,0,0
3.68655195,0,1
3.6870519,0,0
3.6875516,0,1
3.6880516,0,0
3.68855135,0,1
3.6890513,0,0
3.68955095,0,1
3.6900509,0,0
3.6905506,0,1
3.69105055,0,0
3.69155025,0,1
3.6920502,0,0
3.69254995,0,1
3.6930499,0,0
3.6935496,0,1
3.6940495,0,0
3.6945492,0,1
3.6950492,0,0
3.6955489,0,1
3.6960489,0,0
3.6965486,0,1
3.6970486,0,0
3.69754835,0,1
3.6980483,0,0
3.69854805,0,1
3.69904805,0,0
3.6995478,0,1
3.7000478,0,0
3.70054755,0,1
3.70104755,0,0
3.7015473,0,1
3.70204735,0,0
3.70254715,0,1
3.70304715,0,0
3.70354695,0,1
3.704047,0,0
3.7045468,0,1
3.70504685,0,0
3.7055466,0,1
3.70604665,0,0
3.70654635,0,1
3.70704635,0,0
3.70754605,0,1
3.7080461,0,0
3.70854585,0,1
3.7090458,0,0
3.70954555,0,1
3.7100456,0,0
3.7105454,0,1
3.7110454,0,0
3.7115452,0,1
3.71204525,0,0
3.71254495,0,1
3.713045,0,0
3.7135447,0,1
3.7140448,0,0
3.7145446,0,1
3.71504465,0,0
3.71554445,0,1
3.7160445,0,0
3.7165443,0,1
3.71704435,0,0
3.71754415,0,1
3.71804425,0,0
3.718544,0,1
3.71904405,0,0
3.7195439,0,1
3.7200439,0,0
3.7205437,0,1
3.7210437,0,0
3.72154345,0,1
3.72204345,0,0
3.72254325,0,1
3.72304325,0,0
3.723543,0,1
3.7240431,0,0
3.7245429,0,1
3.7250429,0,0
3.7255427,0,1
3.7260427,0,0
3.7265425,0,1
3.7270425,0,0
3.7275422,0,1
3.7280422,0,0
3.72854195,0,1
3.72904195,0,0
3.7295417,0,1
3.7300417,0,0
3.73054145,0,1
3.7310414,0,0
3.73154115,0,1
3.73204115,0,0
3.7325409,0,1
3.7330409,0,0
3.7335406,0,1
3.7340406,0,0
3.73454035,0,1
3.73504035,0,0
3.7355401,0,1
3.73604015,0,0
3.7365399,0,1
3.73703995,0,0
3.73753975,0,1
3.7380398,0,0
3.7385396,0,1
3.73903965,0,0
3.73953945,0,1
3.74003945,0,0
3.7405393,0,1
3.74103935,0,0
3.74153915,0,1
3.7420392,0,0
3.742539,0,1
3.74303905,0,0
3.74353885,0,1
3.74403885,0,0
3.74453855,0,1
3.74503855,0,0
3.7455383,0,1
3.74603835,0,0
3.7465381,0,1
3.7470381,0,0
3.7475378,0,1
3.7480377,0,0
3.7485374,0,1
3.7490374,0,0
3.7495371,0,1
3.7500371,0,0
3.75053685,0,1
3.7510368,0,0
3.7515365,0,1
3.7520365,0,0
3.7525362,0,1
3.7530362,0,0
3.75353595,0,1
3.75403595,0,0
3.75453565,0,1
3.75503565,0,0
3.75553535,0,1
3.75603535,0,0
3.75653505,0,1
3.757035,0,0
3.7575347,0,1
3.75803465,0,0
3.7585344,0,1
3.7590343,0,0
3.75953405,0,1
3.760034,0,0
3.7605337,0,1
3.76103375,0,0
3.7615335,0,1
3.7620335,0,0
3.7625332,0,1
3.7630332,0,0
3.7635329,0,1
3.7640329,0,0
3.76453265,0,1
3.7650326,0,0
3.7655323,0,1
3.76603225,0,0
3.766532,0,1
3.767032,0,0
3.76753175,0,1
3.7680318,0,0
3.76853145,0,1
3.76903145,0,0
3.76953115,0,1
3.77003115,0,0
3.7705309,0,1
3.7710309,0,0
3.77153065,0,1
3.7720306,0,0
3.77253035,0,1
3.77303035,0,0
3.7735301,0,1
3.77403005,0,0
3.77452975,0,1
3.77502975,0,0
3.77552945,0,1
3.7760294,0,0
3.7765292,0,1
3.7770292,0,0
3.7775289,0,1
3.7780289,0,0
3.77852865,0,1
3.77902865,0,0
3.7795284,0,1
3.7800284,0,0
3.78052815,0,1
3.78102815,0,0
3.78152785,0,1
3.78202785,0,0
3.7825276,0,1
3.7830276,0,0
3.78352735,0,1
3.7840273,0,0
3.78452705,0,1
3.78502705,0,0
3.78552675,0,1
3.78602675,0,0
3.7865265,0,1
3.78702645,0,0
3.78752615,0,1
3.7880261,0,0
3.7885258,0,1
3.78902575,0,0
3.78952545,0,1
3.7900255,0,0
3.79052525,0,1
3.7910252,0,0
3.79152495,0,1
3.79202495,0,0
3.7925247,0,1
3.79302465,0,0
3.79352435,0,1
3.7940243,0,0
3.79452405,0,1
3.795024,0,0
3.7955237,0,1
3.7960237,0,0
3.79652335,0,1
3.79702335,0,0
3.7975231,0,1
3.7980231,0,0
3.79852285,0,1
3.79902285,0,0
3.79952265,0,1
3.80002265,0,0
3.80052235,0,1
3.80102235,0,0
3.8015221,0,1
3.8020221,0,0
3.8025219,0,1
3.8030219,0,0
3.8035216,0,1
3.8040216,0,0
3.80452135,0,1
3.80502135,0,0
3.8055211,0,1
3.8060211,0,0
3.80652085,0,1
3.8070208,0,0
3.80752055,0,1
3.8080205,0,0
3.8085203,0,1
3.8090203,0,0
3.80952005,0,1
3.81002005,0,0
3.8105198,0,1
3.81101985,0,0
3.81151965,0,1
3.8120197,0,0
3.8125195,0,1
3.81301945,0,0
3.8135192,0,1
3.8140192,0,0
3.814519,0,1
3.815019,0,0
3.81551875,0,1
3.8160187,0,0
3.81651845,0,1
3.81701845,0,0
3.81751825,0,1
3.8180183,0,0
3.8185181,0,1
3.81901815,0,0
3.81951795,0,1
3.820018,0,0
3.82051775,0,1
3.82101775,0,0
3.8215175,0,1
3.8220175,0,0
3.8225173,0,1
3.8230173,0,0
3.823517,0,1
3.824017,0,0
3.82451675,0,1
3.8250168,0,0
3.82551655,0,1
3.82601655,0,0
3.82651635,0,1
3.82701635,0,0
3.8275161,0,1
3.82801605,0,0
3.82851585,0,1
3.82901585,0,0
3.8295156,0,1
3.8300156,0,0
3.83051535,0,1
3.83101535,0,0
3.8315151,0,1
3.8320151,0,0
3.83251485,0,1
3.83301485,0,0
3.8335146,0,1
3.83401465,0,0
3.83451445,0,1
3.83501445,0,0
3.83551425,0,1
3.83601425,0,0
3.836514,0,1
3.83701405,0,0
3.8375138,0,1
3.83801375,0,0
3.8385135,0,1
3.8390135,0,0
3.83951325,0,1
3.8400133,0,0
3.84051305,0,1
3.8410131,0,0
3.84151285,0,1
3.84201285,0,0
3.84251265,0,1
3.84301265,0,0
3.84351235,0,1
3.84401235,0,0
3.84451205,0,1
3.84501205,0,0
3.84551185,0,1
3.84601185,0,0
3.84651165,0,1
3.8470117,0,0
3.8475115,0,1
3.8480115,0,0
3.84851125,0,1
3.84901125,0,0
3.849511,0,1
3.850011,0,0
3.8505108,0,1
3.85101085,0,0
3.8515106,0,1
3.85201065,0,0
3.85251045,0,1
3.8530104,0,0
3.85351015,0,1
3.85401015,0,0
3.85450985,0,1
3.85500985,0,0
3.85550965,0,1
3.85600965,0,0
3.85650945,0,1
3.85700945,0,0
3.85750925,0,1
3.85800925,0,0
3.85850905,0,1
3.85900905,0,0
3.8595088,0,1
3.86000875,0,0
3.86050855,0,1
3.86100855,0,0
3.8615083,0,1
3.86200835,0,0
3.8625081,0,1
3.8630081,0,0
3.8635079,0,1
3.8640079,0,0
3.86450765,0,1
3.86500765,0,0
3.8655074,0,1
3.8660074,0,0
3.86650715,0,1
3.86700715,0,0
3.86750695,0,1
3.8680069,0,0
3.86850665,0,1
3.86900665,0,0
3.8695064,0,1
3.8700064,0,0
3.87050615,0,1
3.87100615,0,0
3.8715059,0,1
3.8720059,0,0
3.87250565,0,1
3.87300565,0,0
3.8735054,0,1
3.87400535,0,0
3.8745051,0,1
3.87500515,0,0
3.8755049,0,1
3.8760049,0,0
3.87650465,0,1
3.87700465,0,0
3.8775044,0,1
3.8780044,0,0
3.8785041,0,1
3.8790041,0,0
3.8795038,0,1
3.8800038,0,0
3.8805035,0,1
3.8810035,0,0
3.88150325,0,1
3.88200325,0,0
3.882503,0,1
3.88300305,0,0
3.8835028,0,1
3.8840028,0,0
3.8845026,0,1
3.88500265,0,0
3.8855024,0,1
3.88600245,0,0
3.88650225,0,1
3.8870023,0,0
3.8875021,0,1
3.8880021,0,0
3.8885019,0,1
3.88900195,0,0
3.88950175,0,1
3.8900018,0,0
3.8905016,0,1
3.8910016,0,0
3.8915014,0,1
3.8920014,0,0
3.8925012,0,1
3.89300125,0,0
3.89350105,0,1
3.8940011,0,0
3.89450095,0,1
3.89500095,0,0
3.89550075,0,1
3.8960008,0,0
3.8965005,0,1
3.89700055,0,0
3.8975003,0,1
3.8980003,0,0
3.8985001,0,1
3.8990001,0,0
3.89949985,0,1
3.89999995,0,0
3.90049975,0,1
3.90099975,0,0
3.9014996,0,1
3.90199965,0,0
3.90249945,0,1
3.9029994,0,0
3.90349915,0,1
3.90399915,0,0
3.90449895,0,1
3.904999,0,0
3.9054987,0,1
3.9059987,0,0
3.90649845,0,1
3.90699845,0,0
3.9074982,0,1
3.9079982,0,0
3.908498,0,1
3.908998,0,0
3.9094978,0,1
3.90999785,0,0
3.9104976,0,1
3.91099765,0,0
3.9114974,0,1
3.9119974,0,0
3.9124972,0,1
3.91299725,0,0
3.913497,0,1
3.91399705,0,0
3.9144968,0,1
3.91499685,0,0
3.91549665,0,1
3.9159967,0,0
3.9164965,0,1
3.91699655,0,0
3.9174963,0,1
3.9179963,0,0
3.9184961,0,1
3.91899615,0,0
3.91949595,0,1
3.91999595,0,0
3.9204957,0,1
3.92099575,0,0
3.9214955,0,1
3.92199555,0,0
3.9224953,0,1
3.92299535,0,0
3.92349515,0,1
3.92399515,0,0
3.92449495,0,1
3.92499495,0,0
3.92549475,0,1
3.9259948,0,0
3.92649455,0,1
3.92699465,0,0
3.9274944,0,1
3.9279944,0,0
3.92849415,0,1
3.9289942,0,0
3.92949395,0,1
3.92999395,0,0
3.9304937,0,1
3.9309937,0,0
3.9314935,0,1
3.9319935,0,0
3.93249325,0,1
3.93299325,0,0
3.93349305,0,1
3.9339931,0,0
3.9344929,0,1
3.9349929,0,0
3.93549265,0,1
3.93599265,0,0
3.9364924,0,1
3.9369924,0,0
3.9374921,0,1
3.9379921,0,0
3.9384918,0,1
3.93899175,0,0
3.93949145,0,1
3.9399914,0,0
3.94049115,0,1
3.9409912,0,0
3.9414909,0,1
3.94199085,0,0
3.9424906,0,1
3.9429905,0,0
3.94349025,0,1
3.94399025,0,0
3.94448995,0,1
3.94498995,0,0
3.94548965,0,1
3.9459896,0,0
3.94648935,0,1
3.94698935,0,0
3.94748905,0,1
3.94798905,0,0
3.94848885,0,1
3.94898885,0,0
3.94948855,0,1
3.94998855,0,0
3.95048835,0,1
3.95098835,0,0
3.9514881,0,1
3.9519881,0,0
3.95248785,0,1
3.95298785,0,0
3.9534876,0,1
3.9539876,0,0
3.9544874,0,1
3.9549874,0,0
3.9554872,0,1
3.9559872,0,0
3.95648695,0,1
3.95698695,0,0
3.95748665,0,1
3.95798665,0,0
3.95848635,0,1
3.95898635,0,0
3.95948605,0,1
3.95998605,0,0
3.9604858,0,1
3.96098575,0,0
3.9614854,0,1
3.9619854,0,0
3.96248515,0,1
3.96298505,0,0
3.9634848,0,1
3.9639848,0,0
3.96448455,0,1
3.96498455,0,0
3.9654843,0,1
3.9659843,0,0
3.96648405,0,1
3.966984,0,0
3.96748375,0,1
3.9679837,0,0
3.9684834,0,1
3.9689834,0,0
3.9694831,0,1
3.9699831,0,0
3.9704828,0,1
3.9709828,0,0
3.9714825,0,1
3.97198245,0,0
3.9724822,0,1
3.9729822,0,0
3.973482,0,1
3.973982,0,0
3.9744818,0,1
3.9749818,0,0
3.97548155,0,1
3.9759815,0,0
3.97648115,0,1
3.9769811,0,0
3.97748085,0,1
3.9779808,0,0
3.97848055,0,1
3.9789805,0,0
3.97948025,0,1
3.9799802,0,0
3.98047995,0,1
3.9809799,0,0
3.98147965,0,1
3.98197965,0,0
3.98247935,0,1
3.98297935,0,0
3.98347905,0,1
3.98397905,0,0
3.98447875,0,1
3.98497875,0,0
3.9854785,0,1
3.98597855,0,0
3.9864783,0,1
3.9869783,0,0
3.987478,0,1
3.987978,0,0
3.9884777,0,1
3.9889777,0,0
3.98947745,0,1
3.98997745,0,0
3.99047725,0,1
3.99097725,0,0
3.99147705,0,1
3.99197705,0,0
3.99247685,0,1
3.99297685,0,0
3.99347665,0,1
3.9939767,0,0
3.99447645,0,1
3.99497645,0,0
3.9954762,0,1
3.9959762,0,0
3.9964759,0,1
3.9969759,0,0
3.99747565,0,1
3.9979756,0,0
3.99847535,0,1
3.9989753,0,0
3.999475,0,1
3.999975,0,0
4.00047475,0,1
4.00097475,0,0
4.0014745,0,1
4.00197445,0,0
4.00247425,0,1
4.00297425,0,0
4.00347405,0,1
4.00397405,0,0
4.00447375,0,1
4.00497375,0,0
4.0054735,0,1
4.00597355,0,0
4.00647325,0,1
4.00697325,0,0
4.007473,0,1
4.007973,0,0
4.0084727,0,1
4.0089727,0,0
4.00947245,0,1
4.00997245,0,0
4.0104722,0,1
4.0109722,0,0
4.0114719,0,1
4.0119719,0,0
4.01247165,0,1
4.01297165,0,0
4.0134714,0,1
4.01397145,0,0
4.0144712,0,1
4.0149712,0,0
4.015471,0,1
4.015971,0,0
4.0164708,0,1
4.0169708,0,0
4.0174706,0,1
4.0179706,0,0
4.01847035,0,1
4.01897035,0,0
4.01947005,0,1
4.0199701,0,0
4.0204698,0,1
4.0209698,0,0
4.02146955,0,1
4.0219695,0,0
4.0224692,0,1
4.0229692,0,0
4.0234689,0,1
4.0239689,0,0
4.02446865,0,1
4.02496865,0,0
4.02546845,0,1
4.02596845,0,0
4.0264682,0,1
4.02696815,0,0
4.02746785,0,1
4.0279678,0,0
4.02846745,0,1
4.02896745,0,0
4.0294672,0,1
4.0299672,0,0
4.0304669,0,1
4.03096685,0,0
4.0314666,0,1
4.0319666,0,0
4.03246635,0,1
4.03296635,0,0
4.0334661,0,1
4.0339661,0,0
4.0344658,0,1
4.0349658,0,0
4.03546555,0,1
4.0359655,0,0
4.03646525,0,1
4.0369652,0,0
4.03746495,0,1
4.037965,0,0
4.03846475,0,1
4.03896475,0,0
4.0394645,0,1
4.03996445,0,0
4.04046415,0,1
4.0409641,0,0
4.04146375,0,1
4.0419637,0,0
4.0424634,0,1
4.04296335,0,0
4.0434631,0,1
4.043963,0,0
4.04446275,0,1
4.0449627,0,0
4.04546245,0,1
4.0459624,0,0
4.04646215,0,1
4.04696215,0,0
4.0474619,0,1
4.04796185,0,0
4.04846155,0,1
4.0489615,0,0
4.0494612,0,1
4.0499612,0,0
4.0504609,0,1
4.0509609,0,0
4.05146065,0,1
4.05196055,0,0
4.0524603,0,1
4.05296025,0,0
4.05346,0,1
4.05396005,0,0
4.05445985,0,1
4.05495985,0,0
4.0554596,0,1
4.05595965,0,0
4.05645945,0,1
4.0569595,0,0
4.0574593,0,1
4.05795935,0,0
4.05845915,0,1
4.0589592,0,0
4.059459,0,1
4.05995905,0,0
4.0604588,0,1
4.0609588,0,0
4.06145855,0,1
4.0619586,0,0
4.06245835,0,1
4.06295835,0,0
4.0634581,0,1
4.06395815,0,0
4.0644579,0,1
4.0649579,0,0
4.06545765,0,1
4.06595765,0,0
4.0664575,0,1
4.0669575,0,0
4.0674573,0,1
4.06795725,0,0
4.06845705,0,1
4.068957,0,0
4.06945675,0,1
4.06995675,0,0
4.0704565,0,1
4.07095655,0,0
4.07145635,0,1
4.07195635,0,0
4.07245615,0,1
4.0729562,0,0
4.07345595,0,1
4.073956,0,0
4.0744558,0,1
4.0749558,0,0
4.07545555,0,1
4.0759556,0,0
4.07645535,0,1
4.0769554,0,0
4.0774552,0,1
4.07795525,0,0
4.07845505,0,1
4.07895515,0,0
4.07945495,0,1
4.079955,0,0
4.08045475,0,1
4.08095475,0,0
4.0814545,0,1
4.08195455,0,0
4.08245435,0,1
4.0829543,0,0
4.08345405,0,1
4.08395405,0,0
4.0844538,0,1
4.08495375,0,0
4.08545355,0,1
4.08595355,0,0
4.08645335,0,1
4.08695335,0,0
4.0874531,0,1
4.0879531,0,0
4.0884529,0,1
4.08895295,0,0
4.08945275,0,1
4.08995275,0,0
4.0904525,0,1
4.0909525,0,0
4.0914522,0,1
4.09195215,0,0
4.09245185,0,1
4.0929519,0,0
4.09345165,0,1
4.09395165,0,0
4.0944514,0,1
4.0949514,0,0
4.09545115,0,1
4.09595115,0,0
4.0964509,0,1
4.09695085,0,0
4.0974506,0,1
4.0979506,0,0
4.09845035,0,1
4.09895035,0,0
4.09945015,0,1
4.09995025,0,0
4.10045,0,1
4.10095005,0,0
4.10144985,0,1
4.10194985,0,0
4.1024496,0,1
4.1029496,0,0
4.10344935,0,1
4.1039494,0,0
4.10444915,0,1
4.10494915,0,0
4.10544895,0,1
4.10594895,0,0
4.10644875,0,1
4.10694875,0,0
4.10744855,0,1
4.10794855,0,0
4.10844835,0,1
4.1089483,0,0
4.10944805,0,1
4.10994805,0,0
4.11044775,0,1
4.11094775,0,0
4.11144745,0,1
4.1119474,0,0
4.11244715,0,1
4.11294715,0,0
4.1134469,0,1
4.11394685,0,0
4.1144465,0,1
4.1149464,0,0
4.1154461,0,1
4.11594605,0,0
4.1164458,0,1
4.1169458,0,0
4.11744555,0,1
4.11794555,0,0
4.1184453,0,1
4.11894525,0,0
4.11944505,0,1
4.11994505,0,0
4.1204448,0,1
4.12094475,0,0
4.12144455,0,1
4.12194455,0,0
4.12244425,0,1
4.12294425,0,0
4.12344395,0,1
4.12394395,0,0
4.1244437,0,1
4.1249437,0,0
4.12544345,0,1
4.1259435,0,0
4.12644325,0,1
4.1269433,0,0
4.12744305,0,1
4.12794305,0,0
4.1284428,0,1
4.12894275,0,0
4.1294425,0,1
4.12994245,0,0
4.1304422,0,1
4.1309422,0,0
4.13144195,0,1
4.13194195,0,0
4.13244165,0,1
4.13294165,0,0
4.13344135,0,1
4.13394135,0,0
4.13444105,0,1
4.13494105,0,0
4.1354407,0,1
4.13594065,0,0
4.13644035,0,1
4.1369403,0,0
4.13744,0,1
4.13794,0,0
4.1384397,0,1
4.1389397,0,0
4.13943945,0,1
4.1399394,0,0
4.1404391,0,1
4.14093905,0,0
4.14143875,0,1
4.14193865,0,0
4.14243835,0,1
4.1429383,0,0
4.143438,0,1
4.1439379,0,0
4.14443765,0,1
4.1449376,0,0
4.1454373,0,1
4.1459373,0,0
4.14643695,0,1
4.14693695,0,0
4.1474367,0,1
4.14793665,0,0
4.1484364,0,1
4.14893635,0,0
4.1494361,0,1
4.14993605,0,0
4.1504358,0,1
4.1509358,0,0
4.15143555,0,1
4.15193555,0,0
4.1524353,0,1
4.15293525,0,0
4.15343495,0,1
4.1539349,0,0
4.1544346,0,1
4.15493455,0,0
4.15543425,0,1
4.1559342,0,0
4.15643385,0,1
4.1569338,0,0
4.1574335,0,1
4.15793345,0,0
4.15843315,0,1
4.1589331,0,0
4.1594328,0,1
4.1599328,0,0
4.1604325,0,1
4.1609325,0,0
4.1614322,0,1
4.1619321,0,0
4.1624318,0,1
4.1629318,0,0
4.16343155,0,1
4.1639315,0,0
4.1644312,0,1
4.1649311,0,0
4.1654308,0,1
4.16593075,0,0
4.16643045,0,1
4.16693045,0,0
4.1674301,0,1
4.16793,0,0
4.16842965,0,1
4.16892965,0,0
4.1694294,0,1
4.16992935,0,0
4.17042905,0,1
4.170929,0,0
4.1714287,0,1
4.1719287,0,0
4.17242845,0,1
4.1729284,0,0
4.17342815,0,1
4.17392815,0,0
4.17442795,0,1
4.1749279,0,0
4.17542765,0,1
4.1759276,0,0
4.1764273,0,1
4.17692725,0,0
4.17742695,0,1
4.17792695,0,0
4.1784267,0,1
4.1789267,0,0
4.1794264,0,1
4.1799264,0,0
4.18042615,0,1
4.18092615,0,0
4.1814259,0,1
4.1819259,0,0
4.1824257,0,1
4.1829257,0,0
4.1834254,0,1
4.18392545,0,0
4.18442525,0,1
4.18492525,0,0
4.185425,0,1
4.18592505,0,0
4.1864248,0,1
4.1869248,0,0
4.18742455,0,1
4.18792455,0,0
4.18842425,0,1
4.18892415,0,0
4.18942385,0,1
4.1899238,0,0
4.1904235,0,1
4.1909235,0,0
4.1914232,0,1
4.19192315,0,0
4.1924228,0,1
4.19292275,0,0
4.19342255,0,1
4.19392255,0,0
4.19442225,0,1
4.19492225,0,0
4.19542205,0,1
4.195922,0,0
4.19642175,0,1
4.1969217,0,0
4.1974214,0,1
4.1979214,0,0
4.1984211,0,1
4.1989211,0,0
4.1994208,0,1
4.1999208,0,0
4.2004205,0,1
4.2009205,0,0
4.20142025,0,1
4.20192025,0,0
4.20241995,0,1
4.20291995,0,0
4.20341965,0,1
4.20391965,0,0
4.2044194,0,1
4.2049193,0,0
4.20541905,0,1
4.205919,0,0
4.20641875,0,1
4.20691875,0,0
4.2074185,0,1
4.20791855,0,0
4.20841835,0,1
4.20891835,0,0
4.2094181,0,1
4.20991815,0,0
4.2104179,0,1
4.21091795,0,0
4.2114177,0,1
4.2119177,0,0
4.2124175,0,1
4.2129175,0,0
4.2134173,0,1
4.21391735,0,0
4.21441715,0,1
4.2149172,0,0
4.21541695,0,1
4.215917,0,0
4.21641675,0,1
4.21691675,0,0
4.2174165,0,1
4.2179165,0,0
4.2184162,0,1
4.2189162,0,0
4.219416,0,1
4.219916,0,0
4.22041575,0,1
4.22091575,0,0
4.2214155,0,1
4.22191555,0,0
4.22241535,0,1
4.2229154,0,0
4.22341515,0,1
4.22391515,0,0
4.2244149,0,1
4.2249149,0,0
4.22541465,0,1
4.2259147,0,0
4.22641445,0,1
4.22691445,0,0
4.22741415,0,1
4.22791415,0,0
4.2284139,0,1
4.2289139,0,0
4.22941365,0,1
4.22991365,0,0
4.23041345,0,1
4.2309135,0,0
4.23141325,0,1
4.2319133,0,0
4.2324131,0,1
4.23291305,0,0
4.2334128,0,1
4.2339128,0,0
4.23441255,0,1
4.23491255,0,0
4.23541225,0,1
4.2359122,0,0
4.23641195,0,1
4.2369119,0,0
4.23741165,0,1
4.23791165,0,0
4.23841135,0,1
4.23891135,0,0
4.2394111,0,1
4.2399111,0,0
4.24041085,0,1
4.2409108,0,0
4.24141055,0,1
4.24191055,0,0
4.24241025,0,1
4.24291025,0,0
4.24340995,0,1
4.2439099,0,0
4.2444096,0,1
4.24490955,0,0
4.24540925,0,1
4.2459092,0,0
4.24640885,0,1
4.24690885,0,0
4.2474086,0,1
4.2479086,0,0
4.2484084,0,1
4.24890835,0,0
4.2494081,0,1
4.2499081,0,0
4.2504078,0,1
4.25090775,0,0
4.2514075,0,1
4.25190745,0,0
4.2524072,0,1
4.25290715,0,0
4.25340685,0,1
4.2539068,0,0
4.25440645,0,1
4.2549064,0,0
4.25540605,0,1
4.25590595,0,0
4.25640565,0,1
4.2569056,0,0
4.2574053,0,1
4.25790525,0,0
4.2584049,0,1
4.25890485,0,0
4.25940455,0,1
4.2599045,0,0
4.2604042,0,1
4.2609042,0,0
4.26140395,0,1
4.2619039,0,0
4.26240365,0,1
4.2629036,0,0
4.2634033,0,1
4.26390325,0,0
4.26440295,0,1
4.2649029,0,0
4.2654026,0,1
4.26590265,0,0
4.2664024,0,1
4.26690245,0,0
4.2674022,0,1
4.2679022,0,0
4.2684019,0,1
4.26890185,0,0
4.2694016,0,1
4.26990155,0,0
4.27040135,0,1
4.27090135,0,0
4.2714011,0,1
4.2719011,0,0
4.2724009,0,1
4.27290085,0,0
4.2734006,0,1
4.27390055,0,0
4.27440025,0,1
4.2749002,0,0
4.2753999,0,1
4.2758999,0,0
4.2763996,0,1
4.2768996,0,0
4.27739935,0,1
4.27789935,0,0
4.2783991,0,1
4.27889915,0,0
4.2793989,0,1
4.27989895,0,0
4.28039875,0,1
4.28089875,0,0
4.2813985,0,1
4.28189855,0,0
4.28239825,0,1
4.28289825,0,0
4.28339795,0,1
4.28389795,0,0
4.2843977,0,1
4.2848977,0,0
4.28539745,0,1
4.28589745,0,0
4.2863972,0,1
4.28689715,0,0
4.2873969,0,1
4.2878968,0,0
4.2883965,0,1
4.2888964,0,0
4.2893961,0,1
4.289896,0,0
4.2903957,0,1
4.2908956,0,0
4.29139525,0,1
4.2918952,0,0
4.29239485,0,1
4.2928948,0,0
4.2933945,0,1
4.29389445,0,0
4.29439415,0,1
4.29489415,0,0
4.29539385,0,1
4.2958938,0,0
4.2963935,0,1
4.29689345,0,0
4.29739315,0,1
4.2978931,0,0
4.29839285,0,1
4.2988929,0,0
4.2993926,0,1
4.29989255,0,0
4.30039225,0,1
4.3008922,0,0
4.3013919,0,1
4.3018919,0,0
4.30239165,0,1
4.3028916,0,0
4.3033913,0,1
4.3038913,0,0
4.304391,0,1
4.304891,0,0
4.3053907,0,1
4.3058907,0,0
4.30639045,0,1
4.3068904,0,0
4.3073901,0,1
4.30789005,0,0
4.30838975,0,1
4.3088897,0,0
4.3093894,0,1
4.3098894,0,0
4.31038915,0,1
4.31088905,0,0
4.3113887,0,1
4.3118886,0,0
4.3123883,0,1
4.3128882,0,0
4.31338795,0,1
4.31388795,0,0
4.3143877,0,1
4.31488765,0,0
4.3153873,0,1
4.3158872,0,0
4.31638695,0,1
4.3168869,0,0
4.3173866,0,1
4.3178865,0,0
4.3183862,0,1
4.3188861,0,0
4.31938585,0,1
4.31988575,0,0
4.3203855,0,1
4.32088545,0,0
4.32138515,0,1
4.3218851,0,0
4.3223848,0,1
4.32288475,0,0
4.32338445,0,1
4.3238844,0,0
4.3243841,0,1
4.32488405,0,0
4.3253838,0,1
4.3258838,0,0
4.3263835,0,1
4.3268835,0,0
4.32738315,0,1
4.3278831,0,0
4.3283828,0,1
4.32888285,0,0
4.32938255,0,1
4.32988255,0,0
4.3303823,0,1
4.3308822,0,0
4.33138195,0,1
4.3318819,0,0
4.3323816,0,1
4.33288155,0,0
4.33338125,0,1
4.3338812,0,0
4.33438095,0,1
4.33488085,0,0
4.33538055,0,1
4.33588045,0,0
4.33638015,0,1
4.33688005,0,0
4.3373797,0,1
4.3378796,0,0
4.3383793,0,1
4.3388792,0,0
4.3393789,0,1
4.3398788,0,0
4.3403785,0,1
4.34087845,0,0
4.3413782,0,1
4.3418782,0,0
4.3423779,0,1
4.34287795,0,0
4.3433777,0,1
4.34387765,0,0
4.34437735,0,1
4.3448773,0,0
4.345377,0,1
4.34587695,0,0
4.34637665,0,1
4.3468766,0,0
4.34737635,0,1
4.3478763,0,0
4.34837605,0,1
4.348876,0,0
4.34937575,0,1
4.34987575,0,0
4.35037555,0,1
4.35087555,0,0
4.3513753,0,1
4.35187525,0,0
4.352375,0,1
4.35287495,0,0
4.35337465,0,1
4.35387465,0,0
4.3543744,0,1
4.35487435,0,0
4.3553741,0,1
4.35587405,0,0
4.3563738,0,1
4.3568737,0,0
4.35737345,0,1
4.35787345,0,0
4.35837315,0,1
4.3588731,0,0
4.3593728,0,1
4.35987275,0,0
4.36037245,0,1
4.36087235,0,0
4.36137205,0,1
4.361872,0,0
4.3623717,0,1
4.3628716,0,0
4.3633713,0,1
4.3638712,0,0
4.3643708,0,1
4.36487075,0,0
4.3653704,0,1
4.3658704,0,0
4.3663701,0,1
4.36687005,0,0
4.3673697,0,1
4.3678697,0,0
4.3683694,0,1
4.36886935,0,0
4.36936905,0,1
4.36986905,0,0
4.3703688,0,1
4.37086875,0,0
4.37136845,0,1
4.37186845,0,0
4.37236825,0,1
4.3728682,0,0
4.37336795,0,1
4.3738679,0,0
4.37436765,0,1
4.3748676,0,0
4.37536735,0,1
4.3758673,0,0
4.37636705,0,1
4.376867,0,0
4.37736675,0,1
4.37786675,0,0
4.37836645,0,1
4.37886645,0,0
4.3793662,0,1
4.37986615,0,0
4.3803659,0,1
4.3808659,0,0
4.38136565,0,1
4.3818656,0,0
4.3823653,0,1
4.3828653,0,0
4.38336505,0,1
4.383865,0,0
4.38436475,0,1
4.38486475,0,0
4.3853645,0,1
4.3858645,0,0
4.38636425,0,1
4.3868642,0,0
4.3873639,0,1
4.38786385,0,0
4.3883636,0,1
4.3888636,0,0
4.38936335,0,1
4.3898633,0,0
4.39036305,0,1
4.390863,0,0
4.39136275,0,1
4.39186265,0,0
4.3923624,0,1
4.3928624,0,0
4.3933621,0,1
4.39386215,0,0
4.3943619,0,1
4.39486185,0,0
4.3953616,0,1
4.3958616,0,0
4.39636135,0,1
4.3968613,0,0
4.39736105,0,1
4.397861,0,0
4.3983607,0,1
4.39886065,0,0
4.39936035,0,1
4.3998603,0,0
4.40036,0,1
4.40086,0,0
4.40135975,0,1
4.4018597,0,0
4.4023594,0,1
4.40285935,0,0
4.4033591,0,1
4.403859,0,0
4.40435875,0,1
4.4048588,0,0
4.4053585,0,1
4.4058585,0,0
4.40635815,0,1
4.40685815,0,0
4.40735785,0,1
4.40785785,0,0
4.4083576,0,1
4.40885755,0,0
4.4093573,0,1
4.4098573,0,0
4.4103571,0,1
4.4108571,0,0
4.41135685,0,1
4.4118569,0,0
4.41235665,0,1
4.4128567,0,0
4.4133564,0,1
4.4138564,0,0
4.4143561,0,1
4.4148561,0,0
4.4153559,0,1
4.4158558,0,0
4.4163555,0,1
4.4168555,0,0
4.4173552,0,1
4.41785515,0,0
4.41835485,0,1
4.4188548,0,0
4.41935455,0,1
4.4198545,0,0
4.4203542,0,1
4.4208542,0,0
4.42135395,0,1
4.421854,0,0
4.42235375,0,1
4.4228538,0,0
4.42335355,0,1
4.42385355,0,0
4.4243533,0,1
4.42485335,0,0
4.4253531,0,1
4.4258531,0,0
4.42635285,0,1
4.4268529,0,0
4.4273527,0,1
4.42785275,0,0
4.42835255,0,1
4.4288526,0,0
4.4293524,0,1
4.42985245,0,0
4.43035225,0,1
4.43085225,0,0
4.43135205,0,1
4.43185205,0,0
4.4323518,0,1
4.43285185,0,0
4.4333516,0,1
4.43385165,0,0
4.4343514,0,1
4.43485145,0,0
4.4353513,0,1
4.43585135,0,0
4.43635115,0,1
4.4368512,0,0
4.437351,0,1
4.437851,0,0
4.4383508,0,1
4.4388508,0,0
4.4393506,0,1
4.43985065,0,0
4.4403504,0,1
4.44085045,0,0
4.44135025,0,1
4.4418503,0,0
4.44235015,0,1
4.44285025,0,0
4.44335005,0,1
4.4438501,0,0
4.44434985,0,1
4.44484995,0,0
4.44534975,0,1
4.44584975,0,0
4.44634955,0,1
4.44684955,0,0
4.44734925,0,1
4.44784925,0,0
4.44834905,0,1
4.4488491,0,0
4.44934885,0,1
4.44984885,0,0
4.45034855,0,1
4.45084855,0,0
4.4513483,0,1
4.4518483,0,0
4.452348,0,1
4.452848,0,0
4.45334775,0,1
4.45384775,0,0
4.4543475,0,1
4.4548476,0,0
4.45534745,0,1
4.45584745,0,0
4.4563472,0,1
4.4568472,0,0
4.457347,0,1
4.457847,0,0
4.4583468,0,1
4.4588468,0,0
4.45934655,0,1
4.45984655,0,0
4.4603463,0,1
4.4608463,0,0
4.461346,0,1
4.461846,0,0
4.46234575,0,1
4.46284575,0,0
4.46334545,0,1
4.4638454,0,0
4.46434515,0,1
4.4648451,0,0
4.46534485,0,1
4.4658449,0,0
4.4663447,0,1
4.4668447,0,0
4.46734445,0,1
4.46784445,0,0
4.46834425,0,1
4.46884425,0,0
4.46934395,0,1
4.46984385,0,0
4.4703435,0,1
4.47084345,0,0
4.4713431,0,1
4.47184295,0,0
4.4723426,0,1
4.47284245,0,0
4.4733421,0,1
4.473842,0,0
4.47434165,0,1
4.4748416,0,0
4.4753413,0,1
4.4758413,0,0
4.476341,0,1
4.476841,0,0
4.47734075,0,1
4.4778407,0,0
4.4783404,0,1
4.4788404,0,0
4.4793401,0,1
4.4798401,0,0
4.4803398,0,1
4.4808398,0,0
4.4813395,0,1
4.4818395,0,0
4.4823392,0,1
4.4828392,0,0
4.48333895,0,1
4.48383895,0,0
4.48433875,0,1
4.4848387,0,0
4.4853384,0,1
4.48583845,0,0
4.4863382,0,1
4.48683825,0,0
4.48733805,0,1
4.48783805,0,0
4.4883378,0,1
4.4888378,0,0
4.48933755,0,1
4.4898376,0,0
4.49033735,0,1
4.49083735,0,0
4.4913371,0,1
4.4918371,0,0
4.49233685,0,1
4.49283685,0,0
4.4933366,0,1
4.4938366,0,0
4.4943363,0,1
4.4948363,0,0
4.495336,0,1
4.495836,0,0
4.49633575,0,1
4.49683575,0,0
4.4973355,0,1
4.49783555,0,0
4.4983353,0,1
4.49883535,0,0
4.49933515,0,1
4.4998352,0,0
4.50033495,0,1
4.50083495,0,0
4.50133465,0,1
4.50183465,0,0
4.5023344,0,1
4.5028344,0,0
4.5033341,0,1
4.5038341,0,0
4.50433385,0,1
4.5048338,0,0
4.50533355,0,1
4.5058335,0,0
4.5063332,0,1
4.50683315,0,0
4.50733285,0,1
4.5078328,0,0
4.50833255,0,1
4.5088325,0,0
4.5093322,0,1
4.50983215,0,0
4.51033185,0,1
4.51083185,0,0
4.5113315,0,1
4.51183145,0,0
4.5123311,0,1
4.51283105,0,0
4.51333075,0,1
4.51383075,0,0
4.5143304,0,1
4.51483035,0,0
4.5153301,0,1
4.51583005,0,0
4.51632975,0,1
4.51682965,0,0
4.51732935,0,1
4.5178293,0,0
4.518329,0,1
4.518829,0,0
4.5193287,0,1
4.5198286,0,0
4.5203283,0,1
4.5208282,0,0
4.5213279,0,1
4.5218279,0,0
4.52232755,0,1
4.52282745,0,0
4.5233271,0,1
4.52382705,0,0
4.5243268,0,1
4.5248268,0,0
4.5253265,0,1
4.52582645,0,0
4.5263261,0,1
4.5268261,0,0
4.5273259,0,1
4.52782595,0,0
4.5283257,0,1
4.5288257,0,0
4.52932545,0,1
4.5298255,0,0
4.53032525,0,1
4.53082525,0,0
4.531325,0,1
4.531825,0,0
4.53232475,0,1
4.5328247,0,0
4.53332445,0,1
4.5338244,0,0
4.53432415,0,1
4.53482415,0,0
4.5353239,0,1
4.5358239,0,0
4.53632365,0,1
4.5368237,0,0
4.5373235,0,1
4.53782345,0,0
4.53832315,0,1
4.53882315,0,0
4.53932295,0,1
4.539823,0,0
4.54032275,0,1
4.5408228,0,0
4.5413226,0,1
4.5418227,0,0
4.54232245,0,1
4.5428225,0,0
4.54332225,0,1
4.5438223,0,0
4.54432215,0,1
4.54482215,0,0
4.54532195,0,1
4.545822,0,0
4.5463218,0,1
4.5468219,0,0
4.54732175,0,1
4.54782185,0,0
4.5483217,0,1
4.54882175,0,0
4.54932155,0,1
4.5498216,0,0
4.5503214,0,1
4.55082145,0,0
4.55132125,0,1
4.5518213,0,0
4.5523211,0,1
4.55282115,0,0
4.55332095,0,1
4.553821,0,0
4.55432085,0,1
4.5548209,0,0
4.5553208,0,1
4.55582085,0,0
4.5563207,0,1
4.5568208,0,0
4.55732065,0,1
4.55782065,0,0
4.5583205,0,1
4.55882055,0,0
4.55932035,0,1
4.55982035,0,0
4.5603202,0,1
4.5608202,0,0
4.56132005,0,1
4.56182005,0,0
4.56231985,0,1
4.56281985,0,0
4.56331965,0,1
4.5638196,0,0
4.5643194,0,1
4.5648194,0,0
4.56531915,0,1
4.5658192,0,0
4.56631895,0,1
4.566819,0,0
4.5673188,0,1
4.56781885,0,0
4.5683186,0,1
4.56881865,0,0
4.5693184,0,1
4.56981845,0,0
4.5703182,0,1
4.57081825,0,0
4.57131805,0,1
4.57181805,0,0
4.5723178,0,1
4.5728178,0,0
4.57331755,0,1
4.57381755,0,0
4.5743173,0,1
4.5748173,0,0
4.5753171,0,1
4.57581715,0,0
4.57631695,0,1
4.576817,0,0
4.57731685,0,1
4.5778169,0,0
4.5783167,0,1
4.5788168,0,0
4.5793166,0,1
4.57981665,0,0
4.58031645,0,1
4.5808165,0,0
4.5813163,0,1
4.5818163,0,0
4.5823161,0,1
4.58281615,0,0
4.58331595,0,1
4.583816,0,0
4.58431585,0,1
4.5848159,0,0
4.58531565,0,1
4.5858157,0,0
4.5863155,0,1
4.58681555,0,0
4.5873153,0,1
4.5878153,0,0
4.58831505,0,1
4.5888151,0,0
4.5893149,0,1
4.589815,0,0
4.5903148,0,1
4.59081485,0,0
4.59131465,0,1
4.59181475,0,0
4.59231455,0,1
4.5928146,0,0
4.5933144,0,1
4.5938144,0,0
4.5943142,0,1
4.59481425,0,0
4.59531405,0,1
4.5958141,0,0
4.59631385,0,1
4.5968139,0,0
4.5973137,0,1
4.59781375,0,0
4.59831355,0,1
4.5988136,0,0
4.5993134,0,1
4.5998134,0,0
4.6003132,0,1
4.60081325,0,0
4.60131305,0,1
4.60181305,0,0
4.60231285,0,1
4.6028129,0,0
4.6033127,0,1
4.60381265,0,0
4.6043124,0,1
4.60481235,0,0
4.60531205,0,1
4.60581205,0,0
4.60631175,0,1
4.6068117,0,0
4.6073114,0,1
4.60781135,0,0
4.60831105,0,1
4.608811,0,0
4.6093107,0,1
4.60981065,0,0
4.61031035,0,1
4.61081035,0,0
4.61131005,0,1
4.61181005,0,0
4.61230975,0,1
4.6128097,0,0
4.61330945,0,1
4.6138094,0,0
4.6143091,0,1
4.6148091,0,0
4.6153088,0,1
4.6158088,0,0
4.61630855,0,1
4.61680855,0,0
4.61730825,0,1
4.6178082,0,0
4.61830795,0,1
4.61880795,0,0
4.6193077,0,1
4.6198077,0,0
4.62030745,0,1
4.62080745,0,0
4.62130715,0,1
4.62180715,0,0
4.62230685,0,1
4.62280685,0,0
4.6233066,0,1
4.62380655,0,0
4.6243062,0,1
4.6248061,0,0
4.62530575,0,1
4.6258057,0,0
4.62630535,0,1
4.62680535,0,0
4.62730505,0,1
4.62780495,0,0
4.62830465,0,1
4.62880465,0,0
4.6293043,0,1
4.6298043,0,0
4.63030405,0,1
4.63080395,0,0
4.63130365,0,1
4.6318036,0,0
4.6323033,0,1
4.63280325,0,0
4.63330295,0,1
4.63380295,0,0
4.6343027,0,1
4.63480265,0,0
4.63530235,0,1
4.63580235,0,0
4.6363021,0,1
4.63680215,0,0
4.63730195,0,1
4.63780195,0,0
4.63830175,0,1
4.63880175,0,0
4.6393015,0,1
4.6398015,0,0
4.64030125,0,1
4.6408012,0,0
4.64130095,0,1
4.64180095,0,0
4.6423007,0,1
4.6428007,0,0
4.6433004,0,1
4.6438004,0,0
4.64430015,0,1
4.6448001,0,0
4.64529985,0,1
4.6457998,0,0
4.64629955,0,1
4.6467995,0,0
4.6472992,0,1
4.64779925,0,0
4.648299,0,1
4.64879905,0,0
4.6492988,0,1
4.6497988,0,0
4.65029855,0,1
4.65079855,0,0
4.65129825,0,1
4.65179825,0,0
4.65229795,0,1
4.65279795,0,0
4.6532977,0,1
4.65379775,0,0
4.65429745,0,1
4.6547974,0,0
4.6552971,0,1
4.6557971,0,0
4.65629685,0,1
4.6567968,0,0
4.6572966,0,1
4.65779655,0,0
4.6582963,0,1
4.6587963,0,0
4.65929605,0,1
4.65979605,0,0
4.6602958,0,1
4.6607958,0,0
4.6612955,0,1
4.6617955,0,0
4.66229525,0,1
4.6627952,0,0
4.6632949,0,1
4.66379485,0,0
4.6642946,0,1
4.66479455,0,0
4.66529425,0,1
4.66579425,0,0
4.66629395,0,1
4.6667939,0,0
4.6672936,0,1
4.66779355,0,0
4.66829325,0,1
4.66879315,0,0
4.66929275,0,1
4.6697927,0,0
4.67029235,0,1
4.67079225,0,0
4.67129195,0,1
4.67179185,0,0
4.67229155,0,1
4.67279145,0,0
4.67329115,0,1
4.6737911,0,0
4.6742908,0,1
4.67479075,0,0
4.67529045,0,1
4.67579035,0,0
4.67629005,0,1
4.67679,0,0
4.67728965,0,1
4.6777896,0,0
4.6782893,0,1
4.67878925,0,0
4.679289,0,1
4.679789,0,0
4.68028875,0,1
4.6807887,0,0
4.68128845,0,1
4.6817884,0,0
4.6822881,0,1
4.68278805,0,0
4.6832878,0,1
4.68378775,0,0
4.68428745,0,1
4.68478735,0,0
4.68528705,0,1
4.685787,0,0
4.6862867,0,1
4.6867866,0,0
4.68728635,0,1
4.6877863,0,0
4.688286,0,1
4.6887859,0,0
4.6892856,0,1
4.68978555,0,0
4.6902853,0,1
4.69078525,0,0
4.691285,0,1
4.69178495,0,0
4.69228465,0,1
4.6927846,0,0
4.69328425,0,1
4.6937842,0,0
4.69428385,0,1
4.6947838,0,0
4.6952835,0,1
4.69578345,0,0
4.6962831,0,1
4.69678305,0,0
4.69728275,0,1
4.69778265,0,0
4.6982823,0,1
4.69878225,0,0
4.69928195,0,1
4.69978195,0,0
4.7002817,0,1
4.70078165,0,0
4.7012814,0,1
4.70178135,0,0
4.70228105,0,1
4.702781,0,0
4.7032808,0,1
4.70378075,0,0
4.7042805,0,1
4.70478055,0,0
4.7052803,0,1
4.7057803,0,0
4.7062801,0,1
4.7067801,0,0
4.7072798,0,1
4.7077798,0,0
4.70827955,0,1
4.70877955,0,0
4.7092793,0,1
4.7097793,0,0
4.71027905,0,1
4.71077905,0,0
4.71127875,0,1
4.71177875,0,0
4.7122785,0,1
4.7127785,0,0
4.7132782,0,1
4.71377815,0,0
4.71427785,0,1
4.7147778,0,0
4.71527755,0,1
4.71577755,0,0
4.7162773,0,1
4.7167773,0,0
4.71727705,0,1
4.71777705,0,0
4.7182768,0,1
4.71877675,0,0
4.71927645,0,1
4.71977645,0,0
4.7202762,0,1
4.72077615,0,0
4.7212759,0,1
4.7217759,0,0
4.72227565,0,1
4.7227756,0,0
4.72327535,0,1
4.7237753,0,0
4.724275,0,1
4.724775,0,0
4.7252747,0,1
4.72577465,0,0
4.72627435,0,1
4.7267743,0,0
4.727274,0,1
4.727774,0,0
4.7282737,0,1
4.72877365,0,0
4.72927335,0,1
4.7297733,0,0
4.73027305,0,1
4.7307731,0,0
4.7312728,0,1
4.73177285,0,0
4.7322726,0,1
4.73277255,0,0
4.73327225,0,1
4.73377225,0,0
4.73427205,0,1
4.73477205,0,0
4.73527185,0,1
4.73577185,0,0
4.7362716,0,1
4.7367716,0,0
4.73727135,0,1
4.7377713,0,0
4.738271,0,1
4.73877095,0,0
4.7392707,0,1
4.73977075,0,0
4.7402705,0,1
4.7407705,0,0
4.7412702,0,1
4.74177015,0,0
4.7422698,0,1
4.7427698,0,0
4.7432695,0,1
4.7437695,0,0
4.74426925,0,1
4.74476925,0,0
4.745269,0,1
4.745769,0,0
4.7462687,0,1
4.74676865,0,0
4.74726845,0,1
4.74776845,0,0
4.7482682,0,1
4.7487682,0,0
4.74926795,0,1
4.74976785,0,0
4.7502676,0,1
4.75076755,0,0
4.7512673,0,1
4.7517673,0,0
4.752267,0,1
4.75276695,0,0
4.7532667,0,1
4.7537667,0,0
4.7542664,0,1
4.75476635,0,0
4.75526605,0,1
4.75576595,0,0
4.75626565,0,1
4.75676565,0,0
4.75726535,0,1
4.7577653,0,0
4.75826505,0,1
4.758765,0,0
4.75926475,0,1
4.7597647,0,0
4.76026445,0,1
4.76076445,0,0
4.76126415,0,1
4.7617641,0,0
4.7622638,0,1
4.7627638,0,0
4.76326355,0,1
4.76376355,0,0
4.76426325,0,1
4.76476315,0,0
4.76526285,0,1
4.76576275,0,0
4.76626245,0,1
4.7667624,0,0
4.76726215,0,1
4.7677621,0,0
4.76826175,0,1
4.7687617,0,0
4.7692614,0,1
4.76976135,0,0
4.770261,0,1
4.77076095,0,0
4.7712606,0,1
4.77176055,0,0
4.7722602,0,1
4.77276015,0,0
4.77325985,0,1
4.77375985,0,0
4.7742595,0,1
4.7747595,0,0
4.7752592,0,1
4.7757591,0,0
4.77625875,0,1
4.7767587,0,0
4.7772584,0,1
4.77775845,0,0
4.77825815,0,1
4.7787581,0,0
4.77925785,0,1
4.7797578,0,0
4.78025755,0,1
4.78075755,0,0
4.7812573,0,1
4.7817573,0,0
4.782257,0,1
4.782757,0,0
4.7832567,0,1
4.78375665,0,0
4.78425635,0,1
4.78475635,0,0
4.78525615,0,1
4.7857561,0,0
4.7862558,0,1
4.78675575,0,0
4.78725545,0,1
4.7877554,0,0
4.78825505,0,1
4.788755,0,0
4.7892547,0,1
4.78975465,0,0
4.79025435,0,1
4.79075435,0,0
4.7912541,0,1
4.7917541,0,0
4.7922539,0,1
4.7927539,0,0
4.79325365,0,1
4.79375365,0,0
4.7942534,0,1
4.79475345,0,0
4.7952532,0,1
4.7957532,0,0
4.79625295,0,1
4.7967529,0,0
4.79725265,0,1
4.79775265,0,0
4.7982524,0,1
4.7987524,0,0
4.79925215,0,1
4.79975215,0,0
4.8002519,0,1
4.8007519,0,0
4.80125165,0,1
4.80175165,0,0
4.8022514,0,1
4.80275145,0,0
4.80325125,0,1
4.80375125,0,0
4.804251,0,1
4.804751,0,0
4.80525075,0,1
4.80575075,0,0
4.80625055,0,1
4.8067506,0,0
4.80725035,0,1
4.80775035,0,0
4.80825015,0,1
4.80875015,0,0
4.80924985,0,1
4.8097499,0,0
4.81024965,0,1
4.8107497,0,0
4.8112495,0,1
4.81174955,0,0
4.8122494,0,1
4.81274945,0,0
4.8132493,0,1
4.8137494,0,0
4.8142492,0,1
4.81474925,0,0
4.8152491,0,1
4.81574925,0,0
4.8162491,0,1
4.8167492,0,0
4.81724905,0,1
4.81774915,0,0
4.81824905,0,1
4.8187491,0,0
4.81924895,0,1
4.81974905,0,0
4.8202489,0,1
4.820749,0,0
4.82124885,0,1
4.82174895,0,0
4.82224885,0,1
4.82274895,0,0
4.8232488,0,1
4.8237489,0,0
4.82424875,0,1
4.82474885,0,0
4.8252487,0,1
4.8257488,0,0
4.8262486,0,1
4.82674875,0,0
4.8272486,0,1
4.8277487,0,0
4.8282486,0,1
4.82874875,0,0
4.82924865,0,1
4.82974875,0,0
4.83024855,0,1
4.83074865,0,0
4.83124855,0,1
4.8317486,0,0
4.83224845,0,1
4.83274855,0,0
4.83324835,0,1
4.83374845,0,0
4.83424825,0,1
4.8347483,0,0
4.83524815,0,1
4.8357482,0,0
4.83624805,0,1
4.8367481,0,0
4.83724795,0,1
4.837748,0,0
4.83824785,0,1
4.83874795,0,0
4.8392478,0,1
4.8397479,0,0
4.8402477,0,1
4.84074775,0,0
4.8412476,0,1
4.84174765,0,0
4.8422475,0,1
4.84274755,0,0
4.84324735,0,1
4.8437474,0,0
4.84424725,0,1
4.84474725,0,0
4.8452471,0,1
4.84574715,0,0
4.846247,0,1
4.84674705,0,0
4.8472469,0,1
4.847747,0,0
4.8482468,0,1
4.8487469,0,0
4.8492467,0,1
4.8497468,0,0
4.8502466,0,1
4.85074665,0,0
4.8512464,0,1
4.85174645,0,0
4.85224615,0,1
4.8527461,0,0
4.8532459,0,1
4.85374595,0,0
4.85424575,0,1
4.85474575,0,0
4.85524555,0,1
4.8557456,0,0
4.85624535,0,1
4.8567454,0,0
4.8572452,0,1
4.85774525,0,0
4.8582451,0,1
4.85874515,0,0
4.859245,0,1
4.8597451,0,0
4.86024495,0,1
4.86074495,0,0
4.8612447,0,1
4.86174475,0,0
4.8622446,0,1
4.86274465,0,0
4.86324445,0,1
4.8637445,0,0
4.86424425,0,1
4.8647443,0,0
4.86524415,0,1
4.8657442,0,0
4.866244,0,1
4.866744,0,0
4.86724385,0,1
4.86774385,0,0
4.8682436,0,1
4.86874365,0,0
4.86924345,0,1
4.8697434,0,0
4.8702431,0,1
4.87074315,0,0
4.87124295,0,1
4.871743,0,0
4.87224285,0,1
4.8727429,0,0
4.8732427,0,1
4.8737427,0,0
4.8742425,0,1
4.87474255,0,0
4.87524235,0,1
4.8757424,0,0
4.8762422,0,1
4.87674225,0,0
4.8772421,0,1
4.87774215,0,0
4.87824195,0,1
4.87874195,0,0
4.8792418,0,1
4.8797418,0,0
4.8802416,0,1
4.88074165,0,0
4.88124145,0,1
4.8817415,0,0
4.8822413,0,1
4.8827413,0,0
4.88324115,0,1
4.88374115,0,0
4.88424095,0,1
4.884741,0,0
4.8852408,0,1
4.88574085,0,0
4.8862407,0,1
4.88674075,0,0
4.8872406,0,1
4.88774065,0,0
4.88824045,0,1
4.8887405,0,0
4.8892403,0,1
4.88974035,0,0
4.8902402,0,1
4.89074025,0,0
4.8912401,0,1
4.89174015,0,0
4.89224,0,1
4.8927401,0,0
4.8932399,0,1
4.89374,0,0
4.89423985,0,1
4.8947399,0,0
4.8952397,0,1
4.8957398,0,0
4.89623965,0,1
4.89673975,0,0
4.8972396,0,1
4.8977397,0,0
4.8982395,0,1
4.8987396,0,0
4.89923945,0,1
4.8997395,0,0
4.90023935,0,1
4.9007394,0,0
4.90123925,0,1
4.9017394,0,0
4.90223925,0,1
4.90273935,0,0
4.9032392,0,1
4.90373925,0,0
4.9042391,0,1
4.90473915,0,0
4.905239,0,1
4.90573905,0,0
4.9062389,0,1
4.906739,0,0
4.90723885,0,1
4.90773895,0,0
4.90823875,0,1
4.9087389,0,0
4.90923875,0,1
4.90973885,0,0
4.9102387,0,1
4.9107388,0,0
4.91123865,0,1
4.91173875,0,0
4.91223855,0,1
4.91273865,0,0
4.9132385,0,1
4.9137386,0,0
4.91423845,0,1
4.9147385,0,0
4.9152384,0,1
4.9157385,0,0
4.9162383,0,1
4.91673835,0,0
4.9172382,0,1
4.91773825,0,0
4.91823805,0,1
4.9187381,0,0
4.9192379,0,1
4.919738,0,0
4.9202378,0,1
4.9207379,0,0
4.92123775,0,1
4.92173785,0,0
4.92223775,0,1
4.9227378,0,0
4.92323765,0,1
4.92373775,0,0
4.9242376,0,1
4.9247377,0,0
4.92523755,0,1
4.92573765,0,0
4.9262375,0,1
4.9267376,0,0
4.9272375,0,1
4.92773755,0,0
4.92823735,0,1
4.92873745,0,0
4.9292372,0,1
4.9297373,0,0
4.93023715,0,1
4.93073725,0,0
4.93123705,0,1
4.9317371,0,0
4.93223695,0,1
4.93273705,0,0
4.9332369,0,1
4.93373695,0,0
4.9342368,0,1
4.93473685,0,0
4.93523665,0,1
4.93573675,0,0
4.9362366,0,1
4.93673665,0,0
4.9372365,0,1
4.9377366,0,0
4.93823645,0,1
4.93873655,0,0
4.9392364,0,1
4.9397365,0,0
4.94023635,0,1
4.9407365,0,0
4.9412364,0,1
4.9417365,0,0
4.94223635,0,1
4.94273645,0,0
4.9432363,0,1
4.9437364,0,0
4.94423625,0,1
4.94473635,0,0
4.94523615,0,1
4.94573625,0,0
4.9462361,0,1
4.94673615,0,0
4.94723595,0,1
4.947736,0,0
4.9482358,0,1
4.9487359,0,0
4.94923575,0,1
4.94973585,0,0
4.95023565,0,1
4.95073575,0,0
4.9512356,0,1
4.9517357,0,0
4.95223555,0,1
4.95273565,0,0
4.9532355,0,1
4.95373555,0,0
4.95423545,0,1
4.9547355,0,0
4.95523535,0,1
4.95573545,0,0
4.95623525,0,1
4.95673535,0,0
4.95723525,0,1
4.95773535,0,0
4.95823515,0,1
4.9587352,0,0
4.959235,0,1
4.9597351,0,0
4.9602349,0,1
4.96073495,0,0
4.9612348,0,1
4.96173495,0,0
4.9622348,0,1
4.9627349,0,0
4.9632347,0,1
4.96373465,0,0
4.96423445,0,1
4.9647345,0,0
4.96523425,0,1
4.96573425,0,0
4.966234,0,1
4.966734,0,0
4.96723375,0,1
4.96773375,0,0
4.9682335,0,1
4.9687335,0,0
4.9692332,0,1
4.9697332,0,0
4.97023295,0,1
4.97073295,0,0
4.97123275,0,1
4.9717328,0,0
4.97223255,0,1
4.9727326,0,0
4.97323235,0,1
4.97373235,0,0
4.97423205,0,1
4.97473205,0,0
4.9752318,0,1
4.9757318,0,0
4.97623155,0,1
4.97673155,0,0
4.9772313,0,1
4.97773125,0,0
4.978231,0,1
4.978731,0,0
4.9792307,0,1
4.9797307,0,0
4.98023045,0,1
4.98073045,0,0
4.9812302,0,1
4.98173025,0,0
4.98223,0,1
4.98272995,0,0
4.9832297,0,1
4.9837297,0,0
4.98422945,0,1
4.98472945,0,0
4.9852292,0,1
4.9857292,0,0
4.98622895,0,1
4.9867289,0,0
4.98722865,0,1
4.9877287,0,0
4.98822845,0,1
4.98872845,0,0
4.9892282,0,1
4.98972815,0,0
4.9902279,0,1
4.9907279,0,0
4.99122765,0,1
4.9917277,0,0
4.9922274,0,1
4.99272725,0,0
4.9932269,0,1
4.9937268,0,0
4.99422655,0,1
4.9947265,0,0
4.9952262,0,1
4.9957262,0,0
4.9962259,0,1
4.9967259,0,0
4.99722565,0,1
4.9977256,0,0
4.99822535,0,1
4.9987253,0,0
4.999225,0,1
4.99972495,0,0
