timestamp_s,CH0,CH1
0.0,0,0
0.00026505,0,1
0.0007651,0,0
0.00126495,0,1
0.001765,0,0
0.0022648,0,1
0.00276485,0,0
0.0032646,0,1
0.0037646,0,0
0.0042644,0,1
0.0047644,0,0
0.00526415,0,1
0.00576415,0,0
0.00626395,0,1
0.00676395,0,0
0.00726375,0,1
0.00776375,0,0
0.00826355,0,1
0.00876355,0,0
0.00926335,0,1
0.00976335,0,0
0.0102631,0,1
0.0107631,0,0
0.01126285,0,1
0.0117629,0,0
0.01226265,0,1
0.0127627,0,0
0.01326245,0,1
0.0137625,0,0
0.01426225,0,1
0.01476225,0,0
0.015262,0,1
0.015762,0,0
0.01626175,0,1
0.0167617,0,0
0.01726145,0,1
0.0177615,0,0
0.0182613,0,1
0.0187613,0,0
0.01926105,0,1
0.019761,0,0
0.0202608,0,1
0.0207608,0,0
0.0212606,0,1
0.0217606,0,0
0.02226035,0,1
0.02276035,0,0
0.02326015,0,1
0.0237602,0,0
0.02426,0,1
0.02476005,0,0
0.0252598,0,1
0.0257598,0,0
0.0262596,0,1
0.0267596,0,0
0.0272594,0,1
0.02775945,0,0
0.0282593,0,1
0.0287593,0,0
0.0292591,0,1
0.02975915,0,0
0.03025895,0,1
0.0307589,0,0
0.03125865,0,1
0.0317586,0,0
0.03225835,0,1
0.03275835,0,0
0.0332581,0,1
0.0337581,0,0
0.03425785,0,1
0.03475785,0,0
0.0352576,0,1
0.0357576,0,0
0.03625735,0,1
0.0367574,0,0
0.0372571,0,1
0.03775715,0,0
0.03825695,0,1
0.038757,0,0
0.03925675,0,1
0.0397568,0,0
0.04025655,0,1
0.0407566,0,0
0.0412564,0,1
0.0417564,0,0
0.04225615,0,1
0.04275615,0,0
0.0432559,0,1
0.04375595,0,0
0.04425575,0,1
0.0447558,0,0
0.04525565,0,1
0.0457557,0,0
0.04625545,0,1
0.0467555,0,0
0.0472555,0,1
0.04775565,0,0
0.0482552,0,1
0.04875525,0,0
0.04925505,0,1
0.0497551,0,0
0.0500009,1,0
0.05025485,1,1
0.0507549,1,0
0.05125475,1,1
0.05175485,1,0
0.05225475,1,1
0.0527549,1,0
0.05325445,1,1
0.0537546,1,0
0.05425425,1,1
0.0547543,1,0
0.0552541,1,1
0.0557541,1,0
0.05625375,1,1
0.05675375,1,0
0.0572535,1,1
0.0577535,1,0
0.0582533,1,1
0.05875335,1,0
0.05925315,1,1
0.05975315,1,0
0.0602529,1,1
0.06075295,1,0
0.0612527,1,1
0.06175275,1,0
0.0622526,1,1
0.0627527,1,0
0.0632525,1,1
0.0637526,1,0
0.06425245,1,1
0.0647525,1,0
0.0652523,1,1
0.06575235,1,0
0.06597555,0,0
0.0662525,0,1
0.0667522,0,0
0.06725195,0,1
0.067752,0,0
0.06825175,0,1
0.0687518,0,0
0.06925155,0,1
0.06975155,0,0
0.07025135,0,1
0.07075135,0,0
0.0712511,0,1
0.07175095,0,0
0.07225075,0,1
0.07275085,0,0
0.0732506,0,1
0.07375075,0,0
0.0742507,0,1
0.0747503,0,0
0.07524995,0,1
0.07574995,0,0
0.0762497,0,1
0.0767498,0,0
0.07724955,0,1
0.0777496,0,0
0.0782494,0,1
0.07874945,0,0
0.0792492,0,1
0.07974925,0,0
0.080249,0,1
0.0807491,0,0
0.08124885,0,1
0.0817489,0,0
0.0822487,0,1
0.08274875,0,0
0.08324855,0,1
0.0837486,0,0
0.08424835,0,1
0.08474835,0,0
0.0852481,0,1
0.0857481,0,0
0.0862474,0,1
0.08674785,0,0
0.08724765,0,1
0.08774765,0,0
0.0882474,0,1
0.08874735,0,0
0.08924705,0,1
0.089747,0,0
0.0902468,0,1
0.0907468,0,0
0.0912466,0,1
0.0917466,0,0
0.09224635,0,1
0.0927463,0,0
0.093246,0,1
0.093746,0,0
0.09424575,0,1
0.09474575,0,0
0.0952455,0,1
0.0957455,0,0
0.09624525,0,1
0.09674525,0,0
0.097245,0,1
0.097745,0,0
0.09824475,0,1
0.09874475,0,0
0.09924455,0,1
0.0997446,0,0
0.1002444,0,1
0.1007444,0,0
0.1012442,0,1
0.1017442,0,0
0.10224395,0,1
0.10274395,0,0
0.1032437,0,1
0.1037437,0,0
0.10424345,0,1
0.10474345,0,0
0.1052432,0,1
0.1057432,0,0
0.10624295,0,1
0.10674295,0,0
0.1072427,0,1
0.1077427,0,0
0.1082425,0,1
0.1087425,0,0
0.1092423,0,1
0.1097423,0,0
0.1102421,0,1
0.1107421,0,0
0.11124185,0,1
0.1117419,0,0
0.11224165,0,1
0.11274165,0,0
0.1132414,0,1
0.11374135,0,0
0.1142411,0,1
0.11474115,0,0
0.11524095,0,1
0.11574105,0,0
0.1162408,0,1
0.11674085,0,0
0.1172407,0,1
0.11774075,0,0
0.11824055,0,1
0.1187406,0,0
0.11924035,0,1
0.1197404,0,0
0.12024015,0,1
0.12074015,0,0
0.12123985,0,1
0.12173985,0,0
0.1222396,0,1
0.12273955,0,0
0.1232394,0,1
0.12373945,0,0
0.1242391,0,1
0.12473905,0,0
0.1252388,0,1
0.12573875,0,0
0.12623845,0,1
0.12673845,0,0
0.1272382,0,1
0.1277382,0,0
0.12823805,0,1
0.128738,0,0
0.12923785,0,1
0.12973775,0,0
0.1302375,0,1
0.1307375,0,0
0.13123725,0,1
0.13173765,0,0
0.13223695,0,1
0.13273695,0,0
0.13323675,0,1
0.1337368,0,0
0.1342366,0,1
0.13473665,0,0
0.13523645,0,1
0.1357365,0,0
0.1362363,0,1
0.13673635,0,0
0.13723615,0,1
0.13773615,0,0
0.13823595,0,1
0.138736,0,0
0.13923575,0,1
0.1397358,0,0
0.14023555,0,1
0.1407356,0,0
0.14123575,0,1
0.1417355,0,0
0.1422353,0,1
0.14273575,0,0
0.1432352,0,1
0.1437353,0,0
0.1442348,0,1
0.14473495,0,0
0.1452347,0,1
0.14573495,0,0
0.14623475,0,1
0.14673465,0,0
0.1472345,0,1
0.14773425,0,0
0.14823405,0,1
0.14873405,0,0
0.1492342,0,1
0.1497338,0,0
0.15023385,0,1
0.1507335,0,0
0.1512333,0,1
0.15173335,0,0
0.15223325,0,1
0.15273325,0,0
0.15323315,0,1
0.15373305,0,0
0.15423285,0,1
0.15473285,0,0
0.1552325,0,1
0.1557326,0,0
0.1562324,0,1
0.15673265,0,0
0.15723215,0,1
0.1577324,0,0
0.1582319,0,1
0.1587318,0,0
0.1592317,0,1
0.1597317,0,0
0.1602318,0,1
0.16073145,0,0
0.16123145,0,1
0.1617312,0,0
0.1622309,0,1
0.16273115,0,0
0.163231,0,1
0.16373065,0,0
0.1642308,0,1
0.16473045,0,0
0.16523005,0,1
0.16573005,0,0
0.1662299,0,1
0.1667299,0,0
0.16722975,0,1
0.1677296,0,0
0.1682294,0,1
0.1687294,0,0
0.16922905,0,1
0.16972915,0,0
0.170229,0,1
0.1707288,0,0
0.1712286,0,1
0.17172865,0,0
0.1722285,0,1
0.17272845,0,0
0.1732284,0,1
0.1737287,0,0
0.1742283,0,1
0.17472835,0,0
0.17522805,0,1
0.17572805,0,0
0.1762277,0,1
0.176728,0,0
0.1772279,0,1
0.1777277,0,0
0.1782275,0,1
0.1787275,0,0
0.1792273,0,1
0.1797272,0,0
0.1802271,0,1
0.18072715,0,0
0.18122705,0,1
0.18172695,0,0
0.1822267,0,1
0.182727,0,0
0.18322655,0,1
0.18372695,0,0
0.18422635,0,1
0.1847264,0,0
0.1852262,0,1
0.18572625,0,0
0.1862263,0,1
0.186726,0,0
0.187226,0,1
0.18772625,0,0
0.1882263,0,1
0.188726,0,0
0.1892259,0,1
0.1897259,0,0
0.19022595,0,1
0.19072575,0,0
0.19122555,0,1
0.1917255,0,0
0.19222585,0,1
0.1927256,0,0
0.19322575,0,1
0.19372535,0,0
0.1942252,0,1
0.19472525,0,0
0.19522515,0,1
0.19572525,0,0
0.19622515,0,1
0.1967251,0,0
0.1972249,0,1
0.1977252,0,0
0.19822475,0,1
0.1987248,0,0
0.19922455,0,1
0.19972455,0,0
0.20022435,0,1
0.2007244,0,0
0.20122445,0,1
0.20172415,0,0
0.2022243,0,1
0.2027241,0,0
0.20322385,0,1
0.20372415,0,0
0.2042241,0,1
0.20472375,0,0
0.2052238,0,1
0.2057236,0,0
0.20622355,0,1
0.2067235,0,0
0.20722345,0,1
0.2077234,0,0
0.2082232,0,1
0.20872315,0,0
0.209223,0,1
0.20972305,0,0
0.21022295,0,1
0.21072295,0,0
0.21122285,0,1
0.2117227,0,0
0.2122225,0,1
0.2127227,0,0
0.21322225,0,1
0.2137223,0,0
0.2142221,0,1
0.21472205,0,0
0.21522195,0,1
0.215722,0,0
0.21622205,0,1
0.2167217,0,0
0.21722195,0,1
0.2177216,0,0
0.21822135,0,1
0.21872135,0,0
0.2192211,0,1
0.21972135,0,0
0.22022085,0,1
0.2207209,0,0
0.2212207,0,1
0.22172065,0,0
0.22222045,0,1
0.22272045,0,0
0.2232205,0,1
0.22372015,0,0
0.2242199,0,1
0.22471985,0,0
0.22521975,0,1
0.22571975,0,0
0.22621965,0,1
0.22671955,0,0
0.22721935,0,1
0.22771965,0,0
0.22821915,0,1
0.2287193,0,0
0.2292192,0,1
0.22971885,0,0
0.23021885,0,1
0.23071875,0,0
0.23121855,0,1
0.23171845,0,0
0.2322185,0,1
0.2327184,0,0
0.2332182,0,1
0.23371815,0,0
0.23421795,0,1
0.2347182,0,0
0.23521775,0,1
0.23571775,0,0
0.23621755,0,1
0.2367176,0,0
0.23721735,0,1
0.23771735,0,0
0.2382174,0,1
0.23871705,0,0
0.2392163,0,1
0.2397168,0,0
0.2402167,0,1
0.2407167,0,0
0.2412166,0,1
0.24171645,0,0
0.2422162,0,1
0.2427165,0,0
0.243216,0,1
0.2437164,0,0
0.2442158,0,1
0.2447157,0,0
0.245216,0,1
0.2457156,0,0
0.24621565,0,1
0.2467153,0,0
0.2472156,0,1
0.2477152,0,0
0.24821505,0,1
0.24871505,0,0
0.2492148,0,1
0.24971505,0,0
0.2502146,0,1
0.2507146,0,0
0.2512144,0,1
0.2517144,0,0
0.2522142,0,1
0.2527142,0,0
0.25321425,0,1
0.25371395,0,0
0.2542137,0,1
0.25471375,0,0
0.2552137,0,1
0.25571375,0,0
0.2562137,0,1
0.2567136,0,0
0.25721335,0,1
0.25771365,0,0
0.25821315,0,1
0.2587135,0,0
0.2592129,0,1
0.25971275,0,0
0.260213,0,1
0.26071265,0,0
0.26121265,0,1
0.2617123,0,0
0.26221215,0,1
0.2627121,0,0
0.2632119,0,1
0.26371175,0,0
0.26421145,0,1
0.26471175,0,0
0.26521125,0,1
0.26571125,0,0
0.266211,0,1
0.266711,0,0
0.2672111,0,1
0.26771065,0,0
0.2682106,0,1
0.2687102,0,0
0.26920995,0,1
0.26970995,0,0
0.27020985,0,1
0.2707098,0,0
0.27120965,0,1
0.2717095,0,0
0.27220925,0,1
0.2727095,0,0
0.273209,0,1
0.27370895,0,0
0.2742087,0,1
0.2747086,0,0
0.2752088,0,1
0.2757084,0,0
0.2762084,0,1
0.27670805,0,0
0.27720795,0,1
0.2777081,0,0
0.27820805,0,1
0.27870785,0,0
0.2792076,0,1
0.2797076,0,0
0.2802076,0,1
0.28070735,0,0
0.2812071,0,1
0.281707,0,0
0.2822069,0,1
0.28270695,0,0
0.28320695,0,1
0.28370655,0,0
0.2842063,0,1
0.2847063,0,0
0.28520625,0,1
0.28570625,0,0
0.2862062,0,1
0.2867061,0,0
0.2872059,0,1
0.28770625,0,0
0.2882058,0,1
0.28870585,0,0
0.2892056,0,1
0.28970555,0,0
0.29020545,0,1
0.2907054,0,0
0.29120545,0,1
0.2917051,0,0
0.29220495,0,1
0.292705,0,0
0.2932049,0,1
0.2937048,0,0
0.2942046,0,1
0.29470485,0,0
0.29520435,0,1
0.29570435,0,0
0.29620415,0,1
0.29670415,0,0
0.29720385,0,1
0.29770385,0,0
0.2982039,0,1
0.29870355,0,0
0.29920335,0,1
0.29970335,0,0
0.3002032,0,1
0.30070325,0,0
0.30120315,0,1
0.30170305,0,0
0.30220285,0,1
0.3027031,0,0
0.30320265,0,1
0.30370305,0,0
0.30420245,0,1
0.30470245,0,0
0.30520225,0,1
0.30570225,0,0
0.30620225,0,1
0.3067019,0,0
0.3072021,0,1
0.30770185,0,0
0.30820165,0,1
0.3087019,0,0
0.30920175,0,1
0.30970135,0,0
0.31020135,0,1
0.31070125,0,0
0.31120115,0,1
0.31170085,0,0
0.3122007,0,1
0.3127006,0,0
0.31320035,0,1
0.3137002,0,0
0.31419995,0,1
0.3146999,0,0
0.3151998,0,1
0.3156998,0,0
0.3161997,0,1
0.31669955,0,0
0.3171993,0,1
0.3176996,0,0
0.3181991,0,1
0.31869915,0,0
0.3191989,0,1
0.3196989,0,0
0.32019895,0,1
0.3206986,0,0
0.32119855,0,1
0.3216982,0,0
0.32219835,0,1
0.3226981,0,0
0.32319785,0,1
0.32369805,0,0
0.32419795,0,1
0.32469755,0,0
0.32519755,0,1
0.3256973,0,0
0.32619715,0,1
0.32669705,0,0
0.32719695,0,1
0.3276968,0,0
0.32819655,0,1
0.32869645,0,0
0.32919615,0,1
0.3296961,0,0
0.330196,0,1
0.330696,0,0
0.33119585,0,1
0.33169575,0,0
0.3321954,0,1
0.3326956,0,0
0.33319515,0,1
0.3336951,0,0
0.33419485,0,1
0.33469475,0,0
0.3351947,0,1
0.33569465,0,0
0.3361946,0,1
0.3366942,0,0
0.33719445,0,1
0.33769405,0,0
0.33819375,0,1
0.33869375,0,0
0.3391935,0,1
0.33969375,0,0
0.34019325,0,1
0.34069325,0,0
0.341193,0,1
0.34169335,0,0
0.3421927,0,1
0.34269295,0,0
0.34319245,0,1
0.34369235,0,0
0.3441921,0,1
0.3446921,0,0
0.34519195,0,1
0.34569195,0,0
0.3461918,0,1
0.34669165,0,0
0.3471914,0,1
0.34769165,0,0
0.34819115,0,1
0.3486915,0,0
0.34919085,0,1
0.3496907,0,0
0.3501906,0,1
0.3506906,0,0
0.35119055,0,1
0.3516902,0,0
0.35219045,0,1
0.35269005,0,0
0.3531898,0,1
0.3536898,0,0
0.3541896,0,1
0.35468985,0,0
0.35518935,0,1
0.35568935,0,0
0.35618915,0,1
0.35668915,0,0
0.35718895,0,1
0.35768895,0,0
0.358189,0,1
0.3586886,0,0
0.3591879,0,1
0.35968845,0,0
0.36018835,0,1
0.3606884,0,0
0.3611883,0,1
0.36168815,0,0
0.3621879,0,1
0.3626882,0,0
0.3631877,0,1
0.3636881,0,0
0.36418755,0,1
0.36468745,0,0
0.3651877,0,1
0.3656873,0,0
0.3661873,0,1
0.36668695,0,0
0.3671868,0,1
0.36768675,0,0
0.3681866,0,1
0.3686864,0,0
0.36918615,0,1
0.3696864,0,0
0.37018595,0,1
0.37068595,0,0
0.37118565,0,1
0.37168565,0,0
0.3721858,0,1
0.3726854,0,0
0.37318545,0,1
0.37368505,0,0
0.37418485,0,1
0.37468485,0,0
0.3751847,0,1
0.37568475,0,0
0.37618465,0,1
0.3766845,0,0
0.3771843,0,1
0.3776846,0,0
0.3781844,0,1
0.37868395,0,0
0.37918365,0,1
0.37968365,0,0
0.3801835,0,1
0.3806835,0,0
0.38118325,0,1
0.3816833,0,0
0.38218305,0,1
0.38268305,0,0
0.3831828,0,1
0.38368285,0,0
0.3841826,0,1
0.3846826,0,0
0.38518235,0,1
0.3856823,0,0
0.38618205,0,1
0.38668205,0,0
0.3871818,0,1
0.3876818,0,0
0.38818155,0,1
0.3886816,0,0
0.3891814,0,1
0.3896814,0,0
0.39018115,0,1
0.39068115,0,0
0.39118095,0,1
0.391681,0,0
0.3921808,0,1
0.39268085,0,0
0.3931806,0,1
0.3936806,0,0
0.3941804,0,1
0.3946804,0,0
0.39518015,0,1
0.3956801,0,0
0.39617985,0,1
0.3966799,0,0
0.39717965,0,1
0.39767965,0,0
0.39817945,0,1
0.39867945,0,0
0.39917925,0,1
0.39967925,0,0
0.400179,0,1
0.400679,0,0
0.40117875,0,1
0.4016788,0,0
0.4021785,0,1
0.40267855,0,0
0.40317825,0,1
0.4036782,0,0
0.40417795,0,1
0.4046779,0,0
0.4051776,0,1
0.4056776,0,0
0.40617735,0,1
0.4066773,0,0
0.40717705,0,1
0.40767705,0,0
0.40817675,0,1
0.40867675,0,0
0.40917645,0,1
0.4096764,0,0
0.4101761,0,1
0.41067605,0,0
0.4111758,0,1
0.4116758,0,0
0.4121755,0,1
0.41267545,0,0
0.41317515,0,1
0.4136751,0,0
0.4141748,0,1
0.41467475,0,0
0.41517445,0,1
0.41567445,0,0
0.4161742,0,1
0.41667425,0,0
0.417174,0,1
0.41767405,0,0
0.41817385,0,1
0.4186739,0,0
0.41917365,0,1
0.41967365,0,0
0.4201734,0,1
0.42067345,0,0
0.4211732,0,1
0.4216732,0,0
0.42217295,0,1
0.42267295,0,0
0.4231727,0,1
0.4236727,0,0
0.4241724,0,1
0.4246723,0,0
0.42517205,0,1
0.425672,0,0
0.4261718,0,1
0.42667175,0,0
0.4271715,0,1
0.42767145,0,0
0.4281712,0,1
0.42867125,0,0
0.429171,0,1
0.429671,0,0
0.43017075,0,1
0.4306708,0,0
0.4311706,0,1
0.43167065,0,0
0.4321704,0,1
0.4326704,0,0
0.43317015,0,1
0.43367015,0,0
0.43416985,0,1
0.4346698,0,0
0.4351695,0,1
0.43566945,0,0
0.43616915,0,1
0.43666915,0,0
0.43716885,0,1
0.4376689,0,0
0.4381686,0,1
0.43866855,0,0
0.43916825,0,1
0.43966825,0,0
0.440168,0,1
0.4406679,0,0
0.4411676,0,1
0.4416676,0,0
0.44216735,0,1
0.44266735,0,0
0.44316705,0,1
0.44366705,0,0
0.4441668,0,1
0.4446668,0,0
0.4451666,0,1
0.4456666,0,0
0.44616635,0,1
0.44666635,0,0
0.4471661,0,1
0.4476661,0,0
0.4481659,0,1
0.44866585,0,0
0.4491656,0,1
0.44966565,0,0
0.4501654,0,1
0.4506654,0,0
0.45116515,0,1
0.45166515,0,0
0.4521649,0,1
0.4526649,0,0
0.4531647,0,1
0.4536647,0,0
0.45416445,0,1
0.45466445,0,0
0.4551642,0,1
0.4556642,0,0
0.45616395,0,1
0.45666395,0,0
0.45716375,0,1
0.45766375,0,0
0.4581635,0,1
0.4586635,0,0
0.4591633,0,1
0.4596633,0,0
0.46016305,0,1
0.4606631,0,0
0.46116285,0,1
0.46166285,0,0
0.4621626,0,1
0.46266265,0,0
0.4631624,0,1
0.46366245,0,0
0.4641622,0,1
0.46466225,0,0
0.46516205,0,1
0.4656621,0,0
0.4661619,0,1
0.46666195,0,0
0.4671617,0,1
0.46766175,0,0
0.4681615,0,1
0.46866155,0,0
0.46916135,0,1
0.4696614,0,0
0.47016115,0,1
0.47066115,0,0
0.4711609,0,1
0.4716609,0,0
0.4721607,0,1
0.4726607,0,0
0.47316045,0,1
0.47366045,0,0
0.47416025,0,1
0.47466025,0,0
0.47516,0,1
0.47566,0,0
0.47615975,0,1
0.47665975,0,0
0.4771595,0,1
0.47765945,0,0
0.4781592,0,1
0.4786592,0,0
0.47915895,0,1
0.479659,0,0
0.48015875,0,1
0.48065875,0,0
0.48115845,0,1
0.4816584,0,0
0.48215815,0,1
0.48265815,0,0
0.48315795,0,1
0.48365795,0,0
0.48415765,0,1
0.48465765,0,0
0.48515735,0,1
0.48565735,0,0
0.4861571,0,1
0.48665705,0,0
0.4871568,0,1
0.4876568,0,0
0.48815655,0,1
0.48865655,0,0
0.48915625,0,1
0.4896563,0,0
0.49015605,0,1
0.4906561,0,0
0.49115585,0,1
0.49165585,0,0
0.49215565,0,1
0.49265565,0,0
0.4931554,0,1
0.49365545,0,0
0.49415525,0,1
0.49465525,0,0
0.495155,0,1
0.495655,0,0
0.4961547,0,1
0.4966547,0,0
0.4971544,0,1
0.4976544,0,0
0.4981541,0,1
0.49865405,0,0
0.49915375,0,1
0.49965365,0,0
0.50015335,0,1
0.5006533,0,0
0.501153,0,1
0.501653,0,0
0.5021527,0,1
0.50265265,0,0
0.5031524,0,1
0.50365235,0,0
0.50415205,0,1
0.50465205,0,0
0.5051518,0,1
0.50565175,0,0
0.5061515,0,1
0.5066515,0,0
0.50715125,0,1
0.50765125,0,0
0.50815095,0,1
0.50865095,0,0
0.50915065,0,1
0.5096506,0,0
0.51015035,0,1
0.5106504,0,0
0.5111501,0,1
0.51165005,0,0
0.5121498,0,1
0.5126498,0,0
0.51314955,0,1
0.5136496,0,0
0.51414935,0,1
0.51464935,0,0
0.5151491,0,1
0.51564905,0,0
0.5161488,0,1
0.51664885,0,0
0.5171486,0,1
0.5176486,0,0
0.5181484,0,1
0.5186484,0,0
0.5191482,0,1
0.5196482,0,0
0.520148,0,1
0.520648,0,0
0.5211478,0,1
0.52164785,0,0
0.52214765,0,1
0.52264765,0,0
0.5231475,0,1
0.52364755,0,0
0.52414735,0,1
0.52464735,0,0
0.5251472,0,1
0.5256472,0,0
0.52614695,0,1
0.526647,0,0
0.52714675,0,1
0.5276467,0,0
0.52814645,0,1
0.52864645,0,0
0.52914615,0,1
0.52964615,0,0
0.5301459,0,1
0.5306459,0,0
0.53114565,0,1
0.53164565,0,0
0.53214545,0,1
0.53264545,0,0
0.53314525,0,1
0.53364525,0,0
0.53414505,0,1
0.5346451,0,0
0.5351449,0,1
0.5356449,0,0
0.5361446,0,1
0.5366446,0,0
0.53714435,0,1
0.5376444,0,0
0.53814425,0,1
0.53864425,0,0
0.53914405,0,1
0.53964405,0,0
0.5401438,0,1
0.5406438,0,0
0.54114355,0,1
0.54164355,0,0
0.54214335,0,1
0.54264335,0,0
0.5431431,0,1
0.54364305,0,0
0.5441428,0,1
0.54464285,0,0
0.5451426,0,1
0.5456426,0,0
0.54614235,0,1
0.54664235,0,0
0.54714215,0,1
0.54764215,0,0
0.5481419,0,1
0.5486419,0,0
0.54914165,0,1
0.54964165,0,0
0.5501414,0,1
0.5506414,0,0
0.5511412,0,1
0.5516412,0,0
0.5521409,0,1
0.55264095,0,0
0.5531407,0,1
0.55364075,0,0
0.55414055,0,1
0.5546406,0,0
0.55514035,0,1
0.55564035,0,0
0.55614015,0,1
0.55664015,0,0
0.5571399,0,1
0.5576399,0,0
0.5581397,0,1
0.55863975,0,0
0.55913955,0,1
0.5596396,0,0
0.5601394,0,1
0.56063945,0,0
0.56113925,0,1
0.56163925,0,0
0.56213905,0,1
0.56263915,0,0
0.563139,0,1
0.56363905,0,0
0.5641388,0,1
0.56463885,0,0
0.56513865,0,1
0.56563875,0,0
0.56613855,0,1
0.5666386,0,0
0.5671384,0,1
0.56763845,0,0
0.56813825,0,1
0.5686383,0,0
0.5691381,0,1
0.5696381,0,0
0.57013785,0,1
0.57063785,0,0
0.5711376,0,1
0.5716376,0,0
0.5721373,0,1
0.57263735,0,0
0.5731371,0,1
0.57363715,0,0
0.57413695,0,1
0.574637,0,0
0.57513685,0,1
0.5756369,0,0
0.57613675,0,1
0.57663685,0,0
0.5771367,0,1
0.57763675,0,0
0.57813655,0,1
0.5786366,0,0
0.57913645,0,1
0.5796365,0,0
0.5801363,0,1
0.58063635,0,0
0.5811362,0,1
0.5816363,0,0
0.58213615,0,1
0.58263625,0,0
0.58313615,0,1
0.5836362,0,0
0.5841361,0,1
0.58463615,0,0
0.58513595,0,1
0.5856361,0,0
0.58613595,0,1
0.58663605,0,0
0.58713595,0,1
0.587636,0,0
0.58813585,0,1
0.58863585,0,0
0.5891357,0,1
0.5896357,0,0
0.5901355,0,1
0.5906356,0,0
0.59113535,0,1
0.59163535,0,0
0.59213515,0,1
0.59263525,0,0
0.593135,0,1
0.59363505,0,0
0.59413485,0,1
0.59463485,0,0
0.59513465,0,1
0.5956347,0,0
0.5961345,0,1
0.5966345,0,0
0.5971343,0,1
0.5976343,0,0
0.59813405,0,1
0.59863405,0,0
0.59913385,0,1
0.5996339,0,0
0.6001337,0,1
0.60063375,0,0
0.60113355,0,1
0.6016336,0,0
0.60213345,0,1
0.6026335,0,0
0.60313335,0,1
0.60363335,0,0
0.60413315,0,1
0.6046332,0,0
0.60513305,0,1
0.6056331,0,0
0.60613295,0,1
0.60663305,0,0
0.60713285,0,1
0.60763295,0,0
0.6081328,0,1
0.6086329,0,0
0.6091327,0,1
0.6096328,0,0
0.6101326,0,1
0.6106326,0,0
0.6111324,0,1
0.61163245,0,0
0.61213225,0,1
0.61263225,0,0
0.613132,0,1
0.613632,0,0
0.61413175,0,1
0.61463175,0,0
0.61513155,0,1
0.61563155,0,0
0.61613135,0,1
0.61663135,0,0
0.61713115,0,1
0.61763115,0,0
0.618131,0,1
0.61863105,0,0
0.61913085,0,1
0.61963085,0,0
0.62013065,0,1
0.6206307,0,0
0.6211305,0,1
0.62163055,0,0
0.62213035,0,1
0.62263035,0,0
0.6231301,0,1
0.6236301,0,0
0.62412985,0,1
0.62462985,0,0
0.62512965,0,1
0.62562965,0,0
0.62612945,0,1
0.6266295,0,0
0.6271293,0,1
0.6276293,0,0
0.6281291,0,1
0.62862915,0,0
0.62912895,0,1
0.62962895,0,0
0.63012875,0,1
0.6306288,0,0
0.63112865,0,1
0.63162865,0,0
0.6321285,0,1
0.63262855,0,0
0.6331283,0,1
0.63362835,0,0
0.63412815,0,1
0.63462815,0,0
0.63512795,0,1
0.635628,0,0
0.63612785,0,1
0.63662785,0,0
0.63712765,0,1
0.6376277,0,0
0.6381275,0,1
0.63862755,0,0
0.6391274,0,1
0.63962745,0,0
0.64012725,0,1
0.64062725,0,0
0.64112705,0,1
0.6416271,0,0
0.6421269,0,1
0.64262695,0,0
0.64312675,0,1
0.64362685,0,0
0.6441267,0,1
0.64462675,0,0
0.64512655,0,1
0.6456266,0,0
0.64612635,0,1
0.6466264,0,0
0.6471262,0,1
0.64762625,0,0
0.648126,0,1
0.64862605,0,0
0.64912585,0,1
0.64962585,0,0
0.6501257,0,1
0.65062575,0,0
0.6511255,0,1
0.6516255,0,0
0.6521253,0,1
0.65262535,0,0
0.65312515,0,1
0.65362525,0,0
0.65412505,0,1
0.6546251,0,0
0.65512495,0,1
0.655625,0,0
0.65612485,0,1
0.6566249,0,0
0.6571247,0,1
0.6576247,0,0
0.65812445,0,1
0.6586245,0,0
0.65912425,0,1
0.6596243,0,0
0.66012405,0,1
0.66062405,0,0
0.66112385,0,1
0.66162385,0,0
0.6621237,0,1
0.66262375,0,0
0.6631236,0,1
0.6636237,0,0
0.66412355,0,1
0.6646236,0,0
0.6651234,0,1
0.66562345,0,0
0.66612325,0,1
0.6666233,0,0
0.6671231,0,1
0.6676231,0,0
0.6681229,0,1
0.66862295,0,0
0.66912275,0,1
0.66962275,0,0
0.67012255,0,1
0.67062255,0,0
0.6711224,0,1
0.67162245,0,0
0.67212225,0,1
0.6726223,0,0
0.6731221,0,1
0.6736221,0,0
0.6741219,0,1
0.674622,0,0
0.67512185,0,1
0.67562185,0,0
0.6761217,0,1
0.6766217,0,0
0.67712155,0,1
0.6776216,0,0
0.6781214,0,1
0.67862145,0,0
0.67912125,0,1
0.67962125,0,0
0.68012105,0,1
0.6806211,0,0
0.68112085,0,1
0.6816209,0,0
0.68212065,0,1
0.6826207,0,0
0.6831205,0,1
0.68362055,0,0
0.6841203,0,1
0.68462035,0,0
0.68512015,0,1
0.68562025,0,0
0.68612,0,1
0.68662005,0,0
0.6871199,0,1
0.68761995,0,0
0.6881198,0,1
0.6886199,0,0
0.6891197,0,1
0.68961975,0,0
0.6901196,0,1
0.6906197,0,0
0.69111955,0,1
0.69161965,0,0
0.6921195,0,1
0.69261955,0,0
0.6931194,0,1
0.69361945,0,0
0.69411925,0,1
0.6946193,0,0
0.6951191,0,1
0.6956191,0,0
0.6961189,0,1
0.69661895,0,0
0.6971187,0,1
0.69761875,0,0
0.69811855,0,1
0.69861865,0,0
0.69911845,0,1
0.6996185,0,0
0.7001183,0,1
0.7006183,0,0
0.7011181,0,1
0.7016182,0,0
0.702118,0,1
0.702618,0,0
0.7031178,0,1
0.7036179,0,0
0.7041177,0,1
0.70461785,0,0
0.70511765,0,1
0.70561775,0,0
0.70611755,0,1
0.70661765,0,0
0.70711745,0,1
0.7076175,0,0
0.7081173,0,1
0.70861735,0,0
0.70911715,0,1
0.70961725,0,0
0.71011705,0,1
0.7106171,0,0
0.7111169,0,1
0.71161695,0,0
0.7121168,0,1
0.7126168,0,0
0.7131166,0,1
0.7136166,0,0
0.71411645,0,1
0.71461645,0,0
0.71511625,0,1
0.71561625,0,0
0.71611605,0,1
0.71661605,0,0
0.7171158,0,1
0.71761585,0,0
0.71811555,0,1
0.71861555,0,0
0.71911535,0,1
0.71961545,0,0
0.72011525,0,1
0.7206153,0,0
0.7211151,0,1
0.72161515,0,0
0.722115,0,1
0.7226151,0,0
0.7231149,0,1
0.72361495,0,0
0.72411475,0,1
0.72461485,0,0
0.72511465,0,1
0.7256147,0,0
0.7261145,0,1
0.7266145,0,0
0.72711425,0,1
0.7276143,0,0
0.7281141,0,1
0.7286141,0,0
0.72911385,0,1
0.72961385,0,0
0.73011365,0,1
0.7306137,0,0
0.7311135,0,1
0.7316136,0,0
0.73211345,0,1
0.73261345,0,0
0.7331133,0,1
0.73361335,0,0
0.7341131,0,1
0.7346131,0,0
0.73511285,0,1
0.73561295,0,0
0.7361128,0,1
0.7366129,0,0
0.7371127,0,1
0.7376127,0,0
0.7381125,0,1
0.7386126,0,0
0.7391124,0,1
0.7396125,0,0
0.74011235,0,1
0.7406124,0,0
0.74111225,0,1
0.7416123,0,0
0.7421122,0,1
0.74261225,0,0
0.743112,0,1
0.74361205,0,0
0.74411185,0,1
0.7446119,0,0
0.74511175,0,1
0.74561175,0,0
0.74611145,0,1
0.74661155,0,0
0.74711135,0,1
0.74761145,0,0
0.7481113,0,1
0.7486114,0,0
0.7491113,0,1
0.7496114,0,0
0.75011125,0,1
0.75061135,0,0
0.75111115,0,1
0.7516112,0,0
0.75211105,0,1
0.75261105,0,0
0.75311085,0,1
0.7536109,0,0
0.7541107,0,1
0.75461075,0,0
0.75511055,0,1
0.7556106,0,0
0.75611035,0,1
0.7566104,0,0
0.75711025,0,1
0.75761035,0,0
0.7581102,0,1
0.75861025,0,0
0.7591101,0,1
0.75961015,0,0
0.76010995,0,1
0.76061,0,0
0.76110975,0,1
0.76160975,0,0
0.76210955,0,1
0.76260955,0,0
0.76310935,0,1
0.76360935,0,0
0.76410915,0,1
0.76460915,0,0
0.76510885,0,1
0.7656089,0,0
0.7661087,0,1
0.7666088,0,0
0.7671086,0,1
0.76760865,0,0
0.7681084,0,1
0.76860845,0,0
0.76910825,0,1
0.7696083,0,0
0.77010805,0,1
0.7706081,0,0
0.7711079,0,1
0.7716079,0,0
0.7721077,0,1
0.77260775,0,0
0.77310755,0,1
0.7736076,0,0
0.77410745,0,1
0.7746075,0,0
0.7751073,0,1
0.77560735,0,0
0.77610715,0,1
0.7766072,0,0
0.77710705,0,1
0.77760715,0,0
0.778107,0,1
0.7786071,0,0
0.77910695,0,1
0.779607,0,0
0.78010685,0,1
0.78060695,0,0
0.78110675,0,1
0.7816069,0,0
0.7821067,0,1
0.78260675,0,0
0.7831066,0,1
0.78360665,0,0
0.7841065,0,1
0.78460665,0,0
0.78510645,0,1
0.7856065,0,0
0.78610635,0,1
0.7866064,0,0
0.78710615,0,1
0.78760615,0,0
0.7881059,0,1
0.78860595,0,0
0.78910575,0,1
0.7896058,0,0
0.7901056,0,1
0.7906056,0,0
0.79110535,0,1
0.79160535,0,0
0.79210515,0,1
0.7926052,0,0
0.79310505,0,1
0.7936051,0,0
0.79410495,0,1
0.794605,0,0
0.7951048,0,1
0.7956048,0,0
0.7961046,0,1
0.7966046,0,0
0.79710435,0,1
0.79760435,0,0
0.7981041,0,1
0.7986041,0,0
0.7991039,0,1
0.79960395,0,0
0.80010375,0,1
0.80060385,0,0
0.8011036,0,1
0.8016037,0,0
0.80210355,0,1
0.80260365,0,0
0.8031035,0,1
0.80360355,0,0
0.80410335,0,1
0.80460345,0,0
0.8051033,0,1
0.8056034,0,0
0.80610325,0,1
0.8066034,0,0
0.80710325,0,1
0.8076033,0,0
0.8081032,0,1
0.8086033,0,0
0.80910315,0,1
0.80960325,0,0
0.8101031,0,1
0.8106032,0,0
0.81110305,0,1
0.8116032,0,0
0.81210305,0,1
0.8126032,0,0
0.8131031,0,1
0.8136032,0,0
0.8141031,0,1
0.8146032,0,0
0.81510305,0,1
0.81560315,0,0
0.816103,0,1
0.81660305,0,0
0.81710285,0,1
0.81760295,0,0
0.8181028,0,1
0.8186028,0,0
0.81910265,0,1
0.8196027,0,0
0.82010255,0,1
0.82060265,0,0
0.8211025,0,1
0.82160255,0,0
0.82210235,0,1
0.8226024,0,0
0.82310225,0,1
0.8236023,0,0
0.82410205,0,1
0.82460205,0,0
0.8251018,0,1
0.8256018,0,0
0.82610155,0,1
0.82660165,0,0
0.8271015,0,1
0.8276016,0,0
0.82810145,0,1
0.8286015,0,0
0.8291014,0,1
0.8296015,0,0
0.83010135,0,1
0.83060145,0,0
0.8311013,0,1
0.8316014,0,0
0.8321013,0,1
0.83260145,0,0
0.8331013,0,1
0.8336014,0,0
0.8341013,0,1
0.83460145,0,0
0.8351013,0,1
0.8356014,0,0
0.83610125,0,1
0.83660135,0,0
0.83710115,0,1
0.8376012,0,0
0.838101,0,1
0.8386011,0,0
0.8391009,0,1
0.83960095,0,0
0.84010075,0,1
0.8406008,0,0
0.8411006,0,1
0.8416007,0,0
0.8421005,0,1
0.84260045,0,0
0.84310025,0,1
0.84360025,0,0
0.84410005,0,1
0.8446001,0,0
0.84509985,0,1
0.8455999,0,0
0.84609975,0,1
0.84659985,0,0
0.84709965,0,1
0.84759975,0,0
0.84809955,0,1
0.8485996,0,0
0.8490994,0,1
0.8495994,0,0
0.8500992,0,1
0.85059925,0,0
0.851099,0,1
0.8515991,0,0
0.8520989,0,1
0.85259895,0,0
0.85309875,0,1
0.8535988,0,0
0.8540986,0,1
0.85459865,0,0
0.85509845,0,1
0.8555985,0,0
0.8560983,0,1
0.8565984,0,0
0.85709825,0,1
0.85759835,0,0
0.8580982,0,1
0.8585983,0,0
0.8590981,0,1
0.85959815,0,0
0.86009795,0,1
0.86059805,0,0
0.8610979,0,1
0.86159795,0,0
0.8620977,0,1
0.8625977,0,0
0.8630975,0,1
0.86359755,0,0
0.86409735,0,1
0.86459745,0,0
0.86509725,0,1
0.8655973,0,0
0.8660971,0,1
0.86659715,0,0
0.86709695,0,1
0.86759705,0,0
0.86809685,0,1
0.8685969,0,0
0.8690967,0,1
0.86959675,0,0
0.87009655,0,1
0.8705966,0,0
0.8710964,0,1
0.87159645,0,0
0.87209625,0,1
0.8725964,0,0
0.87309625,0,1
0.87359635,0,0
0.8740961,0,1
0.8745962,0,0
0.87509605,0,1
0.8755961,0,0
0.8760959,0,1
0.87659595,0,0
0.87709575,0,1
0.87759585,0,0
0.87809565,0,1
0.8785957,0,0
0.8790955,0,1
0.87959555,0,0
0.88009535,0,1
0.88059535,0,0
0.8810951,0,1
0.8815951,0,0
0.88209485,0,1
0.8825949,0,0
0.8830947,0,1
0.88359475,0,0
0.88409455,0,1
0.8845946,0,0
0.8850944,0,1
0.88559445,0,0
0.8860942,0,1
0.8865943,0,0
0.8870941,0,1
0.8875942,0,0
0.88809405,0,1
0.88859415,0,0
0.889094,0,1
0.8895941,0,0
0.89009395,0,1
0.89059405,0,0
0.89109385,0,1
0.8915939,0,0
0.8920937,0,1
0.89259375,0,0
0.8930935,0,1
0.8935936,0,0
0.89409345,0,1
0.8945935,0,0
0.89509335,0,1
0.89559345,0,0
0.89609325,0,1
0.89659335,0,0
0.89709315,0,1
0.8975932,0,0
0.898093,0,1
0.898593,0,0
0.8990928,0,1
0.89959285,0,0
0.90009265,0,1
0.9005927,0,0
0.9010925,0,1
0.90159255,0,0
0.9020923,0,1
0.90259235,0,0
0.9030921,0,1
0.9035922,0,0
0.9040921,0,1
0.90459225,0,0
0.9050921,0,1
0.90559225,0,0
0.9060921,0,1
0.9065922,0,0
0.90709205,0,1
0.90759215,0,0
0.90809195,0,1
0.90859205,0,0
0.9090919,0,1
0.90959195,0,0
0.91009175,0,1
0.9105918,0,0
0.9110916,0,1
0.9115917,0,0
0.91209155,0,1
0.91259155,0,0
0.91309135,0,1
0.91359135,0,0
0.91409115,0,1
0.9145913,0,0
0.9150911,0,1
0.91559115,0,0
0.91609095,0,1
0.916591,0,0
0.9170908,0,1
0.9175909,0,0
0.91809075,0,1
0.91859085,0,0
0.91909065,0,1
0.9195907,0,0
0.92009055,0,1
0.9205906,0,0
0.9210904,0,1
0.9215904,0,0
0.9220902,0,1
0.9225902,0,0
0.92309,0,1
0.92359005,0,0
0.92408985,0,1
0.9245899,0,0
0.92508975,0,1
0.92558985,0,0
0.9260897,0,1
0.9265898,0,0
0.9270896,0,1
0.92758965,0,0
0.9280895,0,1
0.92858955,0,0
0.9290893,0,1
0.9295893,0,0
0.9300891,0,1
0.93058915,0,0
0.93108895,0,1
0.931589,0,0
0.9320888,0,1
0.93258885,0,0
0.93308865,0,1
0.9335887,0,0
0.93408845,0,1
0.93458845,0,0
0.93508825,0,1
0.9355883,0,0
0.93608805,0,1
0.93658805,0,0
0.93708785,0,1
0.9375879,0,0
0.93808765,0,1
0.93858765,0,0
0.9390874,0,1
0.93958745,0,0
0.9400872,0,1
0.9405872,0,0
0.94108695,0,1
0.941587,0,0
0.9420868,0,1
0.9425868,0,0
0.94308655,0,1
0.94358655,0,0
0.94408635,0,1
0.94458635,0,0
0.94508615,0,1
0.9455862,0,0
0.94608595,0,1
0.94658595,0,0
0.9470857,0,1
0.94758565,0,0
0.94808545,0,1
0.94858545,0,0
0.94908525,0,1
0.94958525,0,0
0.950085,0,1
0.950585,0,0
0.95108475,0,1
0.9515848,0,0
0.95208455,0,1
0.9525846,0,0
0.95308435,0,1
0.9535844,0,0
0.9540842,0,1
0.9545842,0,0
0.95508405,0,1
0.9555841,0,0
0.9560839,0,1
0.95658385,0,0
0.95708365,0,1
0.95758365,0,0
0.95808345,0,1
0.95858345,0,0
0.9590832,0,1
0.9595832,0,0
0.96008295,0,1
0.960583,0,0
0.9610828,0,1
0.9615828,0,0
0.9620826,0,1
0.96258265,0,0
0.9630824,0,1
0.96358245,0,0
0.9640822,0,1
0.9645822,0,0
0.965082,0,1
0.965582,0,0
0.9660818,0,1
0.9665818,0,0
0.96708155,0,1
0.96758155,0,0
0.9680813,0,1
0.96858125,0,0
0.96908105,0,1
0.96958105,0,0
0.9700808,0,1
0.9705808,0,0
0.9710806,0,1
0.9715806,0,0
0.97208035,0,1
0.97258035,0,0
0.9730802,0,1
0.97358025,0,0
0.97408005,0,1
0.9745801,0,0
0.97507985,0,1
0.97557985,0,0
0.97607965,0,1
0.9765797,0,0
0.9770795,0,1
0.9775795,0,0
0.9780793,0,1
0.9785793,0,0
0.97907905,0,1
0.97957905,0,0
0.98007885,0,1
0.98057885,0,0
0.98107865,0,1
0.98157865,0,0
0.9820784,0,1
0.9825784,0,0
0.98307815,0,1
0.9835782,0,0
0.984078,0,1
0.984578,0,0
0.98507785,0,1
0.98557785,0,0
0.98607765,0,1
0.9865777,0,0
0.9870775,0,1
0.9875775,0,0
0.9880773,0,1
0.98857725,0,0
0.98907705,0,1
0.98957705,0,0
0.99007685,0,1
0.9905769,0,0
0.9910767,0,1
0.99157675,0,0
0.99207655,0,1
0.9925766,0,0
0.9930764,0,1
0.99357645,0,0
0.9940762,0,1
0.99457625,0,0
0.9950761,0,1
0.99557615,0,0
0.99607595,0,1
0.996576,0,0
0.99707585,0,1
0.9975759,0,0
0.9980757,0,1
0.99857575,0,0
0.99907555,0,1
0.9995756,0,0
1.0000754,0,1
1.00057545,0,0
1.0010753,0,1
1.0015753,0,0
1.0020751,0,1
1.00257515,0,0
1.0030749,0,1
1.0035749,0,0
1.00407465,0,1
1.0045747,0,0
1.0050745,0,1
1.0055745,0,0
1.00607425,0,1
1.00657425,0,0
1.007074,0,1
1.00757405,0,0
1.0080738,0,1
1.0085738,0,0
1.00907355,0,1
1.00957355,0,0
1.0100733,0,1
1.0105733,0,0
1.0110731,0,1
1.0115731,0,0
1.01207285,0,1
1.01257285,0,0
1.01307255,0,1
1.01357255,0,0
1.0140723,0,1
1.01457235,0,0
1.01507215,0,1
1.01557215,0,0
1.01607195,0,1
1.01657195,0,0
1.0170717,0,1
1.0175717,0,0
1.0180715,0,1
1.01857155,0,0
1.01907135,0,1
1.01957135,0,0
1.02007115,0,1
1.02057115,0,0
1.0210709,0,1
1.02157095,0,0
1.02207075,0,1
1.0225708,0,0
1.0230706,0,1
1.0235706,0,0
1.0240704,0,1
1.0245704,0,0
1.0250702,0,1
1.0255702,0,0
1.02606995,0,1
1.02657,0,0
1.02706975,0,1
1.02756975,0,0
1.0280695,0,1
1.02856955,0,0
1.0290693,0,1
1.0295693,0,0
1.0300691,0,1
1.0305691,0,0
1.03106885,0,1
1.03156895,0,0
1.0320687,0,1
1.0325687,0,0
1.0330685,0,1
1.0335685,0,0
1.03406825,0,1
1.03456825,0,0
1.03506795,0,1
1.0355679,0,0
1.03606765,0,1
1.03656765,0,0
1.0370674,0,1
1.0375674,0,0
1.03806715,0,1
1.03856715,0,0
1.0390669,0,1
1.0395669,0,0
1.04006665,0,1
1.04056665,0,0
1.04106645,0,1
1.0415664,0,0
1.0420662,0,1
1.04256625,0,0
1.043066,0,1
1.04356605,0,0
1.0440658,0,1
1.04456585,0,0
1.04506565,0,1
1.04556565,0,0
1.0460654,0,1
1.0465654,0,0
1.04706515,0,1
1.0475651,0,0
1.0480649,0,1
1.0485649,0,0
1.0490646,0,1
1.0495646,0,0
1.0500643,0,1
1.05056435,0,0
1.05106405,0,1
1.05156405,0,0
1.05206375,0,1
1.0525637,0,0
1.0530634,0,1
1.05356335,0,0
1.05406305,0,1
1.054563,0,0
1.05506275,0,1
1.05556275,0,0
1.05606245,0,1
1.05656245,0,0
1.05706215,0,1
1.05756215,0,0
1.05806185,0,1
1.0585618,0,0
1.0590615,0,1
1.0595615,0,0
1.0600612,0,1
1.0605611,0,0
1.06106075,0,1
1.0615607,0,0
1.06206045,0,1
1.0625604,0,0
1.0630601,0,1
1.0635601,0,0
1.0640598,0,1
1.06455985,0,0
1.06505955,0,1
1.0655595,0,0
1.06605925,0,1
1.06655925,0,0
1.06705895,0,1
1.06755895,0,0
1.06805865,0,1
1.06855865,0,0
1.0690584,0,1
1.06955835,0,0
1.0700581,0,1
1.0705581,0,0
1.0710578,0,1
1.07155775,0,0
1.07205745,0,1
1.0725574,0,0
1.0730571,0,1
1.07355705,0,0
1.0740568,0,1
1.07455675,0,0
1.07505645,0,1
1.0755564,0,0
1.0760561,0,1
1.0765561,0,0
1.07705575,0,1
1.0775557,0,0
1.0780554,0,1
1.07855535,0,0
1.07905505,0,1
1.07955505,0,0
1.0800548,0,1
1.0805548,0,0
1.08105445,0,1
1.0815544,0,0
1.0820541,0,1
1.0825541,0,0
1.0830538,0,1
1.0835537,0,0
1.0840534,0,1
1.0845534,0,0
1.0850531,0,1
1.08555305,0,0
1.08605275,0,1
1.08655275,0,0
1.08705245,0,1
1.0875524,0,0
1.08805205,0,1
1.088552,0,0
1.08905175,0,1
1.0895517,0,0
1.0900514,0,1
1.0905514,0,0
1.0910511,0,1
1.09155115,0,0
1.0920509,0,1
1.0925509,0,0
1.09305065,0,1
1.09355065,0,0
1.09405035,0,1
1.09455035,0,0
1.0950501,0,1
1.0955501,0,0
1.0960498,0,1
1.0965498,0,0
1.0970495,0,1
1.09754955,0,0
1.0980493,0,1
1.09854925,0,0
1.099049,0,1
1.09954905,0,0
1.10004885,0,1
1.1005489,0,0
1.10104865,0,1
1.10154865,0,0
1.1020484,0,1
1.10254845,0,0
1.1030482,0,1
1.10354825,0,0
1.104048,0,1
1.10454795,0,0
1.1050477,0,1
1.10554765,0,0
1.1060474,0,1
1.1065474,0,0
1.1070471,0,1
1.10754715,0,0
1.1080469,0,1
1.1085469,0,0
1.10904665,0,1
1.10954665,0,0
1.11004645,0,1
1.1105464,0,0
1.1110462,0,1
1.11154625,0,0
1.11204605,0,1
1.1125461,0,0
1.11304585,0,1
1.1135458,0,0
1.11404555,0,1
1.11454555,0,0
1.1150453,0,1
1.1155453,0,0
1.11604505,0,1
1.1165451,0,0
1.11704485,0,1
1.1175449,0,0
1.11804465,0,1
1.11854465,0,0
1.11904435,0,1
1.11954435,0,0
1.1200441,0,1
1.1205441,0,0
1.1210438,0,1
1.12154385,0,0
1.12204365,0,1
1.12254365,0,0
1.12304335,0,1
1.12354335,0,0
1.12404305,0,1
1.12454305,0,0
1.1250428,0,1
1.12554275,0,0
1.12604245,0,1
1.12654245,0,0
1.1270422,0,1
1.12754215,0,0
1.1280419,0,1
1.12854185,0,0
1.12904155,0,1
1.1295415,0,0
1.13004125,0,1
1.13054125,0,0
1.13104095,0,1
1.13154095,0,0
1.13204065,0,1
1.13254065,0,0
1.13304045,0,1
1.13354045,0,0
1.13404025,0,1
1.13454025,0,0
1.13504,0,1
1.13553995,0,0
1.1360397,0,1
1.13653975,0,0
1.1370395,0,1
1.1375395,0,0
1.13803925,0,1
1.13853925,0,0
1.13903895,0,1
1.13953895,0,0
1.1400387,0,1
1.1405387,0,0
1.1410385,0,1
1.1415385,0,0
1.1420382,0,1
1.1425382,0,0
1.143038,0,1
1.143538,0,0
1.14403775,0,1
1.14453775,0,0
1.14503745,0,1
1.14553745,0,0
1.1460372,0,1
1.1465372,0,0
1.14703695,0,1
1.14753695,0,0
1.14803675,0,1
1.14853675,0,0
1.14903655,0,1
1.1495366,0,0
1.1500364,0,1
1.15053645,0,0
1.15103615,0,1
1.1515362,0,0
1.152036,0,1
1.152536,0,0
1.15303575,0,1
1.1535358,0,0
1.1540356,0,1
1.1545356,0,0
1.15503535,0,1
1.1555353,0,0
1.1560351,0,1
1.15653505,0,0
1.1570348,0,1
1.1575348,0,0
1.15803455,0,1
1.1585346,0,0
1.15903435,0,1
1.15953435,0,0
1.1600341,0,1
1.16053415,0,0
1.16103385,0,1
1.16153385,0,0
1.1620336,0,1
1.16253355,0,0
1.16303325,0,1
1.1635333,0,0
1.16403305,0,1
1.1645331,0,0
1.1650329,0,1
1.16553295,0,0
1.1660327,0,1
1.1665327,0,0
1.1670325,0,1
1.16753255,0,0
1.16803235,0,1
1.16853235,0,0
1.16903215,0,1
1.16953215,0,0
1.17003195,0,1
1.170532,0,0
1.1710318,0,1
1.17153185,0,0
1.1720316,0,1
1.1725316,0,0
1.1730314,0,1
1.1735314,0,0
1.17403115,0,1
1.1745311,0,0
1.17503085,0,1
1.17553085,0,0
1.1760306,0,1
1.17653055,0,0
1.1770303,0,1
1.17753035,0,0
1.1780301,0,1
1.17853015,0,0
1.17902995,0,1
1.17952995,0,0
1.18002975,0,1
1.1805298,0,0
1.18102955,0,1
1.1815296,0,0
1.1820294,0,1
1.1825294,0,0
1.1830292,0,1
1.18352925,0,0
1.18402895,0,1
1.18452895,0,0
1.18502875,0,1
1.18552875,0,0
1.1860285,0,1
1.1865285,0,0
1.1870283,0,1
1.1875283,0,0
1.18802805,0,1
1.18852805,0,0
1.1890278,0,1
1.18952785,0,0
1.1900276,0,1
1.19052765,0,0
1.1910274,0,1
1.1915274,0,0
1.19202715,0,1
1.1925272,0,0
1.19302695,0,1
1.193527,0,0
1.1940268,0,1
1.1945268,0,0
1.19502655,0,1
1.19552655,0,0
1.19602635,0,1
1.19652635,0,0
1.1970261,0,1
1.19752605,0,0
1.1980257,0,1
1.19852565,0,0
1.1990254,0,1
1.19952545,0,0
1.2000252,0,1
1.20052525,0,0
1.201025,0,1
1.20152495,0,0
1.20202475,0,1
1.2025248,0,0
1.2030246,0,1
1.2035246,0,0
1.20402445,0,1
1.2045245,0,0
1.2050243,0,1
1.2055244,0,0
1.2060242,0,1
1.20652425,0,0
1.20702405,0,1
1.20752405,0,0
1.20802385,0,1
1.20852385,0,0
1.2090236,0,1
1.20952365,0,0
1.21002345,0,1
1.21052345,0,0
1.2110232,0,1
1.2115232,0,0
1.212023,0,1
1.212523,0,0
1.21302275,0,1
1.2135228,0,0
1.21402255,0,1
1.21452255,0,0
1.21502235,0,1
1.21552235,0,0
1.2160221,0,1
1.21652215,0,0
1.2170219,0,1
1.21752195,0,0
1.21802175,0,1
1.2185217,0,0
1.21902145,0,1
1.2195215,0,0
1.2200212,0,1
1.2205212,0,0
1.2210209,0,1
1.2215209,0,0
1.22202065,0,1
1.22252065,0,0
1.2230204,0,1
1.2235204,0,0
1.22402015,0,1
1.2245202,0,0
1.22501995,0,1
1.22551995,0,0
1.2260197,0,1
1.2265197,0,0
1.2270194,0,1
1.22751935,0,0
1.22801905,0,1
1.22851905,0,0
1.22901875,0,1
1.22951875,0,0
1.2300185,0,1
1.23051845,0,0
1.23101815,0,1
1.2315181,0,0
1.2320178,0,1
1.23251775,0,0
1.23301745,0,1
1.23351745,0,0
1.23401715,0,1
1.2345171,0,0
1.23501685,0,1
1.23551685,0,0
1.23601655,0,1
1.2365166,0,0
1.23701635,0,1
1.23751635,0,0
1.2380161,0,1
1.23851615,0,0
1.2390159,0,1
1.23951585,0,0
1.2400156,0,1
1.24051565,0,0
1.24101535,0,1
1.24151535,0,0
1.2420151,0,1
1.24251505,0,0
1.24301475,0,1
1.24351475,0,0
1.2440145,0,1
1.24451445,0,0
1.2450142,0,1
1.2455142,0,0
1.2460139,0,1
1.2465139,0,0
1.2470137,0,1
1.24751375,0,0
1.2480135,0,1
1.24851355,0,0
1.2490133,0,1
1.2495134,0,0
1.2500132,0,1
1.25051325,0,0
1.25101305,0,1
1.25151315,0,0
1.2520129,0,1
1.25251295,0,0
1.2530127,0,1
1.25351275,0,0
1.2540125,0,1
1.25451255,0,0
1.2550123,0,1
1.2555123,0,0
1.25601205,0,1
1.2565121,0,0
1.2570119,0,1
1.2575119,0,0
1.2580117,0,1
1.2585117,0,0
1.2590115,0,1
1.2595115,0,0
1.2600113,0,1
1.2605113,0,0
1.2610111,0,1
1.2615111,0,0
1.2620109,0,1
1.2625109,0,0
1.2630107,0,1
1.2635107,0,0
1.26401045,0,1
1.2645105,0,0
1.26501025,0,1
1.2655103,0,0
1.26601005,0,1
1.2665101,0,0
1.2670099,0,1
1.26750995,0,0
1.2680097,0,1
1.2685097,0,0
1.26900945,0,1
1.26950945,0,0
1.2700092,0,1
1.27050925,0,0
1.27100905,0,1
1.27150905,0,0
1.27200885,0,1
1.27250885,0,0
1.27300865,0,1
1.27350865,0,0
1.2740084,0,1
1.27450845,0,0
1.2750082,0,1
1.27550825,0,0
1.27600805,0,1
1.2765081,0,0
1.27700785,0,1
1.2775079,0,0
1.27800765,0,1
1.27850765,0,0
1.2790074,0,1
1.27950735,0,0
1.2800071,0,1
1.2805071,0,0
1.28100685,0,1
1.28150685,0,0
1.28200665,0,1
1.2825067,0,0
1.28300645,0,1
1.2835065,0,0
1.2840062,0,1
1.2845062,0,0
1.28500595,0,1
1.28550595,0,0
1.2860057,0,1
1.2865057,0,0
1.2870055,0,1
1.2875055,0,0
1.28800525,0,1
1.28850525,0,0
1.289005,0,1
1.289505,0,0
1.29000475,0,1
1.2905048,0,0
1.29100455,0,1
1.29150455,0,0
1.2920043,0,1
1.2925043,0,0
1.29300405,0,1
1.293504,0,0
1.29400375,0,1
1.29450375,0,0
1.2950035,0,1
1.2955035,0,0
1.29600325,0,1
1.29650325,0,0
1.297003,0,1
1.297503,0,0
1.29800275,0,1
1.2985027,0,0
1.29900245,0,1
1.2995024,0,0
1.30000215,0,1
1.30050215,0,0
1.3010019,0,1
1.3015019,0,0
1.30200165,0,1
1.3025016,0,0
1.3030013,0,1
1.30350125,0,0
1.304001,0,1
1.30450095,0,0
1.3050007,0,1
1.30550065,0,0
1.30600035,0,1
1.30650035,0,0
1.3070001,0,1
1.3075001,0,0
1.3079999,0,1
1.3084999,0,0
1.3089997,0,1
1.30949975,0,0
1.30999955,0,1
1.3104996,0,0
1.3109994,0,1
1.3114994,0,0
1.3119992,0,1
1.3124992,0,0
1.31299895,0,1
1.31349895,0,0
1.31399875,0,1
1.3144988,0,0
1.3149986,0,1
1.3154987,0,0
1.31599845,0,1
1.3164985,0,0
1.3169983,0,1
1.31749835,0,0
1.31799815,0,1
1.3184982,0,0
1.31899795,0,1
1.319498,0,0
1.3199978,0,1
1.32049785,0,0
1.32099765,0,1
1.3214977,0,0
1.32199745,0,1
1.3224975,0,0
1.3229973,0,1
1.3234973,0,0
1.32399705,0,1
1.32449705,0,0
1.3249968,0,1
1.3254968,0,0
1.3259966,0,1
1.3264966,0,0
1.3269964,0,1
1.3274964,0,0
1.32799615,0,1
1.3284962,0,0
1.3289959,0,1
1.3294959,0,0
1.32999565,0,1
1.33049565,0,0
1.3309954,0,1
1.33149545,0,0
1.3319952,0,1
1.33249525,0,0
1.33299505,0,1
1.33349505,0,0
1.3339948,0,1
1.3344948,0,0
1.3349946,0,1
1.33549465,0,0
1.3359944,0,1
1.3364944,0,0
1.33699415,0,1
1.33749415,0,0
1.33799395,0,1
1.33849395,0,0
1.3389937,0,1
1.3394937,0,0
1.33999345,0,1
1.34049345,0,0
1.34099315,0,1
1.34149315,0,0
1.34199285,0,1
1.3424928,0,0
1.34299255,0,1
1.34349255,0,0
1.34399235,0,1
1.3444923,0,0
1.34499205,0,1
1.3454921,0,0
1.34599185,0,1
1.3464919,0,0
1.3469916,0,1
1.34749155,0,0
1.34799135,0,1
1.34849135,0,0
1.34899115,0,1
1.34949115,0,0
1.3499909,0,1
1.3504909,0,0
1.3509907,0,1
1.35149065,0,0
1.3519904,0,1
1.35249045,0,0
1.3529902,0,1
1.3534902,0,0
1.35398995,0,1
1.35448995,0,0
1.3549897,0,1
1.3554897,0,0
1.35598955,0,1
1.35648955,0,0
1.35698935,0,1
1.35748935,0,0
1.3579891,0,1
1.3584891,0,0
1.3589889,0,1
1.3594889,0,0
1.3599887,0,1
1.36048875,0,0
1.36098855,0,1
1.36148855,0,0
1.36198835,0,1
1.36248835,0,0
1.36298805,0,1
1.36348805,0,0
1.3639878,0,1
1.3644878,0,0
1.36498755,0,1
1.3654876,0,0
1.36598735,0,1
1.36648735,0,0
1.3669871,0,1
1.3674871,0,0
1.3679869,0,1
1.36848695,0,0
1.3689867,0,1
1.36948665,0,0
1.36998635,0,1
1.37048635,0,0
1.37098615,0,1
1.37148615,0,0
1.37198595,0,1
1.3724859,0,0
1.3729857,0,1
1.37348565,0,0
1.3739854,0,1
1.37448545,0,0
1.3749852,0,1
1.37548525,0,0
1.375985,0,1
1.37648505,0,0
1.37698485,0,1
1.37748485,0,0
1.3779846,0,1
1.3784846,0,0
1.37898435,0,1
1.3794843,0,0
1.37998405,0,1
1.38048405,0,0
1.3809838,0,1
1.3814838,0,0
1.3819835,0,1
1.3824835,0,0
1.38298325,0,1
1.38348325,0,0
1.383983,0,1
1.384483,0,0
1.38498275,0,1
1.38548275,0,0
1.38598245,0,1
1.3864824,0,0
1.3869821,0,1
1.3874821,0,0
1.38798185,0,1
1.3884819,0,0
1.3889816,0,1
1.3894816,0,0
1.3899813,0,1
1.3904813,0,0
1.390981,0,1
1.39148095,0,0
1.39198065,0,1
1.39248065,0,0
1.39298035,0,1
1.3934803,0,0
1.39398005,0,1
1.39448,0,0
1.39497975,0,1
1.39547975,0,0
1.3959795,0,1
1.39647945,0,0
1.3969792,0,1
1.3974792,0,0
1.397979,0,1
1.39847895,0,0
1.3989787,0,1
1.3994787,0,0
1.39997845,0,1
1.4004784,0,0
1.40097815,0,1
1.40147815,0,0
1.4019779,0,1
1.40247795,0,0
1.40297775,0,1
1.4034778,0,0
1.40397755,0,1
1.40447755,0,0
1.40497735,0,1
1.40547735,0,0
1.40597715,0,1
1.4064772,0,0
1.40697695,0,1
1.407477,0,0
1.40797675,0,1
1.4084767,0,0
1.40897645,0,1
1.4094765,0,0
1.40997625,0,1
1.41047625,0,0
1.41097595,0,1
1.411476,0,0
1.41197575,0,1
1.41247575,0,0
1.4129755,0,1
1.41347555,0,0
1.4139753,0,1
1.41447535,0,0
1.4149751,0,1
1.41547505,0,0
1.4159748,0,1
1.41647475,0,0
1.41697445,0,1
1.41747445,0,0
1.41797415,0,1
1.4184741,0,0
1.41897385,0,1
1.41947385,0,0
1.41997355,0,1
1.42047355,0,0
1.4209733,0,1
1.42147325,0,0
1.42197295,0,1
1.42247295,0,0
1.4229727,0,1
1.4234727,0,0
1.42397245,0,1
1.42447245,0,0
1.4249722,0,1
1.4254722,0,0
1.425972,0,1
1.426472,0,0
1.4269718,0,1
1.4274718,0,0
1.4279716,0,1
1.42847155,0,0
1.4289713,0,1
1.42947125,0,0
1.4299709,0,1
1.4304709,0,0
1.43097065,0,1
1.4314706,0,0
1.4319704,0,1
1.43247035,0,0
1.43297015,0,1
1.4334702,0,0
1.43397,0,1
1.43447,0,0
1.4349697,0,1
1.4354697,0,0
1.43596945,0,1
1.4364695,0,0
1.43696925,0,1
1.4374693,0,0
1.4379691,0,1
1.4384692,0,0
1.438969,0,1
1.4394691,0,0
1.4399689,0,1
1.4404689,0,0
1.4409687,0,1
1.44146875,0,0
1.4419685,0,1
1.44246845,0,0
1.44296815,0,1
1.44346815,0,0
1.44396785,0,1
1.4444678,0,0
1.44496755,0,1
1.44546755,0,0
1.44596725,0,1
1.44646725,0,0
1.44696705,0,1
1.44746705,0,0
1.4479668,0,1
1.44846685,0,0
1.4489666,0,1
1.44946655,0,0
1.4499663,0,1
1.4504663,0,0
1.45096605,0,1
1.451466,0,0
1.45196575,0,1
1.4524657,0,0
1.45296545,0,1
1.4534654,0,0
1.4539651,0,1
1.45446505,0,0
1.4549648,0,1
1.4554648,0,0
1.4559645,0,1
1.45646445,0,0
1.4569642,0,1
1.4574642,0,0
1.45796395,0,1
1.4584639,0,0
1.4589636,0,1
1.45946355,0,0
1.4599633,0,1
1.4604633,0,0
1.460963,0,1
1.461463,0,0
1.46196275,0,1
1.46246275,0,0
1.46296255,0,1
1.46346255,0,0
1.4639623,0,1
1.4644623,0,0
1.46496205,0,1
1.4654621,0,0
1.4659619,0,1
1.4664619,0,0
1.46696165,0,1
1.46746165,0,0
1.4679614,0,1
1.4684614,0,0
1.46896115,0,1
1.46946115,0,0
1.46996085,0,1
1.47046085,0,0
1.47096055,0,1
1.47146055,0,0
1.47196025,0,1
1.4724602,0,0
1.47295995,0,1
1.47345995,0,0
1.4739596,0,1
1.4744596,0,0
1.47495935,0,1
1.47545935,0,0
1.4759591,0,1
1.4764591,0,0
1.47695885,0,1
1.47745885,0,0
1.47795865,0,1
1.4784586,0,0
1.47895835,0,1
1.47945835,0,0
1.4799581,0,1
1.48045805,0,0
1.48095785,0,1
1.48145785,0,0
1.4819576,0,1
1.48245765,0,0
1.4829574,0,1
1.4834574,0,0
1.4839571,0,1
1.4844571,0,0
1.48495685,0,1
1.4854568,0,0
1.4859566,0,1
1.4864566,0,0
1.48695635,0,1
1.48745635,0,0
1.4879561,0,1
1.4884561,0,0
1.48895585,0,1
1.4894558,0,0
1.48995555,0,1
1.4904555,0,0
1.49095525,0,1
1.4914552,0,0
1.49195495,0,1
1.49245495,0,0
1.49295465,0,1
1.4934546,0,0
1.4939543,0,1
1.49445425,0,0
1.494954,0,1
1.495454,0,0
1.49595375,0,1
1.4964537,0,0
1.4969535,0,1
1.4974535,0,0
1.4979533,0,1
1.4984533,0,0
1.49895305,0,1
1.49945305,0,0
1.4999528,0,1
1.5004528,0,0
1.5009526,0,1
1.50145265,0,0
1.5019524,0,1
1.50245245,0,0
1.50295215,0,1
1.50345215,0,0
1.50395195,0,1
1.50445195,0,0
1.50495165,0,1
1.5054516,0,0
1.50595135,0,1
1.50645135,0,0
1.50695105,0,1
1.507451,0,0
1.5079507,0,1
1.5084507,0,0
1.50895035,0,1
1.50945035,0,0
1.5099501,0,1
1.5104501,0,0
1.5109498,0,1
1.5114498,0,0
1.5119496,0,1
1.5124496,0,0
1.51294935,0,1
1.51344935,0,0
1.51394915,0,1
1.51444915,0,0
1.5149489,0,1
1.5154489,0,0
1.5159486,0,1
1.51644855,0,0
1.51694825,0,1
1.51744825,0,0
1.51794795,0,1
1.51844795,0,0
1.51894765,0,1
1.51944765,0,0
1.51994735,0,1
1.52044735,0,0
1.5209471,0,1
1.52144705,0,0
1.5219468,0,1
1.52244675,0,0
1.52294645,0,1
1.52344645,0,0
1.52394615,0,1
1.5244461,0,0
1.5249458,0,1
1.5254458,0,0
1.52594555,0,1
1.52644555,0,0
1.52694535,0,1
1.52744535,0,0
1.52794505,0,1
1.528445,0,0
1.5289447,0,1
1.5294447,0,0
1.52994445,0,1
1.53044445,0,0
1.53094415,0,1
1.53144415,0,0
1.5319439,0,1
1.53244395,0,0
1.53294365,0,1
1.5334436,0,0
1.53394335,0,1
1.5344433,0,0
1.534943,0,1
1.535443,0,0
1.53594275,0,1
1.53644275,0,0
1.5369425,0,1
1.5374425,0,0
1.53794225,0,1
1.53844225,0,0
1.538942,0,1
1.53944195,0,0
1.53994165,0,1
1.5404416,0,0
1.54094135,0,1
1.5414413,0,0
1.54194105,0,1
1.542441,0,0
1.5429407,0,1
1.5434407,0,0
1.54394045,0,1
1.5444405,0,0
1.54494025,0,1
1.54544035,0,0
1.5459401,0,1
1.5464401,0,0
1.54693985,0,1
1.5474398,0,0
1.54793955,0,1
1.54843945,0,0
1.5489392,0,1
1.5494392,0,0
1.54993895,0,1
1.5504389,0,0
1.5509386,0,1
1.5514386,0,0
1.5519383,0,1
1.5524383,0,0
1.55293805,0,1
1.55343805,0,0
1.5539378,0,1
1.55443775,0,0
1.5549375,0,1
1.55543745,0,0
1.55593715,0,1
1.5564371,0,0
1.5569368,0,1
1.5574368,0,0
1.55793655,0,1
1.55843655,0,0
1.5589363,0,1
1.5594363,0,0
1.55993605,0,1
1.560436,0,0
1.56093575,0,1
1.5614357,0,0
1.56193545,0,1
1.5624355,0,0
1.5629352,0,1
1.5634352,0,0
1.563935,0,1
1.564435,0,0
1.5649348,0,1
1.5654348,0,0
1.56593455,0,1
1.56643455,0,0
1.56693425,0,1
1.56743415,0,0
1.56793385,0,1
1.5684338,0,0
1.5689336,0,1
1.56943365,0,0
1.5699334,0,1
1.57043345,0,0
1.57093315,0,1
1.57143315,0,0
1.5719329,0,1
1.57243295,0,0
1.5729327,0,1
1.5734327,0,0
1.5739325,0,1
1.5744325,0,0
1.57493225,0,1
1.57543225,0,0
1.575932,0,1
1.576432,0,0
1.57693175,0,1
1.57743175,0,0
1.5779315,0,1
1.57843145,0,0
1.5789312,0,1
1.57943125,0,0
1.57993095,0,1
1.5804309,0,0
1.5809306,0,1
1.58143055,0,0
1.5819303,0,1
1.58243025,0,0
1.58293005,0,1
1.5834301,0,0
1.5839299,0,1
1.5844299,0,0
1.58492965,0,1
1.58542965,0,0
1.5859294,0,1
1.58642945,0,0
1.5869292,0,1
1.5874292,0,0
1.58792895,0,1
1.58842895,0,0
1.5889287,0,1
1.5894287,0,0
1.5899284,0,1
1.5904284,0,0
1.5909281,0,1
1.5914281,0,0
1.59192785,0,1
1.59242785,0,0
1.59292755,0,1
1.59342745,0,0
1.59392715,0,1
1.59442705,0,0
1.5949268,0,1
1.5954267,0,0
1.5959264,0,1
1.5964264,0,0
1.59692605,0,1
1.597426,0,0
1.59792575,0,1
1.5984257,0,0
1.5989254,0,1
1.5994253,0,0
1.59992505,0,1
1.600425,0,0
1.60092475,0,1
1.60142475,0,0
1.6019245,0,1
1.6024245,0,0
1.60292425,0,1
1.6034243,0,0
1.60392405,0,1
1.60442405,0,0
1.6049238,0,1
1.6054238,0,0
1.6059235,0,1
1.6064235,0,0
1.6069232,0,1
1.60742315,0,0
1.60792285,0,1
1.6084228,0,0
1.6089225,0,1
1.6094224,0,0
1.60992215,0,1
1.6104221,0,0
1.6109218,0,1
1.6114218,0,0
1.61192155,0,1
1.6124215,0,0
1.61292125,0,1
1.6134212,0,0
1.6139209,0,1
1.61442085,0,0
1.61492055,0,1
1.6154205,0,0
1.6159202,0,1
1.6164201,0,0
1.6169198,0,1
1.6174198,0,0
1.61791945,0,1
1.6184194,0,0
1.61891915,0,1
1.6194191,0,0
1.6199188,0,1
1.62041875,0,0
1.62091845,0,1
1.62141835,0,0
1.62191805,0,1
1.62241795,0,0
1.6229176,0,1
1.6234175,0,0
1.6239172,0,1
1.62441715,0,0
1.62491685,0,1
1.62541675,0,0
1.62591645,0,1
1.6264164,0,0
1.62691615,0,1
1.6274161,0,0
1.6279158,0,1
1.6284158,0,0
1.6289155,0,1
1.62941545,0,0
1.6299152,0,1
1.6304151,0,0
1.6309148,0,1
1.63141475,0,0
1.6319145,0,1
1.63241445,0,0
1.6329141,0,1
1.633414,0,0
1.63391375,0,1
1.6344137,0,0
1.6349134,0,1
1.63541335,0,0
1.63591305,0,1
1.636413,0,0
1.6369127,0,1
1.63741265,0,0
1.63791235,0,1
1.6384123,0,0
1.638912,0,1
1.63941195,0,0
1.63991165,0,1
1.64041165,0,0
1.6409114,0,1
1.64141135,0,0
1.64191105,0,1
1.642411,0,0
1.64291075,0,1
1.6434107,0,0
1.6439104,0,1
1.64441035,0,0
1.64491,0,1
1.64540995,0,0
1.64590965,0,1
1.64640965,0,0
1.6469094,0,1
1.6474093,0,0
1.647909,0,1
1.64840895,0,0
1.64890865,0,1
1.64940865,0,0
1.64990835,0,1
1.6504083,0,0
1.650908,0,1
1.6514079,0,0
1.6519076,0,1
1.65240755,0,0
1.65290725,0,1
1.6534072,0,0
1.6539069,0,1
1.6544068,0,0
1.6549065,0,1
1.6554065,0,0
1.6559061,0,1
1.656406,0,0
1.65690565,0,1
1.6574055,0,0
1.6579052,0,1
1.6584051,0,0
1.6589048,0,1
1.65940475,0,0
1.65990445,0,1
1.6604044,0,0
1.660904,0,1
1.66140395,0,0
1.6619036,0,1
1.6624035,0,0
1.66290315,0,1
1.6634031,0,0
1.66390275,0,1
1.6644027,0,0
1.6649024,0,1
1.6654023,0,0
1.665902,0,1
1.66640195,0,0
1.6669016,0,1
1.6674016,0,0
1.6679013,0,1
1.6684013,0,0
1.66890095,0,1
1.66940085,0,0
1.66990055,0,1
1.6704005,0,0
1.6709002,0,1
1.67140015,0,0
1.67189985,0,1
1.6723998,0,0
1.67289945,0,1
1.67339945,0,0
1.67389915,0,1
1.67439915,0,0
1.67489885,0,1
1.6753988,0,0
1.6758985,0,1
1.67639845,0,0
1.67689815,0,1
1.67739805,0,0
1.67789775,0,1
1.6783977,0,0
1.67889735,0,1
1.67939725,0,0
1.67989685,0,1
1.6803968,0,0
1.68089645,0,1
1.68139635,0,0
1.68189595,0,1
1.6823958,0,0
1.6828955,0,1
1.68339535,0,0
1.683895,0,1
1.6843949,0,0
1.68489455,0,1
1.6853945,0,0
1.68589415,0,1
1.68639405,0,0
1.68689365,0,1
1.68739355,0,0
1.68789315,0,1
1.6883931,0,0
1.6888927,0,1
1.6893926,0,0
1.68989225,0,1
1.6903921,0,0
1.6908917,0,1
1.6913916,0,0
1.6918913,0,1
1.6923912,0,0
1.69289085,0,1
1.6933907,0,0
1.69389035,0,1
1.69439025,0,0
1.6948899,0,1
1.6953898,0,0
1.6958895,0,1
1.69638945,0,0
1.6968891,0,1
1.69738895,0,0
1.69788855,0,1
1.6983884,0,0
1.69888805,0,1
1.699388,0,0
1.6998876,0,1
1.7003875,0,0
1.70088715,0,1
1.70138705,0,0
1.70188665,0,1
1.70238655,0,0
1.70288625,0,1
1.70338615,0,0
1.70388585,0,1
1.70438575,0,0
1.70488545,0,1
1.7053854,0,0
1.70588505,0,1
1.70638495,0,0
1.70688465,0,1
1.70738465,0,0
1.7078844,0,1
1.70838435,0,0
1.70888405,0,1
1.709384,0,0
1.70988375,0,1
1.7103837,0,0
1.71088345,0,1
1.71138345,0,0
1.71188315,0,1
1.7123831,0,0
1.71288285,0,1
1.7133828,0,0
1.7138825,0,1
1.7143825,0,0
1.7148822,0,1
1.7153822,0,0
1.7158819,0,1
1.71638185,0,0
1.7168816,0,1
1.7173816,0,0
1.71788135,0,1
1.7183813,0,0
1.71888105,0,1
1.71938105,0,0
1.71988075,0,1
1.72038075,0,0
1.72088045,0,1
1.7213804,0,0
1.72188015,0,1
1.72238015,0,0
1.7228798,0,1
1.7233798,0,0
1.7238795,0,1
1.7243794,0,0
1.7248791,0,1
1.72537905,0,0
1.7258788,0,1
1.72637875,0,0
1.7268785,0,1
1.72737845,0,0
1.72787815,0,1
1.72837815,0,0
1.72887785,0,1
1.7293778,0,0
1.7298775,0,1
1.73037745,0,0
1.73087715,0,1
1.7313771,0,0
1.73187685,0,1
1.7323768,0,0
1.73287655,0,1
1.73337655,0,0
1.73387625,0,1
1.73437625,0,0
1.734876,0,1
1.73537595,0,0
1.7358757,0,1
1.73637565,0,0
1.7368754,0,1
1.7373754,0,0
1.7378751,0,1
1.73837505,0,0
1.73887475,0,1
1.73937475,0,0
1.7398745,0,1
1.74037445,0,0
1.74087415,0,1
1.74137415,0,0
1.7418739,0,1
1.7423739,0,0
1.74287365,0,1
1.74337365,0,0
1.74387335,0,1
1.74437335,0,0
1.74487305,0,1
1.745373,0,0
1.74587275,0,1
1.74637265,0,0
1.74687235,0,1
1.7473723,0,0
1.74787205,0,1
1.748372,0,0
1.74887175,0,1
1.7493717,0,0
1.74987145,0,1
1.7503714,0,0
1.75087115,0,1
1.75137115,0,0
1.75187085,0,1
1.7523708,0,0
1.7528705,0,1
1.75337045,0,0
1.75387015,0,1
1.7543701,0,0
1.75486985,0,1
1.7553698,0,0
1.7558695,0,1
1.7563695,0,0
1.7568693,0,1
1.75736925,0,0
1.757869,0,1
1.758369,0,0
1.7588687,0,1
1.7593687,0,0
1.75986845,0,1
1.7603684,0,0
1.76086815,0,1
1.76136805,0,0
1.76186775,0,1
1.7623677,0,0
1.7628674,0,1
1.7633674,0,0
1.76386715,0,1
1.76436715,0,0
1.7648669,0,1
1.7653669,0,0
1.76586665,0,1
1.76636655,0,0
1.7668663,0,1
1.76736625,0,0
1.76786595,0,1
1.7683659,0,0
1.76886565,0,1
1.76936565,0,0
1.7698654,0,1
1.77036535,0,0
1.7708651,0,1
1.7713651,0,0
1.77186485,0,1
1.7723648,0,0
1.77286455,0,1
1.77336445,0,0
1.7738642,0,1
1.77436415,0,0
1.7748638,0,1
1.7753638,0,0
1.7758635,0,1
1.7763634,0,0
1.7768631,0,1
1.77736305,0,0
1.77786275,0,1
1.7783627,0,0
1.7788624,0,1
1.77936235,0,0
1.779862,0,1
1.780362,0,0
1.7808617,0,1
1.7813617,0,0
1.7818614,0,1
1.78236135,0,0
1.7828611,0,1
1.78336105,0,0
1.7838608,0,1
1.7843608,0,0
1.7848605,0,1
1.7853605,0,0
1.7858602,0,1
1.78636015,0,0
1.78685985,0,1
1.78735975,0,0
1.7878595,0,1
1.7883595,0,0
1.78885925,0,1
1.7893592,0,0
1.7898589,0,1
1.7903589,0,0
1.7908586,0,1
1.79135855,0,0
1.79185825,0,1
1.79235825,0,0
1.79285805,0,1
1.7933581,0,0
1.79385785,0,1
1.79435785,0,0
1.7948576,0,1
1.79535755,0,0
1.7958573,0,1
1.7963573,0,0
1.79685705,0,1
1.79735705,0,0
1.79785685,0,1
1.79835685,0,0
1.7988566,0,1
1.79935665,0,0
1.79985635,0,1
1.8003564,0,0
1.80085615,0,1
1.80135615,0,0
1.8018559,0,1
1.8023559,0,0
1.8028557,0,1
1.8033557,0,0
1.8038554,0,1
1.8043554,0,0
1.80485515,0,1
1.80535515,0,0
1.80585485,0,1
1.8063549,0,0
1.80685465,0,1
1.8073546,0,0
1.80785435,0,1
1.80835435,0,0
1.80885405,0,1
1.80935405,0,0
1.8098538,0,1
1.8103538,0,0
1.8108535,0,1
1.8113535,0,0
1.8118533,0,1
1.8123533,0,0
1.81285305,0,1
1.81335305,0,0
1.8138528,0,1
1.8143528,0,0
1.81485255,0,1
1.8153525,0,0
1.8158522,0,1
1.8163522,0,0
1.816852,0,1
1.817352,0,0
1.8178518,0,1
1.81835185,0,0
1.81885165,0,1
1.8193517,0,0
1.8198514,0,1
1.82035135,0,0
1.8208511,0,1
1.8213511,0,0
1.8218509,0,1
1.8223509,0,0
1.82285065,0,1
1.8233507,0,0
1.82385045,0,1
1.82435045,0,0
1.82485025,0,1
1.8253502,0,0
1.82584995,0,1
1.82634995,0,0
1.8268497,0,1
1.8273497,0,0
1.8278494,0,1
1.8283494,0,0
1.82884915,0,1
1.82934915,0,0
1.8298489,0,1
1.83034895,0,0
1.8308487,0,1
1.8313487,0,0
1.8318485,0,1
1.8323485,0,0
1.83284825,0,1
1.83334825,0,0
1.833848,0,1
1.834348,0,0
1.8348477,0,1
1.8353477,0,0
1.8358474,0,1
1.83634735,0,0
1.8368471,0,1
1.8373471,0,0
1.8378469,0,1
1.8383469,0,0
1.83884665,0,1
1.8393466,0,0
1.83984635,0,1
1.8403463,0,0
1.84084605,0,1
1.84134605,0,0
1.8418458,0,1
1.84234585,0,0
1.8428456,0,1
1.84334555,0,0
1.8438453,0,1
1.8443453,0,0
1.84484505,0,1
1.84534505,0,0
1.84584485,0,1
1.84634485,0,0
1.8468446,0,1
1.84734455,0,0
1.8478443,0,1
1.84834425,0,0
1.848844,0,1
1.849344,0,0
1.84984375,0,1
1.8503438,0,0
1.8508436,0,1
1.8513436,0,0
1.85184335,0,1
1.8523434,0,0
1.8528431,0,1
1.8533431,0,0
1.85384285,0,1
1.85434285,0,0
1.8548426,0,1
1.8553426,0,0
1.8558424,0,1
1.8563424,0,0
1.8568421,0,1
1.857342,0,0
1.85784165,0,1
1.8583416,0,0
1.85884135,0,1
1.8593413,0,0
1.85984105,0,1
1.8603411,0,0
1.8608409,0,1
1.86134095,0,0
1.86184065,0,1
1.8623407,0,0
1.8628405,0,1
1.8633405,0,0
1.86384025,0,1
1.86434025,0,0
1.86483995,0,1
1.86533995,0,0
1.86583975,0,1
1.8663397,0,0
1.86683945,0,1
1.8673395,0,0
1.86783925,0,1
1.8683393,0,0
1.86883905,0,1
1.8693391,0,0
1.86983885,0,1
1.87033885,0,0
1.87083865,0,1
1.8713387,0,0
1.87183845,0,1
1.8723385,0,0
1.87283825,0,1
1.87333825,0,0
1.87383805,0,1
1.87433805,0,0
1.87483785,0,1
1.87533785,0,0
1.87583755,0,1
1.87633755,0,0
1.8768373,0,1
1.8773373,0,0
1.87783705,0,1
1.8783371,0,0
1.87883685,0,1
1.87933685,0,0
1.8798366,0,1
1.88033655,0,0
1.8808363,0,1
1.88133625,0,0
1.881836,0,1
1.88233595,0,0
1.8828357,0,1
1.8833357,0,0
1.88383545,0,1
1.88433545,0,0
1.88483515,0,1
1.8853351,0,0
1.8858348,0,1
1.88633475,0,0
1.88683445,0,1
1.8873344,0,0
1.88783415,0,1
1.8883341,0,0
1.88883385,0,1
1.8893338,0,0
1.8898335,0,1
1.89033345,0,0
1.89083315,0,1
1.89133315,0,0
1.89183285,0,1
1.89233285,0,0
1.8928326,0,1
1.89333255,0,0
1.8938323,0,1
1.89433225,0,0
1.89483195,0,1
1.8953318,0,0
1.89583145,0,1
1.8963314,0,0
1.89683105,0,1
1.897331,0,0
1.8978307,0,1
1.89833065,0,0
1.8988304,0,1
1.89933035,0,0
1.8998301,0,1
1.9003301,0,0
1.90082985,0,1
1.9013298,0,0
1.90182955,0,1
1.9023295,0,0
1.90282925,0,1
1.90332925,0,0
1.903829,0,1
1.90432895,0,0
1.9048287,0,1
1.90532865,0,0
1.90582835,0,1
1.90632835,0,0
1.90682805,0,1
1.90732805,0,0
1.90782775,0,1
1.9083277,0,0
1.90882745,0,1
1.90932745,0,0
1.90982715,0,1
1.9103271,0,0
1.9108268,0,1
1.9113268,0,0
1.91182645,0,1
1.91232645,0,0
1.91282615,0,1
1.91332615,0,0
1.91382585,0,1
1.91432585,0,0
1.9148255,0,1
1.9153254,0,0
1.9158251,0,1
1.9163251,0,0
1.91682485,0,1
1.91732485,0,0
1.9178246,0,1
1.91832455,0,0
1.9188243,0,1
1.91932425,0,0
1.919824,0,1
1.92032395,0,0
1.9208237,0,1
1.9213237,0,0
1.9218234,0,1
1.92232335,0,0
1.9228231,0,1
1.9233231,0,0
1.9238228,0,1
1.92432275,0,0
1.9248225,0,1
1.9253225,0,0
1.92582225,0,1
1.92632225,0,0
1.92682195,0,1
1.9273219,0,0
1.92782165,0,1
1.9283217,0,0
1.92882145,0,1
1.92932145,0,0
1.92982125,0,1
1.9303212,0,0
1.93082095,0,1
1.9313209,0,0
1.9318206,0,1
1.9323206,0,0
1.9328203,0,1
1.9333202,0,0
1.93381995,0,1
1.93431995,0,0
1.93481965,0,1
1.93531965,0,0
1.93581945,0,1
1.93631945,0,0
1.9368192,0,1
1.9373192,0,0
1.93781895,0,1
1.938319,0,0
1.93881875,0,1
1.93931875,0,0
1.9398185,0,1
1.94031855,0,0
1.94081825,0,1
1.94131825,0,0
1.94181795,0,1
1.9423179,0,0
1.9428177,0,1
1.9433177,0,0
1.9438175,0,1
1.9443175,0,0
1.9448173,0,1
1.9453173,0,0
1.94581705,0,1
1.946317,0,0
1.94681675,0,1
1.94731675,0,0
1.94781655,0,1
1.9483165,0,0
1.94881625,0,1
1.94931625,0,0
1.94981605,0,1
1.950316,0,0
1.95081575,0,1
1.9513157,0,0
1.95181545,0,1
1.95231545,0,0
1.95281515,0,1
1.95331505,0,0
1.9538148,0,1
1.95431475,0,0
1.9548145,0,1
1.95531445,0,0
1.9558142,0,1
1.9563142,0,0
1.95681395,0,1
1.95731395,0,0
1.95781365,0,1
1.9583137,0,0
1.95881345,0,1
1.9593134,0,0
1.95981315,0,1
1.96031315,0,0
1.96081285,0,1
1.9613128,0,0
1.96181255,0,1
1.9623125,0,0
1.96281225,0,1
1.96331225,0,0
1.963812,0,1
1.964312,0,0
1.96481175,0,1
1.9653117,0,0
1.96581145,0,1
1.96631145,0,0
1.96681115,0,1
1.96731115,0,0
1.96781095,0,1
1.9683109,0,0
1.96881065,0,1
1.9693106,0,0
1.9698103,0,1
1.97031025,0,0
1.97081,0,1
1.97130995,0,0
1.9718097,0,1
1.97230965,0,0
1.9728094,0,1
1.97330935,0,0
1.97380915,0,1
1.9743091,0,0
1.97480885,0,1
1.9753088,0,0
1.9758085,0,1
1.9763085,0,0
1.9768082,0,1
1.97730825,0,0
1.977808,0,1
1.97830805,0,0
1.97880785,0,1
1.97930785,0,0
1.97980755,0,1
1.98030755,0,0
1.9808072,0,1
1.98130715,0,0
1.98180685,0,1
1.9823068,0,0
1.98280655,0,1
1.9833065,0,0
1.9838062,0,1
1.9843062,0,0
1.9848059,0,1
1.9853059,0,0
1.9858056,0,1
1.9863056,0,0
1.9868053,0,1
1.9873053,0,0
1.98780505,0,1
1.988305,0,0
1.9888047,0,1
1.9893046,0,0
1.9898043,0,1
1.9903042,0,0
1.99080385,0,1
1.9913038,0,0
1.9918034,0,1
1.9923033,0,0
1.99280295,0,1
1.99330285,0,0
1.9938025,0,1
1.99430245,0,0
1.9948021,0,1
1.99530205,0,0
1.9958017,0,1
1.9963016,0,0
1.9968013,0,1
1.99730125,0,0
1.9978009,0,1
1.9983008,0,0
1.9988004,0,1
1.99930025,0,0
1.9997999,0,1
2.0002998,0,0
2.00079945,0,1
2.00129935,0,0
2.00179905,0,1
2.00229895,0,0
2.0027986,0,1
2.00329855,0,0
2.00379825,0,1
2.00429815,0,0
2.00479785,0,1
2.00529775,0,0
2.0057974,0,1
2.0062973,0,0
2.006797,0,1
2.0072969,0,0
2.0077966,0,1
2.00829655,0,0
2.00879625,0,1
2.0092962,0,0
2.00979585,0,1
2.01029585,0,0
2.01079555,0,1
2.0112956,0,0
2.0117953,0,1
2.01229525,0,0
2.012795,0,1
2.0132949,0,0
2.01379465,0,1
2.01429455,0,0
2.0147943,0,1
2.01529425,0,0
2.015794,0,1
2.01629395,0,0
2.01679365,0,1
2.01729365,0,0
2.01779335,0,1
2.01829335,0,0
2.01879305,0,1
2.01929305,0,0
2.0197927,0,1
2.02029265,0,0
2.02079235,0,1
2.0212923,0,0
2.021792,0,1
2.02229195,0,0
2.02279165,0,1
2.0232916,0,0
2.0237913,0,1
2.02429125,0,0
2.02479095,0,1
2.02529095,0,0
2.02579065,0,1
2.02629055,0,0
2.02679025,0,1
2.02729015,0,0
2.02778985,0,1
2.02828985,0,0
2.02878955,0,1
2.02928955,0,0
2.02978925,0,1
2.0302892,0,0
2.03078895,0,1
2.03128895,0,0
2.03178875,0,1
2.0322888,0,0
2.0327886,0,1
2.03328855,0,0
2.0337883,0,1
2.03428825,0,0
2.034788,0,1
2.03528795,0,0
2.03578765,0,1
2.03628765,0,0
2.0367874,0,1
2.03728735,0,0
2.03778705,0,1
2.038287,0,0
2.0387867,0,1
2.03928665,0,0
2.0397864,0,1
2.04028635,0,0
2.04078605,0,1
2.041286,0,0
2.0417857,0,1
2.0422857,0,0
2.0427854,0,1
2.04328535,0,0
2.0437851,0,1
2.04428505,0,0
2.04478475,0,1
2.04528475,0,0
2.0457845,0,1
2.04628445,0,0
2.0467842,0,1
2.04728415,0,0
2.0477839,0,1
2.0482839,0,0
2.0487836,0,1
2.0492836,0,0
2.04978335,0,1
2.05028335,0,0
2.05078305,0,1
2.05128305,0,0
2.05178275,0,1
2.0522828,0,0
2.0527826,0,1
2.0532826,0,0
2.0537823,0,1
2.05428225,0,0
2.054782,0,1
2.05528195,0,0
2.0557816,0,1
2.05628155,0,0
2.0567813,0,1
2.05728125,0,0
2.057781,0,1
2.058281,0,0
2.05878075,0,1
2.0592807,0,0
2.05978045,0,1
2.06028045,0,0
2.06078025,0,1
2.0612803,0,0
2.06178005,0,1
2.06228005,0,0
2.0627798,0,1
2.06327975,0,0
2.0637795,0,1
2.0642795,0,0
2.06477925,0,1
2.06527925,0,0
2.06577905,0,1
2.066279,0,0
2.06677875,0,1
2.0672787,0,0
2.06777845,0,1
2.06827845,0,0
2.0687782,0,1
2.06927815,0,0
2.06977785,0,1
2.0702778,0,0
2.07077755,0,1
2.0712776,0,0
2.07177735,0,1
2.07227735,0,0
2.07277715,0,1
2.07327715,0,0
2.0737769,0,1
2.0742769,0,0
2.07477665,0,1
2.07527665,0,0
2.07577645,0,1
2.0762765,0,0
2.07677625,0,1
2.07727625,0,0
2.077776,0,1
2.078276,0,0
2.0787758,0,1
2.0792758,0,0
2.0797756,0,1
2.0802756,0,0
2.0807754,0,1
2.0812754,0,0
2.08177515,0,1
2.0822752,0,0
2.08277495,0,1
2.083275,0,0
2.08377475,0,1
2.0842748,0,0
2.0847746,0,1
2.0852746,0,0
2.08577435,0,1
2.08627435,0,0
2.0867741,0,1
2.08727405,0,0
2.0877738,0,1
2.08827375,0,0
2.0887735,0,1
2.0892735,0,0
2.0897732,0,1
2.0902732,0,0
2.09077295,0,1
2.091273,0,0
2.09177275,0,1
2.09227275,0,0
2.09277245,0,1
2.09327245,0,0
2.09377215,0,1
2.09427215,0,0
2.09477185,0,1
2.0952718,0,0
2.09577155,0,1
2.0962715,0,0
2.09677125,0,1
2.0972712,0,0
2.09777095,0,1
2.09827095,0,0
2.0987707,0,1
2.09927065,0,0
2.09977035,0,1
2.10027035,0,0
2.10077,0,1
2.10126995,0,0
2.10176965,0,1
2.1022696,0,0
2.1027693,0,1
2.10326925,0,0
2.10376895,0,1
2.1042689,0,0
2.1047686,0,1
2.1052685,0,0
2.1057682,0,1
2.10626815,0,0
2.10676785,0,1
2.10726785,0,0
2.10776755,0,1
2.10826755,0,0
2.10876725,0,1
2.1092672,0,0
2.1097669,0,1
2.11026685,0,0
2.11076655,0,1
2.1112665,0,0
2.11176625,0,1
2.11226615,0,0
2.1127659,0,1
2.11326585,0,0
2.11376555,0,1
2.11426555,0,0
2.1147653,0,1
2.11526525,0,0
2.11576495,0,1
2.11626495,0,0
2.11676465,0,1
2.1172646,0,0
2.11776435,0,1
2.11826435,0,0
2.11876405,0,1
2.11926395,0,0
2.1197637,0,1
2.12026365,0,0
2.1207634,0,1
2.12126335,0,0
2.1217631,0,1
2.122263,0,0
2.12276275,0,1
2.1232627,0,0
2.1237624,0,1
2.1242624,0,0
2.1247621,0,1
2.12526205,0,0
2.12576175,0,1
2.12626175,0,0
2.12676145,0,1
2.1272614,0,0
2.12776115,0,1
2.12826115,0,0
2.1287609,0,1
2.12926085,0,0
2.12976055,0,1
2.1302605,0,0
2.1307602,0,1
2.1312602,0,0
2.1317599,0,1
2.1322599,0,0
2.13275965,0,1
2.13325965,0,0
2.1337594,0,1
2.1342594,0,0
2.13475915,0,1
2.13525915,0,0
2.1357589,0,1
2.1362589,0,0
2.1367586,0,1
2.1372586,0,0
2.1377583,0,1
2.13825825,0,0
2.13875795,0,1
2.13925785,0,0
2.1397575,0,1
2.14025745,0,0
2.14075715,0,1
2.14125705,0,0
2.14175675,0,1
2.1422567,0,0
2.14275635,0,1
2.14325625,0,0
2.1437559,0,1
2.14425585,0,0
2.1447555,0,1
2.1452554,0,0
2.14575505,0,1
2.14625505,0,0
2.1467547,0,1
2.1472546,0,0
2.1477543,0,1
2.1482542,0,0
2.1487538,0,1
2.1492537,0,0
2.14975335,0,1
2.15025325,0,0
2.1507529,0,1
2.1512528,0,0
2.1517525,0,1
2.1522524,0,0
2.15275205,0,1
2.15325195,0,0
2.1537516,0,1
2.1542515,0,0
2.15475115,0,1
2.15525105,0,0
2.1557507,0,1
2.15625065,0,0
2.15675035,0,1
2.1572503,0,0
2.15775,0,1
2.15825,0,0
2.1587497,0,1
2.1592496,0,0
2.15974935,0,1
2.1602493,0,0
2.16074895,0,1
2.16124885,0,0
2.1617485,0,1
2.1622484,0,0
2.16274805,0,1
2.163248,0,0
2.16374765,0,1
2.1642476,0,0
2.16474725,0,1
2.1652472,0,0
2.16574685,0,1
2.1662468,0,0
2.1667465,0,1
2.1672464,0,0
2.16774605,0,1
2.16824595,0,0
2.1687456,0,1
2.1692455,0,0
2.16974515,0,1
2.1702451,0,0
2.1707448,0,1
2.17124475,0,0
2.17174435,0,1
2.17224425,0,0
2.17274395,0,1
2.17324385,0,0
2.1737435,0,1
2.1742434,0,0
2.1747431,0,1
2.175243,0,0
2.17574265,0,1
2.1762426,0,0
2.1767423,0,1
2.17724225,0,0
2.1777419,0,1
2.1782418,0,0
2.1787415,0,1
2.1792414,0,0
2.1797411,0,1
2.180241,0,0
2.18074065,0,1
2.1812406,0,0
2.1817403,0,1
2.18224025,0,0
2.1827399,0,1
2.1832398,0,0
2.18373945,0,1
2.1842394,0,0
2.18473905,0,1
2.185239,0,0
2.1857387,0,1
2.18623865,0,0
2.1867384,0,1
2.1872383,0,0
2.187738,0,1
2.18823795,0,0
2.1887376,0,1
2.18923755,0,0
2.1897372,0,1
2.1902371,0,0
2.1907368,0,1
2.19123675,0,0
2.19173645,0,1
2.19223645,0,0
2.1927362,0,1
2.1932362,0,0
2.1937359,0,1
2.19423585,0,0
2.1947356,0,1
2.19523555,0,0
2.19573525,0,1
2.1962352,0,0
2.1967349,0,1
2.19723485,0,0
2.1977345,0,1
2.19823445,0,0
2.1987341,0,1
2.19923405,0,0
2.19973375,0,1
2.2002337,0,0
2.2007334,0,1
2.20123335,0,0
2.20173305,0,1
2.20223295,0,0
2.20273265,0,1
2.2032326,0,0
2.2037323,0,1
2.2042322,0,0
2.2047319,0,1
2.20523185,0,0
2.20573155,0,1
2.20623145,0,0
2.20673115,0,1
2.2072311,0,0
2.2077308,0,1
2.20823075,0,0
2.2087305,0,1
2.20923045,0,0
2.20973015,0,1
2.2102301,0,0
2.2107298,0,1
2.21122975,0,0
2.21172945,0,1
2.2122294,0,0
2.21272905,0,1
2.21322895,0,0
2.21372865,0,1
2.21422855,0,0
2.2147282,0,1
2.21522815,0,0
2.21572785,0,1
2.2162278,0,0
2.21672755,0,1
2.2172275,0,0
2.2177272,0,1
2.2182271,0,0
2.2187268,0,1
2.21922675,0,0
2.21972645,0,1
2.22022645,0,0
2.2207261,0,1
2.22122605,0,0
2.2217257,0,1
2.22222565,0,0
2.22272535,0,1
2.2232253,0,0
2.22372495,0,1
2.22422485,0,0
2.2247245,0,1
2.22522445,0,0
2.2257241,0,1
2.22622405,0,0
2.22672375,0,1
2.2272237,0,0
2.22772345,0,1
2.2282234,0,0
2.22872305,0,1
2.229223,0,0
2.22972275,0,1
2.23022265,0,0
2.23072235,0,1
2.23122225,0,0
2.2317219,0,1
2.2322218,0,0
2.23272145,0,1
2.23322135,0,0
2.233721,0,1
2.2342209,0,0
2.2347206,0,1
2.23522055,0,0
2.23572025,0,1
2.23622015,0,0
2.2367198,0,1
2.2372198,0,0
2.2377195,0,1
2.23821945,0,0
2.2387192,0,1
2.23921915,0,0
2.23971885,0,1
2.24021875,0,0
2.2407185,0,1
2.24121845,0,0
2.24171825,0,1
2.24221825,0,0
2.24271795,0,1
2.2432179,0,0
2.24371765,0,1
2.2442177,0,0
2.24471745,0,1
2.24521745,0,0
2.24571725,0,1
2.2462173,0,0
2.24671705,0,1
2.24721705,0,0
2.2477168,0,1
2.2482168,0,0
2.24871655,0,1
2.24921655,0,0
2.24971635,0,1
2.25021635,0,0
2.25071615,0,1
2.2512161,0,0
2.2517158,0,1
2.2522158,0,0
2.25271555,0,1
2.25321555,0,0
2.2537153,0,1
2.2542153,0,0
2.25471505,0,1
2.25521505,0,0
2.25571475,0,1
2.2562148,0,0
2.2567145,0,1
2.25721455,0,0
2.2577143,0,1
2.25821425,0,0
2.258714,0,1
2.259214,0,0
2.2597137,0,1
2.2602137,0,0
2.26071345,0,1
2.26121345,0,0
2.2617132,0,1
2.2622132,0,0
2.262713,0,1
2.263213,0,0
2.2637128,0,1
2.2642128,0,0
2.26471255,0,1
2.26521255,0,0
2.2657123,0,1
2.2662123,0,0
2.2667121,0,1
2.26721215,0,0
2.26771195,0,1
2.26821205,0,0
2.26871185,0,1
2.2692119,0,0
2.26971165,0,1
2.2702117,0,0
2.2707115,0,1
2.27121155,0,0
2.27171125,0,1
2.27221125,0,0
2.27271105,0,1
2.2732111,0,0
2.2737109,0,1
2.27421095,0,0
2.27471075,0,1
2.2752108,0,0
2.2757106,0,1
2.27621065,0,0
2.27671045,0,1
2.2772105,0,0
2.2777103,0,1
2.27821035,0,0
2.2787102,0,1
2.27921025,0,0
2.27971005,0,1
2.2802101,0,0
2.2807099,0,1
2.28120995,0,0
2.2817097,0,1
2.2822098,0,0
2.2827096,0,1
2.2832096,0,0
2.2837093,0,1
2.28420925,0,0
2.284709,0,1
2.28520905,0,0
2.28570885,0,1
2.2862089,0,0
2.28670865,0,1
2.28720865,0,0
2.28770845,0,1
2.28820845,0,0
2.28870825,0,1
2.28920825,0,0
2.289708,0,1
2.290208,0,0
2.2907078,0,1
2.2912078,0,0
2.29170755,0,1
2.2922076,0,0
2.2927074,0,1
2.2932074,0,0
2.2937071,0,1
2.29420715,0,0
2.2947069,0,1
2.2952069,0,0
2.29570665,0,1
2.29620665,0,0
2.2967064,0,1
2.2972064,0,0
2.2977061,0,1
2.2982061,0,0
2.29870585,0,1
2.29920585,0,0
2.29970565,0,1
2.30020565,0,0
2.30070545,0,1
2.30120545,0,0
2.3017052,0,1
2.30220525,0,0
2.302705,0,1
2.303205,0,0
2.30370475,0,1
2.3042047,0,0
2.30470445,0,1
2.30520445,0,0
2.30570415,0,1
2.3062041,0,0
2.3067038,0,1
2.30720375,0,0
2.3077035,0,1
2.3082035,0,0
2.3087033,0,1
2.3092033,0,0
2.3097031,0,1
2.31020315,0,0
2.3107029,0,1
2.3112029,0,0
2.3117027,0,1
2.3122027,0,0
2.3127025,0,1
2.31320255,0,0
2.31370235,0,1
2.31420235,0,0
2.3147021,0,1
2.31520215,0,0
2.315702,0,1
2.316202,0,0
2.3167018,0,1
2.31720185,0,0
2.3177016,0,1
2.31820165,0,0
2.31870145,0,1
2.31920145,0,0
2.31970125,0,1
2.32020125,0,0
2.320701,0,1
2.32120105,0,0
2.32170075,0,1
2.3222008,0,0
2.32270055,0,1
2.3232005,0,0
2.32370025,0,1
2.32420025,0,0
2.32469995,0,1
2.32519995,0,0
2.3256997,0,1
2.3261997,0,0
2.32669945,0,1
2.3271994,0,0
2.32769915,0,1
2.3281991,0,0
2.3286988,0,1
2.3291988,0,0
2.3296985,0,1
2.3301985,0,0
2.33069825,0,1
2.33119825,0,0
2.33169795,0,1
2.332198,0,0
2.3326977,0,1
2.3331977,0,0
2.33369745,0,1
2.33419745,0,0
2.33469725,0,1
2.3351972,0,0
2.33569695,0,1
2.3361969,0,0
2.33669665,0,1
2.3371966,0,0
2.33769635,0,1
2.3381963,0,0
2.33869605,0,1
2.33919605,0,0
2.3396958,0,1
2.3401958,0,0
2.3406955,0,1
2.34119545,0,0
2.3416952,0,1
2.3421952,0,0
2.34269495,0,1
2.3431949,0,0
2.34369465,0,1
2.34419465,0,0
2.3446944,0,1
2.3451943,0,0
2.34569405,0,1
2.34619405,0,0
2.3466938,0,1
2.34719375,0,0
2.34769345,0,1
2.34819345,0,0
2.3486932,0,1
2.3491932,0,0
2.349693,0,1
2.35019295,0,0
2.3506927,0,1
2.3511927,0,0
2.3516924,0,1
2.3521924,0,0
2.3526921,0,1
2.35319205,0,0
2.3536918,0,1
2.35419175,0,0
2.35469145,0,1
2.3551914,0,0
2.3556911,0,1
2.3561911,0,0
2.35669085,0,1
2.3571908,0,0
2.3576905,0,1
2.35819045,0,0
2.35869015,0,1
2.3591901,0,0
2.3596898,0,1
2.36018985,0,0
2.3606896,0,1
2.36118955,0,0
2.3616893,0,1
2.3621893,0,0
2.36268905,0,1
2.36318905,0,0
2.36368875,0,1
2.36418875,0,0
2.3646884,0,1
2.36518835,0,0
2.36568805,0,1
2.36618805,0,0
2.36668775,0,1
2.36718775,0,0
2.3676875,0,1
2.3681875,0,0
2.36868725,0,1
2.3691872,0,0
2.3696869,0,1
2.3701869,0,0
2.3706866,0,1
2.37118655,0,0
2.3716862,0,1
2.37218615,0,0
2.37268585,0,1
2.37318585,0,0
2.3736856,0,1
2.37418555,0,0
2.3746853,0,1
2.3751853,0,0
2.37568505,0,1
2.37618505,0,0
2.3766848,0,1
2.37718485,0,0
2.37768455,0,1
2.3781846,0,0
2.3786843,0,1
2.3791843,0,0
2.37968405,0,1
2.38018405,0,0
2.3806838,0,1
2.3811838,0,0
2.3816835,0,1
2.3821835,0,0
2.38268315,0,1
2.3831831,0,0
2.3836828,0,1
2.38418275,0,0
2.38468245,0,1
2.3851824,0,0
2.3856821,0,1
2.3861821,0,0
2.3866818,0,1
2.3871818,0,0
2.38768155,0,1
2.3881816,0,0
2.38868135,0,1
2.38918125,0,0
2.3896809,0,1
2.3901808,0,0
2.39068045,0,1
2.39118035,0,0
2.39168005,0,1
2.39217995,0,0
2.3926796,0,1
2.3931795,0,0
2.39367915,0,1
2.394179,0,0
2.39467865,0,1
2.3951785,0,0
2.39567815,0,1
2.396178,0,0
2.39667765,0,1
2.3971775,0,0
2.39767715,0,1
2.39817705,0,0
2.3986767,0,1
2.3991766,0,0
2.39967625,0,1
2.40017615,0,0
2.4006758,0,1
2.4011757,0,0
2.40167535,0,1
2.4021753,0,0
2.40267495,0,1
2.4031748,0,0
2.40367445,0,1
2.40417435,0,0
2.40467405,0,1
2.4051739,0,0
2.4056736,0,1
2.4061735,0,0
2.40667315,0,1
2.407173,0,0
2.4076726,0,1
2.4081725,0,0
2.4086722,0,1
2.4091721,0,0
2.4096718,0,1
2.41017175,0,0
2.4106714,0,1
2.41117135,0,0
2.41167095,0,1
2.4121709,0,0
2.41267055,0,1
2.41317045,0,0
2.4136701,0,1
2.41416995,0,0
2.4146696,0,1
2.4151695,0,0
2.41566915,0,1
2.416169,0,0
2.41666865,0,1
2.4171686,0,0
2.41766825,0,1
2.4181682,0,0
2.41866785,0,1
2.41916775,0,0
2.41966745,0,1
2.4201674,0,0
2.42066705,0,1
2.421167,0,0
2.4216667,0,1
2.4221666,0,0
2.42266625,0,1
2.4231661,0,0
2.4236658,0,1
2.4241657,0,0
2.4246654,0,1
2.42516535,0,0
2.42566505,0,1
2.42616495,0,0
2.42666465,0,1
2.42716455,0,0
2.4276642,0,1
2.4281641,0,0
2.4286638,0,1
2.42916375,0,0
2.42966345,0,1
2.4301634,0,0
2.43066305,0,1
2.43116295,0,0
2.43166265,0,1
2.4321626,0,0
2.4326623,0,1
2.4331622,0,0
2.43366195,0,1
2.4341619,0,0
2.4346616,0,1
2.43516155,0,0
2.43566125,0,1
2.43616115,0,0
2.43666085,0,1
2.4371607,0,0
2.4376603,0,1
2.4381602,0,0
2.4386599,0,1
2.4391598,0,0
2.43965945,0,1
2.44015935,0,0
2.44065905,0,1
2.44115895,0,0
2.4416586,0,1
2.44215855,0,0
2.4426582,0,1
2.44315815,0,0
2.44365785,0,1
2.4441578,0,0
2.44465745,0,1
2.44515735,0,0
2.44565705,0,1
2.44615695,0,0
2.44665665,0,1
2.4471566,0,0
2.4476563,0,1
2.4481562,0,0
2.4486559,0,1
2.44915585,0,0
2.4496556,0,1
2.45015555,0,0
2.4506552,0,1
2.4511552,0,0
2.45165485,0,1
2.4521548,0,0
2.45265445,0,1
2.4531544,0,0
2.4536541,0,1
2.45415405,0,0
2.4546537,0,1
2.45515365,0,0
2.45565335,0,1
2.4561533,0,0
2.456653,0,1
2.45715295,0,0
2.45765265,0,1
2.45815255,0,0
2.45865225,0,1
2.4591522,0,0
2.4596519,0,1
2.46015185,0,0
2.46065155,0,1
2.4611515,0,0
2.4616512,0,1
2.4621511,0,0
2.4626508,0,1
2.46315075,0,0
2.46365045,0,1
2.46415035,0,0
2.46465005,0,1
2.46515,0,0
2.46564965,0,1
2.4661496,0,0
2.46664925,0,1
2.4671492,0,0
2.4676489,0,1
2.4681488,0,0
2.4686485,0,1
2.46914845,0,0
2.4696481,0,1
2.47014805,0,0
2.47064775,0,1
2.4711477,0,0
2.4716474,0,1
2.47214735,0,0
2.4726471,0,1
2.47314705,0,0
2.47364675,0,1
2.4741467,0,0
2.47464645,0,1
2.47514635,0,0
2.47564605,0,1
2.476146,0,0
2.4766457,0,1
2.4771457,0,0
2.47764535,0,1
2.4781453,0,0
2.47864495,0,1
2.4791449,0,0
2.4796446,0,1
2.4801445,0,0
2.4806442,0,1
2.4811441,0,0
2.48164375,0,1
2.48214365,0,0
2.48264335,0,1
2.48314325,0,0
2.48364295,0,1
2.48414285,0,0
2.48464255,0,1
2.4851425,0,0
2.4856422,0,1
2.4861421,0,0
2.4866418,0,1
2.4871418,0,0
2.4876415,0,1
2.48814145,0,0
2.48864115,0,1
2.48914105,0,0
2.4896408,0,1
2.49014075,0,0
2.4906405,0,1
2.49114045,0,0
2.49164015,0,1
2.49214015,0,0
2.49263985,0,1
2.4931398,0,0
2.49363945,0,1
2.4941394,0,0
2.4946391,0,1
2.49513905,0,0
2.4956387,0,1
2.4961386,0,0
2.4966383,0,1
2.49713825,0,0
2.49763795,0,1
2.4981379,0,0
2.4986376,0,1
2.49913755,0,0
2.4996373,0,1
2.50013725,0,0
2.50063695,0,1
2.5011369,0,0
2.50163655,0,1
2.5021365,0,0
2.50263625,0,1
2.5031362,0,0
2.50363595,0,1
2.5041359,0,0
2.5046356,0,1
2.5051355,0,0
2.5056352,0,1
2.50613515,0,0
2.5066349,0,1
2.5071349,0,0
2.5076346,0,1
2.5081346,0,0
2.50863435,0,1
2.50913435,0,0
2.50963405,0,1
2.510134,0,0
2.5106337,0,1
2.51113365,0,0
2.51163335,0,1
2.5121333,0,0
2.51263305,0,1
2.513133,0,0
2.51363275,0,1
2.5141327,0,0
2.5146324,0,1
2.5151324,0,0
2.51563215,0,1
2.51613215,0,0
2.51663185,0,1
2.51713185,0,0
2.51763165,0,1
2.5181316,0,0
2.51863135,0,1
2.51913135,0,0
2.51963105,0,1
2.52013105,0,0
2.5206308,0,1
2.5211308,0,0
2.52163055,0,1
2.52213055,0,0
2.5226303,0,1
2.52313025,0,0
2.52362995,0,1
2.52412995,0,0
2.5246297,0,1
2.5251296,0,0
2.52562935,0,1
2.5261293,0,0
2.52662905,0,1
2.52712905,0,0
2.5276288,0,1
2.52812875,0,0
2.52862855,0,1
2.5291285,0,0
2.52962825,0,1
2.5301282,0,0
2.5306279,0,1
2.53112785,0,0
2.53162755,0,1
2.53212745,0,0
2.5326272,0,1
2.53312725,0,0
2.53362705,0,1
2.53412715,0,0
2.534627,0,1
2.535127,0,0
2.53562675,0,1
2.5361268,0,0
2.53662655,0,1
2.5371265,0,0
2.53762625,0,1
2.5381263,0,0
2.53862615,0,1
2.5391262,0,0
2.53962595,0,1
2.54012585,0,0
2.54062565,0,1
2.54112565,0,0
2.5416254,0,1
2.54212545,0,0
2.5426253,0,1
2.54312535,0,0
2.5436251,0,1
2.5441251,0,0
2.54462485,0,1
2.54512485,0,0
2.54562465,0,1
2.5461247,0,0
2.54662445,0,1
2.54712445,0,0
2.5476242,0,1
2.5481242,0,0
2.54862405,0,1
2.54912405,0,0
2.5496238,0,1
2.5501238,0,0
2.5506236,0,1
2.5511236,0,0
2.55162335,0,1
2.5521234,0,0
2.5526232,0,1
2.55312325,0,0
2.553623,0,1
2.554123,0,0
2.5546228,0,1
2.55512285,0,0
2.5556226,0,1
2.5561226,0,0
2.5566224,0,1
2.55712245,0,0
2.55762225,0,1
2.5581223,0,0
2.55862205,0,1
2.5591221,0,0
2.5596219,0,1
2.5601219,0,0
2.5606216,0,1
2.5611216,0,0
2.56162135,0,1
2.5621214,0,0
2.56262115,0,1
2.56312115,0,0
2.5636209,0,1
2.56412095,0,0
2.5646207,0,1
2.56512065,0,0
2.5656204,0,1
2.56612035,0,0
2.56662005,0,1
2.56712,0,0
2.56761975,0,1
2.56811975,0,0
2.5686195,0,1
2.56911945,0,0
2.56961925,0,1
2.57011925,0,0
2.57061895,0,1
2.5711189,0,0
2.5716187,0,1
2.57211865,0,0
2.5726184,0,1
2.5731183,0,0
2.57361805,0,1
2.57411805,0,0
2.57461775,0,1
2.57511775,0,0
2.57561755,0,1
2.57611755,0,0
2.5766173,0,1
2.5771173,0,0
2.57761705,0,1
2.57811705,0,0
2.57861685,0,1
2.57911685,0,0
2.5796166,0,1
2.5801166,0,0
2.58061635,0,1
2.5811164,0,0
2.5816161,0,1
2.58211605,0,0
2.5826158,0,1
2.5831158,0,0
2.58361555,0,1
2.58411555,0,0
2.58461525,0,1
2.5851153,0,0
2.58561505,0,1
2.58611505,0,0
2.5866148,0,1
2.58711475,0,0
2.58761455,0,1
2.5881145,0,0
2.58861425,0,1
2.58911425,0,0
2.58961395,0,1
2.590114,0,0
2.59061375,0,1
2.59111375,0,0
2.5916135,0,1
2.59211355,0,0
2.5926133,0,1
2.5931133,0,0
2.59361305,0,1
2.5941131,0,0
2.5946129,0,1
2.59511295,0,0
2.59561275,0,1
2.5961128,0,0
2.5966126,0,1
2.5971126,0,0
2.59761235,0,1
2.59811235,0,0
2.5986121,0,1
2.59911215,0,0
2.5996119,0,1
2.60011195,0,0
2.6006117,0,1
2.6011117,0,0
2.60161145,0,1
2.60211155,0,0
2.6026113,0,1
2.60311135,0,0
2.6036111,0,1
2.60411115,0,0
2.60461095,0,1
2.605111,0,0
2.6056108,0,1
2.60611085,0,0
2.60661065,0,1
2.60711065,0,0
2.6076104,0,1
2.60811045,0,0
2.6086102,0,1
2.6091102,0,0
2.60961,0,1
2.61011005,0,0
2.61060985,0,1
2.61110985,0,0
2.6116096,0,1
2.6121096,0,0
2.61260935,0,1
2.61310935,0,0
2.6136091,0,1
2.6141091,0,0
2.6146089,0,1
2.6151089,0,0
2.61560865,0,1
2.6161087,0,0
2.61660845,0,1
2.6171085,0,0
2.6176083,0,1
2.6181083,0,0
2.6186081,0,1
2.6191081,0,0
2.61960795,0,1
2.620108,0,0
2.62060785,0,1
2.62110795,0,0
2.6216078,0,1
2.62210785,0,0
2.6226077,0,1
2.6231078,0,0
2.6236076,0,1
2.62410765,0,0
2.6246074,0,1
2.62510745,0,0
2.6256072,0,1
2.62610725,0,0
2.62660705,0,1
2.62710705,0,0
2.62760685,0,1
2.6281069,0,0
2.6286067,0,1
2.62910675,0,0
2.62960655,0,1
2.6301066,0,0
2.6306064,0,1
2.6311064,0,0
2.6316062,0,1
2.63210625,0,0
2.63260605,0,1
2.6331061,0,0
2.6336059,0,1
2.634106,0,0
2.6346058,0,1
2.63510585,0,0
2.6356056,0,1
2.63610555,0,0
2.6366053,0,1
2.63710535,0,0
2.6376051,0,1
2.6381051,0,0
2.63860485,0,1
2.6391049,0,0
2.63960465,0,1
2.6401047,0,0
2.6406045,0,1
2.6411045,0,0
2.6416043,0,1
2.6421043,0,0
2.64260405,0,1
2.64310405,0,0
2.6436038,0,1
2.64410385,0,0
2.64460365,0,1
2.64510365,0,0
2.64560335,0,1
2.64610335,0,0
2.6466031,0,1
2.64710315,0,0
2.64760285,0,1
2.64810285,0,0
2.64860265,0,1
2.64910265,0,0
2.6496024,0,1
2.65010245,0,0
2.6506022,0,1
2.65110225,0,0
2.65160205,0,1
2.6521021,0,0
2.6526018,0,1
2.65310185,0,0
2.65360155,0,1
2.6541016,0,0
2.65460135,0,1
2.65510135,0,0
2.6556011,0,1
2.65610115,0,0
2.65660095,0,1
2.657101,0,0
2.6576008,0,1
2.6581008,0,0
2.6586006,0,1
2.6591006,0,0
2.65960035,0,1
2.6601004,0,0
2.6606002,0,1
2.6611002,0,0
2.6616,0,1
2.66210005,0,0
2.66259985,0,1
2.66309985,0,0
2.66359965,0,1
2.66409965,0,0
2.6645994,0,1
2.6650994,0,0
2.66559915,0,1
2.66609915,0,0
2.6665989,0,1
2.66709895,0,0
2.66759875,0,1
2.6680987,0,0
2.6685985,0,1
2.66909845,0,0
2.6695982,0,1
2.6700982,0,0
2.67059795,0,1
2.6710979,0,0
2.67159765,0,1
2.67209765,0,0
2.67259745,0,1
2.67309745,0,0
2.6735972,0,1
2.6740973,0,0
2.6745971,0,1
2.6750972,0,0
2.675597,0,1
2.676097,0,0
2.67659685,0,1
2.6770969,0,0
2.6775967,0,1
2.67809675,0,0
2.6785965,0,1
2.67909655,0,0
2.67959635,0,1
2.6800964,0,0
2.68059625,0,1
2.6810963,0,0
2.6815961,0,1
2.6820961,0,0
2.68259595,0,1
2.68309595,0,0
2.68359575,0,1
2.68409575,0,0
2.6845955,0,1
2.6850955,0,0
2.68559525,0,1
2.68609525,0,0
2.686595,0,1
2.687095,0,0
2.6875948,0,1
2.6880948,0,0
2.68859455,0,1
2.6890946,0,0
2.68959435,0,1
2.6900943,0,0
2.6905941,0,1
2.6910941,0,0
2.69159385,0,1
2.69209385,0,0
2.69259365,0,1
2.69309365,0,0
2.6935934,0,1
2.6940934,0,0
2.69459315,0,1
2.6950932,0,0
2.69559295,0,1
2.69609295,0,0
2.6965927,0,1
2.6970927,0,0
2.6975924,0,1
2.6980924,0,0
2.6985921,0,1
2.6990921,0,0
2.69959185,0,1
2.70009185,0,0
2.70059155,0,1
2.70109155,0,0
2.7015913,0,1
2.7020913,0,0
2.70259105,0,1
2.703091,0,0
2.70359075,0,1
2.70409075,0,0
2.70459045,0,1
2.70509045,0,0
2.70559015,0,1
2.70609015,0,0
2.7065899,0,1
2.7070899,0,0
2.70758965,0,1
2.70808965,0,0
2.7085894,0,1
2.7090894,0,0
2.70958915,0,1
2.7100892,0,0
2.71058895,0,1
2.71108895,0,0
2.7115887,0,1
2.7120887,0,0
2.7125885,0,1
2.7130885,0,0
2.71358825,0,1
2.7140883,0,0
2.71458805,0,1
2.71508805,0,0
2.7155878,0,1
2.7160878,0,0
2.71658755,0,1
2.7170876,0,0
2.71758735,0,1
2.71808735,0,0
2.7185871,0,1
2.71908705,0,0
2.71958685,0,1
2.72008685,0,0
2.7205866,0,1
2.7210866,0,0
2.72158635,0,1
2.72208635,0,0
2.7225861,0,1
2.72308605,0,0
2.7235858,0,1
2.7240858,0,0
2.7245855,0,1
2.72508545,0,0
2.72558515,0,1
2.72608515,0,0
2.72658485,0,1
2.7270848,0,0
2.72758455,0,1
2.7280845,0,0
2.72858425,0,1
2.7290842,0,0
2.72958395,0,1
2.73008395,0,0
2.7305837,0,1
2.7310837,0,0
2.7315835,0,1
2.7320835,0,0
2.7325832,0,1
2.7330832,0,0
2.7335829,0,1
2.73408285,0,0
2.7345825,0,1
2.73508245,0,0
2.7355822,0,1
2.73608215,0,0
2.73658185,0,1
2.73708185,0,0
2.7375816,0,1
2.73808155,0,0
2.73858125,0,1
2.73908125,0,0
2.739581,0,1
2.740081,0,0
2.74058075,0,1
2.7410807,0,0
2.74158045,0,1
2.74208045,0,0
2.7425802,0,1
2.7430802,0,0
2.74358,0,1
2.74407995,0,0
2.7445797,0,1
2.7450797,0,0
2.7455795,0,1
2.74607945,0,0
2.74657925,0,1
2.74707925,0,0
2.747579,0,1
2.748079,0,0
2.7485787,0,1
2.7490787,0,0
2.74957845,0,1
2.7500784,0,0
2.75057805,0,1
2.751078,0,0
2.75157775,0,1
2.75207775,0,0
2.7525775,0,1
2.7530775,0,0
2.75357725,0,1
2.7540772,0,0
2.75457695,0,1
2.7550769,0,0
2.75557665,0,1
2.7560766,0,0
2.7565763,0,1
2.7570763,0,0
2.75757605,0,1
2.758076,0,0
2.75857575,0,1
2.7590757,0,0
2.75957545,0,1
2.76007545,0,0
2.76057515,0,1
2.76107515,0,0
2.7615749,0,1
2.7620749,0,0
2.76257465,0,1
2.76307465,0,0
2.7635744,0,1
2.7640744,0,0
2.7645741,0,1
2.7650741,0,0
2.7655738,0,1
2.7660738,0,0
2.7665735,0,1
2.76707345,0,0
2.7675732,0,1
2.7680732,0,0
2.76857295,0,1
2.76907295,0,0
2.7695727,0,1
2.7700727,0,0
2.77057245,0,1
2.77107245,0,0
2.7715722,0,1
2.77207215,0,0
2.77257185,0,1
2.77307185,0,0
2.7735716,0,1
2.77407155,0,0
2.7745713,0,1
2.7750713,0,0
2.77557105,0,1
2.77607105,0,0
2.7765709,0,1
2.77707085,0,0
2.7775706,0,1
2.7780706,0,0
2.7785704,0,1
2.77907045,0,0
2.77957025,0,1
2.78007025,0,0
2.78057005,0,1
2.78107005,0,0
2.78156985,0,1
2.7820699,0,0
2.7825697,0,1
2.78306975,0,0
2.7835696,0,1
2.78406965,0,0
2.78456945,0,1
2.7850695,0,0
2.78556935,0,1
2.7860694,0,0
2.7865692,0,1
2.7870692,0,0
2.787569,0,1
2.7880691,0,0
2.7885689,0,1
2.78906895,0,0
2.7895687,0,1
2.7900687,0,0
2.79056845,0,1
2.7910685,0,0
2.7915683,0,1
2.79206835,0,0
2.7925681,0,1
2.79306805,0,0
2.79356785,0,1
2.79406785,0,0
2.7945676,0,1
2.7950676,0,0
2.7955673,0,1
2.79606725,0,0
2.796567,0,1
2.79706695,0,0
2.79756675,0,1
2.79806675,0,0
2.7985665,0,1
2.7990665,0,0
2.79956625,0,1
2.8000663,0,0
2.80056605,0,1
2.80106605,0,0
2.8015658,0,1
2.80206585,0,0
2.8025656,0,1
2.8030656,0,0
2.8035653,0,1
2.8040653,0,0
2.804565,0,1
2.805065,0,0
2.8055647,0,1
2.80606465,0,0
2.8065644,0,1
2.8070644,0,0
2.80756415,0,1
2.8080641,0,0
2.8085639,0,1
2.8090639,0,0
2.80956365,0,1
2.81006365,0,0
2.81056335,0,1
2.8110633,0,0
2.811563,0,1
2.81206295,0,0
2.8125627,0,1
2.8130627,0,0
2.81356245,0,1
2.8140624,0,0
2.81456215,0,1
2.8150621,0,0
2.81556185,0,1
2.8160619,0,0
2.8165617,0,1
2.8170617,0,0
2.8175615,0,1
2.81806155,0,0
2.8185613,0,1
2.81906135,0,0
2.8195611,0,1
2.82006115,0,0
2.8205609,0,1
2.8210609,0,0
2.8215607,0,1
2.8220607,0,0
2.8225605,0,1
2.8230605,0,0
2.82356025,0,1
2.8240603,0,0
2.82456005,0,1
2.82506,0,0
2.82555975,0,1
2.82605975,0,0
2.82655945,0,1
2.82705945,0,0
2.8275592,0,1
2.8280592,0,0
2.82855895,0,1
2.82905895,0,0
2.8295587,0,1
2.8300587,0,0
2.83055845,0,1
2.8310584,0,0
2.83155815,0,1
2.83205815,0,0
2.83255795,0,1
2.83305795,0,0
2.8335577,0,1
2.83405775,0,0
2.8345575,0,1
2.83505745,0,0
2.83555725,0,1
2.83605725,0,0
2.836557,0,1
2.83705695,0,0
2.8375567,0,1
2.83805665,0,0
2.8385564,0,1
2.8390564,0,0
2.83955615,0,1
2.84005615,0,0
2.84055595,0,1
2.8410559,0,0
2.8415557,0,1
2.8420557,0,0
2.84255545,0,1
2.84305545,0,0
2.8435552,0,1
2.84405515,0,0
2.8445549,0,1
2.8450549,0,0
2.8455546,0,1
2.8460546,0,0
2.84655435,0,1
2.84705435,0,0
2.8475541,0,1
2.84805415,0,0
2.8485539,0,1
2.84905385,0,0
2.8495535,0,1
2.8500535,0,0
2.8505533,0,1
2.85105325,0,0
2.85155305,0,1
2.8520531,0,0
2.8525529,0,1
2.85305285,0,0
2.8535526,0,1
2.8540526,0,0
2.85455235,0,1
2.8550524,0,0
2.85555215,0,1
2.8560521,0,0
2.85655185,0,1
2.8570519,0,0
2.85755165,0,1
2.8580516,0,0
2.85855135,0,1
2.85905135,0,0
2.8595511,0,1
2.8600511,0,0
2.86055085,0,1
2.86105085,0,0
2.86155055,0,1
2.8620505,0,0
2.86255025,0,1
2.8630502,0,0
2.8635499,0,1
2.86404985,0,0
2.86454955,0,1
2.8650495,0,0
2.8655492,0,1
2.86604915,0,0
2.8665489,0,1
2.86704885,0,0
2.8675486,0,1
2.8680486,0,0
2.8685483,0,1
2.86904825,0,0
2.86954795,0,1
2.8700479,0,0
2.8705476,0,1
2.87104755,0,0
2.8715473,0,1
2.87204735,0,0
2.87254705,0,1
2.8730471,0,0
2.87354695,0,1
2.874047,0,0
2.8745468,0,1
2.8750468,0,0
2.87554655,0,1
2.87604645,0,0
2.87654615,0,1
2.8770461,0,0
2.87754585,0,1
2.87804585,0,0
2.87854555,0,1
2.87904555,0,0
2.8795453,0,1
2.8800453,0,0
2.8805451,0,1
2.881045,0,0
2.88154475,0,1
2.8820447,0,0
2.8825444,0,1
2.8830443,0,0
2.883544,0,1
2.8840439,0,0
2.8845436,0,1
2.88504355,0,0
2.88554325,0,1
2.8860432,0,0
2.8865429,0,1
2.88704285,0,0
2.8875425,0,1
2.88804245,0,0
2.88854215,0,1
2.88904215,0,0
2.88954185,0,1
2.8900418,0,0
2.89054145,0,1
2.8910414,0,0
2.8915412,0,1
2.89204115,0,0
2.8925409,0,1
2.89304085,0,0
2.89354055,0,1
2.89404055,0,0
2.89454025,0,1
2.8950403,0,0
2.8955401,0,1
2.89604005,0,0
2.8965398,0,1
2.89703975,0,0
2.89753945,0,1
2.89803935,0,0
2.8985391,0,1
2.89903905,0,0
2.8995388,0,1
2.90003875,0,0
2.90053845,0,1
2.9010384,0,0
2.90153815,0,1
2.9020381,0,0
2.9025378,0,1
2.9030378,0,0
2.9035375,0,1
2.9040375,0,0
2.90453725,0,1
2.9050373,0,0
2.90553705,0,1
2.906037,0,0
2.9065367,0,1
2.90703675,0,0
2.90753645,0,1
2.90803645,0,0
2.90853615,0,1
2.90903615,0,0
2.9095359,0,1
2.9100359,0,0
2.9105356,0,1
2.9110356,0,0
2.91153525,0,1
2.91203525,0,0
2.91253495,0,1
2.9130349,0,0
2.9135346,0,1
2.9140346,0,0
2.91453435,0,1
2.9150343,0,0
2.91553405,0,1
2.91603405,0,0
2.9165338,0,1
2.91703385,0,0
2.9175336,0,1
2.91803365,0,0
2.91853345,0,1
2.91903345,0,0
2.91953315,0,1
2.9200331,0,0
2.92053285,0,1
2.9210329,0,0
2.9215326,0,1
2.9220326,0,0
2.92253235,0,1
2.9230323,0,0
2.92353205,0,1
2.9240321,0,0
2.92453185,0,1
2.9250318,0,0
2.92553155,0,1
2.9260316,0,0
2.9265313,0,1
2.9270313,0,0
2.92753105,0,1
2.92803105,0,0
2.92853085,0,1
2.9290309,0,0
2.9295306,0,1
2.9300306,0,0
2.9305303,0,1
2.9310303,0,0
2.93153,0,1
2.93203,0,0
2.93252975,0,1
2.93302975,0,0
2.9335295,0,1
2.9340295,0,0
2.93452925,0,1
2.93502925,0,0
2.93552905,0,1
2.936029,0,0
2.93652875,0,1
2.93702875,0,0
2.93752845,0,1
2.9380284,0,0
2.9385281,0,1
2.9390281,0,0
2.93952785,0,1
2.9400278,0,0
2.94052755,0,1
2.9410275,0,0
2.9415272,0,1
2.9420272,0,0
2.94252695,0,1
2.94302695,0,0
2.9435267,0,1
2.9440267,0,0
2.94452645,0,1
2.9450265,0,0
2.9455263,0,1
2.94602635,0,0
2.9465261,0,1
2.9470261,0,0
2.94752585,0,1
2.94802585,0,0
2.9485256,0,1
2.9490256,0,0
2.94952535,0,1
2.9500253,0,0
2.950525,0,1
2.951025,0,0
2.95152475,0,1
2.9520247,0,0
2.95252445,0,1
2.9530245,0,0
2.9535243,0,1
2.95402435,0,0
2.9545241,0,1
2.9550241,0,0
2.95552385,0,1
2.9560239,0,0
2.9565237,0,1
2.95702375,0,0
2.9575235,0,1
2.95802355,0,0
2.9585233,0,1
2.9590233,0,0
2.95952305,0,1
2.9600231,0,0
2.96052285,0,1
2.9610229,0,0
2.9615227,0,1
2.9620227,0,0
2.96252255,0,1
2.9630226,0,0
2.96352235,0,1
2.9640223,0,0
2.964522,0,1
2.965022,0,0
2.96552175,0,1
2.96602175,0,0
2.9665215,0,1
2.9670215,0,0
2.96752125,0,1
2.96802125,0,0
2.968521,0,1
2.96902095,0,0
2.96952075,0,1
2.97002075,0,0
2.97052055,0,1
2.97102055,0,0
2.9715203,0,1
2.97202035,0,0
2.97252015,0,1
2.97302015,0,0
2.97351995,0,1
2.97402,0,0
2.97451975,0,1
2.97501975,0,0
2.97551955,0,1
2.97601955,0,0
2.9765193,0,1
2.97701935,0,0
2.97751905,0,1
2.9780191,0,0
2.9785188,0,1
2.97901875,0,0
2.97951845,0,1
2.9800184,0,0
2.98051815,0,1
2.9810181,0,0
2.98151785,0,1
2.9820178,0,0
2.98251755,0,1
2.98301755,0,0
2.9835173,0,1
2.9840173,0,0
2.984517,0,1
2.985017,0,0
2.9855167,0,1
2.9860167,0,0
2.98651645,0,1
2.9870164,0,0
2.98751615,0,1
2.9880161,0,0
2.9885158,0,1
2.98901575,0,0
2.9895155,0,1
2.99001545,0,0
2.99051525,0,1
2.9910152,0,0
2.99151495,0,1
2.99201495,0,0
2.99251465,0,1
2.99301465,0,0
2.9935144,0,1
2.99401435,0,0
2.9945141,0,1
2.99501405,0,0
2.9955138,0,1
2.99601375,0,0
2.9965135,0,1
2.99701345,0,0
2.9975132,0,1
2.99801315,0,0
2.99851285,0,1
2.9990128,0,0
2.9995125,0,1
3.0000124,0,0
3.00051215,0,1
3.0010121,0,0
3.0015118,0,1
3.00201175,0,0
3.00251145,0,1
3.00301145,0,0
3.0035111,0,1
3.004011,0,0
3.0045107,0,1
3.00501065,0,0
3.00551035,0,1
3.0060103,0,0
3.00651,0,1
3.00700995,0,0
3.00750965,0,1
3.0080096,0,0
3.0085093,0,1
3.00900915,0,0
3.00950885,0,1
3.01000875,0,0
3.01050845,0,1
3.01100835,0,0
3.0115081,0,1
3.01200805,0,0
3.01250775,0,1
3.0130077,0,0
3.0135074,0,1
3.0140073,0,0
3.014507,0,1
3.0150069,0,0
3.0155066,0,1
3.0160065,0,0
3.0165061,0,1
3.01700605,0,0
3.01750575,0,1
3.0180057,0,0
3.0185054,0,1
3.01900535,0,0
3.01950505,0,1
3.020005,0,0
3.0205047,0,1
3.02100465,0,0
3.0215044,0,1
3.0220044,0,0
3.0225041,0,1
3.02300405,0,0
3.0235038,0,1
3.02400375,0,0
3.0245035,0,1
3.02500345,0,0
3.0255032,0,1
3.02600315,0,0
3.02650285,0,1
3.02700285,0,0
3.02750255,0,1
3.0280026,0,0
3.0285023,0,1
3.02900225,0,0
3.029502,0,1
3.0300019,0,0
3.0305016,0,1
3.03100155,0,0
3.0315013,0,1
3.0320013,0,0
3.03250105,0,1
3.03300105,0,0
3.0335008,0,1
3.0340008,0,0
3.03450055,0,1
3.0350005,0,0
3.03550025,0,1
3.03600025,0,0
3.03649995,0,1
3.0369999,0,0
3.0374996,0,1
3.03799955,0,0
3.03849925,0,1
3.0389992,0,0
3.03949885,0,1
3.0399988,0,0
3.04049845,0,1
3.0409984,0,0
3.04149815,0,1
3.04199815,0,0
3.04249785,0,1
3.0429978,0,0
3.0434975,0,1
3.0439975,0,0
3.04449725,0,1
3.0449972,0,0
3.0454969,0,1
3.0459969,0,0
3.0464966,0,1
3.0469966,0,0
3.04749635,0,1
3.04799635,0,0
3.0484961,0,1
3.0489961,0,0
3.0494958,0,1
3.04999575,0,0
3.0504955,0,1
3.05099545,0,0
3.05149515,0,1
3.0519951,0,0
3.05249485,0,1
3.0529948,0,0
3.05349455,0,1
3.0539945,0,0
3.05449415,0,1
3.05499415,0,0
3.0554939,0,1
3.05599385,0,0
3.0564936,0,1
3.0569936,0,0
3.0574933,0,1
3.0579933,0,0
3.05849295,0,1
3.0589929,0,0
3.05949265,0,1
3.0599926,0,0
3.06049235,0,1
3.06099235,0,0
3.06149215,0,1
3.0619922,0,0
3.062492,0,1
3.06299205,0,0
3.06349185,0,1
3.0639919,0,0
3.0644917,0,1
3.06499175,0,0
3.06549155,0,1
3.06599155,0,0
3.0664913,0,1
3.06699135,0,0
3.0674911,0,1
3.0679911,0,0
3.0684909,0,1
3.0689909,0,0
3.0694907,0,1
3.0699907,0,0
3.0704905,0,1
3.0709905,0,0
3.0714903,0,1
3.07199035,0,0
3.0724901,0,1
3.0729901,0,0
3.07348985,0,1
3.07398985,0,0
3.0744896,0,1
3.07498955,0,0
3.0754893,0,1
3.07598935,0,0
3.07648915,0,1
3.0769891,0,0
3.0774888,0,1
3.0779888,0,0
3.0784885,0,1
3.0789885,0,0
3.0794883,0,1
3.07998825,0,0
3.080488,0,1
3.08098795,0,0
3.0814877,0,1
3.08198765,0,0
3.08248735,0,1
3.08298735,0,0
3.0834871,0,1
3.08398705,0,0
3.0844867,0,1
3.08498665,0,0
3.0854864,0,1
3.08598635,0,0
3.086486,0,1
3.08698595,0,0
3.08748565,0,1
3.0879856,0,0
3.0884853,0,1
3.0889852,0,0
3.08948495,0,1
3.08998495,0,0
3.09048465,0,1
3.0909846,0,0
3.0914843,0,1
3.09198425,0,0
3.092484,0,1
3.092984,0,0
3.0934837,0,1
3.09398365,0,0
3.0944834,0,1
3.09498335,0,0
3.0954831,0,1
3.0959831,0,0
3.0964828,0,1
3.09698275,0,0
3.09748245,0,1
3.0979824,0,0
3.0984821,0,1
3.09898205,0,0
3.09948175,0,1
3.0999817,0,0
3.1004814,0,1
3.10098135,0,0
3.1014811,0,1
3.1019811,0,0
3.1024808,0,1
3.10298075,0,0
3.10348045,0,1
3.1039804,0,0
3.1044801,0,1
3.1049801,0,0
3.10547985,0,1
3.1059798,0,0
3.10647955,0,1
3.10697955,0,0
3.1074793,0,1
3.1079793,0,0
3.10847905,0,1
3.108979,0,0
3.10947875,0,1
3.1099787,0,0
3.1104784,0,1
3.11097835,0,0
3.1114781,0,1
3.1119781,0,0
3.11247785,0,1
3.1129779,0,0
3.1134776,0,1
3.1139776,0,0
3.1144773,0,1
3.1149773,0,0
3.11547705,0,1
3.11597705,0,0
3.11647675,0,1
3.11697675,0,0
3.11747645,0,1
3.11797645,0,0
3.11847615,0,1
3.1189761,0,0
3.11947585,0,1
3.11997585,0,0
3.1204756,0,1
3.12097555,0,0
3.1214753,0,1
3.1219753,0,0
3.122475,0,1
3.122975,0,0
3.1234747,0,1
3.1239747,0,0
3.12447445,0,1
3.12497445,0,0
3.1254742,0,1
3.12597415,0,0
3.1264739,0,1
3.12697385,0,0
3.12747355,0,1
3.12797345,0,0
3.12847315,0,1
3.12897305,0,0
3.12947275,0,1
3.1299727,0,0
3.1304724,0,1
3.13097235,0,0
3.1314721,0,1
3.1319721,0,0
3.1324718,0,1
3.1329718,0,0
3.13347155,0,1
3.1339715,0,0
3.1344712,0,1
3.1349712,0,0
3.13547095,0,1
3.1359709,0,0
3.1364706,0,1
3.1369706,0,0
3.1374703,0,1
3.1379703,0,0
3.13847,0,1
3.13897,0,0
3.1394698,0,1
3.1399698,0,0
3.14046955,0,1
3.14096955,0,0
3.14146925,0,1
3.1419692,0,0
3.1424689,0,1
3.14296885,0,0
3.1434686,0,1
3.14396855,0,0
3.14446825,0,1
3.14496815,0,0
3.1454679,0,1
3.14596785,0,0
3.14646755,0,1
3.1469675,0,0
3.14746725,0,1
3.1479672,0,0
3.14846695,0,1
3.1489669,0,0
3.1494666,0,1
3.1499665,0,0
3.1504662,0,1
3.1509662,0,0
3.1514659,0,1
3.15196585,0,0
3.1524656,0,1
3.15296555,0,0
3.15346525,0,1
3.1539652,0,0
3.1544649,0,1
3.15496485,0,0
3.15546455,0,1
3.1559645,0,0
3.1564642,0,1
3.15696415,0,0
3.15746385,0,1
3.15796385,0,0
3.15846355,0,1
3.15896355,0,0
3.15946325,0,1
3.15996315,0,0
3.16046285,0,1
3.1609628,0,0
3.16146255,0,1
3.1619625,0,0
3.1624622,0,1
3.1629622,0,0
3.1634619,0,1
3.16396185,0,0
3.1644616,0,1
3.16496155,0,0
3.16546125,0,1
3.1659612,0,0
3.1664609,0,1
3.1669609,0,0
3.1674607,0,1
3.16796065,0,0
3.1684604,0,1
3.1689604,0,0
3.16946015,0,1
3.16996015,0,0
3.1704599,0,1
3.1709599,0,0
3.17145965,0,1
3.1719596,0,0
3.17245935,0,1
3.1729593,0,0
3.1734591,0,1
3.1739591,0,0
3.17445885,0,1
3.1749588,0,0
3.17545855,0,1
3.1759586,0,0
3.1764583,0,1
3.1769583,0,0
3.17745805,0,1
3.17795805,0,0
3.17845775,0,1
3.17895775,0,0
3.1794575,0,1
3.1799575,0,0
3.18045725,0,1
3.1809572,0,0
3.18145695,0,1
3.18195695,0,0
3.1824567,0,1
3.18295665,0,0
3.1834564,0,1
3.1839564,0,0
3.18445615,0,1
3.18495615,0,0
3.1854559,0,1
3.18595585,0,0
3.1864556,0,1
3.18695555,0,0
3.18745535,0,1
3.1879554,0,0
3.1884552,0,1
3.18895525,0,0
3.189455,0,1
3.18995505,0,0
3.1904549,0,1
3.1909549,0,0
3.19145465,0,1
3.19195465,0,0
3.1924545,0,1
3.1929545,0,0
3.19345425,0,1
3.1939543,0,0
3.19445405,0,1
3.1949541,0,0
3.19545385,0,1
3.1959539,0,0
3.1964537,0,1
3.1969537,0,0
3.1974535,0,1
3.19795355,0,0
3.19845335,0,1
3.1989534,0,0
3.19945315,0,1
3.19995315,0,0
3.20045295,0,1
3.20095295,0,0
3.2014528,0,1
3.2019528,0,0
3.2024526,0,1
3.2029526,0,0
3.20345235,0,1
3.2039524,0,0
3.2044522,0,1
3.2049522,0,0
3.205452,0,1
3.20595205,0,0
3.20645185,0,1
3.20695185,0,0
3.2074517,0,1
3.2079517,0,0
3.20845155,0,1
3.2089516,0,0
3.2094514,0,1
3.20995145,0,0
3.21045125,0,1
3.2109513,0,0
3.2114511,0,1
3.2119512,0,0
3.212451,0,1
3.21295105,0,0
3.21345085,0,1
3.21395085,0,0
3.21445065,0,1
3.2149507,0,0
3.21545045,0,1
3.21595045,0,0
3.21645025,0,1
3.2169503,0,0
3.21745015,0,1
3.2179502,0,0
3.2184499,0,1
3.21894995,0,0
3.2194497,0,1
3.21994975,0,0
3.22044955,0,1
3.2209496,0,0
3.22144935,0,1
3.2219494,0,0
3.2224492,0,1
3.22294925,0,0
3.22344905,0,1
3.2239491,0,0
3.22444885,0,1
3.22494885,0,0
3.22544865,0,1
3.2259487,0,0
3.22644845,0,1
3.22694845,0,0
3.22744825,0,1
3.22794825,0,0
3.228448,0,1
3.22894805,0,0
3.2294478,0,1
3.2299478,0,0
3.23044755,0,1
3.23094755,0,0
3.2314473,0,1
3.2319473,0,0
3.23244705,0,1
3.23294705,0,0
3.2334468,0,1
3.2339468,0,0
3.23444655,0,1
3.2349466,0,0
3.2354464,0,1
3.2359464,0,0
3.2364462,0,1
3.23694625,0,0
3.237446,0,1
3.237946,0,0
3.2384458,0,1
3.2389458,0,0
3.23944555,0,1
3.23994555,0,0
3.24044535,0,1
3.24094535,0,0
3.24144515,0,1
3.2419452,0,0
3.24244495,0,1
3.242945,0,0
3.2434448,0,1
3.2439448,0,0
3.2444446,0,1
3.2449447,0,0
3.2454445,0,1
3.24594455,0,0
3.24644435,0,1
3.24694435,0,0
3.24744415,0,1
3.2479442,0,0
3.248444,0,1
3.24894405,0,0
3.2494439,0,1
3.24994395,0,0
3.2504437,0,1
3.2509438,0,0
3.25144365,0,1
3.2519437,0,0
3.2524435,0,1
3.25294355,0,0
3.25344335,0,1
3.25394335,0,0
3.25444315,0,1
3.25494315,0,0
3.25544295,0,1
3.25594295,0,0
3.2564427,0,1
3.2569427,0,0
3.2574424,0,1
3.2579424,0,0
3.2584422,0,1
3.2589422,0,0
3.25944195,0,1
3.2599419,0,0
3.26044165,0,1
3.26094165,0,0
3.2614414,0,1
3.26194135,0,0
3.2624411,0,1
3.2629411,0,0
3.26344085,0,1
3.2639408,0,0
3.26444055,0,1
3.2649406,0,0
3.26544035,0,1
3.2659404,0,0
3.2664402,0,1
3.26694025,0,0
3.26744,0,1
3.26794005,0,0
3.26843985,0,1
3.26893985,0,0
3.26943965,0,1
3.26993965,0,0
3.27043945,0,1
3.2709395,0,0
3.2714393,0,1
3.2719393,0,0
3.2724391,0,1
3.2729391,0,0
3.2734389,0,1
3.2739389,0,0
3.2744387,0,1
3.2749387,0,0
3.2754385,0,1
3.27593855,0,0
3.2764383,0,1
3.27693835,0,0
3.27743815,0,1
3.27793815,0,0
3.2784379,0,1
3.2789379,0,0
3.2794377,0,1
3.2799377,0,0
3.28043745,0,1
3.2809375,0,0
3.28143725,0,1
3.28193725,0,0
3.282437,0,1
3.282937,0,0
3.2834368,0,1
3.28393685,0,0
3.2844366,0,1
3.2849366,0,0
3.28543635,0,1
3.2859364,0,0
3.28643615,0,1
3.2869362,0,0
3.287436,0,1
3.287936,0,0
3.28843585,0,1
3.2889359,0,0
3.2894357,0,1
3.28993575,0,0
3.2904355,0,1
3.2909355,0,0
3.29143525,0,1
3.2919353,0,0
3.292435,0,1
3.292935,0,0
3.2934347,0,1
3.29393465,0,0
3.2944344,0,1
3.29493445,0,0
3.29543425,0,1
3.29593425,0,0
3.296434,0,1
3.29693405,0,0
3.29743385,0,1
3.2979339,0,0
3.2984337,0,1
3.29893375,0,0
3.29943355,0,1
3.2999336,0,0
3.30043335,0,1
3.30093335,0,0
3.3014331,0,1
3.3019331,0,0
3.30243285,0,1
3.3029329,0,0
3.3034326,0,1
3.3039326,0,0
3.3044324,0,1
3.3049324,0,0
3.3054322,0,1
3.3059322,0,0
3.30643195,0,1
3.306932,0,0
3.30743175,0,1
3.30793175,0,0
3.30843145,0,1
3.30893145,0,0
3.3094312,0,1
3.30993125,0,0
3.31043105,0,1
3.3109311,0,0
3.3114309,0,1
3.31193095,0,0
3.31243075,0,1
3.3129308,0,0
3.3134306,0,1
3.31393065,0,0
3.3144305,0,1
3.3149306,0,0
3.3154304,0,1
3.31593045,0,0
3.31643015,0,1
3.31693015,0,0
3.31742995,0,1
3.31793,0,0
3.3184298,0,1
3.3189298,0,0
3.31942955,0,1
3.31992955,0,0
3.32042935,0,1
3.3209294,0,0
3.32142915,0,1
3.3219292,0,0
3.322429,0,1
3.322929,0,0
3.3234288,0,1
3.3239288,0,0
3.3244286,0,1
3.32492865,0,0
3.3254284,0,1
3.3259284,0,0
3.3264282,0,1
3.32692815,0,0
3.3274279,0,1
3.3279279,0,0
3.32842765,0,1
3.32892765,0,0
3.3294274,0,1
3.32992735,0,0
3.33042715,0,1
3.3309272,0,0
3.33142705,0,1
3.33192705,0,0
3.3324268,0,1
3.3329268,0,0
3.33342655,0,1
3.33392655,0,0
3.3344263,0,1
3.3349263,0,0
3.33542605,0,1
3.335926,0,0
3.33642575,0,1
3.33692575,0,0
3.3374255,0,1
3.3379255,0,0
3.3384252,0,1
3.3389252,0,0
3.33942495,0,1
3.339925,0,0
3.34042475,0,1
3.3409248,0,0
3.34142455,0,1
3.34192455,0,0
3.34242435,0,1
3.3429244,0,0
3.3434242,0,1
3.3439242,0,0
3.344424,0,1
3.34492405,0,0
3.34542385,0,1
3.3459239,0,0
3.3464237,0,1
3.34692375,0,0
3.34742355,0,1
3.34792355,0,0
3.34842335,0,1
3.34892335,0,0
3.3494231,0,1
3.34992315,0,0
3.3504229,0,1
3.3509229,0,0
3.35142265,0,1
3.35192265,0,0
3.35242245,0,1
3.3529225,0,0
3.3534223,0,1
3.3539224,0,0
3.3544222,0,1
3.3549222,0,0
3.35542195,0,1
3.355922,0,0
3.35642175,0,1
3.35692175,0,0
3.35742145,0,1
3.35792145,0,0
3.3584212,0,1
3.3589212,0,0
3.359421,0,1
3.359921,0,0
3.3604207,0,1
3.3609207,0,0
3.3614204,0,1
3.36192035,0,0
3.3624201,0,1
3.3629201,0,0
3.36341985,0,1
3.36391985,0,0
3.36441965,0,1
3.36491965,0,0
3.36541945,0,1
3.36591945,0,0
3.3664192,0,1
3.36691915,0,0
3.36741885,0,1
3.36791885,0,0
3.3684186,0,1
3.36891855,0,0
3.3694183,0,1
3.36991825,0,0
3.370418,0,1
3.370918,0,0
3.37141775,0,1
3.37191775,0,0
3.37241755,0,1
3.37291755,0,0
3.37341725,0,1
3.3739172,0,0
3.37441695,0,1
3.37491695,0,0
3.37541665,0,1
3.3759167,0,0
3.3764164,0,1
3.3769164,0,0
3.3774162,0,1
3.3779162,0,0
3.37841595,0,1
3.378916,0,0
3.37941575,0,1
3.37991575,0,0
3.38041555,0,1
3.38091555,0,0
3.3814153,0,1
3.38191535,0,0
3.38241505,0,1
3.382915,0,0
3.38341475,0,1
3.3839147,0,0
3.3844144,0,1
3.3849144,0,0
3.38541415,0,1
3.3859142,0,0
3.38641395,0,1
3.38691395,0,0
3.3874137,0,1
3.38791375,0,0
3.3884135,0,1
3.3889135,0,0
3.38941325,0,1
3.3899133,0,0
3.3904131,0,1
3.3909131,0,0
3.3914128,0,1
3.3919128,0,0
3.3924125,0,1
3.39291245,0,0
3.3934122,0,1
3.3939122,0,0
3.39441185,0,1
3.39491185,0,0
3.3954116,0,1
3.39591155,0,0
3.3964113,0,1
3.3969113,0,0
3.397411,0,1
3.397911,0,0
3.3984107,0,1
3.3989107,0,0
3.39941045,0,1
3.39991045,0,0
3.4004102,0,1
3.4009102,0,0
3.40140995,0,1
3.40190995,0,0
3.4024097,0,1
3.4029097,0,0
3.40340945,0,1
3.40390945,0,0
3.4044092,0,1
3.4049092,0,0
3.4054089,0,1
3.40590895,0,0
3.4064087,0,1
3.4069087,0,0
3.40740845,0,1
3.4079084,0,0
3.4084082,0,1
3.4089082,0,0
3.409408,0,1
3.409908,0,0
3.4104077,0,1
3.4109077,0,0
3.4114074,0,1
3.4119074,0,0
3.4124071,0,1
3.4129071,0,0
3.41340685,0,1
3.41390685,0,0
3.4144066,0,1
3.41490655,0,0
3.4154063,0,1
3.4159063,0,0
3.41640605,0,1
3.41690605,0,0
3.4174058,0,1
3.4179058,0,0
3.41840555,0,1
3.41890555,0,0
3.4194053,0,1
3.4199053,0,0
3.42040505,0,1
3.42090505,0,0
3.4214048,0,1
3.4219048,0,0
3.4224045,0,1
3.4229045,0,0
3.4234043,0,1
3.42390425,0,0
3.42440405,0,1
3.42490405,0,0
3.4254038,0,1
3.4259038,0,0
3.42640355,0,1
3.42690355,0,0
3.4274033,0,1
3.4279033,0,0
3.42840305,0,1
3.428903,0,0
3.42940275,0,1
3.4299027,0,0
3.43040245,0,1
3.4309025,0,0
3.43140225,0,1
3.4319023,0,0
3.43240205,0,1
3.43290205,0,0
3.43340185,0,1
3.4339018,0,0
3.43440145,0,1
3.43490145,0,0
3.43540115,0,1
3.4359012,0,0
3.43640095,0,1
3.43690095,0,0
3.4374007,0,1
3.4379007,0,0
3.4384005,0,1
3.4389005,0,0
3.43940025,0,1
3.43990025,0,0
3.44040005,0,1
3.44090005,0,0
3.44139975,0,1
3.44189975,0,0
3.44239945,0,1
3.44289945,0,0
3.44339915,0,1
3.4438991,0,0
3.44439875,0,1
3.44489875,0,0
3.44539845,0,1
3.4458984,0,0
3.44639815,0,1
3.4468981,0,0
3.44739785,0,1
3.44789785,0,0
3.4483976,0,1
3.4488976,0,0
3.4493973,0,1
3.4498973,0,0
3.45039705,0,1
3.45089705,0,0
3.4513968,0,1
3.4518968,0,0
3.4523965,0,1
3.4528965,0,0
3.4533962,0,1
3.4538962,0,0
3.4543959,0,1
3.4548959,0,0
3.4553956,0,1
3.45589555,0,0
3.4563953,0,1
3.4568953,0,0
3.45739505,0,1
3.45789505,0,0
3.45839475,0,1
3.45889475,0,0
3.45939445,0,1
3.4598944,0,0
3.46039415,0,1
3.4608941,0,0
3.46139375,0,1
3.4618937,0,0
3.4623934,0,1
3.46289335,0,0
3.4633931,0,1
3.4638931,0,0
3.4643928,0,1
3.4648928,0,0
3.4653925,0,1
3.4658925,0,0
3.4663922,0,1
3.46689215,0,0
3.4673919,0,1
3.4678918,0,0
3.46839155,0,1
3.4688915,0,0
3.4693912,0,1
3.46989115,0,0
3.47039085,0,1
3.4708908,0,0
3.4713905,0,1
3.4718905,0,0
3.4723902,0,1
3.47289015,0,0
3.47338985,0,1
3.47388985,0,0
3.4743896,0,1
3.47488955,0,0
3.47538925,0,1
3.4758892,0,0
3.4763889,0,1
3.4768889,0,0
3.4773886,0,1
3.47788855,0,0
3.47838825,0,1
3.4788882,0,0
3.4793879,0,1
3.47988785,0,0
3.48038755,0,1
3.48088745,0,0
3.48138715,0,1
3.48188715,0,0
3.48238685,0,1
3.48288685,0,0
3.48338655,0,1
3.48388655,0,0
3.48438625,0,1
3.4848862,0,0
3.48538595,0,1
3.4858859,0,0
3.4863856,0,1
3.4868855,0,0
3.48738525,0,1
3.4878852,0,0
3.48838495,0,1
3.4888849,0,0
3.48938465,0,1
3.48988465,0,0
3.4903844,0,1
3.49088435,0,0
3.4913841,0,1
3.49188405,0,0
3.49238375,0,1
3.4928837,0,0
3.49338345,0,1
3.4938834,0,0
3.4943831,0,1
3.49488305,0,0
3.4953828,0,1
3.49588275,0,0
3.49638245,0,1
3.49688245,0,0
3.49738215,0,1
3.4978821,0,0
3.49838185,0,1
3.4988818,0,0
3.49938155,0,1
3.4998816,0,0
3.5003813,0,1
3.5008813,0,0
3.50138105,0,1
3.50188105,0,0
3.50238075,0,1
3.50288075,0,0
3.5033804,0,1
3.5038804,0,0
3.5043801,0,1
3.5048801,0,0
3.50537985,0,1
3.5058798,0,0
3.5063795,0,1
3.5068795,0,0
3.50737925,0,1
3.5078792,0,0
3.5083789,0,1
3.50887885,0,0
3.50937855,0,1
3.5098785,0,0
3.5103782,0,1
3.5108782,0,0
3.51137795,0,1
3.51187795,0,0
3.5123777,0,1
3.5128777,0,0
3.51337745,0,1
3.5138774,0,0
3.51437705,0,1
3.514877,0,0
3.51537675,0,1
3.5158768,0,0
3.51637655,0,1
3.5168765,0,0
3.5173762,0,1
3.51787615,0,0
3.51837585,0,1
3.5188758,0,0
3.5193755,0,1
3.51987545,0,0
3.52037515,0,1
3.52087515,0,0
3.5213749,0,1
3.5218749,0,0
3.52237465,0,1
3.52287465,0,0
3.52337435,0,1
3.52387435,0,0
3.52437405,0,1
3.52487405,0,0
3.52537375,0,1
3.52587375,0,0
3.52637345,0,1
3.5268734,0,0
3.5273731,0,1
3.5278731,0,0
3.52837285,0,1
3.52887285,0,0
3.52937265,0,1
3.52987265,0,0
3.5303724,0,1
3.5308724,0,0
3.5313721,0,1
3.5318721,0,0
3.53237185,0,1
3.5328719,0,0
3.53337165,0,1
3.53387165,0,0
3.5343714,0,1
3.5348714,0,0
3.53537115,0,1
3.53587115,0,0
3.53637095,0,1
3.53687095,0,0
3.53737075,0,1
3.53787075,0,0
3.5383705,0,1
3.53887055,0,0
3.53937035,0,1
3.53987035,0,0
3.5403701,0,1
3.54087015,0,0
3.5413699,0,1
3.5418699,0,0
3.54236965,0,1
3.54286965,0,0
3.5433694,0,1
3.5438694,0,0
3.5443691,0,1
3.5448691,0,0
3.5453688,0,1
3.5458688,0,0
3.54636855,0,1
3.54686855,0,0
3.54736835,0,1
3.5478684,0,0
3.54836815,0,1
3.54886815,0,0
3.5493679,0,1
3.54986785,0,0
3.55036755,0,1
3.55086755,0,0
3.5513673,0,1
3.55186725,0,0
3.552367,0,1
3.552867,0,0
3.5533668,0,1
3.55386685,0,0
3.55436655,0,1
3.5548666,0,0
3.55536635,0,1
3.5558664,0,0
3.55636615,0,1
3.55686615,0,0
3.55736585,0,1
3.55786585,0,0
3.5583656,0,1
3.55886555,0,0
3.55936535,0,1
3.5598653,0,0
3.56036505,0,1
3.560865,0,0
3.56136475,0,1
3.56186475,0,0
3.56236445,0,1
3.5628644,0,0
3.5633642,0,1
3.56386415,0,0
3.56436395,0,1
3.5648639,0,0
3.56536365,0,1
3.5658637,0,0
3.5663634,0,1
3.5668634,0,0
3.5673632,0,1
3.5678632,0,0
3.568363,0,1
3.56886305,0,0
3.5693628,0,1
3.5698628,0,0
3.57036255,0,1
3.5708625,0,0
3.5713622,0,1
3.57186215,0,0
3.5723619,0,1
3.5728619,0,0
3.57336165,0,1
3.57386165,0,0
3.5743614,0,1
3.57486145,0,0
3.5753612,0,1
3.57586115,0,0
3.57636085,0,1
3.5768608,0,0
3.57736055,0,1
3.57786055,0,0
3.5783603,0,1
3.57886025,0,0
3.57936,0,1
3.57986,0,0
3.5803598,0,1
3.5808598,0,0
3.5813596,0,1
3.5818596,0,0
3.5823593,0,1
3.58285925,0,0
3.583359,0,1
3.583859,0,0
3.58435875,0,1
3.5848587,0,0
3.58535845,0,1
3.5858584,0,0
3.5863581,0,1
3.5868581,0,0
3.5873578,0,1
3.5878578,0,0
3.58835755,0,1
3.5888575,0,0
3.58935725,0,1
3.58985715,0,0
3.5903569,0,1
3.59085685,0,0
3.59135655,0,1
3.5918565,0,0
3.5923562,0,1
3.5928561,0,0
3.5933558,0,1
3.59385565,0,0
3.5943553,0,1
3.59485525,0,0
3.59535495,0,1
3.59585495,0,0
3.5963547,0,1
3.5968547,0,0
3.5973545,0,1
3.59785445,0,0
3.5983542,0,1
3.59885415,0,0
3.5993539,0,1
3.59985395,0,0
3.60035375,0,1
3.60085375,0,0
3.60135355,0,1
3.6018536,0,0
3.60235335,0,1
3.60285335,0,0
3.6033531,0,1
3.6038531,0,0
3.60435285,0,1
3.60485285,0,0
3.60535255,0,1
3.60585255,0,0
3.6063523,0,1
3.60685225,0,0
3.607352,0,1
3.607852,0,0
3.6083517,0,1
3.60885165,0,0
3.6093514,0,1
3.60985135,0,0
3.6103511,0,1
3.61085105,0,0
3.6113508,0,1
3.6118508,0,0
3.61235055,0,1
3.61285055,0,0
3.61335025,0,1
3.61385025,0,0
3.61434995,0,1
3.6148499,0,0
3.6153496,0,1
3.6158496,0,0
3.6163493,0,1
3.61684925,0,0
3.61734895,0,1
3.61784895,0,0
3.6183487,0,1
3.6188487,0,0
3.6193484,0,1
3.61984845,0,0
3.62034815,0,1
3.62084805,0,0
3.6213478,0,1
3.62184775,0,0
3.62234745,0,1
3.6228474,0,0
3.62334715,0,1
3.6238471,0,0
3.62434685,0,1
3.6248468,0,0
3.62534655,0,1
3.62584655,0,0
3.6263463,0,1
3.6268463,0,0
3.6273461,0,1
3.6278461,0,0
3.6283458,0,1
3.6288458,0,0
3.6293455,0,1
3.6298455,0,0
3.63034525,0,1
3.63084525,0,0
3.631345,0,1
3.631845,0,0
3.63234475,0,1
3.63284475,0,0
3.6333445,0,1
3.6338445,0,0
3.63434425,0,1
3.6348443,0,0
3.63534405,0,1
3.63584405,0,0
3.6363438,0,1
3.63684385,0,0
3.63734365,0,1
3.6378436,0,0
3.6383434,0,1
3.6388434,0,0
3.6393432,0,1
3.63984325,0,0
3.64034305,0,1
3.64084305,0,0
3.6413428,0,1
3.6418428,0,0
3.64234255,0,1
3.64284255,0,0
3.64334235,0,1
3.64384235,0,0
3.6443421,0,1
3.6448421,0,0
3.6453419,0,1
3.64584195,0,0
3.64634175,0,1
3.6468418,0,0
3.6473416,0,1
3.64784165,0,0
3.64834145,0,1
3.6488415,0,0
3.64934125,0,1
3.6498413,0,0
3.65034105,0,1
3.6508411,0,0
3.65134085,0,1
3.65184085,0,0
3.6523406,0,1
3.6528406,0,0
3.6533404,0,1
3.6538404,0,0
3.65434015,0,1
3.6548402,0,0
3.65533995,0,1
3.65583995,0,0
3.6563397,0,1
3.6568397,0,0
3.6573394,0,1
3.65783945,0,0
3.6583392,0,1
3.6588392,0,0
3.65933895,0,1
3.65983895,0,0
3.6603387,0,1
3.66083865,0,0
3.66133835,0,1
3.6618383,0,0
3.66233805,0,1
3.662838,0,0
3.66333775,0,1
3.6638377,0,0
3.6643375,0,1
3.66483745,0,0
3.66533725,0,1
3.66583725,0,0
3.66633695,0,1
3.66683695,0,0
3.6673367,0,1
3.6678367,0,0
3.66833645,0,1
3.66883645,0,0
3.6693362,0,1
3.6698362,0,0
3.67033595,0,1
3.670836,0,0
3.67133575,0,1
3.67183575,0,0
3.67233555,0,1
3.67283555,0,0
3.6733353,0,1
3.67383535,0,0
3.6743351,0,1
3.6748351,0,0
3.67533475,0,1
3.6758347,0,0
3.6763344,0,1
3.67683435,0,0
3.6773341,0,1
3.6778341,0,0
3.6783338,0,1
3.6788338,0,0
3.67933355,0,1
3.67983355,0,0
3.6803333,0,1
3.6808333,0,0
3.68133305,0,1
3.681833,0,0
3.68233275,0,1
3.68283275,0,0
3.68333245,0,1
3.68383245,0,0
3.68433225,0,1
3.6848323,0,0
3.68533205,0,1
3.6858321,0,0
3.6863319,0,1
3.68683195,0,0
3.68733165,0,1
3.68783165,0,0
3.6883314,0,1
3.6888314,0,0
3.6893311,0,1
3.6898311,0,0
3.6903309,0,1
3.6908309,0,0
3.69133065,0,1
3.6918307,0,0
3.6923305,0,1
3.69283055,0,0
3.69333035,0,1
3.69383045,0,0
3.69433025,0,1
3.69483035,0,0
3.69533015,0,1
3.6958302,0,0
3.69633,0,1
3.69683005,0,0
3.69732985,0,1
3.69782985,0,0
3.69832965,0,1
3.6988297,0,0
3.6993295,0,1
3.69982955,0,0
3.7003293,0,1
3.70082935,0,0
3.70132915,0,1
3.70182915,0,0
3.70232895,0,1
3.702829,0,0
3.70332875,0,1
3.7038288,0,0
3.7043286,0,1
3.7048286,0,0
3.7053284,0,1
3.7058284,0,0
3.70632815,0,1
3.7068281,0,0
3.70732785,0,1
3.7078278,0,0
3.70832755,0,1
3.70882755,0,0
3.7093273,0,1
3.7098273,0,0
3.71032705,0,1
3.710827,0,0
3.7113267,0,1
3.7118267,0,0
3.7123264,0,1
3.7128264,0,0
3.7133261,0,1
3.7138261,0,0
3.7143258,0,1
3.71482575,0,0
3.7153255,0,1
3.7158255,0,0
3.71632525,0,1
3.71682525,0,0
3.717325,0,1
3.717825,0,0
3.71832475,0,1
3.71882475,0,0
3.7193244,0,1
3.7198244,0,0
3.7203241,0,1
3.72082405,0,0
3.72132375,0,1
3.72182375,0,0
3.7223235,0,1
3.7228235,0,0
3.72332325,0,1
3.72382325,0,0
3.724323,0,1
3.72482305,0,0
3.7253228,0,1
3.7258228,0,0
3.72632255,0,1
3.7268225,0,0
3.7273222,0,1
3.72782215,0,0
3.72832195,0,1
3.72882195,0,0
3.7293217,0,1
3.7298217,0,0
3.7303215,0,1
3.7308215,0,0
3.7313213,0,1
3.7318213,0,0
3.7323211,0,1
3.73282105,0,0
3.7333208,0,1
3.73382085,0,0
3.73432055,0,1
3.73482055,0,0
3.7353203,0,1
3.7358203,0,0
3.73632,0,1
3.73682,0,0
3.73731975,0,1
3.7378198,0,0
3.73831955,0,1
3.73881955,0,0
3.7393193,0,1
3.7398193,0,0
3.74031905,0,1
3.74081905,0,0
3.7413188,0,1
3.7418188,0,0
3.74231855,0,1
3.74281855,0,0
3.74331835,0,1
3.7438184,0,0
3.74431815,0,1
3.74481815,0,0
3.74531795,0,1
3.745818,0,0
3.74631775,0,1
3.7468178,0,0
3.7473176,0,1
3.7478176,0,0
3.74831735,0,1
3.74881735,0,0
3.7493171,0,1
3.74981715,0,0
3.7503169,0,1
3.7508169,0,0
3.75131665,0,1
3.75181665,0,0
3.75231645,0,1
3.7528165,0,0
3.7533163,0,1
3.7538163,0,0
3.75431615,0,1
3.7548161,0,0
3.7553159,0,1
3.7558159,0,0
3.75631575,0,1
3.7568158,0,0
3.75731555,0,1
3.7578156,0,0
3.75831535,0,1
3.75881535,0,0
3.7593151,0,1
3.75981505,0,0
3.76031475,0,1
3.76081475,0,0
3.76131445,0,1
3.76181445,0,0
3.76231415,0,1
3.76281415,0,0
3.7633139,0,1
3.7638139,0,0
3.76431365,0,1
3.76481365,0,0
3.7653134,0,1
3.76581335,0,0
3.76631315,0,1
3.76681315,0,0
3.7673129,0,1
3.7678129,0,0
3.76831265,0,1
3.7688127,0,0
3.76931245,0,1
3.7698125,0,0
3.7703123,0,1
3.77081235,0,0
3.77131205,0,1
3.77181205,0,0
3.7723118,0,1
3.77281185,0,0
3.77331165,0,1
3.77381165,0,0
3.77431135,0,1
3.77481135,0,0
3.7753111,0,1
3.7758111,0,0
3.7763109,0,1
3.77681095,0,0
3.77731075,0,1
3.7778108,0,0
3.7783106,0,1
3.77881065,0,0
3.77931045,0,1
3.7798105,0,0
3.78031035,0,1
3.78081035,0,0
3.78131015,0,1
3.78181015,0,0
3.78230995,0,1
3.78281,0,0
3.78330975,0,1
3.78380975,0,0
3.78430955,0,1
3.7848096,0,0
3.7853094,0,1
3.78580945,0,0
3.7863092,0,1
3.78680925,0,0
3.78730905,0,1
3.7878091,0,0
3.7883089,0,1
3.7888089,0,0
3.78930865,0,1
3.78980865,0,0
3.7903084,0,1
3.79080845,0,0
3.7913083,0,1
3.79180835,0,0
3.79230815,0,1
3.7928082,0,0
3.79330795,0,1
3.79380805,0,0
3.79430785,0,1
3.79480785,0,0
3.7953076,0,1
3.79580765,0,0
3.7963074,0,1
3.79680745,0,0
3.7973072,0,1
3.7978072,0,0
3.798307,0,1
3.79880705,0,0
3.79930685,0,1
3.7998069,0,0
3.80030665,0,1
3.8008067,0,0
3.8013065,0,1
3.80180655,0,0
3.8023063,0,1
3.80280635,0,0
3.80330615,0,1
3.8038062,0,0
3.80430595,0,1
3.804806,0,0
3.8053058,0,1
3.80580585,0,0
3.8063057,0,1
3.8068058,0,0
3.8073056,0,1
3.80780565,0,0
3.8083055,0,1
3.8088056,0,0
3.8093054,0,1
3.80980545,0,0
3.8103053,0,1
3.81080535,0,0
3.8113051,0,1
3.81180515,0,0
3.81230495,0,1
3.81280495,0,0
3.81330475,0,1
3.8138048,0,0
3.8143046,0,1
3.8148046,0,0
3.8153044,0,1
3.81580445,0,0
3.81630425,0,1
3.8168043,0,0
3.8173041,0,1
3.8178042,0,0
3.818304,0,1
3.8188041,0,0
3.81930395,0,1
3.819804,0,0
3.82030385,0,1
3.82080395,0,0
3.8213037,0,1
3.8218037,0,0
3.8223034,0,1
3.82280345,0,0
3.82330325,0,1
3.8238033,0,0
3.8243031,0,1
3.82480315,0,0
3.825303,0,1
3.8258031,0,0
3.8263029,0,1
3.82680295,0,0
3.8273028,0,1
3.82780285,0,0
3.82830265,0,1
3.8288028,0,0
3.82930265,0,1
3.82980275,0,0
3.83030265,0,1
3.8308028,0,0
3.83130265,0,1
3.8318028,0,0
3.83230265,0,1
3.8328027,0,0
3.83330255,0,1
3.83380265,0,0
3.8343025,0,1
3.83480255,0,0
3.83530235,0,1
3.83580245,0,0
3.83630225,0,1
3.8368023,0,0
3.8373021,0,1
3.83780215,0,0
3.83830195,0,1
3.83880195,0,0
3.83930175,0,1
3.83980175,0,0
3.84030155,0,1
3.84080155,0,0
3.84130135,0,1
3.84180135,0,0
3.84230115,0,1
3.84280115,0,0
3.8433009,0,1
3.8438009,0,0
3.84430065,0,1
3.8448007,0,0
3.8453005,0,1
3.8458005,0,0
3.8463003,0,1
3.8468003,0,0
3.8473001,0,1
3.84780015,0,0
3.84829995,0,1
3.84879995,0,0
3.84929975,0,1
3.84979985,0,0
3.85029965,0,1
3.8507997,0,0
3.8512995,0,1
3.85179955,0,0
3.8522993,0,1
3.8527993,0,0
3.8532991,0,1
3.8537992,0,0
3.854299,0,1
3.85479905,0,0
3.85529885,0,1
3.8557989,0,0
3.85629875,0,1
3.8567988,0,0
3.8572986,0,1
3.8577987,0,0
3.85829855,0,1
3.85879855,0,0
3.85929835,0,1
3.85979835,0,0
3.86029815,0,1
3.8607982,0,0
3.86129805,0,1
3.8617981,0,0
3.86229795,0,1
3.862798,0,0
3.8632978,0,1
3.86379785,0,0
3.86429765,0,1
3.8647977,0,0
3.8652975,0,1
3.8657975,0,0
3.8662973,0,1
3.8667974,0,0
3.8672972,0,1
3.8677973,0,0
3.8682971,0,1
3.86879725,0,0
3.86929705,0,1
3.8697971,0,0
3.87029685,0,1
3.87079695,0,0
3.8712968,0,1
3.87179685,0,0
3.8722967,0,1
3.87279675,0,0
3.8732966,0,1
3.8737966,0,0
3.87429635,0,1
3.87479635,0,0
3.8752962,0,1
3.87579625,0,0
3.8762961,0,1
3.87679615,0,0
3.877296,0,1
3.877796,0,0
3.87829585,0,1
3.8787959,0,0
3.87929575,0,1
3.87979585,0,0
3.8802957,0,1
3.8807958,0,0
3.88129565,0,1
3.88179575,0,0
3.8822956,0,1
3.88279565,0,0
3.8832955,0,1
3.88379555,0,0
3.88429535,0,1
3.8847954,0,0
3.8852952,0,1
3.88579525,0,0
3.88629505,0,1
3.8867951,0,0
3.8872949,0,1
3.887795,0,0
3.8882948,0,1
3.8887949,0,0
3.88929475,0,1
3.8897948,0,0
3.89029465,0,1
3.89079475,0,0
3.89129455,0,1
3.89179465,0,0
3.8922945,0,1
3.8927946,0,0
3.8932945,0,1
3.89379455,0,0
3.89429445,0,1
3.8947945,0,0
3.89529435,0,1
3.89579435,0,0
3.89629415,0,1
3.89679425,0,0
3.897294,0,1
3.897794,0,0
3.8982938,0,1
3.8987938,0,0
3.8992936,0,1
3.8997936,0,0
3.9002934,0,1
3.9007934,0,0
3.90129315,0,1
3.90179315,0,0
3.9022929,0,1
3.90279285,0,0
3.90329265,0,1
3.90379265,0,0
3.90429245,0,1
3.90479245,0,0
3.90529215,0,1
3.90579215,0,0
3.9062919,0,1
3.90679195,0,0
3.9072917,0,1
3.9077918,0,0
3.90829165,0,1
3.90879165,0,0
3.90929145,0,1
3.9097915,0,0
3.91029135,0,1
3.9107914,0,0
3.9112912,0,1
3.91179125,0,0
3.91229105,0,1
3.9127911,0,0
3.91329085,0,1
3.91379085,0,0
3.91429055,0,1
3.91479055,0,0
3.9152903,0,1
3.91579025,0,0
3.91628995,0,1
3.9167899,0,0
3.9172896,0,1
3.91778955,0,0
3.9182893,0,1
3.9187893,0,0
3.9192891,0,1
3.9197891,0,0
3.9202888,0,1
3.92078885,0,0
3.9212886,0,1
3.9217886,0,0
3.92228835,0,1
3.92278835,0,0
3.92328805,0,1
3.923788,0,0
3.92428775,0,1
3.92478775,0,0
3.9252875,0,1
3.9257875,0,0
3.9262872,0,1
3.92678715,0,0
3.9272869,0,1
3.92778685,0,0
3.9282866,0,1
3.92878655,0,0
3.9292863,0,1
3.92978625,0,0
3.930286,0,1
3.93078605,0,0
3.93128575,0,1
3.93178575,0,0
3.9322855,0,1
3.9327855,0,0
3.93328525,0,1
3.93378525,0,0
3.93428495,0,1
3.93478495,0,0
3.9352847,0,1
3.9357847,0,0
3.9362845,0,1
3.9367845,0,0
3.93728425,0,1
3.9377842,0,0
3.93828395,0,1
3.9387839,0,0
3.93928365,0,1
3.9397836,0,0
3.94028335,0,1
3.94078335,0,0
3.94128305,0,1
3.941783,0,0
3.9422827,0,1
3.94278265,0,0
3.94328235,0,1
3.9437823,0,0
3.944282,0,1
3.944782,0,0
3.9452818,0,1
3.9457818,0,0
3.9462815,0,1
3.94678145,0,0
3.94728115,0,1
3.9477811,0,0
3.94828075,0,1
3.9487807,0,0
3.94928045,0,1
3.9497804,0,0
3.9502801,0,1
3.95078005,0,0
3.95127975,0,1
3.95177975,0,0
3.95227945,0,1
3.95277935,0,0
3.95327905,0,1
3.953779,0,0
3.95427875,0,1
3.95477875,0,0
3.95527845,0,1
3.9557784,0,0
3.9562781,0,1
3.95677805,0,0
3.9572778,0,1
3.95777775,0,0
3.9582775,0,1
3.95877745,0,0
3.9592772,0,1
3.9597771,0,0
3.9602768,0,1
3.9607768,0,0
3.9612765,0,1
3.9617765,0,0
3.96227625,0,1
3.96277625,0,0
3.96327595,0,1
3.96377595,0,0
3.9642757,0,1
3.96477565,0,0
3.9652754,0,1
3.9657754,0,0
3.9662751,0,1
3.9667751,0,0
3.96727485,0,1
3.9677749,0,0
3.96827465,0,1
3.9687747,0,0
3.9692745,0,1
3.96977445,0,0
3.9702742,0,1
3.9707742,0,0
3.9712739,0,1
3.9717739,0,0
3.97227365,0,1
3.97277365,0,0
3.97327335,0,1
3.97377335,0,0
3.9742731,0,1
3.9747731,0,0
3.9752728,0,1
3.97577275,0,0
3.9762725,0,1
3.9767725,0,0
3.9772722,0,1
3.97777215,0,0
3.9782719,0,1
3.97877185,0,0
3.97927155,0,1
3.97977155,0,0
3.98027125,0,1
3.9807713,0,0
3.98127105,0,1
3.9817711,0,0
3.98227085,0,1
3.98277085,0,0
3.9832706,0,1
3.98377065,0,0
3.98427045,0,1
3.98477045,0,0
3.98527025,0,1
3.98577025,0,0
3.98627,0,1
3.98677005,0,0
3.98726975,0,1
3.98776975,0,0
3.9882695,0,1
3.9887695,0,0
3.9892693,0,1
3.98976935,0,0
3.99026915,0,1
3.99076915,0,0
3.99126895,0,1
3.991769,0,0
3.9922688,0,1
3.9927688,0,0
3.9932686,0,1
3.99376855,0,0
3.9942683,0,1
3.99476835,0,0
3.99526815,0,1
3.9957682,0,0
3.996268,0,1
3.99676805,0,0
3.9972678,0,1
3.9977678,0,0
3.99826755,0,1
3.9987676,0,0
3.99926735,0,1
3.99976735,0,0
4.0002672,0,1
4.0007672,0,0
4.00126695,0,1
4.001767,0,0
4.0022668,0,1
4.0027668,0,0
4.00326655,0,1
4.00376655,0,0
4.0042663,0,1
4.0047663,0,0
4.0052661,0,1
4.00576615,0,0
4.00626595,0,1
4.00676595,0,0
4.00726575,0,1
4.00776575,0,0
4.0082655,0,1
4.0087655,0,0
4.0092652,0,1
4.0097652,0,0
4.0102649,0,1
4.0107649,0,0
4.01126465,0,1
4.0117646,0,0
4.01226435,0,1
4.0127644,0,0
4.01326415,0,1
4.01376415,0,0
4.01426395,0,1
4.014764,0,0
4.01526375,0,1
4.01576375,0,0
4.0162635,0,1
4.01676355,0,0
4.01726325,0,1
4.01776325,0,0
4.018263,0,1
4.018763,0,0
4.01926275,0,1
4.0197627,0,0
4.0202624,0,1
4.02076235,0,0
4.0212621,0,1
4.0217621,0,0
4.02226185,0,1
4.02276185,0,0
4.02326155,0,1
4.02376155,0,0
4.0242613,0,1
4.0247612,0,0
4.0252609,0,1
4.02576085,0,0
4.02626055,0,1
4.02676045,0,0
4.0272602,0,1
4.0277601,0,0
4.0282598,0,1
4.02875975,0,0
4.02925945,0,1
4.0297594,0,0
4.03025905,0,1
4.030759,0,0
4.03125875,0,1
4.0317587,0,0
4.03225835,0,1
4.0327583,0,0
4.033258,0,1
4.03375795,0,0
4.03425765,0,1
4.0347576,0,0
4.0352573,0,1
4.03575725,0,0
4.0362569,0,1
4.03675685,0,0
4.03725655,0,1
4.03775645,0,0
4.03825615,0,1
4.0387561,0,0
4.0392558,0,1
4.03975575,0,0
4.04025545,0,1
4.0407554,0,0
4.04125515,0,1
4.04175505,0,0
4.04225475,0,1
4.04275465,0,0
4.0432544,0,1
4.0437543,0,0
4.04425405,0,1
4.04475395,0,0
4.0452536,0,1
4.04575355,0,0
4.04625325,0,1
4.04675315,0,0
4.04725285,0,1
4.04775275,0,0
4.04825245,0,1
4.04875235,0,0
4.049252,0,1
4.0497519,0,0
4.05025155,0,1
4.05075145,0,0
4.0512511,0,1
4.0517511,0,0
4.05225075,0,1
4.05275065,0,0
4.0532503,0,1
4.0537502,0,0
4.0542499,0,1
4.05474975,0,0
4.05524945,0,1
4.05574935,0,0
4.056249,0,1
4.05674895,0,0
4.0572486,0,1
4.05774845,0,0
4.0582481,0,1
4.05874795,0,0
4.05924755,0,1
4.0597475,0,0
4.06024715,0,1
4.0607471,0,0
4.06124675,0,1
4.06174665,0,0
4.0622463,0,1
4.0627462,0,0
4.0632458,0,1
4.0637457,0,0
4.0642453,0,1
4.0647452,0,0
4.0652448,0,1
4.06574465,0,0
4.0662443,0,1
4.0667442,0,0
4.0672438,0,1
4.0677437,0,0
4.06824335,0,1
4.06874325,0,0
4.06924295,0,1
4.0697429,0,0
4.07024255,0,1
4.0707425,0,0
4.0712422,0,1
4.07174215,0,0
4.0722418,0,1
4.0727417,0,0
4.07324135,0,1
4.07374125,0,0
4.0742409,0,1
4.0747408,0,0
4.07524045,0,1
4.07574045,0,0
4.0762401,0,1
4.07674,0,0
4.07723965,0,1
4.0777396,0,0
4.07823925,0,1
4.07873915,0,0
4.0792388,0,1
4.0797387,0,0
4.0802384,0,1
4.0807383,0,0
4.08123795,0,1
4.08173785,0,0
4.0822375,0,1
4.08273745,0,0
4.08323715,0,1
4.08373705,0,0
4.0842367,0,1
4.0847366,0,0
4.0852362,0,1
4.0857361,0,0
4.0862357,0,1
4.0867356,0,0
4.08723515,0,1
4.08773505,0,0
4.08823465,0,1
4.0887345,0,0
4.0892341,0,1
4.089734,0,0
4.0902336,0,1
4.09073345,0,0
4.0912331,0,1
4.09173295,0,0
4.09223255,0,1
4.09273245,0,0
4.09323205,0,1
4.09373195,0,0
4.0942316,0,1
4.0947315,0,0
4.0952311,0,1
4.09573095,0,0
4.0962306,0,1
4.0967305,0,0
4.0972302,0,1
4.09773015,0,0
4.09822985,0,1
4.0987298,0,0
4.0992295,0,1
4.09972945,0,0
4.10022915,0,1
4.1007291,0,0
4.1012288,0,1
4.10172875,0,0
4.10222845,0,1
4.10272835,0,0
4.103228,0,1
4.1037279,0,0
4.1042275,0,1
4.10472745,0,0
4.10522715,0,1
4.1057271,0,0
4.1062268,0,1
4.10672675,0,0
4.10722645,0,1
4.1077264,0,0
4.1082261,0,1
4.1087261,0,0
4.1092258,0,1
4.10972575,0,0
4.11022545,0,1
4.1107254,0,0
4.11122515,0,1
4.11172515,0,0
4.11222485,0,1
4.1127248,0,0
4.1132245,0,1
4.1137245,0,0
4.11422425,0,1
4.11472425,0,0
4.11522405,0,1
4.11572405,0,0
4.1162238,0,1
4.11672375,0,0
4.1172235,0,1
4.1177235,0,0
4.1182232,0,1
4.11872315,0,0
4.1192229,0,1
4.1197229,0,0
4.1202226,0,1
4.12072255,0,0
4.12122225,0,1
4.1217222,0,0
4.12222185,0,1
4.12272185,0,0
4.1232216,0,1
4.12372155,0,0
4.1242212,0,1
4.1247212,0,0
4.1252209,0,1
4.12572085,0,0
4.1262206,0,1
4.1267206,0,0
4.1272203,0,1
4.1277203,0,0
4.12822,0,1
4.12872,0,0
4.1292197,0,1
4.12971965,0,0
4.1302194,0,1
4.13071935,0,0
4.13121905,0,1
4.131719,0,0
4.1322187,0,1
4.13271865,0,0
4.13321835,0,1
4.1337183,0,0
4.134218,0,1
4.13471795,0,0
4.1352177,0,1
4.13571765,0,0
4.13621735,0,1
4.13671735,0,0
4.1372171,0,1
4.13771705,0,0
4.1382168,0,1
4.13871675,0,0
4.13921645,0,1
4.13971645,0,0
4.1402161,0,1
4.14071605,0,0
4.1412158,0,1
4.1417158,0,0
4.14221555,0,1
4.14271555,0,0
4.14321535,0,1
4.14371535,0,0
4.1442151,0,1
4.1447151,0,0
4.1452149,0,1
4.14571495,0,0
4.1462147,0,1
4.1467147,0,0
4.14721445,0,1
4.1477145,0,0
4.1482143,0,1
4.14871435,0,0
4.1492141,0,1
4.14971415,0,0
4.1502139,0,1
4.15071395,0,0
4.15121375,0,1
4.1517138,0,0
4.15221355,0,1
4.1527136,0,0
4.1532134,0,1
4.15371345,0,0
4.1542132,0,1
4.15471325,0,0
4.15521305,0,1
4.1557131,0,0
4.15621285,0,1
4.15671285,0,0
4.1572126,0,1
4.1577126,0,0
4.15821235,0,1
4.1587123,0,0
4.15921205,0,1
4.159712,0,0
4.1602117,0,1
4.16071165,0,0
4.16121135,0,1
4.16171125,0,0
4.162211,0,1
4.16271095,0,0
4.16321065,0,1
4.1637106,0,0
4.1642103,0,1
4.16471025,0,0
4.16521,0,1
4.16570995,0,0
4.16620965,0,1
4.1667096,0,0
4.1672093,0,1
4.1677093,0,0
4.168209,0,1
4.1687089,0,0
4.1692086,0,1
4.1697086,0,0
4.17020825,0,1
4.17070825,0,0
4.171208,0,1
4.171708,0,0
4.17220775,0,1
4.17270775,0,0
4.1732075,0,1
4.1737075,0,0
4.1742072,0,1
4.1747072,0,0
4.1752069,0,1
4.1757069,0,0
4.17620665,0,1
4.17670665,0,0
4.1772064,0,1
4.1777064,0,0
4.1782062,0,1
4.1787062,0,0
4.1792059,0,1
4.1797059,0,0
4.1802056,0,1
4.1807056,0,0
4.18120535,0,1
4.1817053,0,0
4.1822051,0,1
4.1827051,0,0
4.1832048,0,1
4.1837048,0,0
4.1842045,0,1
4.1847044,0,0
4.18520415,0,1
4.1857041,0,0
4.18620375,0,1
4.1867037,0,0
4.1872034,0,1
4.18770335,0,0
4.18820305,0,1
4.188703,0,0
4.1892027,0,1
4.18970265,0,0
4.19020235,0,1
4.1907023,0,0
4.191202,0,1
4.19170195,0,0
4.19220165,0,1
4.19270165,0,0
4.19320135,0,1
4.19370135,0,0
4.1942011,0,1
4.19470115,0,0
4.19520085,0,1
4.1957009,0,0
4.19620065,0,1
4.19670065,0,0
4.19720045,0,1
4.1977005,0,0
4.19820025,0,1
4.1987002,0,0
4.19919995,0,1
4.19969985,0,0
4.20019955,0,1
4.2006995,0,0
4.2011992,0,1
4.2016992,0,0
4.2021989,0,1
4.2026989,0,0
4.20319865,0,1
4.2036986,0,0
4.20419835,0,1
4.2046983,0,0
4.20519805,0,1
4.205698,0,0
4.20619775,0,1
4.2066977,0,0
4.2071974,0,1
4.2076974,0,0
4.2081971,0,1
4.208697,0,0
4.20919675,0,1
4.2096967,0,0
4.21019645,0,1
4.21069645,0,0
4.21119615,0,1
4.21169615,0,0
4.21219585,0,1
4.21269585,0,0
4.21319555,0,1
4.21369555,0,0
4.21419525,0,1
4.2146952,0,0
4.2151949,0,1
4.2156949,0,0
4.2161946,0,1
4.21669455,0,0
4.21719425,0,1
4.2176943,0,0
4.218194,0,1
4.21869395,0,0
4.21919365,0,1
4.2196936,0,0
4.2201933,0,1
4.22069325,0,0
4.22119295,0,1
4.2216929,0,0
4.2221926,0,1
4.2226926,0,0
4.2231923,0,1
4.2236923,0,0
4.22419205,0,1
4.22469205,0,0
4.22519175,0,1
4.22569175,0,0
4.22619145,0,1
4.22669145,0,0
4.22719115,0,1
4.22769105,0,0
4.22819065,0,1
4.22869065,0,0
4.2291904,0,1
4.2296904,0,0
4.23019015,0,1
4.2306901,0,0
4.2311898,0,1
4.2316898,0,0
4.2321895,0,1
4.2326895,0,0
4.2331892,0,1
4.23368905,0,0
4.23418875,0,1
4.2346887,0,0
4.23518845,0,1
4.2356884,0,0
4.23618805,0,1
4.23668805,0,0
4.2371878,0,1
4.2376878,0,0
4.2381875,0,1
4.2386875,0,0
4.2391872,0,1
4.23968725,0,0
4.240187,0,1
4.240687,0,0
4.24118675,0,1
4.2416868,0,0
4.24218655,0,1
4.24268645,0,0
4.24318615,0,1
4.2436861,0,0
4.24418585,0,1
4.24468585,0,0
4.2451856,0,1
4.2456856,0,0
4.24618535,0,1
4.24668535,0,0
4.2471851,0,1
4.2476851,0,0
4.24818485,0,1
4.24868485,0,0
4.2491846,0,1
4.24968465,0,0
4.25018445,0,1
4.2506845,0,0
4.25118425,0,1
4.25168425,0,0
4.252184,0,1
4.25268405,0,0
4.25318385,0,1
4.2536839,0,0
4.2541836,0,1
4.2546836,0,0
4.25518335,0,1
4.2556834,0,0
4.2561831,0,1
4.2566831,0,0
4.25718285,0,1
4.2576829,0,0
4.25818265,0,1
4.2586827,0,0
4.25918245,0,1
4.25968245,0,0
4.2601822,0,1
4.2606822,0,0
4.26118195,0,1
4.2616819,0,0
4.26218165,0,1
4.26268165,0,0
4.26318135,0,1
4.26368135,0,0
4.2641811,0,1
4.2646811,0,0
4.2651809,0,1
4.26568095,0,0
4.2661807,0,1
4.2666807,0,0
4.26718045,0,1
4.2676805,0,0
4.26818025,0,1
4.2686802,0,0
4.26918,0,1
4.26968005,0,0
4.2701798,0,1
4.2706798,0,0
4.27117955,0,1
4.27167955,0,0
4.2721793,0,1
4.2726793,0,0
4.27317905,0,1
4.27367905,0,0
4.2741788,0,1
4.2746788,0,0
4.27517855,0,1
4.27567855,0,0
4.27617825,0,1
4.2766782,0,0
4.277178,0,1
4.277678,0,0
4.27817775,0,1
4.2786778,0,0
4.2791776,0,1
4.2796776,0,0
4.28017735,0,1
4.28067735,0,0
4.2811771,0,1
4.28167705,0,0
4.28217675,0,1
4.28267675,0,0
4.2831765,0,1
4.28367645,0,0
4.2841762,0,1
4.2846762,0,0
4.2851759,0,1
4.28567585,0,0
4.2861756,0,1
4.2866756,0,0
4.2871753,0,1
4.28767525,0,0
4.28817495,0,1
4.2886749,0,0
4.2891746,0,1
4.2896746,0,0
4.2901743,0,1
4.29067425,0,0
4.291174,0,1
4.291674,0,0
4.29217375,0,1
4.2926737,0,0
4.2931735,0,1
4.29367345,0,0
4.2941732,0,1
4.29467315,0,0
4.29517285,0,1
4.2956729,0,0
4.29617265,0,1
4.2966726,0,0
4.29717235,0,1
4.2976723,0,0
4.29817195,0,1
4.29867185,0,0
4.2991715,0,1
4.29967145,0,0
4.3001711,0,1
4.30067105,0,0
4.30117075,0,1
4.3016707,0,0
4.3021704,0,1
4.30267035,0,0
4.3031701,0,1
4.30367,0,0
4.3041697,0,1
4.30466965,0,0
4.30516935,0,1
4.3056693,0,0
4.30616905,0,1
4.306669,0,0
4.30716875,0,1
4.3076687,0,0
4.30816845,0,1
4.3086684,0,0
4.30916805,0,1
4.309668,0,0
4.3101677,0,1
4.31066765,0,0
4.31116735,0,1
4.31166735,0,0
4.3121671,0,1
4.31266705,0,0
4.31316675,0,1
4.3136667,0,0
4.3141664,0,1
4.31466635,0,0
4.31516605,0,1
4.31566595,0,0
4.31616565,0,1
4.31666555,0,0
4.31716515,0,1
4.31766505,0,0
4.31816475,0,1
4.3186647,0,0
4.3191644,0,1
4.3196644,0,0
4.32016415,0,1
4.3206641,0,0
4.32116385,0,1
4.32166385,0,0
4.3221636,0,1
4.32266355,0,0
4.3231633,0,1
4.32366325,0,0
4.324163,0,1
4.324663,0,0
4.32516275,0,1
4.32566275,0,0
4.32616245,0,1
4.32666245,0,0
4.3271622,0,1
4.32766215,0,0
4.32816185,0,1
4.3286618,0,0
4.32916155,0,1
4.32966155,0,0
4.33016125,0,1
4.33066125,0,0
4.33116095,0,1
4.3316609,0,0
4.3321606,0,1
4.3326605,0,0
4.3331602,0,1
4.33366015,0,0
4.33415985,0,1
4.33465975,0,0
4.33515945,0,1
4.3356594,0,0
4.33615915,0,1
4.33665915,0,0
4.33715885,0,1
4.33765875,0,0
4.33815845,0,1
4.33865835,0,0
4.339158,0,1
4.3396579,0,0
4.34015765,0,1
4.3406576,0,0
4.3411573,0,1
4.34165725,0,0
4.34215695,0,1
4.3426569,0,0
4.3431566,0,1
4.34365655,0,0
4.34415625,0,1
4.3446562,0,0
4.34515585,0,1
4.3456558,0,0
4.3461555,0,1
4.34665545,0,0
4.34715515,0,1
4.3476551,0,0
4.3481548,0,1
4.34865475,0,0
4.34915445,0,1
4.34965445,0,0
4.3501541,0,1
4.35065405,0,0
4.35115375,0,1
4.3516537,0,0
4.35215345,0,1
4.3526534,0,0
4.35315315,0,1
4.3536531,0,0
4.35415275,0,1
4.3546527,0,0
4.3551524,0,1
4.3556523,0,0
4.356152,0,1
4.3566519,0,0
4.3571515,0,1
4.3576514,0,0
4.3581511,0,1
4.35865105,0,0
4.3591508,0,1
4.35965075,0,0
4.3601505,0,1
4.3606505,0,0
4.3611502,0,1
4.3616502,0,0
4.3621499,0,1
4.36264995,0,0
4.36314965,0,1
4.3636496,0,0
4.36414935,0,1
4.36464935,0,0
4.3651491,0,1
4.36564905,0,0
4.3661488,0,1
4.36664875,0,0
4.36714855,0,1
4.36764855,0,0
4.36814835,0,1
4.3686484,0,0
4.36914825,0,1
4.3696483,0,0
4.3701481,0,1
4.3706481,0,0
4.3711479,0,1
4.3716479,0,0
4.37214765,0,1
4.37264765,0,0
4.37314745,0,1
4.37364745,0,0
4.3741472,0,1
4.37464725,0,0
4.375147,0,1
4.375647,0,0
4.3761468,0,1
4.3766468,0,0
4.37714655,0,1
4.3776466,0,0
4.37814635,0,1
4.3786464,0,0
4.3791461,0,1
4.3796461,0,0
4.3801458,0,1
4.3806457,0,0
4.38114535,0,1
4.38164525,0,0
4.382145,0,1
4.38264495,0,0
4.38314465,0,1
4.3836446,0,0
4.3841443,0,1
4.38464425,0,0
4.3851439,0,1
4.38564385,0,0
4.3861436,0,1
4.3866436,0,0
4.38714335,0,1
4.38764335,0,0
4.3881431,0,1
4.3886431,0,0
4.38914285,0,1
4.3896428,0,0
4.39014245,0,1
4.3906424,0,0
4.39114215,0,1
4.3916421,0,0
4.3921418,0,1
4.39264175,0,0
4.3931415,0,1
4.3936415,0,0
4.3941412,0,1
4.3946412,0,0
4.39514095,0,1
4.39564095,0,0
4.3961407,0,1
4.3966407,0,0
4.3971404,0,1
4.39764035,0,0
4.3981401,0,1
4.39864015,0,0
4.39913985,0,1
4.3996399,0,0
4.40013965,0,1
4.4006396,0,0
4.40113935,0,1
4.4016393,0,0
4.40213905,0,1
4.402639,0,0
4.4031387,0,1
4.40363865,0,0
4.40413835,0,1
4.4046383,0,0
4.40513805,0,1
4.405638,0,0
4.40613765,0,1
4.40663755,0,0
4.4071372,0,1
4.4076371,0,0
4.40813675,0,1
4.40863665,0,0
4.40913635,0,1
4.4096363,0,0
4.41013605,0,1
4.41063605,0,0
4.41113575,0,1
4.41163565,0,0
4.41213535,0,1
4.4126353,0,0
4.41313495,0,1
4.4136349,0,0
4.4141346,0,1
4.41463455,0,0
4.41513425,0,1
4.41563425,0,0
4.416134,0,1
4.416634,0,0
4.4171337,0,1
4.4176337,0,0
4.4181334,0,1
4.4186334,0,0
4.4191331,0,1
4.4196331,0,0
4.42013285,0,1
4.4206328,0,0
4.42113255,0,1
4.42163255,0,0
4.42213225,0,1
4.4226322,0,0
4.42313195,0,1
4.423632,0,0
4.42413175,0,1
4.4246317,0,0
4.42513145,0,1
4.4256314,0,0
4.4261311,0,1
4.42663115,0,0
4.42713085,0,1
4.4276308,0,0
4.4281305,0,1
4.42863045,0,0
4.42913015,0,1
4.42963015,0,0
4.43012985,0,1
4.43062985,0,0
4.4311296,0,1
4.4316295,0,0
4.43212915,0,1
4.4326291,0,0
4.4331288,0,1
4.43362875,0,0
4.4341284,0,1
4.4346283,0,0
4.435128,0,1
4.43562795,0,0
4.43612765,0,1
4.43662755,0,0
4.4371273,0,1
4.4376273,0,0
4.43812695,0,1
4.4386269,0,0
4.4391266,0,1
4.43962665,0,0
4.44012635,0,1
4.4406263,0,0
4.441126,0,1
4.441626,0,0
4.44212565,0,1
4.44262565,0,0
4.44312535,0,1
4.44362525,0,0
4.44412495,0,1
4.4446249,0,0
4.44512455,0,1
4.4456245,0,0
4.4461242,0,1
4.44662415,0,0
4.44712385,0,1
4.44762385,0,0
4.44812355,0,1
4.4486235,0,0
4.44912325,0,1
4.4496232,0,0
4.45012295,0,1
4.45062295,0,0
4.4511227,0,1
4.4516227,0,0
4.4521225,0,1
4.4526225,0,0
4.4531222,0,1
4.4536222,0,0
4.454122,0,1
4.454622,0,0
4.4551217,0,1
4.4556217,0,0
4.45612145,0,1
4.4566214,0,0
4.45712115,0,1
4.45762115,0,0
4.45812085,0,1
4.45862085,0,0
4.4591206,0,1
4.4596205,0,0
4.46012025,0,1
4.46062025,0,0
4.46112,0,1
4.46162,0,0
4.46211975,0,1
4.4626197,0,0
4.4631194,0,1
4.4636194,0,0
4.46411915,0,1
4.4646191,0,0
4.46511885,0,1
4.4656188,0,0
4.4661185,0,1
4.4666185,0,0
4.46711825,0,1
4.46761825,0,0
4.468118,0,1
4.4686179,0,0
4.4691176,0,1
4.4696176,0,0
4.47011735,0,1
4.4706173,0,0
4.471117,0,1
4.47161695,0,0
4.47211665,0,1
4.47261655,0,0
4.47311625,0,1
4.47361615,0,0
4.4741159,0,1
4.47461585,0,0
4.47511555,0,1
4.4756155,0,0
4.47611525,0,1
4.4766153,0,0
4.477115,0,1
4.47761505,0,0
4.4781148,0,1
4.47861485,0,0
4.4791146,0,1
4.4796146,0,0
4.48011435,0,1
4.48061435,0,0
4.4811141,0,1
4.4816141,0,0
4.48211385,0,1
4.48261385,0,0
4.48311355,0,1
4.48361355,0,0
4.4841133,0,1
4.48461325,0,0
4.485113,0,1
4.485613,0,0
4.4861128,0,1
4.4866128,0,0
4.48711255,0,1
4.48761255,0,0
4.48811235,0,1
4.48861235,0,0
4.4891121,0,1
4.48961215,0,0
4.4901119,0,1
4.4906119,0,0
4.49111165,0,1
4.49161165,0,0
4.49211145,0,1
4.4926114,0,0
4.49311115,0,1
4.49361115,0,0
4.4941109,0,1
4.4946109,0,0
4.49511065,0,1
4.4956107,0,0
4.49611045,0,1
4.49661045,0,0
4.49711025,0,1
4.4976103,0,0
4.49811005,0,1
4.49861005,0,0
4.49910985,0,1
4.49960985,0,0
4.50010965,0,1
4.50060965,0,0
4.50110945,0,1
4.5016095,0,0
4.50210925,0,1
4.50260925,0,0
4.503109,0,1
4.5036091,0,0
4.5041089,0,1
4.5046089,0,0
4.5051087,0,1
4.50560875,0,0
4.5061085,0,1
4.50660855,0,0
4.5071083,0,1
4.50760835,0,0
4.5081081,0,1
4.50860815,0,0
4.5091079,0,1
4.50960785,0,0
4.5101076,0,1
4.51060765,0,0
4.5111074,0,1
4.51160735,0,0
4.5121071,0,1
4.5126071,0,0
4.5131069,0,1
4.51360685,0,0
4.51410665,0,1
4.5146067,0,0
4.51510655,0,1
4.5156066,0,0
4.5161064,0,1
4.5166064,0,0
4.5171062,0,1
4.5176063,0,0
4.51810615,0,1
4.51860625,0,0
4.5191061,0,1
4.5196062,0,0
4.520106,0,1
4.520606,0,0
4.5211058,0,1
4.5216058,0,0
4.5221056,0,1
4.52260565,0,0
4.52310545,0,1
4.5236055,0,0
4.52410525,0,1
4.5246053,0,0
4.52510505,0,1
4.5256051,0,0
4.52610485,0,1
4.52660485,0,0
4.5271046,0,1
4.52760465,0,0
4.52810445,0,1
4.52860445,0,0
4.5291042,0,1
4.5296042,0,0
4.530104,0,1
4.530604,0,0
4.5311038,0,1
4.53160385,0,0
4.53210365,0,1
4.5326037,0,0
4.5331035,0,1
4.53360355,0,0
4.53410335,0,1
4.5346034,0,0
4.5351032,0,1
4.53560325,0,0
4.53610305,0,1
4.5366031,0,0
4.5371029,0,1
4.53760295,0,0
4.53810275,0,1
4.5386028,0,0
4.5391026,0,1
4.53960265,0,0
4.5401025,0,1
4.54060255,0,0
4.54110235,0,1
4.5416024,0,0
4.5421022,0,1
4.54260225,0,0
4.5431021,0,1
4.54360215,0,0
4.54410195,0,1
4.54460195,0,0
4.54510175,0,1
4.5456018,0,0
4.5461016,0,1
4.54660165,0,0
4.54710145,0,1
4.5476015,0,0
4.5481013,0,1
4.5486014,0,0
4.5491012,0,1
4.54960125,0,0
4.5501011,0,1
4.5506011,0,0
4.55110095,0,1
4.551601,0,0
4.5521008,0,1
4.5526008,0,0
4.5531006,0,1
4.55360065,0,0
4.55410045,0,1
4.55460045,0,0
4.55510025,0,1
4.55560025,0,0
4.55610005,0,1
4.55660005,0,0
4.55709985,0,1
4.5575999,0,0
4.55809965,0,1
4.5585997,0,0
4.5590995,0,1
4.5595996,0,0
4.5600994,0,1
4.56059945,0,0
4.5610992,0,1
4.56159925,0,0
4.562099,0,1
4.56259905,0,0
4.56309885,0,1
4.5635989,0,0
4.56409865,0,1
4.56459865,0,0
4.56509845,0,1
4.5655985,0,0
4.5660983,0,1
4.56659835,0,0
4.56709815,0,1
4.5675982,0,0
4.56809795,0,1
4.568598,0,0
4.56909775,0,1
4.56959775,0,0
4.5700975,0,1
4.57059755,0,0
4.5710973,0,1
4.57159725,0,0
4.57209695,0,1
4.5725969,0,0
4.57309665,0,1
4.5735966,0,0
4.5740963,0,1
4.5745963,0,0
4.575096,0,1
4.57559595,0,0
4.57609575,0,1
4.5765957,0,0
4.57709545,0,1
4.57759545,0,0
4.5780952,0,1
4.5785952,0,0
4.57909495,0,1
4.5795949,0,0
4.5800946,0,1
4.58059455,0,0
4.58109425,0,1
4.58159425,0,0
4.58209395,0,1
4.5825939,0,0
4.58309365,0,1
4.58359365,0,0
4.5840933,0,1
4.58459325,0,0
4.585093,0,1
4.585593,0,0
4.5860928,0,1
4.58659275,0,0
4.58709245,0,1
4.58759245,0,0
4.58809225,0,1
4.58859225,0,0
4.589092,0,1
4.589592,0,0
4.59009175,0,1
4.59059175,0,0
4.59109155,0,1
4.5915915,0,0
4.59209125,0,1
4.5925912,0,0
4.5930909,0,1
4.59359085,0,0
4.59409055,0,1
4.5945905,0,0
4.5950902,0,1
4.5955902,0,0
4.59608995,0,1
4.59658995,0,0
4.59708965,0,1
4.59758965,0,0
4.59808935,0,1
4.5985893,0,0
4.59908905,0,1
4.599589,0,0
4.60008875,0,1
4.60058875,0,0
4.6010885,0,1
4.60158845,0,0
4.6020882,0,1
4.60258815,0,0
4.60308785,0,1
4.6035878,0,0
4.60408755,0,1
4.60458755,0,0
4.6050873,0,1
4.60558725,0,0
4.606087,0,1
4.60658695,0,0
4.6070867,0,1
4.60758665,0,0
4.6080864,0,1
4.6085864,0,0
4.6090861,0,1
4.60958605,0,0
4.61008575,0,1
4.6105857,0,0
4.6110854,0,1
4.61158535,0,0
4.6120851,0,1
4.6125851,0,0
4.6130848,0,1
4.6135848,0,0
4.61408455,0,1
4.61458455,0,0
4.6150842,0,1
4.6155842,0,0
4.61608395,0,1
4.61658395,0,0
4.6170837,0,1
4.6175837,0,0
4.61808345,0,1
4.61858345,0,0
4.6190832,0,1
4.6195832,0,0
4.62008295,0,1
4.6205829,0,0
4.6210826,0,1
4.6215826,0,0
4.6220823,0,1
4.6225823,0,0
4.62308205,0,1
4.62358205,0,0
4.6240818,0,1
4.6245818,0,0
4.6250815,0,1
4.6255815,0,0
4.62608115,0,1
4.62658105,0,0
4.62708075,0,1
4.62758075,0,0
4.6280804,0,1
4.6285804,0,0
4.6290801,0,1
4.62958015,0,0
4.6300799,0,1
4.6305799,0,0
4.6310796,0,1
4.63157955,0,0
4.63207925,0,1
4.63257925,0,0
4.633079,0,1
4.633579,0,0
4.63407875,0,1
4.63457875,0,0
4.6350785,0,1
4.6355785,0,0
4.6360782,0,1
4.63657815,0,0
4.63707785,0,1
4.6375778,0,0
4.63807745,0,1
4.63857745,0,0
4.63907715,0,1
4.6395771,0,0
4.6400768,0,1
4.6405768,0,0
4.6410765,0,1
4.64157645,0,0
4.6420762,0,1
4.64257615,0,0
4.6430759,0,1
4.64357585,0,0
4.64407555,0,1
4.64457555,0,0
4.6450753,0,1
4.6455753,0,0
4.64607505,0,1
4.646575,0,0
4.64707475,0,1
4.64757475,0,0
4.64807445,0,1
4.64857445,0,0
4.64907415,0,1
4.64957415,0,0
4.65007385,0,1
4.65057375,0,0
4.6510735,0,1
4.65157345,0,0
4.6520732,0,1
4.65257315,0,0
4.65307285,0,1
4.6535728,0,0
4.65407255,0,1
4.6545725,0,0
4.65507225,0,1
4.6555722,0,0
4.65607185,0,1
4.6565718,0,0
4.6570715,0,1
4.6575715,0,0
4.65807125,0,1
4.65857125,0,0
4.65907105,0,1
4.65957105,0,0
4.6600708,0,1
4.6605708,0,0
4.66107055,0,1
4.66157055,0,0
4.66207025,0,1
4.66257025,0,0
4.66306995,0,1
4.66356985,0,0
4.6640696,0,1
4.66456955,0,0
4.66506925,0,1
4.66556915,0,0
4.6660689,0,1
4.66656885,0,0
4.66706855,0,1
4.6675685,0,0
4.66806825,0,1
4.66856825,0,0
4.669068,0,1
4.669568,0,0
4.67006775,0,1
4.6705677,0,0
4.6710674,0,1
4.67156735,0,0
4.6720671,0,1
4.6725671,0,0
4.6730668,0,1
4.6735668,0,0
4.6740665,0,1
4.6745665,0,0
4.67506625,0,1
4.67556625,0,0
4.67606595,0,1
4.6765659,0,0
4.6770656,0,1
4.6775655,0,0
4.6780652,0,1
4.6785652,0,0
4.6790649,0,1
4.67956485,0,0
4.68006455,0,1
4.68056455,0,0
4.68106425,0,1
4.68156425,0,0
4.68206395,0,1
4.6825639,0,0
4.68306365,0,1
4.6835636,0,0
4.6840633,0,1
4.6845633,0,0
4.685063,0,1
4.685563,0,0
4.6860627,0,1
4.68656265,0,0
4.6870624,0,1
4.68756235,0,0
4.6880621,0,1
4.68856205,0,0
4.6890618,0,1
4.68956185,0,0
4.6900616,0,1
4.69056165,0,0
4.69106135,0,1
4.69156135,0,0
4.6920611,0,1
4.69256105,0,0
4.6930608,0,1
4.69356075,0,0
4.69406045,0,1
4.69456035,0,0
4.69506005,0,1
4.69556,0,0
4.6960597,0,1
4.69655965,0,0
4.6970593,0,1
4.69755925,0,0
4.6980589,0,1
4.69855885,0,0
4.69905855,0,1
4.6995585,0,0
4.70005825,0,1
4.70055825,0,0
4.701058,0,1
4.70155795,0,0
4.7020577,0,1
4.70255765,0,0
4.7030574,0,1
4.7035574,0,0
4.7040571,0,1
4.7045571,0,0
4.7050568,0,1
4.70555675,0,0
4.7060565,0,1
4.7065565,0,0
4.70705625,0,1
4.7075562,0,0
4.70805595,0,1
4.70855595,0,0
4.70905565,0,1
4.70955555,0,0
4.71005525,0,1
4.7105552,0,0
4.7110549,0,1
4.71155485,0,0
4.7120545,0,1
4.7125544,0,0
4.7130541,0,1
4.71355405,0,0
4.7140538,0,1
4.71455385,0,0
4.7150536,0,1
4.7155536,0,0
4.71605335,0,1
4.7165534,0,0
4.7170532,0,1
4.7175532,0,0
4.718053,0,1
4.71855295,0,0
4.7190527,0,1
4.71955275,0,0
4.7200525,0,1
4.72055245,0,0
4.72105215,0,1
4.72155205,0,0
4.7220518,0,1
4.7225518,0,0
4.72305155,0,1
4.72355155,0,0
4.72405125,0,1
4.72455125,0,0
4.725051,0,1
4.725551,0,0
4.72605075,0,1
4.72655065,0,0
4.7270504,0,1
4.72755035,0,0
4.7280501,0,1
4.72855005,0,0
4.7290498,0,1
4.7295498,0,0
4.73004955,0,1
4.7305495,0,0
4.7310492,0,1
4.73154925,0,0
4.73204895,0,1
4.73254895,0,0
4.7330487,0,1
4.73354865,0,0
4.7340484,0,1
4.73454835,0,0
4.73504805,0,1
4.73554805,0,0
4.7360478,0,1
4.7365478,0,0
4.7370475,0,1
4.73754745,0,0
4.7380472,0,1
4.7385472,0,0
4.73904695,0,1
4.73954695,0,0
4.7400467,0,1
4.74054665,0,0
4.74104635,0,1
4.74154635,0,0
4.74204605,0,1
4.74254605,0,0
4.74304575,0,1
4.74354575,0,0
4.74404545,0,1
4.7445454,0,0
4.7450451,0,1
4.74554505,0,0
4.7460448,0,1
4.7465447,0,0
4.7470444,0,1
4.7475443,0,0
4.748044,0,1
4.74854395,0,0
4.74904365,0,1
4.74954365,0,0
4.7500433,0,1
4.75054325,0,0
4.75104295,0,1
4.7515429,0,0
4.7520426,0,1
4.75254255,0,0
4.7530422,0,1
4.7535421,0,0
4.75404175,0,1
4.75454165,0,0
4.75504135,0,1
4.75554125,0,0
4.7560409,0,1
4.7565408,0,0
4.7570405,0,1
4.75754045,0,0
4.75804015,0,1
4.75854005,0,0
4.75903975,0,1
4.7595397,0,0
4.7600394,0,1
4.76053935,0,0
4.76103905,0,1
4.761539,0,0
4.7620387,0,1
4.7625387,0,0
4.7630384,0,1
4.76353835,0,0
4.7640381,0,1
4.76453805,0,0
4.7650378,0,1
4.76553775,0,0
4.76603745,0,1
4.7665374,0,0
4.7670371,0,1
4.7675371,0,0
4.7680368,0,1
4.7685368,0,0
4.76903655,0,1
4.7695365,0,0
4.7700362,0,1
4.7705362,0,0
4.77103595,0,1
4.77153595,0,0
4.7720357,0,1
4.7725357,0,0
4.77303545,0,1
4.77353545,0,0
4.7740352,0,1
4.77453515,0,0
4.77503485,0,1
4.77553485,0,0
4.77603455,0,1
4.77653455,0,0
4.7770343,0,1
4.7775343,0,0
4.778034,0,1
4.778534,0,0
4.77903375,0,1
4.77953375,0,0
4.78003355,0,1
4.78053355,0,0
4.78103335,0,1
4.78153335,0,0
4.78203315,0,1
4.7825331,0,0
4.78303285,0,1
4.7835328,0,0
4.7840325,0,1
4.7845325,0,0
4.78503225,0,1
4.78553225,0,0
4.786032,0,1
4.78653195,0,0
4.7870317,0,1
4.7875317,0,0
4.7880315,0,1
4.7885315,0,0
4.78903125,0,1
4.78953115,0,0
4.7900309,0,1
4.7905309,0,0
4.79103065,0,1
4.7915307,0,0
4.79203045,0,1
4.79253045,0,0
4.7930302,0,1
4.79353025,0,0
4.79402995,0,1
4.79452995,0,0
4.7950297,0,1
4.7955297,0,0
4.7960294,0,1
4.79652935,0,0
4.79702905,0,1
4.79752905,0,0
4.7980288,0,1
4.79852875,0,0
4.7990285,0,1
4.79952845,0,0
4.8000282,0,1
4.8005282,0,0
4.80102795,0,1
4.8015279,0,0
4.8020276,0,1
4.8025276,0,0
4.80302735,0,1
4.8035273,0,0
4.80402705,0,1
4.804527,0,0
4.80502675,0,1
4.8055267,0,0
4.80602635,0,1
4.80652635,0,0
4.80702605,0,1
4.807526,0,0
4.80802575,0,1
4.8085257,0,0
4.80902545,0,1
4.8095254,0,0
4.8100251,0,1
4.81052505,0,0
4.81102475,0,1
4.81152465,0,0
4.8120244,0,1
4.81252435,0,0
4.813024,0,1
4.81352395,0,0
4.81402365,0,1
4.8145236,0,0
4.81502325,0,1
4.81552315,0,0
4.81602285,0,1
4.8165228,0,0
4.8170225,0,1
4.81752245,0,0
4.81802215,0,1
4.81852215,0,0
4.8190219,0,1
4.81952185,0,0
4.8200215,0,1
4.82052145,0,0
4.82102115,0,1
4.8215211,0,0
4.8220208,0,1
4.82252065,0,0
4.8230203,0,1
4.8235202,0,0
4.8240198,0,1
4.82451975,0,0
4.82501935,0,1
4.8255192,0,0
4.82601885,0,1
4.8265187,0,0
4.82701835,0,1
4.8275182,0,0
4.8280178,0,1
4.82851775,0,0
4.8290174,0,1
4.8295173,0,0
4.83001695,0,1
4.8305168,0,0
4.83101645,0,1
4.8315164,0,0
4.83201605,0,1
4.83251595,0,0
4.8330156,0,1
4.83351555,0,0
4.83401525,0,1
4.8345152,0,0
4.8350149,0,1
4.8355148,0,0
4.83601445,0,1
4.8365144,0,0
4.8370141,0,1
4.83751405,0,0
4.8380137,0,1
4.83851365,0,0
4.8390134,0,1
4.83951335,0,0
4.8400131,0,1
4.840513,0,0
4.84101275,0,1
4.8415127,0,0
4.8420124,0,1
4.84251235,0,0
4.84301205,0,1
4.843512,0,0
4.84401175,0,1
4.8445117,0,0
4.84501145,0,1
4.84551145,0,0
4.8460113,0,1
4.84651135,0,0
4.8470111,0,1
4.84751115,0,0
4.8480109,0,1
4.84851095,0,0
4.8490107,0,1
4.84951065,0,0
4.8500104,0,1
4.8505104,0,0
4.8510102,0,1
4.85151025,0,0
4.85201,0,1
4.85251005,0,0
4.85300975,0,1
4.8535098,0,0
4.85400955,0,1
4.8545095,0,0
4.85500925,0,1
4.85550925,0,0
4.85600895,0,1
4.85650895,0,0
4.85700865,0,1
4.85750865,0,0
4.8580084,0,1
4.8585084,0,0
4.85900815,0,1
4.85950815,0,0
4.86000795,0,1
4.86050795,0,0
4.8610077,0,1
4.8615077,0,0
4.8620074,0,1
4.86250745,0,0
4.86300715,0,1
4.86350705,0,0
4.8640068,0,1
4.8645068,0,0
4.86500655,0,1
4.8655065,0,0
4.8660062,0,1
4.86650615,0,0
4.86700585,0,1
4.8675058,0,0
4.8680055,0,1
4.8685055,0,0
4.8690052,0,1
4.8695052,0,0
4.870005,0,1
4.870505,0,0
4.8710047,0,1
4.8715047,0,0
4.87200445,0,1
4.87250445,0,0
4.8730042,0,1
4.8735042,0,0
4.8740039,0,1
4.87450385,0,0
4.8750036,0,1
4.8755036,0,0
4.87600335,0,1
4.8765033,0,0
4.87700305,0,1
4.877503,0,0
4.87800275,0,1
4.87850275,0,0
4.8790025,0,1
4.8795025,0,0
4.88000225,0,1
4.8805023,0,0
4.8810021,0,1
4.88150215,0,0
4.882002,0,1
4.882502,0,0
4.8830018,0,1
4.88350185,0,0
4.8840016,0,1
4.88450155,0,0
4.8850013,0,1
4.8855013,0,0
4.8860011,0,1
4.8865011,0,0
4.88700085,0,1
4.88750085,0,0
4.8880006,0,1
4.8885006,0,0
4.88900035,0,1
4.88950035,0,0
4.89000005,0,1
4.89050005,0,0
4.8909998,0,1
4.8914998,0,0
4.89199955,0,1
4.89249955,0,0
4.89299925,0,1
4.89349925,0,0
4.893999,0,1
4.894499,0,0
4.89499875,0,1
4.8954987,0,0
4.8959984,0,1
4.89649835,0,0
4.89699805,0,1
4.89749805,0,0
4.89799775,0,1
4.89849775,0,0
4.8989975,0,1
4.8994975,0,0
4.8999972,0,1
4.90049715,0,0
4.90099685,0,1
4.9014968,0,0
4.90199655,0,1
4.9024965,0,0
4.90299625,0,1
4.90349615,0,0
4.90399585,0,1
4.9044958,0,0
4.90499545,0,1
4.9054954,0,0
4.9059951,0,1
4.90649505,0,0
4.90699475,0,1
4.9074947,0,0
4.9079944,0,1
4.90849435,0,0
4.908994,0,1
4.9094939,0,0
4.9099936,0,1
4.9104935,0,0
4.9109932,0,1
4.91149315,0,0
4.9119929,0,1
4.9124929,0,0
4.91299265,0,1
4.91349265,0,0
4.91399235,0,1
4.9144923,0,0
4.91499205,0,1
4.915492,0,0
4.91599175,0,1
4.9164917,0,0
4.91699145,0,1
4.91749145,0,0
4.9179911,0,1
4.9184911,0,0
4.91899085,0,1
4.9194908,0,0
4.91999055,0,1
4.92049055,0,0
4.9209903,0,1
4.9214903,0,0
4.92199005,0,1
4.92249005,0,0
4.9229898,0,1
4.92348975,0,0
4.9239895,0,1
4.92448945,0,0
4.92498915,0,1
4.9254892,0,0
4.9259889,0,1
4.92648885,0,0
4.92698855,0,1
4.9274885,0,0
4.92798825,0,1
4.92848825,0,0
4.92898805,0,1
4.92948805,0,0
4.92998775,0,1
4.93048775,0,0
4.93098745,0,1
4.93148745,0,0
4.93198715,0,1
4.93248715,0,0
4.9329868,0,1
4.93348675,0,0
4.9339865,0,1
4.9344865,0,0
4.9349862,0,1
4.9354862,0,0
4.93598595,0,1
4.9364859,0,0
4.93698565,0,1
4.93748565,0,0
4.93798535,0,1
4.9384853,0,0
4.93898505,0,1
4.93948495,0,0
4.9399847,0,1
4.9404846,0,0
4.9409843,0,1
4.9414843,0,0
4.94198405,0,1
4.94248405,0,0
4.9429838,0,1
4.9434838,0,0
4.9439835,0,1
4.9444835,0,0
4.9449832,0,1
4.9454832,0,0
4.94598295,0,1
4.9464829,0,0
4.94698265,0,1
4.94748265,0,0
4.94798235,0,1
4.9484823,0,0
4.94898205,0,1
4.949482,0,0
4.9499817,0,1
4.9504817,0,0
4.95098135,0,1
4.9514813,0,0
4.951981,0,1
4.952481,0,0
4.95298075,0,1
4.9534807,0,0
4.9539804,0,1
4.95448035,0,0
4.95498005,0,1
4.95548005,0,0
4.95597975,0,1
4.9564797,0,0
4.95697945,0,1
4.95747945,0,0
4.9579792,0,1
4.9584792,0,0
4.95897885,0,1
4.9594788,0,0
4.9599785,0,1
4.96047845,0,0
4.96097815,0,1
4.9614781,0,0
4.96197785,0,1
4.9624778,0,0
4.96297755,0,1
4.96347745,0,0
4.96397715,0,1
4.9644771,0,0
4.9649768,0,1
4.96547675,0,0
4.96597645,0,1
4.96647635,0,0
4.96697605,0,1
4.96747595,0,0
4.9679757,0,1
4.9684757,0,0
4.9689754,0,1
4.96947535,0,0
4.96997505,0,1
4.970475,0,0
4.9709747,0,1
4.97147465,0,0
4.97197435,0,1
4.97247425,0,0
4.97297395,0,1
4.9734739,0,0
4.9739736,0,1
4.9744735,0,0
4.9749732,0,1
4.9754732,0,0
4.9759729,0,1
4.9764729,0,0
4.97697255,0,1
4.9774725,0,0
4.9779722,0,1
4.97847215,0,0
4.9789719,0,1
4.97947185,0,0
4.9799716,0,1
4.9804716,0,0
4.9809713,0,1
4.9814713,0,0
4.9819711,0,1
4.98247105,0,0
4.98297075,0,1
4.98347065,0,0
4.9839704,0,1
4.9844704,0,0
4.98497005,0,1
4.98547,0,0
4.9859697,0,1
4.98646975,0,0
4.9869695,0,1
4.98746945,0,0
4.98796915,0,1
4.9884691,0,0
4.9889688,0,1
4.98946875,0,0
4.9899685,0,1
4.9904685,0,0
4.99096825,0,1
4.99146825,0,0
4.99196795,0,1
4.99246795,0,0
4.99296765,0,1
4.9934676,0,0
4.9939673,0,1
4.99446725,0,0
4.99496695,0,1
4.9954669,0,0
4.9959666,0,1
4.99646655,0,0
4.99696625,0,1
4.9974662,0,0
4.99796585,0,1
4.99846585,0,0
4.99896555,0,1
4.99946545,0,0
4.9999651,0,1
