timestamp_s,CH0,CH1
0.0,0,0
0.0002581,0,1
0.00075815,0,0
0.001258,0,1
0.0017581,0,0
0.00225795,0,1
0.002758,0,0
0.0032579,0,1
0.003758,0,0
0.00425785,0,1
0.00475795,0,0
0.00525775,0,1
0.00575785,0,0
0.0062577,0,1
0.0067578,0,0
0.00725765,0,1
0.0077577,0,0
0.0082575,0,1
0.00875755,0,0
0.0092574,0,1
0.00975745,0,0
0.01025725,0,1
0.01075735,0,0
0.0112572,0,1
0.01175725,0,0
0.0122571,0,1
0.0127571,0,0
0.01325695,0,1
0.01375705,0,0
0.01425685,0,1
0.01475695,0,0
0.01525675,0,1
0.0157568,0,0
0.0162566,0,1
0.01675665,0,0
0.0172565,0,1
0.0177566,0,0
0.01825645,0,1
0.01875655,0,0
0.0192564,0,1
0.01975645,0,0
0.02025635,0,1
0.02075645,0,0
0.02125625,0,1
0.0217563,0,0
0.02225615,0,1
0.0227562,0,0
0.02325605,0,1
0.02375615,0,0
0.0242559,0,1
0.02475595,0,0
0.0252557,0,1
0.02575575,0,0
0.02625565,0,1
0.02675575,0,0
0.02725565,0,1
0.0277558,0,0
0.02825565,0,1
0.02875575,0,0
0.0292556,0,1
0.0297557,0,0
0.0302555,0,1
0.0307556,0,0
0.03125545,0,1
0.03175545,0,0
0.0322553,0,1
0.03275535,0,0
0.0332552,0,1
0.0337553,0,0
0.0342551,0,1
0.0347552,0,0
0.03525505,0,1
0.0357551,0,0
0.03625495,0,1
0.03675505,0,0
0.0372549,0,1
0.037755,0,0
0.03825485,0,1
0.0387549,0,0
0.03925475,0,1
0.03975485,0,0
0.0402547,0,1
0.0407548,0,0
0.04125465,0,1
0.04175475,0,0
0.04225455,0,1
0.04275465,0,0
0.0432545,0,1
0.04375455,0,0
0.04425435,0,1
0.04475445,0,0
0.0452542,0,1
0.0457543,0,0
0.0462542,0,1
0.0467543,0,0
0.04725445,0,1
0.04775465,0,0
0.0482542,0,1
0.0487543,0,0
0.04925415,0,1
0.04975425,0,0
0.0500001,1,0
0.05025415,1,1
0.05075425,1,0
0.05125415,1,1
0.05175425,1,0
0.05225425,1,1
0.0527546,1,0
0.0532541,1,1
0.05375435,1,0
0.0542541,1,1
0.05475415,1,0
0.05525385,1,1
0.05575705,1,0
0.0562538,1,1
0.05675395,1,0
0.0572538,1,1
0.0577539,1,0
0.05825375,1,1
0.05875385,1,0
0.05925365,1,1
0.0597537,1,0
0.06025355,1,1
0.0607536,1,0
0.0612534,1,1
0.0617535,1,0
0.0622533,1,1
0.0627534,1,0
0.06325325,1,1
0.06375335,1,0
0.0642532,1,1
0.06475325,1,0
0.0652531,1,1
0.06575315,1,0
0.0659764,0,0
0.06625335,0,1
0.06675315,0,0
0.06725305,0,1
0.06775315,0,0
0.068253,0,1
0.06875305,0,0
0.06925285,0,1
0.0697529,0,0
0.07025275,0,1
0.07075295,0,0
0.0712527,0,1
0.0717525,0,0
0.0722523,0,1
0.07275235,0,0
0.07325215,0,1
0.07375215,0,0
0.07425195,0,1
0.074752,0,0
0.0752518,0,1
0.07575185,0,0
0.0762517,0,1
0.0767517,0,0
0.07725155,0,1
0.0777516,0,0
0.0782514,0,1
0.07875145,0,0
0.0792513,0,1
0.0797514,0,0
0.08025125,0,1
0.08075135,0,0
0.0812512,0,1
0.0817513,0,0
0.08225105,0,1
0.08275105,0,0
0.0832508,0,1
0.0837509,0,0
0.08425075,0,1
0.0847508,0,0
0.08525065,0,1
0.08575075,0,0
0.08625055,0,1
0.08675065,0,0
0.08725045,0,1
0.08775055,0,0
0.0882504,0,1
0.0887505,0,0
0.0892504,0,1
0.08975055,0,0
0.0902504,0,1
0.0907505,0,0
0.09125035,0,1
0.09175045,0,0
0.0922503,0,1
0.0927504,0,0
0.0932502,0,1
0.0937503,0,0
0.09425015,0,1
0.09475025,0,0
0.0952501,0,1
0.09575025,0,0
0.09625015,0,1
0.0967503,0,0
0.09725015,0,1
0.09775025,0,0
0.0982501,0,1
0.09875025,0,0
0.09925015,0,1
0.0997503,0,0
0.1002502,0,1
0.10075025,0,0
0.10125015,0,1
0.1017502,0,0
0.10225005,0,1
0.10275015,0,0
0.10325005,0,1
0.1037501,0,0
0.10425,0,1
0.1047501,0,0
0.10524995,0,1
0.10575,0,0
0.1062499,0,1
0.10674995,0,0
0.1072498,0,1
0.1077499,0,0
0.1082497,0,1
0.1087498,0,0
0.10924965,0,1
0.1097497,0,0
0.11024955,0,1
0.1107496,0,0
0.1112494,0,1
0.11174945,0,0
0.11224925,0,1
0.1127493,0,0
0.1132491,0,1
0.11374915,0,0
0.11424895,0,1
0.114749,0,0
0.11524885,0,1
0.11574895,0,0
0.1162488,0,1
0.1167489,0,0
0.11724875,0,1
0.1177488,0,0
0.1182486,0,1
0.1187487,0,0
0.11924845,0,1
0.1197485,0,0
0.12024835,0,1
0.1207484,0,0
0.12124835,0,1
0.1217486,0,0
0.1222483,0,1
0.12274835,0,0
0.1232484,0,1
0.12374835,0,0
0.12424825,0,1
0.1247487,0,0
0.1252482,0,1
0.1257483,0,0
0.12624815,0,1
0.12674825,0,0
0.1272482,0,1
0.1277482,0,0
0.128248,0,1
0.12874845,0,0
0.1292482,0,1
0.1297481,0,0
0.1302478,0,1
0.1307479,0,0
0.1312477,0,1
0.1317478,0,0
0.1322476,0,1
0.13274765,0,0
0.1332475,0,1
0.1337476,0,0
0.13424745,0,1
0.13474755,0,0
0.13524745,0,1
0.13574755,0,0
0.1362474,0,1
0.13674745,0,0
0.1372473,0,1
0.13774775,0,0
0.13824765,0,1
0.1387476,0,0
0.1392474,0,1
0.13974725,0,0
0.140247,0,1
0.14074705,0,0
0.14124685,0,1
0.1417469,0,0
0.14224695,0,1
0.14274685,0,0
0.1432465,0,1
0.1437468,0,0
0.14424635,0,1
0.14474635,0,0
0.14524655,0,1
0.1457462,0,0
0.1462461,0,1
0.1467459,0,0
0.14724585,0,1
0.14774615,0,0
0.14824575,0,1
0.14874595,0,0
0.1492456,0,1
0.1497461,0,0
0.1502454,0,1
0.15074545,0,0
0.15124535,0,1
0.1517454,0,0
0.15224525,0,1
0.1527453,0,0
0.15324515,0,1
0.15374555,0,0
0.15424485,0,1
0.154745,0,0
0.15524475,0,1
0.15574485,0,0
0.1562447,0,1
0.1567445,0,0
0.15724425,0,1
0.1577443,0,0
0.1582442,0,1
0.15874445,0,0
0.1592438,0,1
0.15974385,0,0
0.1602437,0,1
0.1607436,0,0
0.16124355,0,1
0.1617436,0,0
0.16224375,0,1
0.16274345,0,0
0.16324335,0,1
0.1637433,0,0
0.16424295,0,1
0.164743,0,0
0.1652429,0,1
0.1657429,0,0
0.1662427,0,1
0.1667428,0,0
0.16724255,0,1
0.16774295,0,0
0.16824225,0,1
0.1687424,0,0
0.16924215,0,1
0.16974235,0,0
0.17024225,0,1
0.170742,0,0
0.1712422,0,1
0.17174175,0,0
0.1722417,0,1
0.172742,0,0
0.17324155,0,1
0.17374165,0,0
0.1742418,0,1
0.1747417,0,0
0.1752414,0,1
0.1757414,0,0
0.17624125,0,1
0.1767413,0,0
0.17724115,0,1
0.1777416,0,0
0.17824095,0,1
0.178741,0,0
0.179241,0,1
0.1797411,0,0
0.1802409,0,1
0.180741,0,0
0.18124075,0,1
0.1817412,0,0
0.1822406,0,1
0.18274065,0,0
0.18324045,0,1
0.1837404,0,0
0.18424055,0,1
0.1847403,0,0
0.18524035,0,1
0.1857399,0,0
0.1862401,0,1
0.18674,0,0
0.18723995,0,1
0.18774025,0,0
0.1882397,0,1
0.1887401,0,0
0.1892397,0,1
0.18973975,0,0
0.19023955,0,1
0.1907396,0,0
0.1912394,0,1
0.1917395,0,0
0.1922392,0,1
0.1927393,0,0
0.19323925,0,1
0.19373935,0,0
0.19423915,0,1
0.1947392,0,0
0.1952391,0,1
0.19573955,0,0
0.19623885,0,1
0.1967391,0,0
0.19723895,0,1
0.1977389,0,0
0.19823885,0,1
0.19873895,0,0
0.1992388,0,1
0.1997388,0,0
0.20023875,0,1
0.200739,0,0
0.20123875,0,1
0.20173885,0,0
0.20223895,0,1
0.20273875,0,0
0.2032386,0,1
0.20373895,0,0
0.2042389,0,1
0.2047386,0,0
0.20523875,0,1
0.2057384,0,0
0.206238,0,1
0.20673795,0,0
0.20723785,0,1
0.2077379,0,0
0.20823775,0,1
0.2087379,0,0
0.20923775,0,1
0.20973825,0,0
0.2102376,0,1
0.21073785,0,0
0.21123775,0,1
0.21173785,0,0
0.21223805,0,1
0.21273785,0,0
0.21323795,0,1
0.21373765,0,0
0.21423795,0,1
0.2147377,0,0
0.2152377,0,1
0.2157377,0,0
0.21623755,0,1
0.2167378,0,0
0.2172375,0,1
0.21773765,0,0
0.2182375,0,1
0.21873755,0,0
0.2192374,0,1
0.2197375,0,0
0.22023725,0,1
0.22073735,0,0
0.22123725,0,1
0.2217373,0,0
0.2222371,0,1
0.22273715,0,0
0.22323695,0,1
0.22373745,0,0
0.2242368,0,1
0.22473705,0,0
0.22523695,0,1
0.22573705,0,0
0.2262373,0,1
0.2267372,0,0
0.22723735,0,1
0.227737,0,0
0.2282374,0,1
0.2287371,0,0
0.2292371,0,1
0.2297374,0,0
0.2302369,0,1
0.23073725,0,0
0.2312369,0,1
0.231737,0,0
0.2322369,0,1
0.23273705,0,0
0.23323675,0,1
0.23373735,0,0
0.2342367,0,1
0.2347368,0,0
0.2352368,0,1
0.2357369,0,0
0.23623675,0,1
0.2367368,0,0
0.23723665,0,1
0.2377371,0,0
0.2382364,0,1
0.23873655,0,0
0.2392364,0,1
0.2397365,0,0
0.24023665,0,1
0.24073645,0,0
0.24123655,0,1
0.2417361,0,0
0.24223605,0,1
0.24273615,0,0
0.2432364,0,1
0.24373615,0,0
0.24423625,0,1
0.24473615,0,0
0.245236,0,1
0.24573635,0,0
0.2462363,0,1
0.246736,0,0
0.24723625,0,1
0.24773595,0,0
0.2482357,0,1
0.24873575,0,0
0.24923575,0,1
0.2497359,0,0
0.25023575,0,1
0.25073585,0,0
0.25123575,0,1
0.25173625,0,0
0.2522356,0,1
0.25273585,0,0
0.25323565,0,1
0.25373575,0,0
0.25423595,0,1
0.2547358,0,0
0.2552359,0,1
0.25573555,0,0
0.2562359,0,1
0.25673565,0,0
0.2572356,0,1
0.25773595,0,0
0.25823545,0,1
0.25873575,0,0
0.25923535,0,1
0.2597355,0,0
0.26023535,0,1
0.26073545,0,0
0.2612353,0,1
0.26173545,0,0
0.26223515,0,1
0.26273525,0,0
0.2632352,0,1
0.2637353,0,0
0.2642351,0,1
0.26473515,0,0
0.26523495,0,1
0.2657354,0,0
0.26623475,0,1
0.2667349,0,0
0.2672347,0,1
0.2677348,0,0
0.2682346,0,1
0.26873485,0,0
0.2692349,0,1
0.2697345,0,0
0.2702347,0,1
0.27073455,0,0
0.27123445,0,1
0.2717347,0,0
0.2722341,0,1
0.2727344,0,0
0.27323395,0,1
0.273734,0,0
0.27423375,0,1
0.2747338,0,0
0.2752336,0,1
0.2757337,0,0
0.2762334,0,1
0.2767335,0,0
0.2772334,0,1
0.27773345,0,0
0.27823325,0,1
0.2787333,0,0
0.27923315,0,1
0.27973355,0,0
0.28023235,0,1
0.28073315,0,0
0.28123305,0,1
0.28173285,0,0
0.28223265,0,1
0.28273265,0,0
0.28323245,0,1
0.2837324,0,0
0.2842323,0,1
0.2847325,0,0
0.28523215,0,1
0.2857322,0,0
0.2862324,0,1
0.2867321,0,0
0.2872319,0,1
0.28773225,0,0
0.2882322,0,1
0.2887319,0,0
0.28923215,0,1
0.28973185,0,0
0.29023155,0,1
0.29073165,0,0
0.29123155,0,1
0.29173165,0,0
0.29223145,0,1
0.29273155,0,0
0.2932314,0,1
0.2937318,0,0
0.29423115,0,1
0.29473135,0,0
0.2952312,0,1
0.2957313,0,0
0.2962315,0,1
0.29673135,0,0
0.29723145,0,1
0.297731,0,0
0.2982313,0,1
0.29873095,0,0
0.29923085,0,1
0.2997312,0,0
0.3002306,0,1
0.30073085,0,0
0.30123035,0,1
0.3017303,0,0
0.3022301,0,1
0.30273015,0,0
0.30322995,0,1
0.30372995,0,0
0.3042296,0,1
0.30472965,0,0
0.30522955,0,1
0.3057296,0,0
0.3062294,0,1
0.30672945,0,0
0.30722925,0,1
0.30772965,0,0
0.30822895,0,1
0.3087291,0,0
0.30922885,0,1
0.3097289,0,0
0.31022905,0,1
0.31072885,0,0
0.3112289,0,1
0.3117284,0,0
0.3122283,0,1
0.3127283,0,0
0.31322845,0,1
0.31372815,0,0
0.3142282,0,1
0.314728,0,0
0.31522785,0,1
0.31572815,0,0
0.3162281,0,1
0.3167277,0,0
0.31722785,0,1
0.31772755,0,0
0.31822725,0,1
0.3187273,0,0
0.3192272,0,1
0.31972725,0,0
0.320227,0,1
0.32072725,0,0
0.32122675,0,1
0.32172685,0,0
0.3222264,0,1
0.3227269,0,0
0.3232263,0,1
0.32372635,0,0
0.3242265,0,1
0.32472625,0,0
0.3252263,0,1
0.32572585,0,0
0.326226,0,1
0.3267258,0,0
0.32722575,0,1
0.32772605,0,0
0.3282255,0,1
0.32872575,0,0
0.32922525,0,1
0.3297253,0,0
0.3302251,0,1
0.3307251,0,0
0.3312249,0,1
0.33172495,0,0
0.3322246,0,1
0.33272465,0,0
0.3332246,0,1
0.33372465,0,0
0.3342245,0,1
0.33472455,0,0
0.33522435,0,1
0.3357248,0,0
0.33622425,0,1
0.3367243,0,0
0.3372241,0,1
0.33772415,0,0
0.3382244,0,1
0.33872425,0,0
0.3392244,0,1
0.339724,0,0
0.3402242,0,1
0.3407241,0,0
0.3412241,0,1
0.34172445,0,0
0.34222395,0,1
0.3427243,0,0
0.3432239,0,1
0.343724,0,0
0.3442238,0,1
0.3447239,0,0
0.3452237,0,1
0.3457238,0,0
0.34622355,0,1
0.34672365,0,0
0.34722365,0,1
0.34772375,0,0
0.34822365,0,1
0.34872375,0,0
0.3492236,0,1
0.34972405,0,0
0.35022295,0,1
0.35072385,0,0
0.35122385,0,1
0.3517237,0,0
0.35222355,0,1
0.35272365,0,0
0.35322355,0,1
0.35372355,0,0
0.35422355,0,1
0.3547238,0,0
0.35522355,0,1
0.3557237,0,0
0.35622395,0,1
0.3567237,0,0
0.3572236,0,1
0.35772395,0,0
0.35822395,0,1
0.3587237,0,0
0.35922395,0,1
0.3597237,0,0
0.3602235,0,1
0.36072365,0,0
0.36122355,0,1
0.36172365,0,0
0.36222355,0,1
0.36272365,0,0
0.3632235,0,1
0.3637236,0,0
0.36422345,0,1
0.3647236,0,0
0.3652235,0,1
0.3657237,0,0
0.3662236,0,1
0.3667237,0,0
0.3672236,0,1
0.3677237,0,0
0.3682235,0,1
0.3687236,0,0
0.3692235,0,1
0.36972365,0,0
0.37022355,0,1
0.3707237,0,0
0.3712236,0,1
0.37172375,0,0
0.3722236,0,1
0.3727237,0,0
0.37322355,0,1
0.37372365,0,0
0.3742235,0,1
0.3747236,0,0
0.3752235,0,1
0.3757236,0,0
0.37622345,0,1
0.3767236,0,0
0.3772235,0,1
0.3777236,0,0
0.37822345,0,1
0.37872355,0,0
0.3792234,0,1
0.3797235,0,0
0.3802233,0,1
0.38072335,0,0
0.38122325,0,1
0.38172335,0,0
0.3822232,0,1
0.38272325,0,0
0.3832231,0,1
0.3837232,0,0
0.3842231,0,1
0.3847232,0,0
0.3852231,0,1
0.3857232,0,0
0.3862231,0,1
0.38672325,0,0
0.38722315,0,1
0.3877233,0,0
0.3882232,0,1
0.38872335,0,0
0.38922325,0,1
0.3897234,0,0
0.39022325,0,1
0.3907234,0,0
0.39122325,0,1
0.3917234,0,0
0.39222325,0,1
0.39272335,0,0
0.3932233,0,1
0.3937234,0,0
0.3942233,0,1
0.3947234,0,0
0.3952233,0,1
0.39572335,0,0
0.39622325,0,1
0.3967234,0,0
0.3972233,0,1
0.3977234,0,0
0.39822325,0,1
0.39872335,0,0
0.39922325,0,1
0.3997234,0,0
0.40022325,0,1
0.40072335,0,0
0.40122325,0,1
0.40172335,0,0
0.4022232,0,1
0.4027233,0,0
0.40322315,0,1
0.40372325,0,0
0.40422305,0,1
0.40472315,0,0
0.405223,0,1
0.40572305,0,0
0.40622285,0,1
0.40672295,0,0
0.40722275,0,1
0.4077228,0,0
0.40822265,0,1
0.4087228,0,0
0.4092227,0,1
0.4097228,0,0
0.41022265,0,1
0.41072275,0,0
0.4112226,0,1
0.41172265,0,0
0.41222255,0,1
0.4127226,0,0
0.4132225,0,1
0.4137226,0,0
0.4142225,0,1
0.4147226,0,0
0.41522255,0,1
0.41572265,0,0
0.41622255,0,1
0.4167227,0,0
0.4172226,0,1
0.4177227,0,0
0.4182226,0,1
0.41872275,0,0
0.4192226,0,1
0.4197227,0,0
0.42022255,0,1
0.42072275,0,0
0.42122265,0,1
0.4217228,0,0
0.42222265,0,1
0.4227228,0,0
0.42322265,0,1
0.4237227,0,0
0.4242226,0,1
0.4247227,0,0
0.42522255,0,1
0.4257226,0,0
0.42622245,0,1
0.4267225,0,0
0.4272223,0,1
0.4277224,0,0
0.4282222,0,1
0.42872225,0,0
0.42922215,0,1
0.4297222,0,0
0.4302221,0,1
0.4307222,0,0
0.4312221,0,1
0.4317222,0,0
0.43222205,0,1
0.43272215,0,0
0.433222,0,1
0.4337221,0,0
0.43422195,0,1
0.434722,0,0
0.4352218,0,1
0.4357219,0,0
0.43622175,0,1
0.4367218,0,0
0.43722165,0,1
0.4377217,0,0
0.43822155,0,1
0.43872165,0,0
0.43922155,0,1
0.43972165,0,0
0.4402215,0,1
0.4407216,0,0
0.44122145,0,1
0.44172165,0,0
0.44222155,0,1
0.44272175,0,0
0.44322165,0,1
0.4437218,0,0
0.4442217,0,1
0.44472185,0,0
0.44522175,0,1
0.4457219,0,0
0.44622175,0,1
0.4467219,0,0
0.44722175,0,1
0.4477219,0,0
0.44822175,0,1
0.44872185,0,0
0.44922175,0,1
0.44972185,0,0
0.45022175,0,1
0.45072185,0,0
0.4512218,0,1
0.4517219,0,0
0.4522218,0,1
0.45272195,0,0
0.45322185,0,1
0.45372195,0,0
0.45422185,0,1
0.454722,0,0
0.4552219,0,1
0.455722,0,0
0.45622195,0,1
0.4567221,0,0
0.457222,0,1
0.45772215,0,0
0.458222,0,1
0.45872215,0,0
0.45922205,0,1
0.45972225,0,0
0.4602221,0,1
0.4607222,0,0
0.46122205,0,1
0.4617222,0,0
0.4622221,0,1
0.46272225,0,0
0.46322215,0,1
0.4637223,0,0
0.46422225,0,1
0.4647224,0,0
0.46522235,0,1
0.4657225,0,0
0.4662224,0,1
0.4667226,0,0
0.46722255,0,1
0.46772275,0,0
0.4682227,0,1
0.46872285,0,0
0.4692227,0,1
0.46972285,0,0
0.4702227,0,1
0.4707228,0,0
0.4712227,0,1
0.4717228,0,0
0.4722227,0,1
0.47272285,0,0
0.47322275,0,1
0.47372285,0,0
0.4742228,0,1
0.47472295,0,0
0.47522285,0,1
0.47572295,0,0
0.4762228,0,1
0.47672295,0,0
0.4772228,0,1
0.477723,0,0
0.47822295,0,1
0.4787231,0,0
0.479223,0,1
0.4797232,0,0
0.4802231,0,1
0.4807233,0,0
0.48122325,0,1
0.48172345,0,0
0.4822234,0,1
0.48272355,0,0
0.4832235,0,1
0.48372365,0,0
0.48422365,0,1
0.4847238,0,0
0.48522375,0,1
0.48572385,0,0
0.48622375,0,1
0.48672385,0,0
0.48722375,0,1
0.48772395,0,0
0.48822385,0,1
0.488724,0,0
0.48922385,0,1
0.489724,0,0
0.4902239,0,1
0.49072405,0,0
0.49122395,0,1
0.49172405,0,0
0.4922239,0,1
0.4927241,0,0
0.49322395,0,1
0.49372415,0,0
0.494224,0,1
0.49472415,0,0
0.49522405,0,1
0.49572415,0,0
0.496224,0,1
0.4967241,0,0
0.49722395,0,1
0.4977241,0,0
0.498224,0,1
0.4987241,0,0
0.499224,0,1
0.49972415,0,0
0.50022405,0,1
0.5007242,0,0
0.5012241,0,1
0.5017242,0,0
0.5022241,0,1
0.5027242,0,0
0.5032241,0,1
0.50372425,0,0
0.50422415,0,1
0.50472435,0,0
0.5052243,0,1
0.50572445,0,0
0.50622435,0,1
0.5067245,0,0
0.5072244,0,1
0.5077245,0,0
0.50822435,0,1
0.50872445,0,0
0.50922435,0,1
0.50972445,0,0
0.51022435,0,1
0.51072445,0,0
0.5112243,0,1
0.5117244,0,0
0.5122242,0,1
0.51272425,0,0
0.5132241,0,1
0.5137242,0,0
0.51422405,0,1
0.51472415,0,0
0.51522405,0,1
0.51572415,0,0
0.516224,0,1
0.5167241,0,0
0.51722395,0,1
0.51772405,0,0
0.51822385,0,1
0.51872395,0,0
0.5192238,0,1
0.51972385,0,0
0.5202237,0,1
0.52072375,0,0
0.5212236,0,1
0.52172365,0,0
0.52222355,0,1
0.5227237,0,0
0.5232236,0,1
0.5237237,0,0
0.52422355,0,1
0.5247236,0,0
0.5252235,0,1
0.5257236,0,0
0.5262235,0,1
0.52672355,0,0
0.5272234,0,1
0.52772345,0,0
0.52822325,0,1
0.5287233,0,0
0.5292231,0,1
0.5297232,0,0
0.53022305,0,1
0.53072315,0,0
0.531223,0,1
0.53172305,0,0
0.5322229,0,1
0.532723,0,0
0.5332229,0,1
0.53372305,0,0
0.5342229,0,1
0.53472305,0,0
0.53522295,0,1
0.5357231,0,0
0.53622295,0,1
0.53672305,0,0
0.5372229,0,1
0.53772295,0,0
0.53822275,0,1
0.5387228,0,0
0.53922265,0,1
0.5397227,0,0
0.54022255,0,1
0.54072265,0,0
0.54122245,0,1
0.54172255,0,0
0.54222245,0,1
0.54272255,0,0
0.5432224,0,1
0.5437225,0,0
0.5442223,0,1
0.54472235,0,0
0.54522215,0,1
0.54572225,0,0
0.54622205,0,1
0.5467221,0,0
0.5472219,0,1
0.54772195,0,0
0.5482218,0,1
0.54872195,0,0
0.5492218,0,1
0.5497219,0,0
0.5502217,0,1
0.5507218,0,0
0.5512216,0,1
0.5517217,0,0
0.5522215,0,1
0.55272165,0,0
0.55322155,0,1
0.5537217,0,0
0.5542216,0,1
0.5547217,0,0
0.55522155,0,1
0.55572165,0,0
0.55622155,0,1
0.55672165,0,0
0.55722155,0,1
0.55772165,0,0
0.5582215,0,1
0.55872155,0,0
0.5592214,0,1
0.55972145,0,0
0.5602213,0,1
0.56072135,0,0
0.5612212,0,1
0.5617213,0,0
0.56222115,0,1
0.56272125,0,0
0.5632211,0,1
0.56372115,0,0
0.564221,0,1
0.5647211,0,0
0.5652209,0,1
0.565721,0,0
0.5662208,0,1
0.56672085,0,0
0.56722065,0,1
0.56772075,0,0
0.5682206,0,1
0.5687207,0,0
0.56922055,0,1
0.5697206,0,0
0.57022045,0,1
0.5707205,0,0
0.5712203,0,1
0.5717204,0,0
0.57222025,0,1
0.57272035,0,0
0.5732202,0,1
0.5737203,0,0
0.57422015,0,1
0.57472025,0,0
0.5752201,0,1
0.57572025,0,0
0.5762201,0,1
0.5767202,0,0
0.57722,0,1
0.57772005,0,0
0.5782199,0,1
0.57872,0,0
0.5792199,0,1
0.57972,0,0
0.5802198,0,1
0.58071985,0,0
0.58121965,0,1
0.58171975,0,0
0.58221955,0,1
0.5827196,0,0
0.5832194,0,1
0.58371945,0,0
0.58421925,0,1
0.5847193,0,0
0.5852191,0,1
0.5857192,0,0
0.58621895,0,1
0.586719,0,0
0.5872188,0,1
0.58771885,0,0
0.58821865,0,1
0.58871875,0,0
0.58921855,0,1
0.58971865,0,0
0.5902185,0,1
0.59071865,0,0
0.5912185,0,1
0.5917186,0,0
0.59221845,0,1
0.59271855,0,0
0.59321835,0,1
0.5937184,0,0
0.5942182,0,1
0.59471825,0,0
0.59521805,0,1
0.59571815,0,0
0.596218,0,1
0.59671805,0,0
0.5972179,0,1
0.59771795,0,0
0.5982178,0,1
0.59871785,0,0
0.5992177,0,1
0.59971775,0,0
0.60021755,0,1
0.60071765,0,0
0.60121745,0,1
0.60171755,0,0
0.6022174,0,1
0.60271745,0,0
0.60321735,0,1
0.60371745,0,0
0.60421735,0,1
0.60471745,0,0
0.60521725,0,1
0.6057173,0,0
0.60621715,0,1
0.6067172,0,0
0.607217,0,1
0.60771705,0,0
0.60821685,0,1
0.6087169,0,0
0.60921675,0,1
0.6097168,0,0
0.6102166,0,1
0.6107167,0,0
0.6112165,0,1
0.61171655,0,0
0.61221635,0,1
0.61271645,0,0
0.61321625,0,1
0.6137163,0,0
0.6142161,0,1
0.61471615,0,0
0.61521595,0,1
0.61571605,0,0
0.61621585,0,1
0.6167159,0,0
0.6172157,0,1
0.61771575,0,0
0.6182156,0,1
0.6187157,0,0
0.61921555,0,1
0.61971565,0,0
0.62021555,0,1
0.6207156,0,0
0.62121545,0,1
0.62171555,0,0
0.6222154,0,1
0.6227155,0,0
0.62321535,0,1
0.62371545,0,0
0.62421535,0,1
0.62471545,0,0
0.6252153,0,1
0.6257154,0,0
0.62621525,0,1
0.6267154,0,0
0.6272153,0,1
0.62771535,0,0
0.62821515,0,1
0.62871525,0,0
0.62921505,0,1
0.62971515,0,0
0.63021495,0,1
0.630715,0,0
0.6312148,0,1
0.6317149,0,0
0.63221475,0,1
0.6327148,0,0
0.63321465,0,1
0.6337147,0,0
0.6342145,0,1
0.6347146,0,0
0.6352144,0,1
0.63571445,0,0
0.63621425,0,1
0.63671435,0,0
0.63721415,0,1
0.63771425,0,0
0.63821405,0,1
0.6387142,0,0
0.63921405,0,1
0.6397141,0,0
0.6402139,0,1
0.640714,0,0
0.64121385,0,1
0.6417139,0,0
0.64221375,0,1
0.64271385,0,0
0.64321365,0,1
0.6437137,0,0
0.64421355,0,1
0.6447136,0,0
0.64521345,0,1
0.6457135,0,0
0.64621335,0,1
0.6467134,0,0
0.6472132,0,1
0.64771325,0,0
0.6482131,0,1
0.6487132,0,0
0.64921305,0,1
0.64971315,0,0
0.650213,0,1
0.6507131,0,0
0.651213,0,1
0.65171305,0,0
0.6522129,0,1
0.652713,0,0
0.65321285,0,1
0.653713,0,0
0.65421285,0,1
0.6547129,0,0
0.65521275,0,1
0.6557129,0,0
0.65621275,0,1
0.6567128,0,0
0.65721265,0,1
0.6577127,0,0
0.6582125,0,1
0.6587126,0,0
0.6592125,0,1
0.65971255,0,0
0.66021235,0,1
0.6607124,0,0
0.66121225,0,1
0.6617123,0,0
0.66221215,0,1
0.66271225,0,0
0.66321205,0,1
0.66371215,0,0
0.66421195,0,1
0.66471205,0,0
0.6652119,0,1
0.665712,0,0
0.66621185,0,1
0.6667119,0,0
0.66721175,0,1
0.66771185,0,0
0.66821175,0,1
0.66871185,0,0
0.6692117,0,1
0.66971175,0,0
0.67021155,0,1
0.6707116,0,0
0.67121135,0,1
0.6717114,0,0
0.67221125,0,1
0.67271135,0,0
0.67321115,0,1
0.6737113,0,0
0.6742111,0,1
0.6747112,0,0
0.675211,0,1
0.6757111,0,0
0.67621095,0,1
0.6767111,0,0
0.6772109,0,1
0.67771105,0,0
0.6782109,0,1
0.67871105,0,0
0.6792109,0,1
0.679711,0,0
0.68021085,0,1
0.68071095,0,0
0.6812108,0,1
0.6817109,0,0
0.68221075,0,1
0.68271075,0,0
0.68321055,0,1
0.6837107,0,0
0.68421055,0,1
0.68471065,0,0
0.6852105,0,1
0.68571065,0,0
0.6862105,0,1
0.6867106,0,0
0.68721045,0,1
0.68771055,0,0
0.6882104,0,1
0.6887105,0,0
0.68921035,0,1
0.68971055,0,0
0.6902104,0,1
0.69071055,0,0
0.6912104,0,1
0.6917105,0,0
0.6922104,0,1
0.6927105,0,0
0.69321035,0,1
0.69371055,0,0
0.69421045,0,1
0.69471055,0,0
0.69521035,0,1
0.6957104,0,0
0.6962102,0,1
0.6967103,0,0
0.6972102,0,1
0.6977103,0,0
0.69821015,0,1
0.6987103,0,0
0.69921015,0,1
0.69971025,0,0
0.70021015,0,1
0.7007103,0,0
0.7012102,0,1
0.70171035,0,0
0.7022102,0,1
0.7027103,0,0
0.70321015,0,1
0.70371025,0,0
0.7042101,0,1
0.7047102,0,0
0.7052101,0,1
0.7057102,0,0
0.7062101,0,1
0.70671025,0,0
0.7072101,0,1
0.70771025,0,0
0.70821015,0,1
0.70871025,0,0
0.70921015,0,1
0.70971025,0,0
0.71021015,0,1
0.7107102,0,0
0.71121005,0,1
0.71171015,0,0
0.71221,0,1
0.71271005,0,0
0.71320985,0,1
0.7137099,0,0
0.71420975,0,1
0.71470985,0,0
0.71520965,0,1
0.71570975,0,0
0.7162096,0,1
0.71670965,0,0
0.7172095,0,1
0.7177096,0,0
0.71820945,0,1
0.71870955,0,0
0.71920945,0,1
0.71970955,0,0
0.72020935,0,1
0.7207095,0,0
0.72120935,0,1
0.7217094,0,0
0.72220925,0,1
0.72270935,0,0
0.72320915,0,1
0.72370925,0,0
0.7242091,0,1
0.72470915,0,0
0.72520895,0,1
0.725709,0,0
0.72620885,0,1
0.72670895,0,0
0.72720875,0,1
0.7277088,0,0
0.72820865,0,1
0.7287087,0,0
0.72920855,0,1
0.72970865,0,0
0.7302085,0,1
0.7307086,0,0
0.73120845,0,1
0.73170855,0,0
0.7322084,0,1
0.7327085,0,0
0.7332083,0,1
0.73370835,0,0
0.7342082,0,1
0.7347082,0,0
0.735208,0,1
0.73570805,0,0
0.7362079,0,1
0.73670795,0,0
0.7372078,0,1
0.73770785,0,0
0.73820765,0,1
0.7387077,0,0
0.73920745,0,1
0.7397075,0,0
0.7402073,0,1
0.7407074,0,0
0.7412072,0,1
0.74170725,0,0
0.74220705,0,1
0.7427071,0,0
0.74320685,0,1
0.74370695,0,0
0.74420675,0,1
0.7447068,0,0
0.7452066,0,1
0.7457066,0,0
0.7462064,0,1
0.7467064,0,0
0.74720625,0,1
0.7477063,0,0
0.74820605,0,1
0.7487061,0,0
0.74920595,0,1
0.74970595,0,0
0.75020575,0,1
0.75070585,0,0
0.7512057,0,1
0.7517058,0,0
0.7522056,0,1
0.75270575,0,0
0.7532056,0,1
0.7537057,0,0
0.75420555,0,1
0.7547057,0,0
0.75520555,0,1
0.75570565,0,0
0.7562055,0,1
0.75670565,0,0
0.7572055,0,1
0.7577056,0,0
0.7582055,0,1
0.75870565,0,0
0.7592055,0,1
0.75970565,0,0
0.7602055,0,1
0.76070565,0,0
0.7612055,0,1
0.76170565,0,0
0.7622055,0,1
0.76270565,0,0
0.7632055,0,1
0.7637056,0,0
0.76420545,0,1
0.7647056,0,0
0.76520545,0,1
0.7657056,0,0
0.7662055,0,1
0.7667056,0,0
0.76720545,0,1
0.7677056,0,0
0.7682055,0,1
0.7687056,0,0
0.76920545,0,1
0.76970555,0,0
0.7702054,0,1
0.7707055,0,0
0.77120535,0,1
0.77170545,0,0
0.7722053,0,1
0.7727054,0,0
0.7732052,0,1
0.7737053,0,0
0.77420515,0,1
0.7747052,0,0
0.775205,0,1
0.7757051,0,0
0.7762049,0,1
0.77670495,0,0
0.77720485,0,1
0.7777049,0,0
0.7782047,0,1
0.77870475,0,0
0.7792046,0,1
0.77970465,0,0
0.7802045,0,1
0.7807046,0,0
0.78120445,0,1
0.78170455,0,0
0.7822044,0,1
0.7827045,0,0
0.78320435,0,1
0.7837044,0,0
0.7842042,0,1
0.7847043,0,0
0.7852041,0,1
0.78570415,0,0
0.786204,0,1
0.7867041,0,0
0.7872039,0,1
0.787704,0,0
0.7882038,0,1
0.78870385,0,0
0.7892037,0,1
0.7897038,0,0
0.79020365,0,1
0.79070375,0,0
0.79120365,0,1
0.79170375,0,0
0.7922036,0,1
0.7927037,0,0
0.7932036,0,1
0.7937038,0,0
0.7942037,0,1
0.79470385,0,0
0.7952037,0,1
0.7957038,0,0
0.7962037,0,1
0.7967038,0,0
0.7972036,0,1
0.7977037,0,0
0.7982035,0,1
0.79870355,0,0
0.79920335,0,1
0.79970345,0,0
0.80020325,0,1
0.80070335,0,0
0.8012032,0,1
0.80170325,0,0
0.8022031,0,1
0.8027032,0,0
0.8032031,0,1
0.80370315,0,0
0.804203,0,1
0.80470305,0,0
0.80520295,0,1
0.80570305,0,0
0.80620295,0,1
0.80670305,0,0
0.80720285,0,1
0.80770295,0,0
0.8082028,0,1
0.80870295,0,0
0.8092028,0,1
0.8097029,0,0
0.81020275,0,1
0.81070285,0,0
0.8112027,0,1
0.81170285,0,0
0.8122027,0,1
0.8127028,0,0
0.81320265,0,1
0.81370275,0,0
0.81420255,0,1
0.81470265,0,0
0.8152025,0,1
0.81570265,0,0
0.8162025,0,1
0.8167026,0,0
0.81720245,0,1
0.8177025,0,0
0.81820235,0,1
0.8187024,0,0
0.81920225,0,1
0.8197023,0,0
0.82020215,0,1
0.8207022,0,0
0.821202,0,1
0.8217021,0,0
0.82220195,0,1
0.82270205,0,0
0.8232019,0,1
0.82370195,0,0
0.8242018,0,1
0.8247019,0,0
0.8252017,0,1
0.8257018,0,0
0.8262016,0,1
0.8267017,0,0
0.82720155,0,1
0.8277017,0,0
0.82820155,0,1
0.82870165,0,0
0.82920155,0,1
0.8297017,0,0
0.83020155,0,1
0.83070165,0,0
0.83120155,0,1
0.83170165,0,0
0.8322015,0,1
0.8327016,0,0
0.83320145,0,1
0.83370155,0,0
0.8342014,0,1
0.83470155,0,0
0.8352014,0,1
0.8357015,0,0
0.83620135,0,1
0.83670145,0,0
0.8372013,0,1
0.83770145,0,0
0.8382013,0,1
0.8387014,0,0
0.83920125,0,1
0.8397014,0,0
0.8402012,0,1
0.8407013,0,0
0.84120115,0,1
0.84170125,0,0
0.8422011,0,1
0.84270125,0,0
0.8432011,0,1
0.8437012,0,0
0.84420105,0,1
0.84470115,0,0
0.845201,0,1
0.8457011,0,0
0.84620095,0,1
0.84670105,0,0
0.84720085,0,1
0.84770095,0,0
0.8482008,0,1
0.8487009,0,0
0.8492008,0,1
0.8497009,0,0
0.8502008,0,1
0.85070095,0,0
0.8512008,0,1
0.85170095,0,0
0.85220085,0,1
0.85270095,0,0
0.85320085,0,1
0.853701,0,0
0.8542009,0,1
0.854701,0,0
0.8552008,0,1
0.8557009,0,0
0.8562008,0,1
0.8567009,0,0
0.85720075,0,1
0.85770085,0,0
0.8582007,0,1
0.8587008,0,0
0.85920065,0,1
0.85970075,0,0
0.86020055,0,1
0.86070065,0,0
0.8612005,0,1
0.8617006,0,0
0.8622004,0,1
0.8627005,0,0
0.86320035,0,1
0.8637005,0,0
0.86420035,0,1
0.8647004,0,0
0.86520025,0,1
0.86570035,0,0
0.8662002,0,1
0.8667003,0,0
0.8672002,0,1
0.86770035,0,0
0.86820025,0,1
0.8687004,0,0
0.86920025,0,1
0.8697004,0,0
0.87020025,0,1
0.87070035,0,0
0.87120025,0,1
0.87170035,0,0
0.87220025,0,1
0.87270035,0,0
0.8732002,0,1
0.8737003,0,0
0.8742002,0,1
0.8747003,0,0
0.8752002,0,1
0.87570035,0,0
0.87620025,0,1
0.8767004,0,0
0.87720025,0,1
0.8777004,0,0
0.8782003,0,1
0.87870035,0,0
0.8792002,0,1
0.87970025,0,0
0.8802001,0,1
0.88070015,0,0
0.8812,0,1
0.88170005,0,0
0.88219995,0,1
0.88270005,0,0
0.88319985,0,1
0.88369995,0,0
0.8841998,0,1
0.8846999,0,0
0.88519975,0,1
0.8856998,0,0
0.88619955,0,1
0.88669965,0,0
0.88719955,0,1
0.8876996,0,0
0.8881994,0,1
0.88869945,0,0
0.8891993,0,1
0.88969935,0,0
0.89019915,0,1
0.8906992,0,0
0.891199,0,1
0.8916991,0,0
0.8921989,0,1
0.89269895,0,0
0.8931988,0,1
0.8936988,0,0
0.8941986,0,1
0.89469865,0,0
0.8951985,0,1
0.8956986,0,0
0.89619835,0,1
0.8966984,0,0
0.89719815,0,1
0.8976982,0,0
0.898198,0,1
0.8986981,0,0
0.89919795,0,1
0.899698,0,0
0.9001979,0,1
0.900698,0,0
0.90119785,0,1
0.9016979,0,0
0.9021977,0,1
0.90269775,0,0
0.9031976,0,1
0.9036977,0,0
0.9041975,0,1
0.90469755,0,0
0.90519735,0,1
0.90569745,0,0
0.9061973,0,1
0.90669735,0,0
0.90719725,0,1
0.9076973,0,0
0.9081971,0,1
0.9086972,0,0
0.909197,0,1
0.9096971,0,0
0.91019695,0,1
0.91069705,0,0
0.91119685,0,1
0.9116969,0,0
0.9121967,0,1
0.91269675,0,0
0.9131966,0,1
0.91369665,0,0
0.91419645,0,1
0.9146965,0,0
0.91519625,0,1
0.91569635,0,0
0.9161961,0,1
0.9166962,0,0
0.917196,0,1
0.9176961,0,0
0.91819595,0,1
0.91869605,0,0
0.9191959,0,1
0.91969595,0,0
0.9201958,0,1
0.9206959,0,0
0.9211958,0,1
0.9216959,0,0
0.92219575,0,1
0.9226959,0,0
0.92319585,0,1
0.92369595,0,0
0.92419585,0,1
0.92469595,0,0
0.9251958,0,1
0.9256959,0,0
0.9261957,0,1
0.92669585,0,0
0.9271957,0,1
0.92769585,0,0
0.9281957,0,1
0.9286958,0,0
0.92919565,0,1
0.92969575,0,0
0.93019555,0,1
0.93069565,0,0
0.9311955,0,1
0.93169555,0,0
0.9321954,0,1
0.9326955,0,0
0.9331953,0,1
0.9336954,0,0
0.9341952,0,1
0.9346953,0,0
0.93519515,0,1
0.93569525,0,0
0.9361951,0,1
0.9366952,0,0
0.93719505,0,1
0.93769515,0,0
0.93819505,0,1
0.93869515,0,0
0.93919505,0,1
0.9396951,0,0
0.94019495,0,1
0.9406951,0,0
0.94119495,0,1
0.941695,0,0
0.94219475,0,1
0.94269475,0,0
0.94319445,0,1
0.94369445,0,0
0.94419425,0,1
0.94469435,0,0
0.94519415,0,1
0.94569425,0,0
0.946194,0,1
0.946694,0,0
0.9471938,0,1
0.9476938,0,0
0.9481936,0,1
0.9486936,0,0
0.94919335,0,1
0.94969335,0,0
0.95019315,0,1
0.9506932,0,0
0.95119305,0,1
0.95169315,0,0
0.95219295,0,1
0.95269305,0,0
0.95319285,0,1
0.95369295,0,0
0.95419275,0,1
0.9546928,0,0
0.9551926,0,1
0.9556926,0,0
0.9561924,0,1
0.95669245,0,0
0.95719225,0,1
0.9576923,0,0
0.958192,0,1
0.95869205,0,0
0.95919185,0,1
0.9596919,0,0
0.9601917,0,1
0.9606917,0,0
0.9611915,0,1
0.9616915,0,0
0.9621913,0,1
0.9626913,0,0
0.9631911,0,1
0.9636911,0,0
0.9641909,0,1
0.9646909,0,0
0.9651907,0,1
0.9656907,0,0
0.9661905,0,1
0.96669055,0,0
0.9671903,0,1
0.9676904,0,0
0.9681902,0,1
0.9686902,0,0
0.96919,0,1
0.96969005,0,0
0.9701898,0,1
0.97068985,0,0
0.97118965,0,1
0.9716896,0,0
0.9721894,0,1
0.9726894,0,0
0.9731892,0,1
0.9736892,0,0
0.9741889,0,1
0.97468895,0,0
0.97518875,0,1
0.97568875,0,0
0.9761885,0,1
0.97668855,0,0
0.97718835,0,1
0.97768835,0,0
0.97818815,0,1
0.97868815,0,0
0.97918785,0,1
0.97968785,0,0
0.9801876,0,1
0.9806876,0,0
0.9811874,0,1
0.98168735,0,0
0.98218715,0,1
0.98268715,0,0
0.9831869,0,1
0.9836869,0,0
0.98418665,0,1
0.98468665,0,0
0.9851864,0,1
0.9856864,0,0
0.98618615,0,1
0.9866862,0,0
0.98718595,0,1
0.98768595,0,0
0.9881857,0,1
0.9886857,0,0
0.98918545,0,1
0.98968545,0,0
0.9901852,0,1
0.99068515,0,0
0.9911849,0,1
0.9916849,0,0
0.99218465,0,1
0.9926847,0,0
0.9931844,0,1
0.9936844,0,0
0.9941841,0,1
0.99468415,0,0
0.9951839,0,1
0.9956839,0,0
0.99618365,0,1
0.99668365,0,0
0.9971834,0,1
0.9976834,0,0
0.9981832,0,1
0.9986832,0,0
0.99918295,0,1
0.99968295,0,0
1.00018275,0,1
1.00068275,0,0
1.0011825,0,1
1.00168255,0,0
1.00218235,0,1
1.00268235,0,0
1.00318205,0,1
1.00368205,0,0
1.0041818,0,1
1.0046818,0,0
1.00518155,0,1
1.0056816,0,0
1.00618135,0,1
1.00668135,0,0
1.0071811,0,1
1.0076811,0,0
1.0081808,0,1
1.0086808,0,0
1.0091805,0,1
1.0096805,0,0
1.01018025,0,1
1.01068025,0,0
1.01117995,0,1
1.01167995,0,0
1.01217965,0,1
1.0126796,0,0
1.0131793,0,1
1.01367925,0,0
1.014179,0,1
1.01467895,0,0
1.0151787,0,1
1.01567865,0,0
1.01617835,0,1
1.0166783,0,0
1.017178,0,1
1.017678,0,0
1.0181777,0,1
1.01867775,0,0
1.0191775,0,1
1.0196775,0,0
1.02017725,0,1
1.02067725,0,0
1.021177,0,1
1.021677,0,0
1.0221767,0,1
1.0226767,0,0
1.0231764,0,1
1.0236764,0,0
1.0241761,0,1
1.02467605,0,0
1.0251758,0,1
1.02567575,0,0
1.02617545,0,1
1.02667545,0,0
1.02717515,0,1
1.0276751,0,0
1.0281748,0,1
1.02867485,0,0
1.0291746,0,1
1.02967455,0,0
1.0301743,0,1
1.0306743,0,0
1.0311741,0,1
1.03167415,0,0
1.03217385,0,1
1.0326739,0,0
1.0331736,0,1
1.0336736,0,0
1.03417335,0,1
1.03467335,0,0
1.0351731,0,1
1.0356731,0,0
1.0361729,0,1
1.0366729,0,0
1.03717265,0,1
1.03767265,0,0
1.03817235,0,1
1.03867235,0,0
1.03917215,0,1
1.03967215,0,0
1.04017195,0,1
1.04067195,0,0
1.04117175,0,1
1.0416718,0,0
1.0421716,0,1
1.04267165,0,0
1.04317145,0,1
1.04367145,0,0
1.0441713,0,1
1.0446713,0,0
1.0451711,0,1
1.0456711,0,0
1.0461709,0,1
1.04667095,0,0
1.0471707,0,1
1.04767075,0,0
1.04817055,0,1
1.04867055,0,0
1.0491703,0,1
1.0496703,0,0
1.05017005,0,1
1.05067005,0,0
1.05116985,0,1
1.0516698,0,0
1.0521696,0,1
1.0526696,0,0
1.0531694,0,1
1.0536694,0,0
1.05416915,0,1
1.05466915,0,0
1.05516885,0,1
1.0556689,0,0
1.0561687,0,1
1.0566687,0,0
1.0571685,0,1
1.0576685,0,0
1.05816825,0,1
1.05866825,0,0
1.059168,0,1
1.05966795,0,0
1.06016775,0,1
1.0606677,0,0
1.0611674,0,1
1.06166735,0,0
1.06216705,0,1
1.062667,0,0
1.06316675,0,1
1.0636667,0,0
1.06416645,0,1
1.06466645,0,0
1.06516615,0,1
1.0656661,0,0
1.06616585,0,1
1.0666659,0,0
1.0671656,0,1
1.0676656,0,0
1.06816535,0,1
1.06866535,0,0
1.06916515,0,1
1.06966515,0,0
1.0701649,0,1
1.0706649,0,0
1.0711646,0,1
1.0716646,0,0
1.0721644,0,1
1.0726644,0,0
1.0731641,0,1
1.0736641,0,0
1.07416375,0,1
1.07466375,0,0
1.07516345,0,1
1.07566345,0,0
1.0761632,0,1
1.0766632,0,0
1.07716295,0,1
1.0776629,0,0
1.07816265,0,1
1.0786627,0,0
1.07916245,0,1
1.07966255,0,0
1.0801623,0,1
1.0806623,0,0
1.08116205,0,1
1.0816621,0,0
1.08216185,0,1
1.0826619,0,0
1.08316165,0,1
1.0836617,0,0
1.08416145,0,1
1.0846615,0,0
1.08516125,0,1
1.08566125,0,0
1.08616105,0,1
1.0866611,0,0
1.0871609,0,1
1.08766095,0,0
1.0881607,0,1
1.0886607,0,0
1.0891605,0,1
1.0896605,0,0
1.0901603,0,1
1.09066035,0,0
1.0911601,0,1
1.09166015,0,0
1.0921599,0,1
1.09266,0,0
1.0931598,0,1
1.0936598,0,0
1.09415965,0,1
1.0946597,0,0
1.0951595,0,1
1.0956595,0,0
1.09615925,0,1
1.0966593,0,0
1.09715905,0,1
1.097659,0,0
1.0981588,0,1
1.0986588,0,0
1.09915855,0,1
1.0996586,0,0
1.1001584,0,1
1.1006585,0,0
1.1011583,0,1
1.1016583,0,0
1.1021581,0,1
1.10265815,0,0
1.10315795,0,1
1.103658,0,0
1.1041578,0,1
1.1046578,0,0
1.10515755,0,1
1.10565755,0,0
1.10615735,0,1
1.1066574,0,0
1.1071572,0,1
1.10765725,0,0
1.108157,0,1
1.10865695,0,0
1.1091567,0,1
1.10965665,0,0
1.11015645,0,1
1.11065645,0,0
1.11115625,0,1
1.11165625,0,0
1.112156,0,1
1.11265605,0,0
1.1131558,0,1
1.11365585,0,0
1.1141556,0,1
1.1146556,0,0
1.1151554,0,1
1.1156554,0,0
1.1161552,0,1
1.1166552,0,0
1.117155,0,1
1.11765505,0,0
1.1181549,0,1
1.11865495,0,0
1.1191548,0,1
1.1196549,0,0
1.1201547,0,1
1.12065475,0,0
1.1211546,0,1
1.12165465,0,0
1.12215445,0,1
1.1226545,0,0
1.12315425,0,1
1.12365435,0,0
1.12415415,0,1
1.1246542,0,0
1.12515405,0,1
1.1256541,0,0
1.1261539,0,1
1.1266539,0,0
1.1271537,0,1
1.1276537,0,0
1.1281535,0,1
1.1286535,0,0
1.12915335,0,1
1.1296534,0,0
1.1301532,0,1
1.1306533,0,0
1.1311531,0,1
1.13165315,0,0
1.13215295,0,1
1.132653,0,0
1.1331528,0,1
1.1336528,0,0
1.1341526,0,1
1.1346526,0,0
1.13515235,0,1
1.13565235,0,0
1.1361521,0,1
1.1366521,0,0
1.1371519,0,1
1.1376519,0,0
1.13815165,0,1
1.1386517,0,0
1.1391515,0,1
1.13965145,0,0
1.1401512,0,1
1.14065115,0,0
1.1411508,0,1
1.1416508,0,0
1.14215055,0,1
1.14265055,0,0
1.1431503,0,1
1.1436503,0,0
1.14415005,0,1
1.1446501,0,0
1.14514995,0,1
1.14564995,0,0
1.14614975,0,1
1.1466498,0,0
1.1471496,0,1
1.14764965,0,0
1.1481494,0,1
1.14864945,0,0
1.1491492,0,1
1.1496492,0,0
1.150149,0,1
1.15064905,0,0
1.15114885,0,1
1.15164885,0,0
1.1521486,0,1
1.1526486,0,0
1.1531484,0,1
1.15364845,0,0
1.15414825,0,1
1.1546483,0,0
1.15514805,0,1
1.15564805,0,0
1.1561478,0,1
1.1566478,0,0
1.15714755,0,1
1.1576476,0,0
1.15814735,0,1
1.1586474,0,0
1.15914715,0,1
1.15964715,0,0
1.1601469,0,1
1.16064695,0,0
1.1611468,0,1
1.1616469,0,0
1.1621467,0,1
1.1626468,0,0
1.1631466,0,1
1.1636466,0,0
1.16414635,0,1
1.16464635,0,0
1.1651461,0,1
1.1656461,0,0
1.16614585,0,1
1.16664585,0,0
1.16714565,0,1
1.1676457,0,0
1.16814545,0,1
1.16864545,0,0
1.1691452,0,1
1.1696452,0,0
1.17014495,0,1
1.17064495,0,0
1.17114465,0,1
1.1716447,0,0
1.1721444,0,1
1.1726444,0,0
1.17314415,0,1
1.17364415,0,0
1.17414395,0,1
1.1746439,0,0
1.17514365,0,1
1.1756437,0,0
1.1761435,0,1
1.1766435,0,0
1.1771433,0,1
1.1776433,0,0
1.1781431,0,1
1.17864315,0,0
1.1791429,0,1
1.17964295,0,0
1.1801428,0,1
1.1806429,0,0
1.18114275,0,1
1.18164285,0,0
1.1821427,0,1
1.18264275,0,0
1.1831426,0,1
1.1836427,0,0
1.18414255,0,1
1.1846426,0,0
1.1851424,0,1
1.18564245,0,0
1.18614225,0,1
1.1866423,0,0
1.1871421,0,1
1.1876421,0,0
1.18814185,0,1
1.18864185,0,0
1.18914165,0,1
1.1896417,0,0
1.19014145,0,1
1.19064145,0,0
1.19114125,0,1
1.1916413,0,0
1.1921411,0,1
1.19264115,0,0
1.19314095,0,1
1.19364105,0,0
1.19414085,0,1
1.1946409,0,0
1.1951407,0,1
1.1956407,0,0
1.1961405,0,1
1.19664055,0,0
1.19714035,0,1
1.19764035,0,0
1.1981402,0,1
1.19864025,0,0
1.19914005,0,1
1.1996401,0,0
1.20013995,0,1
1.20063995,0,0
1.20113975,0,1
1.20163985,0,0
1.20213965,0,1
1.20263975,0,0
1.2031396,0,1
1.20363965,0,0
1.2041395,0,1
1.20463955,0,0
1.20513935,0,1
1.20563945,0,0
1.2061393,0,1
1.2066394,0,0
1.20713925,0,1
1.2076393,0,0
1.20813915,0,1
1.20863925,0,0
1.2091391,0,1
1.20963915,0,0
1.21013895,0,1
1.210639,0,0
1.2111388,0,1
1.2116389,0,0
1.2121387,0,1
1.21263875,0,0
1.21313855,0,1
1.21363865,0,0
1.21413845,0,1
1.2146385,0,0
1.21513835,0,1
1.2156384,0,0
1.2161382,0,1
1.2166383,0,0
1.2171381,0,1
1.21763815,0,0
1.218138,0,1
1.218638,0,0
1.21913785,0,1
1.2196379,0,0
1.22013775,0,1
1.2206378,0,0
1.2211376,0,1
1.2216377,0,0
1.2221375,0,1
1.2226376,0,0
1.2231374,0,1
1.22363745,0,0
1.2241373,0,1
1.22463735,0,0
1.22513715,0,1
1.2256372,0,0
1.22613695,0,1
1.226637,0,0
1.22713675,0,1
1.2276368,0,0
1.2281366,0,1
1.22863665,0,0
1.22913645,0,1
1.2296365,0,0
1.23013635,0,1
1.2306364,0,0
1.2311362,0,1
1.23163625,0,0
1.23213605,0,1
1.23263615,0,0
1.23313595,0,1
1.233636,0,0
1.2341358,0,1
1.2346359,0,0
1.23513565,0,1
1.2356357,0,0
1.2361355,0,1
1.2366356,0,0
1.23713545,0,1
1.23763555,0,0
1.2381354,0,1
1.2386355,0,0
1.23913535,0,1
1.23963545,0,0
1.24013525,0,1
1.24063535,0,0
1.24113515,0,1
1.24163525,0,0
1.2421351,0,1
1.2426352,0,0
1.24313505,0,1
1.2436351,0,0
1.24413495,0,1
1.24463505,0,0
1.24513485,0,1
1.2456349,0,0
1.2461347,0,1
1.24663475,0,0
1.24713455,0,1
1.24763465,0,0
1.24813455,0,1
1.2486346,0,0
1.24913445,0,1
1.2496346,0,0
1.25013445,0,1
1.2506345,0,0
1.25113435,0,1
1.25163445,0,0
1.2521343,0,1
1.25263435,0,0
1.25313415,0,1
1.2536342,0,0
1.254134,0,1
1.25463405,0,0
1.25513385,0,1
1.25563385,0,0
1.25613365,0,1
1.2566337,0,0
1.2571335,0,1
1.2576336,0,0
1.2581334,0,1
1.25863345,0,0
1.2591333,0,1
1.25963335,0,0
1.26013315,0,1
1.26063325,0,0
1.2611331,0,1
1.26163325,0,0
1.2621331,0,1
1.26263315,0,0
1.26313305,0,1
1.2636331,0,0
1.2641329,0,1
1.26463295,0,0
1.2651328,0,1
1.2656329,0,0
1.26613265,0,1
1.2666327,0,0
1.26713255,0,1
1.26763265,0,0
1.2681325,0,1
1.2686326,0,0
1.26913245,0,1
1.26963255,0,0
1.27013235,0,1
1.27063245,0,0
1.2711323,0,1
1.2716324,0,0
1.2721323,0,1
1.27263235,0,0
1.2731322,0,1
1.27363235,0,0
1.2741322,0,1
1.2746323,0,0
1.27513215,0,1
1.27563225,0,0
1.27613215,0,1
1.27663225,0,0
1.2771321,0,1
1.2776322,0,0
1.27813205,0,1
1.27863215,0,0
1.279132,0,1
1.27963205,0,0
1.28013195,0,1
1.28063205,0,0
1.2811319,0,1
1.28163195,0,0
1.2821318,0,1
1.2826319,0,0
1.2831317,0,1
1.28363175,0,0
1.2841316,0,1
1.2846317,0,0
1.28513155,0,1
1.28563165,0,0
1.2861315,0,1
1.28663165,0,0
1.2871315,0,1
1.2876316,0,0
1.2881315,0,1
1.2886316,0,0
1.28913145,0,1
1.28963155,0,0
1.2901314,0,1
1.2906315,0,0
1.29113135,0,1
1.2916315,0,0
1.29213135,0,1
1.29263145,0,0
1.29313135,0,1
1.29363145,0,0
1.2941313,0,1
1.29463145,0,0
1.29513135,0,1
1.29563145,0,0
1.29613135,0,1
1.2966315,0,0
1.29713135,0,1
1.29763145,0,0
1.2981313,0,1
1.29863135,0,0
1.29913115,0,1
1.2996312,0,0
1.300131,0,1
1.3006311,0,0
1.30113095,0,1
1.30163105,0,0
1.30213085,0,1
1.30263095,0,0
1.3031308,0,1
1.30363085,0,0
1.30413075,0,1
1.30463085,0,0
1.3051307,0,1
1.3056308,0,0
1.30613065,0,1
1.3066307,0,0
1.30713055,0,1
1.3076306,0,0
1.30813045,0,1
1.30863055,0,0
1.30913035,0,1
1.3096304,0,0
1.3101302,0,1
1.3106303,0,0
1.31113015,0,1
1.3116302,0,0
1.3121301,0,1
1.3126302,0,0
1.31312995,0,1
1.31363,0,0
1.31412985,0,1
1.31462995,0,0
1.31512975,0,1
1.3156299,0,0
1.31612975,0,1
1.31662985,0,0
1.3171297,0,1
1.3176298,0,0
1.31812965,0,1
1.31862975,0,0
1.3191296,0,1
1.31962965,0,0
1.3201294,0,1
1.32062945,0,0
1.32112925,0,1
1.32162935,0,0
1.32212915,0,1
1.3226292,0,0
1.32312895,0,1
1.323629,0,0
1.3241288,0,1
1.32462885,0,0
1.32512865,0,1
1.32562865,0,0
1.3261285,0,1
1.32662855,0,0
1.3271284,0,1
1.32762845,0,0
1.3281283,0,1
1.3286284,0,0
1.32912825,0,1
1.32962835,0,0
1.33012815,0,1
1.3306282,0,0
1.33112805,0,1
1.33162815,0,0
1.33212795,0,1
1.33262805,0,0
1.3331279,0,1
1.33362805,0,0
1.3341279,0,1
1.33462795,0,0
1.33512785,0,1
1.3356279,0,0
1.33612775,0,1
1.3366278,0,0
1.33712765,0,1
1.3376277,0,0
1.33812755,0,1
1.3386276,0,0
1.3391274,0,1
1.3396275,0,0
1.34012725,0,1
1.3406273,0,0
1.3411272,0,1
1.34162725,0,0
1.34212705,0,1
1.34262715,0,0
1.343127,0,1
1.34362705,0,0
1.3441269,0,1
1.344627,0,0
1.3451269,0,1
1.34562705,0,0
1.34612685,0,1
1.3466269,0,0
1.34712675,0,1
1.34762685,0,0
1.3481267,0,1
1.3486268,0,0
1.3491266,0,1
1.3496267,0,0
1.3501265,0,1
1.3506266,0,0
1.3511264,0,1
1.3516265,0,0
1.35212635,0,1
1.35262645,0,0
1.3531263,0,1
1.3536264,0,0
1.3541262,0,1
1.35462625,0,0
1.3551261,0,1
1.35562615,0,0
1.35612595,0,1
1.356626,0,0
1.35712585,0,1
1.35762595,0,0
1.35812575,0,1
1.35862585,0,0
1.3591257,0,1
1.35962575,0,0
1.3601256,0,1
1.3606257,0,0
1.3611255,0,1
1.3616256,0,0
1.3621254,0,1
1.3626255,0,0
1.3631254,0,1
1.3636255,0,0
1.3641254,0,1
1.3646255,0,0
1.3651254,0,1
1.3656255,0,0
1.3661254,0,1
1.3666255,0,0
1.36712535,0,1
1.3676255,0,0
1.3681254,0,1
1.36862555,0,0
1.3691254,0,1
1.3696255,0,0
1.37012535,0,1
1.3706255,0,0
1.3711254,0,1
1.3716255,0,0
1.37212535,0,1
1.37262545,0,0
1.37312535,0,1
1.3736255,0,0
1.37412535,0,1
1.37462545,0,0
1.37512525,0,1
1.3756254,0,0
1.3761252,0,1
1.3766253,0,0
1.3771251,0,1
1.3776252,0,0
1.3781251,0,1
1.3786252,0,0
1.3791251,0,1
1.3796252,0,0
1.3801251,0,1
1.38062515,0,0
1.38112505,0,1
1.38162515,0,0
1.38212505,0,1
1.3826252,0,0
1.38312505,0,1
1.3836252,0,0
1.38412505,0,1
1.38462515,0,0
1.385125,0,1
1.3856251,0,0
1.38612495,0,1
1.38662505,0,0
1.38712495,0,1
1.38762505,0,0
1.38812485,0,1
1.38862495,0,0
1.38912485,0,1
1.389625,0,0
1.3901248,0,1
1.39062495,0,0
1.3911248,0,1
1.39162495,0,0
1.39212485,0,1
1.392625,0,0
1.39312495,0,1
1.39362505,0,0
1.39412495,0,1
1.3946251,0,0
1.395125,0,1
1.3956251,0,0
1.396125,0,1
1.39662515,0,0
1.39712505,0,1
1.3976252,0,0
1.3981251,0,1
1.39862525,0,0
1.3991252,0,1
1.3996253,0,0
1.4001252,0,1
1.40062535,0,0
1.4011252,0,1
1.40162535,0,0
1.40212515,0,1
1.4026253,0,0
1.40312515,0,1
1.40362525,0,0
1.4041251,0,1
1.4046252,0,0
1.40512505,0,1
1.4056251,0,0
1.406125,0,1
1.4066251,0,0
1.40712495,0,1
1.4076251,0,0
1.4081249,0,1
1.408625,0,0
1.40912485,0,1
1.40962495,0,0
1.41012485,0,1
1.41062495,0,0
1.4111248,0,1
1.41162495,0,0
1.41212485,0,1
1.4126249,0,0
1.41312475,0,1
1.41362485,0,0
1.4141247,0,1
1.41462485,0,0
1.4151247,0,1
1.4156248,0,0
1.41612465,0,1
1.41662475,0,0
1.41712465,0,1
1.4176248,0,0
1.4181247,0,1
1.41862485,0,0
1.41912475,0,1
1.41962485,0,0
1.4201248,0,1
1.4206249,0,0
1.42112485,0,1
1.421625,0,0
1.4221249,0,1
1.422625,0,0
1.4231249,0,1
1.42362505,0,0
1.42412495,0,1
1.42462505,0,0
1.4251249,0,1
1.42562505,0,0
1.426125,0,1
1.4266251,0,0
1.427125,0,1
1.4276251,0,0
1.42812505,0,1
1.4286252,0,0
1.4291251,0,1
1.4296253,0,0
1.43012515,0,1
1.43062525,0,0
1.4311251,0,1
1.43162515,0,0
1.43212495,0,1
1.43262505,0,0
1.43312485,0,1
1.433625,0,0
1.43412485,0,1
1.43462495,0,0
1.4351248,0,1
1.4356249,0,0
1.4361248,0,1
1.43662495,0,0
1.43712485,0,1
1.437625,0,0
1.4381249,0,1
1.43862505,0,0
1.4391249,0,1
1.4396251,0,0
1.440125,0,1
1.4406251,0,0
1.44112495,0,1
1.44162505,0,0
1.44212495,0,1
1.442625,0,0
1.4431249,0,1
1.44362505,0,0
1.4441249,0,1
1.444625,0,0
1.4451249,0,1
1.445625,0,0
1.44612485,0,1
1.44662495,0,0
1.4471248,0,1
1.4476249,0,0
1.4481248,0,1
1.44862495,0,0
1.44912485,0,1
1.449625,0,0
1.45012485,0,1
1.450625,0,0
1.4511249,0,1
1.45162505,0,0
1.4521249,0,1
1.45262505,0,0
1.45312495,0,1
1.45362505,0,0
1.45412495,0,1
1.4546251,0,0
1.45512495,0,1
1.4556251,0,0
1.456125,0,1
1.4566251,0,0
1.45712505,0,1
1.4576252,0,0
1.4581251,0,1
1.4586252,0,0
1.45912515,0,1
1.4596253,0,0
1.46012515,0,1
1.4606253,0,0
1.46112515,0,1
1.4616252,0,0
1.46212505,0,1
1.4626251,0,0
1.46312495,0,1
1.463625,0,0
1.46412485,0,1
1.46462485,0,0
1.4651247,0,1
1.4656248,0,0
1.46612465,0,1
1.46662475,0,0
1.4671246,0,1
1.46762475,0,0
1.46812455,0,1
1.46862465,0,0
1.46912445,0,1
1.46962455,0,0
1.4701244,0,1
1.4706245,0,0
1.47112435,0,1
1.4716245,0,0
1.47212435,0,1
1.47262445,0,0
1.47312425,0,1
1.47362435,0,0
1.4741242,0,1
1.4746243,0,0
1.47512415,0,1
1.47562425,0,0
1.47612405,0,1
1.47662415,0,0
1.477124,0,1
1.4776241,0,0
1.47812395,0,1
1.47862405,0,0
1.4791239,0,1
1.479624,0,0
1.4801239,0,1
1.480624,0,0
1.48112385,0,1
1.4816239,0,0
1.4821237,0,1
1.4826238,0,0
1.4831236,0,1
1.4836237,0,0
1.4841235,0,1
1.48462355,0,0
1.4851234,0,1
1.48562355,0,0
1.4861234,0,1
1.4866235,0,0
1.48712335,0,1
1.4876235,0,0
1.48812335,0,1
1.48862345,0,0
1.48912325,0,1
1.48962335,0,0
1.49012315,0,1
1.49062325,0,0
1.49112305,0,1
1.4916232,0,0
1.49212305,0,1
1.4926231,0,0
1.4931229,0,1
1.49362295,0,0
1.4941228,0,1
1.4946229,0,0
1.49512275,0,1
1.4956228,0,0
1.49612265,0,1
1.49662275,0,0
1.4971226,0,1
1.49762265,0,0
1.4981225,0,1
1.4986226,0,0
1.49912245,0,1
1.4996225,0,0
1.5001224,0,1
1.50062245,0,0
1.50112225,0,1
1.5016224,0,0
1.5021222,0,1
1.5026223,0,0
1.50312215,0,1
1.5036222,0,0
1.504122,0,1
1.50462205,0,0
1.50512185,0,1
1.5056219,0,0
1.50612175,0,1
1.5066218,0,0
1.50712165,0,1
1.50762175,0,0
1.5081216,0,1
1.5086216,0,0
1.50912135,0,1
1.5096214,0,0
1.5101212,0,1
1.51062125,0,0
1.5111211,0,1
1.5116212,0,0
1.512121,0,1
1.5126211,0,0
1.51312095,0,1
1.513621,0,0
1.51412085,0,1
1.51462095,0,0
1.51512075,0,1
1.5156208,0,0
1.5161206,0,1
1.51662065,0,0
1.5171204,0,1
1.51762045,0,0
1.51812025,0,1
1.5186203,0,0
1.5191201,0,1
1.51962025,0,0
1.5201201,0,1
1.52062015,0,0
1.52112,0,1
1.5216201,0,0
1.5221199,0,1
1.52261995,0,0
1.52311975,0,1
1.52361985,0,0
1.5241197,0,1
1.5246198,0,0
1.52511965,0,1
1.52561975,0,0
1.52611965,0,1
1.52661975,0,0
1.5271196,0,1
1.5276197,0,0
1.52811955,0,1
1.5286197,0,0
1.5291195,0,1
1.52961955,0,0
1.53011935,0,1
1.5306194,0,0
1.5311192,0,1
1.53161925,0,0
1.53211905,0,1
1.53261915,0,0
1.533119,0,1
1.53361905,0,0
1.5341188,0,1
1.5346189,0,0
1.5351186,0,1
1.5356186,0,0
1.53611835,0,1
1.5366184,0,0
1.5371182,0,1
1.5376183,0,0
1.53811815,0,1
1.5386182,0,0
1.53911805,0,1
1.5396181,0,0
1.5401179,0,1
1.540618,0,0
1.5411178,0,1
1.54161785,0,0
1.54211765,0,1
1.5426177,0,0
1.5431175,0,1
1.54361755,0,0
1.54411735,0,1
1.5446174,0,0
1.5451172,0,1
1.54561725,0,0
1.54611705,0,1
1.5466171,0,0
1.54711685,0,1
1.5476169,0,0
1.54811675,0,1
1.5486168,0,0
1.54911665,0,1
1.54961675,0,0
1.55011655,0,1
1.55061665,0,0
1.5511165,0,1
1.5516166,0,0
1.55211645,0,1
1.5526165,0,0
1.55311635,0,1
1.55361645,0,0
1.55411625,0,1
1.5546163,0,0
1.55511615,0,1
1.55561625,0,0
1.55611615,0,1
1.5566162,0,0
1.5571161,0,1
1.5576162,0,0
1.5581161,0,1
1.5586162,0,0
1.559116,0,1
1.5596161,0,0
1.56011595,0,1
1.56061605,0,0
1.5611159,0,1
1.561616,0,0
1.56211585,0,1
1.56261585,0,0
1.5631157,0,1
1.5636158,0,0
1.56411565,0,1
1.56461575,0,0
1.5651156,0,1
1.5656157,0,0
1.56611555,0,1
1.56661565,0,0
1.5671155,0,1
1.56761565,0,0
1.56811545,0,1
1.56861555,0,0
1.56911545,0,1
1.56961555,0,0
1.5701154,0,1
1.5706155,0,0
1.57111535,0,1
1.5716155,0,0
1.57211535,0,1
1.57261555,0,0
1.5731154,0,1
1.5736155,0,0
1.57411535,0,1
1.5746154,0,0
1.57511525,0,1
1.5756154,0,0
1.5761152,0,1
1.57661525,0,0
1.5771151,0,1
1.57761525,0,0
1.5781151,0,1
1.57861525,0,0
1.5791151,0,1
1.5796152,0,0
1.58011505,0,1
1.58061515,0,0
1.581115,0,1
1.5816151,0,0
1.58211495,0,1
1.58261505,0,0
1.5831149,0,1
1.583615,0,0
1.5841148,0,1
1.5846149,0,0
1.58511475,0,1
1.5856148,0,0
1.5861147,0,1
1.58661475,0,0
1.58711465,0,1
1.58761475,0,0
1.5881146,0,1
1.58861465,0,0
1.5891145,0,1
1.58961455,0,0
1.5901144,0,1
1.59061445,0,0
1.5911143,0,1
1.59161435,0,0
1.5921142,0,1
1.59261425,0,0
1.59311405,0,1
1.5936141,0,0
1.5941139,0,1
1.59461395,0,0
1.59511375,0,1
1.5956138,0,0
1.5961136,0,1
1.5966136,0,0
1.5971134,0,1
1.59761345,0,0
1.59811325,0,1
1.5986133,0,0
1.59911305,0,1
1.59961315,0,0
1.600113,0,1
1.60061305,0,0
1.6011129,0,1
1.60161295,0,0
1.6021128,0,1
1.6026129,0,0
1.60311275,0,1
1.60361285,0,0
1.6041127,0,1
1.60461275,0,0
1.6051126,0,1
1.60561265,0,0
1.60611245,0,1
1.60661255,0,0
1.6071124,0,1
1.6076125,0,0
1.6081123,0,1
1.60861235,0,0
1.6091122,0,1
1.60961225,0,0
1.6101121,0,1
1.61061215,0,0
1.611112,0,1
1.6116121,0,0
1.6121119,0,1
1.612612,0,0
1.6131118,0,1
1.61361185,0,0
1.61411165,0,1
1.61461175,0,0
1.61511155,0,1
1.6156116,0,0
1.6161114,0,1
1.61661145,0,0
1.61711125,0,1
1.6176113,0,0
1.61811115,0,1
1.61861125,0,0
1.6191111,0,1
1.61961125,0,0
1.6201111,0,1
1.6206112,0,0
1.62111105,0,1
1.62161105,0,0
1.6221109,0,1
1.622611,0,0
1.6231109,0,1
1.623611,0,0
1.62411085,0,1
1.6246109,0,0
1.6251108,0,1
1.6256109,0,0
1.6261108,0,1
1.62661095,0,0
1.62711085,0,1
1.627611,0,0
1.6281109,0,1
1.62861105,0,0
1.6291109,0,1
1.62961105,0,0
1.6301109,0,1
1.63061105,0,0
1.6311109,0,1
1.631611,0,0
1.6321108,0,1
1.6326109,0,0
1.63311075,0,1
1.63361085,0,0
1.6341107,0,1
1.6346108,0,0
1.63511065,0,1
1.6356107,0,0
1.63611055,0,1
1.6366106,0,0
1.63711045,0,1
1.6376105,0,0
1.63811035,0,1
1.63861045,0,0
1.6391103,0,1
1.6396104,0,0
1.6401103,0,1
1.6406104,0,0
1.6411103,0,1
1.64161045,0,0
1.64211035,0,1
1.64261045,0,0
1.64311035,0,1
1.6436105,0,0
1.6441104,0,1
1.64461055,0,0
1.64511045,0,1
1.6456106,0,0
1.6461105,0,1
1.6466107,0,0
1.6471106,0,1
1.6476107,0,0
1.6481106,0,1
1.6486107,0,0
1.64911055,0,1
1.6496107,0,0
1.65011055,0,1
1.6506107,0,0
1.6511106,0,1
1.6516107,0,0
1.65211065,0,1
1.65261075,0,0
1.65311065,0,1
1.6536108,0,0
1.65411065,0,1
1.6546108,0,0
1.6551107,0,1
1.65561085,0,0
1.6561107,0,1
1.65661075,0,0
1.65711065,0,1
1.65761075,0,0
1.6581106,0,1
1.65861075,0,0
1.6591106,0,1
1.6596107,0,0
1.6601105,0,1
1.66061055,0,0
1.6611104,0,1
1.66161045,0,0
1.66211025,0,1
1.66261035,0,0
1.66311015,0,1
1.6636102,0,0
1.66411,0,1
1.66461005,0,0
1.6651099,0,1
1.66561005,0,0
1.6661099,0,1
1.66660995,0,0
1.6671098,0,1
1.6676099,0,0
1.6681097,0,1
1.6686098,0,0
1.6691097,0,1
1.6696098,0,0
1.67010965,0,1
1.6706098,0,0
1.6711096,0,1
1.6716097,0,0
1.67210955,0,1
1.6726097,0,0
1.6731096,0,1
1.6736097,0,0
1.67410955,0,1
1.67460965,0,0
1.67510955,0,1
1.67560965,0,0
1.67610955,0,1
1.6766096,0,0
1.67710945,0,1
1.67760955,0,0
1.6781094,0,1
1.67860945,0,0
1.67910925,0,1
1.67960935,0,0
1.6801091,0,1
1.6806092,0,0
1.6811091,0,1
1.6816092,0,0
1.68210905,0,1
1.68260915,0,0
1.68310895,0,1
1.68360905,0,0
1.6841089,0,1
1.68460895,0,0
1.6851088,0,1
1.68560895,0,0
1.68610885,0,1
1.68660895,0,0
1.68710875,0,1
1.68760885,0,0
1.6881087,0,1
1.6886088,0,0
1.6891086,0,1
1.68960865,0,0
1.69010845,0,1
1.6906085,0,0
1.6911083,0,1
1.69160835,0,0
1.69210815,0,1
1.6926082,0,0
1.69310795,0,1
1.69360795,0,0
1.6941077,0,1
1.6946077,0,0
1.6951075,0,1
1.69560755,0,0
1.69610735,0,1
1.69660735,0,0
1.69710715,0,1
1.6976072,0,0
1.69810695,0,1
1.698607,0,0
1.69910675,0,1
1.69960675,0,0
1.7001065,0,1
1.7006065,0,0
1.7011063,0,1
1.7016063,0,0
1.70210605,0,1
1.7026061,0,0
1.7031059,0,1
1.7036059,0,0
1.70410565,0,1
1.7046057,0,0
1.70510545,0,1
1.7056055,0,0
1.7061053,0,1
1.70660535,0,0
1.70710515,0,1
1.70760515,0,0
1.708105,0,1
1.708605,0,0
1.7091048,0,1
1.7096048,0,0
1.71010455,0,1
1.71060455,0,0
1.7111043,0,1
1.7116043,0,0
1.7121041,0,1
1.7126041,0,0
1.7131039,0,1
1.7136039,0,0
1.71410365,0,1
1.71460365,0,0
1.71510345,0,1
1.7156035,0,0
1.71610335,0,1
1.71660335,0,0
1.71710315,0,1
1.7176032,0,0
1.718103,0,1
1.718603,0,0
1.7191028,0,1
1.7196028,0,0
1.7201026,0,1
1.7206026,0,0
1.7211024,0,1
1.7216024,0,0
1.72210215,0,1
1.7226022,0,0
1.72310195,0,1
1.72360195,0,0
1.7241017,0,1
1.7246017,0,0
1.72510145,0,1
1.7256015,0,0
1.72610125,0,1
1.72660125,0,0
1.727101,0,1
1.727601,0,0
1.72810075,0,1
1.72860075,0,0
1.7291005,0,1
1.72960045,0,0
1.73010015,0,1
1.7306001,0,0
1.73109985,0,1
1.7315999,0,0
1.73209965,0,1
1.73259965,0,0
1.7330994,0,1
1.7335994,0,0
1.7340991,0,1
1.73459915,0,0
1.73509885,0,1
1.7355989,0,0
1.73609865,0,1
1.7365987,0,0
1.7370985,0,1
1.7375985,0,0
1.73809825,0,1
1.73859825,0,0
1.73909805,0,1
1.7395981,0,0
1.74009795,0,1
1.74059805,0,0
1.7410978,0,1
1.74159785,0,0
1.7420976,0,1
1.74259765,0,0
1.7430974,0,1
1.7435974,0,0
1.7440972,0,1
1.74459725,0,0
1.74509705,0,1
1.7455971,0,0
1.7460969,0,1
1.746597,0,0
1.7470968,0,1
1.74759685,0,0
1.7480966,0,1
1.74859665,0,0
1.7490964,0,1
1.74959645,0,0
1.7500962,0,1
1.75059625,0,0
1.751096,0,1
1.7515961,0,0
1.75209585,0,1
1.75259595,0,0
1.75309575,0,1
1.7535958,0,0
1.7540956,0,1
1.7545957,0,0
1.75509555,0,1
1.75559565,0,0
1.7560955,0,1
1.75659555,0,0
1.75709535,0,1
1.75759545,0,0
1.7580953,0,1
1.7585954,0,0
1.7590952,0,1
1.7595953,0,0
1.7600951,0,1
1.76059515,0,0
1.76109495,0,1
1.76159505,0,0
1.76209485,0,1
1.7625949,0,0
1.7630947,0,1
1.76359475,0,0
1.76409455,0,1
1.76459455,0,0
1.7650943,0,1
1.76559435,0,0
1.7660941,0,1
1.76659415,0,0
1.76709395,0,1
1.76759395,0,0
1.7680937,0,1
1.76859375,0,0
1.76909355,0,1
1.7695936,0,0
1.7700934,0,1
1.7705934,0,0
1.77109315,0,1
1.7715932,0,0
1.77209295,0,1
1.77259295,0,0
1.77309265,0,1
1.77359265,0,0
1.7740924,0,1
1.7745924,0,0
1.77509215,0,1
1.77559215,0,0
1.7760919,0,1
1.77659195,0,0
1.7770917,0,1
1.7775917,0,0
1.77809145,0,1
1.77859145,0,0
1.7790912,0,1
1.7795912,0,0
1.780091,0,1
1.780591,0,0
1.78109075,0,1
1.7815907,0,0
1.78209045,0,1
1.78259045,0,0
1.78309015,0,1
1.7835901,0,0
1.7840899,0,1
1.7845899,0,0
1.78508965,0,1
1.7855896,0,0
1.78608935,0,1
1.7865893,0,0
1.7870891,0,1
1.78758905,0,0
1.7880888,0,1
1.7885888,0,0
1.7890885,0,1
1.78958855,0,0
1.7900883,0,1
1.79058835,0,0
1.79108815,0,1
1.79158815,0,0
1.7920879,0,1
1.79258785,0,0
1.7930876,0,1
1.7935876,0,0
1.79408735,0,1
1.79458735,0,0
1.7950871,0,1
1.7955871,0,0
1.79608685,0,1
1.7965869,0,0
1.7970867,0,1
1.7975867,0,0
1.7980865,0,1
1.79858655,0,0
1.7990863,0,1
1.79958635,0,0
1.8000861,0,1
1.80058615,0,0
1.8010859,0,1
1.8015859,0,0
1.80208565,0,1
1.80258565,0,0
1.8030854,0,1
1.80358535,0,0
1.8040851,0,1
1.8045851,0,0
1.80508485,0,1
1.8055848,0,0
1.8060845,0,1
1.80658455,0,0
1.8070843,0,1
1.8075843,0,0
1.80808405,0,1
1.80858405,0,0
1.8090838,0,1
1.80958385,0,0
1.81008365,0,1
1.81058365,0,0
1.81108335,0,1
1.81158345,0,0
1.8120832,0,1
1.8125832,0,0
1.813083,0,1
1.813583,0,0
1.81408275,0,1
1.81458275,0,0
1.81508255,0,1
1.8155825,0,0
1.81608225,0,1
1.8165823,0,0
1.8170821,0,1
1.8175821,0,0
1.8180819,0,1
1.8185819,0,0
1.81908165,0,1
1.81958165,0,0
1.8200814,0,1
1.8205814,0,0
1.82108115,0,1
1.8215812,0,0
1.822081,0,1
1.82258105,0,0
1.82308085,0,1
1.8235809,0,0
1.82408065,0,1
1.82458065,0,0
1.8250804,0,1
1.8255804,0,0
1.82608015,0,1
1.82658015,0,0
1.82707985,0,1
1.82757985,0,0
1.8280796,0,1
1.8285796,0,0
1.82907935,0,1
1.82957935,0,0
1.83007915,0,1
1.83057915,0,0
1.8310789,0,1
1.83157885,0,0
1.83207855,0,1
1.83257855,0,0
1.83307825,0,1
1.8335782,0,0
1.834078,0,1
1.83457795,0,0
1.8350777,0,1
1.8355777,0,0
1.8360775,0,1
1.8365776,0,0
1.83707735,0,1
1.8375774,0,0
1.83807715,0,1
1.8385772,0,0
1.839077,0,1
1.839577,0,0
1.8400768,0,1
1.8405768,0,0
1.84107665,0,1
1.84157665,0,0
1.8420764,0,1
1.84257645,0,0
1.8430762,0,1
1.8435762,0,0
1.84407595,0,1
1.8445759,0,0
1.84507565,0,1
1.84557565,0,0
1.84607535,0,1
1.8465754,0,0
1.8470752,0,1
1.8475752,0,0
1.848075,0,1
1.84857505,0,0
1.84907485,0,1
1.8495749,0,0
1.85007465,0,1
1.85057465,0,0
1.85107435,0,1
1.85157435,0,0
1.85207415,0,1
1.8525742,0,0
1.85307395,0,1
1.8535739,0,0
1.85407365,0,1
1.85457365,0,0
1.8550734,0,1
1.8555734,0,0
1.85607315,0,1
1.8565732,0,0
1.857073,0,1
1.857573,0,0
1.8580728,0,1
1.85857285,0,0
1.8590726,0,1
1.85957265,0,0
1.8600725,0,1
1.86057255,0,0
1.86107235,0,1
1.86157235,0,0
1.8620721,0,1
1.86257215,0,0
1.86307195,0,1
1.863572,0,0
1.8640718,0,1
1.8645719,0,0
1.86507175,0,1
1.86557185,0,0
1.8660717,0,1
1.86657175,0,0
1.8670716,0,1
1.8675717,0,0
1.86807155,0,1
1.86857165,0,0
1.86907145,0,1
1.8695715,0,0
1.87007135,0,1
1.8705714,0,0
1.8710712,0,1
1.87157125,0,0
1.8720711,0,1
1.87257115,0,0
1.87307095,0,1
1.873571,0,0
1.87407075,0,1
1.87457085,0,0
1.8750707,0,1
1.87557075,0,0
1.87607055,0,1
1.87657065,0,0
1.8770705,0,1
1.87757055,0,0
1.87807035,0,1
1.8785704,0,0
1.8790702,0,1
1.87957025,0,0
1.88007,0,1
1.88057005,0,0
1.8810699,0,1
1.88156995,0,0
1.88206975,0,1
1.88256975,0,0
1.88306955,0,1
1.88356955,0,0
1.8840693,0,1
1.88456935,0,0
1.8850692,0,1
1.8855693,0,0
1.8860691,0,1
1.8865692,0,0
1.887069,0,1
1.88756905,0,0
1.88806885,0,1
1.88856885,0,0
1.88906865,0,1
1.88956865,0,0
1.89006845,0,1
1.89056845,0,0
1.89106825,0,1
1.8915683,0,0
1.8920681,0,1
1.89256815,0,0
1.8930679,0,1
1.89356795,0,0
1.89406775,0,1
1.89456775,0,0
1.8950675,0,1
1.89556755,0,0
1.8960673,0,1
1.8965673,0,0
1.8970671,0,1
1.89756715,0,0
1.898067,0,1
1.8985671,0,0
1.8990669,0,1
1.899567,0,0
1.90006685,0,1
1.90056695,0,0
1.90106675,0,1
1.90156675,0,0
1.9020665,0,1
1.9025665,0,0
1.90306625,0,1
1.9035663,0,0
1.9040661,0,1
1.90456615,0,0
1.905066,0,1
1.90556605,0,0
1.9060659,0,1
1.906566,0,0
1.90706585,0,1
1.9075659,0,0
1.9080657,0,1
1.9085657,0,0
1.9090655,0,1
1.9095655,0,0
1.9100653,0,1
1.91056535,0,0
1.91106515,0,1
1.91156525,0,0
1.91206505,0,1
1.9125651,0,0
1.9130648,0,1
1.91356485,0,0
1.9140646,0,1
1.91456465,0,0
1.9150644,0,1
1.91556445,0,0
1.9160643,0,1
1.91656435,0,0
1.91706415,0,1
1.9175642,0,0
1.918064,0,1
1.91856405,0,0
1.9190638,0,1
1.91956375,0,0
1.92006355,0,1
1.9205636,0,0
1.92106345,0,1
1.9215635,0,0
1.9220633,0,1
1.9225634,0,0
1.92306325,0,1
1.92356335,0,0
1.92406315,0,1
1.92456325,0,0
1.92506305,0,1
1.9255631,0,0
1.9260629,0,1
1.92656295,0,0
1.92706275,0,1
1.92756285,0,0
1.92806265,0,1
1.9285627,0,0
1.92906255,0,1
1.92956255,0,0
1.93006235,0,1
1.93056245,0,0
1.9310623,0,1
1.93156235,0,0
1.93206215,0,1
1.93256225,0,0
1.93306205,0,1
1.93356215,0,0
1.934062,0,1
1.93456205,0,0
1.93506185,0,1
1.9355619,0,0
1.93606175,0,1
1.9365618,0,0
1.93706165,0,1
1.93756175,0,0
1.9380616,0,1
1.9385617,0,0
1.9390616,0,1
1.9395617,0,0
1.94006155,0,1
1.94056165,0,0
1.9410615,0,1
1.94156165,0,0
1.94206155,0,1
1.94256165,0,0
1.94306155,0,1
1.9435617,0,0
1.9440616,0,1
1.9445617,0,0
1.94506155,0,1
1.9455617,0,0
1.94606155,0,1
1.94656165,0,0
1.9470615,0,1
1.9475616,0,0
1.94806145,0,1
1.9485615,0,0
1.94906135,0,1
1.94956145,0,0
1.9500613,0,1
1.95056145,0,0
1.95106125,0,1
1.95156135,0,0
1.9520612,0,1
1.9525613,0,0
1.9530611,0,1
1.9535611,0,0
1.95406095,0,1
1.954561,0,0
1.9550608,0,1
1.95556085,0,0
1.95606055,0,1
1.9565606,0,0
1.9570604,0,1
1.95756045,0,0
1.95806025,0,1
1.95856035,0,0
1.9590601,0,1
1.95956015,0,0
1.9600599,0,1
1.96055995,0,0
1.9610597,0,1
1.96155975,0,0
1.96205955,0,1
1.9625596,0,0
1.96305935,0,1
1.9635594,0,0
1.9640592,0,1
1.96455925,0,0
1.965059,0,1
1.9655591,0,0
1.966059,0,1
1.9665591,0,0
1.96705895,0,1
1.9675591,0,0
1.9680589,0,1
1.96855895,0,0
1.9690588,0,1
1.9695589,0,0
1.97005875,0,1
1.9705588,0,0
1.9710587,0,1
1.9715588,0,0
1.9720586,0,1
1.9725587,0,0
1.9730585,0,1
1.97355855,0,0
1.97405845,0,1
1.9745585,0,0
1.9750584,0,1
1.9755585,0,0
1.97605835,0,1
1.97655845,0,0
1.9770583,0,1
1.97755845,0,0
1.9780583,0,1
1.97855845,0,0
1.97905825,0,1
1.9795584,0,0
1.9800583,0,1
1.9805584,0,0
1.98105825,0,1
1.9815583,0,0
1.9820582,0,1
1.9825583,0,0
1.98305815,0,1
1.9835583,0,0
1.98405815,0,1
1.9845582,0,0
1.9850581,0,1
1.98555825,0,0
1.98605815,0,1
1.9865583,0,0
1.9870582,0,1
1.98755835,0,0
1.9880582,0,1
1.98855825,0,0
1.98905805,0,1
1.98955815,0,0
1.990058,0,1
1.9905581,0,0
1.99105795,0,1
1.99155805,0,0
1.99205795,0,1
1.99255805,0,0
1.99305795,0,1
1.99355805,0,0
1.9940579,0,1
1.99455795,0,0
1.9950578,0,1
1.99555785,0,0
1.9960577,0,1
1.99655775,0,0
1.9970576,0,1
1.99755765,0,0
1.9980575,0,1
1.9985576,0,0
1.9990574,0,1
1.9995575,0,0
2.0000573,0,1
2.00055735,0,0
2.0010572,0,1
2.0015573,0,0
2.0020571,0,1
2.0025572,0,0
2.00305705,0,1
2.0035571,0,0
2.00405695,0,1
2.004557,0,0
2.00505685,0,1
2.00555695,0,0
2.00605675,0,1
2.00655685,0,0
2.00705665,0,1
2.0075567,0,0
2.0080565,0,1
2.00855655,0,0
2.0090564,0,1
2.0095565,0,0
2.01005635,0,1
2.0105564,0,0
2.01105625,0,1
2.01155635,0,0
2.0120562,0,1
2.01255635,0,0
2.01305615,0,1
2.01355625,0,0
2.01405605,0,1
2.01455615,0,0
2.015056,0,1
2.01555615,0,0
2.0160559,0,1
2.016556,0,0
2.0170558,0,1
2.01755585,0,0
2.0180557,0,1
2.0185557,0,0
2.0190555,0,1
2.01955555,0,0
2.02005535,0,1
2.0205554,0,0
2.02105525,0,1
2.02155525,0,0
2.02205505,0,1
2.0225551,0,0
2.0230549,0,1
2.02355495,0,0
2.0240548,0,1
2.0245549,0,0
2.02505475,0,1
2.02555485,0,0
2.0260547,0,1
2.02655475,0,0
2.0270546,0,1
2.0275547,0,0
2.02805455,0,1
2.02855465,0,0
2.02905455,0,1
2.02955465,0,0
2.0300545,0,1
2.0305546,0,0
2.0310545,0,1
2.03155465,0,0
2.03205455,0,1
2.03255465,0,0
2.0330545,0,1
2.03355465,0,0
2.03405455,0,1
2.03455465,0,0
2.0350545,0,1
2.0355546,0,0
2.0360545,0,1
2.0365546,0,0
2.03705445,0,1
2.03755455,0,0
2.0380544,0,1
2.03855455,0,0
2.0390544,0,1
2.03955455,0,0
2.0400544,0,1
2.0405545,0,0
2.04105435,0,1
2.0415545,0,0
2.0420544,0,1
2.0425545,0,0
2.04305435,0,1
2.0435545,0,0
2.04405435,0,1
2.0445545,0,0
2.0450544,0,1
2.04555455,0,0
2.04605445,0,1
2.04655455,0,0
2.0470544,0,1
2.0475545,0,0
2.0480544,0,1
2.04855445,0,0
2.04905425,0,1
2.04955435,0,0
2.05005425,0,1
2.05055435,0,0
2.0510542,0,1
2.0515543,0,0
2.05205415,0,1
2.05255425,0,0
2.0530541,0,1
2.0535542,0,0
2.05405405,0,1
2.0545542,0,0
2.05505405,0,1
2.0555542,0,0
2.05605405,0,1
2.05655415,0,0
2.05705405,0,1
2.0575542,0,0
2.0580541,0,1
2.05855425,0,0
2.05905405,0,1
2.05955415,0,0
2.060054,0,1
2.06055415,0,0
2.06105405,0,1
2.0615542,0,0
2.06205405,0,1
2.0625541,0,0
2.06305395,0,1
2.0635541,0,0
2.0640539,0,1
2.064554,0,0
2.06505385,0,1
2.065554,0,0
2.06605385,0,1
2.066554,0,0
2.06705385,0,1
2.067554,0,0
2.06805385,0,1
2.06855395,0,0
2.06905375,0,1
2.06955385,0,0
2.0700537,0,1
2.0705538,0,0
2.07105365,0,1
2.07155375,0,0
2.07205355,0,1
2.07255365,0,0
2.07305345,0,1
2.07355355,0,0
2.0740534,0,1
2.07455345,0,0
2.0750533,0,1
2.07555335,0,0
2.07605315,0,1
2.0765532,0,0
2.07705305,0,1
2.0775531,0,0
2.07805295,0,1
2.0785531,0,0
2.079053,0,1
2.07955315,0,0
2.080053,0,1
2.0805531,0,0
2.08105295,0,1
2.08155305,0,0
2.0820529,0,1
2.082553,0,0
2.08305285,0,1
2.08355295,0,0
2.0840528,0,1
2.08455285,0,0
2.08505265,0,1
2.0855527,0,0
2.0860526,0,1
2.08655275,0,0
2.08705265,0,1
2.08755275,0,0
2.0880526,0,1
2.08855265,0,0
2.0890525,0,1
2.0895526,0,0
2.09005245,0,1
2.09055255,0,0
2.0910524,0,1
2.0915525,0,0
2.09205235,0,1
2.0925525,0,0
2.09305235,0,1
2.09355245,0,0
2.09405235,0,1
2.09455245,0,0
2.09505235,0,1
2.0955525,0,0
2.09605235,0,1
2.09655245,0,0
2.0970523,0,1
2.09755245,0,0
2.0980523,0,1
2.09855245,0,0
2.0990523,0,1
2.09955235,0,0
2.10005225,0,1
2.1005523,0,0
2.10105215,0,1
2.10155225,0,0
2.1020521,0,1
2.1025522,0,0
2.1030521,0,1
2.10355225,0,0
2.1040521,0,1
2.10455225,0,0
2.10505215,0,1
2.1055523,0,0
2.1060522,0,1
2.1065523,0,0
2.1070521,0,1
2.10755225,0,0
2.1080521,0,1
2.1085522,0,0
2.10905205,0,1
2.10955215,0,0
2.11005195,0,1
2.11055205,0,0
2.1110519,0,1
2.111552,0,0
2.1120519,0,1
2.11255195,0,0
2.1130518,0,1
2.11355195,0,0
2.11405185,0,1
2.114552,0,0
2.11505185,0,1
2.115552,0,0
2.1160519,0,1
2.1165521,0,0
2.11705195,0,1
2.1175521,0,0
2.118052,0,1
2.1185521,0,0
2.11905195,0,1
2.1195521,0,0
2.120052,0,1
2.1205521,0,0
2.121052,0,1
2.12155215,0,0
2.12205205,0,1
2.12255225,0,0
2.12305215,0,1
2.1235523,0,0
2.12405225,0,1
2.1245524,0,0
2.12505235,0,1
2.1255525,0,0
2.12605245,0,1
2.1265526,0,0
2.12705245,0,1
2.12755255,0,0
2.1280524,0,1
2.1285525,0,0
2.12905235,0,1
2.12955245,0,0
2.1300523,0,1
2.1305524,0,0
2.1310523,0,1
2.1315524,0,0
2.1320523,0,1
2.1325524,0,0
2.13305225,0,1
2.1335524,0,0
2.1340523,0,1
2.13455245,0,0
2.1350523,0,1
2.1355524,0,0
2.13605225,0,1
2.13655235,0,0
2.1370523,0,1
2.13755245,0,0
2.13805235,0,1
2.1385525,0,0
2.13905235,0,1
2.1395525,0,0
2.1400524,0,1
2.1405526,0,0
2.1410525,0,1
2.14155275,0,0
2.1420527,0,1
2.14255285,0,0
2.1430528,0,1
2.14355295,0,0
2.14405285,0,1
2.14455305,0,0
2.14505295,0,1
2.14555305,0,0
2.14605295,0,1
2.14655305,0,0
2.147053,0,1
2.14755315,0,0
2.14805305,0,1
2.14855325,0,0
2.14905315,0,1
2.14955325,0,0
2.15005315,0,1
2.1505533,0,0
2.1510532,0,1
2.15155335,0,0
2.1520533,0,1
2.15255345,0,0
2.15305335,0,1
2.15355355,0,0
2.1540535,0,1
2.1545536,0,0
2.1550535,0,1
2.1555536,0,0
2.15605355,0,1
2.1565537,0,0
2.1570536,0,1
2.15755375,0,0
2.1580536,0,1
2.15855375,0,0
2.15905365,0,1
2.1595538,0,0
2.1600537,0,1
2.16055385,0,0
2.16105375,0,1
2.1615539,0,0
2.16205385,0,1
2.162554,0,0
2.1630539,0,1
2.16355405,0,0
2.1640539,0,1
2.16455405,0,0
2.16505395,0,1
2.1655541,0,0
2.166054,0,1
2.16655415,0,0
2.16705405,0,1
2.1675542,0,0
2.16805405,0,1
2.16855415,0,0
2.169054,0,1
2.16955415,0,0
2.170054,0,1
2.17055415,0,0
2.171054,0,1
2.17155415,0,0
2.172054,0,1
2.1725541,0,0
2.173054,0,1
2.17355415,0,0
2.17405405,0,1
2.1745542,0,0
2.1750541,0,1
2.17555425,0,0
2.1760542,0,1
2.1765544,0,0
2.1770543,0,1
2.17755445,0,0
2.17805435,0,1
2.1785545,0,0
2.1790544,0,1
2.1795545,0,0
2.18005445,0,1
2.18055455,0,0
2.1810544,0,1
2.18155455,0,0
2.18205445,0,1
2.1825546,0,0
2.1830545,0,1
2.1835546,0,0
2.18405455,0,1
2.18455465,0,0
2.18505455,0,1
2.1855547,0,0
2.1860546,0,1
2.1865548,0,0
2.1870547,0,1
2.1875549,0,0
2.1880548,0,1
2.18855495,0,0
2.1890549,0,1
2.1895551,0,0
2.19005505,0,1
2.1905552,0,0
2.19105515,0,1
2.1915553,0,0
2.1920552,0,1
2.19255535,0,0
2.1930552,0,1
2.1935553,0,0
2.1940552,0,1
2.1945553,0,0
2.19505515,0,1
2.19555525,0,0
2.19605515,0,1
2.1965553,0,0
2.19705515,0,1
2.1975553,0,0
2.19805515,0,1
2.19855525,0,0
2.19905505,0,1
2.19955515,0,0
2.20005505,0,1
2.20055515,0,0
2.201055,0,1
2.2015551,0,0
2.20205495,0,1
2.20255505,0,0
2.20305495,0,1
2.2035551,0,0
2.204055,0,1
2.20455515,0,0
2.2050551,0,1
2.20555525,0,0
2.20605515,0,1
2.2065553,0,0
2.2070552,0,1
2.2075554,0,0
2.2080553,0,1
2.2085555,0,0
2.2090554,0,1
2.20955555,0,0
2.2100554,0,1
2.2105555,0,0
2.2110554,0,1
2.21155555,0,0
2.21205545,0,1
2.2125556,0,0
2.2130555,0,1
2.2135556,0,0
2.21405545,0,1
2.2145556,0,0
2.2150555,0,1
2.2155556,0,0
2.2160555,0,1
2.21655565,0,0
2.2170556,0,1
2.21755575,0,0
2.2180556,0,1
2.21855575,0,0
2.21905565,0,1
2.2195558,0,0
2.22005575,0,1
2.2205559,0,0
2.22105575,0,1
2.2215559,0,0
2.2220558,0,1
2.2225559,0,0
2.2230558,0,1
2.22355595,0,0
2.22405585,0,1
2.22455595,0,0
2.2250558,0,1
2.2255559,0,0
2.2260557,0,1
2.22655585,0,0
2.22705565,0,1
2.22755575,0,0
2.22805565,0,1
2.22855575,0,0
2.22905565,0,1
2.2295557,0,0
2.23005555,0,1
2.2305557,0,0
2.23105555,0,1
2.2315557,0,0
2.23205555,0,1
2.23255565,0,0
2.2330555,0,1
2.23355565,0,0
2.23405555,0,1
2.2345557,0,0
2.23505555,0,1
2.23555565,0,0
2.2360555,0,1
2.23655565,0,0
2.2370555,0,1
2.23755565,0,0
2.2380555,0,1
2.23855565,0,0
2.2390556,0,1
2.2395557,0,0
2.24005565,0,1
2.24055575,0,0
2.2410557,0,1
2.2415558,0,0
2.24205565,0,1
2.24255575,0,0
2.24305565,0,1
2.24355575,0,0
2.24405565,0,1
2.24455575,0,0
2.24505565,0,1
2.24555575,0,0
2.24605565,0,1
2.24655575,0,0
2.24705565,0,1
2.2475558,0,0
2.24805565,0,1
2.2485558,0,0
2.2490557,0,1
2.2495558,0,0
2.2500557,0,1
2.2505558,0,0
2.2510557,0,1
2.2515558,0,0
2.25205565,0,1
2.25255575,0,0
2.25305565,0,1
2.25355575,0,0
2.25405565,0,1
2.25455575,0,0
2.2550556,0,1
2.2555557,0,0
2.2560556,0,1
2.25655575,0,0
2.25705565,0,1
2.2575558,0,0
2.2580557,0,1
2.25855585,0,0
2.2590557,0,1
2.25955575,0,0
2.26005565,0,1
2.26055575,0,0
2.2610556,0,1
2.2615557,0,0
2.26205555,0,1
2.26255565,0,0
2.26305555,0,1
2.26355565,0,0
2.2640555,0,1
2.2645556,0,0
2.26505545,0,1
2.2655556,0,0
2.26605545,0,1
2.26655555,0,0
2.2670554,0,1
2.26755555,0,0
2.2680554,0,1
2.26855555,0,0
2.2690554,0,1
2.2695555,0,0
2.2700554,0,1
2.2705555,0,0
2.2710554,0,1
2.27155555,0,0
2.2720554,0,1
2.2725555,0,0
2.2730554,0,1
2.2735555,0,0
2.2740553,0,1
2.2745554,0,0
2.27505525,0,1
2.27555535,0,0
2.2760552,0,1
2.2765553,0,0
2.27705515,0,1
2.2775553,0,0
2.27805515,0,1
2.27855525,0,0
2.2790551,0,1
2.2795552,0,0
2.28005495,0,1
2.28055495,0,0
2.2810547,0,1
2.28155475,0,0
2.28205455,0,1
2.28255465,0,0
2.28305445,0,1
2.2835546,0,0
2.2840544,0,1
2.2845545,0,0
2.2850543,0,1
2.2855544,0,0
2.2860542,0,1
2.28655425,0,0
2.28705405,0,1
2.28755405,0,0
2.28805385,0,1
2.2885539,0,0
2.28905375,0,1
2.28955375,0,0
2.2900536,0,1
2.29055365,0,0
2.29105345,0,1
2.29155355,0,0
2.2920534,0,1
2.2925535,0,0
2.2930534,0,1
2.2935535,0,0
2.29405345,0,1
2.29455355,0,0
2.29505345,0,1
2.2955536,0,0
2.2960535,0,1
2.29655365,0,0
2.29705355,0,1
2.2975537,0,0
2.29805355,0,1
2.29855365,0,0
2.29905355,0,1
2.2995536,0,0
2.3000535,0,1
2.30055365,0,0
2.3010536,0,1
2.30155375,0,0
2.30205365,0,1
2.3025538,0,0
2.30305375,0,1
2.3035539,0,0
2.30405385,0,1
2.30455405,0,0
2.305054,0,1
2.3055542,0,0
2.3060541,0,1
2.3065543,0,0
2.30705425,0,1
2.30755445,0,0
2.3080544,0,1
2.30855455,0,0
2.30905445,0,1
2.30955465,0,0
2.3100546,0,1
2.31055485,0,0
2.3110548,0,1
2.31155495,0,0
2.3120549,0,1
2.3125551,0,0
2.313055,0,1
2.31355515,0,0
2.3140551,0,1
2.3145552,0,0
2.3150551,0,1
2.31555525,0,0
2.3160552,0,1
2.31655535,0,0
2.3170552,0,1
2.31755535,0,0
2.31805525,0,1
2.3185554,0,0
2.3190553,0,1
2.31955545,0,0
2.3200554,0,1
2.32055555,0,0
2.3210555,0,1
2.3215557,0,0
2.32205565,0,1
2.32255585,0,0
2.3230558,0,1
2.32355595,0,0
2.3240559,0,1
2.324556,0,0
2.3250559,0,1
2.32555605,0,0
2.3260559,0,1
2.326556,0,0
2.3270559,0,1
2.32755605,0,0
2.32805595,0,1
2.32855605,0,0
2.32905595,0,1
2.3295561,0,0
2.330056,0,1
2.3305561,0,0
2.331056,0,1
2.3315561,0,0
2.332056,0,1
2.3325561,0,0
2.33305595,0,1
2.33355605,0,0
2.33405585,0,1
2.33455595,0,0
2.3350558,0,1
2.3355559,0,0
2.3360558,0,1
2.33655595,0,0
2.33705585,0,1
2.337556,0,0
2.33805585,0,1
2.338556,0,0
2.33905585,0,1
2.3395559,0,0
2.34005575,0,1
2.3405558,0,0
2.3410556,0,1
2.3415557,0,0
2.34205555,0,1
2.3425556,0,0
2.3430554,0,1
2.3435555,0,0
2.34405535,0,1
2.34455545,0,0
2.3450553,0,1
2.34555535,0,0
2.3460552,0,1
2.34655535,0,0
2.3470552,0,1
2.3475553,0,0
2.34805515,0,1
2.3485553,0,0
2.34905515,0,1
2.34955535,0,0
2.35005525,0,1
2.35055535,0,0
2.3510552,0,1
2.3515553,0,0
2.35205525,0,1
2.35255545,0,0
2.3530553,0,1
2.35355545,0,0
2.3540553,0,1
2.35455545,0,0
2.3550553,0,1
2.35555545,0,0
2.3560553,0,1
2.35655545,0,0
2.35705535,0,1
2.35755545,0,0
2.3580553,0,1
2.35855545,0,0
2.3590553,0,1
2.35955545,0,0
2.3600553,0,1
2.36055545,0,0
2.36105535,0,1
2.36155555,0,0
2.3620554,0,1
2.3625555,0,0
2.3630554,0,1
2.36355555,0,0
2.36405545,0,1
2.3645556,0,0
2.3650555,0,1
2.36555565,0,0
2.3660555,0,1
2.36655565,0,0
2.36705555,0,1
2.36755565,0,0
2.3680555,0,1
2.3685556,0,0
2.3690555,0,1
2.3695556,0,0
2.37005545,0,1
2.3705556,0,0
2.3710555,0,1
2.37155565,0,0
2.37205555,0,1
2.37255565,0,0
2.37305555,0,1
2.37355565,0,0
2.37405555,0,1
2.3745557,0,0
2.3750556,0,1
2.37555575,0,0
2.37605565,0,1
2.3765558,0,0
2.3770557,0,1
2.3775558,0,0
2.37805565,0,1
2.3785558,0,0
2.3790557,0,1
2.37955585,0,0
2.3800558,0,1
2.38055595,0,0
2.3810558,0,1
2.3815559,0,0
2.38205575,0,1
2.38255585,0,0
2.3830557,0,1
2.3835558,0,0
2.3840557,0,1
2.3845558,0,0
2.3850557,0,1
2.3855558,0,0
2.3860557,0,1
2.38655585,0,0
2.3870557,0,1
2.3875559,0,0
2.38805575,0,1
2.3885559,0,0
2.3890558,0,1
2.38955595,0,0
2.39005585,0,1
2.390556,0,0
2.39105585,0,1
2.39155595,0,0
2.3920558,0,1
2.39255595,0,0
2.3930558,0,1
2.3935559,0,0
2.3940558,0,1
2.3945559,0,0
2.3950557,0,1
2.3955558,0,0
2.39605565,0,1
2.3965558,0,0
2.39705565,0,1
2.3975557,0,0
2.39805555,0,1
2.39855565,0,0
2.39905545,0,1
2.3995555,0,0
2.4000553,0,1
2.4005554,0,0
2.40105525,0,1
2.4015553,0,0
2.40205515,0,1
2.4025553,0,0
2.40305515,0,1
2.4035552,0,0
2.40405505,0,1
2.40455505,0,0
2.40505485,0,1
2.40555495,0,0
2.40605475,0,1
2.40655485,0,0
2.40705465,0,1
2.4075548,0,0
2.40805465,0,1
2.40855475,0,0
2.40905465,0,1
2.4095548,0,0
2.41005465,0,1
2.41055475,0,0
2.4110546,0,1
2.41155475,0,0
2.4120546,0,1
2.4125547,0,0
2.41305455,0,1
2.41355465,0,0
2.41405445,0,1
2.41455455,0,0
2.4150544,0,1
2.4155545,0,0
2.41605435,0,1
2.41655445,0,0
2.41705425,0,1
2.4175543,0,0
2.4180541,0,1
2.41855415,0,0
2.41905395,0,1
2.419554,0,0
2.42005385,0,1
2.4205539,0,0
2.42105375,0,1
2.4215538,0,0
2.4220536,0,1
2.4225537,0,0
2.4230536,0,1
2.4235537,0,0
2.42405355,0,1
2.42455365,0,0
2.4250535,0,1
2.42555355,0,0
2.42605335,0,1
2.4265534,0,0
2.42705325,0,1
2.42755335,0,0
2.42805315,0,1
2.4285533,0,0
2.4290531,0,1
2.4295532,0,0
2.430053,0,1
2.43055305,0,0
2.4310528,0,1
2.4315528,0,0
2.43205265,0,1
2.4325527,0,0
2.43305245,0,1
2.43355255,0,0
2.43405235,0,1
2.43455245,0,0
2.43505225,0,1
2.4355523,0,0
2.43605215,0,1
2.4365522,0,0
2.437052,0,1
2.4375521,0,0
2.43805195,0,1
2.438552,0,0
2.43905185,0,1
2.43955195,0,0
2.4400518,0,1
2.4405519,0,0
2.44105175,0,1
2.4415518,0,0
2.44205165,0,1
2.44255175,0,0
2.4430516,0,1
2.44355165,0,0
2.44405155,0,1
2.44455165,0,0
2.44505145,0,1
2.44555155,0,0
2.44605135,0,1
2.4465514,0,0
2.4470512,0,1
2.4475513,0,0
2.4480511,0,1
2.4485512,0,0
2.449051,0,1
2.4495511,0,0
2.45005095,0,1
2.450551,0,0
2.45105085,0,1
2.45155095,0,0
2.4520508,0,1
2.4525509,0,0
2.45305075,0,1
2.4535508,0,0
2.45405065,0,1
2.45455065,0,0
2.4550505,0,1
2.45555055,0,0
2.4560504,0,1
2.4565505,0,0
2.4570503,0,1
2.45755035,0,0
2.45805025,0,1
2.4585503,0,0
2.45905015,0,1
2.4595502,0,0
2.46005,0,1
2.46055005,0,0
2.46104985,0,1
2.46154985,0,0
2.46204965,0,1
2.4625497,0,0
2.4630495,0,1
2.46354955,0,0
2.46404935,0,1
2.46454945,0,0
2.46504925,0,1
2.46554935,0,0
2.46604915,0,1
2.46654925,0,0
2.46704905,0,1
2.46754915,0,0
2.468049,0,1
2.46854905,0,0
2.4690489,0,1
2.46954895,0,0
2.47004875,0,1
2.4705488,0,0
2.47104865,0,1
2.47154865,0,0
2.47204845,0,1
2.47254845,0,0
2.4730482,0,1
2.4735482,0,0
2.47404795,0,1
2.474548,0,0
2.47504775,0,1
2.4755478,0,0
2.47604765,0,1
2.4765477,0,0
2.4770475,0,1
2.47754755,0,0
2.4780473,0,1
2.47854735,0,0
2.4790471,0,1
2.47954715,0,0
2.48004695,0,1
2.480547,0,0
2.48104685,0,1
2.4815469,0,0
2.48204675,0,1
2.48254685,0,0
2.48304675,0,1
2.48354685,0,0
2.48404665,0,1
2.48454675,0,0
2.4850466,0,1
2.4855467,0,0
2.4860465,0,1
2.4865466,0,0
2.48704635,0,1
2.4875464,0,0
2.4880462,0,1
2.48854625,0,0
2.48904605,0,1
2.48954615,0,0
2.490046,0,1
2.4905461,0,0
2.49104595,0,1
2.49154605,0,0
2.49204595,0,1
2.492546,0,0
2.49304585,0,1
2.4935459,0,0
2.4940457,0,1
2.49454575,0,0
2.4950456,0,1
2.4955457,0,0
2.4960455,0,1
2.49654555,0,0
2.49704535,0,1
2.49754545,0,0
2.49804525,0,1
2.4985453,0,0
2.4990451,0,1
2.49954515,0,0
2.50004495,0,1
2.50054495,0,0
2.50104475,0,1
2.5015448,0,0
2.50204465,0,1
2.50254475,0,0
2.50304455,0,1
2.50354465,0,0
2.50404445,0,1
2.5045445,0,0
2.5050443,0,1
2.5055443,0,0
2.5060441,0,1
2.50654415,0,0
2.5070439,0,1
2.5075439,0,0
2.5080437,0,1
2.50854375,0,0
2.50904355,0,1
2.5095436,0,0
2.5100434,0,1
2.5105435,0,0
2.51104335,0,1
2.5115434,0,0
2.51204325,0,1
2.51254335,0,0
2.5130432,0,1
2.5135433,0,0
2.51404315,0,1
2.51454325,0,0
2.51504305,0,1
2.5155431,0,0
2.51604295,0,1
2.51654305,0,0
2.51704285,0,1
2.51754295,0,0
2.5180428,0,1
2.5185429,0,0
2.5190427,0,1
2.51954275,0,0
2.5200426,0,1
2.5205427,0,0
2.5210425,0,1
2.52154255,0,0
2.52204235,0,1
2.5225424,0,0
2.52304225,0,1
2.52354235,0,0
2.52404215,0,1
2.5245422,0,0
2.525042,0,1
2.525542,0,0
2.52604185,0,1
2.52654195,0,0
2.52704175,0,1
2.5275418,0,0
2.5280416,0,1
2.5285417,0,0
2.5290415,0,1
2.5295416,0,0
2.53004145,0,1
2.53054145,0,0
2.53104125,0,1
2.5315413,0,0
2.53204115,0,1
2.53254125,0,0
2.5330411,0,1
2.53354125,0,0
2.53404115,0,1
2.53454125,0,0
2.53504115,0,1
2.53554125,0,0
2.5360412,0,1
2.53654135,0,0
2.5370412,0,1
2.5375413,0,0
2.5380412,0,1
2.5385414,0,0
2.5390413,0,1
2.5395414,0,0
2.5400413,0,1
2.54054145,0,0
2.54104135,0,1
2.54154155,0,0
2.5420414,0,1
2.5425416,0,0
2.54304155,0,1
2.54354175,0,0
2.54404165,0,1
2.5445418,0,0
2.5450417,0,1
2.54554185,0,0
2.5460417,0,1
2.54654185,0,0
2.54704175,0,1
2.5475419,0,0
2.54804175,0,1
2.54854185,0,0
2.5490417,0,1
2.54954185,0,0
2.5500417,0,1
2.5505418,0,0
2.5510417,0,1
2.55154185,0,0
2.55204175,0,1
2.55254185,0,0
2.5530417,0,1
2.55354185,0,0
2.5540417,0,1
2.55454185,0,0
2.5550417,0,1
2.55554185,0,0
2.5560417,0,1
2.55654185,0,0
2.55704175,0,1
2.5575419,0,0
2.55804175,0,1
2.5585419,0,0
2.5590418,0,1
2.5595419,0,0
2.56004175,0,1
2.5605419,0,0
2.5610418,0,1
2.5615419,0,0
2.5620418,0,1
2.5625419,0,0
2.5630418,0,1
2.56354195,0,0
2.56404185,0,1
2.564542,0,0
2.56504185,0,1
2.565542,0,0
2.5660419,0,1
2.56654205,0,0
2.56704195,0,1
2.56754215,0,0
2.56804205,0,1
2.56854215,0,0
2.569042,0,1
2.5695421,0,0
2.570042,0,1
2.57054215,0,0
2.571042,0,1
2.57154215,0,0
2.57204205,0,1
2.57254215,0,0
2.57304205,0,1
2.5735422,0,0
2.5740421,0,1
2.57454225,0,0
2.57504215,0,1
2.5755423,0,0
2.57604215,0,1
2.57654225,0,0
2.57704215,0,1
2.5775423,0,0
2.57804215,0,1
2.57854225,0,0
2.57904215,0,1
2.5795423,0,0
2.5800422,0,1
2.58054235,0,0
2.5810422,0,1
2.58154235,0,0
2.58204225,0,1
2.58254245,0,0
2.58304235,0,1
2.5835425,0,0
2.58404245,0,1
2.5845426,0,0
2.5850425,0,1
2.58554265,0,0
2.5860426,0,1
2.58654275,0,0
2.58704265,0,1
2.5875428,0,0
2.58804265,0,1
2.58854275,0,0
2.58904255,0,1
2.5895427,0,0
2.59004255,0,1
2.59054265,0,0
2.59104255,0,1
2.59154265,0,0
2.5920425,0,1
2.5925426,0,0
2.59304245,0,1
2.5935425,0,0
2.59404235,0,1
2.5945424,0,0
2.5950423,0,1
2.5955424,0,0
2.59604225,0,1
2.59654235,0,0
2.5970422,0,1
2.5975423,0,0
2.5980421,0,1
2.5985422,0,0
2.59904205,0,1
2.59954215,0,0
2.60004205,0,1
2.60054215,0,0
2.60104195,0,1
2.601542,0,0
2.60204185,0,1
2.6025419,0,0
2.6030417,0,1
2.6035418,0,0
2.6040416,0,1
2.60454165,0,0
2.6050414,0,1
2.6055414,0,0
2.6060412,0,1
2.60654125,0,0
2.6070411,0,1
2.60754125,0,0
2.6080411,0,1
2.6085412,0,0
2.60904105,0,1
2.60954115,0,0
2.610041,0,1
2.61054105,0,0
2.61104095,0,1
2.61154105,0,0
2.6120409,0,1
2.612541,0,0
2.6130409,0,1
2.61354105,0,0
2.61404095,0,1
2.614541,0,0
2.61504085,0,1
2.615541,0,0
2.61604085,0,1
2.616541,0,0
2.61704085,0,1
2.61754095,0,0
2.61804075,0,1
2.61854085,0,0
2.61904065,0,1
2.61954075,0,0
2.6200406,0,1
2.6205407,0,0
2.6210405,0,1
2.6215406,0,0
2.6220404,0,1
2.62254045,0,0
2.6230403,0,1
2.62354035,0,0
2.6240402,0,1
2.62454025,0,0
2.6250401,0,1
2.6255402,0,0
2.62604,0,1
2.62654005,0,0
2.62703985,0,1
2.62753995,0,0
2.6280398,0,1
2.62853985,0,0
2.6290397,0,1
2.6295398,0,0
2.63003965,0,1
2.63053975,0,0
2.6310396,0,1
2.6315397,0,0
2.63203955,0,1
2.6325397,0,0
2.6330396,0,1
2.63353965,0,0
2.63403955,0,1
2.63453965,0,0
2.6350395,0,1
2.6355396,0,0
2.63603945,0,1
2.6365395,0,0
2.6370394,0,1
2.6375395,0,0
2.63803935,0,1
2.6385395,0,0
2.6390394,0,1
2.63953955,0,0
2.6400394,0,1
2.6405395,0,0
2.64103935,0,1
2.64153945,0,0
2.6420393,0,1
2.64253945,0,0
2.64303925,0,1
2.64353935,0,0
2.64403925,0,1
2.64453935,0,0
2.6450392,0,1
2.64553925,0,0
2.64603905,0,1
2.64653915,0,0
2.6470391,0,1
2.64753925,0,0
2.64803915,0,1
2.6485393,0,0
2.6490392,0,1
2.64953925,0,0
2.65003915,0,1
2.6505393,0,0
2.6510392,0,1
2.65153935,0,0
2.65203925,0,1
2.65253935,0,0
2.65303925,0,1
2.65353935,0,0
2.65403925,0,1
2.6545394,0,0
2.6550393,0,1
2.65553945,0,0
2.65603935,0,1
2.6565395,0,0
2.65703935,0,1
2.65753945,0,0
2.6580393,0,1
2.65853945,0,0
2.65903935,0,1
2.65953945,0,0
2.6600393,0,1
2.66053945,0,0
2.66103935,0,1
2.6615395,0,0
2.6620394,0,1
2.6625396,0,0
2.66303955,0,1
2.6635397,0,0
2.6640396,0,1
2.66453975,0,0
2.66503965,0,1
2.6655397,0,0
2.66603955,0,1
2.6665396,0,0
2.6670394,0,1
2.66753945,0,0
2.6680392,0,1
2.6685393,0,0
2.6690391,0,1
2.66953915,0,0
2.67003895,0,1
2.67053905,0,0
2.6710389,0,1
2.67153895,0,0
2.67203875,0,1
2.67253885,0,0
2.67303865,0,1
2.6735387,0,0
2.67403855,0,1
2.67453865,0,0
2.67503845,0,1
2.67553855,0,0
2.6760384,0,1
2.67653845,0,0
2.67703825,0,1
2.67753835,0,0
2.6780382,0,1
2.67853825,0,0
2.67903805,0,1
2.6795381,0,0
2.6800379,0,1
2.68053805,0,0
2.68103795,0,1
2.681538,0,0
2.6820378,0,1
2.68253785,0,0
2.6830377,0,1
2.6835378,0,0
2.68403765,0,1
2.6845377,0,0
2.68503755,0,1
2.6855376,0,0
2.68603745,0,1
2.68653755,0,0
2.6870374,0,1
2.6875375,0,0
2.6880374,0,1
2.6885375,0,0
2.68903735,0,1
2.68953745,0,0
2.6900373,0,1
2.6905374,0,0
2.6910373,0,1
2.6915374,0,0
2.69203725,0,1
2.69253735,0,0
2.6930372,0,1
2.69353735,0,0
2.6940372,0,1
2.69453735,0,0
2.69503735,0,1
2.6955375,0,0
2.6960374,0,1
2.69653755,0,0
2.6970374,0,1
2.69753745,0,0
2.69803725,0,1
2.69853735,0,0
2.6990372,0,1
2.69953725,0,0
2.7000371,0,1
2.7005372,0,0
2.70103705,0,1
2.70153715,0,0
2.70203705,0,1
2.70253715,0,0
2.70303705,0,1
2.70353715,0,0
2.704037,0,1
2.70453715,0,0
2.705037,0,1
2.7055371,0,0
2.706037,0,1
2.7065371,0,0
2.70703695,0,1
2.70753705,0,0
2.70803685,0,1
2.70853695,0,0
2.7090368,0,1
2.7095369,0,0
2.7100368,0,1
2.7105369,0,0
2.71103675,0,1
2.71153685,0,0
2.7120367,0,1
2.71253685,0,0
2.71303665,0,1
2.7135367,0,0
2.71403655,0,1
2.7145366,0,0
2.7150365,0,1
2.7155366,0,0
2.71603645,0,1
2.71653655,0,0
2.7170364,0,1
2.7175365,0,0
2.7180363,0,1
2.71853635,0,0
2.71903615,0,1
2.7195362,0,0
2.720036,0,1
2.72053605,0,0
2.7210359,0,1
2.72153595,0,0
2.7220358,0,1
2.7225359,0,0
2.7230357,0,1
2.7235358,0,0
2.7240356,0,1
2.7245357,0,0
2.7250355,0,1
2.7255356,0,0
2.7260354,0,1
2.72653545,0,0
2.7270353,0,1
2.72753535,0,0
2.72803525,0,1
2.72853535,0,0
2.72903525,0,1
2.72953535,0,0
2.73003515,0,1
2.73053525,0,0
2.73103515,0,1
2.73153525,0,0
2.7320351,0,1
2.7325352,0,0
2.7330351,0,1
2.7335352,0,0
2.73403505,0,1
2.73453515,0,0
2.73503505,0,1
2.7355352,0,0
2.73603505,0,1
2.7365352,0,0
2.7370351,0,1
2.73753525,0,0
2.7380351,0,1
2.7385352,0,0
2.73903505,0,1
2.73953515,0,0
2.74003505,0,1
2.7405352,0,0
2.7410351,0,1
2.74153525,0,0
2.7420351,0,1
2.7425352,0,0
2.7430351,0,1
2.7435352,0,0
2.7440351,0,1
2.7445352,0,0
2.74503505,0,1
2.7455352,0,0
2.74603505,0,1
2.7465352,0,0
2.74703505,0,1
2.74753515,0,0
2.748035,0,1
2.7485351,0,0
2.749035,0,1
2.7495351,0,0
2.750035,0,1
2.7505351,0,0
2.75103495,0,1
2.7515351,0,0
2.752035,0,1
2.75253515,0,0
2.75303495,0,1
2.7535351,0,0
2.7540349,0,1
2.75453505,0,0
2.7550349,0,1
2.755535,0,0
2.75603485,0,1
2.75653495,0,0
2.75703485,0,1
2.7575349,0,0
2.75803475,0,1
2.7585348,0,0
2.75903465,0,1
2.7595347,0,0
2.7600345,0,1
2.7605346,0,0
2.76103445,0,1
2.76153455,0,0
2.76203435,0,1
2.76253445,0,0
2.7630343,0,1
2.76353445,0,0
2.7640343,0,1
2.76453445,0,0
2.76503435,0,1
2.7655345,0,0
2.7660344,0,1
2.7665345,0,0
2.7670344,0,1
2.76753455,0,0
2.76803445,0,1
2.7685346,0,0
2.76903445,0,1
2.76953455,0,0
2.77003445,0,1
2.7705346,0,0
2.77103445,0,1
2.7715346,0,0
2.7720345,0,1
2.7725346,0,0
2.7730345,0,1
2.77353465,0,0
2.77403445,0,1
2.77453455,0,0
2.77503445,0,1
2.77553455,0,0
2.7760344,0,1
2.7765345,0,0
2.77703435,0,1
2.77753445,0,0
2.77803435,0,1
2.77853445,0,0
2.7790343,0,1
2.77953445,0,0
2.78003435,0,1
2.78053445,0,0
2.78103435,0,1
2.7815345,0,0
2.78203435,0,1
2.7825344,0,0
2.7830343,0,1
2.78353445,0,0
2.7840343,0,1
2.7845344,0,0
2.7850343,0,1
2.78553445,0,0
2.7860343,0,1
2.7865344,0,0
2.78703425,0,1
2.78753435,0,0
2.7880342,0,1
2.78853435,0,0
2.7890342,0,1
2.78953435,0,0
2.79003415,0,1
2.79053425,0,0
2.7910341,0,1
2.7915342,0,0
2.79203405,0,1
2.79253415,0,0
2.793034,0,1
2.7935341,0,0
2.7940339,0,1
2.794534,0,0
2.7950338,0,1
2.7955339,0,0
2.79603375,0,1
2.7965338,0,0
2.79703365,0,1
2.7975337,0,0
2.79803355,0,1
2.7985336,0,0
2.79903345,0,1
2.7995335,0,0
2.80003335,0,1
2.8005334,0,0
2.80103325,0,1
2.80153335,0,0
2.8020332,0,1
2.80253335,0,0
2.8030332,0,1
2.8035333,0,0
2.8040332,0,1
2.8045333,0,0
2.80503315,0,1
2.8055333,0,0
2.8060332,0,1
2.8065333,0,0
2.8070331,0,1
2.80753315,0,0
2.80803295,0,1
2.808533,0,0
2.8090328,0,1
2.8095329,0,0
2.81003275,0,1
2.81053285,0,0
2.8110327,0,1
2.8115328,0,0
2.81203265,0,1
2.81253275,0,0
2.8130326,0,1
2.8135327,0,0
2.81403255,0,1
2.8145326,0,0
2.8150324,0,1
2.81553245,0,0
2.81603225,0,1
2.81653235,0,0
2.8170322,0,1
2.81753225,0,0
2.8180321,0,1
2.81853215,0,0
2.8190319,0,1
2.819532,0,0
2.8200318,0,1
2.82053185,0,0
2.8210317,0,1
2.8215318,0,0
2.82203165,0,1
2.8225317,0,0
2.8230315,0,1
2.8235316,0,0
2.82403145,0,1
2.8245315,0,0
2.8250314,0,1
2.8255315,0,0
2.8260313,0,1
2.8265313,0,0
2.82703115,0,1
2.8275312,0,0
2.82803105,0,1
2.82853115,0,0
2.829031,0,1
2.8295311,0,0
2.830031,0,1
2.8305311,0,0
2.831031,0,1
2.8315311,0,0
2.83203095,0,1
2.83253105,0,0
2.83303095,0,1
2.833531,0,0
2.83403085,0,1
2.8345309,0,0
2.8350307,0,1
2.8355308,0,0
2.83603065,0,1
2.83653075,0,0
2.83703055,0,1
2.83753065,0,0
2.83803045,0,1
2.8385305,0,0
2.8390303,0,1
2.83953035,0,0
2.8400302,0,1
2.84053025,0,0
2.8410301,0,1
2.8415301,0,0
2.84202995,0,1
2.84252995,0,0
2.8430298,0,1
2.8435299,0,0
2.8440297,0,1
2.8445298,0,0
2.84502965,0,1
2.8455297,0,0
2.84602955,0,1
2.84652965,0,0
2.8470295,0,1
2.84752955,0,0
2.8480294,0,1
2.8485295,0,0
2.84902935,0,1
2.8495294,0,0
2.8500292,0,1
2.85052925,0,0
2.8510291,0,1
2.85152925,0,0
2.85202915,0,1
2.8525292,0,0
2.8530291,0,1
2.8535292,0,0
2.85402905,0,1
2.8545292,0,0
2.85502905,0,1
2.8555291,0,0
2.85602895,0,1
2.85652905,0,0
2.8570289,0,1
2.85752895,0,0
2.85802875,0,1
2.85852885,0,0
2.85902865,0,1
2.8595287,0,0
2.8600285,0,1
2.86052855,0,0
2.86102835,0,1
2.8615284,0,0
2.86202825,0,1
2.86252835,0,0
2.86302815,0,1
2.8635282,0,0
2.86402805,0,1
2.86452815,0,0
2.865028,0,1
2.8655281,0,0
2.86602795,0,1
2.86652805,0,0
2.8670279,0,1
2.867528,0,0
2.8680279,0,1
2.868528,0,0
2.8690278,0,1
2.8695279,0,0
2.87002765,0,1
2.87052765,0,0
2.87102745,0,1
2.87152755,0,0
2.87202735,0,1
2.87252745,0,0
2.87302725,0,1
2.87352735,0,0
2.87402725,0,1
2.87452735,0,0
2.87502715,0,1
2.87552725,0,0
2.87602705,0,1
2.8765271,0,0
2.8770269,0,1
2.87752695,0,0
2.87802675,0,1
2.87852675,0,0
2.87902655,0,1
2.87952665,0,0
2.8800265,0,1
2.88052655,0,0
2.88102635,0,1
2.8815264,0,0
2.8820262,0,1
2.8825263,0,0
2.8830261,0,1
2.8835262,0,0
2.884026,0,1
2.8845261,0,0
2.88502585,0,1
2.8855259,0,0
2.8860257,0,1
2.8865258,0,0
2.8870256,0,1
2.8875257,0,0
2.88802555,0,1
2.88852565,0,0
2.88902545,0,1
2.8895255,0,0
2.8900253,0,1
2.89052535,0,0
2.89102515,0,1
2.89152525,0,0
2.89202505,0,1
2.8925251,0,0
2.8930249,0,1
2.8935249,0,0
2.89402465,0,1
2.8945247,0,0
2.89502455,0,1
2.8955246,0,0
2.89602435,0,1
2.8965244,0,0
2.8970242,0,1
2.89752425,0,0
2.8980241,0,1
2.89852415,0,0
2.899024,0,1
2.89952405,0,0
2.90002385,0,1
2.90052395,0,0
2.90102375,0,1
2.90152385,0,0
2.90202365,0,1
2.90252375,0,0
2.90302355,0,1
2.9035236,0,0
2.90402345,0,1
2.9045235,0,0
2.9050233,0,1
2.9055234,0,0
2.9060232,0,1
2.9065233,0,0
2.9070231,0,1
2.90752325,0,0
2.9080231,0,1
2.90852315,0,0
2.909023,0,1
2.9095231,0,0
2.9100229,0,1
2.910523,0,0
2.91102285,0,1
2.91152295,0,0
2.9120228,0,1
2.9125229,0,0
2.91302275,0,1
2.91352285,0,0
2.91402265,0,1
2.91452275,0,0
2.91502255,0,1
2.9155227,0,0
2.91602255,0,1
2.91652265,0,0
2.9170225,0,1
2.9175226,0,0
2.91802245,0,1
2.9185226,0,0
2.91902245,0,1
2.9195226,0,0
2.9200225,0,1
2.9205226,0,0
2.92102245,0,1
2.9215226,0,0
2.9220225,0,1
2.92252265,0,0
2.9230225,0,1
2.9235226,0,0
2.9240225,0,1
2.9245226,0,0
2.92502245,0,1
2.92552255,0,0
2.92602245,0,1
2.92652255,0,0
2.9270224,0,1
2.9275225,0,0
2.9280224,0,1
2.9285225,0,0
2.9290224,0,1
2.9295225,0,0
2.93002235,0,1
2.93052245,0,0
2.93102235,0,1
2.93152245,0,0
2.9320223,0,1
2.9325224,0,0
2.93302225,0,1
2.93352235,0,0
2.9340222,0,1
2.9345223,0,0
2.93502215,0,1
2.9355223,0,0
2.9360222,0,1
2.93652235,0,0
2.9370223,0,1
2.93752245,0,0
2.9380224,0,1
2.9385225,0,0
2.9390224,0,1
2.93952255,0,0
2.9400225,0,1
2.9405226,0,0
2.9410225,0,1
2.94152265,0,0
2.94202255,0,1
2.94252275,0,0
2.94302265,0,1
2.9435228,0,0
2.9440227,0,1
2.94452285,0,0
2.9450227,0,1
2.94552285,0,0
2.94602275,0,1
2.94652285,0,0
2.9470227,0,1
2.94752285,0,0
2.94802275,0,1
2.9485229,0,0
2.9490228,0,1
2.9495229,0,0
2.95002285,0,1
2.950523,0,0
2.9510229,0,1
2.95152305,0,0
2.9520229,0,1
2.95252305,0,0
2.95302295,0,1
2.95352305,0,0
2.9540229,0,1
2.95452305,0,0
2.9550229,0,1
2.95552305,0,0
2.95602295,0,1
2.95652305,0,0
2.95702295,0,1
2.9575231,0,0
2.95802305,0,1
2.95852315,0,0
2.95902305,0,1
2.9595232,0,0
2.9600231,0,1
2.96052325,0,0
2.9610231,0,1
2.9615232,0,0
2.9620231,0,1
2.9625232,0,0
2.96302305,0,1
2.9635232,0,0
2.9640231,0,1
2.9645232,0,0
2.96502305,0,1
2.96552305,0,0
2.9660229,0,1
2.966523,0,0
2.9670229,0,1
2.967523,0,0
2.9680229,0,1
2.96852295,0,0
2.96902285,0,1
2.969523,0,0
2.9700229,0,1
2.97052305,0,0
2.97102295,0,1
2.9715231,0,0
2.97202305,0,1
2.9725232,0,0
2.97302315,0,1
2.97352325,0,0
2.9740231,0,1
2.97452325,0,0
2.97502315,0,1
2.97552325,0,0
2.97602315,0,1
2.97652325,0,0
2.9770231,0,1
2.97752315,0,0
2.9780229,0,1
2.97852295,0,0
2.9790227,0,1
2.97952275,0,0
2.9800226,0,1
2.9805227,0,0
2.9810225,0,1
2.98152255,0,0
2.98202245,0,1
2.9825226,0,0
2.9830225,0,1
2.98352265,0,0
2.98402255,0,1
2.98452265,0,0
2.9850225,0,1
2.98552265,0,0
2.9860225,0,1
2.9865226,0,0
2.9870225,0,1
2.98752265,0,0
2.98802255,0,1
2.98852265,0,0
2.98902255,0,1
2.98952265,0,0
2.99002255,0,1
2.99052265,0,0
2.99102255,0,1
2.9915227,0,0
2.9920226,0,1
2.9925227,0,0
2.9930226,0,1
2.9935227,0,0
2.99402255,0,1
2.99452265,0,0
2.9950225,0,1
2.9955226,0,0
2.99602245,0,1
2.99652255,0,0
2.9970224,0,1
2.99752255,0,0
2.99802245,0,1
2.9985226,0,0
2.99902255,0,1
2.9995227,0,0
3.0000226,0,1
3.00052275,0,0
3.0010227,0,1
3.00152285,0,0
3.00202275,0,1
3.0025229,0,0
3.00302285,0,1
3.00352295,0,0
3.0040228,0,1
3.0045229,0,0
3.0050228,0,1
3.00552295,0,0
3.00602285,0,1
3.00652295,0,0
3.00702285,0,1
3.007523,0,0
3.00802285,0,1
3.0085229,0,0
3.00902275,0,1
3.00952285,0,0
3.0100227,0,1
3.01052285,0,0
3.01102275,0,1
3.01152285,0,0
3.01202275,0,1
3.01252285,0,0
3.0130227,0,1
3.01352275,0,0
3.0140226,0,1
3.0145227,0,0
3.01502255,0,1
3.0155227,0,0
3.01602255,0,1
3.01652265,0,0
3.01702255,0,1
3.01752265,0,0
3.0180226,0,1
3.01852275,0,0
3.0190227,0,1
3.0195228,0,0
3.02002265,0,1
3.0205227,0,0
3.0210226,0,1
3.02152275,0,0
3.02202265,0,1
3.0225228,0,0
3.02302265,0,1
3.0235228,0,0
3.02402265,0,1
3.02452275,0,0
3.02502265,0,1
3.0255228,0,0
3.0260227,0,1
3.02652285,0,0
3.02702275,0,1
3.0275229,0,0
3.02802275,0,1
3.0285229,0,0
3.02902275,0,1
3.02952295,0,0
3.0300228,0,1
3.03052295,0,0
3.0310228,0,1
3.03152295,0,0
3.03202285,0,1
3.03252295,0,0
3.0330228,0,1
3.0335229,0,0
3.03402275,0,1
3.03452285,0,0
3.0350227,0,1
3.0355228,0,0
3.0360226,0,1
3.03652275,0,0
3.03702255,0,1
3.03752265,0,0
3.0380225,0,1
3.0385226,0,0
3.0390224,0,1
3.0395225,0,0
3.04002235,0,1
3.0405225,0,0
3.04102235,0,1
3.0415224,0,0
3.04202225,0,1
3.04252235,0,0
3.0430222,0,1
3.0435223,0,0
3.0440222,0,1
3.0445223,0,0
3.04502215,0,1
3.04552225,0,0
3.0460221,0,1
3.0465222,0,0
3.04702205,0,1
3.0475222,0,0
3.04802205,0,1
3.04852215,0,0
3.049022,0,1
3.0495221,0,0
3.05002195,0,1
3.0505221,0,0
3.051022,0,1
3.0515222,0,0
3.0520221,0,1
3.05252225,0,0
3.0530221,0,1
3.05352225,0,0
3.0540221,0,1
3.05452225,0,0
3.0550222,0,1
3.05552235,0,0
3.05602225,0,1
3.05652235,0,0
3.0570222,0,1
3.0575223,0,0
3.0580222,0,1
3.0585223,0,0
3.0590222,0,1
3.0595223,0,0
3.0600222,0,1
3.0605223,0,0
3.06102215,0,1
3.06152225,0,0
3.0620221,0,1
3.06252215,0,0
3.063022,0,1
3.0635221,0,0
3.06402205,0,1
3.06452215,0,0
3.065022,0,1
3.06552205,0,0
3.0660219,0,1
3.06652195,0,0
3.0670218,0,1
3.06752185,0,0
3.06802165,0,1
3.0685217,0,0
3.0690215,0,1
3.06952155,0,0
3.07002135,0,1
3.07052145,0,0
3.07102125,0,1
3.0715213,0,0
3.07202115,0,1
3.0725212,0,0
3.073021,0,1
3.07352105,0,0
3.07402085,0,1
3.07452095,0,0
3.07502075,0,1
3.0755208,0,0
3.0760206,0,1
3.07652065,0,0
3.0770205,0,1
3.0775206,0,0
3.0780204,0,1
3.07852055,0,0
3.0790204,0,1
3.0795205,0,0
3.0800204,0,1
3.0805205,0,0
3.08102035,0,1
3.0815205,0,0
3.08202035,0,1
3.0825204,0,0
3.0830203,0,1
3.0835204,0,0
3.0840203,0,1
3.0845204,0,0
3.08502025,0,1
3.08552035,0,0
3.0860202,0,1
3.0865203,0,0
3.0870201,0,1
3.0875202,0,0
3.08801995,0,1
3.08852,0,0
3.0890198,0,1
3.0895199,0,0
3.0900197,0,1
3.0905198,0,0
3.0910196,0,1
3.09151965,0,0
3.09201945,0,1
3.0925195,0,0
3.09301935,0,1
3.09351945,0,0
3.09401925,0,1
3.0945193,0,0
3.0950191,0,1
3.09551915,0,0
3.09601895,0,1
3.096519,0,0
3.09701885,0,1
3.09751895,0,0
3.09801875,0,1
3.0985188,0,0
3.0990186,0,1
3.0995187,0,0
3.1000185,0,1
3.1005186,0,0
3.1010184,0,1
3.10151845,0,0
3.10201825,0,1
3.10251835,0,0
3.10301815,0,1
3.1035182,0,0
3.104018,0,1
3.1045181,0,0
3.10501795,0,1
3.10551805,0,0
3.10601785,0,1
3.106518,0,0
3.1070178,0,1
3.10751785,0,0
3.10801765,0,1
3.1085177,0,0
3.10901755,0,1
3.10951765,0,0
3.1100175,0,1
3.1105176,0,0
3.11101745,0,1
3.11151755,0,0
3.1120174,0,1
3.1125175,0,0
3.11301735,0,1
3.1135175,0,0
3.11401735,0,1
3.1145174,0,0
3.1150172,0,1
3.11551725,0,0
3.1160171,0,1
3.11651715,0,0
3.11701705,0,1
3.1175171,0,0
3.1180169,0,1
3.118517,0,0
3.1190168,0,1
3.11951685,0,0
3.1200167,0,1
3.1205168,0,0
3.1210166,0,1
3.1215167,0,0
3.12201655,0,1
3.1225167,0,0
3.1230166,0,1
3.1235167,0,0
3.1240165,0,1
3.12451655,0,0
3.1250164,0,1
3.1255165,0,0
3.12601635,0,1
3.1265165,0,0
3.1270163,0,1
3.1275164,0,0
3.1280162,0,1
3.1285163,0,0
3.12901615,0,1
3.1295162,0,0
3.13001605,0,1
3.13051615,0,0
3.1310159,0,1
3.131516,0,0
3.1320158,0,1
3.13251585,0,0
3.1330157,0,1
3.1335158,0,0
3.1340157,0,1
3.1345158,0,0
3.1350157,0,1
3.1355158,0,0
3.1360156,0,1
3.13651565,0,0
3.13701545,0,1
3.13751555,0,0
3.13801535,0,1
3.13851545,0,0
3.1390153,0,1
3.13951535,0,0
3.14001525,0,1
3.14051535,0,0
3.1410152,0,1
3.1415153,0,0
3.1420151,0,1
3.1425152,0,0
3.14301505,0,1
3.14351515,0,0
3.14401495,0,1
3.14451505,0,0
3.14501485,0,1
3.14551495,0,0
3.14601475,0,1
3.14651485,0,0
3.1470147,0,1
3.1475148,0,0
3.14801465,0,1
3.1485147,0,0
3.14901455,0,1
3.14951465,0,0
3.15001445,0,1
3.15051455,0,0
3.15101435,0,1
3.15151445,0,0
3.15201425,0,1
3.15251435,0,0
3.15301415,0,1
3.15351425,0,0
3.15401405,0,1
3.1545141,0,0
3.1550139,0,1
3.155514,0,0
3.15601385,0,1
3.15651395,0,0
3.1570138,0,1
3.1575139,0,0
3.15801375,0,1
3.1585139,0,0
3.15901375,0,1
3.15951385,0,0
3.16001375,0,1
3.16051385,0,0
3.1610137,0,1
3.1615138,0,0
3.1620136,0,1
3.16251365,0,0
3.16301345,0,1
3.16351355,0,0
3.16401335,0,1
3.1645134,0,0
3.16501325,0,1
3.16551335,0,0
3.1660132,0,1
3.16651325,0,0
3.1670131,0,1
3.1675132,0,0
3.1680131,0,1
3.1685132,0,0
3.1690131,0,1
3.16951315,0,0
3.17001305,0,1
3.1705131,0,0
3.1710129,0,1
3.17151305,0,0
3.1720129,0,1
3.172513,0,0
3.1730128,0,1
3.1735128,0,0
3.1740126,0,1
3.17451265,0,0
3.17501245,0,1
3.1755125,0,0
3.1760123,0,1
3.17651235,0,0
3.1770121,0,1
3.1775121,0,0
3.1780119,0,1
3.17851195,0,0
3.17901175,0,1
3.17951185,0,0
3.18001165,0,1
3.1805117,0,0
3.1810115,0,1
3.18151155,0,0
3.18201135,0,1
3.1825114,0,0
3.1830112,0,1
3.18351125,0,0
3.18401105,0,1
3.18451115,0,0
3.18501105,0,1
3.18551115,0,0
3.186011,0,1
3.1865111,0,0
3.187011,0,1
3.1875111,0,0
3.18801095,0,1
3.18851105,0,0
3.1890109,0,1
3.18951095,0,0
3.1900108,0,1
3.1905109,0,0
3.19101075,0,1
3.19151085,0,0
3.1920107,0,1
3.1925108,0,0
3.19301065,0,1
3.1935108,0,0
3.19401065,0,1
3.19451075,0,0
3.19501055,0,1
3.19551065,0,0
3.1960105,0,1
3.19651065,0,0
3.1970105,0,1
3.1975106,0,0
3.19801045,0,1
3.19851055,0,0
3.19901035,0,1
3.19951045,0,0
3.2000103,0,1
3.20051035,0,0
3.2010102,0,1
3.2015103,0,0
3.20201015,0,1
3.20251025,0,0
3.2030101,0,1
3.2035102,0,0
3.20401005,0,1
3.2045101,0,0
3.2050099,0,1
3.20551,0,0
3.2060098,0,1
3.20650985,0,0
3.20700965,0,1
3.2075097,0,0
3.2080095,0,1
3.2085096,0,0
3.20900935,0,1
3.2095094,0,0
3.2100092,0,1
3.21050925,0,0
3.21100905,0,1
3.2115091,0,0
3.2120089,0,1
3.21250895,0,0
3.21300875,0,1
3.2135088,0,0
3.2140087,0,1
3.21450875,0,0
3.2150086,0,1
3.21550865,0,0
3.2160085,0,1
3.2165086,0,0
3.21700845,0,1
3.2175085,0,0
3.21800835,0,1
3.21850845,0,0
3.21900825,0,1
3.21950835,0,0
3.22000815,0,1
3.2205082,0,0
3.221008,0,1
3.22150805,0,0
3.2220079,0,1
3.22250795,0,0
3.22300775,0,1
3.22350785,0,0
3.22400765,0,1
3.22450775,0,0
3.22500755,0,1
3.22550765,0,0
3.22600745,0,1
3.2265075,0,0
3.22700735,0,1
3.22750745,0,0
3.22800735,0,1
3.22850745,0,0
3.2290073,0,1
3.2295074,0,0
3.23000725,0,1
3.2305074,0,0
3.23100725,0,1
3.23150735,0,0
3.2320072,0,1
3.23250735,0,0
3.23300725,0,1
3.2335073,0,0
3.2340071,0,1
3.2345072,0,0
3.23500705,0,1
3.23550715,0,0
3.236007,0,1
3.2365071,0,0
3.2370069,0,1
3.237507,0,0
3.2380069,0,1
3.23850695,0,0
3.23900685,0,1
3.23950695,0,0
3.2400068,0,1
3.24050695,0,0
3.2410068,0,1
3.2415069,0,0
3.24200675,0,1
3.2425069,0,0
3.2430068,0,1
3.2435069,0,0
3.24400675,0,1
3.24450685,0,0
3.24500675,0,1
3.2455069,0,0
3.24600675,0,1
3.24650685,0,0
3.24700665,0,1
3.24750675,0,0
3.2480066,0,1
3.2485067,0,0
3.24900655,0,1
3.2495066,0,0
3.25000645,0,1
3.25050655,0,0
3.2510064,0,1
3.25150655,0,0
3.25200645,0,1
3.25250655,0,0
3.2530064,0,1
3.25350645,0,0
3.25400635,0,1
3.2545065,0,0
3.25500635,0,1
3.25550645,0,0
3.2560063,0,1
3.2565064,0,0
3.2570062,0,1
3.25750635,0,0
3.25800615,0,1
3.2585062,0,0
3.25900605,0,1
3.2595061,0,0
3.26000595,0,1
3.26050605,0,0
3.26100585,0,1
3.26150595,0,0
3.26200575,0,1
3.2625058,0,0
3.2630056,0,1
3.26350565,0,0
3.2640055,0,1
3.2645056,0,0
3.2650054,0,1
3.26550545,0,0
3.26600525,0,1
3.26650535,0,0
3.26700525,0,1
3.26750535,0,0
3.2680052,0,1
3.2685054,0,0
3.26900525,0,1
3.26950535,0,0
3.27000525,0,1
3.27050535,0,0
3.2710052,0,1
3.27150535,0,0
3.2720052,0,1
3.27250535,0,0
3.2730052,0,1
3.27350535,0,0
3.2740052,0,1
3.2745053,0,0
3.27500515,0,1
3.27550525,0,0
3.2760051,0,1
3.27650525,0,0
3.27700505,0,1
3.2775052,0,0
3.278005,0,1
3.27850505,0,0
3.2790049,0,1
3.279505,0,0
3.28000485,0,1
3.28050495,0,0
3.2810048,0,1
3.28150485,0,0
3.2820047,0,1
3.28250475,0,0
3.2830046,0,1
3.28350465,0,0
3.28400445,0,1
3.2845046,0,0
3.28500445,0,1
3.2855046,0,0
3.2860044,0,1
3.2865045,0,0
3.2870043,0,1
3.2875044,0,0
3.28800425,0,1
3.2885044,0,0
3.2890043,0,1
3.28950445,0,0
3.2900043,0,1
3.2905044,0,0
3.29100425,0,1
3.29150435,0,0
3.2920042,0,1
3.29250425,0,0
3.2930041,0,1
3.2935042,0,0
3.2940041,0,1
3.2945042,0,0
3.29500405,0,1
3.2955042,0,0
3.29600405,0,1
3.2965041,0,0
3.29700395,0,1
3.29750405,0,0
3.29800395,0,1
3.29850405,0,0
3.2990039,0,1
3.299504,0,0
3.30000385,0,1
3.300504,0,0
3.3010039,0,1
3.301504,0,0
3.3020038,0,1
3.30250385,0,0
3.30300365,0,1
3.3035037,0,0
3.30400355,0,1
3.30450365,0,0
3.30500355,0,1
3.3055036,0,0
3.3060035,0,1
3.3065036,0,0
3.3070034,0,1
3.3075035,0,0
3.3080033,0,1
3.3085034,0,0
3.30900325,0,1
3.3095033,0,0
3.3100031,0,1
3.31050315,0,0
3.311003,0,1
3.31150305,0,0
3.3120029,0,1
3.31250295,0,0
3.3130028,0,1
3.3135029,0,0
3.31400275,0,1
3.3145029,0,0
3.31500275,0,1
3.31550275,0,0
3.3160026,0,1
3.3165027,0,0
3.3170025,0,1
3.3175026,0,0
3.31800245,0,1
3.3185025,0,0
3.31900235,0,1
3.3195024,0,0
3.32000225,0,1
3.32050235,0,0
3.3210022,0,1
3.3215023,0,0
3.3220021,0,1
3.32250215,0,0
3.32300195,0,1
3.323502,0,0
3.32400185,0,1
3.3245019,0,0
3.3250018,0,1
3.32550185,0,0
3.32600175,0,1
3.3265018,0,0
3.32700165,0,1
3.32750175,0,0
3.3280016,0,1
3.32850165,0,0
3.3290014,0,1
3.3295015,0,0
3.3300013,0,1
3.33050135,0,0
3.33100115,0,1
3.3315012,0,0
3.33200105,0,1
3.33250115,0,0
3.33300105,0,1
3.33350115,0,0
3.33400105,0,1
3.33450125,0,0
3.3350011,0,1
3.33550125,0,0
3.33600115,0,1
3.3365013,0,0
3.3370012,0,1
3.3375013,0,0
3.3380011,0,1
3.33850115,0,0
3.339001,0,1
3.3395011,0,0
3.34000095,0,1
3.34050105,0,0
3.34100085,0,1
3.34150095,0,0
3.34200075,0,1
3.3425008,0,0
3.34300065,0,1
3.34350075,0,0
3.3440006,0,1
3.3445007,0,0
3.3450006,0,1
3.34550075,0,0
3.3460006,0,1
3.34650075,0,0
3.34700065,0,1
3.34750075,0,0
3.34800065,0,1
3.3485008,0,0
3.34900065,0,1
3.34950075,0,0
3.3500006,0,1
3.3505007,0,0
3.3510006,0,1
3.35150075,0,0
3.3520006,0,1
3.3525007,0,0
3.35300055,0,1
3.35350065,0,0
3.3540005,0,1
3.3545006,0,0
3.35500045,0,1
3.35550055,0,0
3.35600045,0,1
3.35650055,0,0
3.35700045,0,1
3.35750055,0,0
3.3580004,0,1
3.35850055,0,0
3.3590004,0,1
3.3595006,0,0
3.3600005,0,1
3.36050065,0,0
3.36100055,0,1
3.36150065,0,0
3.3620005,0,1
3.3625006,0,0
3.3630005,0,1
3.36350065,0,0
3.3640005,0,1
3.3645006,0,0
3.3650005,0,1
3.3655006,0,0
3.3660005,0,1
3.3665006,0,0
3.36700045,0,1
3.3675006,0,0
3.36800045,0,1
3.36850055,0,0
3.3690004,0,1
3.3695005,0,0
3.3700004,0,1
3.3705005,0,0
3.3710004,0,1
3.37150055,0,0
3.37200045,0,1
3.3725006,0,0
3.3730005,0,1
3.37350065,0,0
3.3740005,0,1
3.37450065,0,0
3.3750005,0,1
3.37550065,0,0
3.3760005,0,1
3.3765006,0,0
3.3770004,0,1
3.37750055,0,0
3.37800045,0,1
3.3785006,0,0
3.3790005,0,1
3.37950065,0,0
3.38000055,0,1
3.38050065,0,0
3.38100055,0,1
3.3815007,0,0
3.38200055,0,1
3.3825006,0,0
3.38300045,0,1
3.38350055,0,0
3.3840004,0,1
3.38450045,0,0
3.3850003,0,1
3.3855004,0,0
3.38600025,0,1
3.3865003,0,0
3.38700015,0,1
3.38750025,0,0
3.3880001,0,1
3.38850015,0,0
3.389,0,1
3.3895001,0,0
3.38999995,0,1
3.3905,0,0
3.39099985,0,1
3.3914999,0,0
3.39199975,0,1
3.3924998,0,0
3.39299965,0,1
3.39349975,0,0
3.39399965,0,1
3.3944998,0,0
3.39499975,0,1
3.3954999,0,0
3.39599985,0,1
3.39650005,0,0
3.397,0,1
3.39750015,0,0
3.3980001,0,1
3.39850025,0,0
3.39900015,0,1
3.3995003,0,0
3.4000002,0,1
3.4005004,0,0
3.4010003,0,1
3.40150045,0,0
3.40200035,0,1
3.40250045,0,0
3.40300035,0,1
3.40350045,0,0
3.4040003,0,1
3.4045004,0,0
3.4050003,0,1
3.40550045,0,0
3.4060004,0,1
3.4065005,0,0
3.4070004,0,1
3.4075006,0,0
3.4080005,0,1
3.4085006,0,0
3.40900055,0,1
3.40950065,0,0
3.4100005,0,1
3.4105006,0,0
3.41100045,0,1
3.41150055,0,0
3.41200045,0,1
3.41250055,0,0
3.4130004,0,1
3.4135005,0,0
3.41400035,0,1
3.41450045,0,0
3.4150003,0,1
3.41550045,0,0
3.4160003,0,1
3.4165004,0,0
3.41700025,0,1
3.41750035,0,0
3.41800025,0,1
3.4185003,0,0
3.41900015,0,1
3.4195003,0,0
3.4200002,0,1
3.4205003,0,0
3.42100015,0,1
3.42150025,0,0
3.42200015,0,1
3.4225003,0,0
3.42300015,0,1
3.42350035,0,0
3.42400025,0,1
3.4245004,0,0
3.4250003,0,1
3.42550045,0,0
3.4260004,0,1
3.42650055,0,0
3.4270005,0,1
3.42750065,0,0
3.42800055,0,1
3.4285007,0,0
3.42900055,0,1
3.4295007,0,0
3.43000055,0,1
3.43050065,0,0
3.4310005,0,1
3.43150065,0,0
3.4320005,0,1
3.43250065,0,0
3.4330005,0,1
3.4335006,0,0
3.4340004,0,1
3.4345005,0,0
3.43500035,0,1
3.43550045,0,0
3.4360003,0,1
3.43650045,0,0
3.43700035,0,1
3.43750045,0,0
3.43800035,0,1
3.43850045,0,0
3.4390003,0,1
3.4395004,0,0
3.44000025,0,1
3.4405004,0,0
3.4410003,0,1
3.4415005,0,0
3.4420004,0,1
3.4425005,0,0
3.44300035,0,1
3.4435005,0,0
3.4440004,0,1
3.4445005,0,0
3.4450004,0,1
3.4455005,0,0
3.44600035,0,1
3.44650045,0,0
3.44700025,0,1
3.44750035,0,0
3.44800015,0,1
3.44850025,0,0
3.44900015,0,1
3.4495002,0,0
3.45000005,0,1
3.45050015,0,0
3.451,0,1
3.4515001,0,0
3.45199995,0,1
3.4525,0,0
3.45299985,0,1
3.45349995,0,0
3.4539998,0,1
3.45449985,0,0
3.4549997,0,1
3.4554998,0,0
3.45599965,0,1
3.4564997,0,0
3.4569995,0,1
3.45749955,0,0
3.4579993,0,1
3.45849935,0,0
3.45899915,0,1
3.4594992,0,0
3.45999905,0,1
3.46049905,0,0
3.46099885,0,1
3.4614989,0,0
3.46199875,0,1
3.46249885,0,0
3.4629986,0,1
3.4634987,0,0
3.46399855,0,1
3.4644986,0,0
3.4649984,0,1
3.46549845,0,0
3.46599835,0,1
3.4664984,0,0
3.46699825,0,1
3.4674983,0,0
3.4679981,0,1
3.4684982,0,0
3.468998,0,1
3.469498,0,0
3.46999785,0,1
3.4704979,0,0
3.47099775,0,1
3.4714978,0,0
3.4719976,0,1
3.47249765,0,0
3.4729974,0,1
3.4734975,0,0
3.47399725,0,1
3.4744973,0,0
3.47499715,0,1
3.47549725,0,0
3.47599705,0,1
3.4764971,0,0
3.47699685,0,1
3.4774968,0,0
3.4779966,0,1
3.47849665,0,0
3.4789965,0,1
3.4794966,0,0
3.4799964,0,1
3.48049645,0,0
3.4809963,0,1
3.48149635,0,0
3.4819962,0,1
3.48249625,0,0
3.48299605,0,1
3.48349605,0,0
3.48399585,0,1
3.48449595,0,0
3.48499575,0,1
3.48549575,0,0
3.4859956,0,1
3.48649565,0,0
3.4869955,0,1
3.4874956,0,0
3.48799545,0,1
3.4884955,0,0
3.48899535,0,1
3.48949545,0,0
3.48999525,0,1
3.49049535,0,0
3.49099515,0,1
3.4914952,0,0
3.491995,0,1
3.49249505,0,0
3.49299485,0,1
3.4934949,0,0
3.49399465,0,1
3.4944947,0,0
3.4949945,0,1
3.4954945,0,0
3.4959943,0,1
3.4964944,0,0
3.4969942,0,1
3.49749425,0,0
3.497994,0,1
3.4984941,0,0
3.49899395,0,1
3.499494,0,0
3.4999938,0,1
3.50049385,0,0
3.5009937,0,1
3.50149375,0,0
3.50199365,0,1
3.50249375,0,0
3.5029936,0,1
3.5034937,0,0
3.50399345,0,1
3.50449355,0,0
3.50499335,0,1
3.50549345,0,0
3.5059933,0,1
3.5064933,0,0
3.50699315,0,1
3.50749315,0,0
3.507993,0,1
3.50849305,0,0
3.50899285,0,1
3.50949285,0,0
3.50999265,0,1
3.51049275,0,0
3.51099255,0,1
3.5114926,0,0
3.5119924,0,1
3.5124924,0,0
3.5129922,0,1
3.5134922,0,0
3.513992,0,1
3.51449205,0,0
3.5149918,0,1
3.5154919,0,0
3.5159917,0,1
3.51649175,0,0
3.5169916,0,1
3.51749165,0,0
3.5179915,0,1
3.51849155,0,0
3.51899135,0,1
3.51949135,0,0
3.51999115,0,1
3.52049115,0,0
3.5209909,0,1
3.5214909,0,0
3.52199075,0,1
3.5224908,0,0
3.52299065,0,1
3.52349075,0,0
3.5239906,0,1
3.52449065,0,0
3.52499045,0,1
3.52549055,0,0
3.5259904,0,1
3.5264905,0,0
3.52699035,0,1
3.52749045,0,0
3.52799025,0,1
3.5284903,0,0
3.52899015,0,1
3.52949025,0,0
3.5299902,0,1
3.5304903,0,0
3.53099015,0,1
3.5314903,0,0
3.53199015,0,1
3.53249025,0,0
3.53299015,0,1
3.5334903,0,0
3.5339901,0,1
3.5344902,0,0
3.53499005,0,1
3.5354901,0,0
3.53598995,0,1
3.53649005,0,0
3.5369899,0,1
3.53748995,0,0
3.5379897,0,1
3.5384897,0,0
3.5389895,0,1
3.5394895,0,0
3.5399893,0,1
3.5404893,0,0
3.54098905,0,1
3.5414891,0,0
3.54198895,0,1
3.542489,0,0
3.5429888,0,1
3.5434888,0,0
3.54398865,0,1
3.5444888,0,0
3.54498865,0,1
3.54548875,0,0
3.54598865,0,1
3.54648875,0,0
3.54698855,0,1
3.54748865,0,0
3.5479885,0,1
3.5484886,0,0
3.54898845,0,1
3.54948865,0,0
3.5499885,0,1
3.5504886,0,0
3.5509885,0,1
3.5514886,0,0
3.55198845,0,1
3.5524886,0,0
3.55298845,0,1
3.5534886,0,0
3.55398845,0,1
3.5544886,0,0
3.5549885,0,1
3.5554886,0,0
3.55598845,0,1
3.55648855,0,0
3.55698845,0,1
3.55748855,0,0
3.55798835,0,1
3.55848845,0,0
3.5589883,0,1
3.5594884,0,0
3.55998825,0,1
3.5604884,0,0
3.56098825,0,1
3.5614884,0,0
3.5619883,0,1
3.5624884,0,0
3.56298825,0,1
3.56348835,0,0
3.56398825,0,1
3.56448835,0,0
3.5649882,0,1
3.5654883,0,0
3.56598815,0,1
3.56648825,0,0
3.56698805,0,1
3.56748815,0,0
3.56798795,0,1
3.568488,0,0
3.5689879,0,1
3.56948795,0,0
3.5699878,0,1
3.57048795,0,0
3.57098785,0,1
3.57148795,0,0
3.57198785,0,1
3.5724879,0,0
3.57298775,0,1
3.57348785,0,0
3.5739877,0,1
3.5744878,0,0
3.5749878,0,1
3.57548795,0,0
3.57598785,0,1
3.576488,0,0
3.5769879,0,1
3.577488,0,0
3.57798785,0,1
3.578488,0,0
3.57898785,0,1
3.57948795,0,0
3.5799878,0,1
3.5804879,0,0
3.5809878,0,1
3.5814879,0,0
3.5819877,0,1
3.5824878,0,0
3.58298765,0,1
3.5834877,0,0
3.5839875,0,1
3.5844876,0,0
3.58498745,0,1
3.58548755,0,0
3.5859874,0,1
3.5864875,0,0
3.5869874,0,1
3.5874875,0,0
3.5879874,0,1
3.5884875,0,0
3.58898735,0,1
3.58948745,0,0
3.5899873,0,1
3.5904874,0,0
3.59098725,0,1
3.5914873,0,0
3.59198715,0,1
3.59248725,0,0
3.5929871,0,1
3.5934872,0,0
3.59398705,0,1
3.59448715,0,0
3.594987,0,1
3.5954871,0,0
3.5959869,0,1
3.59648705,0,0
3.5969869,0,1
3.59748705,0,0
3.5979869,0,1
3.598487,0,0
3.5989869,0,1
3.599487,0,0
3.5999869,0,1
3.60048705,0,0
3.6009869,0,1
3.601487,0,0
3.60198685,0,1
3.60248695,0,0
3.60298685,0,1
3.60348695,0,0
3.60398675,0,1
3.60448685,0,0
3.6049868,0,1
3.6054869,0,0
3.60598675,0,1
3.6064869,0,0
3.60698675,0,1
3.60748685,0,0
3.60798665,0,1
3.6084867,0,0
3.60898655,0,1
3.60948665,0,0
3.60998645,0,1
3.61048655,0,0
3.61098645,0,1
3.6114865,0,0
3.6119863,0,1
3.6124864,0,0
3.6129863,0,1
3.61348635,0,0
3.61398615,0,1
3.61448625,0,0
3.6149861,0,1
3.61548615,0,0
3.615986,0,1
3.61648605,0,0
3.61698585,0,1
3.61748595,0,0
3.61798575,0,1
3.61848585,0,0
3.61898565,0,1
3.6194857,0,0
3.61998555,0,1
3.6204856,0,0
3.6209854,0,1
3.62148545,0,0
3.62198535,0,1
3.6224854,0,0
3.62298525,0,1
3.6234854,0,0
3.62398525,0,1
3.6244853,0,0
3.62498515,0,1
3.6254852,0,0
3.62598505,0,1
3.62648515,0,0
3.62698495,0,1
3.62748505,0,0
3.62798485,0,1
3.62848495,0,0
3.62898475,0,1
3.62948485,0,0
3.6299847,0,1
3.63048475,0,0
3.6309846,0,1
3.63148465,0,0
3.63198445,0,1
3.63248455,0,0
3.6329844,0,1
3.63348445,0,0
3.6339843,0,1
3.63448435,0,0
3.63498415,0,1
3.63548425,0,0
3.63598405,0,1
3.63648405,0,0
3.63698385,0,1
3.6374839,0,0
3.6379838,0,1
3.63848385,0,0
3.6389837,0,1
3.6394838,0,0
3.63998365,0,1
3.64048375,0,0
3.6409836,0,1
3.64148365,0,0
3.6419835,0,1
3.64248365,0,0
3.64298355,0,1
3.6434837,0,0
3.64398355,0,1
3.64448365,0,0
3.64498355,0,1
3.64548365,0,0
3.6459835,0,1
3.64648365,0,0
3.6469835,0,1
3.6474836,0,0
3.64798345,0,1
3.6484835,0,0
3.6489834,0,1
3.64948355,0,0
3.6499834,0,1
3.6504835,0,0
3.65098335,0,1
3.6514834,0,0
3.6519832,0,1
3.65248325,0,0
3.65298305,0,1
3.6534831,0,0
3.65398295,0,1
3.654483,0,0
3.6549828,0,1
3.6554829,0,0
3.6559827,0,1
3.6564828,0,0
3.65698265,0,1
3.65748275,0,0
3.6579826,0,1
3.65848265,0,0
3.6589825,0,1
3.6594826,0,0
3.6599824,0,1
3.6604825,0,0
3.66098235,0,1
3.6614824,0,0
3.66198215,0,1
3.6624822,0,0
3.66298205,0,1
3.6634821,0,0
3.66398195,0,1
3.66448205,0,0
3.6649819,0,1
3.66548195,0,0
3.66598175,0,1
3.6664818,0,0
3.66698165,0,1
3.6674817,0,0
3.66798155,0,1
3.66848165,0,0
3.66898145,0,1
3.66948155,0,0
3.6699813,0,1
3.6704814,0,0
3.67098125,0,1
3.6714813,0,0
3.6719811,0,1
3.67248115,0,0
3.672981,0,1
3.6734811,0,0
3.6739809,0,1
3.67448095,0,0
3.67498075,0,1
3.67548075,0,0
3.67598055,0,1
3.6764806,0,0
3.6769804,0,1
3.67748035,0,0
3.67798005,0,1
3.67848005,0,0
3.6789798,0,1
3.6794799,0,0
3.6799798,0,1
3.6804799,0,0
3.68097975,0,1
3.68147985,0,0
3.6819797,0,1
3.68247975,0,0
3.68297965,0,1
3.68347975,0,0
3.6839796,0,1
3.6844797,0,0
3.68497955,0,1
3.68547965,0,0
3.6859795,0,1
3.6864796,0,0
3.6869795,0,1
3.6874796,0,0
3.6879795,0,1
3.6884796,0,0
3.6889794,0,1
3.68947955,0,0
3.6899794,0,1
3.6904795,0,0
3.6909793,0,1
3.6914794,0,0
3.6919792,0,1
3.6924793,0,0
3.6929791,0,1
3.6934792,0,0
3.69397905,0,1
3.69447915,0,0
3.69497905,0,1
3.6954792,0,0
3.6959791,0,1
3.6964792,0,0
3.69697905,0,1
3.69747915,0,0
3.697979,0,1
3.6984791,0,0
3.69897895,0,1
3.69947905,0,0
3.6999789,0,1
3.70047895,0,0
3.7009788,0,1
3.70147885,0,0
3.70197875,0,1
3.7024788,0,0
3.70297865,0,1
3.7034787,0,0
3.70397855,0,1
3.7044786,0,0
3.70497845,0,1
3.7054785,0,0
3.7059783,0,1
3.7064784,0,0
3.7069782,0,1
3.70747825,0,0
3.7079781,0,1
3.7084782,0,0
3.708978,0,1
3.7094781,0,0
3.70997795,0,1
3.71047805,0,0
3.71097785,0,1
3.7114779,0,0
3.7119777,0,1
3.7124778,0,0
3.7129776,0,1
3.71347765,0,0
3.7139775,0,1
3.71447755,0,0
3.71497735,0,1
3.71547745,0,0
3.71597725,0,1
3.7164773,0,0
3.71697715,0,1
3.71747725,0,0
3.71797705,0,1
3.7184772,0,0
3.718977,0,1
3.7194771,0,0
3.7199769,0,1
3.720477,0,0
3.72097685,0,1
3.7214769,0,0
3.72197675,0,1
3.7224768,0,0
3.72297665,0,1
3.72347675,0,0
3.7239766,0,1
3.7244767,0,0
3.72497655,0,1
3.72547665,0,0
3.72597645,0,1
3.7264765,0,0
3.72697635,0,1
3.7274764,0,0
3.72797625,0,1
3.7284763,0,0
3.72897615,0,1
3.72947625,0,0
3.72997605,0,1
3.73047615,0,0
3.73097595,0,1
3.731476,0,0
3.73197585,0,1
3.73247595,0,0
3.7329758,0,1
3.7334759,0,0
3.73397575,0,1
3.7344758,0,0
3.73497565,0,1
3.73547575,0,0
3.73597555,0,1
3.73647565,0,0
3.7369755,0,1
3.73747555,0,0
3.73797535,0,1
3.73847545,0,0
3.73897525,0,1
3.7394753,0,0
3.73997515,0,1
3.7404752,0,0
3.740975,0,1
3.7414751,0,0
3.74197495,0,1
3.74247505,0,0
3.74297485,0,1
3.74347495,0,0
3.7439748,0,1
3.7444749,0,0
3.7449748,0,1
3.74547495,0,0
3.74597475,0,1
3.74647485,0,0
3.74697475,0,1
3.74747485,0,0
3.7479747,0,1
3.7484748,0,0
3.7489747,0,1
3.74947475,0,0
3.74997465,0,1
3.75047475,0,0
3.7509746,0,1
3.75147465,0,0
3.7519745,0,1
3.75247455,0,0
3.7529744,0,1
3.7534745,0,0
3.75397435,0,1
3.75447445,0,0
3.7549743,0,1
3.7554744,0,0
3.7559742,0,1
3.75647425,0,0
3.75697405,0,1
3.75747415,0,0
3.757974,0,1
3.75847405,0,0
3.7589739,0,1
3.75947395,0,0
3.7599738,0,1
3.76047385,0,0
3.7609737,0,1
3.7614738,0,0
3.7619737,0,1
3.7624738,0,0
3.76297365,0,1
3.7634737,0,0
3.7639735,0,1
3.76447355,0,0
3.76497335,0,1
3.7654734,0,0
3.7659732,0,1
3.7664733,0,0
3.76697315,0,1
3.7674732,0,0
3.7679731,0,1
3.7684732,0,0
3.76897305,0,1
3.76947305,0,0
3.7699729,0,1
3.7704729,0,0
3.7709727,0,1
3.7714728,0,0
3.7719726,0,1
3.7724727,0,0
3.7729725,0,1
3.7734726,0,0
3.77397245,0,1
3.7744725,0,0
3.7749724,0,1
3.77547245,0,0
3.7759723,0,1
3.7764724,0,0
3.77697225,0,1
3.77747235,0,0
3.77797225,0,1
3.7784723,0,0
3.77897215,0,1
3.7794723,0,0
3.77997215,0,1
3.7804723,0,0
3.7809722,0,1
3.7814723,0,0
3.78197225,0,1
3.7824724,0,0
3.7829723,0,1
3.78347245,0,0
3.7839723,0,1
3.7844724,0,0
3.7849723,0,1
3.7854724,0,0
3.7859723,0,1
3.7864724,0,0
3.7869723,0,1
3.7874725,0,0
3.7879724,0,1
3.7884725,0,0
3.78897235,0,1
3.78947245,0,0
3.7899723,0,1
3.79047245,0,0
3.79097225,0,1
3.7914724,0,0
3.79197225,0,1
3.79247235,0,0
3.7929722,0,1
3.79347225,0,0
3.79397215,0,1
3.79447225,0,0
3.79497215,0,1
3.7954723,0,0
3.79597215,0,1
3.79647225,0,0
3.79697215,0,1
3.79747225,0,0
3.7979721,0,1
3.7984722,0,0
3.798972,0,1
3.7994721,0,0
3.799972,0,1
3.8004721,0,0
3.80097195,0,1
3.8014721,0,0
3.80197195,0,1
3.80247205,0,0
3.8029719,0,1
3.803472,0,0
3.8039719,0,1
3.80447205,0,0
3.80497195,0,1
3.80547205,0,0
3.8059719,0,1
3.806472,0,0
3.80697185,0,1
3.8074719,0,0
3.80797175,0,1
3.8084718,0,0
3.8089717,0,1
3.8094718,0,0
3.8099717,0,1
3.81047185,0,0
3.8109718,0,1
3.81147195,0,0
3.81197185,0,1
3.812472,0,0
3.8129719,0,1
3.81347205,0,0
3.8139719,0,1
3.814472,0,0
3.81497185,0,1
3.81547195,0,0
3.81597175,0,1
3.81647185,0,0
3.81697175,0,1
3.81747185,0,0
3.81797175,0,1
3.8184719,0,0
3.8189718,0,1
3.819472,0,0
3.81997185,0,1
3.820472,0,0
3.82097195,0,1
3.8214721,0,0
3.82197195,0,1
3.8224721,0,0
3.822972,0,1
3.8234721,0,0
3.823972,0,1
3.8244721,0,0
3.82497195,0,1
3.8254721,0,0
3.82597195,0,1
3.82647205,0,0
3.82697195,0,1
3.8274721,0,0
3.8279719,0,1
3.82847205,0,0
3.82897185,0,1
3.829472,0,0
3.82997185,0,1
3.83047195,0,0
3.8309718,0,1
3.8314719,0,0
3.8319717,0,1
3.83247185,0,0
3.8329717,0,1
3.8334718,0,0
3.8339717,0,1
3.8344718,0,0
3.8349716,0,1
3.83547165,0,0
3.83597145,0,1
3.83647155,0,0
3.83697135,0,1
3.8374715,0,0
3.83797135,0,1
3.83847145,0,0
3.8389713,0,1
3.83947135,0,0
3.8399712,0,1
3.8404713,0,0
3.8409712,0,1
3.8414713,0,0
3.8419712,0,1
3.8424713,0,0
3.8429711,0,1
3.8434712,0,0
3.843971,0,1
3.84447105,0,0
3.84497085,0,1
3.8454709,0,0
3.84597075,0,1
3.84647085,0,0
3.8469707,0,1
3.8474708,0,0
3.84797065,0,1
3.84847075,0,0
3.84897065,0,1
3.8494707,0,0
3.84997055,0,1
3.8504706,0,0
3.85097045,0,1
3.85147055,0,0
3.8519704,0,1
3.8524705,0,0
3.85297035,0,1
3.85347045,0,0
3.85397025,0,1
3.85447035,0,0
3.8549702,0,1
3.85547025,0,0
3.85597,0,1
3.8564701,0,0
3.8569699,0,1
3.85747,0,0
3.85796985,0,1
3.8584699,0,0
3.85896975,0,1
3.8594698,0,0
3.8599696,0,1
3.8604697,0,0
3.86096955,0,1
3.86146965,0,0
3.86196955,0,1
3.8624697,0,0
3.86296955,0,1
3.86346965,0,0
3.86396945,0,1
3.86446955,0,0
3.8649694,0,1
3.86546955,0,0
3.86596935,0,1
3.86646945,0,0
3.86696925,0,1
3.86746935,0,0
3.86796915,0,1
3.86846925,0,0
3.8689691,0,1
3.86946915,0,0
3.869969,0,1
3.87046905,0,0
3.87096885,0,1
3.8714689,0,0
3.8719687,0,1
3.87246875,0,0
3.8729686,0,1
3.87346875,0,0
3.8739686,0,1
3.87446865,0,0
3.87496855,0,1
3.8754686,0,0
3.8759685,0,1
3.8764686,0,0
3.8769684,0,1
3.87746845,0,0
3.87796825,0,1
3.8784683,0,0
3.8789681,0,1
3.8794682,0,0
3.879968,0,1
3.880468,0,0
3.8809678,0,1
3.8814679,0,0
3.8819677,0,1
3.8824678,0,0
3.8829676,0,1
3.8834677,0,0
3.88396755,0,1
3.8844676,0,0
3.8849675,0,1
3.88546765,0,0
3.8859675,0,1
3.88646755,0,0
3.8869674,0,1
3.88746745,0,0
3.88796725,0,1
3.88846735,0,0
3.88896715,0,1
3.8894672,0,0
3.88996705,0,1
3.89046715,0,0
3.890967,0,1
3.8914671,0,0
3.8919669,0,1
3.892467,0,0
3.89296685,0,1
3.893467,0,0
3.89396685,0,1
3.894467,0,0
3.8949669,0,1
3.89546705,0,0
3.89596695,0,1
3.89646705,0,0
3.8969669,0,1
3.89746705,0,0
3.8979669,0,1
3.89846705,0,0
3.8989669,0,1
3.89946705,0,0
3.8999669,0,1
3.900467,0,0
3.90096685,0,1
3.9014669,0,0
3.90196665,0,1
3.90246665,0,0
3.90296635,0,1
3.9034664,0,0
3.9039662,0,1
3.90446625,0,0
3.90496605,0,1
3.9054661,0,0
3.9059659,0,1
3.90646605,0,0
3.90696585,0,1
3.907466,0,0
3.9079659,0,1
3.908466,0,0
3.90896585,0,1
3.90946595,0,0
3.9099658,0,1
3.9104659,0,0
3.9109657,0,1
3.9114658,0,0
3.91196565,0,1
3.91246575,0,0
3.9129656,0,1
3.91346565,0,0
3.9139655,0,1
3.9144656,0,0
3.91496545,0,1
3.9154655,0,0
3.91596535,0,1
3.9164654,0,0
3.9169653,0,1
3.9174654,0,0
3.91796525,0,1
3.91846535,0,0
3.9189652,0,1
3.9194653,0,0
3.91996515,0,1
3.92046525,0,0
3.92096505,0,1
3.92146515,0,0
3.921965,0,1
3.92246505,0,0
3.9229649,0,1
3.923465,0,0
3.92396485,0,1
3.924465,0,0
3.9249649,0,1
3.925465,0,0
3.9259649,0,1
3.92646505,0,0
3.92696495,0,1
3.9274651,0,0
3.92796505,0,1
3.92846525,0,0
3.9289652,0,1
3.92946535,0,0
3.9299653,0,1
3.9304655,0,0
3.9309654,0,1
3.9314656,0,0
3.93196555,0,1
3.93246575,0,0
3.93296565,0,1
3.93346585,0,0
3.9339657,0,1
3.9344659,0,0
3.9349658,0,1
3.9354659,0,0
3.9359658,0,1
3.936466,0,0
3.9369659,0,1
3.93746605,0,0
3.93796595,0,1
3.9384661,0,0
3.93896595,0,1
3.9394661,0,0
3.939966,0,1
3.94046615,0,0
3.940966,0,1
3.9414661,0,0
3.941966,0,1
3.94246615,0,0
3.94296605,0,1
3.94346625,0,0
3.9439662,0,1
3.94446635,0,0
3.94496625,0,1
3.94546635,0,0
3.9459663,0,1
3.94646645,0,0
3.94696635,0,1
3.9474665,0,0
3.9479664,0,1
3.9484665,0,0
3.9489664,0,1
3.9494665,0,0
3.9499664,0,1
3.9504665,0,0
3.95096635,0,1
3.95146645,0,0
3.95196635,0,1
3.9524665,0,0
3.95296635,0,1
3.95346655,0,0
3.9539664,0,1
3.9544665,0,0
3.9549664,0,1
3.95546655,0,0
3.9559665,0,1
3.9564667,0,0
3.95696665,0,1
3.95746685,0,0
3.9579668,0,1
3.95846695,0,0
3.95896685,0,1
3.959467,0,0
3.9599669,0,1
3.96046705,0,0
3.960967,0,1
3.96146715,0,0
3.96196705,0,1
3.9624672,0,0
3.9629671,0,1
3.9634673,0,0
3.9639672,0,1
3.9644674,0,0
3.9649673,0,1
3.9654675,0,0
3.96596745,0,1
3.9664676,0,0
3.96696755,0,1
3.9674677,0,0
3.9679676,0,1
3.9684677,0,0
3.9689676,0,1
3.9694677,0,0
3.9699676,0,1
3.97046775,0,0
3.97096765,0,1
3.9714678,0,0
3.9719677,0,1
3.9724678,0,0
3.97296765,0,1
3.97346775,0,0
3.9739676,0,1
3.9744677,0,0
3.97496755,0,1
3.97546765,0,0
3.9759675,0,1
3.9764676,0,0
3.97696745,0,1
3.97746755,0,0
3.9779674,0,1
3.97846755,0,0
3.9789674,0,1
3.97946755,0,0
3.97996745,0,1
3.9804676,0,0
3.9809675,0,1
3.98146765,0,0
3.98196755,0,1
3.9824677,0,0
3.9829676,0,1
3.98346775,0,0
3.9839676,0,1
3.98446775,0,0
3.98496765,0,1
3.98546775,0,0
3.9859676,0,1
3.9864677,0,0
3.9869676,0,1
3.9874677,0,0
3.9879676,0,1
3.9884677,0,0
3.98896755,0,1
3.98946765,0,0
3.9899675,0,1
3.9904676,0,0
3.99096745,0,1
3.9914676,0,0
3.9919675,0,1
3.99246765,0,0
3.99296755,0,1
3.99346765,0,0
3.9939675,0,1
3.9944677,0,0
3.9949676,0,1
3.99546775,0,0
3.99596765,0,1
3.9964677,0,0
3.9969676,0,1
3.9974677,0,0
3.99796765,0,1
3.99846775,0,0
3.99896765,0,1
3.9994678,0,0
3.9999677,0,1
4.00046785,0,0
4.0009677,0,1
4.00146785,0,0
4.00196775,0,1
4.00246785,0,0
4.00296775,0,1
4.0034679,0,0
4.0039678,0,1
4.00446795,0,0
4.0049678,0,1
4.0054679,0,0
4.0059678,0,1
4.0064679,0,0
4.00696775,0,1
4.0074679,0,0
4.0079678,0,1
4.008468,0,0
4.00896785,0,1
4.00946805,0,0
4.00996795,0,1
4.01046805,0,0
4.01096795,0,1
4.0114681,0,0
4.011968,0,1
4.0124681,0,0
4.012968,0,1
4.0134682,0,0
4.01396815,0,1
4.01446835,0,0
4.0149683,0,1
4.01546845,0,0
4.01596835,0,1
4.0164685,0,0
4.01696835,0,1
4.0174685,0,0
4.0179684,0,1
4.01846855,0,0
4.0189684,0,1
4.01946855,0,0
4.0199684,0,1
4.02046855,0,0
4.02096845,0,1
4.02146855,0,0
4.0219685,0,1
4.02246865,0,0
4.02296855,0,1
4.0234687,0,0
4.02396855,0,1
4.0244687,0,0
4.02496855,0,1
4.0254687,0,0
4.02596855,0,1
4.0264687,0,0
4.02696865,0,1
4.0274688,0,0
4.0279687,0,1
4.0284689,0,0
4.02896875,0,1
4.0294689,0,0
4.0299688,0,1
4.03046895,0,0
4.03096885,0,1
4.03146895,0,0
4.03196885,0,1
4.03246895,0,0
4.03296885,0,1
4.03346905,0,0
4.03396895,0,1
4.0344691,0,0
4.034969,0,1
4.03546915,0,0
4.03596905,0,1
4.0364692,0,0
4.0369691,0,1
4.03746925,0,0
4.03796915,0,1
4.0384693,0,0
4.03896925,0,1
4.03946935,0,0
4.03996925,0,1
4.04046945,0,0
4.04096935,0,1
4.04146955,0,0
4.0419695,0,1
4.0424697,0,0
4.0429696,0,1
4.04346975,0,0
4.04396965,0,1
4.04446975,0,0
4.0449696,0,1
4.04546975,0,0
4.04596965,0,1
4.0464697,0,0
4.0469696,0,1
4.0474697,0,0
4.04796955,0,1
4.04846965,0,0
4.0489695,0,1
4.0494696,0,0
4.0499695,0,1
4.0504696,0,0
4.05096945,0,1
4.0514696,0,0
4.05196945,0,1
4.0524696,0,0
4.0529694,0,1
4.05346955,0,0
4.0539694,0,1
4.05446955,0,0
4.0549694,0,1
4.0554695,0,0
4.05596935,0,1
4.0564695,0,0
4.05696935,0,1
4.05746945,0,0
4.05796935,0,1
4.05846945,0,0
4.05896935,0,1
4.05946945,0,0
4.0599693,0,1
4.0604694,0,0
4.06096925,0,1
4.0614694,0,0
4.06196925,0,1
4.06246935,0,0
4.06296925,0,1
4.0634693,0,0
4.0639692,0,1
4.0644693,0,0
4.06496915,0,1
4.0654693,0,0
4.0659691,0,1
4.0664692,0,0
4.06696905,0,1
4.0674692,0,0
4.06796905,0,1
4.06846915,0,0
4.06896905,0,1
4.06946915,0,0
4.06996905,0,1
4.07046925,0,0
4.07096915,0,1
4.0714693,0,0
4.0719692,0,1
4.07246935,0,0
4.0729692,0,1
4.07346925,0,0
4.0739691,0,1
4.07446925,0,0
4.07496905,0,1
4.0754692,0,0
4.07596905,0,1
4.0764692,0,0
4.07696905,0,1
4.0774691,0,0
4.077969,0,1
4.0784691,0,0
4.078969,0,1
4.0794691,0,0
4.0799689,0,1
4.080469,0,0
4.0809689,0,1
4.081469,0,0
4.08196885,0,1
4.08246895,0,0
4.08296885,0,1
4.083469,0,0
4.08396885,0,1
4.0844689,0,0
4.0849687,0,1
4.08546875,0,0
4.0859685,0,1
4.0864686,0,0
4.0869685,0,1
4.0874686,0,0
4.0879685,0,1
4.08846865,0,0
4.0889685,0,1
4.08946865,0,0
4.08996855,0,1
4.0904687,0,0
4.0909686,0,1
4.0914687,0,0
4.0919686,0,1
4.0924687,0,0
4.09296855,0,1
4.0934687,0,0
4.0939686,0,1
4.09446875,0,0
4.09496855,0,1
4.0954687,0,0
4.09596855,0,1
4.09646865,0,0
4.0969685,0,1
4.09746865,0,0
4.0979685,0,1
4.09846865,0,0
4.09896855,0,1
4.0994687,0,0
4.0999686,0,1
4.10046875,0,0
4.10096865,0,1
4.1014688,0,0
4.10196865,0,1
4.1024688,0,0
4.1029687,0,1
4.1034689,0,0
4.10396885,0,1
4.104469,0,0
4.10496885,0,1
4.10546895,0,0
4.10596875,0,1
4.10646875,0,0
4.10696865,0,1
4.1074688,0,0
4.1079687,0,1
4.10846885,0,0
4.10896875,0,1
4.1094689,0,0
4.1099688,0,1
4.11046895,0,0
4.1109688,0,1
4.11146895,0,0
4.11196885,0,1
4.11246895,0,0
4.11296875,0,1
4.11346885,0,0
4.1139687,0,1
4.11446875,0,0
4.1149686,0,1
4.11546865,0,0
4.11596855,0,1
4.11646865,0,0
4.1169685,0,1
4.1174686,0,0
4.11796845,0,1
4.1184686,0,0
4.11896845,0,1
4.1194686,0,0
4.11996845,0,1
4.1204685,0,0
4.1209683,0,1
4.12146845,0,0
4.1219683,0,1
4.12246835,0,0
4.12296815,0,1
4.1234683,0,0
4.12396815,0,1
4.1244683,0,0
4.1249681,0,1
4.1254682,0,0
4.125968,0,1
4.12646805,0,0
4.12696785,0,1
4.1274679,0,0
4.1279677,0,1
4.1284677,0,0
4.12896755,0,1
4.1294676,0,0
4.12996745,0,1
4.1304675,0,0
4.1309674,0,1
4.13146745,0,0
4.13196735,0,1
4.1324675,0,0
4.13296735,0,1
4.1334675,0,0
4.13396735,0,1
4.1344675,0,0
4.13496735,0,1
4.1354675,0,0
4.13596735,0,1
4.13646745,0,0
4.1369673,0,1
4.1374674,0,0
4.13796725,0,1
4.13846735,0,0
4.1389672,0,1
4.1394673,0,0
4.13996715,0,1
4.14046725,0,0
4.1409671,0,1
4.1414672,0,0
4.14196705,0,1
4.1424671,0,0
4.14296695,0,1
4.14346705,0,0
4.1439669,0,1
4.144467,0,0
4.14496685,0,1
4.14546695,0,0
4.14596685,0,1
4.14646695,0,0
4.1469668,0,1
4.1474669,0,0
4.14796675,0,1
4.14846685,0,0
4.1489667,0,1
4.14946675,0,0
4.1499666,0,1
4.1504667,0,0
4.15096655,0,1
4.15146665,0,0
4.15196655,0,1
4.1524667,0,0
4.1529666,0,1
4.1534667,0,0
4.15396655,0,1
4.15446665,0,0
4.1549665,0,1
4.1554666,0,0
4.15596645,0,1
4.15646655,0,0
4.15696645,0,1
4.1574666,0,0
4.1579665,0,1
4.15846665,0,0
4.1589665,0,1
4.15946665,0,0
4.15996655,0,1
4.1604667,0,0
4.1609666,0,1
4.1614667,0,0
4.16196655,0,1
4.16246665,0,0
4.1629665,0,1
4.16346655,0,0
4.16396635,0,1
4.16446645,0,0
4.1649663,0,1
4.1654664,0,0
4.16596625,0,1
4.16646635,0,0
4.1669662,0,1
4.1674663,0,0
4.1679661,0,1
4.1684662,0,0
4.1689661,0,1
4.16946625,0,0
4.16996615,0,1
4.1704663,0,0
4.17096615,0,1
4.1714663,0,0
4.17196615,0,1
4.1724662,0,0
4.17296605,0,1
4.17346615,0,0
4.17396605,0,1
4.1744661,0,0
4.174966,0,1
4.17546605,0,0
4.17596585,0,1
4.17646595,0,0
4.1769658,0,1
4.1774659,0,0
4.17796575,0,1
4.1784658,0,0
4.1789656,0,1
4.17946565,0,0
4.1799655,0,1
4.1804656,0,0
4.18096545,0,1
4.18146555,0,0
4.18196535,0,1
4.18246545,0,0
4.18296535,0,1
4.18346545,0,0
4.18396535,0,1
4.1844655,0,0
4.18496535,0,1
4.18546545,0,0
4.18596525,0,1
4.18646535,0,0
4.18696525,0,1
4.1874654,0,0
4.18796525,0,1
4.18846535,0,0
4.18896525,0,1
4.1894653,0,0
4.18996515,0,1
4.19046525,0,0
4.1909651,0,1
4.1914652,0,0
4.19196505,0,1
4.1924652,0,0
4.1929651,0,1
4.19346515,0,0
4.19396505,0,1
4.19446515,0,0
4.194965,0,1
4.1954651,0,0
4.19596495,0,1
4.1964651,0,0
4.19696495,0,1
4.19746505,0,0
4.1979649,0,1
4.19846495,0,0
4.1989648,0,1
4.1994649,0,0
4.19996475,0,1
4.2004648,0,0
4.20096465,0,1
4.2014647,0,0
4.20196455,0,1
4.2024646,0,0
4.2029644,0,1
4.20346445,0,0
4.20396425,0,1
4.20446425,0,0
4.2049641,0,1
4.20546415,0,0
4.20596395,0,1
4.206464,0,0
4.20696385,0,1
4.2074639,0,0
4.20796375,0,1
4.2084638,0,0
4.20896365,0,1
4.2094637,0,0
4.20996355,0,1
4.2104636,0,0
4.21096335,0,1
4.21146345,0,0
4.21196325,0,1
4.21246335,0,0
4.21296315,0,1
4.21346315,0,0
4.21396295,0,1
4.214463,0,0
4.21496285,0,1
4.2154629,0,0
4.2159627,0,1
4.2164628,0,0
4.2169626,0,1
4.2174627,0,0
4.21796255,0,1
4.21846265,0,0
4.2189625,0,1
4.21946255,0,0
4.21996245,0,1
4.22046255,0,0
4.2209624,0,1
4.2214625,0,0
4.2219623,0,1
4.2224624,0,0
4.2229622,0,1
4.2234622,0,0
4.22396205,0,1
4.22446215,0,0
4.224962,0,1
4.22546205,0,0
4.2259619,0,1
4.226462,0,0
4.22696185,0,1
4.227462,0,0
4.22796185,0,1
4.228462,0,0
4.22896185,0,1
4.22946195,0,0
4.2299618,0,1
4.23046185,0,0
4.2309617,0,1
4.2314618,0,0
4.23196165,0,1
4.2324618,0,0
4.2329617,0,1
4.23346175,0,0
4.23396165,0,1
4.23446175,0,0
4.2349616,0,1
4.2354617,0,0
4.2359615,0,1
4.2364616,0,0
4.23696145,0,1
4.23746155,0,0
4.23796135,0,1
4.2384614,0,0
4.23896125,0,1
4.2394613,0,0
4.2399611,0,1
4.2404612,0,0
4.240961,0,1
4.24146105,0,0
4.24196085,0,1
4.2424609,0,0
4.2429607,0,1
4.2434607,0,0
4.2439605,0,1
4.24446055,0,0
4.24496035,0,1
4.2454604,0,0
4.2459602,0,1
4.24646025,0,0
4.24696005,0,1
4.24746015,0,0
4.24795995,0,1
4.24846005,0,0
4.24895985,0,1
4.2494598,0,0
4.2499595,0,1
4.25045945,0,0
4.25095915,0,1
4.25145915,0,0
4.25195895,0,1
4.25245895,0,0
4.25295875,0,1
4.2534588,0,0
4.25395855,0,1
4.25445855,0,0
4.25495835,0,1
4.2554584,0,0
4.25595815,0,1
4.25645825,0,0
4.25695805,0,1
4.2574581,0,0
4.25795795,0,1
4.258458,0,0
4.2589578,0,1
4.2594579,0,0
4.2599577,0,1
4.2604578,0,0
4.26095765,0,1
4.26145775,0,0
4.26195755,0,1
4.26245765,0,0
4.26295745,0,1
4.26345755,0,0
4.26395735,0,1
4.2644574,0,0
4.26495725,0,1
4.26545735,0,0
4.26595715,0,1
4.2664573,0,0
4.26695715,0,1
4.26745725,0,0
4.2679571,0,1
4.26845725,0,0
4.2689571,0,1
4.26945715,0,0
4.2699569,0,1
4.27045695,0,0
4.2709568,0,1
4.2714569,0,0
4.27195675,0,1
4.2724568,0,0
4.27295665,0,1
4.2734568,0,0
4.27395665,0,1
4.2744567,0,0
4.27495655,0,1
4.27545665,0,0
4.2759565,0,1
4.2764566,0,0
4.27695645,0,1
4.27745655,0,0
4.2779564,0,1
4.2784565,0,0
4.2789564,0,1
4.2794565,0,0
4.27995635,0,1
4.2804565,0,0
4.28095635,0,1
4.2814565,0,0
4.28195635,0,1
4.2824565,0,0
4.28295635,0,1
4.28345645,0,0
4.28395635,0,1
4.2844565,0,0
4.2849564,0,1
4.2854565,0,0
4.2859564,0,1
4.2864565,0,0
4.28695635,0,1
4.28745655,0,0
4.28795645,0,1
4.2884566,0,0
4.28895645,0,1
4.28945655,0,0
4.2899564,0,1
4.2904565,0,0
4.2909564,0,1
4.29145645,0,0
4.29195635,0,1
4.2924564,0,0
4.2929563,0,1
4.2934564,0,0
4.29395625,0,1
4.2944564,0,0
4.29495625,0,1
4.29545635,0,0
4.2959562,0,1
4.2964563,0,0
4.29695615,0,1
4.2974562,0,0
4.29795605,0,1
4.29845615,0,0
4.298956,0,1
4.2994561,0,0
4.29995595,0,1
4.300456,0,0
4.3009558,0,1
4.30145585,0,0
4.3019557,0,1
4.30245585,0,0
4.3029557,0,1
4.3034558,0,0
4.3039557,0,1
4.3044558,0,0
4.30495565,0,1
4.3054557,0,0
4.30595555,0,1
4.30645565,0,0
4.30695555,0,1
4.30745565,0,0
4.3079555,0,1
4.3084556,0,0
4.30895545,0,1
4.30945555,0,0
4.30995535,0,1
4.31045545,0,0
4.3109553,0,1
4.3114554,0,0
4.3119553,0,1
4.3124554,0,0
4.3129553,0,1
4.31345545,0,0
4.31395535,0,1
4.3144555,0,0
4.3149554,0,1
4.31545555,0,0
4.3159554,0,1
4.31645555,0,0
4.31695545,0,1
4.31745555,0,0
4.3179554,0,1
4.3184555,0,0
4.3189554,0,1
4.3194555,0,0
4.31995535,0,1
4.32045545,0,0
4.3209553,0,1
4.3214554,0,0
4.32195525,0,1
4.32245535,0,0
4.32295515,0,1
4.32345525,0,0
4.3239551,0,1
4.3244553,0,0
4.3249552,0,1
4.32545535,0,0
4.32595525,0,1
4.32645545,0,0
4.32695535,0,1
4.3274555,0,0
4.3279554,0,1
4.32845555,0,0
4.32895545,0,1
4.3294556,0,0
4.32995545,0,1
4.33045555,0,0
4.3309554,0,1
4.33145545,0,0
4.3319553,0,1
4.33245535,0,0
4.3329552,0,1
4.3334553,0,0
4.33395515,0,1
4.3344552,0,0
4.3349551,0,1
4.33545525,0,0
4.3359551,0,1
4.33645525,0,0
4.3369551,0,1
4.33745525,0,0
4.3379551,0,1
4.33845525,0,0
4.3389551,0,1
4.3394552,0,0
4.3399551,0,1
4.34045525,0,0
4.34095515,0,1
4.34145525,0,0
4.34195515,0,1
4.3424553,0,0
4.34295515,0,1
4.3434553,0,0
4.34395525,0,1
4.34445535,0,0
4.34495525,0,1
4.34545535,0,0
4.3459552,0,1
4.34645535,0,0
4.3469552,0,1
4.3474553,0,0
4.34795515,0,1
4.34845525,0,0
4.34895515,0,1
4.3494553,0,0
4.34995515,0,1
4.35045525,0,0
4.3509551,0,1
4.3514552,0,0
4.35195505,0,1
4.35245515,0,0
4.35295505,0,1
4.35345515,0,0
4.35395505,0,1
4.35445515,0,0
4.35495505,0,1
4.35545515,0,0
4.355955,0,1
4.3564551,0,0
4.356955,0,1
4.3574551,0,0
4.35795495,0,1
4.35845505,0,0
4.3589549,0,1
4.35945505,0,0
4.35995495,0,1
4.3604551,0,0
4.360955,0,1
4.36145515,0,0
4.361955,0,1
4.3624551,0,0
4.362955,0,1
4.3634551,0,0
4.36395495,0,1
4.36445505,0,0
4.3649549,0,1
4.36545505,0,0
4.36595495,0,1
4.3664551,0,0
4.366955,0,1
4.3674551,0,0
4.36795495,0,1
4.3684551,0,0
4.36895495,0,1
4.36945505,0,0
4.3699549,0,1
4.37045505,0,0
4.3709549,0,1
4.371455,0,0
4.3719549,0,1
4.372455,0,0
4.37295485,0,1
4.37345495,0,0
4.37395485,0,1
4.3744549,0,0
4.3749548,0,1
4.37545485,0,0
4.37595475,0,1
4.3764548,0,0
4.37695465,0,1
4.37745475,0,0
4.3779546,0,1
4.37845475,0,0
4.37895455,0,1
4.3794547,0,0
4.3799546,0,1
4.3804547,0,0
4.3809546,0,1
4.38145475,0,0
4.38195465,0,1
4.38245475,0,0
4.38295465,0,1
4.38345475,0,0
4.3839546,0,1
4.3844547,0,0
4.3849546,0,1
4.3854547,0,0
4.3859546,0,1
4.38645475,0,0
4.3869546,0,1
4.3874547,0,0
4.38795455,0,1
4.38845465,0,0
4.3889545,0,1
4.38945465,0,0
4.38995445,0,1
4.39045455,0,0
4.3909544,0,1
4.3914545,0,0
4.3919544,0,1
4.3924545,0,0
4.3929544,0,1
4.39345455,0,0
4.39395445,0,1
4.39445455,0,0
4.39495445,0,1
4.3954546,0,0
4.3959545,0,1
4.3964546,0,0
4.3969545,0,1
4.3974546,0,0
4.3979544,0,1
4.39845455,0,0
4.3989544,0,1
4.3994545,0,0
4.39995435,0,1
4.40045445,0,0
4.4009543,0,1
4.4014544,0,0
4.40195425,0,1
4.40245435,0,0
4.40295425,0,1
4.4034544,0,0
4.4039543,0,1
4.4044544,0,0
4.4049543,0,1
4.4054544,0,0
4.4059543,0,1
4.4064544,0,0
4.40695425,0,1
4.4074544,0,0
4.4079543,0,1
4.4084545,0,0
4.4089544,0,1
4.4094545,0,0
4.4099544,0,1
4.41045455,0,0
4.4109544,0,1
4.41145455,0,0
4.4119544,0,1
4.41245455,0,0
4.41295445,0,1
4.41345455,0,0
4.4139544,0,1
4.41445455,0,0
4.41495445,0,1
4.4154546,0,0
4.4159545,0,1
4.4164546,0,0
4.4169545,0,1
4.41745465,0,0
4.4179545,0,1
4.41845465,0,0
4.41895455,0,1
4.4194547,0,0
4.41995465,0,1
4.42045485,0,0
4.42095475,0,1
4.4214549,0,0
4.4219548,0,1
4.42245495,0,0
4.4229548,0,1
4.42345495,0,0
4.4239549,0,1
4.424455,0,0
4.4249549,0,1
4.42545505,0,0
4.4259549,0,1
4.42645505,0,0
4.42695495,0,1
4.42745505,0,0
4.42795495,0,1
4.4284551,0,0
4.428955,0,1
4.42945515,0,0
4.42995505,0,1
4.4304552,0,0
4.43095505,0,1
4.43145515,0,0
4.431955,0,1
4.4324551,0,0
4.43295495,0,1
4.43345505,0,0
4.43395495,0,1
4.43445505,0,0
4.4349549,0,1
4.435455,0,0
4.4359549,0,1
4.43645505,0,0
4.43695495,0,1
4.4374551,0,0
4.43795495,0,1
4.43845505,0,0
4.4389549,0,1
4.439455,0,0
4.43995485,0,1
4.44045495,0,0
4.44095485,0,1
4.44145495,0,0
4.4419548,0,1
4.4424549,0,0
4.44295475,0,1
4.44345485,0,0
4.4439547,0,1
4.4444548,0,0
4.44495465,0,1
4.44545475,0,0
4.4459546,0,1
4.44645465,0,0
4.4469545,0,1
4.4474546,0,0
4.44795445,0,1
4.4484545,0,0
4.44895435,0,1
4.4494544,0,0
4.4499543,0,1
4.45045435,0,0
4.4509542,0,1
4.4514543,0,0
4.4519541,0,1
4.4524542,0,0
4.45295395,0,1
4.45345405,0,0
4.45395385,0,1
4.45445395,0,0
4.45495375,0,1
4.45545385,0,0
4.4559537,0,1
4.45645375,0,0
4.45695355,0,1
4.4574536,0,0
4.4579534,0,1
4.45845345,0,0
4.45895325,0,1
4.45945335,0,0
4.4599532,0,1
4.46045335,0,0
4.4609532,0,1
4.4614533,0,0
4.4619532,0,1
4.4624533,0,0
4.4629532,0,1
4.4634533,0,0
4.46395315,0,1
4.4644533,0,0
4.46495315,0,1
4.46545325,0,0
4.46595305,0,1
4.4664532,0,0
4.4669531,0,1
4.4674532,0,0
4.46795305,0,1
4.46845315,0,0
4.46895295,0,1
4.46945305,0,0
4.4699529,0,1
4.47045305,0,0
4.4709529,0,1
4.471453,0,0
4.47195285,0,1
4.472453,0,0
4.4729529,0,1
4.47345305,0,0
4.47395295,0,1
4.4744531,0,0
4.47495295,0,1
4.4754531,0,0
4.47595295,0,1
4.476453,0,0
4.47695285,0,1
4.47745295,0,0
4.4779527,0,1
4.4784528,0,0
4.4789527,0,1
4.47945275,0,0
4.47995255,0,1
4.4804526,0,0
4.48095245,0,1
4.48145255,0,0
4.48195235,0,1
4.48245245,0,0
4.48295225,0,1
4.4834523,0,0
4.48395215,0,1
4.4844522,0,0
4.484952,0,1
4.4854521,0,0
4.48595195,0,1
4.486452,0,0
4.4869518,0,1
4.4874519,0,0
4.4879517,0,1
4.48845185,0,0
4.48895165,0,1
4.48945175,0,0
4.48995155,0,1
4.4904516,0,0
4.49095145,0,1
4.49145155,0,0
4.4919514,0,1
4.4924515,0,0
4.49295135,0,1
4.49345145,0,0
4.49395125,0,1
4.49445135,0,0
4.49495115,0,1
4.49545125,0,0
4.4959511,0,1
4.4964512,0,0
4.496951,0,1
4.4974511,0,0
4.4979509,0,1
4.498451,0,0
4.4989509,0,1
4.49945095,0,0
4.4999508,0,1
4.50045085,0,0
4.50095065,0,1
4.50145075,0,0
4.50195065,0,1
4.5024507,0,0
4.50295055,0,1
4.50345065,0,0
4.5039505,0,1
4.50445055,0,0
4.5049504,0,1
4.50545045,0,0
4.5059503,0,1
4.50645035,0,0
4.5069502,0,1
4.5074503,0,0
4.5079501,0,1
4.5084502,0,0
4.50895005,0,1
4.5094501,0,0
4.50994995,0,1
4.51045,0,0
4.5109498,0,1
4.5114499,0,0
4.5119497,0,1
4.5124498,0,0
4.51294965,0,1
4.51344975,0,0
4.51394955,0,1
4.51444965,0,0
4.5149495,0,1
4.5154496,0,0
4.5159494,0,1
4.5164495,0,0
4.5169494,0,1
4.51744945,0,0
4.51794925,0,1
4.51844935,0,0
4.5189492,0,1
4.5194493,0,0
4.51994915,0,1
4.5204493,0,0
4.5209492,0,1
4.5214493,0,0
4.5219492,0,1
4.5224493,0,0
4.52294915,0,1
4.5234493,0,0
4.52394915,0,1
4.5244493,0,0
4.52494915,0,1
4.5254493,0,0
4.5259492,0,1
4.5264493,0,0
4.52694915,0,1
4.52744925,0,0
4.5279491,0,1
4.52844925,0,0
4.5289491,0,1
4.5294492,0,0
4.52994905,0,1
4.5304492,0,0
4.53094905,0,1
4.5314492,0,0
4.53194905,0,1
4.53244915,0,0
4.5329491,0,1
4.5334492,0,0
4.5339491,0,1
4.5344492,0,0
4.53494905,0,1
4.53544915,0,0
4.53594905,0,1
4.53644915,0,0
4.53694905,0,1
4.5374492,0,0
4.5379491,0,1
4.53844925,0,0
4.5389491,0,1
4.5394492,0,0
4.53994905,0,1
4.54044915,0,0
4.540949,0,1
4.5414491,0,0
4.54194895,0,1
4.5424491,0,0
4.54294895,0,1
4.543449,0,0
4.54394885,0,1
4.54444895,0,0
4.54494875,0,1
4.54544885,0,0
4.5459487,0,1
4.5464488,0,0
4.54694865,0,1
4.54744875,0,0
4.54794855,0,1
4.54844865,0,0
4.5489485,0,1
4.5494486,0,0
4.54994845,0,1
4.55044855,0,0
4.5509484,0,1
4.55144855,0,0
4.5519484,0,1
4.5524485,0,0
4.5529483,0,1
4.55344835,0,0
4.55394825,0,1
4.55444835,0,0
4.5549482,0,1
4.55544835,0,0
4.5559482,0,1
4.5564483,0,0
4.5569482,0,1
4.55744835,0,0
4.55794825,0,1
4.55844835,0,0
4.55894825,0,1
4.55944835,0,0
4.55994825,0,1
4.56044835,0,0
4.5609482,0,1
4.56144835,0,0
4.5619482,0,1
4.5624483,0,0
4.5629482,0,1
4.5634483,0,0
4.5639482,0,1
4.56444835,0,0
4.56494825,0,1
4.56544835,0,0
4.5659482,0,1
4.5664483,0,0
4.56694815,0,1
4.5674483,0,0
4.5679481,0,1
4.56844825,0,0
4.5689481,0,1
4.56944815,0,0
4.569948,0,1
4.5704481,0,0
4.5709479,0,1
4.571448,0,0
4.57194785,0,1
4.5724479,0,0
4.5729477,0,1
4.5734478,0,0
4.57394765,0,1
4.57444775,0,0
4.5749476,0,1
4.5754477,0,0
4.57594755,0,1
4.5764477,0,0
4.57694755,0,1
4.5774477,0,0
4.57794755,0,1
4.57844765,0,0
4.5789475,0,1
4.57944765,0,0
4.57994755,0,1
4.58044765,0,0
4.5809475,0,1
4.5814476,0,0
4.58194745,0,1
4.5824476,0,0
4.58294745,0,1
4.5834476,0,0
4.58394745,0,1
4.5844476,0,0
4.5849475,0,1
4.58544765,0,0
4.58594755,0,1
4.5864477,0,0
4.58694755,0,1
4.5874477,0,0
4.5879476,0,1
4.5884477,0,0
4.58894755,0,1
4.58944765,0,0
4.58994745,0,1
4.5904475,0,0
4.59094735,0,1
4.5914475,0,0
4.59194735,0,1
4.5924475,0,0
4.5929474,0,1
4.5934475,0,0
4.59394735,0,1
4.5944475,0,0
4.5949474,0,1
4.59544755,0,0
4.5959474,0,1
4.59644755,0,0
4.5969474,0,1
4.5974475,0,0
4.5979473,0,1
4.59844735,0,0
4.5989472,0,1
4.5994473,0,0
4.59994715,0,1
4.60044725,0,0
4.60094715,0,1
4.6014473,0,0
4.60194715,0,1
4.60244725,0,0
4.6029471,0,1
4.60344725,0,0
4.6039471,0,1
4.60444725,0,0
4.6049471,0,1
4.60544715,0,0
4.605947,0,1
4.6064471,0,0
4.60694695,0,1
4.60744705,0,0
4.6079469,0,1
4.608447,0,0
4.6089469,0,1
4.60944705,0,0
4.60994695,0,1
4.61044705,0,0
4.61094695,0,1
4.61144705,0,0
4.61194695,0,1
4.61244705,0,0
4.61294695,0,1
4.6134471,0,0
4.61394695,0,1
4.6144471,0,0
4.61494695,0,1
4.61544705,0,0
4.6159469,0,1
4.61644705,0,0
4.61694695,0,1
4.61744715,0,0
4.617947,0,1
4.6184471,0,0
4.61894695,0,1
4.6194471,0,0
4.61994695,0,1
4.6204471,0,0
4.620947,0,1
4.62144715,0,0
4.62194705,0,1
4.62244715,0,0
4.622947,0,1
4.62344715,0,0
4.62394705,0,1
4.62444715,0,0
4.624947,0,1
4.62544715,0,0
4.625947,0,1
4.62644705,0,0
4.6269469,0,1
4.627447,0,0
4.6279469,0,1
4.628447,0,0
4.62894685,0,1
4.629447,0,0
4.6299469,0,1
4.6304471,0,0
4.63094695,0,1
4.63144705,0,0
4.6319469,0,1
4.63244705,0,0
4.6329469,0,1
4.63344705,0,0
4.63394695,0,1
4.6344471,0,0
4.63494695,0,1
4.63544705,0,0
4.6359469,0,1
4.636447,0,0
4.6369468,0,1
4.6374469,0,0
4.6379468,0,1
4.6384469,0,0
4.6389467,0,1
4.6394468,0,0
4.63994665,0,1
4.6404468,0,0
4.6409467,0,1
4.64144685,0,0
4.64194675,0,1
4.64244685,0,0
4.64294675,0,1
4.64344685,0,0
4.64394675,0,1
4.6444469,0,0
4.6449468,0,1
4.64544695,0,0
4.64594685,0,1
4.646447,0,0
4.6469469,0,1
4.64744705,0,0
4.64794695,0,1
4.6484471,0,0
4.64894695,0,1
4.6494471,0,0
4.649947,0,1
4.6504472,0,0
4.65094705,0,1
4.6514472,0,0
4.651947,0,1
4.65244705,0,0
4.6529469,0,1
4.653447,0,0
4.6539469,0,1
4.65444705,0,0
4.6549469,0,1
4.655447,0,0
4.6559469,0,1
4.65644705,0,0
4.6569469,0,1
4.657447,0,0
4.65794685,0,1
4.658447,0,0
4.6589469,0,1
4.659447,0,0
4.65994685,0,1
4.66044695,0,0
4.6609468,0,1
4.6614469,0,0
4.6619467,0,1
4.6624468,0,0
4.66294665,0,1
4.6634468,0,0
4.66394665,0,1
4.66444675,0,0
4.6649466,0,1
4.66544675,0,0
4.66594665,0,1
4.66644675,0,0
4.66694655,0,1
4.66744665,0,0
4.66794655,0,1
4.6684467,0,0
4.6689466,0,1
4.66944675,0,0
4.66994665,0,1
4.6704468,0,0
4.6709467,0,1
4.6714468,0,0
4.6719467,0,1
4.67244685,0,0
4.67294675,0,1
4.6734469,0,0
4.6739468,0,1
4.67444695,0,0
4.67494685,0,1
4.675447,0,0
4.67594685,0,1
4.676447,0,0
4.6769469,0,1
4.677447,0,0
4.67794695,0,1
4.67844705,0,0
4.67894695,0,1
4.6794471,0,0
4.67994695,0,1
4.68044705,0,0
4.68094695,0,1
4.681447,0,0
4.6819469,0,1
4.68244705,0,0
4.6829469,0,1
4.683447,0,0
4.68394685,0,1
4.68444695,0,0
4.68494685,0,1
4.6854469,0,0
4.6859467,0,1
4.6864468,0,0
4.6869466,0,1
4.68744665,0,0
4.68794655,0,1
4.68844665,0,0
4.68894655,0,1
4.68944665,0,0
4.68994655,0,1
4.69044665,0,0
4.69094655,0,1
4.69144665,0,0
4.6919465,0,1
4.6924466,0,0
4.69294645,0,1
4.69344655,0,0
4.69394635,0,1
4.6944464,0,0
4.6949462,0,1
4.6954462,0,0
4.695946,0,1
4.6964461,0,0
4.696946,0,1
4.69744605,0,0
4.6979459,0,1
4.69844595,0,0
4.69894575,0,1
4.69944585,0,0
4.6999457,0,1
4.7004458,0,0
4.70094565,0,1
4.70144575,0,0
4.70194555,0,1
4.70244565,0,0
4.7029455,0,1
4.7034456,0,0
4.7039454,0,1
4.7044455,0,0
4.70494535,0,1
4.70544545,0,0
4.70594525,0,1
4.70644535,0,0
4.70694525,0,1
4.70744535,0,0
4.7079452,0,1
4.7084453,0,0
4.70894515,0,1
4.7094452,0,0
4.709945,0,1
4.7104451,0,0
4.710945,0,1
4.71144505,0,0
4.7119449,0,1
4.712445,0,0
4.71294485,0,1
4.713445,0,0
4.71394485,0,1
4.71444495,0,0
4.7149448,0,1
4.71544495,0,0
4.71594485,0,1
4.716445,0,0
4.71694485,0,1
4.717445,0,0
4.71794485,0,1
4.71844495,0,0
4.7189448,0,1
4.7194449,0,0
4.7199447,0,1
4.72044475,0,0
4.7209446,0,1
4.7214447,0,0
4.7219445,0,1
4.72244455,0,0
4.7229444,0,1
4.72344445,0,0
4.7239443,0,1
4.72444435,0,0
4.7249442,0,1
4.7254443,0,0
4.72594415,0,1
4.7264442,0,0
4.72694405,0,1
4.7274442,0,0
4.7279441,0,1
4.72844425,0,0
4.7289441,0,1
4.72944415,0,0
4.72994405,0,1
4.7304442,0,0
4.73094405,0,1
4.73144415,0,0
4.73194405,0,1
4.73244415,0,0
4.732944,0,1
4.7334441,0,0
4.73394395,0,1
4.73444405,0,0
4.73494385,0,1
4.73544395,0,0
4.73594375,0,1
4.73644385,0,0
4.73694365,0,1
4.73744375,0,0
4.7379436,0,1
4.7384437,0,0
4.73894355,0,1
4.7394436,0,0
4.73994345,0,1
4.74044355,0,0
4.7409434,0,1
4.74144345,0,0
4.7419433,0,1
4.7424434,0,0
4.7429432,0,1
4.7434433,0,0
4.7439431,0,1
4.74444315,0,0
4.74494295,0,1
4.745443,0,0
4.7459428,0,1
4.7464429,0,0
4.7469427,0,1
4.7474428,0,0
4.74794265,0,1
4.74844275,0,0
4.7489426,0,1
4.74944275,0,0
4.7499426,0,1
4.7504427,0,0
4.7509426,0,1
4.7514427,0,0
4.75194255,0,1
4.75244265,0,0
4.75294255,0,1
4.7534427,0,0
4.75394255,0,1
4.7544427,0,0
4.75494255,0,1
4.75544265,0,0
4.75594255,0,1
4.7564427,0,0
4.7569426,0,1
4.75744275,0,0
4.75794265,0,1
4.75844275,0,0
4.75894265,0,1
4.75944275,0,0
4.75994265,0,1
4.7604428,0,0
4.76094265,0,1
4.76144275,0,0
4.76194265,0,1
4.7624428,0,0
4.76294265,0,1
4.7634428,0,0
4.7639426,0,1
4.76444275,0,0
4.76494265,0,1
4.76544275,0,0
4.76594265,0,1
4.7664428,0,0
4.7669427,0,1
4.76744285,0,0
4.7679427,0,1
4.76844285,0,0
4.7689427,0,1
4.76944285,0,0
4.76994275,0,1
4.77044285,0,0
4.77094265,0,1
4.7714428,0,0
4.7719427,0,1
4.7724428,0,0
4.7729427,0,1
4.77344275,0,0
4.77394255,0,1
4.77444265,0,0
4.7749425,0,1
4.7754426,0,0
4.7759425,0,1
4.7764426,0,0
4.77694245,0,1
4.77744255,0,0
4.7779424,0,1
4.7784425,0,0
4.77894235,0,1
4.7794425,0,0
4.77994235,0,1
4.78044245,0,0
4.78094235,0,1
4.7814424,0,0
4.78194225,0,1
4.78244235,0,0
4.78294215,0,1
4.78344225,0,0
4.7839421,0,1
4.78444215,0,0
4.784942,0,1
4.78544205,0,0
4.7859419,0,1
4.78644195,0,0
4.7869417,0,1
4.7874418,0,0
4.78794165,0,1
4.7884417,0,0
4.78894155,0,1
4.78944165,0,0
4.7899415,0,1
4.79044155,0,0
4.7909414,0,1
4.79144155,0,0
4.7919414,0,1
4.79244145,0,0
4.7929413,0,1
4.7934414,0,0
4.79394125,0,1
4.79444135,0,0
4.79494115,0,1
4.7954412,0,0
4.795941,0,1
4.796441,0,0
4.7969408,0,1
4.79744085,0,0
4.7979407,0,1
4.7984408,0,0
4.79894065,0,1
4.79944075,0,0
4.79994055,0,1
4.80044065,0,0
4.8009405,0,1
4.8014406,0,0
4.80194045,0,1
4.8024405,0,0
4.80294035,0,1
4.80344045,0,0
4.8039403,0,1
4.8044404,0,0
4.80494025,0,1
4.80544035,0,0
4.8059402,0,1
4.8064403,0,0
4.80694015,0,1
4.80744025,0,0
4.8079401,0,1
4.80844015,0,0
4.80894,0,1
4.8094401,0,0
4.80994,0,1
4.8104401,0,0
4.81094,0,1
4.81144015,0,0
4.81193995,0,1
4.81244005,0,0
4.81293995,0,1
4.81344,0,0
4.8139398,0,1
4.81443985,0,0
4.8149397,0,1
4.81543985,0,0
4.8159397,0,1
4.8164398,0,0
4.8169397,0,1
4.8174398,0,0
4.8179396,0,1
4.8184397,0,0
4.81893955,0,1
4.8194396,0,0
4.81993945,0,1
4.8204395,0,0
4.8209393,0,1
4.82143935,0,0
4.82193915,0,1
4.8224392,0,0
4.82293905,0,1
4.82343915,0,0
4.823939,0,1
4.8244391,0,0
4.8249389,0,1
4.825439,0,0
4.8259388,0,1
4.8264389,0,0
4.82693875,0,1
4.8274388,0,0
4.82793865,0,1
4.8284388,0,0
4.82893865,0,1
4.82943875,0,0
4.82993865,0,1
4.8304387,0,0
4.83093855,0,1
4.83143865,0,0
4.8319385,0,1
4.83243855,0,0
4.8329384,0,1
4.83343845,0,0
4.8339383,0,1
4.8344384,0,0
4.83493825,0,1
4.8354383,0,0
4.8359382,0,1
4.8364383,0,0
4.83693815,0,1
4.83743825,0,0
4.8379381,0,1
4.8384382,0,0
4.83893805,0,1
4.83943815,0,0
4.839938,0,1
4.84043815,0,0
4.840938,0,1
4.8414381,0,0
4.84193795,0,1
4.84243805,0,0
4.842938,0,1
4.84343815,0,0
4.84393805,0,1
4.8444382,0,0
4.8449381,0,1
4.84543825,0,0
4.84593805,0,1
4.8464381,0,0
4.84693785,0,1
4.84743795,0,0
4.84793775,0,1
4.8484379,0,0
4.84893775,0,1
4.84943785,0,0
4.84993765,0,1
4.85043775,0,0
4.85093755,0,1
4.85143765,0,0
4.85193745,0,1
4.85243755,0,0
4.8529374,0,1
4.8534375,0,0
4.85393735,0,1
4.85443745,0,0
4.8549373,0,1
4.85543735,0,0
4.85593715,0,1
4.8564372,0,0
4.85693695,0,1
4.857437,0,0
4.85793685,0,1
4.8584369,0,0
4.85893675,0,1
4.85943685,0,0
4.85993665,0,1
4.86043675,0,0
4.8609366,0,1
4.8614367,0,0
4.86193655,0,1
4.86243665,0,0
4.86293645,0,1
4.86343655,0,0
4.86393635,0,1
4.86443645,0,0
4.86493635,0,1
4.86543645,0,0
4.8659363,0,1
4.86643635,0,0
4.86693625,0,1
4.86743635,0,0
4.8679362,0,1
4.8684363,0,0
4.86893615,0,1
4.86943625,0,0
4.8699361,0,1
4.87043615,0,0
4.870936,0,1
4.87143605,0,0
4.8719359,0,1
4.872436,0,0
4.87293585,0,1
4.873436,0,0
4.87393585,0,1
4.87443585,0,0
4.87493565,0,1
4.87543565,0,0
4.8759355,0,1
4.87643555,0,0
4.8769354,0,1
4.8774355,0,0
4.87793535,0,1
4.8784355,0,0
4.87893535,0,1
4.87943545,0,0
4.87993525,0,1
4.88043535,0,0
4.88093525,0,1
4.88143535,0,0
4.8819352,0,1
4.88243535,0,0
4.8829352,0,1
4.8834353,0,0
4.88393515,0,1
4.8844353,0,0
4.88493515,0,1
4.88543525,0,0
4.88593505,0,1
4.88643515,0,0
4.88693505,0,1
4.88743515,0,0
4.88793505,0,1
4.88843515,0,0
4.888935,0,1
4.8894351,0,0
4.889935,0,1
4.8904351,0,0
4.890935,0,1
4.89143515,0,0
4.89193505,0,1
4.8924352,0,0
4.8929351,0,1
4.8934352,0,0
4.8939351,0,1
4.89443525,0,0
4.89493515,0,1
4.8954353,0,0
4.8959352,0,1
4.8964353,0,0
4.89693515,0,1
4.89743525,0,0
4.89793515,0,1
4.89843525,0,0
4.89893515,0,1
4.8994353,0,0
4.8999352,0,1
4.90043535,0,0
4.9009352,0,1
4.9014353,0,0
4.9019352,0,1
4.90243535,0,0
4.9029352,0,1
4.90343525,0,0
4.9039351,0,1
4.90443525,0,0
4.9049351,0,1
4.9054352,0,0
4.90593505,0,1
4.90643515,0,0
4.90693505,0,1
4.9074352,0,0
4.9079351,0,1
4.9084353,0,0
4.90893515,0,1
4.90943525,0,0
4.9099351,0,1
4.9104352,0,0
4.91093505,0,1
4.91143515,0,0
4.91193505,0,1
4.9124352,0,0
4.91293505,0,1
4.91343515,0,0
4.91393505,0,1
4.9144352,0,0
4.9149351,0,1
4.91543525,0,0
4.91593515,0,1
4.91643525,0,0
4.9169351,0,1
4.91743525,0,0
4.91793515,0,1
4.91843525,0,0
4.91893515,0,1
4.9194353,0,0
4.91993515,0,1
4.92043525,0,0
4.9209351,0,1
4.92143525,0,0
4.9219351,0,1
4.92243525,0,0
4.9229351,0,1
4.9234352,0,0
4.92393505,0,1
4.92443515,0,0
4.924935,0,1
4.9254351,0,0
4.92593495,0,1
4.92643505,0,0
4.9269349,0,1
4.927435,0,0
4.92793485,0,1
4.92843495,0,0
4.92893485,0,1
4.92943495,0,0
4.92993485,0,1
4.93043495,0,0
4.9309348,0,1
4.9314349,0,0
4.9319348,0,1
4.93243485,0,0
4.9329347,0,1
4.9334348,0,0
4.9339347,0,1
4.9344348,0,0
4.93493465,0,1
4.9354347,0,0
4.9359345,0,1
4.93643455,0,0
4.93693435,0,1
4.93743445,0,0
4.93793435,0,1
4.9384345,0,0
4.9389344,0,1
4.9394345,0,0
4.9399344,0,1
4.94043455,0,0
4.9409344,0,1
4.9414345,0,0
4.9419343,0,1
4.9424344,0,0
4.9429342,0,1
4.9434343,0,0
4.94393415,0,1
4.94443425,0,0
4.94493405,0,1
4.9454342,0,0
4.94593405,0,1
4.9464341,0,0
4.94693395,0,1
4.94743405,0,0
4.9479339,0,1
4.94843405,0,0
4.9489339,0,1
4.949434,0,0
4.9499339,0,1
4.95043395,0,0
4.9509338,0,1
4.9514339,0,0
4.95193375,0,1
4.95243385,0,0
4.95293375,0,1
4.95343385,0,0
4.9539337,0,1
4.95443385,0,0
4.95493375,0,1
4.9554339,0,0
4.95593375,0,1
4.9564339,0,0
4.9569338,0,1
4.9574339,0,0
4.9579338,0,1
4.9584339,0,0
4.95893375,0,1
4.9594339,0,0
4.9599338,0,1
4.96043395,0,0
4.9609338,0,1
4.9614339,0,0
4.9619338,0,1
4.9624339,0,0
4.96293375,0,1
4.9634339,0,0
4.9639337,0,1
4.9644338,0,0
4.96493365,0,1
4.96543375,0,0
4.9659336,0,1
4.9664336,0,0
4.96693345,0,1
4.96743355,0,0
4.9679334,0,1
4.96843345,0,0
4.9689333,0,1
4.96943335,0,0
4.96993315,0,1
4.9704332,0,0
4.970933,0,1
4.97143305,0,0
4.9719328,0,1
4.9724329,0,0
4.9729327,0,1
4.97343275,0,0
4.97393255,0,1
4.97443265,0,0
4.9749325,0,1
4.97543265,0,0
4.9759325,0,1
4.9764326,0,0
4.97693245,0,1
4.97743255,0,0
4.9779324,0,1
4.9784325,0,0
4.9789324,0,1
4.97943245,0,0
4.97993235,0,1
4.98043245,0,0
4.98093235,0,1
4.98143245,0,0
4.98193235,0,1
4.9824325,0,0
4.9829324,0,1
4.9834325,0,0
4.9839323,0,1
4.9844324,0,0
4.98493225,0,1
4.9854324,0,0
4.98593225,0,1
4.9864324,0,0
4.9869322,0,1
4.98743235,0,0
4.9879322,0,1
4.98843235,0,0
4.9889322,0,1
4.9894323,0,0
4.9899322,0,1
4.99043225,0,0
4.9909321,0,1
4.9914322,0,0
4.99193205,0,1
4.9924322,0,0
4.99293205,0,1
4.99343215,0,0
4.993932,0,1
4.9944321,0,0
4.994932,0,1
4.9954321,0,0
4.995932,0,1
4.99643215,0,0
4.99693195,0,1
4.99743205,0,0
4.99793185,0,1
4.9984319,0,0
4.99893165,0,1
4.99943175,0,0
4.99993155,0,1
