timestamp_s,CH0,CH1
0.0,0,1
0.00043905,0,0
0.00093885,0,1
0.0014389,0,0
0.00193865,0,1
0.00243865,0,0
0.00293845,0,1
0.00343845,0,0
0.00393825,0,1
0.00443815,0,0
0.00493785,0,1
0.00543785,0,0
0.00593755,0,1
0.0064376,0,0
0.00693735,0,1
0.00743735,0,0
0.00793715,0,1
0.00843715,0,0
0.00893685,0,1
0.00943685,0,0
0.0099366,0,1
0.0104366,0,0
0.0109363,0,1
0.0114363,0,0
0.01193605,0,1
0.01243605,0,0
0.0129358,0,1
0.01343575,0,0
0.0139355,0,1
0.01443545,0,0
0.0149352,0,1
0.01543515,0,0
0.0159349,0,1
0.01643495,0,0
0.0169347,0,1
0.0174347,0,0
0.01793445,0,1
0.01843445,0,0
0.0189342,0,1
0.0194342,0,0
0.01993395,0,1
0.02043395,0,0
0.0209337,0,1
0.02143375,0,0
0.02193355,0,1
0.02243355,0,0
0.0229333,0,1
0.0234333,0,0
0.02393305,0,1
0.0244331,0,0
0.0249329,0,1
0.025433,0,0
0.0259328,0,1
0.02643285,0,0
0.0269326,0,1
0.02743265,0,0
0.0279325,0,1
0.02843255,0,0
0.02893235,0,1
0.02943235,0,0
0.02993215,0,1
0.03043215,0,0
0.03093195,0,1
0.03143205,0,0
0.0319318,0,1
0.03243185,0,0
0.03293165,0,1
0.0334317,0,0
0.03393145,0,1
0.0344315,0,0
0.03493125,0,1
0.0354313,0,0
0.0359311,0,1
0.0364311,0,0
0.0369309,0,1
0.037431,0,0
0.03793075,0,1
0.0384308,0,0
0.0389306,0,1
0.0394306,0,0
0.0399304,0,1
0.04043045,0,0
0.0409302,0,1
0.04143025,0,0
0.04193005,0,1
0.04243005,0,0
0.0429298,0,1
0.04342985,0,0
0.04392965,0,1
0.0444297,0,0
0.0449295,0,1
0.04542955,0,0
0.04592935,0,1
0.0464294,0,0
0.0469292,0,1
0.04742935,0,0
0.0479292,0,1
0.04842935,0,0
0.0489293,0,1
0.04942915,0,0
0.049929,0,1
0.05000285,1,1
0.05042945,1,0
0.0509289,1,1
0.051429,1,0
0.0519291,1,1
0.05242875,1,0
0.05292865,1,1
0.0534287,1,0
0.0539285,1,1
0.0544288,1,0
0.0549284,1,1
0.0554283,1,0
0.05592805,1,1
0.0560602,0,1
0.05642865,0,0
0.0569281,0,1
0.0574284,0,0
0.0579281,0,1
0.05842845,0,0
0.0589279,0,1
0.0594281,0,0
0.05992805,0,1
0.0604278,0,0
0.0609276,0,1
0.06142795,0,0
0.06192735,0,1
0.06242745,0,0
0.06292725,0,1
0.0634273,0,0
0.0639271,0,1
0.06442715,0,0
0.06492695,0,1
0.065427,0,0
0.0659268,0,1
0.0664268,0,0
0.06692655,0,1
0.0674266,0,0
0.0679264,0,1
0.0684264,0,0
0.06892615,0,1
0.06942615,0,0
0.06992595,0,1
0.07042595,0,0
0.07092575,0,1
0.07142575,0,0
0.07192555,0,1
0.0724256,0,0
0.07292535,0,1
0.0734254,0,0
0.0739252,0,1
0.0744252,0,0
0.074925,0,1
0.075425,0,0
0.07592475,0,1
0.0764248,0,0
0.07692465,0,1
0.0774248,0,0
0.07792465,0,1
0.07842475,0,0
0.0789245,0,1
0.07942455,0,0
0.0799243,0,1
0.0804243,0,0
0.0809241,0,1
0.08142405,0,0
0.0819238,0,1
0.0824238,0,0
0.0829236,0,1
0.08342365,0,0
0.0839234,0,1
0.08442345,0,0
0.08492325,0,1
0.0854233,0,0
0.0859231,0,1
0.08642315,0,0
0.08692295,0,1
0.08742305,0,0
0.0879228,0,1
0.0884229,0,0
0.08892265,0,1
0.08942275,0,0
0.08992255,0,1
0.0904226,0,0
0.0909224,0,1
0.0914225,0,0
0.0919223,0,1
0.09242235,0,0
0.0929221,0,1
0.0934221,0,0
0.0939219,0,1
0.09442195,0,0
0.09492175,0,1
0.0954218,0,0
0.0959216,0,1
0.09642165,0,0
0.09692145,0,1
0.0974215,0,0
0.0979213,0,1
0.09842135,0,0
0.09892115,0,1
0.09942125,0,0
0.0999211,0,1
0.1004212,0,0
0.100921,0,1
0.10142105,0,0
0.10192085,0,1
0.10242085,0,0
0.1029207,0,1
0.10342075,0,0
0.1039205,0,1
0.1044206,0,0
0.1049204,0,1
0.10542045,0,0
0.10592025,0,1
0.1064203,0,0
0.1069201,0,1
0.10742015,0,0
0.10791995,0,1
0.10842,0,0
0.1089198,0,1
0.10941985,0,0
0.1099197,0,1
0.11041975,0,0
0.1109195,0,1
0.1114195,0,0
0.1119193,0,1
0.1124193,0,0
0.1129191,0,1
0.11341915,0,0
0.11391895,0,1
0.11441905,0,0
0.1149188,0,1
0.1154188,0,0
0.1159186,0,1
0.11641865,0,0
0.1169184,0,1
0.1174184,0,0
0.1179182,0,1
0.11841825,0,0
0.11891795,0,1
0.11941795,0,0
0.11991775,0,1
0.1204178,0,0
0.12091755,0,1
0.12141755,0,0
0.1219173,0,1
0.12241735,0,0
0.1229171,0,1
0.12341715,0,0
0.123917,0,1
0.12441705,0,0
0.12491685,0,1
0.1254169,0,0
0.12591665,0,1
0.12641665,0,0
0.1269164,0,1
0.1274164,0,0
0.1279162,0,1
0.12841615,0,0
0.12891595,0,1
0.12941595,0,0
0.12991575,0,1
0.13041575,0,0
0.13091555,0,1
0.1314156,0,0
0.1319154,0,1
0.1324154,0,0
0.1329152,0,1
0.1334152,0,0
0.13391495,0,1
0.134415,0,0
0.13491475,0,1
0.1354148,0,0
0.1359145,0,1
0.13641445,0,0
0.13691425,0,1
0.1374143,0,0
0.1379141,0,1
0.13841415,0,0
0.13891395,0,1
0.139414,0,0
0.13991385,0,1
0.1404139,0,0
0.14091365,0,1
0.1414136,0,0
0.14191335,0,1
0.1424134,0,0
0.1429132,0,1
0.1434132,0,0
0.143913,0,1
0.14441305,0,0
0.1449128,0,1
0.14541285,0,0
0.14591265,0,1
0.1464127,0,0
0.1469125,0,1
0.1474126,0,0
0.1479124,0,1
0.1484125,0,0
0.1489123,0,1
0.1494123,0,0
0.14991205,0,1
0.15041205,0,0
0.15091185,0,1
0.1514119,0,0
0.15191165,0,1
0.15241165,0,0
0.15291135,0,1
0.1534114,0,0
0.15391115,0,1
0.15441115,0,0
0.1549109,0,1
0.1554109,0,0
0.1559107,0,1
0.15641075,0,0
0.15691045,0,1
0.15741045,0,0
0.15791015,0,1
0.1584101,0,0
0.1589099,0,1
0.1594099,0,0
0.1599096,0,1
0.16040965,0,0
0.16090935,0,1
0.1614093,0,0
0.16190905,0,1
0.162409,0,0
0.1629087,0,1
0.1634086,0,0
0.1639083,0,1
0.1644083,0,0
0.16490805,0,1
0.16540805,0,0
0.1659078,0,1
0.16640785,0,0
0.1669076,0,1
0.1674076,0,0
0.16790735,0,1
0.16840735,0,0
0.16890705,0,1
0.1694071,0,0
0.1699069,0,1
0.1704069,0,0
0.1709067,0,1
0.1714067,0,0
0.1719065,0,1
0.1724065,0,0
0.1729063,0,1
0.1734063,0,0
0.1739061,0,1
0.1744061,0,0
0.1749058,0,1
0.1754058,0,0
0.17590555,0,1
0.1764056,0,0
0.17690535,0,1
0.1774054,0,0
0.17790515,0,1
0.17840515,0,0
0.1789049,0,1
0.1794049,0,0
0.1799047,0,1
0.18040475,0,0
0.18090455,0,1
0.18140465,0,0
0.18190445,0,1
0.18240455,0,0
0.1829043,0,1
0.1834044,0,0
0.18390415,0,1
0.18440415,0,0
0.18490395,0,1
0.18540405,0,0
0.1859038,0,1
0.18640385,0,0
0.18690365,0,1
0.1874037,0,0
0.1879035,0,1
0.18840355,0,0
0.1889033,0,1
0.18940325,0,0
0.189903,0,1
0.19040305,0,0
0.1909028,0,1
0.19140285,0,0
0.19190265,0,1
0.1924027,0,0
0.1929025,0,1
0.1934026,0,0
0.1939024,0,1
0.19440245,0,0
0.19490225,0,1
0.1954023,0,0
0.19590215,0,1
0.1964022,0,0
0.19690195,0,1
0.19740195,0,0
0.19790175,0,1
0.19840175,0,0
0.19890155,0,1
0.19940155,0,0
0.1999013,0,1
0.20040135,0,0
0.20090115,0,1
0.20140115,0,0
0.20190095,0,1
0.20240095,0,0
0.20290075,0,1
0.2034008,0,0
0.2039006,0,1
0.20440055,0,0
0.20490025,0,1
0.20540025,0,0
0.2059,0,1
0.20640005,0,0
0.2068998,0,1
0.2073998,0,0
0.2078996,0,1
0.2083997,0,0
0.2088995,0,1
0.20939955,0,0
0.20989935,0,1
0.2103994,0,0
0.2108992,0,1
0.21139925,0,0
0.211899,0,1
0.21239905,0,0
0.21289885,0,1
0.2133989,0,0
0.21389865,0,1
0.21439865,0,0
0.21489845,0,1
0.21539855,0,0
0.2158983,0,1
0.21639835,0,0
0.21689815,0,1
0.2173982,0,0
0.217898,0,1
0.21839805,0,0
0.21889785,0,1
0.2193979,0,0
0.2198977,0,1
0.22039775,0,0
0.2208976,0,1
0.22139765,0,0
0.22189745,0,1
0.22239745,0,0
0.22289725,0,1
0.2233973,0,0
0.2238971,0,1
0.22439715,0,0
0.2248969,0,1
0.22539695,0,0
0.22589675,0,1
0.22639675,0,0
0.2268965,0,1
0.2273965,0,0
0.22789625,0,1
0.22839625,0,0
0.228896,0,1
0.229396,0,0
0.22989575,0,1
0.23039575,0,0
0.23089555,0,1
0.23139555,0,0
0.2318953,0,1
0.2323953,0,0
0.2328951,0,1
0.2333951,0,0
0.2338949,0,1
0.23439495,0,0
0.2348947,0,1
0.2353947,0,0
0.2358945,0,1
0.23639455,0,0
0.23689435,0,1
0.2373944,0,0
0.2378942,0,1
0.23839425,0,0
0.2388941,0,1
0.23939415,0,0
0.2398939,0,1
0.24039395,0,0
0.24089375,0,1
0.24139375,0,0
0.24189355,0,1
0.2423936,0,0
0.2428934,0,1
0.2433934,0,0
0.24389315,0,1
0.24439315,0,0
0.244893,0,1
0.24539305,0,0
0.2458928,0,1
0.24639285,0,0
0.2468927,0,1
0.24739275,0,0
0.2478926,0,1
0.2483927,0,0
0.24889255,0,1
0.24939265,0,0
0.24989245,0,1
0.25039255,0,0
0.25089235,0,1
0.2513924,0,0
0.25189225,0,1
0.2523923,0,0
0.25289215,0,1
0.2533922,0,0
0.25389205,0,1
0.2543921,0,0
0.2548919,0,1
0.2553919,0,0
0.2558917,0,1
0.2563917,0,0
0.25689145,0,1
0.25739145,0,0
0.2578912,0,1
0.25839125,0,0
0.258891,0,1
0.25939105,0,0
0.25989085,0,1
0.2603909,0,0
0.2608907,0,1
0.26139075,0,0
0.2618905,0,1
0.2623905,0,0
0.26289025,0,1
0.26339025,0,0
0.26389,0,1
0.26438995,0,0
0.26488965,0,1
0.26538965,0,0
0.2658894,0,1
0.2663894,0,0
0.2668892,0,1
0.2673892,0,0
0.267889,0,1
0.268389,0,0
0.2688888,0,1
0.2693888,0,0
0.26988855,0,1
0.27038855,0,0
0.27088835,0,1
0.27138845,0,0
0.2718882,0,1
0.27238825,0,0
0.272888,0,1
0.273388,0,0
0.27388775,0,1
0.2743877,0,0
0.27488745,0,1
0.27538745,0,0
0.27588715,0,1
0.27638715,0,0
0.27688685,0,1
0.2773868,0,0
0.27788655,0,1
0.2783865,0,0
0.27888625,0,1
0.27938625,0,0
0.27988595,0,1
0.28038595,0,0
0.28088575,0,1
0.2813858,0,0
0.2818856,0,1
0.28238555,0,0
0.2828853,0,1
0.2833853,0,0
0.28388505,0,1
0.284385,0,0
0.28488475,0,1
0.2853847,0,0
0.2858844,0,1
0.2863844,0,0
0.28688415,0,1
0.2873841,0,0
0.28788385,0,1
0.2883838,0,0
0.2888835,0,1
0.2893835,0,0
0.28988325,0,1
0.2903832,0,0
0.29088295,0,1
0.2913829,0,0
0.2918827,0,1
0.2923827,0,0
0.29288245,0,1
0.2933825,0,0
0.2938822,0,1
0.2943822,0,0
0.2948819,0,1
0.2953819,0,0
0.29588165,0,1
0.29638165,0,0
0.29688135,0,1
0.29738135,0,0
0.2978811,0,1
0.2983811,0,0
0.2988808,0,1
0.29938075,0,0
0.2998805,0,1
0.30038045,0,0
0.3008802,0,1
0.30138015,0,0
0.3018799,0,1
0.3023799,0,0
0.3028797,0,1
0.30337965,0,0
0.3038793,0,1
0.3043793,0,0
0.304879,0,1
0.30537895,0,0
0.3058787,0,1
0.3063787,0,0
0.30687845,0,1
0.30737835,0,0
0.3078781,0,1
0.30837805,0,0
0.3088778,0,1
0.30937785,0,0
0.30987765,0,1
0.31037765,0,0
0.3108774,0,1
0.3113774,0,0
0.31187715,0,1
0.31237715,0,0
0.3128769,0,1
0.3133769,0,0
0.3138767,0,1
0.3143767,0,0
0.3148765,0,1
0.3153765,0,0
0.31587625,0,1
0.31637625,0,0
0.316876,0,1
0.317376,0,0
0.31787575,0,1
0.31837575,0,0
0.3188755,0,1
0.3193755,0,0
0.31987525,0,1
0.32037525,0,0
0.32087505,0,1
0.321375,0,0
0.32187475,0,1
0.3223748,0,0
0.32287455,0,1
0.32337455,0,0
0.32387425,0,1
0.3243742,0,0
0.32487385,0,1
0.32537385,0,0
0.3258736,0,1
0.32637365,0,0
0.3268734,0,1
0.3273734,0,0
0.3278731,0,1
0.32837315,0,0
0.3288729,0,1
0.3293729,0,0
0.3298727,0,1
0.3303727,0,0
0.33087245,0,1
0.33137245,0,0
0.3318722,0,1
0.3323722,0,0
0.33287195,0,1
0.3333719,0,0
0.33387165,0,1
0.33437165,0,0
0.33487135,0,1
0.3353713,0,0
0.33587105,0,1
0.3363711,0,0
0.3368709,0,1
0.3373709,0,0
0.3378707,0,1
0.3383707,0,0
0.33887045,0,1
0.3393705,0,0
0.33987025,0,1
0.3403703,0,0
0.34087005,0,1
0.3413701,0,0
0.34186985,0,1
0.3423698,0,0
0.34286955,0,1
0.3433695,0,0
0.34386925,0,1
0.3443693,0,0
0.3448691,0,1
0.3453691,0,0
0.3458689,0,1
0.34636885,0,0
0.3468687,0,1
0.34736875,0,0
0.3478685,0,1
0.34836855,0,0
0.3488683,0,1
0.34936835,0,0
0.3498681,0,1
0.35036815,0,0
0.35086785,0,1
0.3513679,0,0
0.35186765,0,1
0.3523677,0,0
0.35286745,0,1
0.3533675,0,0
0.35386725,0,1
0.3543673,0,0
0.3548671,0,1
0.3553671,0,0
0.3558668,0,1
0.35636685,0,0
0.3568666,0,1
0.3573666,0,0
0.35786635,0,1
0.3583663,0,0
0.358866,0,1
0.35936595,0,0
0.3598657,0,1
0.3603657,0,0
0.36086545,0,1
0.3613655,0,0
0.36186525,0,1
0.3623653,0,0
0.3628651,0,1
0.3633651,0,0
0.36386485,0,1
0.36436485,0,0
0.3648646,0,1
0.3653646,0,0
0.3658644,0,1
0.36636445,0,0
0.36686415,0,1
0.36736415,0,0
0.36786395,0,1
0.3683639,0,0
0.36886365,0,1
0.36936365,0,0
0.3698634,0,1
0.37036335,0,0
0.37086315,0,1
0.3713631,0,0
0.37186295,0,1
0.37236295,0,0
0.3728627,0,1
0.3733627,0,0
0.37386245,0,1
0.3743625,0,0
0.37486225,0,1
0.3753623,0,0
0.3758621,0,1
0.37636205,0,0
0.37686185,0,1
0.37736185,0,0
0.37786165,0,1
0.3783617,0,0
0.37886145,0,1
0.3793615,0,0
0.3798613,0,1
0.3803613,0,0
0.38086105,0,1
0.3813611,0,0
0.3818608,0,1
0.3823608,0,0
0.38286055,0,1
0.38336045,0,0
0.38386015,0,1
0.3843601,0,0
0.38485975,0,1
0.3853597,0,0
0.38585935,0,1
0.3863593,0,0
0.3868591,0,1
0.38735905,0,0
0.3878588,0,1
0.38835875,0,0
0.3888585,0,1
0.3893585,0,0
0.38985825,0,1
0.3903583,0,0
0.39085805,0,1
0.391358,0,0
0.39185775,0,1
0.3923577,0,0
0.39285745,0,1
0.39335735,0,0
0.3938571,0,1
0.39435705,0,0
0.39485675,0,1
0.39535675,0,0
0.39585645,0,1
0.3963564,0,0
0.3968561,0,1
0.39735605,0,0
0.3978558,0,1
0.3983558,0,0
0.39885555,0,1
0.3993555,0,0
0.39985525,0,1
0.40035525,0,0
0.400855,0,1
0.40135495,0,0
0.40185465,0,1
0.4023546,0,0
0.40285435,0,1
0.4033543,0,0
0.40385405,0,1
0.40435395,0,0
0.4048537,0,1
0.40535365,0,0
0.40585335,0,1
0.4063533,0,0
0.40685305,0,1
0.407353,0,0
0.4078527,0,1
0.40835265,0,0
0.40885235,0,1
0.4093523,0,0
0.40985205,0,1
0.41035205,0,0
0.41085175,0,1
0.4113517,0,0
0.4118514,0,1
0.4123513,0,0
0.412851,0,1
0.4133509,0,0
0.4138506,0,1
0.41435055,0,0
0.4148502,0,1
0.41535015,0,0
0.4158498,0,1
0.41634975,0,0
0.41684945,0,1
0.41734935,0,0
0.41784905,0,1
0.418349,0,0
0.4188487,0,1
0.41934865,0,0
0.41984835,0,1
0.4203483,0,0
0.42084805,0,1
0.421348,0,0
0.42184775,0,1
0.4223477,0,0
0.42284745,0,1
0.4233474,0,0
0.4238471,0,1
0.4243471,0,0
0.42484685,0,1
0.42534685,0,0
0.42584655,0,1
0.42634655,0,0
0.4268463,0,1
0.42734635,0,0
0.4278461,0,1
0.42834605,0,0
0.4288458,0,1
0.42934575,0,0
0.42984555,0,1
0.43034555,0,0
0.43084525,0,1
0.43134525,0,0
0.431845,0,1
0.432345,0,0
0.43284475,0,1
0.4333448,0,0
0.43384455,0,1
0.43434455,0,0
0.4348443,0,1
0.4353443,0,0
0.4358441,0,1
0.4363441,0,0
0.4368439,0,1
0.4373439,0,0
0.43784365,0,1
0.4383437,0,0
0.43884345,0,1
0.4393435,0,0
0.43984325,0,1
0.4403433,0,0
0.4408431,0,1
0.44134315,0,0
0.4418429,0,1
0.44234295,0,0
0.44284275,0,1
0.44334275,0,0
0.44384255,0,1
0.4443426,0,0
0.44484235,0,1
0.4453424,0,0
0.44584215,0,1
0.4463422,0,0
0.44684195,0,1
0.44734195,0,0
0.4478417,0,1
0.44834175,0,0
0.44884155,0,1
0.44934155,0,0
0.4498413,0,1
0.4503413,0,0
0.45084105,0,1
0.45134105,0,0
0.4518408,0,1
0.45234075,0,0
0.4528405,0,1
0.45334045,0,0
0.4538402,0,1
0.4543402,0,0
0.45483995,0,1
0.45533995,0,0
0.4558397,0,1
0.4563397,0,0
0.4568395,0,1
0.45733945,0,0
0.4578392,0,1
0.4583392,0,0
0.45883895,0,1
0.45933895,0,0
0.45983865,0,1
0.4603386,0,0
0.46083835,0,1
0.4613383,0,0
0.46183805,0,1
0.46233805,0,0
0.4628378,0,1
0.4633378,0,0
0.46383755,0,1
0.46433755,0,0
0.4648373,0,1
0.4653373,0,0
0.46583705,0,1
0.46633705,0,0
0.46683685,0,1
0.46733685,0,0
0.46783655,0,1
0.4683366,0,0
0.4688364,0,1
0.4693365,0,0
0.4698362,0,1
0.47033615,0,0
0.47083585,0,1
0.47133585,0,0
0.4718356,0,1
0.4723356,0,0
0.4728353,0,1
0.4733353,0,0
0.473835,0,1
0.47433505,0,0
0.4748348,0,1
0.4753348,0,0
0.4758345,0,1
0.47633445,0,0
0.47683415,0,1
0.47733415,0,0
0.4778339,0,1
0.4783339,0,0
0.47883365,0,1
0.47933365,0,0
0.4798334,0,1
0.4803334,0,0
0.48083315,0,1
0.4813332,0,0
0.48183295,0,1
0.482333,0,0
0.4828328,0,1
0.4833328,0,0
0.48383255,0,1
0.48433255,0,0
0.4848323,0,1
0.4853323,0,0
0.48583205,0,1
0.48633205,0,0
0.4868318,0,1
0.4873318,0,0
0.48783155,0,1
0.4883315,0,0
0.48883125,0,1
0.48933125,0,0
0.48983095,0,1
0.4903309,0,0
0.49083065,0,1
0.49133065,0,0
0.4918304,0,1
0.49233035,0,0
0.49283015,0,1
0.49333015,0,0
0.49382995,0,1
0.49432995,0,0
0.49482975,0,1
0.49532975,0,0
0.4958296,0,1
0.49632965,0,0
0.49682945,0,1
0.4973295,0,0
0.49782935,0,1
0.4983294,0,0
0.49882915,0,1
0.49932925,0,0
0.49982905,0,1
0.5003291,0,0
0.50082885,0,1
0.5013289,0,0
0.5018287,0,1
0.5023287,0,0
0.50282845,0,1
0.5033285,0,0
0.50382825,0,1
0.50432825,0,0
0.504828,0,1
0.50532795,0,0
0.50582775,0,1
0.50632775,0,0
0.5068275,0,1
0.5073275,0,0
0.50782725,0,1
0.50832725,0,0
0.508827,0,1
0.509327,0,0
0.50982675,0,1
0.51032675,0,0
0.5108265,0,1
0.51132645,0,0
0.5118262,0,1
0.51232615,0,0
0.51282585,0,1
0.5133258,0,0
0.51382555,0,1
0.51432555,0,0
0.5148253,0,1
0.5153253,0,0
0.515825,0,1
0.516325,0,0
0.51682475,0,1
0.5173248,0,0
0.51782455,0,1
0.51832455,0,0
0.5188243,0,1
0.51932435,0,0
0.5198241,0,1
0.5203241,0,0
0.5208238,0,1
0.52132375,0,0
0.52182345,0,1
0.52232345,0,0
0.52282315,0,1
0.5233231,0,0
0.52382285,0,1
0.5243228,0,0
0.5248225,0,1
0.52532245,0,0
0.52582215,0,1
0.52632215,0,0
0.52682185,0,1
0.52732185,0,0
0.5278216,0,1
0.52832155,0,0
0.52882125,0,1
0.52932125,0,0
0.529821,0,1
0.53032095,0,0
0.5308207,0,1
0.5313207,0,0
0.5318204,0,1
0.5323204,0,0
0.53282015,0,1
0.53332015,0,0
0.5338199,0,1
0.5343199,0,0
0.5348197,0,1
0.53531965,0,0
0.53581935,0,1
0.53631935,0,0
0.5368191,0,1
0.5373191,0,0
0.53781885,0,1
0.5383189,0,0
0.53881865,0,1
0.5393187,0,0
0.5398185,0,1
0.5403185,0,0
0.54081825,0,1
0.5413183,0,0
0.5418181,0,1
0.5423181,0,0
0.5428178,0,1
0.54331785,0,0
0.5438176,0,1
0.54431755,0,0
0.5448173,0,1
0.54531725,0,0
0.54581695,0,1
0.5463169,0,0
0.5468167,0,1
0.5473167,0,0
0.54781655,0,1
0.5483166,0,0
0.54881635,0,1
0.54931635,0,0
0.5498161,0,1
0.55031615,0,0
0.55081595,0,1
0.55131595,0,0
0.5518157,0,1
0.55231565,0,0
0.5528154,0,1
0.5533154,0,0
0.5538151,0,1
0.5543151,0,0
0.55481485,0,1
0.55531485,0,0
0.55581455,0,1
0.55631455,0,0
0.55681425,0,1
0.55731425,0,0
0.557814,0,1
0.558314,0,0
0.5588137,0,1
0.55931365,0,0
0.5598134,0,1
0.56031335,0,0
0.56081315,0,1
0.56131315,0,0
0.5618129,0,1
0.5623129,0,0
0.56281265,0,1
0.5633126,0,0
0.56381245,0,1
0.56431245,0,0
0.5648122,0,1
0.5653122,0,0
0.56581195,0,1
0.56631195,0,0
0.56681175,0,1
0.56731175,0,0
0.5678114,0,1
0.5683114,0,0
0.5688111,0,1
0.56931105,0,0
0.56981085,0,1
0.57031085,0,0
0.5708106,0,1
0.5713106,0,0
0.57181035,0,1
0.57231035,0,0
0.57281015,0,1
0.57331015,0,0
0.57380995,0,1
0.57431,0,0
0.57480975,0,1
0.5753098,0,0
0.57580955,0,1
0.57630955,0,0
0.5768093,0,1
0.5773093,0,0
0.57780905,0,1
0.5783091,0,0
0.57880885,0,1
0.57930885,0,0
0.57980865,0,1
0.58030865,0,0
0.5808084,0,1
0.5813084,0,0
0.5818082,0,1
0.5823082,0,0
0.58280795,0,1
0.58330795,0,0
0.58380775,0,1
0.58430775,0,0
0.5848075,0,1
0.5853075,0,0
0.5858073,0,1
0.5863073,0,0
0.58680705,0,1
0.5873071,0,0
0.58780685,0,1
0.58830685,0,0
0.58880665,0,1
0.58930665,0,0
0.5898065,0,1
0.5903065,0,0
0.5908063,0,1
0.5913063,0,0
0.5918061,0,1
0.5923061,0,0
0.59280585,0,1
0.59330585,0,0
0.59380565,0,1
0.59430565,0,0
0.5948054,0,1
0.59530535,0,0
0.5958051,0,1
0.59630505,0,0
0.59680485,0,1
0.59730485,0,0
0.5978046,0,1
0.59830455,0,0
0.5988043,0,1
0.5993043,0,0
0.59980415,0,1
0.60030415,0,0
0.60080395,0,1
0.60130395,0,0
0.6018037,0,1
0.6023037,0,0
0.60280345,0,1
0.60330345,0,0
0.6038032,0,1
0.6043032,0,0
0.60480295,0,1
0.60530295,0,0
0.6058026,0,1
0.60630255,0,0
0.6068023,0,1
0.60730235,0,0
0.6078021,0,1
0.60830215,0,0
0.60880185,0,1
0.60930185,0,0
0.6098016,0,1
0.61030165,0,0
0.61080145,0,1
0.61130145,0,0
0.61180125,0,1
0.61230125,0,0
0.612801,0,1
0.613301,0,0
0.6138008,0,1
0.61430085,0,0
0.6148006,0,1
0.61530065,0,0
0.61580045,0,1
0.6163005,0,0
0.61680025,0,1
0.6173003,0,0
0.6178001,0,1
0.61830015,0,0
0.61879995,0,1
0.61929995,0,0
0.61979975,0,1
0.62029975,0,0
0.62079955,0,1
0.62129955,0,0
0.6217993,0,1
0.62229935,0,0
0.6227991,0,1
0.6232991,0,0
0.6237988,0,1
0.6242989,0,0
0.62479865,0,1
0.6252987,0,0
0.62579845,0,1
0.62629845,0,0
0.6267982,0,1
0.6272982,0,0
0.62779795,0,1
0.62829795,0,0
0.62879775,0,1
0.62929775,0,0
0.6297975,0,1
0.63029745,0,0
0.6307972,0,1
0.63129715,0,0
0.6317969,0,1
0.6322969,0,0
0.63279665,0,1
0.63329665,0,0
0.6337964,0,1
0.6342964,0,0
0.63479615,0,1
0.63529615,0,0
0.6357959,0,1
0.6362959,0,0
0.6367956,0,1
0.63729565,0,0
0.63779545,0,1
0.6382955,0,0
0.63879525,0,1
0.6392952,0,0
0.63979495,0,1
0.64029495,0,0
0.64079475,0,1
0.6412948,0,0
0.6417946,0,1
0.64229465,0,0
0.64279445,0,1
0.6432945,0,0
0.6437943,0,1
0.6442943,0,0
0.6447941,0,1
0.64529415,0,0
0.64579395,0,1
0.64629395,0,0
0.64679375,0,1
0.64729375,0,0
0.6477935,0,1
0.64829355,0,0
0.64879335,0,1
0.6492934,0,0
0.64979315,0,1
0.65029315,0,0
0.6507929,0,1
0.65129295,0,0
0.65179275,0,1
0.6522928,0,0
0.65279255,0,1
0.6532926,0,0
0.65379235,0,1
0.65429235,0,0
0.65479215,0,1
0.6552922,0,0
0.65579195,0,1
0.656292,0,0
0.65679175,0,1
0.65729175,0,0
0.6577915,0,1
0.65829155,0,0
0.65879135,0,1
0.65929135,0,0
0.65979115,0,1
0.66029115,0,0
0.6607909,0,1
0.66129095,0,0
0.66179075,0,1
0.66229075,0,0
0.66279045,0,1
0.6632905,0,0
0.66379025,0,1
0.66429025,0,0
0.66479005,0,1
0.66529005,0,0
0.6657898,0,1
0.66628985,0,0
0.6667897,0,1
0.66728975,0,0
0.66778955,0,1
0.66828955,0,0
0.66878935,0,1
0.6692893,0,0
0.6697891,0,1
0.67028905,0,0
0.6707888,0,1
0.6712888,0,0
0.67178855,0,1
0.67228855,0,0
0.67278835,0,1
0.6732884,0,0
0.67378815,0,1
0.6742881,0,0
0.6747879,0,1
0.6752879,0,0
0.6757877,0,1
0.67628775,0,0
0.6767875,0,1
0.67728755,0,0
0.6777873,0,1
0.6782873,0,0
0.67878705,0,1
0.6792871,0,0
0.6797869,0,1
0.68028695,0,0
0.68078675,0,1
0.68128675,0,0
0.68178655,0,1
0.6822866,0,0
0.6827864,0,1
0.68328645,0,0
0.68378625,0,1
0.68428625,0,0
0.68478605,0,1
0.68528605,0,0
0.68578585,0,1
0.6862858,0,0
0.6867856,0,1
0.6872856,0,0
0.6877854,0,1
0.6882854,0,0
0.68878525,0,1
0.68928525,0,0
0.689785,0,1
0.6902851,0,0
0.6907849,0,1
0.69128495,0,0
0.6917848,0,1
0.6922848,0,0
0.69278455,0,1
0.69328455,0,0
0.6937843,0,1
0.69428435,0,0
0.69478415,0,1
0.69528415,0,0
0.6957839,0,1
0.6962839,0,0
0.69678365,0,1
0.69728365,0,0
0.6977834,0,1
0.69828345,0,0
0.6987832,0,1
0.6992832,0,0
0.69978295,0,1
0.700283,0,0
0.70078275,0,1
0.7012828,0,0
0.7017826,0,1
0.7022826,0,0
0.7027824,0,1
0.7032824,0,0
0.70378215,0,1
0.7042822,0,0
0.70478195,0,1
0.70528195,0,0
0.7057817,0,1
0.7062817,0,0
0.7067814,0,1
0.7072814,0,0
0.70778115,0,1
0.70828115,0,0
0.7087809,0,1
0.70928085,0,0
0.7097806,0,1
0.71028055,0,0
0.7107803,0,1
0.7112803,0,0
0.71178005,0,1
0.71228005,0,0
0.71277985,0,1
0.71327985,0,0
0.7137796,0,1
0.71427955,0,0
0.7147793,0,1
0.7152793,0,0
0.71577905,0,1
0.71627905,0,0
0.7167788,0,1
0.71727875,0,0
0.7177785,0,1
0.7182785,0,0
0.7187783,0,1
0.7192783,0,0
0.71977805,0,1
0.72027805,0,0
0.7207778,0,1
0.7212778,0,0
0.72177755,0,1
0.7222776,0,0
0.72277735,0,1
0.72327735,0,0
0.7237771,0,1
0.7242771,0,0
0.72477685,0,1
0.7252769,0,0
0.72577665,0,1
0.72627665,0,0
0.72677645,0,1
0.7272765,0,0
0.7277763,0,1
0.7282763,0,0
0.7287761,0,1
0.7292761,0,0
0.7297759,0,1
0.7302759,0,0
0.7307757,0,1
0.73127575,0,0
0.7317755,0,1
0.73227555,0,0
0.7327753,0,1
0.7332753,0,0
0.7337751,0,1
0.73427515,0,0
0.73477495,0,1
0.73527495,0,0
0.7357747,0,1
0.73627475,0,0
0.7367745,0,1
0.7372745,0,0
0.7377743,0,1
0.73827435,0,0
0.7387741,0,1
0.73927415,0,0
0.73977395,0,1
0.74027395,0,0
0.7407737,0,1
0.74127375,0,0
0.7417735,0,1
0.7422735,0,0
0.74277325,0,1
0.74327325,0,0
0.74377305,0,1
0.74427305,0,0
0.7447728,0,1
0.74527275,0,0
0.74577245,0,1
0.74627235,0,0
0.74677205,0,1
0.74727205,0,0
0.74777175,0,1
0.74827175,0,0
0.7487715,0,1
0.74927145,0,0
0.7497712,0,1
0.75027115,0,0
0.7507709,0,1
0.7512709,0,0
0.75177065,0,1
0.75227065,0,0
0.75277045,0,1
0.7532705,0,0
0.75377025,0,1
0.7542702,0,0
0.75476995,0,1
0.75526995,0,0
0.7557697,0,1
0.7562697,0,0
0.75676945,0,1
0.7572694,0,0
0.75776915,0,1
0.75826915,0,0
0.75876895,0,1
0.759269,0,0
0.7597687,0,1
0.7602687,0,0
0.76076845,0,1
0.7612685,0,0
0.76176825,0,1
0.7622683,0,0
0.76276805,0,1
0.76326805,0,0
0.76376775,0,1
0.76426775,0,0
0.76476745,0,1
0.7652674,0,0
0.7657671,0,1
0.76626705,0,0
0.7667668,0,1
0.7672668,0,0
0.76776655,0,1
0.7682665,0,0
0.76876625,0,1
0.76926625,0,0
0.769766,0,1
0.770266,0,0
0.7707658,0,1
0.7712658,0,0
0.77176555,0,1
0.7722655,0,0
0.77276525,0,1
0.77326525,0,0
0.773765,0,1
0.774265,0,0
0.7747648,0,1
0.77526475,0,0
0.77576445,0,1
0.77626435,0,0
0.7767641,0,1
0.7772641,0,0
0.77776385,0,1
0.77826385,0,0
0.7787636,0,1
0.77926355,0,0
0.7797633,0,1
0.78026325,0,0
0.78076295,0,1
0.78126295,0,0
0.7817627,0,1
0.78226265,0,0
0.7827624,0,1
0.78326245,0,0
0.78376225,0,1
0.78426225,0,0
0.78476205,0,1
0.7852621,0,0
0.78576185,0,1
0.78626185,0,0
0.7867616,0,1
0.7872616,0,0
0.7877614,0,1
0.7882614,0,0
0.78876115,0,1
0.7892611,0,0
0.78976085,0,1
0.79026085,0,0
0.7907606,0,1
0.7912606,0,0
0.79176035,0,1
0.79226035,0,0
0.7927601,0,1
0.79326005,0,0
0.7937598,0,1
0.79425975,0,0
0.79475955,0,1
0.79525955,0,0
0.7957593,0,1
0.7962593,0,0
0.7967591,0,1
0.7972591,0,0
0.7977588,0,1
0.79825875,0,0
0.7987585,0,1
0.7992584,0,0
0.7997581,0,1
0.80025805,0,0
0.8007578,0,1
0.8012578,0,0
0.80175755,0,1
0.8022575,0,0
0.80275725,0,1
0.80325725,0,0
0.803757,0,1
0.804257,0,0
0.80475675,0,1
0.80525675,0,0
0.8057565,0,1
0.8062565,0,0
0.80675625,0,1
0.80725625,0,0
0.807756,0,1
0.808256,0,0
0.80875575,0,1
0.80925575,0,0
0.8097555,0,1
0.8102555,0,0
0.81075525,0,1
0.81125525,0,0
0.81175505,0,1
0.81225505,0,0
0.81275475,0,1
0.8132547,0,0
0.81375445,0,1
0.8142544,0,0
0.81475415,0,1
0.81525415,0,0
0.8157539,0,1
0.81625395,0,0
0.81675375,0,1
0.81725375,0,0
0.81775355,0,1
0.81825355,0,0
0.81875335,0,1
0.8192534,0,0
0.81975315,0,1
0.82025315,0,0
0.8207529,0,1
0.8212529,0,0
0.8217526,0,1
0.82225255,0,0
0.8227523,0,1
0.8232523,0,0
0.823752,0,1
0.82425195,0,0
0.8247517,0,1
0.8252517,0,0
0.82575145,0,1
0.8262515,0,0
0.82675125,0,1
0.8272512,0,0
0.827751,0,1
0.828251,0,0
0.8287508,0,1
0.8292508,0,0
0.8297506,0,1
0.8302506,0,0
0.83075035,0,1
0.83125035,0,0
0.8317501,0,1
0.83225005,0,0
0.8327498,0,1
0.8332498,0,0
0.8337495,0,1
0.8342495,0,0
0.8347492,0,1
0.83524915,0,0
0.83574895,0,1
0.8362489,0,0
0.83674865,0,1
0.83724865,0,0
0.83774845,0,1
0.8382484,0,0
0.83874815,0,1
0.83924815,0,0
0.8397479,0,1
0.84024795,0,0
0.84074765,0,1
0.8412476,0,0
0.84174735,0,1
0.8422473,0,0
0.84274705,0,1
0.84324705,0,0
0.8437468,0,1
0.8442468,0,0
0.84474655,0,1
0.84524655,0,0
0.84574635,0,1
0.84624635,0,0
0.8467461,0,1
0.8472461,0,0
0.8477459,0,1
0.8482459,0,0
0.84874565,0,1
0.84924565,0,0
0.8497454,0,1
0.8502454,0,0
0.8507451,0,1
0.8512451,0,0
0.85174485,0,1
0.85224485,0,0
0.85274455,0,1
0.8532445,0,0
0.85374425,0,1
0.8542442,0,0
0.8547439,0,1
0.85524385,0,0
0.85574355,0,1
0.85624355,0,0
0.8567433,0,1
0.8572433,0,0
0.85774305,0,1
0.8582431,0,0
0.8587429,0,1
0.8592429,0,0
0.85974265,0,1
0.8602427,0,0
0.86074245,0,1
0.86124245,0,0
0.8617422,0,1
0.8622422,0,0
0.86274195,0,1
0.86324195,0,0
0.8637417,0,1
0.8642417,0,0
0.86474145,0,1
0.8652414,0,0
0.8657411,0,1
0.86624105,0,0
0.86674075,0,1
0.8672407,0,0
0.86774045,0,1
0.8682404,0,0
0.86874005,0,1
0.86924005,0,0
0.86973975,0,1
0.8702397,0,0
0.87073945,0,1
0.8712394,0,0
0.87173915,0,1
0.87223915,0,0
0.87273885,0,1
0.87323885,0,0
0.8737386,0,1
0.87423855,0,0
0.87473825,0,1
0.87523825,0,0
0.87573795,0,1
0.87623795,0,0
0.87673765,0,1
0.8772376,0,0
0.87773735,0,1
0.8782373,0,0
0.87873705,0,1
0.87923705,0,0
0.8797368,0,1
0.8802368,0,0
0.88073655,0,1
0.88123655,0,0
0.8817363,0,1
0.8822363,0,0
0.882736,0,1
0.883236,0,0
0.88373575,0,1
0.8842357,0,0
0.88473545,0,1
0.88523545,0,0
0.8857352,0,1
0.8862352,0,0
0.88673495,0,1
0.88723495,0,0
0.8877347,0,1
0.88823465,0,0
0.88873435,0,1
0.88923435,0,0
0.8897341,0,1
0.8902341,0,0
0.89073385,0,1
0.8912338,0,0
0.89173355,0,1
0.89223355,0,0
0.8927333,0,1
0.8932333,0,0
0.893733,0,1
0.894233,0,0
0.8947327,0,1
0.8952327,0,0
0.89573245,0,1
0.8962324,0,0
0.89673215,0,1
0.89723215,0,0
0.8977319,0,1
0.89823195,0,0
0.8987317,0,1
0.8992317,0,0
0.89973145,0,1
0.90023145,0,0
0.9007312,0,1
0.9012312,0,0
0.90173095,0,1
0.90223095,0,0
0.90273075,0,1
0.90323075,0,0
0.9037305,0,1
0.90423045,0,0
0.9047302,0,1
0.90523025,0,0
0.90573005,0,1
0.9062301,0,0
0.90672995,0,1
0.90722995,0,0
0.90772975,0,1
0.9082298,0,0
0.90872955,0,1
0.9092296,0,0
0.9097294,0,1
0.9102295,0,0
0.9107293,0,1
0.91122935,0,0
0.9117291,0,1
0.91222915,0,0
0.9127289,0,1
0.9132289,0,0
0.91372865,0,1
0.9142287,0,0
0.91472845,0,1
0.91522845,0,0
0.9157282,0,1
0.9162282,0,0
0.91672795,0,1
0.91722795,0,0
0.9177278,0,1
0.91822775,0,0
0.9187275,0,1
0.9192275,0,0
0.91972725,0,1
0.9202272,0,0
0.92072685,0,1
0.9212268,0,0
0.92172655,0,1
0.92222655,0,0
0.92272635,0,1
0.9232264,0,0
0.9237262,0,1
0.9242262,0,0
0.92472595,0,1
0.925226,0,0
0.92572575,0,1
0.92622575,0,0
0.92672555,0,1
0.92722555,0,0
0.92772535,0,1
0.92822535,0,0
0.92872515,0,1
0.9292252,0,0
0.929725,0,1
0.9302251,0,0
0.93072485,0,1
0.93122485,0,0
0.93172465,0,1
0.9322247,0,0
0.9327245,0,1
0.93322455,0,0
0.9337243,0,1
0.93422435,0,0
0.9347241,0,1
0.93522415,0,0
0.93572395,0,1
0.93622405,0,0
0.9367238,0,1
0.93722385,0,0
0.9377236,0,1
0.93822355,0,0
0.93872325,0,1
0.9392232,0,0
0.93972295,0,1
0.94022295,0,0
0.9407227,0,1
0.9412227,0,0
0.94172245,0,1
0.9422224,0,0
0.94272215,0,1
0.94322215,0,0
0.9437219,0,1
0.94422185,0,0
0.9447216,0,1
0.9452216,0,0
0.94572135,0,1
0.94622135,0,0
0.9467211,0,1
0.9472211,0,0
0.94772085,0,1
0.94822085,0,0
0.9487206,0,1
0.9492206,0,0
0.9497203,0,1
0.9502203,0,0
0.95072,0,1
0.95122,0,0
0.9517197,0,1
0.9522197,0,0
0.95271945,0,1
0.9532194,0,0
0.95371915,0,1
0.9542191,0,0
0.95471885,0,1
0.95521885,0,0
0.95571855,0,1
0.95621855,0,0
0.95671825,0,1
0.9572182,0,0
0.957718,0,1
0.958218,0,0
0.95871775,0,1
0.95921775,0,0
0.9597175,0,1
0.96021755,0,0
0.96071735,0,1
0.96121735,0,0
0.96171705,0,1
0.96221705,0,0
0.9627168,0,1
0.9632168,0,0
0.9637166,0,1
0.96421665,0,0
0.96471635,0,1
0.96521635,0,0
0.9657161,0,1
0.9662161,0,0
0.96671585,0,1
0.96721585,0,0
0.9677156,0,1
0.9682156,0,0
0.96871535,0,1
0.9692154,0,0
0.96971515,0,1
0.97021515,0,0
0.97071485,0,1
0.9712148,0,0
0.9717145,0,1
0.9722145,0,0
0.9727142,0,1
0.9732142,0,0
0.9737139,0,1
0.97421385,0,0
0.97471355,0,1
0.97521355,0,0
0.97571325,0,1
0.97621325,0,0
0.976713,0,1
0.977213,0,0
0.97771275,0,1
0.9782127,0,0
0.9787125,0,1
0.97921245,0,0
0.9797122,0,1
0.98021215,0,0
0.9807119,0,1
0.98121185,0,0
0.9817116,0,1
0.98221165,0,0
0.9827114,0,1
0.98321135,0,0
0.9837111,0,1
0.9842111,0,0
0.98471085,0,1
0.9852108,0,0
0.98571055,0,1
0.98621055,0,0
0.9867103,0,1
0.98721025,0,0
0.98770995,0,1
0.9882099,0,0
0.98870965,0,1
0.9892096,0,0
0.98970925,0,1
0.9902092,0,0
0.99070885,0,1
0.99120885,0,0
0.99170855,0,1
0.9922085,0,0
0.99270825,0,1
0.99320825,0,0
0.993708,0,1
0.99420795,0,0
0.99470765,0,1
0.99520765,0,0
0.9957074,0,1
0.9962074,0,0
0.99670715,0,1
0.9972072,0,0
0.99770695,0,1
0.99820695,0,0
0.99870665,0,1
0.99920665,0,0
0.99970635,0,1
1.00020635,0,0
1.00070615,0,1
1.0012061,0,0
1.0017058,0,1
1.00220575,0,0
1.00270545,0,1
1.0032055,0,0
1.00370525,0,1
1.00420525,0,0
1.004705,0,1
1.005205,0,0
1.0057048,0,1
1.0062049,0,0
1.0067047,0,1
1.00720475,0,0
1.0077045,0,1
1.00820455,0,0
1.00870435,0,1
1.0092043,0,0
1.00970405,0,1
1.01020405,0,0
1.0107038,0,1
1.0112038,0,0
1.0117035,0,1
1.0122035,0,0
1.01270325,0,1
1.0132033,0,0
1.01370305,0,1
1.01420305,0,0
1.01470285,0,1
1.0152028,0,0
1.0157025,0,1
1.0162024,0,0
1.0167021,0,1
1.0172021,0,0
1.01770185,0,1
1.01820185,0,0
1.01870155,0,1
1.01920155,0,0
1.0197013,0,1
1.02020135,0,0
1.0207011,0,1
1.0212011,0,0
1.0217008,0,1
1.0222008,0,0
1.02270055,0,1
1.02320055,0,0
1.02370035,0,1
1.0242004,0,0
1.0247002,0,1
1.02520025,0,0
1.0257001,0,1
1.0262001,0,0
1.02669995,0,1
1.0272,0,0
1.0276998,0,1
1.02819985,0,0
1.02869965,0,1
1.0291997,0,0
1.02969955,0,1
1.0301996,0,0
1.0306994,0,1
1.0311994,0,0
1.03169925,0,1
1.0321993,0,0
1.0326991,0,1
1.0331991,0,0
1.0336989,0,1
1.03419895,0,0
1.03469875,0,1
1.03519875,0,0
1.03569855,0,1
1.03619855,0,0
1.03669835,0,1
1.03719835,0,0
1.03769815,0,1
1.03819815,0,0
1.0386979,0,1
1.03919785,0,0
1.03969765,0,1
1.04019765,0,0
1.04069745,0,1
1.04119745,0,0
1.0416972,0,1
1.0421972,0,0
1.042697,0,1
1.043197,0,0
1.04369675,0,1
1.0441968,0,0
1.04469655,0,1
1.0451965,0,0
1.04569625,0,1
1.04619625,0,0
1.046696,0,1
1.047196,0,0
1.0476958,0,1
1.0481958,0,0
1.0486956,0,1
1.0491956,0,0
1.04969535,0,1
1.05019535,0,0
1.0506951,0,1
1.0511951,0,0
1.05169485,0,1
1.0521949,0,0
1.05269465,0,1
1.05319465,0,0
1.0536944,0,1
1.05419445,0,0
1.05469425,0,1
1.0551943,0,0
1.0556941,0,1
1.05619415,0,0
1.056694,0,1
1.05719405,0,0
1.0576938,0,1
1.0581938,0,0
1.0586936,0,1
1.0591936,0,0
1.0596934,0,1
1.0601934,0,0
1.0606932,0,1
1.0611932,0,0
1.061693,0,1
1.062193,0,0
1.0626928,0,1
1.0631928,0,0
1.06369255,0,1
1.06419255,0,0
1.0646923,0,1
1.06519235,0,0
1.0656921,0,1
1.0661921,0,0
1.0666919,0,1
1.0671919,0,0
1.0676916,0,1
1.0681916,0,0
1.06869135,0,1
1.0691914,0,0
1.06969115,0,1
1.0701912,0,0
1.07069095,0,1
1.07119095,0,0
1.07169075,0,1
1.07219075,0,0
1.0726905,0,1
1.0731905,0,0
1.0736902,0,1
1.07419025,0,0
1.07469,0,1
1.0751899,0,0
1.07568955,0,1
1.07618955,0,0
1.07668935,0,1
1.0771893,0,0
1.077689,0,1
1.078189,0,0
1.07868875,0,1
1.07918875,0,0
1.0796885,0,1
1.08018845,0,0
1.08068825,0,1
1.0811883,0,0
1.0816881,0,1
1.0821881,0,0
1.0826879,0,1
1.08318795,0,0
1.0836877,0,1
1.08418775,0,0
1.0846875,0,1
1.0851875,0,0
1.0856873,0,1
1.0861873,0,0
1.08668705,0,1
1.08718705,0,0
1.0876868,0,1
1.0881868,0,0
1.08868655,0,1
1.0891865,0,0
1.0896863,0,1
1.09018625,0,0
1.090686,0,1
1.09118605,0,0
1.0916858,0,1
1.09218585,0,0
1.09268555,0,1
1.0931855,0,0
1.0936852,0,1
1.0941852,0,0
1.094685,0,1
1.095185,0,0
1.0956848,0,1
1.09618485,0,0
1.09668465,0,1
1.0971847,0,0
1.09768445,0,1
1.0981845,0,0
1.0986843,0,1
1.0991843,0,0
1.0996841,0,1
1.1001841,0,0
1.10068385,0,1
1.10118385,0,0
1.1016836,0,1
1.10218365,0,0
1.1026834,0,1
1.1031834,0,0
1.10368315,0,1
1.10418315,0,0
1.10468295,0,1
1.10518295,0,0
1.1056827,0,1
1.1061827,0,0
1.1066824,0,1
1.1071824,0,0
1.1076822,0,1
1.1081822,0,0
1.10868195,0,1
1.10918195,0,0
1.10968175,0,1
1.1101818,0,0
1.1106816,0,1
1.1111816,0,0
1.11168135,0,1
1.11218135,0,0
1.11268115,0,1
1.11318115,0,0
1.1136809,0,1
1.1141809,0,0
1.1146807,0,1
1.1151807,0,0
1.1156805,0,1
1.1161805,0,0
1.1166803,0,1
1.1171803,0,0
1.1176801,0,1
1.11818015,0,0
1.1186799,0,1
1.1191799,0,0
1.11967965,0,1
1.12017965,0,0
1.1206794,0,1
1.1211794,0,0
1.12167915,0,1
1.12217915,0,0
1.1226789,0,1
1.12317885,0,0
1.1236786,0,1
1.1241786,0,0
1.1246783,0,1
1.1251782,0,0
1.12567785,0,1
1.1261778,0,0
1.12667755,0,1
1.1271776,0,0
1.12767735,0,1
1.12817735,0,0
1.1286771,0,1
1.1291772,0,0
1.129677,0,1
1.130177,0,0
1.1306768,0,1
1.1311768,0,0
1.1316765,0,1
1.1321765,0,0
1.1326763,0,1
1.1331763,0,0
1.1336761,0,1
1.1341761,0,0
1.13467585,0,1
1.13517585,0,0
1.1356756,0,1
1.13617565,0,0
1.1366754,0,1
1.1371754,0,0
1.1376751,0,1
1.13817505,0,0
1.1386748,0,1
1.13917475,0,0
1.1396745,0,1
1.14017445,0,0
1.14067415,0,1
1.1411742,0,0
1.14167395,0,1
1.14217395,0,0
1.1426737,0,1
1.1431737,0,0
1.1436735,0,1
1.1441735,0,0
1.14467325,0,1
1.14517325,0,0
1.145673,0,1
1.146173,0,0
1.1466727,0,1
1.1471727,0,0
1.1476724,0,1
1.14817235,0,0
1.14867205,0,1
1.14917205,0,0
1.14967175,0,1
1.15017175,0,0
1.15067145,0,1
1.1511714,0,0
1.1516711,0,1
1.15217105,0,0
1.15267075,0,1
1.1531707,0,0
1.1536704,0,1
1.1541704,0,0
1.1546701,0,1
1.15517005,0,0
1.15566985,0,1
1.1561698,0,0
1.15666955,0,1
1.15716955,0,0
1.1576693,0,1
1.15816925,0,0
1.158669,0,1
1.159169,0,0
1.1596687,0,1
1.16016875,0,0
1.16066845,0,1
1.16116845,0,0
1.1616682,0,1
1.1621682,0,0
1.16266795,0,1
1.1631679,0,0
1.16366765,0,1
1.16416765,0,0
1.16466745,0,1
1.16516745,0,0
1.16566725,0,1
1.16616725,0,0
1.16666705,0,1
1.167167,0,0
1.1676668,0,1
1.1681668,0,0
1.16866655,0,1
1.1691665,0,0
1.1696662,0,1
1.17016615,0,0
1.1706659,0,1
1.1711659,0,0
1.17166565,0,1
1.1721657,0,0
1.17266545,0,1
1.17316545,0,0
1.1736652,0,1
1.17416515,0,0
1.1746649,0,1
1.1751649,0,0
1.1756646,0,1
1.17616455,0,0
1.17666425,0,1
1.17716425,0,0
1.177664,0,1
1.17816395,0,0
1.17866365,0,1
1.1791636,0,0
1.17966335,0,1
1.18016335,0,0
1.1806631,0,1
1.18116305,0,0
1.18166275,0,1
1.18216275,0,0
1.1826625,0,1
1.1831625,0,0
1.18366225,0,1
1.1841622,0,0
1.1846619,0,1
1.1851619,0,0
1.18566165,0,1
1.18616165,0,0
1.18666135,0,1
1.1871613,0,0
1.18766105,0,1
1.18816105,0,0
1.18866075,0,1
1.1891607,0,0
1.1896604,0,1
1.19016035,0,0
1.1906601,0,1
1.19116005,0,0
1.1916598,0,1
1.1921597,0,0
1.1926594,0,1
1.19315935,0,0
1.19365905,0,1
1.194159,0,0
1.1946587,0,1
1.19515865,0,0
1.1956583,0,1
1.19615825,0,0
1.19665795,0,1
1.1971579,0,0
1.1976576,0,1
1.1981576,0,0
1.19865725,0,1
1.19915715,0,0
1.19965685,0,1
1.20015685,0,0
1.20065655,0,1
1.2011565,0,0
1.20165615,0,1
1.20215605,0,0
1.20265575,0,1
1.20315575,0,0
1.20365545,0,1
1.2041554,0,0
1.20465515,0,1
1.20515515,0,0
1.2056549,0,1
1.20615485,0,0
1.2066546,0,1
1.2071546,0,0
1.2076543,0,1
1.20815425,0,0
1.2086539,0,1
1.20915385,0,0
1.20965355,0,1
1.2101535,0,0
1.21065315,0,1
1.2111531,0,0
1.21165285,0,1
1.21215285,0,0
1.2126526,0,1
1.2131526,0,0
1.21365235,0,1
1.21415235,0,0
1.21465205,0,1
1.215152,0,0
1.2156517,0,1
1.21615165,0,0
1.2166514,0,1
1.21715135,0,0
1.21765105,0,1
1.218151,0,0
1.21865065,0,1
1.21915055,0,0
1.21965025,0,1
1.22015015,0,0
1.22064985,0,1
1.22114975,0,0
1.22164945,0,1
1.2221494,0,0
1.22264915,0,1
1.2231491,0,0
1.2236488,0,1
1.2241488,0,0
1.22464855,0,1
1.2251485,0,0
1.22564825,0,1
1.2261482,0,0
1.22664795,0,1
1.227148,0,0
1.22764775,0,1
1.2281477,0,0
1.22864745,0,1
1.22914745,0,0
1.2296472,0,1
1.23014715,0,0
1.23064685,0,1
1.23114685,0,0
1.2316465,0,1
1.23214645,0,0
1.23264615,0,1
1.23314615,0,0
1.23364585,0,1
1.2341458,0,0
1.2346455,0,1
1.2351455,0,0
1.2356452,0,1
1.23614515,0,0
1.23664485,0,1
1.2371448,0,0
1.2376445,0,1
1.23814445,0,0
1.23864415,0,1
1.23914415,0,0
1.23964385,0,1
1.2401438,0,0
1.2406435,0,1
1.24114345,0,0
1.24164315,0,1
1.24214315,0,0
1.24264285,0,1
1.2431428,0,0
1.2436425,0,1
1.2441424,0,0
1.2446421,0,1
1.2451421,0,0
1.2456417,0,1
1.2461416,0,0
1.24664125,0,1
1.24714115,0,0
1.2476408,0,1
1.24814075,0,0
1.2486405,0,1
1.2491405,0,0
1.2496402,0,1
1.25014015,0,0
1.2506399,0,1
1.25113985,0,0
1.25163955,0,1
1.25213955,0,0
1.2526393,0,1
1.2531393,0,0
1.253639,0,1
1.25413895,0,0
1.2546387,0,1
1.2551387,0,0
1.25563845,0,1
1.25613845,0,0
1.2566382,0,1
1.2571382,0,0
1.2576379,0,1
1.25813785,0,0
1.2586376,0,1
1.25913755,0,0
1.25963725,0,1
1.2601372,0,0
1.26063695,0,1
1.2611369,0,0
1.2616366,0,1
1.26213655,0,0
1.2626363,0,1
1.26313625,0,0
1.26363605,0,1
1.26413605,0,0
1.26463575,0,1
1.26513575,0,0
1.2656355,0,1
1.2661355,0,0
1.2666353,0,1
1.26713525,0,0
1.267635,0,1
1.268135,0,0
1.2686347,0,1
1.2691347,0,0
1.26963445,0,1
1.2701344,0,0
1.2706342,0,1
1.2711342,0,0
1.2716339,0,1
1.27213385,0,0
1.27263355,0,1
1.27313345,0,0
1.27363315,0,1
1.27413305,0,0
1.27463275,0,1
1.2751327,0,0
1.2756324,0,1
1.27613235,0,0
1.27663205,0,1
1.27713195,0,0
1.27763165,0,1
1.2781316,0,0
1.2786313,0,1
1.27913125,0,0
1.2796309,0,1
1.2801308,0,0
1.2806305,0,1
1.2811305,0,0
1.28163015,0,1
1.2821301,0,0
1.28262975,0,1
1.28312965,0,0
1.2836293,0,1
1.28412925,0,0
1.2846289,0,1
1.28512885,0,0
1.2856285,0,1
1.28612845,0,0
1.2866281,0,1
1.2871281,0,0
1.28762775,0,1
1.2881277,0,0
1.2886274,0,1
1.28912735,0,0
1.28962705,0,1
1.29012695,0,0
1.2906267,0,1
1.29112665,0,0
1.2916264,0,1
1.2921264,0,0
1.29262615,0,1
1.29312615,0,0
1.2936259,0,1
1.2941258,0,0
1.2946255,0,1
1.29512545,0,0
1.2956252,0,1
1.29612515,0,0
1.2966249,0,1
1.2971248,0,0
1.29762445,0,1
1.29812445,0,0
1.29862415,0,1
1.29912415,0,0
1.29962385,0,1
1.3001238,0,0
1.3006235,0,1
1.3011235,0,0
1.30162325,0,1
1.30212325,0,0
1.30262295,0,1
1.3031229,0,0
1.30362265,0,1
1.3041227,0,0
1.30462245,0,1
1.3051224,0,0
1.3056221,0,1
1.3061221,0,0
1.3066218,0,1
1.3071218,0,0
1.30762155,0,1
1.3081215,0,0
1.30862125,0,1
1.3091212,0,0
1.3096209,0,1
1.31012085,0,0
1.3106206,0,1
1.31112055,0,0
1.31162025,0,1
1.31212025,0,0
1.31261995,0,1
1.31311995,0,0
1.3136197,0,1
1.3141197,0,0
1.31461945,0,1
1.31511945,0,0
1.31561915,0,1
1.3161191,0,0
1.31661885,0,1
1.3171188,0,0
1.3176185,0,1
1.3181185,0,0
1.31861825,0,1
1.31911825,0,0
1.319618,0,1
1.320118,0,0
1.3206177,0,1
1.3211177,0,0
1.32161745,0,1
1.3221175,0,0
1.32261725,0,1
1.3231173,0,0
1.32361705,0,1
1.32411705,0,0
1.3246168,0,1
1.3251168,0,0
1.32561655,0,1
1.32611655,0,0
1.32661625,0,1
1.32711625,0,0
1.32761595,0,1
1.32811595,0,0
1.32861575,0,1
1.32911575,0,0
1.32961545,0,1
1.3301155,0,0
1.33061525,0,1
1.33111525,0,0
1.331615,0,1
1.332115,0,0
1.33261475,0,1
1.3331148,0,0
1.3336146,0,1
1.3341146,0,0
1.3346144,0,1
1.3351144,0,0
1.33561415,0,1
1.33611415,0,0
1.33661395,0,1
1.33711395,0,0
1.33761375,0,1
1.33811375,0,0
1.3386135,0,1
1.3391135,0,0
1.33961325,0,1
1.3401132,0,0
1.34061295,0,1
1.341113,0,0
1.34161275,0,1
1.34211275,0,0
1.3426125,0,1
1.3431125,0,0
1.34361225,0,1
1.3441122,0,0
1.3446119,0,1
1.3451119,0,0
1.3456116,0,1
1.34611155,0,0
1.34661125,0,1
1.3471112,0,0
1.34761095,0,1
1.3481109,0,0
1.3486107,0,1
1.34911065,0,0
1.34961045,0,1
1.3501105,0,0
1.35061025,0,1
1.35111025,0,0
1.35161,0,1
1.35211,0,0
1.35260975,0,1
1.35310975,0,0
1.3536095,0,1
1.3541095,0,0
1.3546092,0,1
1.35510915,0,0
1.3556089,0,1
1.35610895,0,0
1.3566087,0,1
1.35710875,0,0
1.3576085,0,1
1.35810855,0,0
1.35860825,0,1
1.3591082,0,0
1.359608,0,1
1.360108,0,0
1.36060775,0,1
1.36110775,0,0
1.3616075,0,1
1.3621075,0,0
1.3626073,0,1
1.3631073,0,0
1.36360705,0,1
1.3641071,0,0
1.36460685,0,1
1.3651068,0,0
1.3656065,0,1
1.36610655,0,0
1.3666063,0,1
1.36710625,0,0
1.367606,0,1
1.36810595,0,0
1.36860565,0,1
1.36910565,0,0
1.3696054,0,1
1.3701054,0,0
1.37060515,0,1
1.37110515,0,0
1.3716049,0,1
1.37210485,0,0
1.3726046,0,1
1.37310455,0,0
1.37360425,0,1
1.37410425,0,0
1.374604,0,1
1.375104,0,0
1.37560375,0,1
1.37610375,0,0
1.3766035,0,1
1.3771035,0,0
1.37760325,0,1
1.37810325,0,0
1.37860305,0,1
1.379103,0,0
1.37960275,0,1
1.38010275,0,0
1.3806025,0,1
1.38110255,0,0
1.38160225,0,1
1.38210215,0,0
1.38260185,0,1
1.3831019,0,0
1.38360165,0,1
1.38410165,0,0
1.3846014,0,1
1.38510135,0,0
1.3856011,0,1
1.38610105,0,0
1.38660075,0,1
1.3871008,0,0
1.38760055,0,1
1.3881005,0,0
1.38860025,0,1
1.3891002,0,0
1.38959995,0,1
1.3900999,0,0
1.39059965,0,1
1.3910996,0,0
1.3915994,0,1
1.39209935,0,0
1.3925991,0,1
1.39309905,0,0
1.39359875,0,1
1.3940987,0,0
1.39459845,0,1
1.39509845,0,0
1.3955982,0,1
1.3960982,0,0
1.39659795,0,1
1.3970979,0,0
1.39759765,0,1
1.39809765,0,0
1.3985973,0,1
1.39909725,0,0
1.39959695,0,1
1.4000969,0,0
1.4005966,0,1
1.40109655,0,0
1.40159625,0,1
1.40209615,0,0
1.4025959,0,1
1.4030959,0,0
1.4035956,0,1
1.40409555,0,0
1.4045953,0,1
1.40509525,0,0
1.405595,0,1
1.406095,0,0
1.4065947,0,1
1.4070947,0,0
1.40759445,0,1
1.40809445,0,0
1.40859415,0,1
1.40909415,0,0
1.4095939,0,1
1.41009385,0,0
1.4105936,0,1
1.4110936,0,0
1.41159325,0,1
1.41209325,0,0
1.41259295,0,1
1.41309285,0,0
1.4135926,0,1
1.4140926,0,0
1.41459235,0,1
1.4150923,0,0
1.4155921,0,1
1.4160921,0,0
1.4165918,0,1
1.4170918,0,0
1.41759155,0,1
1.41809155,0,0
1.41859135,0,1
1.41909135,0,0
1.4195911,0,1
1.4200911,0,0
1.42059085,0,1
1.42109085,0,0
1.4215906,0,1
1.4220906,0,0
1.42259035,0,1
1.4230903,0,0
1.42359005,0,1
1.4240901,0,0
1.42458985,0,1
1.42508985,0,0
1.4255897,0,1
1.4260897,0,0
1.42658945,0,1
1.42708945,0,0
1.4275892,0,1
1.4280892,0,0
1.428589,0,1
1.429089,0,0
1.4295888,0,1
1.4300888,0,0
1.43058855,0,1
1.43108855,0,0
1.4315883,0,1
1.43208825,0,0
1.432588,0,1
1.4330879,0,0
1.43358765,0,1
1.43408755,0,0
1.4345872,0,1
1.4350871,0,0
1.4355868,0,1
1.43608675,0,0
1.43658645,0,1
1.4370864,0,0
1.4375861,0,1
1.43808605,0,0
1.4385858,0,1
1.4390858,0,0
1.43958545,0,1
1.44008545,0,0
1.4405852,0,1
1.4410852,0,0
1.441585,0,1
1.442085,0,0
1.4425847,0,1
1.4430847,0,0
1.44358445,0,1
1.4440845,0,0
1.44458425,0,1
1.44508425,0,0
1.44558395,0,1
1.4460839,0,0
1.44658365,0,1
1.44708365,0,0
1.44758335,0,1
1.44808335,0,0
1.44858305,0,1
1.4490831,0,0
1.44958285,0,1
1.4500828,0,0
1.4505825,0,1
1.45108245,0,0
1.4515822,0,1
1.45208215,0,0
1.4525819,0,1
1.4530819,0,0
1.4535816,0,1
1.4540816,0,0
1.45458135,0,1
1.45508135,0,0
1.45558105,0,1
1.45608105,0,0
1.45658075,0,1
1.45708075,0,0
1.4575805,0,1
1.4580805,0,0
1.45858025,0,1
1.45908025,0,0
1.45958,0,1
1.46007995,0,0
1.4605797,0,1
1.46107965,0,0
1.4615794,0,1
1.4620794,0,0
1.46257915,0,1
1.46307915,0,0
1.4635789,0,1
1.4640789,0,0
1.46457855,0,1
1.46507855,0,0
1.4655783,0,1
1.4660783,0,0
1.466578,0,1
1.46707795,0,0
1.46757775,0,1
1.4680778,0,0
1.46857755,0,1
1.4690775,0,0
1.46957725,0,1
1.47007725,0,0
1.470577,0,1
1.47107695,0,0
1.4715767,0,1
1.47207675,0,0
1.4725765,0,1
1.4730765,0,0
1.47357625,0,1
1.4740762,0,0
1.4745759,0,1
1.4750759,0,0
1.4755757,0,1
1.4760757,0,0
1.4765755,0,1
1.4770755,0,0
1.47757525,0,1
1.4780752,0,0
1.47857495,0,1
1.4790749,0,0
1.4795746,0,1
1.4800746,0,0
1.48057435,0,1
1.48107435,0,0
1.4815741,0,1
1.4820741,0,0
1.4825738,0,1
1.4830738,0,0
1.48357355,0,1
1.48407355,0,0
1.4845733,0,1
1.4850733,0,0
1.48557305,0,1
1.486073,0,0
1.48657275,0,1
1.4870728,0,0
1.48757255,0,1
1.48807255,0,0
1.48857235,0,1
1.48907235,0,0
1.4895721,0,1
1.4900721,0,0
1.4905719,0,1
1.49107185,0,0
1.49157165,0,1
1.49207165,0,0
1.4925714,0,1
1.4930714,0,0
1.4935711,0,1
1.49407105,0,0
1.49457075,0,1
1.49507075,0,0
1.49557045,0,1
1.4960704,0,0
1.49657005,0,1
1.49707,0,0
1.4975697,0,1
1.4980697,0,0
1.49856935,0,1
1.49906935,0,0
1.4995691,0,1
1.5000691,0,0
1.5005688,0,1
1.50106875,0,0
1.50156845,0,1
1.50206845,0,0
1.50256815,0,1
1.5030681,0,0
1.5035678,0,1
1.5040678,0,0
1.5045675,0,1
1.50506745,0,0
1.50556715,0,1
1.5060671,0,0
1.5065668,0,1
1.5070667,0,0
1.50756645,0,1
1.50806645,0,0
1.50856615,0,1
1.50906615,0,0
1.50956595,0,1
1.5100659,0,0
1.5105657,0,1
1.5110657,0,0
1.51156545,0,1
1.51206545,0,0
1.5125652,0,1
1.5130652,0,0
1.5135649,0,1
1.5140649,0,0
1.51456465,0,1
1.51506465,0,0
1.5155644,0,1
1.5160644,0,0
1.51656415,0,1
1.51706415,0,0
1.5175639,0,1
1.5180639,0,0
1.51856365,0,1
1.5190636,0,0
1.51956335,0,1
1.5200634,0,0
1.52056315,0,1
1.5210632,0,0
1.52156295,0,1
1.52206295,0,0
1.5225627,0,1
1.52306275,0,0
1.5235625,0,1
1.52406245,0,0
1.52456215,0,1
1.52506215,0,0
1.52556185,0,1
1.52606185,0,0
1.5265615,0,1
1.52706155,0,0
1.5275613,0,1
1.5280613,0,0
1.52856105,0,1
1.52906105,0,0
1.5295608,0,1
1.5300608,0,0
1.53056055,0,1
1.5310606,0,0
1.5315604,0,1
1.53206045,0,0
1.53256025,0,1
1.5330603,0,0
1.53356,0,1
1.53406,0,0
1.53455975,0,1
1.53505975,0,0
1.53555945,0,1
1.5360595,0,0
1.5365592,0,1
1.53705915,0,0
1.5375589,0,1
1.53805895,0,0
1.53855865,0,1
1.53905865,0,0
1.5395584,0,1
1.54005845,0,0
1.54055815,0,1
1.5410581,0,0
1.54155785,0,1
1.5420578,0,0
1.54255755,0,1
1.54305755,0,0
1.54355725,0,1
1.5440572,0,0
1.5445569,0,1
1.54505685,0,0
1.54555655,0,1
1.54605655,0,0
1.54655625,0,1
1.54705625,0,0
1.54755595,0,1
1.54805595,0,0
1.5485557,0,1
1.5490557,0,0
1.5495554,0,1
1.55005535,0,0
1.5505551,0,1
1.551055,0,0
1.5515547,0,1
1.55205465,0,0
1.55255435,0,1
1.5530543,0,0
1.553554,0,1
1.554054,0,0
1.55455365,0,1
1.55505365,0,0
1.55555335,0,1
1.55605335,0,0
1.55655305,0,1
1.55705295,0,0
1.5575527,0,1
1.55805265,0,0
1.55855235,0,1
1.55905225,0,0
1.55955195,0,1
1.5600519,0,0
1.5605516,0,1
1.56105155,0,0
1.5615512,0,1
1.5620512,0,0
1.5625509,0,1
1.5630509,0,0
1.5635507,0,1
1.5640507,0,0
1.56455045,0,1
1.56505045,0,0
1.5655502,0,1
1.5660502,0,0
1.56654995,0,1
1.56704995,0,0
1.5675497,0,1
1.5680497,0,0
1.56854945,0,1
1.5690494,0,0
1.56954915,0,1
1.57004915,0,0
1.57054895,0,1
1.57104895,0,0
1.57154875,0,1
1.5720487,0,0
1.57254845,0,1
1.57304845,0,0
1.5735482,0,1
1.57404815,0,0
1.57454785,0,1
1.5750478,0,0
1.5755475,0,1
1.57604745,0,0
1.57654715,0,1
1.57704715,0,0
1.57754685,0,1
1.5780468,0,0
1.57854655,0,1
1.57904655,0,0
1.5795462,0,1
1.58004615,0,0
1.58054585,0,1
1.58104575,0,0
1.5815454,0,1
1.58204525,0,0
1.5825449,0,1
1.5830448,0,0
1.58354445,0,1
1.5840444,0,0
1.58454415,0,1
1.5850441,0,0
1.5855438,0,1
1.5860438,0,0
1.5865435,0,1
1.58704345,0,0
1.58754315,0,1
1.5880431,0,0
1.5885428,0,1
1.58904275,0,0
1.58954245,0,1
1.5900424,0,0
1.5905421,0,1
1.591042,0,0
1.5915417,0,1
1.59204165,0,0
1.5925414,0,1
1.59304135,0,0
1.59354105,0,1
1.594041,0,0
1.59454075,0,1
1.5950407,0,0
1.5955404,0,1
1.59604035,0,0
1.59654,0,1
1.59703995,0,0
1.5975396,0,1
1.5980396,0,0
1.5985393,0,1
1.59903925,0,0
1.59953895,0,1
1.6000389,0,0
1.6005386,0,1
1.6010385,0,0
1.6015382,0,1
1.6020382,0,0
1.6025379,0,1
1.60303795,0,0
1.60353765,0,1
1.6040376,0,0
1.6045373,0,1
1.60503735,0,0
1.6055371,0,1
1.60603705,0,0
1.6065368,0,1
1.6070368,0,0
1.60753655,0,1
1.6080365,0,0
1.60853625,0,1
1.60903625,0,0
1.60953595,0,1
1.6100359,0,0
1.6105356,0,1
1.61103555,0,0
1.6115353,0,1
1.61203525,0,0
1.612535,0,1
1.61303495,0,0
1.6135347,0,1
1.6140347,0,0
1.6145344,0,1
1.6150344,0,0
1.61553415,0,1
1.61603415,0,0
1.6165339,0,1
1.61703395,0,0
1.6175337,0,1
1.6180337,0,0
1.6185335,0,1
1.6190335,0,0
1.61953325,0,1
1.62003325,0,0
1.620533,0,1
1.62103295,0,0
1.6215327,0,1
1.6220326,0,0
1.62253235,0,1
1.6230323,0,0
1.623532,0,1
1.62403195,0,0
1.6245317,0,1
1.62503165,0,0
1.62553135,0,1
1.6260313,0,0
1.626531,0,1
1.627031,0,0
1.62753075,0,1
1.62803075,0,0
1.6285305,0,1
1.6290305,0,0
1.62953025,0,1
1.6300302,0,0
1.6305299,0,1
1.63102985,0,0
1.63152955,0,1
1.6320295,0,0
1.6325292,0,1
1.6330291,0,0
1.6335288,0,1
1.6340288,0,0
1.63452855,0,1
1.63502855,0,0
1.6355283,0,1
1.63602825,0,0
1.63652795,0,1
1.6370279,0,0
1.6375276,0,1
1.6380276,0,0
1.63852735,0,1
1.63902735,0,0
1.6395271,0,1
1.6400271,0,0
1.64052685,0,1
1.64102685,0,0
1.64152655,0,1
1.64202655,0,0
1.6425263,0,1
1.64302625,0,0
1.6435259,0,1
1.6440258,0,0
1.6445255,0,1
1.6450254,0,0
1.6455251,0,1
1.646025,0,0
1.6465247,0,1
1.6470246,0,0
1.6475243,0,1
1.6480242,0,0
1.6485239,0,1
1.6490239,0,0
1.64952355,0,1
1.65002355,0,0
1.65052325,0,1
1.6510232,0,0
1.65152295,0,1
1.65202295,0,0
1.6525227,0,1
1.6530226,0,0
1.65352225,0,1
1.6540222,0,0
1.6545219,0,1
1.6550218,0,0
1.6555215,0,1
1.65602145,0,0
1.65652115,0,1
1.6570211,0,0
1.65752085,0,1
1.6580208,0,0
1.6585205,0,1
1.6590205,0,0
1.6595202,0,1
1.66002015,0,0
1.6605199,0,1
1.66101985,0,0
1.66151955,0,1
1.66201955,0,0
1.66251935,0,1
1.6630193,0,0
1.66351905,0,1
1.6640191,0,0
1.6645188,0,1
1.6650188,0,0
1.6655186,0,1
1.6660186,0,0
1.66651835,0,1
1.66701835,0,0
1.66751805,0,1
1.66801805,0,0
1.66851775,0,1
1.66901775,0,0
1.66951745,0,1
1.67001745,0,0
1.67051715,0,1
1.67101715,0,0
1.67151695,0,1
1.67201695,0,0
1.6725167,0,1
1.6730167,0,0
1.67351645,0,1
1.67401645,0,0
1.67451625,0,1
1.67501625,0,0
1.67551595,0,1
1.6760159,0,0
1.67651565,0,1
1.67701565,0,0
1.6775154,0,1
1.67801535,0,0
1.67851505,0,1
1.679015,0,0
1.67951475,0,1
1.68001475,0,0
1.6805145,0,1
1.6810144,0,0
1.6815141,0,1
1.68201405,0,0
1.6825137,0,1
1.6830136,0,0
1.6835133,0,1
1.68401325,0,0
1.6845129,0,1
1.68501285,0,0
1.68551255,0,1
1.6860125,0,0
1.68651225,0,1
1.6870122,0,0
1.68751185,0,1
1.6880118,0,0
1.6885115,0,1
1.6890115,0,0
1.6895112,0,1
1.6900112,0,0
1.6905109,0,1
1.69101085,0,0
1.69151055,0,1
1.69201045,0,0
1.6925102,0,1
1.69301015,0,0
1.69350985,0,1
1.69400975,0,0
1.69450945,0,1
1.6950094,0,0
1.6955091,0,1
1.69600905,0,0
1.6965087,0,1
1.6970086,0,0
1.6975083,0,1
1.69800825,0,0
1.69850795,0,1
1.6990079,0,0
1.6995076,0,1
1.70000755,0,0
1.7005073,0,1
1.70100725,0,0
1.70150695,0,1
1.70200685,0,0
1.70250655,0,1
1.7030065,0,0
1.7035062,0,1
1.70400615,0,0
1.70450585,0,1
1.7050058,0,0
1.70550555,0,1
1.7060055,0,0
1.70650515,0,1
1.7070051,0,0
1.7075048,0,1
1.7080048,0,0
1.7085045,0,1
1.7090045,0,0
1.70950425,0,1
1.7100042,0,0
1.7105039,0,1
1.7110038,0,0
1.71150355,0,1
1.7120035,0,0
1.71250315,0,1
1.7130031,0,0
1.71350275,0,1
1.7140027,0,0
1.7145024,0,1
1.71500235,0,0
1.71550205,0,1
1.716002,0,0
1.7165017,0,1
1.71700165,0,0
1.71750135,0,1
1.71800135,0,0
1.71850105,0,1
1.71900105,0,0
1.7195008,0,1
1.7200008,0,0
1.7205005,0,1
1.72100045,0,0
1.72150015,0,1
1.72200015,0,0
1.72249985,0,1
1.72299985,0,0
1.7234996,0,1
1.72399955,0,0
1.7244993,0,1
1.7249992,0,0
1.7254989,0,1
1.7259989,0,0
1.72649855,0,1
1.72699855,0,0
1.72749825,0,1
1.7279982,0,0
1.7284979,0,1
1.72899785,0,0
1.72949755,0,1
1.7299975,0,0
1.7304972,0,1
1.73099715,0,0
1.73149685,0,1
1.73199685,0,0
1.73249655,0,1
1.73299655,0,0
1.7334963,0,1
1.73399625,0,0
1.73449595,0,1
1.7349959,0,0
1.7354956,0,1
1.73599555,0,0
1.7364953,0,1
1.7369953,0,0
1.737495,0,1
1.737995,0,0
1.7384947,0,1
1.7389947,0,0
1.73949445,0,1
1.73999445,0,0
1.7404941,0,1
1.7409941,0,0
1.7414938,0,1
1.74199375,0,0
1.74249345,0,1
1.7429934,0,0
1.7434931,0,1
1.7439931,0,0
1.74449285,0,1
1.74499285,0,0
1.7454926,0,1
1.74599255,0,0
1.7464923,0,1
1.74699225,0,0
1.747492,0,1
1.74799205,0,0
1.74849185,0,1
1.7489919,0,0
1.7494917,0,1
1.7499917,0,0
1.7504914,0,1
1.75099145,0,0
1.7514912,0,1
1.75199115,0,0
1.75249095,0,1
1.7529909,0,0
1.7534906,0,1
1.75399055,0,0
1.7544902,0,1
1.7549901,0,0
1.7554897,0,1
1.7559896,0,0
1.7564893,0,1
1.75698925,0,0
1.75748895,0,1
1.75798885,0,0
1.75848855,0,1
1.75898855,0,0
1.75948825,0,1
1.7599882,0,0
1.7604879,0,1
1.76098785,0,0
1.76148755,0,1
1.7619875,0,0
1.7624872,0,1
1.76298715,0,0
1.76348685,0,1
1.76398675,0,0
1.76448645,0,1
1.76498645,0,0
1.7654862,0,1
1.76598615,0,0
1.76648585,0,1
1.7669858,0,0
1.7674855,0,1
1.7679855,0,0
1.7684852,0,1
1.76898515,0,0
1.76948485,0,1
1.76998475,0,0
1.77048445,0,1
1.77098435,0,0
1.77148405,0,1
1.771984,0,0
1.7724837,0,1
1.7729837,0,0
1.77348335,0,1
1.77398335,0,0
1.7744831,0,1
1.77498305,0,0
1.7754828,0,1
1.77598275,0,0
1.77648245,0,1
1.77698245,0,0
1.77748215,0,1
1.7779821,0,0
1.7784818,0,1
1.7789817,0,0
1.77948145,0,1
1.7799814,0,0
1.7804811,0,1
1.78098105,0,0
1.7814807,0,1
1.78198065,0,0
1.78248035,0,1
1.78298025,0,0
1.78347995,0,1
1.78397995,0,0
1.78447965,0,1
1.7849796,0,0
1.7854793,0,1
1.7859793,0,0
1.786479,0,1
1.786979,0,0
1.78747875,0,1
1.7879787,0,0
1.7884785,0,1
1.78897845,0,0
1.78947815,0,1
1.7899781,0,0
1.7904778,0,1
1.7909778,0,0
1.7914775,0,1
1.79197745,0,0
1.7924772,0,1
1.79297715,0,0
1.79347685,0,1
1.7939768,0,0
1.7944765,0,1
1.79497645,0,0
1.79547615,0,1
1.79597605,0,0
1.79647575,0,1
1.79697575,0,0
1.7974755,0,1
1.79797555,0,0
1.7984753,0,1
1.7989753,0,0
1.79947505,0,1
1.79997505,0,0
1.80047475,0,1
1.80097475,0,0
1.8014745,0,1
1.80197445,0,0
1.80247415,0,1
1.80297415,0,0
1.80347385,0,1
1.8039738,0,0
1.8044735,0,1
1.80497345,0,0
1.80547315,0,1
1.80597305,0,0
1.80647275,0,1
1.80697275,0,0
1.80747245,0,1
1.8079724,0,0
1.8084721,0,1
1.80897205,0,0
1.8094718,0,1
1.80997175,0,0
1.81047145,0,1
1.81097145,0,0
1.81147115,0,1
1.8119711,0,0
1.8124708,0,1
1.81297075,0,0
1.8134705,0,1
1.81397045,0,0
1.81447015,0,1
1.81497015,0,0
1.8154699,0,1
1.8159699,0,0
1.81646965,0,1
1.8169697,0,0
1.81746945,0,1
1.8179694,0,0
1.81846915,0,1
1.8189691,0,0
1.81946885,0,1
1.81996885,0,0
1.8204686,0,1
1.82096855,0,0
1.8214683,0,1
1.8219683,0,0
1.8224681,0,1
1.8229681,0,0
1.8234678,0,1
1.8239678,0,0
1.82446755,0,1
1.8249675,0,0
1.8254673,0,1
1.8259673,0,0
1.82646705,0,1
1.826967,0,0
1.82746675,0,1
1.8279667,0,0
1.8284664,0,1
1.8289664,0,0
1.82946615,0,1
1.82996615,0,0
1.8304659,0,1
1.8309659,0,0
1.83146565,0,1
1.8319656,0,0
1.83246535,0,1
1.8329654,0,0
1.83346515,0,1
1.83396515,0,0
1.8344649,0,1
1.83496495,0,0
1.83546465,0,1
1.83596465,0,0
1.83646435,0,1
1.8369643,0,0
1.837464,0,1
1.837964,0,0
1.8384637,0,1
1.8389636,0,0
1.8394633,0,1
1.83996325,0,0
1.84046295,0,1
1.8409629,0,0
1.84146265,0,1
1.8419626,0,0
1.8424624,0,1
1.8429624,0,0
1.8434621,0,1
1.84396205,0,0
1.84446175,0,1
1.8449617,0,0
1.84546145,0,1
1.84596145,0,0
1.8464612,0,1
1.8469612,0,0
1.84746095,0,1
1.8479609,0,0
1.8484606,0,1
1.8489606,0,0
1.84946035,0,1
1.8499603,0,0
1.85046005,0,1
1.85096,0,0
1.85145975,0,1
1.85195975,0,0
1.85245945,0,1
1.8529595,0,0
1.85345925,0,1
1.85395925,0,0
1.854459,0,1
1.85495905,0,0
1.85545885,0,1
1.85595885,0,0
1.8564586,0,1
1.8569586,0,0
1.85745835,0,1
1.85795835,0,0
1.85845815,0,1
1.85895815,0,0
1.8594579,0,1
1.8599579,0,0
1.8604577,0,1
1.8609578,0,0
1.8614576,0,1
1.8619576,0,0
1.8624573,0,1
1.86295735,0,0
1.8634571,0,1
1.86395705,0,0
1.86445685,0,1
1.8649569,0,0
1.86545665,0,1
1.86595665,0,0
1.86645645,0,1
1.86695645,0,0
1.8674562,0,1
1.8679562,0,0
1.86845595,0,1
1.8689559,0,0
1.8694557,0,1
1.86995565,0,0
1.8704554,0,1
1.8709554,0,0
1.87145515,0,1
1.8719552,0,0
1.87245495,0,1
1.87295495,0,0
1.87345475,0,1
1.8739548,0,0
1.8744546,0,1
1.87495465,0,0
1.87545445,0,1
1.8759545,0,0
1.8764543,0,1
1.87695435,0,0
1.87745415,0,1
1.8779542,0,0
1.87845395,0,1
1.87895395,0,0
1.8794537,0,1
1.8799537,0,0
1.8804535,0,1
1.88095345,0,0
1.88145325,0,1
1.8819533,0,0
1.8824531,0,1
1.8829531,0,0
1.88345285,0,1
1.88395285,0,0
1.88445265,0,1
1.88495265,0,0
1.8854524,0,1
1.8859524,0,0
1.88645215,0,1
1.8869522,0,0
1.887452,0,1
1.88795205,0,0
1.88845185,0,1
1.8889519,0,0
1.88945165,0,1
1.8899517,0,0
1.8904515,0,1
1.89095155,0,0
1.89145135,0,1
1.8919514,0,0
1.8924512,0,1
1.8929512,0,0
1.893451,0,1
1.89395105,0,0
1.89445085,0,1
1.89495085,0,0
1.89545065,0,1
1.8959506,0,0
1.8964504,0,1
1.89695035,0,0
1.89745005,0,1
1.8979501,0,0
1.8984499,0,1
1.89894985,0,0
1.8994496,0,1
1.8999496,0,0
1.90044935,0,1
1.90094935,0,0
1.9014491,0,1
1.9019491,0,0
1.90244885,0,1
1.9029488,0,0
1.90344855,0,1
1.9039485,0,0
1.9044483,0,1
1.90494825,0,0
1.905448,0,1
1.905948,0,0
1.9064477,0,1
1.90694765,0,0
1.9074474,0,1
1.90794735,0,0
1.90844705,0,1
1.908947,0,0
1.90944675,0,1
1.90994665,0,0
1.91044635,0,1
1.91094635,0,0
1.911446,0,1
1.911946,0,0
1.9124457,0,1
1.91294565,0,0
1.91344535,0,1
1.9139454,0,0
1.91444515,0,1
1.91494515,0,0
1.9154449,0,1
1.9159449,0,0
1.9164447,0,1
1.9169447,0,0
1.91744445,0,1
1.91794445,0,0
1.9184442,0,1
1.91894425,0,0
1.919444,0,1
1.919944,0,0
1.92044375,0,1
1.9209437,0,0
1.92144345,0,1
1.92194345,0,0
1.9224432,0,1
1.92294315,0,0
1.92344285,0,1
1.92394285,0,0
1.9244426,0,1
1.9249426,0,0
1.92544235,0,1
1.92594235,0,0
1.9264421,0,1
1.9269421,0,0
1.92744185,0,1
1.9279418,0,0
1.9284415,0,1
1.9289415,0,0
1.9294412,0,1
1.9299412,0,0
1.93044095,0,1
1.9309409,0,0
1.9314406,0,1
1.9319406,0,0
1.9324403,0,1
1.93294025,0,0
1.93344,0,1
1.93394,0,0
1.93443975,0,1
1.93493975,0,0
1.93543955,0,1
1.93593955,0,0
1.93643935,0,1
1.93693935,0,0
1.9374391,0,1
1.93793905,0,0
1.9384388,0,1
1.9389387,0,0
1.93943845,0,1
1.9399384,0,0
1.94043815,0,1
1.9409381,0,0
1.94143785,0,1
1.94193785,0,0
1.9424376,0,1
1.9429376,0,0
1.94343735,0,1
1.9439374,0,0
1.94443715,0,1
1.94493715,0,0
1.9454369,0,1
1.94593685,0,0
1.9464366,0,1
1.9469366,0,0
1.9474363,0,1
1.9479363,0,0
1.94843605,0,1
1.948936,0,0
1.94943575,0,1
1.94993575,0,0
1.95043555,0,1
1.9509355,0,0
1.95143525,0,1
1.9519352,0,0
1.95243495,0,1
1.9529349,0,0
1.95343465,0,1
1.95393465,0,0
1.9544344,0,1
1.9549344,0,0
1.95543415,0,1
1.95593415,0,0
1.9564339,0,1
1.9569339,0,0
1.9574337,0,1
1.9579337,0,0
1.95843345,0,1
1.95893345,0,0
1.9594332,0,1
1.95993315,0,0
1.9604329,0,1
1.9609329,0,0
1.96143265,0,1
1.9619327,0,0
1.96243245,0,1
1.96293245,0,0
1.9634323,0,1
1.9639323,0,0
1.96443205,0,1
1.96493205,0,0
1.96543175,0,1
1.96593175,0,0
1.96643145,0,1
1.96693145,0,0
1.9674312,0,1
1.96793115,0,0
1.9684309,0,1
1.96893085,0,0
1.9694306,0,1
1.9699306,0,0
1.97043035,0,1
1.97093035,0,0
1.9714301,0,1
1.9719301,0,0
1.9724299,0,1
1.9729299,0,0
1.97342965,0,1
1.97392965,0,0
1.9744293,0,1
1.9749293,0,0
1.97542905,0,1
1.97592895,0,0
1.9764287,0,1
1.97692865,0,0
1.9774284,0,1
1.97792835,0,0
1.9784281,0,1
1.97892805,0,0
1.9794278,0,1
1.97992785,0,0
1.98042755,0,1
1.9809275,0,0
1.98142715,0,1
1.9819271,0,0
1.9824268,0,1
1.9829268,0,0
1.9834265,0,1
1.9839265,0,0
1.9844262,0,1
1.9849262,0,0
1.9854259,0,1
1.98592585,0,0
1.9864256,0,1
1.98692555,0,0
1.9874253,0,1
1.98792525,0,0
1.98842495,0,1
1.98892495,0,0
1.98942465,0,1
1.9899247,0,0
1.9904245,0,1
1.9909245,0,0
1.9914243,0,1
1.9919243,0,0
1.99242405,0,1
1.99292405,0,0
1.99342375,0,1
1.9939238,0,0
1.9944235,0,1
1.9949235,0,0
1.99542325,0,1
1.9959232,0,0
1.9964229,0,1
1.9969229,0,0
1.99742265,0,1
1.9979226,0,0
1.99842235,0,1
1.99892235,0,0
1.9994221,0,1
1.99992205,0,0
2.0004218,0,1
2.0009218,0,0
2.00142155,0,1
2.0019216,0,0
2.00242135,0,1
2.00292135,0,0
2.00342105,0,1
2.00392105,0,0
2.0044208,0,1
2.00492075,0,0
2.0054205,0,1
2.0059205,0,0
2.0064203,0,1
2.0069203,0,0
2.00742005,0,1
2.00792005,0,0
2.0084198,0,1
2.00891975,0,0
2.0094195,0,1
2.0099195,0,0
2.01041925,0,1
2.01091925,0,0
2.01141905,0,1
2.01191905,0,0
2.0124188,0,1
2.01291885,0,0
2.01341855,0,1
2.0139186,0,0
2.0144183,0,1
2.0149183,0,0
2.01541805,0,1
2.01591805,0,0
2.01641775,0,1
2.0169177,0,0
2.01741745,0,1
2.0179174,0,0
2.01841715,0,1
2.0189171,0,0
2.01941685,0,1
2.0199168,0,0
2.0204165,0,1
2.02091645,0,0
2.02141615,0,1
2.0219161,0,0
2.0224158,0,1
2.02291575,0,0
2.02341545,0,1
2.02391535,0,0
2.024415,0,1
2.02491495,0,0
2.02541465,0,1
2.0259146,0,0
2.0264143,0,1
2.02691425,0,0
2.027414,0,1
2.02791395,0,0
2.0284137,0,1
2.02891375,0,0
2.02941345,0,1
2.0299135,0,0
2.03041325,0,1
2.0309133,0,0
2.03141305,0,1
2.03191305,0,0
2.0324128,0,1
2.0329128,0,0
2.03341265,0,1
2.03391265,0,0
2.0344124,0,1
2.0349124,0,0
2.0354121,0,1
2.0359121,0,0
2.0364118,0,1
2.03691175,0,0
2.0374115,0,1
2.0379115,0,0
2.03841125,0,1
2.0389113,0,0
2.0394111,0,1
2.03991115,0,0
2.0404109,0,1
2.0409109,0,0
2.0414107,0,1
2.0419106,0,0
2.04241035,0,1
2.04291035,0,0
2.0434101,0,1
2.04391005,0,0
2.0444098,0,1
2.04490975,0,0
2.04540945,0,1
2.0459094,0,0
2.0464091,0,1
2.0469091,0,0
2.0474088,0,1
2.04790875,0,0
2.0484085,0,1
2.0489085,0,0
2.0494083,0,1
2.0499083,0,0
2.050408,0,1
2.050908,0,0
2.0514077,0,1
2.05190765,0,0
2.05240745,0,1
2.05290745,0,0
2.05340725,0,1
2.05390725,0,0
2.054407,0,1
2.054907,0,0
2.0554067,0,1
2.0559067,0,0
2.05640645,0,1
2.0569064,0,0
2.05740615,0,1
2.0579062,0,0
2.05840595,0,1
2.058906,0,0
2.05940575,0,1
2.0599058,0,0
2.06040555,0,1
2.06090555,0,0
2.0614053,0,1
2.0619053,0,0
2.06240505,0,1
2.06290505,0,0
2.06340485,0,1
2.0639048,0,0
2.06440455,0,1
2.06490455,0,0
2.0654043,0,1
2.0659043,0,0
2.0664041,0,1
2.0669041,0,0
2.0674039,0,1
2.0679039,0,0
2.06840365,0,1
2.0689037,0,0
2.06940345,0,1
2.06990345,0,0
2.07040325,0,1
2.07090325,0,0
2.071403,0,1
2.071903,0,0
2.0724027,0,1
2.0729027,0,0
2.07340245,0,1
2.0739024,0,0
2.0744021,0,1
2.074902,0,0
2.0754017,0,1
2.0759016,0,0
2.0764013,0,1
2.0769012,0,0
2.0774009,0,1
2.0779009,0,0
2.0784006,0,1
2.07890055,0,0
2.0794003,0,1
2.07990025,0,0
2.08039995,0,1
2.0808999,0,0
2.08139965,0,1
2.0818996,0,0
2.08239935,0,1
2.08289935,0,0
2.08339905,0,1
2.08389905,0,0
2.08439875,0,1
2.08489875,0,0
2.0853985,0,1
2.0858985,0,0
2.08639825,0,1
2.08689825,0,0
2.087398,0,1
2.08789795,0,0
2.08839775,0,1
2.08889765,0,0
2.08939745,0,1
2.08989745,0,0
2.0903972,0,1
2.0908972,0,0
2.09139695,0,1
2.09189695,0,0
2.0923967,0,1
2.0928967,0,0
2.09339645,0,1
2.0938964,0,0
2.09439615,0,1
2.0948961,0,0
2.0953958,0,1
2.0958957,0,0
2.0963954,0,1
2.0968953,0,0
2.097395,0,1
2.097895,0,0
2.0983947,0,1
2.0988947,0,0
2.0993944,0,1
2.09989435,0,0
2.1003941,0,1
2.1008941,0,0
2.1013939,0,1
2.1018939,0,0
2.1023936,0,1
2.1028936,0,0
2.1033934,0,1
2.10389335,0,0
2.10439315,0,1
2.1048931,0,0
2.1053928,0,1
2.1058928,0,0
2.1063926,0,1
2.1068926,0,0
2.10739235,0,1
2.10789235,0,0
2.1083921,0,1
2.10889205,0,0
2.1093918,0,1
2.1098918,0,0
2.1103915,0,1
2.11089155,0,0
2.11139125,0,1
2.11189115,0,0
2.1123909,0,1
2.11289085,0,0
2.11339055,0,1
2.11389055,0,0
2.11439025,0,1
2.1148903,0,0
2.11539,0,1
2.11589,0,0
2.11638975,0,1
2.1168898,0,0
2.1173895,0,1
2.1178895,0,0
2.11838925,0,1
2.11888925,0,0
2.119389,0,1
2.11988895,0,0
2.12038865,0,1
2.12088865,0,0
2.1213884,0,1
2.12188835,0,0
2.1223881,0,1
2.1228881,0,0
2.12338785,0,1
2.12388785,0,0
2.1243876,0,1
2.12488755,0,0
2.12538725,0,1
2.1258872,0,0
2.12638695,0,1
2.12688695,0,0
2.12738675,0,1
2.1278867,0,0
2.12838645,0,1
2.12888645,0,0
2.12938625,0,1
2.12988625,0,0
2.13038595,0,1
2.13088595,0,0
2.1313857,0,1
2.1318857,0,0
2.1323855,0,1
2.13288555,0,0
2.1333853,0,1
2.1338853,0,0
2.134385,0,1
2.134885,0,0
2.13538475,0,1
2.1358847,0,0
2.13638445,0,1
2.13688445,0,0
2.13738415,0,1
2.1378841,0,0
2.1383838,0,1
2.13888375,0,0
2.13938345,0,1
2.1398834,0,0
2.1403831,0,1
2.1408831,0,0
2.14138285,0,1
2.14188285,0,0
2.1423826,0,1
2.1428826,0,0
2.14338235,0,1
2.14388235,0,0
2.1443821,0,1
2.14488205,0,0
2.14538175,0,1
2.1458817,0,0
2.1463814,0,1
2.14688135,0,0
2.14738105,0,1
2.1478809,0,0
2.14838055,0,1
2.14888055,0,0
2.1493803,0,1
2.1498803,0,0
2.15038,0,1
2.15088,0,0
2.1513797,0,1
2.1518797,0,0
2.1523795,0,1
2.1528795,0,0
2.1533793,0,1
2.15387925,0,0
2.154379,0,1
2.15487895,0,0
2.1553787,0,1
2.1558787,0,0
2.15637845,0,1
2.1568785,0,0
2.1573783,0,1
2.1578783,0,0
2.15837805,0,1
2.1588781,0,0
2.1593779,0,1
2.15987795,0,0
2.1603777,0,1
2.16087775,0,0
2.1613775,0,1
2.1618775,0,0
2.1623773,0,1
2.1628773,0,0
2.1633771,0,1
2.16387715,0,0
2.16437695,0,1
2.16487695,0,0
2.16537675,0,1
2.16587675,0,0
2.16637655,0,1
2.16687655,0,0
2.16737635,0,1
2.16787635,0,0
2.1683761,0,1
2.1688761,0,0
2.16937585,0,1
2.16987585,0,0
2.17037555,0,1
2.1708756,0,0
2.17137535,0,1
2.17187535,0,0
2.17237515,0,1
2.1728752,0,0
2.173375,0,1
2.17387505,0,0
2.1743748,0,1
2.1748749,0,0
2.1753747,0,1
2.17587475,0,0
2.1763745,0,1
2.1768745,0,0
2.1773743,0,1
2.17787435,0,0
2.17837415,0,1
2.1788741,0,0
2.1793739,0,1
2.17987395,0,0
2.1803737,0,1
2.1808737,0,0
2.1813735,0,1
2.18187355,0,0
2.1823733,0,1
2.18287335,0,0
2.18337315,0,1
2.18387315,0,0
2.1843729,0,1
2.18487295,0,0
2.18537275,0,1
2.18587275,0,0
2.1863725,0,1
2.1868725,0,0
2.18737225,0,1
2.18787225,0,0
2.188372,0,1
2.18887205,0,0
2.1893718,0,1
2.18987175,0,0
2.19037145,0,1
2.19087145,0,0
2.19137115,0,1
2.1918711,0,0
2.19237085,0,1
2.1928708,0,0
2.1933705,0,1
2.19387045,0,0
2.1943702,0,1
2.1948702,0,0
2.19536995,0,1
2.1958699,0,0
2.1963696,0,1
2.1968696,0,0
2.19736935,0,1
2.19786935,0,0
2.19836905,0,1
2.19886905,0,0
2.1993688,0,1
2.1998688,0,0
2.2003685,0,1
2.2008685,0,0
2.20136825,0,1
2.2018682,0,0
2.202368,0,1
2.202868,0,0
2.20336775,0,1
2.20386775,0,0
2.2043675,0,1
2.2048675,0,0
2.20536725,0,1
2.20586725,0,0
2.20636705,0,1
2.2068671,0,0
2.2073668,0,1
2.2078668,0,0
2.2083665,0,1
2.2088665,0,0
2.20936625,0,1
2.20986625,0,0
2.21036605,0,1
2.2108661,0,0
2.21136585,0,1
2.2118659,0,0
2.21236565,0,1
2.21286565,0,0
2.21336535,0,1
2.2138654,0,0
2.21436515,0,1
2.2148652,0,0
2.21536495,0,1
2.215865,0,0
2.21636475,0,1
2.21686475,0,0
2.2173645,0,1
2.2178645,0,0
2.21836425,0,1
2.2188642,0,0
2.2193639,0,1
2.21986385,0,0
2.22036355,0,1
2.22086355,0,0
2.22136325,0,1
2.22186315,0,0
2.22236285,0,1
2.22286285,0,0
2.22336255,0,1
2.22386245,0,0
2.22436215,0,1
2.2248621,0,0
2.22536175,0,1
2.22586175,0,0
2.22636145,0,1
2.2268614,0,0
2.2273611,0,1
2.2278611,0,0
2.2283608,0,1
2.22886075,0,0
2.2293605,0,1
2.2298605,0,0
2.2303602,0,1
2.2308602,0,0
2.2313599,0,1
2.2318599,0,0
2.23235965,0,1
2.23285965,0,0
2.23335935,0,1
2.23385935,0,0
2.2343591,0,1
2.23485905,0,0
2.2353588,0,1
2.2358588,0,0
2.23635855,0,1
2.23685855,0,0
2.2373583,0,1
2.23785835,0,0
2.2383581,0,1
2.23885815,0,0
2.23935785,0,1
2.23985785,0,0
2.24035765,0,1
2.24085765,0,0
2.2413574,0,1
2.24185735,0,0
2.2423571,0,1
2.24285705,0,0
2.2433568,0,1
2.24385675,0,0
2.2443565,0,1
2.2448565,0,0
2.2453562,0,1
2.24585615,0,0
2.24635585,0,1
2.24685585,0,0
2.2473556,0,1
2.24785555,0,0
2.2483553,0,1
2.24885525,0,0
2.24935495,0,1
2.24985485,0,0
2.2503546,0,1
2.25085455,0,0
2.25135425,0,1
2.25185415,0,0
2.25235385,0,1
2.2528538,0,0
2.25335355,0,1
2.2538535,0,0
2.25435325,0,1
2.25485315,0,0
2.25535285,0,1
2.2558528,0,0
2.25635255,0,1
2.2568525,0,0
2.2573522,0,1
2.25785215,0,0
2.2583518,0,1
2.25885175,0,0
2.25935145,0,1
2.25985135,0,0
2.26035105,0,1
2.26085095,0,0
2.26135065,0,1
2.2618506,0,0
2.26235035,0,1
2.26285025,0,0
2.26334995,0,1
2.2638499,0,0
2.26434955,0,1
2.2648495,0,0
2.2653492,0,1
2.26584915,0,0
2.26634885,0,1
2.2668488,0,0
2.2673485,0,1
2.2678485,0,0
2.2683482,0,1
2.2688482,0,0
2.26934795,0,1
2.2698479,0,0
2.2703476,0,1
2.2708475,0,0
2.27134725,0,1
2.2718472,0,0
2.2723469,0,1
2.2728469,0,0
2.2733466,0,1
2.2738466,0,0
2.2743463,0,1
2.2748463,0,0
2.275346,0,1
2.27584605,0,0
2.27634575,0,1
2.27684575,0,0
2.27734545,0,1
2.27784545,0,0
2.27834515,0,1
2.2788451,0,0
2.27934485,0,1
2.2798448,0,0
2.28034455,0,1
2.2808445,0,0
2.28134425,0,1
2.2818442,0,0
2.2823439,0,1
2.2828439,0,0
2.28334355,0,1
2.2838435,0,0
2.2843433,0,1
2.28484325,0,0
2.285343,0,1
2.285843,0,0
2.28634275,0,1
2.28684275,0,0
2.2873425,0,1
2.2878425,0,0
2.28834225,0,1
2.2888423,0,0
2.28934205,0,1
2.2898421,0,0
2.29034185,0,1
2.29084185,0,0
2.2913416,0,1
2.29184155,0,0
2.29234125,0,1
2.29284125,0,0
2.293341,0,1
2.293841,0,0
2.2943407,0,1
2.2948407,0,0
2.2953404,0,1
2.2958404,0,0
2.29634015,0,1
2.2968401,0,0
2.29733985,0,1
2.2978398,0,0
2.2983395,0,1
2.2988395,0,0
2.2993392,0,1
2.2998392,0,0
2.30033895,0,1
2.30083895,0,0
2.30133865,0,1
2.3018386,0,0
2.3023383,0,1
2.30283825,0,0
2.30333795,0,1
2.3038379,0,0
2.3043376,0,1
2.30483755,0,0
2.30533725,0,1
2.30583725,0,0
2.306337,0,1
2.30683695,0,0
2.3073367,0,1
2.30783665,0,0
2.30833635,0,1
2.3088363,0,0
2.30933605,0,1
2.30983605,0,0
2.31033575,0,1
2.31083575,0,0
2.31133545,0,1
2.3118354,0,0
2.31233515,0,1
2.3128351,0,0
2.3133348,0,1
2.31383475,0,0
2.3143345,0,1
2.31483445,0,0
2.3153342,0,1
2.3158342,0,0
2.3163339,0,1
2.3168339,0,0
2.3173336,0,1
2.31783355,0,0
2.3183332,0,1
2.31883315,0,0
2.31933285,0,1
2.31983275,0,0
2.3203324,0,1
2.32083235,0,0
2.32133205,0,1
2.321832,0,0
2.3223317,0,1
2.32283165,0,0
2.3233314,0,1
2.32383135,0,0
2.32433105,0,1
2.324831,0,0
2.3253307,0,1
2.3258307,0,0
2.32633045,0,1
2.3268304,0,0
2.32733015,0,1
2.32783015,0,0
2.3283299,0,1
2.3288299,0,0
2.3293296,0,1
2.3298296,0,0
2.33032935,0,1
2.3308293,0,0
2.33132905,0,1
2.33182905,0,0
2.3323288,0,1
2.3328288,0,0
2.3333286,0,1
2.3338286,0,0
2.3343283,0,1
2.3348283,0,0
2.335328,0,1
2.335828,0,0
2.3363277,0,1
2.33682775,0,0
2.3373275,0,1
2.3378275,0,0
2.33832725,0,1
2.3388272,0,0
2.33932695,0,1
2.33982695,0,0
2.3403267,0,1
2.34082665,0,0
2.34132635,0,1
2.3418263,0,0
2.34232605,0,1
2.34282605,0,0
2.3433258,0,1
2.34382585,0,0
2.3443256,0,1
2.34482555,0,0
2.3453253,0,1
2.3458253,0,0
2.34632505,0,1
2.34682505,0,0
2.34732475,0,1
2.3478247,0,0
2.34832445,0,1
2.3488244,0,0
2.3493241,0,1
2.34982405,0,0
2.35032375,0,1
2.3508237,0,0
2.3513234,0,1
2.35182335,0,0
2.35232305,0,1
2.35282295,0,0
2.35332265,0,1
2.3538226,0,0
2.3543223,0,1
2.35482225,0,0
2.3553219,0,1
2.35582185,0,0
2.35632155,0,1
2.3568215,0,0
2.3573212,0,1
2.3578211,0,0
2.35832075,0,1
2.35882065,0,0
2.3593203,0,1
2.35982015,0,0
2.36031985,0,1
2.3608197,0,0
2.36131935,0,1
2.36181925,0,0
2.3623189,0,1
2.36281885,0,0
2.3633185,0,1
2.36381845,0,0
2.3643182,0,1
2.3648181,0,0
2.3653178,0,1
2.36581775,0,0
2.36631745,0,1
2.3668174,0,0
2.36731705,0,1
2.367817,0,0
2.3683167,0,1
2.36881665,0,0
2.3693163,0,1
2.3698162,0,0
2.37031585,0,1
2.3708158,0,0
2.3713155,0,1
2.3718154,0,0
2.37231505,0,1
2.372815,0,0
2.37331465,0,1
2.37381455,0,0
2.37431425,0,1
2.37481415,0,0
2.37531385,0,1
2.37581385,0,0
2.37631355,0,1
2.37681355,0,0
2.3773133,0,1
2.3778133,0,0
2.37831295,0,1
2.37881285,0,0
2.37931255,0,1
2.37981245,0,0
2.38031215,0,1
2.3808121,0,0
2.38131175,0,1
2.38181165,0,0
2.38231135,0,1
2.3828112,0,0
2.3833109,0,1
2.38381085,0,0
2.38431055,0,1
2.38481045,0,0
2.38531015,0,1
2.38581005,0,0
2.38630965,0,1
2.3868096,0,0
2.38730925,0,1
2.38780915,0,0
2.38830885,0,1
2.3888088,0,0
2.38930855,0,1
2.38980855,0,0
2.3903083,0,1
2.39080825,0,0
2.391308,0,1
2.39180795,0,0
2.3923077,0,1
2.3928077,0,0
2.3933075,0,1
2.39380745,0,0
2.39430725,0,1
2.39480725,0,0
2.39530705,0,1
2.39580705,0,0
2.39630685,0,1
2.3968069,0,0
2.3973067,0,1
2.3978067,0,0
2.3983064,0,1
2.39880635,0,0
2.39930605,0,1
2.39980605,0,0
2.40030575,0,1
2.4008057,0,0
2.40130545,0,1
2.4018054,0,0
2.4023052,0,1
2.4028052,0,0
2.4033049,0,1
2.4038049,0,0
2.4043046,0,1
2.4048046,0,0
2.4053043,0,1
2.40580425,0,0
2.406304,0,1
2.406804,0,0
2.40730375,0,1
2.4078037,0,0
2.40830345,0,1
2.4088034,0,0
2.40930315,0,1
2.4098031,0,0
2.41030285,0,1
2.41080285,0,0
2.41130255,0,1
2.41180255,0,0
2.4123023,0,1
2.41280225,0,0
2.41330195,0,1
2.41380195,0,0
2.41430165,0,1
2.41480165,0,0
2.41530135,0,1
2.41580125,0,0
2.41630095,0,1
2.4168009,0,0
2.4173006,0,1
2.4178005,0,0
2.4183002,0,1
2.41880015,0,0
2.41929985,0,1
2.4197998,0,0
2.42029955,0,1
2.4207995,0,0
2.42129925,0,1
2.42179925,0,0
2.422299,0,1
2.42279905,0,0
2.42329875,0,1
2.42379875,0,0
2.4242985,0,1
2.4247985,0,0
2.4252982,0,1
2.42579815,0,0
2.4262978,0,1
2.42679775,0,0
2.42729745,0,1
2.42779735,0,0
2.42829705,0,1
2.428797,0,0
2.4292967,0,1
2.42979665,0,0
2.4302964,0,1
2.4307963,0,0
2.43129605,0,1
2.431796,0,0
2.43229565,0,1
2.4327956,0,0
2.43329525,0,1
2.4337952,0,0
2.4342949,0,1
2.43479485,0,0
2.43529455,0,1
2.43579445,0,0
2.4362942,0,1
2.4367941,0,0
2.43729375,0,1
2.4377937,0,0
2.43829335,0,1
2.43879325,0,0
2.43929295,0,1
2.4397928,0,0
2.44029245,0,1
2.4407923,0,0
2.44129195,0,1
2.44179185,0,0
2.44229145,0,1
2.4427914,0,0
2.44329105,0,1
2.44379095,0,0
2.4442906,0,1
2.44479055,0,0
2.4452902,0,1
2.44579005,0,0
2.44628975,0,1
2.44678965,0,0
2.4472893,0,1
2.44778925,0,0
2.44828895,0,1
2.44878885,0,0
2.44928855,0,1
2.4497885,0,0
2.4502882,0,1
2.45078815,0,0
2.4512878,0,1
2.4517877,0,0
2.45228735,0,1
2.45278725,0,0
2.4532869,0,1
2.4537868,0,0
2.4542865,0,1
2.4547864,0,0
2.455286,0,1
2.4557859,0,0
2.4562856,0,1
2.4567855,0,0
2.4572852,0,1
2.4577852,0,0
2.4582849,0,1
2.45878485,0,0
2.45928455,0,1
2.4597845,0,0
2.4602842,0,1
2.46078415,0,0
2.4612839,0,1
2.4617839,0,0
2.46228365,0,1
2.4627836,0,0
2.4632833,0,1
2.46378325,0,0
2.46428295,0,1
2.46478285,0,0
2.46528255,0,1
2.46578255,0,0
2.4662823,0,1
2.46678225,0,0
2.467282,0,1
2.4677819,0,0
2.4682816,0,1
2.4687815,0,0
2.4692812,0,1
2.4697811,0,0
2.47028075,0,1
2.47078065,0,0
2.47128025,0,1
2.47178015,0,0
2.47227985,0,1
2.47277985,0,0
2.47327955,0,1
2.47377955,0,0
2.47427925,0,1
2.47477925,0,0
2.4752789,0,1
2.47577885,0,0
2.4762785,0,1
2.47677835,0,0
2.47727805,0,1
2.477778,0,0
2.4782776,0,1
2.47877755,0,0
2.47927725,0,1
2.4797771,0,0
2.4802768,0,1
2.4807767,0,0
2.48127635,0,1
2.48177625,0,0
2.48227595,0,1
2.4827759,0,0
2.4832756,0,1
2.48377555,0,0
2.48427525,0,1
2.48477515,0,0
2.4852748,0,1
2.48577465,0,0
2.4862743,0,1
2.4867742,0,0
2.4872739,0,1
2.4877738,0,0
2.48827355,0,1
2.48877345,0,0
2.4892731,0,1
2.489773,0,0
2.49027265,0,1
2.4907726,0,0
2.4912723,0,1
2.4917722,0,0
2.49227185,0,1
2.4927718,0,0
2.4932715,0,1
2.4937714,0,0
2.49427105,0,1
2.4947709,0,0
2.4952706,0,1
2.49577055,0,0
2.4962702,0,1
2.4967701,0,0
2.4972698,0,1
2.4977697,0,0
2.49826935,0,1
2.4987692,0,0
2.49926885,0,1
2.49976875,0,0
2.5002684,0,1
2.5007683,0,0
2.501268,0,1
2.5017679,0,0
2.50226755,0,1
2.5027675,0,0
2.5032672,0,1
2.5037671,0,0
2.50426675,0,1
2.5047667,0,0
2.50526635,0,1
2.50576625,0,0
2.5062659,0,1
2.50676585,0,0
2.50726555,0,1
2.50776545,0,0
2.5082651,0,1
2.50876505,0,0
2.5092647,0,1
2.50976465,0,0
2.5102643,0,1
2.51076425,0,0
2.51126395,0,1
2.51176385,0,0
2.5122635,0,1
2.5127634,0,0
2.51326305,0,1
2.513763,0,0
2.51426265,0,1
2.51476255,0,0
2.5152622,0,1
2.5157621,0,0
2.51626175,0,1
2.51676165,0,0
2.5172613,0,1
2.5177612,0,0
2.5182608,0,1
2.5187607,0,0
2.51926035,0,1
2.51976025,0,0
2.5202599,0,1
2.5207598,0,0
2.52125945,0,1
2.5217594,0,0
2.5222591,0,1
2.522759,0,0
2.5232587,0,1
2.5237586,0,0
2.52425825,0,1
2.5247582,0,0
2.5252579,0,1
2.5257578,0,0
2.5262575,0,1
2.52675745,0,0
2.52725715,0,1
2.52775705,0,0
2.52825675,0,1
2.5287567,0,0
2.5292564,0,1
2.5297563,0,0
2.53025605,0,1
2.53075595,0,0
2.53125565,0,1
2.5317556,0,0
2.53225535,0,1
2.53275535,0,0
2.5332551,0,1
2.533755,0,0
2.5342547,0,1
2.5347546,0,0
2.5352542,0,1
2.5357541,0,0
2.53625375,0,1
2.53675365,0,0
2.5372533,0,1
2.5377532,0,0
2.5382529,0,1
2.5387528,0,0
2.5392525,0,1
2.5397524,0,0
2.54025205,0,1
2.54075195,0,0
2.5412516,0,1
2.54175155,0,0
2.54225125,0,1
2.54275115,0,0
2.5432508,0,1
2.5437507,0,0
2.5442504,0,1
2.54475035,0,0
2.54525005,0,1
2.54574995,0,0
2.5462496,0,1
2.54674955,0,0
2.54724925,0,1
2.5477492,0,0
2.54824885,0,1
2.54874875,0,0
2.54924845,0,1
2.54974835,0,0
2.55024795,0,1
2.55074785,0,0
2.5512475,0,1
2.5517474,0,0
2.5522471,0,1
2.552747,0,0
2.5532467,0,1
2.5537466,0,0
2.5542463,0,1
2.5547462,0,0
2.5552459,0,1
2.55574585,0,0
2.5562455,0,1
2.5567454,0,0
2.5572451,0,1
2.55774505,0,0
2.55824475,0,1
2.5587447,0,0
2.55924445,0,1
2.5597443,0,0
2.560244,0,1
2.56074395,0,0
2.5612436,0,1
2.56174345,0,0
2.5622431,0,1
2.56274305,0,0
2.56324275,0,1
2.56374265,0,0
2.5642423,0,1
2.5647422,0,0
2.5652419,0,1
2.5657418,0,0
2.5662415,0,1
2.5667414,0,0
2.56724105,0,1
2.567741,0,0
2.56824065,0,1
2.56874055,0,0
2.5692402,0,1
2.56974015,0,0
2.57023985,0,1
2.5707398,0,0
2.5712395,0,1
2.5717394,0,0
2.5722391,0,1
2.572739,0,0
2.57323865,0,1
2.57373855,0,0
2.5742382,0,1
2.5747381,0,0
2.57523775,0,1
2.57573765,0,0
2.57623735,0,1
2.57673725,0,0
2.5772369,0,1
2.57773675,0,0
2.5782364,0,1
2.5787363,0,0
2.57923595,0,1
2.57973585,0,0
2.58023555,0,1
2.5807355,0,0
2.58123515,0,1
2.58173505,0,0
2.5822347,0,1
2.5827346,0,0
2.5832343,0,1
2.58373425,0,0
2.5842339,0,1
2.5847338,0,0
2.58523345,0,1
2.58573335,0,0
2.586233,0,1
2.58673285,0,0
2.58723245,0,1
2.5877324,0,0
2.58823205,0,1
2.58873205,0,0
2.58923175,0,1
2.5897317,0,0
2.59023145,0,1
2.59073135,0,0
2.591231,0,1
2.59173095,0,0
2.59223065,0,1
2.5927306,0,0
2.5932303,0,1
2.5937302,0,0
2.59422985,0,1
2.59472975,0,0
2.59522935,0,1
2.5957293,0,0
2.5962289,0,1
2.5967288,0,0
2.59722845,0,1
2.5977283,0,0
2.59822795,0,1
2.59872785,0,0
2.59922755,0,1
2.59972745,0,0
2.60022715,0,1
2.60072705,0,0
2.6012267,0,1
2.6017266,0,0
2.60222625,0,1
2.60272615,0,0
2.6032258,0,1
2.6037257,0,0
2.60422535,0,1
2.6047252,0,0
2.6052249,0,1
2.6057248,0,0
2.60622445,0,1
2.6067244,0,0
2.6072241,0,1
2.607724,0,0
2.6082237,0,1
2.60872365,0,0
2.60922335,0,1
2.60972335,0,0
2.610223,0,1
2.6107229,0,0
2.6112226,0,1
2.61172255,0,0
2.61222225,0,1
2.61272225,0,0
2.61322195,0,1
2.6137219,0,0
2.6142216,0,1
2.61472155,0,0
2.6152213,0,1
2.6157212,0,0
2.61622095,0,1
2.6167209,0,0
2.61722065,0,1
2.61772065,0,0
2.61822035,0,1
2.6187203,0,0
2.61922,0,1
2.61972,0,0
2.6202197,0,1
2.62071965,0,0
2.6212193,0,1
2.6217192,0,0
2.6222189,0,1
2.62271885,0,0
2.6232186,0,1
2.62371855,0,0
2.62421825,0,1
2.6247182,0,0
2.62521795,0,1
2.6257179,0,0
2.6262176,0,1
2.62671755,0,0
2.6272172,0,1
2.6277172,0,0
2.6282169,0,1
2.6287168,0,0
2.62921645,0,1
2.6297164,0,0
2.6302161,0,1
2.630716,0,0
2.63121565,0,1
2.6317156,0,0
2.63221525,0,1
2.6327152,0,0
2.63321485,0,1
2.6337148,0,0
2.6342145,0,1
2.63471445,0,0
2.6352141,0,1
2.635714,0,0
2.6362137,0,1
2.63671365,0,0
2.63721335,0,1
2.6377133,0,0
2.638213,0,1
2.6387129,0,0
2.6392126,0,1
2.63971255,0,0
2.64021225,0,1
2.6407122,0,0
2.64121195,0,1
2.6417119,0,0
2.64221165,0,1
2.6427116,0,0
2.64321135,0,1
2.6437113,0,0
2.64421105,0,1
2.64471095,0,0
2.64521065,0,1
2.64571065,0,0
2.64621035,0,1
2.64671035,0,0
2.6472101,0,1
2.64771,0,0
2.64820975,0,1
2.64870975,0,0
2.64920945,0,1
2.6497094,0,0
2.65020915,0,1
2.65070915,0,0
2.6512088,0,1
2.6517088,0,0
2.6522085,0,1
2.65270845,0,0
2.65320815,0,1
2.65370815,0,0
2.65420785,0,1
2.6547078,0,0
2.65520755,0,1
2.65570755,0,0
2.6562073,0,1
2.6567073,0,0
2.657207,0,1
2.657707,0,0
2.65820675,0,1
2.65870675,0,0
2.6592065,0,1
2.65970645,0,0
2.6602062,0,1
2.66070615,0,0
2.66120585,0,1
2.6617058,0,0
2.6622055,0,1
2.66270545,0,0
2.6632052,0,1
2.66370525,0,0
2.66420495,0,1
2.66470495,0,0
2.6652047,0,1
2.6657047,0,0
2.66620445,0,1
2.66670445,0,0
2.66720415,0,1
2.66770415,0,0
2.66820385,0,1
2.66870385,0,0
2.6692036,0,1
2.6697035,0,0
2.6702032,0,1
2.6707032,0,0
2.6712029,0,1
2.67170285,0,0
2.6722026,0,1
2.6727026,0,0
2.67320235,0,1
2.6737024,0,0
2.67420215,0,1
2.6747022,0,0
2.67520195,0,1
2.67570195,0,0
2.6762017,0,1
2.6767017,0,0
2.6772014,0,1
2.6777014,0,0
2.6782011,0,1
2.6787011,0,0
2.6792008,0,1
2.67970075,0,0
2.68020045,0,1
2.6807004,0,0
2.68120015,0,1
2.68170015,0,0
2.6821999,0,1
2.6826999,0,0
2.68319965,0,1
2.6836996,0,0
2.6841993,0,1
2.68469925,0,0
2.685199,0,1
2.68569895,0,0
2.6861987,0,1
2.68669865,0,0
2.68719835,0,1
2.68769835,0,0
2.68819805,0,1
2.688698,0,0
2.6891977,0,1
2.68969765,0,0
2.6901974,0,1
2.69069735,0,0
2.6911971,0,1
2.69169705,0,0
2.69219675,0,1
2.69269665,0,0
2.69319635,0,1
2.69369625,0,0
2.6941959,0,1
2.69469585,0,0
2.69519555,0,1
2.6956955,0,0
2.6961952,0,1
2.69669515,0,0
2.6971949,0,1
2.6976948,0,0
2.6981945,0,1
2.69869445,0,0
2.69919415,0,1
2.6996941,0,0
2.7001938,0,1
2.70069375,0,0
2.70119345,0,1
2.70169345,0,0
2.7021932,0,1
2.70269315,0,0
2.70319295,0,1
2.70369295,0,0
2.7041927,0,1
2.70469265,0,0
2.70519245,0,1
2.70569245,0,0
2.7061922,0,1
2.7066922,0,0
2.70719195,0,1
2.707692,0,0
2.7081918,0,1
2.70869185,0,0
2.70919165,0,1
2.7096917,0,0
2.71019145,0,1
2.7106915,0,0
2.7111913,0,1
2.71169135,0,0
2.71219115,0,1
2.71269115,0,0
2.7131909,0,1
2.7136909,0,0
2.71419065,0,1
2.71469065,0,0
2.7151904,0,1
2.71569035,0,0
2.7161901,0,1
2.7166901,0,0
2.7171898,0,1
2.7176898,0,0
2.71818955,0,1
2.71868955,0,0
2.71918925,0,1
2.7196893,0,0
2.720189,0,1
2.72068895,0,0
2.72118865,0,1
2.72168865,0,0
2.7221884,0,1
2.7226884,0,0
2.72318815,0,1
2.7236882,0,0
2.72418795,0,1
2.724688,0,0
2.7251878,0,1
2.72568775,0,0
2.7261875,0,1
2.72668745,0,0
2.72718715,0,1
2.72768715,0,0
2.7281869,0,1
2.7286869,0,0
2.7291867,0,1
2.72968665,0,0
2.7301863,0,1
2.7306862,0,0
2.7311859,0,1
2.73168585,0,0
2.73218555,0,1
2.73268555,0,0
2.73318535,0,1
2.73368535,0,0
2.7341851,0,1
2.73468505,0,0
2.7351848,0,1
2.7356848,0,0
2.73618455,0,1
2.7366845,0,0
2.73718425,0,1
2.73768425,0,0
2.738184,0,1
2.738684,0,0
2.7391837,0,1
2.7396836,0,0
2.74018325,0,1
2.7406832,0,0
2.74118285,0,1
2.7416828,0,0
2.7421825,0,1
2.74268245,0,0
2.74318215,0,1
2.7436821,0,0
2.74418185,0,1
2.7446818,0,0
2.74518155,0,1
2.7456815,0,0
2.7461812,0,1
2.7466812,0,0
2.7471809,0,1
2.7476809,0,0
2.74818055,0,1
2.74868055,0,0
2.74918025,0,1
2.74968025,0,0
2.75017995,0,1
2.7506799,0,0
2.75117965,0,1
2.7516796,0,0
2.75217935,0,1
2.7526794,0,0
2.7531791,0,1
2.7536791,0,0
2.7541789,0,1
2.7546789,0,0
2.75517865,0,1
2.75567865,0,0
2.7561784,0,1
2.7566784,0,0
2.75717815,0,1
2.75767815,0,0
2.75817785,0,1
2.75867785,0,0
2.7591776,0,1
2.7596776,0,0
2.7601773,0,1
2.7606773,0,0
2.76117705,0,1
2.76167705,0,0
2.76217675,0,1
2.7626768,0,0
2.7631765,0,1
2.7636765,0,0
2.7641763,0,1
2.7646763,0,0
2.7651761,0,1
2.7656761,0,0
2.76617585,0,1
2.76667585,0,0
2.7671756,0,1
2.7676756,0,0
2.7681754,0,1
2.7686754,0,0
2.76917515,0,1
2.7696751,0,0
2.7701748,0,1
2.77067485,0,0
2.7711746,0,1
2.7716746,0,0
2.7721744,0,1
2.7726744,0,0
2.7731741,0,1
2.77367405,0,0
2.7741738,0,1
2.77467375,0,0
2.77517355,0,1
2.7756735,0,0
2.77617325,0,1
2.7766732,0,0
2.777173,0,1
2.777673,0,0
2.77817275,0,1
2.77867275,0,0
2.77917245,0,1
2.77967245,0,0
2.78017215,0,1
2.78067215,0,0
2.7811719,0,1
2.78167185,0,0
2.7821716,0,1
2.78267155,0,0
2.78317125,0,1
2.7836712,0,0
2.78417095,0,1
2.78467095,0,0
2.78517065,0,1
2.78567065,0,0
2.7861704,0,1
2.7866703,0,0
2.78717005,0,1
2.78767,0,0
2.7881698,0,1
2.7886698,0,0
2.78916955,0,1
2.7896696,0,0
2.7901694,0,1
2.79066945,0,0
2.79116925,0,1
2.79166925,0,0
2.79216905,0,1
2.79266905,0,0
2.7931688,0,1
2.7936688,0,0
2.79416855,0,1
2.79466855,0,0
2.79516835,0,1
2.79566835,0,0
2.7961681,0,1
2.79666815,0,0
2.79716785,0,1
2.7976679,0,0
2.79816765,0,1
2.7986677,0,0
2.7991675,0,1
2.7996675,0,0
2.80016735,0,1
2.8006674,0,0
2.8011672,0,1
2.80166725,0,0
2.8021671,0,1
2.80266715,0,0
2.80316695,0,1
2.8036669,0,0
2.8041667,0,1
2.8046667,0,0
2.8051665,0,1
2.8056665,0,0
2.80616625,0,1
2.80666625,0,0
2.807166,0,1
2.80766605,0,0
2.80816585,0,1
2.80866585,0,0
2.80916565,0,1
2.8096657,0,0
2.8101655,0,1
2.8106655,0,0
2.81116525,0,1
2.81166535,0,0
2.8121651,0,1
2.81266515,0,0
2.8131649,0,1
2.81366495,0,0
2.8141647,0,1
2.81466475,0,0
2.8151645,0,1
2.81566445,0,0
2.8161642,0,1
2.81666415,0,0
2.8171639,0,1
2.81766385,0,0
2.81816355,0,1
2.81866345,0,0
2.8191632,0,1
2.81966315,0,0
2.8201629,0,1
2.8206629,0,0
2.8211626,0,1
2.8216626,0,0
2.82216235,0,1
2.82266235,0,0
2.8231621,0,1
2.8236621,0,0
2.8241619,0,1
2.82466195,0,0
2.8251617,0,1
2.8256618,0,0
2.8261616,0,1
2.82666165,0,0
2.82716145,0,1
2.82766145,0,0
2.8281612,0,1
2.82866115,0,0
2.8291609,0,1
2.82966085,0,0
2.8301606,0,1
2.83066055,0,0
2.83116025,0,1
2.8316602,0,0
2.8321599,0,1
2.8326599,0,0
2.8331596,0,1
2.8336596,0,0
2.8341594,0,1
2.8346594,0,0
2.8351592,0,1
2.83565915,0,0
2.8361589,0,1
2.83665895,0,0
2.83715865,0,1
2.8376587,0,0
2.8381585,0,1
2.83865855,0,0
2.8391583,0,1
2.83965835,0,0
2.84015815,0,1
2.84065815,0,0
2.84115795,0,1
2.841658,0,0
2.8421578,0,1
2.8426578,0,0
2.8431576,0,1
2.84365765,0,0
2.84415745,0,1
2.84465745,0,0
2.8451572,0,1
2.8456572,0,0
2.846157,0,1
2.846657,0,0
2.8471568,0,1
2.8476568,0,0
2.84815655,0,1
2.8486566,0,0
2.84915625,0,1
2.8496562,0,0
2.85015595,0,1
2.85065595,0,0
2.85115575,0,1
2.8516557,0,0
2.85215545,0,1
2.8526554,0,0
2.85315515,0,1
2.8536552,0,0
2.8541549,0,1
2.85465485,0,0
2.8551546,0,1
2.85565465,0,0
2.85615435,0,1
2.85665435,0,0
2.8571541,0,1
2.85765415,0,0
2.8581539,0,1
2.8586539,0,0
2.85915365,0,1
2.8596536,0,0
2.86015335,0,1
2.86065335,0,0
2.8611531,0,1
2.8616531,0,0
2.8621529,0,1
2.8626529,0,0
2.8631527,0,1
2.8636527,0,0
2.8641525,0,1
2.86465255,0,0
2.8651523,0,1
2.86565235,0,0
2.8661522,0,1
2.8666522,0,0
2.867152,0,1
2.867652,0,0
2.86815175,0,1
2.8686518,0,0
2.86915155,0,1
2.8696516,0,0
2.8701514,0,1
2.87065145,0,0
2.8711512,0,1
2.8716512,0,0
2.87215095,0,1
2.87265095,0,0
2.87315075,0,1
2.8736507,0,0
2.87415045,0,1
2.87465045,0,0
2.8751502,0,1
2.87565015,0,0
2.8761499,0,1
2.8766499,0,0
2.8771497,0,1
2.8776497,0,0
2.87814945,0,1
2.87864945,0,0
2.8791492,0,1
2.87964925,0,0
2.880149,0,1
2.88064905,0,0
2.8811488,0,1
2.88164875,0,0
2.88214845,0,1
2.8826484,0,0
2.8831481,0,1
2.88364805,0,0
2.88414785,0,1
2.88464785,0,0
2.88514755,0,1
2.88564755,0,0
2.88614735,0,1
2.8866473,0,0
2.88714705,0,1
2.887647,0,0
2.88814675,0,1
2.88864675,0,0
2.8891465,0,1
2.88964645,0,0
2.89014615,0,1
2.89064615,0,0
2.89114585,0,1
2.8916458,0,0
2.89214555,0,1
2.8926455,0,0
2.8931452,0,1
2.8936452,0,0
2.89414495,0,1
2.89464495,0,0
2.8951447,0,1
2.89564465,0,0
2.8961444,0,1
2.89664435,0,0
2.8971441,0,1
2.89764405,0,0
2.8981438,0,1
2.89864375,0,0
2.8991435,0,1
2.89964345,0,0
2.9001432,0,1
2.90064315,0,0
2.9011429,0,1
2.9016429,0,0
2.9021427,0,1
2.90264265,0,0
2.90314245,0,1
2.90364245,0,0
2.9041422,0,1
2.9046422,0,0
2.90514195,0,1
2.90564195,0,0
2.9061417,0,1
2.90664165,0,0
2.9071414,0,1
2.90764135,0,0
2.9081411,0,1
2.90864105,0,0
2.90914075,0,1
2.9096407,0,0
2.91014045,0,1
2.9106404,0,0
2.9111401,0,1
2.9116401,0,0
2.9121399,0,1
2.91263985,0,0
2.9131396,0,1
2.91363955,0,0
2.9141393,0,1
2.91463935,0,0
2.9151391,0,1
2.91563915,0,0
2.91613895,0,1
2.91663895,0,0
2.9171387,0,1
2.9176387,0,0
2.91813845,0,1
2.9186384,0,0
2.91913815,0,1
2.9196381,0,0
2.9201378,0,1
2.9206378,0,0
2.9211375,0,1
2.9216375,0,0
2.92213725,0,1
2.9226372,0,0
2.92313695,0,1
2.923637,0,0
2.9241367,0,1
2.9246367,0,0
2.9251365,0,1
2.9256365,0,0
2.9261363,0,1
2.9266363,0,0
2.92713605,0,1
2.92763605,0,0
2.9281358,0,1
2.9286358,0,0
2.92913555,0,1
2.92963555,0,0
2.9301353,0,1
2.93063525,0,0
2.931135,0,1
2.93163495,0,0
2.9321347,0,1
2.93263465,0,0
2.9331343,0,1
2.9336343,0,0
2.934134,0,1
2.93463395,0,0
2.9351337,0,1
2.93563365,0,0
2.9361334,0,1
2.9366334,0,0
2.9371331,0,1
2.93763305,0,0
2.9381328,0,1
2.9386328,0,0
2.9391325,0,1
2.93963255,0,0
2.9401324,0,1
2.94063245,0,0
2.94113225,0,1
2.94163225,0,0
2.942132,0,1
2.94263205,0,0
2.94313175,0,1
2.9436317,0,0
2.94413145,0,1
2.9446314,0,0
2.94513115,0,1
2.9456311,0,0
2.9461308,0,1
2.9466307,0,0
2.94713035,0,1
2.9476303,0,0
2.94813,0,1
2.94863,0,0
2.9491298,0,1
2.94962975,0,0
2.9501295,0,1
2.95062945,0,0
2.9511292,0,1
2.95162915,0,0
2.9521288,0,1
2.9526288,0,0
2.9531286,0,1
2.95362855,0,0
2.95412825,0,1
2.9546283,0,0
2.95512805,0,1
2.95562805,0,0
2.95612775,0,1
2.95662765,0,0
2.9571274,0,1
2.95762735,0,0
2.958127,0,1
2.95862695,0,0
2.9591267,0,1
2.9596266,0,0
2.96012635,0,1
2.96062635,0,0
2.96112605,0,1
2.9616261,0,0
2.9621258,0,1
2.9626258,0,0
2.9631255,0,1
2.9636255,0,0
2.9641252,0,1
2.96462515,0,0
2.9651249,0,1
2.96562485,0,0
2.9661246,0,1
2.96662455,0,0
2.9671243,0,1
2.9676243,0,0
2.96812405,0,1
2.96862395,0,0
2.9691237,0,1
2.96962365,0,0
2.9701234,0,1
2.9706234,0,0
2.97112315,0,1
2.9716231,0,0
2.97212285,0,1
2.9726228,0,0
2.97312255,0,1
2.9736225,0,0
2.9741222,0,1
2.97462215,0,0
2.9751219,0,1
2.9756219,0,0
2.9761216,0,1
2.9766216,0,0
2.9771214,0,1
2.9776214,0,0
2.9781212,0,1
2.9786212,0,0
2.97912095,0,1
2.97962095,0,0
2.9801206,0,1
2.9806206,0,0
2.98112035,0,1
2.9816203,0,0
2.98212,0,1
2.98262,0,0
2.98311975,0,1
2.9836197,0,0
2.9841194,0,1
2.9846194,0,0
2.9851191,0,1
2.9856191,0,0
2.9861188,0,1
2.98661875,0,0
2.9871185,0,1
2.9876185,0,0
2.9881182,0,1
2.9886182,0,0
2.98911795,0,1
2.9896179,0,0
2.9901176,0,1
2.9906176,0,0
2.99111735,0,1
2.9916173,0,0
2.99211705,0,1
2.992617,0,0
2.9931167,0,1
2.99361665,0,0
2.99411635,0,1
2.9946163,0,0
2.99511595,0,1
2.99561595,0,0
2.9961157,0,1
2.9966157,0,0
2.99711545,0,1
2.9976154,0,0
2.99811515,0,1
2.99861515,0,0
2.9991149,0,1
2.99961485,0,0
3.00011455,0,1
3.00061455,0,0
3.00111425,0,1
3.0016142,0,0
3.0021139,0,1
3.00261385,0,0
3.0031136,0,1
3.0036136,0,0
3.0041133,0,1
3.00461335,0,0
3.0051131,0,1
3.0056131,0,0
3.0061128,0,1
3.0066128,0,0
3.0071125,0,1
3.0076125,0,0
3.00811215,0,1
3.00861215,0,0
3.0091119,0,1
3.0096119,0,0
3.0101117,0,1
3.0106117,0,0
3.0111115,0,1
3.01161155,0,0
3.0121113,0,1
3.01261135,0,0
3.01311115,0,1
3.0136112,0,0
3.01411095,0,1
3.01461095,0,0
3.01511065,0,1
3.0156107,0,0
3.0161104,0,1
3.01661045,0,0
3.01711025,0,1
3.01761025,0,0
3.01811,0,1
3.01860995,0,0
3.0191097,0,1
3.0196096,0,0
3.0201093,0,1
3.0206092,0,0
3.0211089,0,1
3.02160885,0,0
3.0221086,0,1
3.0226086,0,0
3.0231083,0,1
3.02360825,0,0
3.024108,0,1
3.02460795,0,0
3.02510765,0,1
3.02560765,0,0
3.02610735,0,1
3.0266073,0,0
3.02710705,0,1
3.027607,0,0
3.0281067,0,1
3.02860665,0,0
3.02910635,0,1
3.02960635,0,0
3.03010605,0,1
3.03060595,0,0
3.03110565,0,1
3.0316056,0,0
3.03210525,0,1
3.0326052,0,0
3.0331049,0,1
3.03360485,0,0
3.03410455,0,1
3.03460445,0,0
3.03510415,0,1
3.0356041,0,0
3.0361038,0,1
3.0366037,0,0
3.0371034,0,1
3.0376033,0,0
3.038103,0,1
3.038603,0,0
3.0391027,0,1
3.03960265,0,0
3.0401024,0,1
3.04060235,0,0
3.04110205,0,1
3.041602,0,0
3.0421016,0,1
3.0426016,0,0
3.04310135,0,1
3.04360125,0,0
3.04410095,0,1
3.0446009,0,0
3.0451006,0,1
3.04560055,0,0
3.0461003,0,1
3.0466003,0,0
3.0471001,0,1
3.04760015,0,0
3.04809985,0,1
3.04859985,0,0
3.0490996,0,1
3.04959955,0,0
3.0500993,0,1
3.0505993,0,0
3.05109905,0,1
3.051599,0,0
3.05209875,0,1
3.0525987,0,0
3.0530984,0,1
3.0535984,0,0
3.05409815,0,1
3.0545981,0,0
3.05509785,0,1
3.05559785,0,0
3.0560976,0,1
3.05659755,0,0
3.0570973,0,1
3.0575973,0,0
3.05809705,0,1
3.05859705,0,0
3.0590968,0,1
3.0595968,0,0
3.0600965,0,1
3.0605965,0,0
3.0610962,0,1
3.06159615,0,0
3.0620959,0,1
3.0625959,0,0
3.0630956,0,1
3.0635956,0,0
3.0640953,0,1
3.06459525,0,0
3.065095,0,1
3.065595,0,0
3.0660947,0,1
3.06659475,0,0
3.06709445,0,1
3.06759445,0,0
3.06809415,0,1
3.06859415,0,0
3.0690939,0,1
3.0695939,0,0
3.07009365,0,1
3.07059365,0,0
3.07109335,0,1
3.07159335,0,0
3.0720931,0,1
3.07259305,0,0
3.0730928,0,1
3.0735928,0,0
3.07409255,0,1
3.07459255,0,0
3.07509225,0,1
3.0755922,0,0
3.07609195,0,1
3.07659195,0,0
3.0770917,0,1
3.0775917,0,0
3.07809145,0,1
3.0785914,0,0
3.0790911,0,1
3.0795911,0,0
3.08009085,0,1
3.0805908,0,0
3.08109055,0,1
3.0815905,0,0
3.08209025,0,1
3.08259025,0,0
3.08309,0,1
3.08359,0,0
3.08408975,0,1
3.0845897,0,0
3.08508945,0,1
3.0855894,0,0
3.08608915,0,1
3.0865891,0,0
3.08708875,0,1
3.08758875,0,0
3.0880884,0,1
3.0885883,0,0
3.089088,0,1
3.08958795,0,0
3.09008765,0,1
3.09058765,0,0
3.09108735,0,1
3.0915873,0,0
3.092087,0,1
3.092587,0,0
3.0930867,0,1
3.09358665,0,0
3.09408635,0,1
3.0945863,0,0
3.095086,0,1
3.09558595,0,0
3.0960857,0,1
3.0965856,0,0
3.0970853,0,1
3.09758525,0,0
3.098085,0,1
3.0985849,0,0
3.09908455,0,1
3.0995845,0,0
3.10008425,0,1
3.1005842,0,0
3.10108395,0,1
3.1015839,0,0
3.1020836,0,1
3.10258355,0,0
3.1030833,0,1
3.10358325,0,0
3.10408295,0,1
3.10458285,0,0
3.1050825,0,1
3.1055825,0,0
3.1060822,0,1
3.10658215,0,0
3.10708185,0,1
3.1075818,0,0
3.1080815,0,1
3.1085815,0,0
3.1090812,0,1
3.1095811,0,0
3.1100808,0,1
3.11058075,0,0
3.11108045,0,1
3.1115804,0,0
3.1120801,0,1
3.11258,0,0
3.1130797,0,1
3.1135796,0,0
3.1140793,0,1
3.1145792,0,0
3.1150789,0,1
3.11557885,0,0
3.11607855,0,1
3.1165785,0,0
3.11707825,0,1
3.1175782,0,0
3.11807785,0,1
3.1185778,0,0
3.1190775,0,1
3.11957745,0,0
3.12007715,0,1
3.1205771,0,0
3.1210768,0,1
3.12157675,0,0
3.1220765,0,1
3.12257645,0,0
3.1230762,0,1
3.1235762,0,0
3.1240759,0,1
3.12457585,0,0
3.12507555,0,1
3.1255755,0,0
3.12607515,0,1
3.12657505,0,0
3.12707475,0,1
3.12757475,0,0
3.1280744,0,1
3.12857435,0,0
3.12907405,0,1
3.12957395,0,0
3.1300736,0,1
3.1305735,0,0
3.1310732,0,1
3.1315731,0,0
3.1320728,0,1
3.13257275,0,0
3.13307245,0,1
3.1335724,0,0
3.1340721,0,1
3.13457205,0,0
3.13507175,0,1
3.1355717,0,0
3.13607145,0,1
3.13657145,0,0
3.13707115,0,1
3.1375711,0,0
3.1380708,0,1
3.1385708,0,0
3.13907055,0,1
3.1395705,0,0
3.14007025,0,1
3.1405702,0,0
3.1410699,0,1
3.14156985,0,0
3.14206955,0,1
3.1425695,0,0
3.1430692,0,1
3.14356915,0,0
3.14406885,0,1
3.14456885,0,0
3.1450685,0,1
3.14556845,0,0
3.14606815,0,1
3.14656805,0,0
3.1470678,0,1
3.1475678,0,0
3.14806755,0,1
3.14856755,0,0
3.14906725,0,1
3.1495672,0,0
3.1500669,0,1
3.15056685,0,0
3.1510666,0,1
3.1515666,0,0
3.1520663,0,1
3.1525663,0,0
3.153066,0,1
3.153566,0,0
3.1540657,0,1
3.15456575,0,0
3.1550655,0,1
3.15556545,0,0
3.1560652,0,1
3.1565652,0,0
3.15706495,0,1
3.1575649,0,0
3.1580646,0,1
3.1585646,0,0
3.15906435,0,1
3.15956425,0,0
3.1600639,0,1
3.16056385,0,0
3.16106355,0,1
3.16156345,0,0
3.16206315,0,1
3.1625631,0,0
3.1630627,0,1
3.1635626,0,0
3.1640623,0,1
3.1645622,0,0
3.1650618,0,1
3.16556175,0,0
3.16606145,0,1
3.16656135,0,0
3.167061,0,1
3.16756095,0,0
3.16806065,0,1
3.1685606,0,0
3.1690603,0,1
3.16956025,0,0
3.17005995,0,1
3.1705599,0,0
3.1710596,0,1
3.1715595,0,0
3.1720592,0,1
3.17255915,0,0
3.1730589,0,1
3.1735589,0,0
3.17405855,0,1
3.17455855,0,0
3.17505825,0,1
3.1755582,0,0
3.17605795,0,1
3.17655795,0,0
3.1770577,0,1
3.1775577,0,0
3.17805745,0,1
3.17855745,0,0
3.1790571,0,1
3.17955705,0,0
3.1800567,0,1
3.18055665,0,0
3.18105635,0,1
3.1815563,0,0
3.182056,0,1
3.18255595,0,0
3.1830556,0,1
3.1835555,0,0
3.1840551,0,1
3.184555,0,0
3.1850547,0,1
3.18555455,0,0
3.18605415,0,1
3.18655405,0,0
3.1870537,0,1
3.18755355,0,0
3.18805315,0,1
3.188553,0,0
3.1890526,0,1
3.1895525,0,0
3.19005215,0,1
3.19055215,0,0
3.19105185,0,1
3.19155175,0,0
3.19205145,0,1
3.1925514,0,0
3.19305105,0,1
3.19355095,0,0
3.19405065,0,1
3.19455055,0,0
3.19505025,0,1
3.19555015,0,0
3.19604985,0,1
3.1965498,0,0
3.19704945,0,1
3.19754945,0,0
3.1980491,0,1
3.19854905,0,0
3.1990487,0,1
3.19954865,0,0
3.20004835,0,1
3.2005483,0,0
3.201048,0,1
3.20154795,0,0
3.2020476,0,1
3.2025475,0,0
3.2030472,0,1
3.2035471,0,0
3.20404675,0,1
3.20454665,0,0
3.20504635,0,1
3.2055463,0,0
3.206046,0,1
3.20654595,0,0
3.20704565,0,1
3.2075456,0,0
3.2080453,0,1
3.2085452,0,0
3.2090449,0,1
3.2095448,0,0
3.2100445,0,1
3.21054445,0,0
3.21104415,0,1
3.2115441,0,0
3.2120438,0,1
3.21254375,0,0
3.21304345,0,1
3.2135434,0,0
3.21404305,0,1
3.21454295,0,0
3.21504265,0,1
3.21554255,0,0
3.21604225,0,1
3.21654215,0,0
3.21704185,0,1
3.2175418,0,0
3.21804145,0,1
3.2185414,0,0
3.2190411,0,1
3.21954105,0,0
3.2200408,0,1
3.22054075,0,0
3.2210404,0,1
3.22154035,0,0
3.22204,0,1
3.22253995,0,0
3.2230396,0,1
3.22353945,0,0
3.2240391,0,1
3.22453895,0,0
3.22503855,0,1
3.22553845,0,0
3.2260381,0,1
3.226538,0,0
3.2270377,0,1
3.2275376,0,0
3.22803725,0,1
3.2285372,0,0
3.2290369,0,1
3.2295368,0,0
3.2300365,0,1
3.23053645,0,0
3.2310361,0,1
3.231536,0,0
3.23203565,0,1
3.2325356,0,0
3.23303525,0,1
3.23353515,0,0
3.2340348,0,1
3.23453475,0,0
3.23503445,0,1
3.2355344,0,0
3.2360341,0,1
3.23653405,0,0
3.23703375,0,1
3.2375337,0,0
3.23803345,0,1
3.23853335,0,0
3.2390331,0,1
3.2395331,0,0
3.2400328,0,1
3.2405327,0,0
3.2410324,0,1
3.2415324,0,0
3.2420321,0,1
3.24253205,0,0
3.2430318,0,1
3.2435318,0,0
3.24403155,0,1
3.2445315,0,0
3.24503125,0,1
3.2455312,0,0
3.24603095,0,1
3.2465309,0,0
3.24703065,0,1
3.2475306,0,0
3.24803035,0,1
3.2485303,0,0
3.24903,0,1
3.24952995,0,0
3.2500297,0,1
3.25052965,0,0
3.25102935,0,1
3.2515293,0,0
3.25202905,0,1
3.25252905,0,0
3.2530288,0,1
3.2535288,0,0
3.2540285,0,1
3.2545285,0,0
3.25502825,0,1
3.25552815,0,0
3.2560279,0,1
3.25652785,0,0
3.2570276,0,1
3.25752755,0,0
3.2580273,0,1
3.25852725,0,0
3.259027,0,1
3.259527,0,0
3.26002675,0,1
3.26052675,0,0
3.2610265,0,1
3.26152645,0,0
3.2620262,0,1
3.26252615,0,0
3.2630259,0,1
3.26352585,0,0
3.2640256,0,1
3.26452555,0,0
3.2650252,0,1
3.2655252,0,0
3.2660249,0,1
3.26652485,0,0
3.26702455,0,1
3.26752445,0,0
3.2680241,0,1
3.268524,0,0
3.2690237,0,1
3.2695236,0,0
3.2700233,0,1
3.2705232,0,0
3.2710229,0,1
3.27152285,0,0
3.2720225,0,1
3.2725224,0,0
3.2730221,0,1
3.273522,0,0
3.2740217,0,1
3.2745216,0,0
3.2750213,0,1
3.27552125,0,0
3.27602095,0,1
3.2765209,0,0
3.2770206,0,1
3.27752055,0,0
3.27802025,0,1
3.27852025,0,0
3.27901995,0,1
3.2795199,0,0
3.2800196,0,1
3.2805195,0,0
3.2810192,0,1
3.28151915,0,0
3.28201885,0,1
3.28251875,0,0
3.2830184,0,1
3.2835183,0,0
3.28401795,0,1
3.2845179,0,0
3.2850176,0,1
3.28551755,0,0
3.28601725,0,1
3.28651715,0,0
3.28701685,0,1
3.28751675,0,0
3.28801645,0,1
3.28851645,0,0
3.28901615,0,1
3.28951615,0,0
3.29001585,0,1
3.29051585,0,0
3.2910155,0,1
3.2915155,0,0
3.2920152,0,1
3.2925151,0,0
3.2930148,0,1
3.29351475,0,0
3.2940144,0,1
3.2945143,0,0
3.29501405,0,1
3.295514,0,0
3.29601365,0,1
3.2965136,0,0
3.2970133,0,1
3.29751325,0,0
3.2980129,0,1
3.29851285,0,0
3.29901255,0,1
3.29951245,0,0
3.3000122,0,1
3.30051215,0,0
3.30101185,0,1
3.30151185,0,0
3.30201155,0,1
3.30251155,0,0
3.3030113,0,1
3.3035113,0,0
3.304011,0,1
3.30451095,0,0
3.30501065,0,1
3.3055106,0,0
3.3060103,0,1
3.30651025,0,0
3.30701,0,1
3.30750995,0,0
3.3080097,0,1
3.30850965,0,0
3.3090093,0,1
3.3095093,0,0
3.310009,0,1
3.31050895,0,0
3.31100865,0,1
3.3115086,0,0
3.3120083,0,1
3.31250825,0,0
3.313008,0,1
3.313508,0,0
3.31400775,0,1
3.31450775,0,0
3.31500745,0,1
3.31550745,0,0
3.31600715,0,1
3.3165071,0,0
3.31700685,0,1
3.31750685,0,0
3.31800655,0,1
3.3185066,0,0
3.31900635,0,1
3.31950635,0,0
3.32000605,0,1
3.32050605,0,0
3.32100575,0,1
3.32150565,0,0
3.32200535,0,1
3.32250535,0,0
3.3230051,0,1
3.32350505,0,0
3.3240048,0,1
3.3245048,0,0
3.32500455,0,1
3.32550455,0,0
3.32600425,0,1
3.32650425,0,0
3.32700395,0,1
3.32750395,0,0
3.3280037,0,1
3.32850365,0,0
3.3290034,0,1
3.32950335,0,0
3.3300031,0,1
3.3305031,0,0
3.33100285,0,1
3.33150285,0,0
3.3320026,0,1
3.3325026,0,0
3.3330023,0,1
3.3335023,0,0
3.3340021,0,1
3.3345021,0,0
3.3350018,0,1
3.33550185,0,0
3.3360016,0,1
3.33650155,0,0
3.33700125,0,1
3.3375012,0,0
3.3380009,0,1
3.3385009,0,0
3.33900065,0,1
3.3395007,0,0
3.34000045,0,1
3.34050045,0,0
3.3410002,0,1
3.34150015,0,0
3.34199985,0,1
3.3424998,0,0
3.3429995,0,1
3.34349945,0,0
3.34399915,0,1
3.3444991,0,0
3.3449988,0,1
3.3454988,0,0
3.3459985,0,1
3.3464985,0,0
3.3469982,0,1
3.34749815,0,0
3.3479978,0,1
3.3484977,0,0
3.3489974,0,1
3.34949735,0,0
3.3499971,0,1
3.35049705,0,0
3.3509968,0,1
3.35149675,0,0
3.35199645,0,1
3.35249645,0,0
3.35299615,0,1
3.3534961,0,0
3.35399585,0,1
3.35449585,0,0
3.35499555,0,1
3.3554955,0,0
3.35599525,0,1
3.3564952,0,0
3.35699495,0,1
3.3574949,0,0
3.3579946,0,1
3.35849455,0,0
3.35899425,0,1
3.35949425,0,0
3.359994,0,1
3.360494,0,0
3.3609937,0,1
3.36149375,0,0
3.36199345,0,1
3.36249345,0,0
3.36299315,0,1
3.36349315,0,0
3.3639929,0,1
3.36449285,0,0
3.3649925,0,1
3.36549245,0,0
3.36599215,0,1
3.36649205,0,0
3.36699175,0,1
3.3674917,0,0
3.3679914,0,1
3.3684914,0,0
3.3689911,0,1
3.3694911,0,0
3.36999085,0,1
3.3704908,0,0
3.3709905,0,1
3.37149045,0,0
3.37199015,0,1
3.37249015,0,0
3.3729898,0,1
3.37348975,0,0
3.37398945,0,1
3.3744894,0,0
3.37498915,0,1
3.3754891,0,0
3.37598885,0,1
3.3764888,0,0
3.37698855,0,1
3.3774885,0,0
3.37798825,0,1
3.3784882,0,0
3.3789879,0,1
3.37948785,0,0
3.37998755,0,1
3.38048755,0,0
3.3809872,0,1
3.38148715,0,0
3.38198685,0,1
3.3824868,0,0
3.3829866,0,1
3.38348655,0,0
3.3839863,0,1
3.3844863,0,0
3.384986,0,1
3.385486,0,0
3.38598575,0,1
3.3864857,0,0
3.3869854,0,1
3.3874854,0,0
3.38798515,0,1
3.3884851,0,0
3.3889848,0,1
3.3894848,0,0
3.38998455,0,1
3.39048455,0,0
3.3909843,0,1
3.3914843,0,0
3.39198405,0,1
3.392484,0,0
3.3929837,0,1
3.3934837,0,0
3.3939834,0,1
3.39448345,0,0
3.3949832,0,1
3.3954832,0,0
3.3959829,0,1
3.3964829,0,0
3.39698265,0,1
3.3974826,0,0
3.39798235,0,1
3.3984823,0,0
3.398982,0,1
3.399482,0,0
3.39998175,0,1
3.40048175,0,0
3.40098145,0,1
3.4014814,0,0
3.40198115,0,1
3.40248105,0,0
3.4029808,0,1
3.4034808,0,0
3.40398055,0,1
3.4044805,0,0
3.40498025,0,1
3.40548015,0,0
3.40597985,0,1
3.4064798,0,0
3.4069795,0,1
3.4074794,0,0
3.4079791,0,1
3.40847905,0,0
3.40897875,0,1
3.40947865,0,0
3.40997835,0,1
3.41047835,0,0
3.41097805,0,1
3.41147805,0,0
3.4119778,0,1
3.41247775,0,0
3.41297745,0,1
3.4134774,0,0
3.4139771,0,1
3.41447705,0,0
3.41497675,0,1
3.4154767,0,0
3.41597645,0,1
3.41647645,0,0
3.4169762,0,1
3.41747615,0,0
3.41797595,0,1
3.4184759,0,0
3.4189757,0,1
3.4194757,0,0
3.4199755,0,1
3.4204755,0,0
3.42097525,0,1
3.4214753,0,0
3.421975,0,1
3.422475,0,0
3.42297475,0,1
3.4234747,0,0
3.42397445,0,1
3.4244744,0,0
3.42497415,0,1
3.4254741,0,0
3.42597385,0,1
3.42647385,0,0
3.42697355,0,1
3.42747355,0,0
3.42797325,0,1
3.4284732,0,0
3.4289729,0,1
3.4294728,0,0
3.4299725,0,1
3.4304725,0,0
3.4309722,0,1
3.43147215,0,0
3.4319718,0,1
3.43247175,0,0
3.43297145,0,1
3.43347145,0,0
3.43397115,0,1
3.43447115,0,0
3.4349709,0,1
3.43547085,0,0
3.4359706,0,1
3.43647055,0,0
3.43697025,0,1
3.43747015,0,0
3.43796985,0,1
3.4384698,0,0
3.43896955,0,1
3.4394695,0,0
3.4399692,0,1
3.44046915,0,0
3.4409689,0,1
3.4414689,0,0
3.44196865,0,1
3.4424686,0,0
3.44296835,0,1
3.4434684,0,0
3.44396815,0,1
3.44446815,0,0
3.4449679,0,1
3.44546785,0,0
3.4459676,0,1
3.44646755,0,0
3.4469673,0,1
3.4474673,0,0
3.4479671,0,1
3.4484671,0,0
3.44896685,0,1
3.44946685,0,0
3.4499666,0,1
3.4504666,0,0
3.45096635,0,1
3.45146635,0,0
3.451966,0,1
3.45246605,0,0
3.4529658,0,1
3.4534658,0,0
3.4539656,0,1
3.4544656,0,0
3.45496535,0,1
3.45546535,0,0
3.45596515,0,1
3.4564652,0,0
3.45696495,0,1
3.45746495,0,0
3.4579647,0,1
3.4584647,0,0
3.4589645,0,1
3.4594645,0,0
3.45996425,0,1
3.4604642,0,0
3.4609639,0,1
3.46146385,0,0
3.46196355,0,1
3.4624635,0,0
3.4629632,0,1
3.46346315,0,0
3.46396285,0,1
3.4644628,0,0
3.4649625,0,1
3.4654624,0,0
3.46596215,0,1
3.4664621,0,0
3.46696185,0,1
3.46746185,0,0
3.4679616,0,1
3.46846155,0,0
3.4689613,0,1
3.46946135,0,0
3.4699611,0,1
3.47046115,0,0
3.47096095,0,1
3.471461,0,0
3.47196075,0,1
3.47246075,0,0
3.47296045,0,1
3.4734604,0,0
3.4739601,0,1
3.47446005,0,0
3.4749598,0,1
3.4754598,0,0
3.47595955,0,1
3.4764595,0,0
3.4769592,0,1
3.4774592,0,0
3.47795895,0,1
3.4784589,0,0
3.4789586,0,1
3.4794585,0,0
3.4799582,0,1
3.4804581,0,0
3.48095775,0,1
3.4814577,0,0
3.4819574,0,1
3.4824573,0,0
3.482957,0,1
3.4834569,0,0
3.4839566,0,1
3.4844565,0,0
3.48495615,0,1
3.48545605,0,0
3.48595575,0,1
3.4864557,0,0
3.48695535,0,1
3.48745525,0,0
3.48795495,0,1
3.4884549,0,0
3.4889546,0,1
3.4894546,0,0
3.4899543,0,1
3.4904542,0,0
3.4909539,0,1
3.4914538,0,0
3.4919535,0,1
3.49245345,0,0
3.49295315,0,1
3.4934531,0,0
3.4939528,0,1
3.4944528,0,0
3.49495245,0,1
3.49545235,0,0
3.49595205,0,1
3.49645195,0,0
3.4969517,0,1
3.4974516,0,0
3.4979513,0,1
3.49845125,0,0
3.49895095,0,1
3.49945095,0,0
3.49995065,0,1
3.5004505,0,0
3.50095015,0,1
3.5014501,0,0
3.50194985,0,1
3.50244975,0,0
3.50294945,0,1
3.5034494,0,0
3.5039491,0,1
3.50444905,0,0
3.5049488,0,1
3.5054487,0,0
3.5059484,0,1
3.50644835,0,0
3.50694805,0,1
3.50744795,0,0
3.5079476,0,1
3.50844755,0,0
3.5089472,0,1
3.5094471,0,0
3.50994685,0,1
3.51044675,0,0
3.51094645,0,1
3.5114464,0,0
3.51194605,0,1
3.512446,0,0
3.51294575,0,1
3.5134457,0,0
3.5139454,0,1
3.51444535,0,0
3.514945,0,1
3.515445,0,0
3.51594465,0,1
3.5164445,0,0
3.5169442,0,1
3.5174441,0,0
3.51794385,0,1
3.5184438,0,0
3.5189436,0,1
3.51944355,0,0
3.51994325,0,1
3.52044325,0,0
3.52094295,0,1
3.521443,0,0
3.5219427,0,1
3.5224427,0,0
3.5229424,0,1
3.52344235,0,0
3.52394205,0,1
3.52444195,0,0
3.52494165,0,1
3.5254416,0,0
3.5259413,0,1
3.5264413,0,0
3.526941,0,1
3.5274409,0,0
3.52794055,0,1
3.5284405,0,0
3.5289402,0,1
3.5294401,0,0
3.52993985,0,1
3.5304398,0,0
3.5309395,0,1
3.53143945,0,0
3.53193915,0,1
3.5324391,0,0
3.5329388,0,1
3.53343875,0,0
3.53393845,0,1
3.5344384,0,0
3.5349381,0,1
3.53543805,0,0
3.53593775,0,1
3.53643765,0,0
3.53693735,0,1
3.5374373,0,0
3.537937,0,1
3.53843695,0,0
3.5389367,0,1
3.5394366,0,0
3.5399363,0,1
3.54043625,0,0
3.54093595,0,1
3.5414359,0,0
3.54193555,0,1
3.5424355,0,0
3.5429352,0,1
3.54343515,0,0
3.5439349,0,1
3.5444349,0,0
3.5449346,0,1
3.5454345,0,0
3.5459342,0,1
3.54643415,0,0
3.5469338,0,1
3.54743365,0,0
3.54793335,0,1
3.5484333,0,0
3.548933,0,1
3.54943295,0,0
3.5499327,0,1
3.55043265,0,0
3.55093235,0,1
3.5514323,0,0
3.55193205,0,1
3.55243195,0,0
3.55293165,0,1
3.5534316,0,0
3.55393125,0,1
3.55443115,0,0
3.55493085,0,1
3.5554307,0,0
3.55593035,0,1
3.5564303,0,0
3.55693,0,1
3.55742995,0,0
3.5579296,0,1
3.55842955,0,0
3.55892925,0,1
3.55942915,0,0
3.55992885,0,1
3.5604288,0,0
3.5609285,0,1
3.56142845,0,0
3.56192815,0,1
3.5624281,0,0
3.5629278,0,1
3.5634278,0,0
3.5639275,0,1
3.56442745,0,0
3.56492715,0,1
3.56542715,0,0
3.5659269,0,1
3.56642685,0,0
3.5669266,0,1
3.5674266,0,0
3.56792635,0,1
3.56842635,0,0
3.5689261,0,1
3.56942615,0,0
3.5699259,0,1
3.57042585,0,0
3.5709256,0,1
3.5714256,0,0
3.5719254,0,1
3.57242545,0,0
3.5729252,0,1
3.5734252,0,0
3.573925,0,1
3.57442505,0,0
3.5749248,0,1
3.5754248,0,0
3.57592455,0,1
3.57642455,0,0
3.57692435,0,1
3.5774243,0,0
3.57792405,0,1
3.57842405,0,0
3.57892385,0,1
3.57942385,0,0
3.57992365,0,1
3.58042365,0,0
3.5809234,0,1
3.5814234,0,0
3.58192315,0,1
3.58242315,0,0
3.5829229,0,1
3.58342285,0,0
3.5839226,0,1
3.58442255,0,0
3.58492225,0,1
3.58542225,0,0
3.58592195,0,1
3.5864219,0,0
3.58692165,0,1
3.58742165,0,0
3.5879214,0,1
3.5884214,0,0
3.58892115,0,1
3.58942115,0,0
3.58992085,0,1
3.59042085,0,0
3.59092065,0,1
3.59142065,0,0
3.5919204,0,1
3.5924204,0,0
3.59292015,0,1
3.5934201,0,0
3.5939198,0,1
3.5944198,0,0
3.59491955,0,1
3.5954196,0,0
3.59591935,0,1
3.5964194,0,0
3.59691915,0,1
3.59741925,0,0
3.59791905,0,1
3.5984191,0,0
3.5989189,0,1
3.5994189,0,0
3.5999187,0,1
3.60041875,0,0
3.60091855,0,1
3.60141865,0,0
3.60191845,0,1
3.60241845,0,0
3.60291825,0,1
3.6034183,0,0
3.60391805,0,1
3.60441805,0,0
3.6049178,0,1
3.60541785,0,0
3.6059176,0,1
3.60641765,0,0
3.60691745,0,1
3.60741745,0,0
3.6079172,0,1
3.60841725,0,0
3.60891705,0,1
3.6094171,0,0
3.60991685,0,1
3.61041685,0,0
3.61091665,0,1
3.61141665,0,0
3.6119164,0,1
3.6124164,0,0
3.61291615,0,1
3.61341615,0,0
3.61391585,0,1
3.6144159,0,0
3.61491565,0,1
3.61541565,0,0
3.61591535,0,1
3.61641535,0,0
3.61691505,0,1
3.61741505,0,0
3.61791475,0,1
3.6184147,0,0
3.61891445,0,1
3.6194144,0,0
3.6199141,0,1
3.620414,0,0
3.6209137,0,1
3.62141365,0,0
3.6219134,0,1
3.6224133,0,0
3.622913,0,1
3.62341295,0,0
3.6239127,0,1
3.6244127,0,0
3.6249125,0,1
3.6254125,0,0
3.62591225,0,1
3.6264122,0,0
3.62691195,0,1
3.6274119,0,0
3.62791165,0,1
3.62841165,0,0
3.62891135,0,1
3.62941135,0,0
3.62991105,0,1
3.63041105,0,0
3.6309108,0,1
3.6314108,0,0
3.63191055,0,1
3.63241055,0,0
3.63291025,0,1
3.63341025,0,0
3.63390995,0,1
3.6344099,0,0
3.63490965,0,1
3.63540965,0,0
3.63590935,0,1
3.6364093,0,0
3.636909,0,1
3.637409,0,0
3.6379087,0,1
3.6384086,0,0
3.63890835,0,1
3.6394083,0,0
3.639908,0,1
3.64040795,0,0
3.6409076,0,1
3.64140755,0,0
3.6419072,0,1
3.64240715,0,0
3.64290685,0,1
3.6434068,0,0
3.64390655,0,1
3.6444065,0,0
3.6449062,0,1
3.6454062,0,0
3.64590595,0,1
3.6464059,0,0
3.64690565,0,1
3.64740565,0,0
3.64790535,0,1
3.64840535,0,0
3.64890505,0,1
3.649405,0,0
3.64990475,0,1
3.65040475,0,0
3.6509045,0,1
3.65140445,0,0
3.6519042,0,1
3.65240415,0,0
3.65290385,0,1
3.65340385,0,0
3.6539036,0,1
3.65440355,0,0
3.65490325,0,1
3.65540325,0,0
3.65590295,0,1
3.65640295,0,0
3.65690265,0,1
3.6574026,0,0
3.6579023,0,1
3.65840225,0,0
3.65890195,0,1
3.65940195,0,0
3.65990165,0,1
3.66040165,0,0
3.66090135,0,1
3.66140135,0,0
3.66190105,0,1
3.66240105,0,0
3.6629007,0,1
3.66340065,0,0
3.6639004,0,1
3.66440035,0,0
3.6649001,0,1
3.6654,0,0
3.66589975,0,1
3.66639965,0,0
3.6668994,0,1
3.66739935,0,0
3.6678991,0,1
3.6683991,0,0
3.66889885,0,1
3.6693988,0,0
3.6698985,0,1
3.6703985,0,0
3.6708982,0,1
3.67139815,0,0
3.67189785,0,1
3.6723978,0,0
3.6728975,0,1
3.6733975,0,0
3.67389725,0,1
3.6743972,0,0
3.67489695,0,1
3.67539695,0,0
3.67589665,0,1
3.67639665,0,0
3.67689635,0,1
3.6773963,0,0
3.67789605,0,1
3.678396,0,0
3.6788957,0,1
3.6793957,0,0
3.67989545,0,1
3.68039545,0,0
3.6808952,0,1
3.6813952,0,0
3.68189495,0,1
3.68239495,0,0
3.6828947,0,1
3.68339475,0,0
3.6838945,0,1
3.6843945,0,0
3.68489425,0,1
3.68539425,0,0
3.685894,0,1
3.686394,0,0
3.6868938,0,1
3.68739375,0,0
3.6878935,0,1
3.68839345,0,0
3.68889315,0,1
3.6893931,0,0
3.6898928,0,1
3.69039275,0,0
3.69089245,0,1
3.6913924,0,0
3.6918921,0,1
3.692392,0,0
3.6928917,0,1
3.69339165,0,0
3.6938913,0,1
3.6943912,0,0
3.6948909,0,1
3.6953908,0,0
3.6958905,0,1
3.69639045,0,0
3.69689015,0,1
3.69739015,0,0
3.6978899,0,1
3.6983899,0,0
3.6988897,0,1
3.6993897,0,0
3.6998894,0,1
3.70038935,0,0
3.7008891,0,1
3.70138905,0,0
3.70188875,0,1
3.70238875,0,0
3.70288845,0,1
3.7033884,0,0
3.7038881,0,1
3.7043881,0,0
3.7048878,0,1
3.70538775,0,0
3.7058875,0,1
3.70638745,0,0
3.70688715,0,1
3.70738705,0,0
3.70788675,0,1
3.70838675,0,0
3.7088865,0,1
3.70938655,0,0
3.7098863,0,1
3.71038625,0,0
3.71088605,0,1
3.71138605,0,0
3.7118858,0,1
3.7123858,0,0
3.7128855,0,1
3.7133855,0,0
3.7138852,0,1
3.7143852,0,0
3.7148849,0,1
3.7153849,0,0
3.7158846,0,1
3.71638455,0,0
3.71688425,0,1
3.7173842,0,0
3.7178839,0,1
3.71838385,0,0
3.71888355,0,1
3.71938345,0,0
3.7198831,0,1
3.72038305,0,0
3.72088275,0,1
3.72138265,0,0
3.7218823,0,1
3.7223822,0,0
3.7228819,0,1
3.7233818,0,0
3.7238815,0,1
3.72438145,0,0
3.7248811,0,1
3.725381,0,0
3.7258807,0,1
3.7263806,0,0
3.72688025,0,1
3.7273802,0,0
3.72787985,0,1
3.72837975,0,0
3.72887945,0,1
3.7293794,0,0
3.72987905,0,1
3.730379,0,0
3.7308787,0,1
3.7313787,0,0
3.7318784,0,1
3.7323784,0,0
3.7328781,0,1
3.733378,0,0
3.7338777,0,1
3.7343776,0,0
3.73487725,0,1
3.73537715,0,0
3.7358768,0,1
3.7363767,0,0
3.73687635,0,1
3.73737625,0,0
3.7378759,0,1
3.7383758,0,0
3.73887545,0,1
3.7393754,0,0
3.73987505,0,1
3.74037505,0,0
3.7408747,0,1
3.74137475,0,0
3.74187445,0,1
3.7423744,0,0
3.74287415,0,1
3.7433741,0,0
3.74387385,0,1
3.7443738,0,0
3.7448735,0,1
3.74537345,0,0
3.7458732,0,1
3.7463732,0,0
3.7468729,0,1
3.74737285,0,0
3.74787255,0,1
3.74837255,0,0
3.74887225,0,1
3.74937215,0,0
3.74987185,0,1
3.75037185,0,0
3.75087155,0,1
3.7513715,0,0
3.7518712,0,1
3.75237115,0,0
3.75287095,0,1
3.75337095,0,0
3.75387065,0,1
3.75437065,0,0
3.75487035,0,1
3.7553703,0,0
3.75587,0,1
3.7563699,0,0
3.7568696,0,1
3.75736955,0,0
3.75786925,0,1
3.75836915,0,0
3.7588688,0,1
3.75936875,0,0
3.7598685,0,1
3.7603685,0,0
3.7608682,0,1
3.7613682,0,0
3.7618679,0,1
3.76236785,0,0
3.7628675,0,1
3.7633674,0,0
3.7638671,0,1
3.76436705,0,0
3.76486675,0,1
3.7653667,0,0
3.76586645,0,1
3.7663664,0,0
3.7668661,0,1
3.76736605,0,0
3.76786575,0,1
3.7683657,0,0
3.7688654,0,1
3.7693654,0,0
3.76986505,0,1
3.770365,0,0
3.77086465,0,1
3.7713646,0,0
3.7718643,0,1
3.7723642,0,0
3.7728639,0,1
3.7733639,0,0
3.7738636,0,1
3.77436355,0,0
3.77486325,0,1
3.7753632,0,0
3.77586285,0,1
3.7763628,0,0
3.7768625,0,1
3.7773624,0,0
3.77786205,0,1
3.77836195,0,0
3.77886165,0,1
3.77936155,0,0
3.77986125,0,1
3.7803612,0,0
3.7808609,0,1
3.7813609,0,0
3.7818606,0,1
3.7823605,0,0
3.7828602,0,1
3.78336015,0,0
3.7838599,0,1
3.7843599,0,0
3.7848596,0,1
3.7853596,0,0
3.7858593,0,1
3.7863592,0,0
3.7868589,0,1
3.78735885,0,0
3.78785855,0,1
3.7883585,0,0
3.78885825,0,1
3.78935815,0,0
3.78985785,0,1
3.7903578,0,0
3.79085755,0,1
3.7913575,0,0
3.79185715,0,1
3.7923571,0,0
3.7928568,0,1
3.79335675,0,0
3.7938565,0,1
3.7943565,0,0
3.79485625,0,1
3.79535625,0,0
3.795856,0,1
3.79635595,0,0
3.7968557,0,1
3.79735565,0,0
3.79785535,0,1
3.79835525,0,0
3.79885495,0,1
3.7993549,0,0
3.7998545,0,1
3.8003543,0,0
3.8008539,0,1
3.8013538,0,0
3.80185345,0,1
3.80235335,0,0
3.802853,0,1
3.8033529,0,0
3.8038526,0,1
3.8043526,0,0
3.8048523,0,1
3.80535225,0,0
3.80585205,0,1
3.806352,0,0
3.80685175,0,1
3.8073517,0,0
3.80785145,0,1
3.80835145,0,0
3.8088512,0,1
3.8093512,0,0
3.809851,0,1
3.810351,0,0
3.8108508,0,1
3.81135085,0,0
3.81185065,0,1
3.81235065,0,0
3.8128504,0,1
3.8133504,0,0
3.8138502,0,1
3.8143502,0,0
3.81484995,0,1
3.81534995,0,0
3.8158497,0,1
3.81634975,0,0
3.81684945,0,1
3.8173495,0,0
3.81784925,0,1
3.81834925,0,0
3.818849,0,1
3.819349,0,0
3.8198487,0,1
3.8203487,0,0
3.82084845,0,1
3.8213484,0,0
3.82184815,0,1
3.82234815,0,0
3.82284785,0,1
3.8233479,0,0
3.8238476,0,1
3.82434755,0,0
3.8248473,0,1
3.8253473,0,0
3.825847,0,1
3.826347,0,0
3.8268467,0,1
3.82734665,0,0
3.8278464,0,1
3.82834635,0,0
3.82884615,0,1
3.82934615,0,0
3.8298458,0,1
3.8303457,0,0
3.8308454,0,1
3.8313453,0,0
3.831845,0,1
3.83234495,0,0
3.83284465,0,1
3.83334465,0,0
3.83384435,0,1
3.83434435,0,0
3.8348441,0,1
3.8353441,0,0
3.8358438,0,1
3.83634375,0,0
3.8368435,0,1
3.8373435,0,0
3.8378432,0,1
3.83834315,0,0
3.8388429,0,1
3.8393429,0,0
3.83984265,0,1
3.84034255,0,0
3.8408423,0,1
3.84134225,0,0
3.841842,0,1
3.842342,0,0
3.84284175,0,1
3.84334175,0,0
3.8438415,0,1
3.8443415,0,0
3.8448413,0,1
3.84534135,0,0
3.84584115,0,1
3.84634115,0,0
3.8468409,0,1
3.8473409,0,0
3.84784065,0,1
3.84834065,0,0
3.8488404,0,1
3.8493404,0,0
3.84984015,0,1
3.85034015,0,0
3.8508399,0,1
3.85133995,0,0
3.8518397,0,1
3.8523397,0,0
3.85283945,0,1
3.85333945,0,0
3.8538392,0,1
3.8543392,0,0
3.85483895,0,1
3.85533895,0,0
3.8558387,0,1
3.8563387,0,0
3.8568384,0,1
3.85733845,0,0
3.8578382,0,1
3.85833815,0,0
3.85883785,0,1
3.85933775,0,0
3.85983745,0,1
3.86033745,0,0
3.8608372,0,1
3.86133715,0,0
3.86183685,0,1
3.8623368,0,0
3.8628365,0,1
3.86333645,0,0
3.86383615,0,1
3.86433605,0,0
3.86483575,0,1
3.8653357,0,0
3.8658354,0,1
3.86633535,0,0
3.8668351,0,1
3.86733505,0,0
3.8678348,0,1
3.86833475,0,0
3.86883445,0,1
3.86933445,0,0
3.8698342,0,1
3.87033415,0,0
3.8708339,0,1
3.8713339,0,0
3.87183365,0,1
3.87233365,0,0
3.87283335,0,1
3.8733333,0,0
3.87383305,0,1
3.874333,0,0
3.8748327,0,1
3.8753326,0,0
3.8758323,0,1
3.8763323,0,0
3.87683205,0,1
3.87733205,0,0
3.8778318,0,1
3.87833175,0,0
3.8788315,0,1
3.8793315,0,0
3.87983125,0,1
3.8803313,0,0
3.8808311,0,1
3.8813311,0,0
3.8818308,0,1
3.88233085,0,0
3.8828306,0,1
3.8833306,0,0
3.8838304,0,1
3.8843304,0,0
3.8848301,0,1
3.8853301,0,0
3.88582985,0,1
3.88632985,0,0
3.8868296,0,1
3.88732955,0,0
3.8878293,0,1
3.8883293,0,0
3.88882905,0,1
3.88932905,0,0
3.8898288,0,1
3.8903288,0,0
3.89082855,0,1
3.89132855,0,0
3.8918283,0,1
3.8923283,0,0
3.8928281,0,1
3.89332815,0,0
3.893828,0,1
3.89432805,0,0
3.8948279,0,1
3.895328,0,0
3.8958278,0,1
3.89632785,0,0
3.89682765,0,1
3.89732765,0,0
3.89782745,0,1
3.8983275,0,0
3.8988273,0,1
3.8993273,0,0
3.8998271,0,1
3.9003271,0,0
3.9008269,0,1
3.90132695,0,0
3.9018267,0,1
3.90232675,0,0
3.9028265,0,1
3.9033266,0,0
3.90382645,0,1
3.9043265,0,0
3.9048263,0,1
3.9053263,0,0
3.90582605,0,1
3.906326,0,0
3.90682575,0,1
3.90732575,0,0
3.90782555,0,1
3.90832555,0,0
3.9088253,0,1
3.9093253,0,0
3.9098251,0,1
3.9103251,0,0
3.9108249,0,1
3.9113249,0,0
3.9118247,0,1
3.91232475,0,0
3.91282445,0,1
3.91332445,0,0
3.91382425,0,1
3.91432425,0,0
3.914824,0,1
3.91532405,0,0
3.9158238,0,1
3.91632375,0,0
3.9168235,0,1
3.91732355,0,0
3.91782325,0,1
3.91832325,0,0
3.91882295,0,1
3.9193229,0,0
3.91982265,0,1
3.9203226,0,0
3.92082235,0,1
3.9213224,0,0
3.9218221,0,1
3.9223221,0,0
3.92282185,0,1
3.92332185,0,0
3.9238216,0,1
3.92432155,0,0
3.9248213,0,1
3.92532125,0,0
3.925821,0,1
3.926321,0,0
3.92682075,0,1
3.9273207,0,0
3.92782045,0,1
3.92832045,0,0
3.92882025,0,1
3.92932025,0,0
3.92982,0,1
3.93032,0,0
3.9308197,0,1
3.93131965,0,0
3.9318194,0,1
3.93231945,0,0
3.9328192,0,1
3.9333192,0,0
3.93381895,0,1
3.93431885,0,0
3.9348186,0,1
3.93531855,0,0
3.93581825,0,1
3.93631815,0,0
3.93681785,0,1
3.93731775,0,0
3.93781745,0,1
3.93831735,0,0
3.938817,0,1
3.939317,0,0
3.93981665,0,1
3.94031655,0,0
3.9408162,0,1
3.94131615,0,0
3.94181585,0,1
3.94231585,0,0
3.94281565,0,1
3.94331565,0,0
3.94381545,0,1
3.94431545,0,0
3.94481515,0,1
3.94531515,0,0
3.9458149,0,1
3.94631485,0,0
3.94681455,0,1
3.9473145,0,0
3.9478142,0,1
3.9483142,0,0
3.94881395,0,1
3.94931395,0,0
3.94981365,0,1
3.9503136,0,0
3.95081335,0,1
3.9513133,0,0
3.95181305,0,1
3.952313,0,0
3.9528127,0,1
3.95331265,0,0
3.9538124,0,1
3.95431235,0,0
3.95481205,0,1
3.955312,0,0
3.95581175,0,1
3.9563117,0,0
3.95681145,0,1
3.9573114,0,0
3.95781115,0,1
3.95831115,0,0
3.95881085,0,1
3.95931075,0,0
3.95981045,0,1
3.96031045,0,0
3.96081015,0,1
3.9613101,0,0
3.96180985,0,1
3.9623099,0,0
3.96280965,0,1
3.9633096,0,0
3.96380935,0,1
3.96430935,0,0
3.9648091,0,1
3.9653091,0,0
3.9658088,0,1
3.9663088,0,0
3.9668085,0,1
3.9673085,0,0
3.9678082,0,1
3.96830815,0,0
3.96880785,0,1
3.9693078,0,0
3.96980745,0,1
3.9703074,0,0
3.97080715,0,1
3.97130705,0,0
3.97180675,0,1
3.97230665,0,0
3.97280635,0,1
3.97330635,0,0
3.9738061,0,1
3.9743061,0,0
3.97480585,0,1
3.9753059,0,0
3.97580565,0,1
3.97630565,0,0
3.97680535,0,1
3.97730535,0,0
3.97780505,0,1
3.97830505,0,0
3.97880475,0,1
3.9793047,0,0
3.9798044,0,1
3.98030435,0,0
3.98080405,0,1
3.98130405,0,0
3.98180375,0,1
3.98230375,0,0
3.9828035,0,1
3.98330355,0,0
3.9838033,0,1
3.98430335,0,0
3.9848031,0,1
3.9853031,0,0
3.98580285,0,1
3.98630285,0,0
3.9868026,0,1
3.98730255,0,0
3.9878023,0,1
3.9883023,0,0
3.988802,0,1
3.98930195,0,0
3.98980165,0,1
3.9903017,0,0
3.99080145,0,1
3.9913015,0,0
3.9918013,0,1
3.9923013,0,0
3.99280105,0,1
3.9933011,0,0
3.9938008,0,1
3.9943008,0,0
3.9948005,0,1
3.9953005,0,0
3.99580025,0,1
3.9963002,0,0
3.99679995,0,1
3.99729995,0,0
3.9977996,0,1
3.99829955,0,0
3.99879925,0,1
3.99929925,0,0
3.999799,0,1
4.00029895,0,0
4.0007987,0,1
4.0012987,0,0
4.00179845,0,1
4.0022984,0,0
4.00279815,0,1
4.0032981,0,0
4.00379785,0,1
4.0042978,0,0
4.0047975,0,1
4.0052975,0,0
4.0057973,0,1
4.0062973,0,0
4.0067971,0,1
4.0072971,0,0
4.00779685,0,1
4.00829685,0,0
4.0087966,0,1
4.0092966,0,0
4.0097963,0,1
4.0102963,0,0
4.01079605,0,1
4.01129605,0,0
4.01179575,0,1
4.0122957,0,0
4.01279545,0,1
4.0132954,0,0
4.01379515,0,1
4.01429515,0,0
4.01479485,0,1
4.01529485,0,0
4.01579455,0,1
4.0162945,0,0
4.01679425,0,1
4.0172942,0,0
4.01779395,0,1
4.01829395,0,0
4.0187937,0,1
4.0192937,0,0
4.01979345,0,1
4.02029345,0,0
4.0207932,0,1
4.0212932,0,0
4.02179295,0,1
4.022293,0,0
4.02279275,0,1
4.0232927,0,0
4.0237924,0,1
4.0242924,0,0
4.02479215,0,1
4.02529215,0,0
4.02579195,0,1
4.0262919,0,0
4.02679165,0,1
4.0272916,0,0
4.02779135,0,1
4.02829125,0,0
4.028791,0,1
4.029291,0,0
4.02979075,0,1
4.0302907,0,0
4.0307904,0,1
4.03129035,0,0
4.03179015,0,1
4.03229015,0,0
4.03278995,0,1
4.03328995,0,0
4.0337897,0,1
4.0342897,0,0
4.03478945,0,1
4.0352895,0,0
4.0357892,0,1
4.03628915,0,0
4.0367889,0,1
4.03728885,0,0
4.03778855,0,1
4.03828855,0,0
4.0387882,0,1
4.03928815,0,0
4.0397879,0,1
4.04028795,0,0
4.0407877,0,1
4.0412877,0,0
4.04178745,0,1
4.0422874,0,0
4.0427872,0,1
4.0432872,0,0
4.04378695,0,1
4.044287,0,0
4.04478675,0,1
4.04528675,0,0
4.0457865,0,1
4.04628645,0,0
4.0467862,0,1
4.0472862,0,0
4.04778585,0,1
4.04828585,0,0
4.04878555,0,1
4.04928555,0,0
4.0497853,0,1
4.0502853,0,0
4.05078505,0,1
4.05128505,0,0
4.0517848,0,1
4.0522848,0,0
4.0527845,0,1
4.0532845,0,0
4.0537842,0,1
4.0542842,0,0
4.0547839,0,1
4.0552839,0,0
4.05578365,0,1
4.05628365,0,0
4.0567834,0,1
4.05728335,0,0
4.0577831,0,1
4.0582831,0,0
4.05878285,0,1
4.05928285,0,0
4.05978255,0,1
4.0602826,0,0
4.0607823,0,1
4.0612823,0,0
4.0617821,0,1
4.0622821,0,0
4.06278185,0,1
4.06328185,0,0
4.06378155,0,1
4.06428155,0,0
4.06478125,0,1
4.06528125,0,0
4.065781,0,1
4.06628095,0,0
4.0667807,0,1
4.06728065,0,0
4.06778045,0,1
4.06828045,0,0
4.0687802,0,1
4.06928015,0,0
4.0697799,0,1
4.07027995,0,0
4.0707797,0,1
4.0712797,0,0
4.07177945,0,1
4.07227945,0,0
4.0727792,0,1
4.07327915,0,0
4.07377895,0,1
4.0742789,0,0
4.0747786,0,1
4.0752786,0,0
4.07577835,0,1
4.07627835,0,0
4.0767781,0,1
4.07727805,0,0
4.0777778,0,1
4.07827775,0,0
4.07877755,0,1
4.07927755,0,0
4.07977735,0,1
4.08027735,0,0
4.0807771,0,1
4.08127705,0,0
4.0817768,0,1
4.08227675,0,0
4.0827765,0,1
4.08327645,0,0
4.08377615,0,1
4.0842761,0,0
4.0847758,0,1
4.08527575,0,0
4.0857755,0,1
4.0862755,0,0
4.08677525,0,1
4.0872752,0,0
4.0877749,0,1
4.08827485,0,0
4.0887746,0,1
4.08927455,0,0
4.0897742,0,1
4.0902742,0,0
4.0907739,0,1
4.09127385,0,0
4.0917735,0,1
4.0922734,0,0
4.0927731,0,1
4.093273,0,0
4.0937727,0,1
4.09427265,0,0
4.0947723,0,1
4.09527225,0,0
4.09577195,0,1
4.09627185,0,0
4.09677155,0,1
4.09727155,0,0
4.0977712,0,1
4.09827115,0,0
4.0987708,0,1
4.0992707,0,0
4.09977035,0,1
4.10027025,0,0
4.1007699,0,1
4.10126985,0,0
4.10176955,0,1
4.1022695,0,0
4.10276915,0,1
4.1032691,0,0
4.1037688,0,1
4.1042687,0,0
4.10476835,0,1
4.1052683,0,0
4.10576795,0,1
4.10626785,0,0
4.1067675,0,1
4.1072674,0,0
4.1077671,0,1
4.108267,0,0
4.10876665,0,1
4.10926655,0,0
4.1097662,0,1
4.11026615,0,0
4.1107658,0,1
4.11126575,0,0
4.1117654,0,1
4.1122653,0,0
4.112765,0,1
4.1132649,0,0
4.1137646,0,1
4.1142645,0,0
4.1147642,0,1
4.11526405,0,0
4.11576375,0,1
4.11626365,0,0
4.11676335,0,1
4.1172633,0,0
4.11776295,0,1
4.11826285,0,0
4.1187626,0,1
4.1192625,0,0
4.1197622,0,1
4.12026215,0,0
4.12076185,0,1
4.12126175,0,0
4.1217614,0,1
4.12226135,0,0
4.12276105,0,1
4.123261,0,0
4.12376065,0,1
4.1242606,0,0
4.1247603,0,1
4.12526025,0,0
4.12575995,0,1
4.1262599,0,0
4.1267596,0,1
4.1272595,0,0
4.12775915,0,1
4.12825905,0,0
4.1287587,0,1
4.12925865,0,0
4.1297583,0,1
4.1302582,0,0
4.1307579,0,1
4.1312578,0,0
4.1317575,0,1
4.1322574,0,0
4.1327571,0,1
4.133257,0,0
4.1337567,0,1
4.13425665,0,0
4.13475635,0,1
4.1352563,0,0
4.135756,0,1
4.13625595,0,0
4.1367556,0,1
4.1372555,0,0
4.13775515,0,1
4.13825505,0,0
4.1387547,0,1
4.1392546,0,0
4.1397543,0,1
4.14025415,0,0
4.1407538,0,1
4.1412537,0,0
4.14175335,0,1
4.1422533,0,0
4.14275295,0,1
4.1432528,0,0
4.14375245,0,1
4.14425235,0,0
4.144752,0,1
4.1452519,0,0
4.1457516,0,1
4.1462515,0,0
4.1467511,0,1
4.147251,0,0
4.14775065,0,1
4.14825055,0,0
4.14875015,0,1
4.14925005,0,0
4.1497497,0,1
4.15024965,0,0
4.1507493,0,1
4.1512492,0,0
4.15174885,0,1
4.15224885,0,0
4.15274855,0,1
4.1532485,0,0
4.15374815,0,1
4.1542481,0,0
4.1547478,0,1
4.15524775,0,0
4.15574745,0,1
4.1562474,0,0
4.1567471,0,1
4.15724705,0,0
4.1577467,0,1
4.15824665,0,0
4.1587463,0,1
4.15924625,0,0
4.15974595,0,1
4.16024585,0,0
4.16074555,0,1
4.16124555,0,0
4.16174525,0,1
4.1622452,0,0
4.16274495,0,1
4.16324485,0,0
4.16374455,0,1
4.1642445,0,0
4.16474415,0,1
4.16524405,0,0
4.16574375,0,1
4.16624365,0,0
4.16674335,0,1
4.1672433,0,0
4.16774305,0,1
4.16824305,0,0
4.16874275,0,1
4.16924275,0,0
4.1697425,0,1
4.17024245,0,0
4.17074215,0,1
4.1712421,0,0
4.1717418,0,1
4.17224175,0,0
4.1727414,0,1
4.17324135,0,0
4.17374105,0,1
4.174241,0,0
4.1747407,0,1
4.17524065,0,0
4.17574035,0,1
4.1762403,0,0
4.17674005,0,1
4.17724,0,0
4.17773975,0,1
4.1782397,0,0
4.17873945,0,1
4.17923935,0,0
4.1797391,0,1
4.18023905,0,0
4.1807387,0,1
4.1812386,0,0
4.1817383,0,1
4.18223825,0,0
4.18273795,0,1
4.1832379,0,0
4.1837376,0,1
4.18423755,0,0
4.1847372,0,1
4.1852371,0,0
4.1857368,0,1
4.18623675,0,0
4.18673645,0,1
4.18723635,0,0
4.18773605,0,1
4.18823595,0,0
4.1887356,0,1
4.18923555,0,0
4.18973525,0,1
4.1902352,0,0
4.190735,0,1
4.191235,0,0
4.19173475,0,1
4.1922348,0,0
4.19273455,0,1
4.1932346,0,0
4.19373435,0,1
4.19423435,0,0
4.19473405,0,1
4.195234,0,0
4.1957337,0,1
4.1962337,0,0
4.19673345,0,1
4.19723345,0,0
4.19773325,0,1
4.1982332,0,0
4.1987329,0,1
4.19923285,0,0
4.1997326,0,1
4.2002326,0,0
4.2007322,0,1
4.2012321,0,0
4.2017318,0,1
4.2022317,0,0
4.20273145,0,1
4.20323135,0,0
4.20373105,0,1
4.20423105,0,0
4.20473075,0,1
4.2052308,0,0
4.20573055,0,1
4.20623055,0,0
4.2067303,0,1
4.2072303,0,0
4.20773,0,1
4.20823,0,0
4.20872975,0,1
4.20922975,0,0
4.20972945,0,1
4.2102294,0,0
4.21072915,0,1
4.2112291,0,0
4.21172885,0,1
4.21222885,0,0
4.21272855,0,1
4.2132285,0,0
4.2137282,0,1
4.21422815,0,0
4.2147278,0,1
4.21522775,0,0
4.21572745,0,1
4.2162274,0,0
4.2167271,0,1
4.2172271,0,0
4.2177268,0,1
4.21822675,0,0
4.2187265,0,1
4.2192265,0,0
4.2197262,0,1
4.2202261,0,0
4.2207258,0,1
4.22122575,0,0
4.22172545,0,1
4.2222254,0,0
4.2227251,0,1
4.2232251,0,0
4.22372475,0,1
4.2242247,0,0
4.2247244,0,1
4.22522435,0,0
4.22572405,0,1
4.22622405,0,0
4.22672375,0,1
4.22722375,0,0
4.22772345,0,1
4.2282234,0,0
4.2287231,0,1
4.2292231,0,0
4.2297228,0,1
4.23022275,0,0
4.2307225,0,1
4.23122245,0,0
4.23172215,0,1
4.2322221,0,0
4.2327218,0,1
4.23322175,0,0
4.23372145,0,1
4.2342214,0,0
4.2347211,0,1
4.23522105,0,0
4.2357207,0,1
4.23622065,0,0
4.23672035,0,1
4.23722025,0,0
4.23771985,0,1
4.23821975,0,0
4.2387195,0,1
4.23921945,0,0
4.23971915,0,1
4.2402191,0,0
4.2407188,0,1
4.2412187,0,0
4.2417184,0,1
4.2422183,0,0
4.242718,0,1
4.2432179,0,0
4.2437175,0,1
4.2442174,0,0
4.24471705,0,1
4.24521695,0,0
4.24571665,0,1
4.2462166,0,0
4.24671625,0,1
4.2472162,0,0
4.2477159,0,1
4.24821575,0,0
4.2487154,0,1
4.24921525,0,0
4.24971485,0,1
4.2502147,0,0
4.25071435,0,1
4.25121425,0,0
4.2517139,0,1
4.2522138,0,0
4.2527135,0,1
4.25321335,0,0
4.253713,0,1
4.25421285,0,0
4.25471245,0,1
4.2552123,0,0
4.255712,0,1
4.25621195,0,0
4.25671165,0,1
4.25721155,0,0
4.2577112,0,1
4.25821115,0,0
4.2587108,0,1
4.25921075,0,0
4.2597104,0,1
4.2602103,0,0
4.26070995,0,1
4.2612099,0,0
4.2617095,0,1
4.26220945,0,0
4.26270915,0,1
4.26320905,0,0
4.26370875,0,1
4.26420865,0,0
4.2647084,0,1
4.2652083,0,0
4.265708,0,1
4.26620795,0,0
4.2667076,0,1
4.26720755,0,0
4.2677073,0,1
4.2682072,0,0
4.2687069,0,1
4.26920685,0,0
4.2697065,0,1
4.27020645,0,0
4.2707061,0,1
4.27120605,0,0
4.2717057,0,1
4.2722056,0,0
4.27270525,0,1
4.2732051,0,0
4.27370475,0,1
4.27420465,0,0
4.2747043,0,1
4.2752042,0,0
4.2757039,0,1
4.27620385,0,0
4.2767035,0,1
4.27720345,0,0
4.2777031,0,1
4.278203,0,0
4.2787027,0,1
4.27920265,0,0
4.2797023,0,1
4.28020225,0,0
4.2807019,0,1
4.2812018,0,0
4.2817015,0,1
4.28220145,0,0
4.2827011,0,1
4.28320105,0,0
4.28370075,0,1
4.2842007,0,0
4.2847004,0,1
4.28520035,0,0
4.2857,0,1
4.2861999,0,0
4.28669955,0,1
4.28719945,0,0
4.28769915,0,1
4.28819905,0,0
4.2886987,0,1
4.2891986,0,0
4.2896983,0,1
4.29019825,0,0
4.29069795,0,1
4.29119785,0,0
4.2916976,0,1
4.2921976,0,0
4.29269725,0,1
4.2931972,0,0
4.29369695,0,1
4.2941969,0,0
4.2946966,0,1
4.29519655,0,0
4.29569625,0,1
4.29619615,0,0
4.2966958,0,1
4.2971957,0,0
4.29769535,0,1
4.2981953,0,0
4.298695,0,1
4.299195,0,0
4.2996947,0,1
4.30019465,0,0
4.30069435,0,1
4.3011943,0,0
4.301694,0,1
4.30219395,0,0
4.3026936,0,1
4.30319355,0,0
4.30369325,0,1
4.30419315,0,0
4.30469285,0,1
4.30519285,0,0
4.3056925,0,1
4.30619245,0,0
4.30669215,0,1
4.3071921,0,0
4.3076918,0,1
4.30819175,0,0
4.30869145,0,1
4.3091914,0,0
4.30969115,0,1
4.31019115,0,0
4.31069085,0,1
4.3111908,0,0
4.3116905,0,1
4.3121905,0,0
4.3126902,0,1
4.31319015,0,0
4.31368985,0,1
4.31418985,0,0
4.3146896,0,1
4.3151896,0,0
4.31568935,0,1
4.31618935,0,0
4.31668905,0,1
4.317189,0,0
4.3176887,0,1
4.31818855,0,0
4.3186882,0,1
4.31918815,0,0
4.3196878,0,1
4.32018765,0,0
4.32068735,0,1
4.32118725,0,0
4.32168695,0,1
4.32218685,0,0
4.3226865,0,1
4.32318645,0,0
4.32368615,0,1
4.3241861,0,0
4.3246858,0,1
4.3251857,0,0
4.32568535,0,1
4.3261853,0,0
4.326685,0,1
4.32718495,0,0
4.32768465,0,1
4.3281846,0,0
4.32868435,0,1
4.3291843,0,0
4.32968405,0,1
4.33018405,0,0
4.3306838,0,1
4.3311838,0,0
4.33168355,0,1
4.33218355,0,0
4.3326832,0,1
4.3331831,0,0
4.33368285,0,1
4.3341828,0,0
4.33468255,0,1
4.3351825,0,0
4.3356822,0,1
4.3361822,0,0
4.33668195,0,1
4.3371819,0,0
4.33768165,0,1
4.3381816,0,0
4.33868135,0,1
4.3391813,0,0
4.339681,0,1
4.34018095,0,0
4.34068065,0,1
4.3411806,0,0
4.34168035,0,1
4.3421803,0,0
4.34268,0,1
4.34317995,0,0
4.3436797,0,1
4.3441797,0,0
4.3446795,0,1
4.3451795,0,0
4.34567925,0,1
4.34617925,0,0
4.346679,0,1
4.347179,0,0
4.34767875,0,1
4.34817875,0,0
4.3486785,0,1
4.34917845,0,0
4.3496782,0,1
4.35017825,0,0
4.35067795,0,1
4.35117795,0,0
4.3516777,0,1
4.35217765,0,0
4.35267735,0,1
4.35317735,0,0
4.3536771,0,1
4.3541771,0,0
4.35467685,0,1
4.3551769,0,0
4.35567665,0,1
4.35617665,0,0
4.3566764,0,1
4.35717635,0,0
4.35767615,0,1
4.3581761,0,0
4.3586758,0,1
4.3591758,0,0
4.3596755,0,1
4.36017545,0,0
4.36067515,0,1
4.3611751,0,0
4.3616748,0,1
4.3621747,0,0
4.36267445,0,1
4.36317435,0,0
4.36367405,0,1
4.364174,0,0
4.36467375,0,1
4.3651737,0,0
4.36567335,0,1
4.3661733,0,0
4.36667305,0,1
4.36717305,0,0
4.3676728,0,1
4.3681728,0,0
4.3686725,0,1
4.36917245,0,0
4.3696721,0,1
4.37017205,0,0
4.3706718,0,1
4.3711717,0,0
4.3716714,0,1
4.3721713,0,0
4.372671,0,1
4.37317095,0,0
4.3736706,0,1
4.37417055,0,0
4.3746702,0,1
4.37517015,0,0
4.37566985,0,1
4.37616975,0,0
4.37666945,0,1
4.3771694,0,0
4.3776691,0,1
4.37816905,0,0
4.37866875,0,1
4.37916865,0,0
4.3796683,0,1
4.38016815,0,0
4.38066785,0,1
4.38116785,0,0
4.3816676,0,1
4.38216755,0,0
4.38266725,0,1
4.38316725,0,0
4.38366695,0,1
4.3841669,0,0
4.3846666,0,1
4.38516655,0,0
4.3856662,0,1
4.38616615,0,0
4.38666585,0,1
4.3871658,0,0
4.38766545,0,1
4.38816535,0,0
4.388665,0,1
4.38916485,0,0
4.38966455,0,1
4.39016445,0,0
4.3906641,0,1
4.39116405,0,0
4.3916637,0,1
4.39216365,0,0
4.39266335,0,1
4.3931633,0,0
4.39366305,0,1
4.394163,0,0
4.3946627,0,1
4.39516265,0,0
4.39566235,0,1
4.3961623,0,0
4.396662,0,1
4.39716195,0,0
4.39766165,0,1
4.3981616,0,0
4.39866125,0,1
4.3991612,0,0
4.3996609,0,1
4.40016085,0,0
4.4006605,0,1
4.40116045,0,0
4.40166015,0,1
4.4021601,0,0
4.40265975,0,1
4.40315965,0,0
4.4036593,0,1
4.40415925,0,0
4.404659,0,1
4.40515895,0,0
4.40565865,0,1
4.4061587,0,0
4.40665845,0,1
4.40715845,0,0
4.40765825,0,1
4.4081583,0,0
4.40865805,0,1
4.40915805,0,0
4.4096578,0,1
4.41015775,0,0
4.41065745,0,1
4.41115745,0,0
4.41165715,0,1
4.4121571,0,0
4.4126568,0,1
4.41315675,0,0
4.4136565,0,1
4.41415645,0,0
4.4146562,0,1
4.41515615,0,0
4.41565585,0,1
4.41615585,0,0
4.41665555,0,1
4.41715555,0,0
4.41765525,0,1
4.41815525,0,0
4.41865495,0,1
4.41915495,0,0
4.41965465,0,1
4.42015465,0,0
4.42065435,0,1
4.42115435,0,0
4.42165405,0,1
4.4221541,0,0
4.4226538,0,1
4.42315385,0,0
4.4236536,0,1
4.4241536,0,0
4.42465335,0,1
4.4251534,0,0
4.42565315,0,1
4.4261532,0,0
4.42665295,0,1
4.4271529,0,0
4.42765265,0,1
4.4281526,0,0
4.42865235,0,1
4.42915235,0,0
4.4296521,0,1
4.4301521,0,0
4.4306518,0,1
4.4311518,0,0
4.4316515,0,1
4.4321515,0,0
4.4326512,0,1
4.43315115,0,0
4.4336509,0,1
4.43415085,0,0
4.4346506,0,1
4.4351506,0,0
4.4356503,0,1
4.4361503,0,0
4.4366501,0,1
4.4371501,0,0
4.43764985,0,1
4.43814985,0,0
4.4386496,0,1
4.43914955,0,0
4.43964925,0,1
4.4401492,0,0
4.4406489,0,1
4.44114885,0,0
4.44164855,0,1
4.4421485,0,0
4.4426482,0,1
4.44314815,0,0
4.44364785,0,1
4.44414785,0,0
4.44464765,0,1
4.4451476,0,0
4.44564735,0,1
4.4461474,0,0
4.44664715,0,1
4.4471471,0,0
4.44764685,0,1
4.4481468,0,0
4.44864655,0,1
4.4491465,0,0
4.44964625,0,1
4.45014625,0,0
4.45064595,0,1
4.45114595,0,0
4.4516457,0,1
4.4521457,0,0
4.4526454,0,1
4.4531454,0,0
4.45364515,0,1
4.45414515,0,0
4.4546449,0,1
4.45514485,0,0
4.4556446,0,1
4.45614455,0,0
4.45664425,0,1
4.4571442,0,0
4.4576439,0,1
4.4581439,0,0
4.45864355,0,1
4.45914355,0,0
4.45964325,0,1
4.4601432,0,0
4.46064295,0,1
4.4611429,0,0
4.4616426,0,1
4.4621426,0,0
4.4626423,0,1
4.46314225,0,0
4.463642,0,1
4.46414195,0,0
4.46464165,0,1
4.4651416,0,0
4.46564135,0,1
4.4661413,0,0
4.466641,0,1
4.46714095,0,0
4.4676407,0,1
4.46814065,0,0
4.46864035,0,1
4.46914035,0,0
4.46964005,0,1
4.47014005,0,0
4.4706398,0,1
4.4711398,0,0
4.4716396,0,1
4.47213965,0,0
4.4726394,0,1
4.4731394,0,0
4.4736392,0,1
4.47413925,0,0
4.474639,0,1
4.47513905,0,0
4.47563885,0,1
4.47613895,0,0
4.47663875,0,1
4.47713885,0,0
4.4776386,0,1
4.47813865,0,0
4.4786384,0,1
4.47913845,0,0
4.4796382,0,1
4.4801382,0,0
4.48063795,0,1
4.481138,0,0
4.48163775,0,1
4.48213775,0,0
4.48263755,0,1
4.4831376,0,0
4.4836374,0,1
4.4841375,0,0
4.48463725,0,1
4.4851372,0,0
4.4856369,0,1
4.4861369,0,0
4.48663665,0,1
4.48713665,0,0
4.48763645,0,1
4.4881364,0,0
4.48863615,0,1
4.4891361,0,0
4.4896359,0,1
4.49013585,0,0
4.4906356,0,1
4.4911356,0,0
4.49163535,0,1
4.49213535,0,0
4.49263515,0,1
4.4931351,0,0
4.49363485,0,1
4.49413485,0,0
4.4946346,0,1
4.4951346,0,0
4.4956344,0,1
4.4961344,0,0
4.49663415,0,1
4.49713415,0,0
4.49763385,0,1
4.49813385,0,0
4.49863365,0,1
4.4991337,0,0
4.4996335,0,1
4.5001335,0,0
4.5006333,0,1
4.5011333,0,0
4.5016331,0,1
4.5021331,0,0
4.50263285,0,1
4.50313285,0,0
4.50363255,0,1
4.50413255,0,0
4.50463225,0,1
4.50513225,0,0
4.50563195,0,1
4.50613195,0,0
4.50663175,0,1
4.5071318,0,0
4.5076316,0,1
4.50813165,0,0
4.5086314,0,1
4.5091314,0,0
4.50963115,0,1
4.51013115,0,0
4.51063085,0,1
4.51113085,0,0
4.5116306,0,1
4.5121306,0,0
4.5126304,0,1
4.5131304,0,0
4.5136302,0,1
4.5141302,0,0
4.51463,0,1
4.51513,0,0
4.51562975,0,1
4.51612975,0,0
4.51662955,0,1
4.5171296,0,0
4.51762935,0,1
4.5181294,0,0
4.51862915,0,1
4.51912915,0,0
4.51962885,0,1
4.52012885,0,0
4.5206286,0,1
4.5211286,0,0
4.5216284,0,1
4.5221284,0,0
4.5226282,0,1
4.52312825,0,0
4.523628,0,1
4.524128,0,0
4.5246277,0,1
4.52512775,0,0
4.5256275,0,1
4.52612755,0,0
4.52662735,0,1
4.52712735,0,0
4.5276271,0,1
4.52812715,0,0
4.5286269,0,1
4.52912695,0,0
4.52962675,0,1
4.53012675,0,0
4.5306265,0,1
4.5311266,0,0
4.53162635,0,1
4.53212635,0,0
4.5326261,0,1
4.5331261,0,0
4.53362585,0,1
4.53412585,0,0
4.53462555,0,1
4.53512555,0,0
4.5356253,0,1
4.5361253,0,0
4.53662505,0,1
4.53712505,0,0
4.5376248,0,1
4.5381248,0,0
4.53862455,0,1
4.53912455,0,0
4.5396243,0,1
4.5401243,0,0
4.54062405,0,1
4.5411241,0,0
4.54162385,0,1
4.54212385,0,0
4.5426236,0,1
4.5431236,0,0
4.54362335,0,1
4.5441233,0,0
4.54462305,0,1
4.545123,0,0
4.5456227,0,1
4.54612265,0,0
4.54662235,0,1
4.54712235,0,0
4.5476221,0,1
4.5481221,0,0
4.54862185,0,1
4.5491218,0,0
4.5496215,0,1
4.55012145,0,0
4.5506212,0,1
4.5511212,0,0
4.55162095,0,1
4.5521209,0,0
4.55262065,0,1
4.5531206,0,0
4.55362035,0,1
4.5541204,0,0
4.55462015,0,1
4.55512015,0,0
4.5556199,0,1
4.5561199,0,0
4.55661965,0,1
4.55711965,0,0
4.55761935,0,1
4.55811935,0,0
4.5586191,0,1
4.55911905,0,0
4.55961875,0,1
4.56011875,0,0
4.56061845,0,1
4.56111845,0,0
4.56161815,0,1
4.5621181,0,0
4.56261785,0,1
4.56311785,0,0
4.56361765,0,1
4.5641176,0,0
4.56461735,0,1
4.56511735,0,0
4.56561705,0,1
4.56611705,0,0
4.5666168,0,1
4.5671168,0,0
4.56761655,0,1
4.5681165,0,0
4.5686162,0,1
4.5691162,0,0
4.56961595,0,1
4.570116,0,0
4.5706158,0,1
4.5711158,0,0
4.5716155,0,1
4.5721155,0,0
4.57261525,0,1
4.57311525,0,0
4.573615,0,1
4.574115,0,0
4.57461475,0,1
4.57511475,0,0
4.57561445,0,1
4.57611445,0,0
4.57661415,0,1
4.57711415,0,0
4.5776139,0,1
4.57811385,0,0
4.57861365,0,1
4.57911365,0,0
4.5796134,0,1
4.5801134,0,0
4.5806132,0,1
4.58111315,0,0
4.5816129,0,1
4.58211295,0,0
4.58261275,0,1
4.5831128,0,0
4.5836126,0,1
4.5841126,0,0
4.58461235,0,1
4.5851124,0,0
4.58561215,0,1
4.58611215,0,0
4.58661185,0,1
4.58711185,0,0
4.5876116,0,1
4.58811165,0,0
4.5886114,0,1
4.58911145,0,0
4.5896112,0,1
4.5901112,0,0
4.590611,0,1
4.591111,0,0
4.5916108,0,1
4.59211085,0,0
4.5926106,0,1
4.5931106,0,0
4.59361035,0,1
4.59411035,0,0
4.5946101,0,1
4.5951101,0,0
4.5956098,0,1
4.5961098,0,0
4.59660955,0,1
4.59710945,0,0
4.5976092,0,1
4.5981092,0,0
4.5986089,0,1
4.59910885,0,0
4.5996086,0,1
4.6001086,0,0
4.60060835,0,1
4.60110835,0,0
4.6016081,0,1
4.6021081,0,0
4.6026078,0,1
4.6031078,0,0
4.60360755,0,1
4.60410755,0,0
4.6046073,0,1
4.6051073,0,0
4.605607,0,1
4.606107,0,0
4.6066067,0,1
4.6071067,0,0
4.60760645,0,1
4.6081064,0,0
4.60860615,0,1
4.60910615,0,0
4.60960595,0,1
4.61010595,0,0
4.61060575,0,1
4.61110575,0,0
4.61160555,0,1
4.61210555,0,0
4.6126053,0,1
4.61310525,0,0
4.613605,0,1
4.61410495,0,0
4.61460465,0,1
4.6151047,0,0
4.61560445,0,1
4.61610445,0,0
4.6166042,0,1
4.61710415,0,0
4.61760385,0,1
4.6181038,0,0
4.6186035,0,1
4.6191035,0,0
4.6196032,0,1
4.6201032,0,0
4.6206029,0,1
4.62110285,0,0
4.6216026,0,1
4.62210255,0,0
4.62260225,0,1
4.6231022,0,0
4.62360185,0,1
4.6241017,0,0
4.6246014,0,1
4.6251014,0,0
4.6256011,0,1
4.62610105,0,0
4.6266008,0,1
4.6271008,0,0
4.6276006,0,1
4.6281006,0,0
4.62860035,0,1
4.62910035,0,0
4.6296001,0,1
4.6301001,0,0
4.6305999,0,1
4.63109995,0,0
4.6315997,0,1
4.6320997,0,0
4.63259945,0,1
4.6330995,0,0
4.6335993,0,1
4.63409935,0,0
4.6345991,0,1
4.63509915,0,0
4.63559895,0,1
4.636099,0,0
4.63659875,0,1
4.63709875,0,0
4.63759855,0,1
4.63809855,0,0
4.63859825,0,1
4.6390982,0,0
4.63959795,0,1
4.64009795,0,0
4.6405977,0,1
4.6410977,0,0
4.64159745,0,1
4.64209745,0,0
4.6425972,0,1
4.6430972,0,0
4.643597,0,1
4.644097,0,0
4.64459675,0,1
4.64509675,0,0
4.6455965,0,1
4.6460965,0,0
4.64659625,0,1
4.6470962,0,0
4.647596,0,1
4.648096,0,0
4.64859575,0,1
4.64909575,0,0
4.6495955,0,1
4.65009555,0,0
4.6505953,0,1
4.65109535,0,0
4.6515951,0,1
4.65209515,0,0
4.6525949,0,1
4.65309495,0,0
4.6535947,0,1
4.65409475,0,0
4.65459455,0,1
4.65509455,0,0
4.6555943,0,1
4.65609435,0,0
4.6565941,0,1
4.65709415,0,0
4.65759385,0,1
4.6580939,0,0
4.65859365,0,1
4.65909365,0,0
4.6595934,0,1
4.6600934,0,0
4.66059315,0,1
4.66109315,0,0
4.6615929,0,1
4.6620929,0,0
4.6625926,0,1
4.6630926,0,0
4.66359235,0,1
4.66409235,0,0
4.6645921,0,1
4.66509205,0,0
4.6655918,0,1
4.6660918,0,0
4.66659155,0,1
4.6670915,0,0
4.66759125,0,1
4.6680913,0,0
4.66859105,0,1
4.66909105,0,0
4.6695908,0,1
4.67009075,0,0
4.6705905,0,1
4.6710905,0,0
4.67159025,0,1
4.67209025,0,0
4.67259,0,1
4.67308995,0,0
4.6735897,0,1
4.6740897,0,0
4.67458945,0,1
4.6750894,0,0
4.6755891,0,1
4.6760891,0,0
4.6765888,0,1
4.6770888,0,0
4.67758855,0,1
4.67808855,0,0
4.6785883,0,1
4.6790884,0,0
4.67958815,0,1
4.68008815,0,0
4.68058795,0,1
4.681088,0,0
4.68158775,0,1
4.6820878,0,0
4.6825876,0,1
4.6830876,0,0
4.68358735,0,1
4.6840874,0,0
4.6845871,0,1
4.68508705,0,0
4.6855868,0,1
4.68608675,0,0
4.68658645,0,1
4.6870865,0,0
4.68758625,0,1
4.68808625,0,0
4.688586,0,1
4.68908595,0,0
4.6895856,0,1
4.6900856,0,0
4.6905853,0,1
4.6910853,0,0
4.691585,0,1
4.692085,0,0
4.6925847,0,1
4.6930847,0,0
4.69358435,0,1
4.6940843,0,0
4.694584,0,1
4.69508395,0,0
4.6955837,0,1
4.69608365,0,0
4.6965834,0,1
4.69708335,0,0
4.69758315,0,1
4.6980832,0,0
4.69858295,0,1
4.69908295,0,0
4.69958275,0,1
4.7000827,0,0
4.70058245,0,1
4.70108245,0,0
4.70158215,0,1
4.7020821,0,0
4.7025818,0,1
4.70308175,0,0
4.70358145,0,1
4.70408135,0,0
4.70458105,0,1
4.70508105,0,0
4.7055807,0,1
4.7060807,0,0
4.7065804,0,1
4.7070804,0,0
4.7075801,0,1
4.70808005,0,0
4.7085798,0,1
4.7090798,0,0
4.70957955,0,1
4.71007955,0,0
4.7105793,0,1
4.71107925,0,0
4.71157905,0,1
4.7120791,0,0
4.71257885,0,1
4.71307895,0,0
4.71357875,0,1
4.7140788,0,0
4.71457855,0,1
4.7150785,0,0
4.71557825,0,1
4.71607825,0,0
4.71657795,0,1
4.71707795,0,0
4.71757765,0,1
4.7180777,0,0
4.7185774,0,1
4.7190774,0,0
4.7195771,0,1
4.7200771,0,0
4.72057685,0,1
4.72107685,0,0
4.72157665,0,1
4.7220766,0,0
4.7225764,0,1
4.7230764,0,0
4.72357615,0,1
4.72407615,0,0
4.7245759,0,1
4.7250759,0,0
4.72557565,0,1
4.72607565,0,0
4.7265754,0,1
4.7270754,0,0
4.7275752,0,1
4.7280752,0,0
4.728575,0,1
4.729075,0,0
4.72957475,0,1
4.7300747,0,0
4.7305745,0,1
4.7310745,0,0
4.73157425,0,1
4.73207425,0,0
4.73257395,0,1
4.7330739,0,0
4.7335737,0,1
4.7340737,0,0
4.73457345,0,1
4.73507345,0,0
4.7355732,0,1
4.7360732,0,0
4.736573,0,1
4.737073,0,0
4.7375728,0,1
4.7380728,0,0
4.73857255,0,1
4.7390726,0,0
4.73957235,0,1
4.74007235,0,0
4.7405721,0,1
4.7410721,0,0
4.74157185,0,1
4.7420718,0,0
4.7425716,0,1
4.74307155,0,0
4.7435713,0,1
4.7440713,0,0
4.744571,0,1
4.74507095,0,0
4.74557065,0,1
4.74607065,0,0
4.7465704,0,1
4.7470704,0,0
4.7475701,0,1
4.7480701,0,0
4.7485699,0,1
4.74906995,0,0
4.7495697,0,1
4.7500697,0,0
4.75056945,0,1
4.75106945,0,0
4.75156925,0,1
4.7520692,0,0
4.75256895,0,1
4.7530689,0,0
4.7535686,0,1
4.75406855,0,0
4.7545683,0,1
4.75506825,0,0
4.7555679,0,1
4.75606785,0,0
4.7565676,0,1
4.75706755,0,0
4.75756725,0,1
4.7580673,0,0
4.75856705,0,1
4.75906705,0,0
4.75956685,0,1
4.76006685,0,0
4.7605666,0,1
4.7610666,0,0
4.76156635,0,1
4.76206635,0,0
4.76256615,0,1
4.7630661,0,0
4.7635658,0,1
4.7640658,0,0
4.7645655,0,1
4.76506545,0,0
4.76556515,0,1
4.7660651,0,0
4.7665648,0,1
4.76706475,0,0
4.76756445,0,1
4.7680644,0,0
4.76856415,0,1
4.7690641,0,0
4.76956385,0,1
4.77006385,0,0
4.77056355,0,1
4.7710635,0,0
4.7715632,0,1
4.77206315,0,0
4.7725629,0,1
4.77306285,0,0
4.7735626,0,1
4.77406255,0,0
4.77456225,0,1
4.77506225,0,0
4.775562,0,1
4.776062,0,0
4.77656175,0,1
4.77706175,0,0
4.7775615,0,1
4.7780615,0,0
4.77856125,0,1
4.7790613,0,0
4.7795611,0,1
4.7800611,0,0
4.7805609,0,1
4.7810609,0,0
4.78156065,0,1
4.7820606,0,0
4.78256025,0,1
4.78306025,0,0
4.78355995,0,1
4.78405995,0,0
4.78455965,0,1
4.7850596,0,0
4.7855593,0,1
4.78605925,0,0
4.786559,0,1
4.78705895,0,0
4.78755865,0,1
4.7880586,0,0
4.78855835,0,1
4.7890583,0,0
4.789558,0,1
4.7900579,0,0
4.7905576,0,1
4.7910575,0,0
4.7915572,0,1
4.79205715,0,0
4.7925569,0,1
4.7930569,0,0
4.79355665,0,1
4.7940567,0,0
4.79455645,0,1
4.79505645,0,0
4.79555625,0,1
4.79605625,0,0
4.796556,0,1
4.797056,0,0
4.7975557,0,1
4.7980557,0,0
4.7985554,0,1
4.79905535,0,0
4.7995551,0,1
4.8000551,0,0
4.8005548,0,1
4.8010548,0,0
4.80155455,0,1
4.80205455,0,0
4.8025543,0,1
4.8030543,0,0
4.803554,0,1
4.804054,0,0
4.8045537,0,1
4.8050537,0,0
4.8055534,0,1
4.80605335,0,0
4.8065531,0,1
4.80705305,0,0
4.8075528,0,1
4.8080528,0,0
4.8085525,0,1
4.8090524,0,0
4.80955215,0,1
4.8100521,0,0
4.8105518,0,1
4.81105175,0,0
4.8115515,0,1
4.81205145,0,0
4.8125512,0,1
4.8130512,0,0
4.8135509,0,1
4.81405085,0,0
4.8145506,0,1
4.81505055,0,0
4.8155503,0,1
4.81605025,0,0
4.81655,0,1
4.81705,0,0
4.8175497,0,1
4.81804965,0,0
4.8185494,0,1
4.8190494,0,0
4.8195491,0,1
4.8200491,0,0
4.82054885,0,1
4.8210489,0,0
4.8215487,0,1
4.8220487,0,0
4.8225484,0,1
4.8230484,0,0
4.82354815,0,1
4.82404815,0,0
4.82454785,0,1
4.82504785,0,0
4.82554755,0,1
4.8260475,0,0
4.82654725,0,1
4.82704725,0,0
4.827547,0,1
4.828047,0,0
4.8285468,0,1
4.82904685,0,0
4.8295466,0,1
4.8300466,0,0
4.83054635,0,1
4.83104635,0,0
4.8315461,0,1
4.8320461,0,0
4.83254585,0,1
4.83304585,0,0
4.83354565,0,1
4.83404565,0,0
4.8345454,0,1
4.83504545,0,0
4.83554515,0,1
4.83604515,0,0
4.8365449,0,1
4.8370449,0,0
4.83754465,0,1
4.83804465,0,0
4.83854435,0,1
4.83904435,0,0
4.83954405,0,1
4.84004405,0,0
4.84054375,0,1
4.8410437,0,0
4.84154345,0,1
4.84204345,0,0
4.8425432,0,1
4.84304315,0,0
4.8435429,0,1
4.8440429,0,0
4.8445426,0,1
4.8450426,0,0
4.84554235,0,1
4.8460424,0,0
4.8465421,0,1
4.84704215,0,0
4.8475419,0,1
4.848042,0,0
4.8485418,0,1
4.84904185,0,0
4.84954165,0,1
4.85004165,0,0
4.8505414,0,1
4.8510414,0,0
4.8515412,0,1
4.85204125,0,0
4.852541,0,1
4.85304105,0,0
4.85354085,0,1
4.85404085,0,0
4.85454065,0,1
4.8550407,0,0
4.85554055,0,1
4.85604055,0,0
4.8565403,0,1
4.8570403,0,0
4.85754005,0,1
4.85804005,0,0
4.85853975,0,1
4.8590398,0,0
4.85953955,0,1
4.8600395,0,0
4.86053925,0,1
4.8610392,0,0
4.8615389,0,1
4.8620389,0,0
4.86253865,0,1
4.86303865,0,0
4.8635384,0,1
4.8640384,0,0
4.86453815,0,1
4.86503815,0,0
4.8655379,0,1
4.86603785,0,0
4.8665376,0,1
4.86703755,0,0
4.86753725,0,1
4.86803725,0,0
4.868537,0,1
4.869037,0,0
4.86953675,0,1
4.87003675,0,0
4.87053645,0,1
4.8710364,0,0
4.8715361,0,1
4.872036,0,0
4.8725357,0,1
4.87303565,0,0
4.87353535,0,1
4.87403535,0,0
4.8745351,0,1
4.8750351,0,0
4.87553485,0,1
4.87603485,0,0
4.8765346,0,1
4.87703455,0,0
4.87753425,0,1
4.8780343,0,0
4.878534,0,1
4.8790339,0,0
4.87953365,0,1
4.8800336,0,0
4.8805333,0,1
4.88103325,0,0
4.88153295,0,1
4.8820329,0,0
4.8825326,0,1
4.8830325,0,0
4.8835322,0,1
4.8840321,0,0
4.8845318,0,1
4.8850317,0,0
4.88553135,0,1
4.88603125,0,0
4.8865309,0,1
4.88703085,0,0
4.8875305,0,1
4.88803045,0,0
4.88853015,0,1
4.8890301,0,0
4.8895298,0,1
4.8900297,0,0
4.8905294,0,1
4.89102935,0,0
4.8915291,0,1
4.8920291,0,0
4.8925288,0,1
4.89302875,0,0
4.89352845,0,1
4.8940284,0,0
4.8945281,0,1
4.89502805,0,0
4.89552775,0,1
4.8960277,0,0
4.8965274,0,1
4.8970273,0,0
4.897527,0,1
4.8980269,0,0
4.89852665,0,1
4.89902655,0,0
4.89952625,0,1
4.9000262,0,0
4.9005259,0,1
4.90102585,0,0
4.90152555,0,1
4.90202545,0,0
4.90252515,0,1
4.90302505,0,0
4.90352475,0,1
4.90402465,0,0
4.90452435,0,1
4.9050243,0,0
4.905524,0,1
4.9060239,0,0
4.90652355,0,1
4.90702345,0,0
4.90752315,0,1
4.90802305,0,0
4.90852275,0,1
4.9090227,0,0
4.9095224,0,1
4.91002235,0,0
4.91052205,0,1
4.911022,0,0
4.9115217,0,1
4.91202165,0,0
4.91252135,0,1
4.9130213,0,0
4.913521,0,1
4.91402095,0,0
4.91452065,0,1
4.91502055,0,0
4.9155202,0,1
4.91602015,0,0
4.91651985,0,1
4.9170198,0,0
4.9175195,0,1
4.9180194,0,0
4.91851915,0,1
4.91901905,0,0
4.9195188,0,1
4.92001875,0,0
4.9205184,0,1
4.92101835,0,0
4.92151805,0,1
4.922018,0,0
4.9225177,0,1
4.9230177,0,0
4.92351735,0,1
4.9240173,0,0
4.924517,0,1
4.9250169,0,0
4.9255166,0,1
4.9260166,0,0
4.92651625,0,1
4.9270162,0,0
4.9275159,0,1
4.92801585,0,0
4.9285155,0,1
4.9290154,0,0
4.9295151,0,1
4.930015,0,0
4.9305146,0,1
4.9310145,0,0
4.9315142,0,1
4.9320141,0,0
4.93251375,0,1
4.93301365,0,0
4.93351335,0,1
4.93401325,0,0
4.93451295,0,1
4.9350129,0,0
4.9355126,0,1
4.93601255,0,0
4.93651225,0,1
4.93701225,0,0
4.9375119,0,1
4.93801185,0,0
4.93851155,0,1
4.9390115,0,0
4.9395112,0,1
4.94001115,0,0
4.94051085,0,1
4.94101085,0,0
4.94151055,0,1
4.94201045,0,0
4.94251015,0,1
4.9430101,0,0
4.94350975,0,1
4.94400975,0,0
4.94450945,0,1
4.9450094,0,0
4.9455091,0,1
4.94600905,0,0
4.9465088,0,1
4.94700875,0,0
4.94750845,0,1
4.9480084,0,0
4.94850805,0,1
4.949008,0,0
4.9495077,0,1
4.9500077,0,0
4.95050745,0,1
4.95100745,0,0
4.9515072,0,1
4.95200715,0,0
4.95250685,0,1
4.9530068,0,0
4.9535065,0,1
4.9540065,0,0
4.95450625,0,1
4.95500625,0,0
4.955506,0,1
4.95600595,0,0
4.95650575,0,1
4.9570057,0,0
4.95750535,0,1
4.9580053,0,0
4.958505,0,1
4.9590049,0,0
4.9595046,0,1
4.9600046,0,0
4.9605043,0,1
4.9610043,0,0
4.961504,0,1
4.96200395,0,0
4.96250365,0,1
4.9630037,0,0
4.9635034,0,1
4.9640034,0,0
4.96450315,0,1
4.9650031,0,0
4.96550285,0,1
4.9660028,0,0
4.9665025,0,1
4.96700245,0,0
4.9675022,0,1
4.9680022,0,0
4.9685019,0,1
4.96900185,0,0
4.9695016,0,1
4.97000155,0,0
4.97050135,0,1
4.9710014,0,0
4.97150115,0,1
4.9720011,0,0
4.97250085,0,1
4.9730008,0,0
4.97350045,0,1
4.9740004,0,0
4.97450015,0,1
4.9750001,0,0
4.9754998,0,1
4.9759998,0,0
4.9764995,0,1
4.9769995,0,0
4.9774992,0,1
4.9779992,0,0
4.9784989,0,1
4.9789988,0,0
4.97949855,0,1
4.97999855,0,0
4.9804983,0,1
4.98099825,0,0
4.98149795,0,1
4.98199785,0,0
4.9824976,0,1
4.98299755,0,0
4.9834972,0,1
4.98399725,0,0
4.98449695,0,1
4.98499695,0,0
4.9854966,0,1
4.98599655,0,0
4.98649625,0,1
4.9869962,0,0
4.9874959,0,1
4.9879958,0,0
4.9884955,0,1
4.98899545,0,0
4.9894952,0,1
4.98999515,0,0
4.99049485,0,1
4.9909948,0,0
4.9914945,0,1
4.99199445,0,0
4.99249415,0,1
4.99299415,0,0
4.99349385,0,1
4.9939938,0,0
4.9944935,0,1
4.9949935,0,0
4.9954932,0,1
4.99599315,0,0
4.9964928,0,1
4.9969927,0,0
4.99749235,0,1
4.9979923,0,0
4.998492,0,1
4.998992,0,0
4.99949165,0,1
4.99999165,0,0
