timestamp_s,CH0,CH1
0.0,0,0
0.0002611,0,1
0.00076115,0,0
0.0012609,0,1
0.001761,0,0
0.00226075,0,1
0.0027608,0,0
0.0032606,0,1
0.00376065,0,0
0.00426045,0,1
0.0047605,0,0
0.00526025,0,1
0.0057603,0,0
0.0062601,0,1
0.00676015,0,0
0.00725995,0,1
0.00775995,0,0
0.00825975,0,1
0.00875975,0,0
0.00925955,0,1
0.0097596,0,0
0.0102594,0,1
0.01075935,0,0
0.01125915,0,1
0.0117592,0,0
0.01225905,0,1
0.0127591,0,0
0.0132589,0,1
0.013759,0,0
0.0142588,0,1
0.01475885,0,0
0.01525865,0,1
0.0157587,0,0
0.0162585,0,1
0.0167586,0,0
0.0172584,0,1
0.01775845,0,0
0.01825825,0,1
0.01875825,0,0
0.01925805,0,1
0.0197581,0,0
0.02025785,0,1
0.02075795,0,0
0.02125775,0,1
0.0217578,0,0
0.0222576,0,1
0.0227577,0,0
0.0232575,0,1
0.0237576,0,0
0.0242574,0,1
0.0247575,0,0
0.0252573,0,1
0.02575735,0,0
0.02625715,0,1
0.02675725,0,0
0.02725705,0,1
0.0277571,0,0
0.02825695,0,1
0.028757,0,0
0.02925685,0,1
0.0297569,0,0
0.0302567,0,1
0.0307567,0,0
0.03125655,0,1
0.0317566,0,0
0.03225645,0,1
0.03275655,0,0
0.0332564,0,1
0.0337565,0,0
0.0342563,0,1
0.03475635,0,0
0.0352562,0,1
0.03575625,0,0
0.03625605,0,1
0.0367561,0,0
0.03725595,0,1
0.037756,0,0
0.03825575,0,1
0.0387557,0,0
0.03925545,0,1
0.03975545,0,0
0.04025525,0,1
0.0407553,0,0
0.04125515,0,1
0.04175515,0,0
0.04225495,0,1
0.042755,0,0
0.0432548,0,1
0.0437549,0,0
0.0442547,0,1
0.0447548,0,0
0.0452546,0,1
0.04575465,0,0
0.04625445,0,1
0.0467545,0,0
0.04725455,0,1
0.04775475,0,0
0.04825435,0,1
0.0487544,0,0
0.0492542,0,1
0.0497542,0,0
0.05000105,1,0
0.05025435,1,1
0.050754,1,0
0.05125415,1,1
0.0517538,1,0
0.0522536,1,1
0.05275375,1,0
0.05325345,1,1
0.0537535,1,0
0.05425325,1,1
0.05475325,1,0
0.05525335,1,1
0.05575445,1,0
0.0562526,1,1
0.05675255,1,0
0.05725235,1,1
0.05775235,1,0
0.05825215,1,1
0.0587522,1,0
0.05925195,1,1
0.05975195,1,0
0.0602517,1,1
0.0607517,1,0
0.0612515,1,1
0.0617515,1,0
0.0622513,1,1
0.0627513,1,0
0.06325105,1,1
0.0637511,1,0
0.06425095,1,1
0.064751,1,0
0.0652508,1,1
0.06575085,1,0
0.06597405,0,0
0.066251,0,1
0.06675075,0,0
0.0672506,0,1
0.067751,0,0
0.06825045,0,1
0.0687505,0,0
0.0692503,0,1
0.0697503,0,0
0.0702501,0,1
0.0707501,0,0
0.07125,0,1
0.07174975,0,0
0.0722496,0,1
0.0727501,0,0
0.0732495,0,1
0.07374955,0,0
0.07424945,0,1
0.07474935,0,0
0.0752492,0,1
0.07574915,0,0
0.07624895,0,1
0.076749,0,0
0.0772488,0,1
0.07774885,0,0
0.07824865,0,1
0.0787487,0,0
0.0792485,0,1
0.0797486,0,0
0.08024835,0,1
0.0807484,0,0
0.08124815,0,1
0.0817482,0,0
0.08224795,0,1
0.082748,0,0
0.0832478,0,1
0.08374785,0,0
0.08424755,0,1
0.08474755,0,0
0.08524725,0,1
0.08574725,0,0
0.086247,0,1
0.086747,0,0
0.0872468,0,1
0.0877468,0,0
0.08824655,0,1
0.08874665,0,0
0.0892464,0,1
0.08974645,0,0
0.09024625,0,1
0.0907463,0,0
0.0912461,0,1
0.0917461,0,0
0.09224595,0,1
0.09274605,0,0
0.09324585,0,1
0.09374585,0,0
0.09424565,0,1
0.09474565,0,0
0.0952454,0,1
0.0957454,0,0
0.0962452,0,1
0.0967452,0,0
0.097245,0,1
0.09774505,0,0
0.0982448,0,1
0.0987448,0,0
0.0992446,0,1
0.09974465,0,0
0.1002444,0,1
0.1007444,0,0
0.1012442,0,1
0.10174425,0,0
0.10224405,0,1
0.1027441,0,0
0.1032439,0,1
0.103744,0,0
0.1042438,0,1
0.1047438,0,0
0.1052436,0,1
0.1057436,0,0
0.1062434,0,1
0.1067434,0,0
0.10724315,0,1
0.1077432,0,0
0.10824295,0,1
0.10874305,0,0
0.10924285,0,1
0.10974285,0,0
0.1102426,0,1
0.1107426,0,0
0.1112424,0,1
0.11174245,0,0
0.11224225,0,1
0.1127423,0,0
0.1132421,0,1
0.11374215,0,0
0.1142419,0,1
0.11474195,0,0
0.1152417,0,1
0.11574175,0,0
0.11624155,0,1
0.11674155,0,0
0.1172413,0,1
0.1177414,0,0
0.1182412,0,1
0.11874125,0,0
0.11924105,0,1
0.11974105,0,0
0.12024085,0,1
0.1207409,0,0
0.12124075,0,1
0.1217408,0,0
0.12224065,0,1
0.1227407,0,0
0.1232406,0,1
0.12374075,0,0
0.1242404,0,1
0.12474045,0,0
0.12524025,0,1
0.1257403,0,0
0.12624005,0,1
0.12674015,0,0
0.12723995,0,1
0.12774,0,0
0.12823995,0,1
0.1287399,0,0
0.1292398,0,1
0.1297398,0,0
0.1302396,0,1
0.13073965,0,0
0.13123945,0,1
0.1317399,0,0
0.13223925,0,1
0.13273925,0,0
0.13323905,0,1
0.1337391,0,0
0.1342389,0,1
0.134739,0,0
0.13523875,0,1
0.1357388,0,0
0.1362387,0,1
0.13673875,0,0
0.1372386,0,1
0.13773865,0,0
0.13823845,0,1
0.1387385,0,0
0.13923835,0,1
0.13973845,0,0
0.14023835,0,1
0.1407384,0,0
0.14123835,0,1
0.1417384,0,0
0.14223835,0,1
0.1427383,0,0
0.1432381,0,1
0.1437381,0,0
0.1442378,0,1
0.144738,0,0
0.14523785,0,1
0.14573815,0,0
0.1462381,0,1
0.146738,0,0
0.14723795,0,1
0.147738,0,0
0.14823745,0,1
0.14873755,0,0
0.1492378,0,1
0.1497375,0,0
0.1502377,0,1
0.1507368,0,0
0.1512371,0,1
0.1517372,0,0
0.1522372,0,1
0.1527373,0,0
0.15323725,0,1
0.1537372,0,0
0.15423705,0,1
0.15473715,0,0
0.15523685,0,1
0.1557371,0,0
0.156237,0,1
0.15673735,0,0
0.15723695,0,1
0.15773745,0,0
0.15823695,0,1
0.15873695,0,0
0.1592369,0,1
0.15973725,0,0
0.1602368,0,1
0.16073685,0,0
0.1612367,0,1
0.16173675,0,0
0.1622368,0,1
0.1627366,0,0
0.1632364,0,1
0.1637367,0,0
0.1642363,0,1
0.16473665,0,0
0.1652361,0,1
0.1657362,0,0
0.16623615,0,1
0.16673625,0,0
0.16723625,0,1
0.1677362,0,0
0.16823605,0,1
0.16873615,0,0
0.16923585,0,1
0.16973605,0,0
0.1702359,0,1
0.1707361,0,0
0.17123585,0,1
0.1717362,0,0
0.17223585,0,1
0.1727359,0,0
0.17323585,0,1
0.173736,0,0
0.17423625,0,1
0.1747359,0,0
0.1752362,0,1
0.1757361,0,0
0.17623585,0,1
0.1767365,0,0
0.177236,0,1
0.17773645,0,0
0.17823645,0,1
0.1787362,0,0
0.17923605,0,1
0.17973605,0,0
0.180236,0,1
0.1807361,0,0
0.18123605,0,1
0.18173605,0,0
0.1822359,0,1
0.18273605,0,0
0.1832362,0,1
0.1837361,0,0
0.184236,0,1
0.18473595,0,0
0.18523635,0,1
0.1857361,0,0
0.18623625,0,1
0.186736,0,0
0.187236,0,1
0.1877362,0,0
0.1882362,0,1
0.18873625,0,0
0.1892362,0,1
0.18973635,0,0
0.19023655,0,1
0.19073645,0,0
0.1912363,0,1
0.19173625,0,0
0.19223625,0,1
0.1927365,0,0
0.1932362,0,1
0.19373625,0,0
0.19423615,0,1
0.19473625,0,0
0.1952363,0,1
0.19573645,0,0
0.19623645,0,1
0.19673645,0,0
0.19723635,0,1
0.19773645,0,0
0.1982366,0,1
0.1987364,0,0
0.1992363,0,1
0.19973635,0,0
0.20023635,0,1
0.2007366,0,0
0.2012364,0,1
0.2017364,0,0
0.20223665,0,1
0.2027365,0,0
0.2032364,0,1
0.20373685,0,0
0.20423635,0,1
0.2047367,0,0
0.2052363,0,1
0.2057364,0,0
0.2062363,0,1
0.2067363,0,0
0.2072367,0,1
0.20773645,0,0
0.20823655,0,1
0.2087363,0,0
0.20923625,0,1
0.2097364,0,0
0.2102365,0,1
0.21073665,0,0
0.21123665,0,1
0.21173665,0,0
0.21223655,0,1
0.2127367,0,0
0.21323655,0,1
0.2137367,0,0
0.21423655,0,1
0.214737,0,0
0.21523645,0,1
0.2157369,0,0
0.2162364,0,1
0.2167364,0,0
0.2172364,0,1
0.21773685,0,0
0.21823635,0,1
0.21873685,0,0
0.2192363,0,1
0.2197367,0,0
0.2202363,0,1
0.2207364,0,0
0.22123625,0,1
0.2217363,0,0
0.22223615,0,1
0.2227364,0,0
0.2232361,0,1
0.2237361,0,0
0.224236,0,1
0.2247361,0,0
0.2252361,0,1
0.22573625,0,0
0.22623605,0,1
0.22673615,0,0
0.22723595,0,1
0.2277361,0,0
0.2282362,0,1
0.2287361,0,0
0.22923595,0,1
0.2297361,0,0
0.23023635,0,1
0.2307361,0,0
0.2312362,0,1
0.23173595,0,0
0.23223595,0,1
0.23273605,0,0
0.233236,0,1
0.233736,0,0
0.23423585,0,1
0.234736,0,0
0.2352359,0,1
0.235736,0,0
0.23623585,0,1
0.23673635,0,0
0.23723585,0,1
0.23773635,0,0
0.23823585,0,1
0.2387359,0,0
0.2392358,0,1
0.23973595,0,0
0.24023595,0,1
0.24073605,0,0
0.2412361,0,1
0.2417361,0,0
0.242236,0,1
0.2427361,0,0
0.2432363,0,1
0.24373615,0,0
0.24423605,0,1
0.24473605,0,0
0.2452361,0,1
0.24573635,0,0
0.24623615,0,1
0.2467361,0,0
0.2472361,0,1
0.24773625,0,0
0.2482361,0,1
0.24873665,0,0
0.24923615,0,1
0.24973655,0,0
0.2502362,0,1
0.25073675,0,0
0.2512363,0,1
0.25173645,0,0
0.2522363,0,1
0.2527366,0,0
0.25323635,0,1
0.2537364,0,0
0.25423625,0,1
0.2547364,0,0
0.25523635,0,1
0.2557365,0,0
0.2562365,0,1
0.2567365,0,0
0.25723635,0,1
0.25773645,0,0
0.2582366,0,1
0.25873645,0,0
0.2592363,0,1
0.25973635,0,0
0.2602363,0,1
0.26073655,0,0
0.2612363,0,1
0.2617363,0,0
0.26223635,0,1
0.26273645,0,0
0.26323645,0,1
0.2637364,0,0
0.26423625,0,1
0.26473635,0,0
0.26523615,0,1
0.26573625,0,0
0.26623605,0,1
0.2667361,0,0
0.26723595,0,1
0.26773615,0,0
0.2682359,0,1
0.26873585,0,0
0.2692357,0,1
0.2697358,0,0
0.27023575,0,1
0.27073575,0,0
0.2712357,0,1
0.27173565,0,0
0.2722355,0,1
0.27273555,0,0
0.2732356,0,1
0.27373545,0,0
0.2742353,0,1
0.2747352,0,0
0.2752352,0,1
0.27573565,0,0
0.2762351,0,1
0.2767351,0,0
0.2772351,0,1
0.27773545,0,0
0.27823505,0,1
0.27873555,0,0
0.279235,0,1
0.27973535,0,0
0.28023485,0,1
0.2807353,0,0
0.28123475,0,1
0.2817348,0,0
0.282235,0,1
0.2827347,0,0
0.2832348,0,1
0.2837345,0,0
0.2842343,0,1
0.28473435,0,0
0.2852343,0,1
0.28573435,0,0
0.28623425,0,1
0.2867342,0,0
0.287234,0,1
0.28773405,0,0
0.2882341,0,1
0.2887339,0,0
0.28923365,0,1
0.2897336,0,0
0.2902339,0,1
0.29073355,0,0
0.2912336,0,1
0.2917333,0,0
0.2922332,0,1
0.2927335,0,0
0.29323305,0,1
0.2937335,0,0
0.294233,0,1
0.29473335,0,0
0.2952329,0,1
0.29573335,0,0
0.29623275,0,1
0.2967327,0,0
0.29723265,0,1
0.29773285,0,0
0.29823255,0,1
0.2987325,0,0
0.2992323,0,1
0.2997324,0,0
0.30023235,0,1
0.3007324,0,0
0.3012323,0,1
0.30173225,0,0
0.30223205,0,1
0.3027321,0,0
0.3032322,0,1
0.303732,0,0
0.3042318,0,1
0.30473175,0,0
0.30523175,0,1
0.305732,0,0
0.3062317,0,1
0.30673165,0,0
0.3072316,0,1
0.30773195,0,0
0.3082315,0,1
0.30873195,0,0
0.3092314,0,1
0.3097317,0,0
0.3102313,0,1
0.31073175,0,0
0.31123115,0,1
0.31173105,0,0
0.31223105,0,1
0.31273125,0,0
0.31323095,0,1
0.31373095,0,0
0.3142308,0,1
0.3147309,0,0
0.31523085,0,1
0.31573095,0,0
0.31623085,0,1
0.3167308,0,0
0.3172306,0,1
0.31773065,0,0
0.3182307,0,1
0.3187305,0,0
0.31923035,0,1
0.31973035,0,0
0.3202302,0,1
0.32073045,0,0
0.32123015,0,1
0.3217301,0,0
0.32223045,0,1
0.32273015,0,0
0.32323,0,1
0.3237304,0,0
0.32422985,0,1
0.32473015,0,0
0.3252297,0,1
0.32572975,0,0
0.3262296,0,1
0.3267297,0,0
0.3272295,0,1
0.3277297,0,0
0.32822945,0,1
0.3287294,0,0
0.3292292,0,1
0.3297293,0,0
0.33022925,0,1
0.3307293,0,0
0.3312292,0,1
0.33172915,0,0
0.33222895,0,1
0.33272905,0,0
0.3332291,0,1
0.33372895,0,0
0.33422875,0,1
0.3347288,0,0
0.3352286,0,1
0.3357288,0,0
0.33622845,0,1
0.33672835,0,0
0.3372283,0,1
0.3377287,0,0
0.33822815,0,1
0.3387286,0,0
0.3392281,0,1
0.3397284,0,0
0.340228,0,1
0.3407281,0,0
0.34122795,0,1
0.34172805,0,0
0.34222785,0,1
0.3427281,0,0
0.34322775,0,1
0.3437277,0,0
0.3442275,0,1
0.3447276,0,0
0.34522755,0,1
0.3457276,0,0
0.34622755,0,1
0.34672755,0,0
0.34722735,0,1
0.3477274,0,0
0.34822745,0,1
0.3487273,0,0
0.34922715,0,1
0.34972725,0,0
0.35022745,0,1
0.35072715,0,0
0.3512272,0,1
0.3517269,0,0
0.35222685,0,1
0.35272695,0,0
0.3532269,0,1
0.35372685,0,0
0.35422665,0,1
0.35472665,0,0
0.3552264,0,1
0.35572645,0,0
0.3562262,0,1
0.35672665,0,0
0.3572261,0,1
0.3577265,0,0
0.35822595,0,1
0.35872585,0,0
0.35922565,0,1
0.3597257,0,0
0.36022565,0,1
0.3607257,0,0
0.36122565,0,1
0.36172555,0,0
0.3622254,0,1
0.36272545,0,0
0.3632255,0,1
0.3637253,0,0
0.36422515,0,1
0.3647251,0,0
0.36522505,0,1
0.36572525,0,0
0.36622495,0,1
0.36672485,0,0
0.3672248,0,1
0.3677248,0,0
0.3682246,0,1
0.36872505,0,0
0.36922455,0,1
0.3697249,0,0
0.3702245,0,1
0.370725,0,0
0.37122445,0,1
0.3717245,0,0
0.37222435,0,1
0.3727246,0,0
0.3732243,0,1
0.3737243,0,0
0.3742236,0,1
0.37472415,0,0
0.3752241,0,1
0.3757242,0,0
0.37622405,0,1
0.37672415,0,0
0.377224,0,1
0.37772445,0,0
0.37822385,0,1
0.3787238,0,0
0.37922365,0,1
0.37972375,0,0
0.3802236,0,1
0.38072365,0,0
0.3812235,0,1
0.38172355,0,0
0.3822234,0,1
0.3827235,0,0
0.38322325,0,1
0.3837233,0,0
0.3842231,0,1
0.38472315,0,0
0.38522295,0,1
0.38572305,0,0
0.38622285,0,1
0.3867229,0,0
0.3872227,0,1
0.38772275,0,0
0.3882226,0,1
0.38872265,0,0
0.38922245,0,1
0.38972255,0,0
0.39022235,0,1
0.3907224,0,0
0.3912222,0,1
0.39172225,0,0
0.39222205,0,1
0.3927221,0,0
0.39322195,0,1
0.393722,0,0
0.39422185,0,1
0.39472185,0,0
0.39522165,0,1
0.39572175,0,0
0.39622155,0,1
0.3967216,0,0
0.3972214,0,1
0.3977215,0,0
0.3982213,0,1
0.3987214,0,0
0.3992212,0,1
0.3997213,0,0
0.4002211,0,1
0.40072115,0,0
0.40122095,0,1
0.40172105,0,0
0.40222085,0,1
0.4027209,0,0
0.40322075,0,1
0.4037208,0,0
0.4042206,0,1
0.4047207,0,0
0.40522055,0,1
0.4057206,0,0
0.4062204,0,1
0.40672055,0,0
0.40722045,0,1
0.4077205,0,0
0.40822035,0,1
0.4087204,0,0
0.40922025,0,1
0.4097203,0,0
0.4102201,0,1
0.4107202,0,0
0.41122,0,1
0.41172,0,0
0.4122198,0,1
0.41271985,0,0
0.41321965,0,1
0.41371975,0,0
0.41421955,0,1
0.4147196,0,0
0.41521945,0,1
0.4157195,0,0
0.41621935,0,1
0.4167194,0,0
0.41721925,0,1
0.4177194,0,0
0.41821925,0,1
0.41871935,0,0
0.41921915,0,1
0.4197193,0,0
0.4202191,0,1
0.42071915,0,0
0.421219,0,1
0.421719,0,0
0.4222188,0,1
0.42271885,0,0
0.42321865,0,1
0.4237187,0,0
0.42421845,0,1
0.42471845,0,0
0.4252183,0,1
0.4257183,0,0
0.4262181,0,1
0.42671815,0,0
0.42721795,0,1
0.42771795,0,0
0.42821775,0,1
0.4287178,0,0
0.4292176,0,1
0.42971765,0,0
0.43021745,0,1
0.4307176,0,0
0.43121735,0,1
0.43171745,0,0
0.43221725,0,1
0.4327173,0,0
0.4332171,0,1
0.43371715,0,0
0.43421695,0,1
0.434717,0,0
0.4352168,0,1
0.43571685,0,0
0.43621665,0,1
0.43671665,0,0
0.43721645,0,1
0.4377165,0,0
0.4382163,0,1
0.43871635,0,0
0.43921615,0,1
0.4397162,0,0
0.440216,0,1
0.440716,0,0
0.4412158,0,1
0.44171585,0,0
0.4422156,0,1
0.44271565,0,0
0.44321545,0,1
0.4437155,0,0
0.44421535,0,1
0.4447154,0,0
0.44521515,0,1
0.4457152,0,0
0.446215,0,1
0.4467151,0,0
0.44721485,0,1
0.4477149,0,0
0.4482147,0,1
0.44871475,0,0
0.4492145,0,1
0.4497146,0,0
0.45021445,0,1
0.4507145,0,0
0.45121425,0,1
0.45171425,0,0
0.45221405,0,1
0.4527141,0,0
0.4532139,0,1
0.45371395,0,0
0.45421375,0,1
0.45471375,0,0
0.4552136,0,1
0.45571365,0,0
0.45621345,0,1
0.4567135,0,0
0.45721325,0,1
0.45771325,0,0
0.45821305,0,1
0.45871305,0,0
0.45921285,0,1
0.45971295,0,0
0.46021275,0,1
0.4607128,0,0
0.4612126,0,1
0.46171265,0,0
0.4622124,0,1
0.4627124,0,0
0.4632122,0,1
0.4637123,0,0
0.46421215,0,1
0.4647122,0,0
0.46521205,0,1
0.46571215,0,0
0.46621195,0,1
0.466712,0,0
0.46721175,0,1
0.46771175,0,0
0.4682115,0,1
0.46871155,0,0
0.46921135,0,1
0.46971145,0,0
0.47021125,0,1
0.4707113,0,0
0.47121115,0,1
0.47171115,0,0
0.472211,0,1
0.47271105,0,0
0.47321075,0,1
0.4737108,0,0
0.4742106,0,1
0.4747106,0,0
0.47521035,0,1
0.4757104,0,0
0.4762102,0,1
0.47671025,0,0
0.47721005,0,1
0.4777101,0,0
0.4782099,0,1
0.47870995,0,0
0.47920975,0,1
0.4797098,0,0
0.4802096,0,1
0.48070965,0,0
0.48120945,0,1
0.48170955,0,0
0.4822094,0,1
0.4827095,0,0
0.48320935,0,1
0.4837094,0,0
0.48420925,0,1
0.4847093,0,0
0.4852091,0,1
0.4857092,0,0
0.48620905,0,1
0.48670915,0,0
0.487209,0,1
0.4877091,0,0
0.4882089,0,1
0.488709,0,0
0.48920885,0,1
0.48970895,0,0
0.4902088,0,1
0.49070885,0,0
0.4912087,0,1
0.49170875,0,0
0.49220855,0,1
0.4927086,0,0
0.4932084,0,1
0.49370845,0,0
0.4942082,0,1
0.49470825,0,0
0.495208,0,1
0.4957081,0,0
0.4962079,0,1
0.496708,0,0
0.4972079,0,1
0.497708,0,0
0.49820785,0,1
0.49870795,0,0
0.49920775,0,1
0.49970785,0,0
0.5002077,0,1
0.50070775,0,0
0.50120755,0,1
0.5017076,0,0
0.50220745,0,1
0.5027075,0,0
0.50320735,0,1
0.50370745,0,0
0.50420725,0,1
0.5047073,0,0
0.5052071,0,1
0.50570715,0,0
0.506207,0,1
0.50670705,0,0
0.5072069,0,1
0.507707,0,0
0.50820685,0,1
0.5087069,0,0
0.5092068,0,1
0.5097069,0,0
0.5102068,0,1
0.51070685,0,0
0.51120665,0,1
0.51170675,0,0
0.51220665,0,1
0.5127067,0,0
0.51320655,0,1
0.51370665,0,0
0.5142065,0,1
0.5147065,0,0
0.5152063,0,1
0.5157064,0,0
0.5162062,0,1
0.5167063,0,0
0.51720605,0,1
0.51770605,0,0
0.5182059,0,1
0.518706,0,0
0.5192058,0,1
0.51970585,0,0
0.5202056,0,1
0.52070565,0,0
0.52120545,0,1
0.52170545,0,0
0.5222052,0,1
0.5227052,0,0
0.523205,0,1
0.523705,0,0
0.5242048,0,1
0.5247049,0,0
0.52520465,0,1
0.52570475,0,0
0.52620455,0,1
0.5267046,0,0
0.5272044,0,1
0.52770445,0,0
0.5282043,0,1
0.52870435,0,0
0.5292042,0,1
0.52970425,0,0
0.53020405,0,1
0.5307041,0,0
0.53120395,0,1
0.531704,0,0
0.53220385,0,1
0.5327039,0,0
0.53320375,0,1
0.53370385,0,0
0.53420365,0,1
0.53470375,0,0
0.5352036,0,1
0.53570365,0,0
0.53620355,0,1
0.5367036,0,0
0.5372034,0,1
0.5377035,0,0
0.5382033,0,1
0.5387034,0,0
0.5392032,0,1
0.5397033,0,0
0.5402031,0,1
0.5407032,0,0
0.5412031,0,1
0.54170315,0,0
0.54220295,0,1
0.542703,0,0
0.54320275,0,1
0.5437028,0,0
0.54420255,0,1
0.54470255,0,0
0.5452023,0,1
0.54570235,0,0
0.54620225,0,1
0.54670235,0,0
0.5472021,0,1
0.54770215,0,0
0.548202,0,1
0.5487021,0,0
0.54920195,0,1
0.54970205,0,0
0.5502019,0,1
0.5507019,0,0
0.55120175,0,1
0.5517018,0,0
0.5522016,0,1
0.5527016,0,0
0.5532014,0,1
0.55370145,0,0
0.5542012,0,1
0.55470125,0,0
0.55520105,0,1
0.55570105,0,0
0.55620085,0,1
0.5567009,0,0
0.55720075,0,1
0.5577008,0,0
0.5582006,0,1
0.55870065,0,0
0.5592004,0,1
0.55970045,0,0
0.56020025,0,1
0.56070035,0,0
0.5612002,0,1
0.56170025,0,0
0.56220005,0,1
0.5627001,0,0
0.56319995,0,1
0.5637,0,0
0.5641998,0,1
0.56469985,0,0
0.56519965,0,1
0.56569965,0,0
0.56619945,0,1
0.5666995,0,0
0.56719925,0,1
0.5676993,0,0
0.5681991,0,1
0.56869915,0,0
0.56919895,0,1
0.569699,0,0
0.5701988,0,1
0.5706988,0,0
0.5711986,0,1
0.57169865,0,0
0.57219845,0,1
0.57269855,0,0
0.5731983,0,1
0.57369835,0,0
0.57419815,0,1
0.5746982,0,0
0.57519795,0,1
0.575698,0,0
0.5761978,0,1
0.5766979,0,0
0.5771977,0,1
0.57769775,0,0
0.57819755,0,1
0.57869755,0,0
0.57919735,0,1
0.5796974,0,0
0.58019715,0,1
0.58069715,0,0
0.581197,0,1
0.58169705,0,0
0.5821968,0,1
0.5826969,0,0
0.5831967,0,1
0.58369675,0,0
0.5841966,0,1
0.58469665,0,0
0.58519645,0,1
0.5856965,0,0
0.5861963,0,1
0.5866964,0,0
0.5871962,0,1
0.58769625,0,0
0.58819605,0,1
0.588696,0,0
0.5891958,0,1
0.5896959,0,0
0.59019575,0,1
0.59069585,0,0
0.59119565,0,1
0.59169565,0,0
0.59219545,0,1
0.5926955,0,0
0.5931953,0,1
0.59369535,0,0
0.5941951,0,1
0.59469515,0,0
0.595195,0,1
0.59569505,0,0
0.5961948,0,1
0.5966948,0,0
0.5971946,0,1
0.59769465,0,0
0.59819435,0,1
0.59869435,0,0
0.5991942,0,1
0.5996943,0,0
0.6001941,0,1
0.60069415,0,0
0.60119395,0,1
0.601694,0,0
0.60219385,0,1
0.6026939,0,0
0.60319375,0,1
0.60369385,0,0
0.6041936,0,1
0.6046937,0,0
0.60519345,0,1
0.6056936,0,0
0.6061934,0,1
0.60669345,0,0
0.6071933,0,1
0.60769335,0,0
0.6081932,0,1
0.6086933,0,0
0.6091932,0,1
0.6096932,0,0
0.610193,0,1
0.610693,0,0
0.6111928,0,1
0.6116928,0,0
0.61219255,0,1
0.6126926,0,0
0.61319245,0,1
0.6136925,0,0
0.61419235,0,1
0.6146924,0,0
0.6151922,0,1
0.6156923,0,0
0.61619205,0,1
0.61669205,0,0
0.61719185,0,1
0.61769185,0,0
0.6181916,0,1
0.61869165,0,0
0.61919145,0,1
0.6196915,0,0
0.62019125,0,1
0.6206913,0,0
0.6211911,0,1
0.62169115,0,0
0.6221909,0,1
0.622691,0,0
0.6231908,0,1
0.62369085,0,0
0.62419065,0,1
0.6246907,0,0
0.6251905,0,1
0.6256905,0,0
0.6261903,0,1
0.62669035,0,0
0.62719015,0,1
0.62769015,0,0
0.62819,0,1
0.62869005,0,0
0.6291899,0,1
0.62968995,0,0
0.63018975,0,1
0.6306898,0,0
0.63118965,0,1
0.6316897,0,0
0.6321895,0,1
0.63268955,0,0
0.63318935,0,1
0.6336894,0,0
0.63418915,0,1
0.6346892,0,0
0.63518905,0,1
0.63568905,0,0
0.63618885,0,1
0.6366889,0,0
0.6371887,0,1
0.63768875,0,0
0.6381886,0,1
0.6386887,0,0
0.63918845,0,1
0.6396885,0,0
0.6401883,0,1
0.64068835,0,0
0.64118805,0,1
0.6416881,0,0
0.64218785,0,1
0.6426879,0,0
0.64318775,0,1
0.6436878,0,0
0.64418765,0,1
0.64468765,0,0
0.6451874,0,1
0.64568745,0,0
0.64618725,0,1
0.64668735,0,0
0.6471872,0,1
0.6476873,0,0
0.64818715,0,1
0.64868725,0,0
0.64918705,0,1
0.6496871,0,0
0.6501869,0,1
0.65068695,0,0
0.6511868,0,1
0.6516869,0,0
0.6521867,0,1
0.65268675,0,0
0.6531866,0,1
0.6536867,0,0
0.6541865,0,1
0.6546866,0,0
0.65518635,0,1
0.65568645,0,0
0.6561863,0,1
0.6566864,0,0
0.6571863,0,1
0.6576864,0,0
0.65818625,0,1
0.6586863,0,0
0.6591861,0,1
0.6596862,0,0
0.660186,0,1
0.66068605,0,0
0.6611858,0,1
0.66168585,0,0
0.6621856,0,1
0.6626856,0,0
0.6631854,0,1
0.6636855,0,0
0.6641853,0,1
0.66468535,0,0
0.6651852,0,1
0.6656853,0,0
0.66618515,0,1
0.6666852,0,0
0.66718505,0,1
0.6676851,0,0
0.6681849,0,1
0.668685,0,0
0.6691848,0,1
0.66968485,0,0
0.67018465,0,1
0.67068475,0,0
0.6711845,0,1
0.6716846,0,0
0.6721844,0,1
0.6726844,0,0
0.6731842,0,1
0.6736843,0,0
0.67418415,0,1
0.6746842,0,0
0.675184,0,1
0.67568405,0,0
0.67618385,0,1
0.6766839,0,0
0.67718365,0,1
0.6776837,0,0
0.67818345,0,1
0.6786835,0,0
0.67918325,0,1
0.6796833,0,0
0.6801831,0,1
0.6806832,0,0
0.681183,0,1
0.681683,0,0
0.68218275,0,1
0.68268285,0,0
0.68318265,0,1
0.6836827,0,0
0.68418255,0,1
0.68468265,0,0
0.68518245,0,1
0.6856825,0,0
0.6861823,0,1
0.68668235,0,0
0.6871822,0,1
0.68768225,0,0
0.6881821,0,1
0.68868215,0,0
0.689182,0,1
0.689682,0,0
0.6901818,0,1
0.69068185,0,0
0.6911817,0,1
0.6916817,0,0
0.6921815,0,1
0.69268155,0,0
0.6931814,0,1
0.6936815,0,0
0.6941813,0,1
0.6946814,0,0
0.6951812,0,1
0.6956813,0,0
0.69618115,0,1
0.69668125,0,0
0.6971811,0,1
0.69768115,0,0
0.69818095,0,1
0.698681,0,0
0.69918085,0,1
0.69968095,0,0
0.7001808,0,1
0.70068085,0,0
0.70118065,0,1
0.7016807,0,0
0.7021805,0,1
0.70268055,0,0
0.7031804,0,1
0.7036804,0,0
0.70418015,0,1
0.7046802,0,0
0.70517995,0,1
0.70568,0,0
0.70617975,0,1
0.70667985,0,0
0.70717965,0,1
0.70767965,0,0
0.70817945,0,1
0.70867955,0,0
0.7091794,0,1
0.7096794,0,0
0.7101792,0,1
0.71067925,0,0
0.71117905,0,1
0.71167915,0,0
0.71217895,0,1
0.712679,0,0
0.7131788,0,1
0.71367885,0,0
0.71417865,0,1
0.7146787,0,0
0.7151785,0,1
0.71567855,0,0
0.7161784,0,1
0.7166785,0,0
0.7171783,0,1
0.71767835,0,0
0.71817815,0,1
0.71867825,0,0
0.71917805,0,1
0.71967815,0,0
0.72017795,0,1
0.720678,0,0
0.7211778,0,1
0.72167785,0,0
0.7221776,0,1
0.72267755,0,0
0.72317735,0,1
0.7236774,0,0
0.7241772,0,1
0.72467725,0,0
0.72517695,0,1
0.72567695,0,0
0.7261767,0,1
0.72667675,0,0
0.72717645,0,1
0.72767645,0,0
0.72817625,0,1
0.72867625,0,0
0.729176,0,1
0.72967605,0,0
0.7301758,0,1
0.7306758,0,0
0.7311756,0,1
0.73167565,0,0
0.7321755,0,1
0.7326755,0,0
0.73317525,0,1
0.73367525,0,0
0.734175,0,1
0.734675,0,0
0.73517475,0,1
0.7356748,0,0
0.73617455,0,1
0.7366745,0,0
0.73717425,0,1
0.73767425,0,0
0.73817395,0,1
0.7386739,0,0
0.7391737,0,1
0.73967375,0,0
0.7401735,0,1
0.7406735,0,0
0.7411733,0,1
0.7416733,0,0
0.74217305,0,1
0.74267305,0,0
0.7431728,0,1
0.7436728,0,0
0.7441726,0,1
0.74467255,0,0
0.74517235,0,1
0.7456723,0,0
0.74617205,0,1
0.7466721,0,0
0.74717185,0,1
0.74767185,0,0
0.7481716,0,1
0.74867155,0,0
0.7491713,0,1
0.74967135,0,0
0.7501711,0,1
0.7506711,0,0
0.75117085,0,1
0.75167085,0,0
0.75217065,0,1
0.7526706,0,0
0.75317035,0,1
0.75367035,0,0
0.7541701,0,1
0.75467,0,0
0.75516975,0,1
0.7556698,0,0
0.7561696,0,1
0.75666965,0,0
0.7571694,0,1
0.75766945,0,0
0.7581692,0,1
0.75866925,0,0
0.7591691,0,1
0.75966915,0,0
0.7601689,0,1
0.7606689,0,0
0.76116865,0,1
0.7616687,0,0
0.76216845,0,1
0.7626685,0,0
0.76316825,0,1
0.76366825,0,0
0.76416805,0,1
0.7646681,0,0
0.7651679,0,1
0.7656679,0,0
0.7661677,0,1
0.7666677,0,0
0.76716745,0,1
0.7676674,0,0
0.76816715,0,1
0.76866715,0,0
0.76916695,0,1
0.769667,0,0
0.7701668,0,1
0.77066685,0,0
0.7711666,0,1
0.7716666,0,0
0.7721664,0,1
0.7726664,0,0
0.77316615,0,1
0.7736662,0,0
0.77416595,0,1
0.774666,0,0
0.7751658,0,1
0.77566585,0,0
0.77616565,0,1
0.7766657,0,0
0.7771655,0,1
0.77766555,0,0
0.77816535,0,1
0.77866535,0,0
0.77916515,0,1
0.7796651,0,0
0.7801649,0,1
0.7806649,0,0
0.7811647,0,1
0.78166475,0,0
0.78216455,0,1
0.78266455,0,0
0.78316435,0,1
0.78366435,0,0
0.78416415,0,1
0.7846642,0,0
0.785164,0,1
0.78566405,0,0
0.78616385,0,1
0.78666395,0,0
0.78716375,0,1
0.7876638,0,0
0.7881636,0,1
0.78866365,0,0
0.78916345,0,1
0.78966345,0,0
0.7901632,0,1
0.79066325,0,0
0.79116305,0,1
0.7916631,0,0
0.7921629,0,1
0.79266295,0,0
0.79316275,0,1
0.7936628,0,0
0.79416255,0,1
0.7946626,0,0
0.79516245,0,1
0.7956625,0,0
0.79616235,0,1
0.7966624,0,0
0.79716225,0,1
0.79766235,0,0
0.7981622,0,1
0.7986623,0,0
0.79916215,0,1
0.79966225,0,0
0.8001621,0,1
0.80066215,0,0
0.801162,0,1
0.80166205,0,0
0.8021619,0,1
0.80266195,0,0
0.80316175,0,1
0.8036618,0,0
0.8041616,0,1
0.80466165,0,0
0.80516145,0,1
0.8056615,0,0
0.8061613,0,1
0.8066614,0,0
0.80716125,0,1
0.8076613,0,0
0.8081611,0,1
0.80866115,0,0
0.80916095,0,1
0.80966095,0,0
0.8101607,0,1
0.81066075,0,0
0.8111605,0,1
0.8116605,0,0
0.8121603,0,1
0.8126603,0,0
0.8131601,0,1
0.8136602,0,0
0.81416005,0,1
0.8146601,0,0
0.81515995,0,1
0.81566,0,0
0.81615985,0,1
0.81665995,0,0
0.8171598,0,1
0.8176599,0,0
0.8181597,0,1
0.8186598,0,0
0.81915965,0,1
0.8196597,0,0
0.82015955,0,1
0.8206596,0,0
0.82115935,0,1
0.8216594,0,0
0.8221592,0,1
0.82265925,0,0
0.82315905,0,1
0.82365905,0,0
0.82415885,0,1
0.82465895,0,0
0.82515875,0,1
0.8256588,0,0
0.8261586,0,1
0.82665865,0,0
0.8271584,0,1
0.82765845,0,0
0.82815825,0,1
0.82865825,0,0
0.82915805,0,1
0.8296581,0,0
0.8301579,0,1
0.83065795,0,0
0.83115775,0,1
0.8316578,0,0
0.8321576,0,1
0.8326576,0,0
0.8331574,0,1
0.83365735,0,0
0.83415715,0,1
0.83465715,0,0
0.8351569,0,1
0.8356569,0,0
0.83615665,0,1
0.8366566,0,0
0.8371564,0,1
0.8376564,0,0
0.8381562,0,1
0.8386562,0,0
0.839156,0,1
0.83965605,0,0
0.84015585,0,1
0.84065595,0,0
0.8411558,0,1
0.84165585,0,0
0.84215565,0,1
0.8426557,0,0
0.84315555,0,1
0.8436556,0,0
0.84415545,0,1
0.84465555,0,0
0.84515535,0,1
0.84565545,0,0
0.84615525,0,1
0.8466553,0,0
0.8471551,0,1
0.84765515,0,0
0.848155,0,1
0.8486551,0,0
0.84915495,0,1
0.849655,0,0
0.8501548,0,1
0.8506549,0,0
0.85115475,0,1
0.8516548,0,0
0.85215465,0,1
0.85265465,0,0
0.8531545,0,1
0.8536546,0,0
0.8541544,0,1
0.85465445,0,0
0.85515425,0,1
0.8556543,0,0
0.8561541,0,1
0.85665415,0,0
0.857154,0,1
0.85765405,0,0
0.8581539,0,1
0.85865395,0,0
0.8591538,0,1
0.85965385,0,0
0.86015365,0,1
0.86065375,0,0
0.8611536,0,1
0.86165365,0,0
0.8621535,0,1
0.86265355,0,0
0.86315335,0,1
0.8636534,0,0
0.8641532,0,1
0.8646533,0,0
0.8651531,0,1
0.86565315,0,0
0.86615295,0,1
0.86665305,0,0
0.86715285,0,1
0.86765295,0,0
0.8681528,0,1
0.86865295,0,0
0.8691528,0,1
0.8696529,0,0
0.8701527,0,1
0.8706528,0,0
0.87115255,0,1
0.87165265,0,0
0.87215245,0,1
0.87265255,0,0
0.8731524,0,1
0.87365245,0,0
0.8741523,0,1
0.8746524,0,0
0.87515225,0,1
0.8756523,0,0
0.87615215,0,1
0.8766522,0,0
0.877152,0,1
0.87765205,0,0
0.87815185,0,1
0.87865195,0,0
0.8791517,0,1
0.8796518,0,0
0.8801516,0,1
0.8806516,0,0
0.8811515,0,1
0.8816516,0,0
0.88215145,0,1
0.8826515,0,0
0.88315135,0,1
0.8836514,0,0
0.88415125,0,1
0.8846513,0,0
0.8851511,0,1
0.8856512,0,0
0.886151,0,1
0.88665105,0,0
0.8871509,0,1
0.88765095,0,0
0.8881508,0,1
0.88865085,0,0
0.8891507,0,1
0.8896508,0,0
0.8901506,0,1
0.8906507,0,0
0.8911506,0,1
0.89165065,0,0
0.8921504,0,1
0.89265035,0,0
0.8931501,0,1
0.89365015,0,0
0.89415,0,1
0.89465005,0,0
0.8951499,0,1
0.89565,0,0
0.89614985,0,1
0.8966499,0,0
0.89714975,0,1
0.89764985,0,0
0.8981497,0,1
0.89864975,0,0
0.8991496,0,1
0.89964965,0,0
0.9001495,0,1
0.9006496,0,0
0.9011495,0,1
0.9016496,0,0
0.9021494,0,1
0.9026495,0,0
0.9031493,0,1
0.90364935,0,0
0.90414915,0,1
0.9046492,0,0
0.905149,0,1
0.90564905,0,0
0.90614885,0,1
0.9066489,0,0
0.9071487,0,1
0.90764875,0,0
0.9081486,0,1
0.90864865,0,0
0.9091485,0,1
0.9096486,0,0
0.91014845,0,1
0.91064855,0,0
0.9111484,0,1
0.9116485,0,0
0.9121483,0,1
0.9126484,0,0
0.91314815,0,1
0.9136482,0,0
0.914148,0,1
0.914648,0,0
0.9151478,0,1
0.91564785,0,0
0.91614765,0,1
0.91664765,0,0
0.91714745,0,1
0.9176475,0,0
0.9181473,0,1
0.9186474,0,0
0.91914725,0,1
0.91964735,0,0
0.9201472,0,1
0.9206473,0,0
0.92114715,0,1
0.92164725,0,0
0.9221471,0,1
0.92264715,0,0
0.92314695,0,1
0.923647,0,0
0.9241468,0,1
0.92464685,0,0
0.92514665,0,1
0.92564675,0,0
0.9261466,0,1
0.9266467,0,0
0.9271465,0,1
0.92764655,0,0
0.9281463,0,1
0.9286464,0,0
0.9291462,0,1
0.92964625,0,0
0.93014605,0,1
0.93064605,0,0
0.93114585,0,1
0.9316459,0,0
0.93214575,0,1
0.9326458,0,0
0.93314565,0,1
0.9336457,0,0
0.93414555,0,1
0.9346456,0,0
0.93514535,0,1
0.9356454,0,0
0.93614515,0,1
0.9366452,0,0
0.937145,0,1
0.93764505,0,0
0.93814485,0,1
0.9386449,0,0
0.9391447,0,1
0.9396447,0,0
0.94014455,0,1
0.94064465,0,0
0.94114445,0,1
0.9416445,0,0
0.9421443,0,1
0.9426444,0,0
0.9431442,0,1
0.9436443,0,0
0.9441442,0,1
0.94464425,0,0
0.9451441,0,1
0.94564415,0,0
0.94614395,0,1
0.94664395,0,0
0.94714375,0,1
0.9476438,0,0
0.94814355,0,1
0.9486436,0,0
0.94914335,0,1
0.94964335,0,0
0.95014315,0,1
0.9506432,0,0
0.95114295,0,1
0.951643,0,0
0.95214285,0,1
0.9526429,0,0
0.9531427,0,1
0.95364275,0,0
0.9541426,0,1
0.95464265,0,0
0.95514245,0,1
0.9556425,0,0
0.9561423,0,1
0.9566423,0,0
0.95714205,0,1
0.9576421,0,0
0.95814195,0,1
0.958642,0,0
0.9591418,0,1
0.9596418,0,0
0.96014165,0,1
0.96064175,0,0
0.96114155,0,1
0.9616416,0,0
0.9621414,0,1
0.96264145,0,0
0.96314125,0,1
0.9636413,0,0
0.96414105,0,1
0.9646411,0,0
0.9651409,0,1
0.965641,0,0
0.9661408,0,1
0.96664085,0,0
0.96714065,0,1
0.9676407,0,0
0.9681405,0,1
0.9686406,0,0
0.96914045,0,1
0.96964045,0,0
0.97014015,0,1
0.9706401,0,0
0.9711399,0,1
0.9716399,0,0
0.9721397,0,1
0.9726397,0,0
0.9731395,0,1
0.97363955,0,0
0.9741394,0,1
0.97463945,0,0
0.9751393,0,1
0.97563935,0,0
0.9761391,0,1
0.97663915,0,0
0.977139,0,1
0.97763905,0,0
0.97813885,0,1
0.9786389,0,0
0.9791387,0,1
0.97963875,0,0
0.98013855,0,1
0.98063855,0,0
0.9811383,0,1
0.98163835,0,0
0.9821381,0,1
0.9826382,0,0
0.98313795,0,1
0.983638,0,0
0.9841378,0,1
0.98463785,0,0
0.9851377,0,1
0.9856377,0,0
0.9861375,0,1
0.98663755,0,0
0.98713735,0,1
0.9876374,0,0
0.98813725,0,1
0.9886373,0,0
0.9891371,0,1
0.98963715,0,0
0.990137,0,1
0.99063705,0,0
0.99113685,0,1
0.9916369,0,0
0.9921367,0,1
0.9926367,0,0
0.9931365,0,1
0.9936366,0,0
0.9941364,0,1
0.99463645,0,0
0.9951363,0,1
0.99563635,0,0
0.9961362,0,1
0.99663625,0,0
0.9971361,0,1
0.99763615,0,0
0.99813595,0,1
0.99863605,0,0
0.9991359,0,1
0.99963595,0,0
1.0001358,0,1
1.0006359,0,0
1.0011357,0,1
1.00163575,0,0
1.0021356,0,1
1.00263565,0,0
1.00313555,0,1
1.0036356,0,0
1.00413545,0,1
1.00463555,0,0
1.0051354,0,1
1.0056355,0,0
1.0061353,0,1
1.0066354,0,0
1.00713525,0,1
1.00763535,0,0
1.0081352,0,1
1.00863525,0,0
1.0091351,0,1
1.00963515,0,0
1.01013495,0,1
1.01063495,0,0
1.01113475,0,1
1.01163485,0,0
1.01213465,0,1
1.01263465,0,0
1.0131344,0,1
1.01363445,0,0
1.01413425,0,1
1.0146343,0,0
1.0151341,0,1
1.01563415,0,0
1.01613395,0,1
1.0166339,0,0
1.0171337,0,1
1.0176337,0,0
1.01813345,0,1
1.01863345,0,0
1.01913315,0,1
1.01963315,0,0
1.0201329,0,1
1.020633,0,0
1.0211328,0,1
1.02163285,0,0
1.02213265,0,1
1.02263265,0,0
1.02313245,0,1
1.02363245,0,0
1.0241322,0,1
1.0246322,0,0
1.0251319,0,1
1.0256319,0,0
1.02613165,0,1
1.02663165,0,0
1.0271314,0,1
1.0276314,0,0
1.0281311,0,1
1.0286311,0,0
1.0291308,0,1
1.0296308,0,0
1.03013055,0,1
1.03063055,0,0
1.0311303,0,1
1.03163035,0,0
1.0321301,0,1
1.03263005,0,0
1.0331298,0,1
1.0336298,0,0
1.0341295,0,1
1.03462945,0,0
1.03512915,0,1
1.0356291,0,0
1.0361288,0,1
1.03662875,0,0
1.03712845,0,1
1.0376284,0,0
1.0381281,0,1
1.0386281,0,0
1.03912785,0,1
1.03962785,0,0
1.04012765,0,1
1.04062765,0,0
1.04112735,0,1
1.0416273,0,0
1.04212705,0,1
1.04262705,0,0
1.0431268,0,1
1.04362675,0,0
1.0441265,0,1
1.04462655,0,0
1.04512635,0,1
1.04562645,0,0
1.04612625,0,1
1.0466263,0,0
1.0471261,0,1
1.0476262,0,0
1.04812605,0,1
1.0486261,0,0
1.04912595,0,1
1.049626,0,0
1.05012585,0,1
1.0506259,0,0
1.0511257,0,1
1.05162575,0,0
1.05212555,0,1
1.0526256,0,0
1.0531254,0,1
1.05362545,0,0
1.05412525,0,1
1.0546253,0,0
1.05512505,0,1
1.0556251,0,0
1.0561249,0,1
1.05662495,0,0
1.0571248,0,1
1.05762475,0,0
1.05812455,0,1
1.0586246,0,0
1.0591244,0,1
1.05962445,0,0
1.06012425,0,1
1.0606243,0,0
1.0611241,0,1
1.06162415,0,0
1.062124,0,1
1.06262405,0,0
1.06312385,0,1
1.0636239,0,0
1.0641237,0,1
1.06462375,0,0
1.0651236,0,1
1.06562365,0,0
1.06612345,0,1
1.06662355,0,0
1.06712335,0,1
1.06762345,0,0
1.06812325,0,1
1.0686233,0,0
1.06912315,0,1
1.06962325,0,0
1.0701231,0,1
1.0706232,0,0
1.07112305,0,1
1.0716231,0,0
1.07212295,0,1
1.07262305,0,0
1.07312285,0,1
1.073623,0,0
1.07412285,0,1
1.07462295,0,0
1.0751228,0,1
1.0756229,0,0
1.0761227,0,1
1.07662275,0,0
1.07712255,0,1
1.07762265,0,0
1.07812245,0,1
1.0786226,0,0
1.07912245,0,1
1.07962255,0,0
1.0801224,0,1
1.0806225,0,0
1.0811223,0,1
1.08162235,0,0
1.0821222,0,1
1.08262225,0,0
1.0831221,0,1
1.0836222,0,0
1.08412205,0,1
1.0846222,0,0
1.0851221,0,1
1.0856222,0,0
1.086122,0,1
1.08662205,0,0
1.0871219,0,1
1.08762195,0,0
1.08812175,0,1
1.08862185,0,0
1.0891217,0,1
1.0896218,0,0
1.09012165,0,1
1.0906217,0,0
1.09112155,0,1
1.0916217,0,0
1.09212155,0,1
1.09262165,0,0
1.0931215,0,1
1.0936216,0,0
1.0941215,0,1
1.0946216,0,0
1.0951214,0,1
1.0956214,0,0
1.0961212,0,1
1.09662125,0,0
1.0971211,0,1
1.0976212,0,0
1.098121,0,1
1.0986211,0,0
1.09912095,0,1
1.09962105,0,0
1.1001209,0,1
1.100621,0,0
1.1011208,0,1
1.1016209,0,0
1.1021207,0,1
1.10262075,0,0
1.10312055,0,1
1.10362055,0,0
1.1041203,0,1
1.1046203,0,0
1.10512015,0,1
1.10562025,0,0
1.1061201,0,1
1.1066202,0,0
1.10712005,0,1
1.10762015,0,0
1.10812,0,1
1.1086201,0,0
1.10911995,0,1
1.10962005,0,0
1.1101199,0,1
1.11061995,0,0
1.11111975,0,1
1.1116198,0,0
1.11211955,0,1
1.1126196,0,0
1.11311945,0,1
1.11361955,0,0
1.11411945,0,1
1.1146196,0,0
1.11511945,0,1
1.11561955,0,0
1.11611945,0,1
1.11661955,0,0
1.11711945,0,1
1.1176196,0,0
1.11811945,0,1
1.1186196,0,0
1.1191194,0,1
1.1196195,0,0
1.12011935,0,1
1.1206194,0,0
1.1211192,0,1
1.12161925,0,0
1.1221191,0,1
1.1226192,0,0
1.123119,0,1
1.12361915,0,0
1.12411895,0,1
1.12461905,0,0
1.1251189,0,1
1.125619,0,0
1.1261188,0,1
1.12661885,0,0
1.1271187,0,1
1.12761875,0,0
1.1281186,0,1
1.1286187,0,0
1.1291186,0,1
1.12961865,0,0
1.1301185,0,1
1.13061855,0,0
1.1311184,0,1
1.13161845,0,0
1.13211825,0,1
1.1326183,0,0
1.1331181,0,1
1.1336181,0,0
1.1341179,0,1
1.13461795,0,0
1.13511775,0,1
1.1356178,0,0
1.1361176,0,1
1.13661765,0,0
1.1371175,0,1
1.13761755,0,0
1.1381174,0,1
1.1386175,0,0
1.1391173,0,1
1.1396174,0,0
1.1401172,0,1
1.14061725,0,0
1.1411171,0,1
1.1416171,0,0
1.14211695,0,1
1.14261695,0,0
1.1431167,0,1
1.1436167,0,0
1.1441165,0,1
1.1446165,0,0
1.1451163,0,1
1.1456164,0,0
1.14611615,0,1
1.1466161,0,0
1.1471158,0,1
1.14761575,0,0
1.14811555,0,1
1.1486156,0,0
1.14911535,0,1
1.14961535,0,0
1.1501152,0,1
1.15061525,0,0
1.15111505,0,1
1.1516151,0,0
1.1521149,0,1
1.15261495,0,0
1.1531148,0,1
1.1536149,0,0
1.1541147,0,1
1.15461475,0,0
1.1551146,0,1
1.15561465,0,0
1.15611445,0,1
1.15661455,0,0
1.15711435,0,1
1.15761445,0,0
1.1581143,0,1
1.1586144,0,0
1.1591142,0,1
1.1596143,0,0
1.1601141,0,1
1.16061415,0,0
1.16111395,0,1
1.16161405,0,0
1.16211385,0,1
1.16261395,0,0
1.16311375,0,1
1.16361375,0,0
1.16411355,0,1
1.1646136,0,0
1.16511345,0,1
1.16561355,0,0
1.16611335,0,1
1.16661345,0,0
1.16711325,0,1
1.16761335,0,0
1.1681132,0,1
1.16861325,0,0
1.1691131,0,1
1.16961315,0,0
1.17011295,0,1
1.17061305,0,0
1.1711129,0,1
1.17161295,0,0
1.17211275,0,1
1.1726128,0,0
1.17311265,0,1
1.17361275,0,0
1.17411255,0,1
1.1746127,0,0
1.1751125,0,1
1.1756126,0,0
1.17611235,0,1
1.17661245,0,0
1.17711215,0,1
1.17761215,0,0
1.17811195,0,1
1.178612,0,0
1.1791118,0,1
1.17961185,0,0
1.18011165,0,1
1.1806117,0,0
1.18111155,0,1
1.1816116,0,0
1.1821114,0,1
1.1826114,0,0
1.1831112,0,1
1.18361125,0,0
1.18411105,0,1
1.1846111,0,0
1.1851109,0,1
1.18561095,0,0
1.1861108,0,1
1.18661085,0,0
1.18711065,0,1
1.1876107,0,0
1.1881105,0,1
1.1886105,0,0
1.1891103,0,1
1.18961035,0,0
1.1901101,0,1
1.1906102,0,0
1.19111,0,1
1.19161005,0,0
1.19210985,0,1
1.19260985,0,0
1.19310965,0,1
1.1936097,0,0
1.19410955,0,1
1.1946096,0,0
1.1951094,0,1
1.1956095,0,0
1.1961093,0,1
1.1966094,0,0
1.19710915,0,1
1.19760925,0,0
1.19810905,0,1
1.1986091,0,0
1.19910885,0,1
1.1996089,0,0
1.20010875,0,1
1.2006088,0,0
1.20110865,0,1
1.20160865,0,0
1.2021084,0,1
1.20260845,0,0
1.20310825,0,1
1.2036083,0,0
1.2041081,0,1
1.20460815,0,0
1.20510795,0,1
1.20560805,0,0
1.2061079,0,1
1.206608,0,0
1.2071079,0,1
1.20760805,0,0
1.20810795,0,1
1.2086081,0,0
1.20910795,0,1
1.20960805,0,0
1.21010795,0,1
1.21060805,0,0
1.2111079,0,1
1.21160805,0,0
1.2121079,0,1
1.21260805,0,0
1.21310795,0,1
1.2136081,0,0
1.214108,0,1
1.2146081,0,0
1.21510795,0,1
1.21560805,0,0
1.21610785,0,1
1.21660795,0,0
1.2171078,0,1
1.2176079,0,0
1.21810775,0,1
1.2186078,0,0
1.21910765,0,1
1.21960775,0,0
1.2201076,0,1
1.2206077,0,0
1.22110755,0,1
1.22160765,0,0
1.2221075,0,1
1.22260755,0,0
1.2231074,0,1
1.2236075,0,0
1.22410735,0,1
1.22460745,0,0
1.22510725,0,1
1.22560725,0,0
1.2261071,0,1
1.2266071,0,0
1.22710695,0,1
1.227607,0,0
1.2281068,0,1
1.22860685,0,0
1.22910665,0,1
1.2296067,0,0
1.2301065,0,1
1.2306065,0,0
1.2311063,0,1
1.23160635,0,0
1.2321062,0,1
1.2326063,0,0
1.2331062,0,1
1.2336063,0,0
1.23410615,0,1
1.2346063,0,0
1.23510615,0,1
1.2356063,0,0
1.2361062,0,1
1.2366063,0,0
1.23710615,0,1
1.23760625,0,0
1.23810605,0,1
1.23860615,0,0
1.23910595,0,1
1.23960605,0,0
1.24010585,0,1
1.2406059,0,0
1.2411057,0,1
1.24160575,0,0
1.2421055,0,1
1.24260555,0,0
1.24310535,0,1
1.2436054,0,0
1.24410515,0,1
1.2446052,0,0
1.24510505,0,1
1.24560505,0,0
1.24610485,0,1
1.2466049,0,0
1.24710475,0,1
1.2476048,0,0
1.24810465,0,1
1.24860475,0,0
1.24910455,0,1
1.24960465,0,0
1.2501045,0,1
1.25060465,0,0
1.2511045,0,1
1.2516046,0,0
1.25210445,0,1
1.25260455,0,0
1.25310445,0,1
1.25360455,0,0
1.25410435,0,1
1.2546044,0,0
1.2551043,0,1
1.2556044,0,0
1.2561042,0,1
1.2566043,0,0
1.2571041,0,1
1.2576042,0,0
1.25810405,0,1
1.2586041,0,0
1.25910395,0,1
1.2596041,0,0
1.26010395,0,1
1.26060405,0,0
1.2611039,0,1
1.261604,0,0
1.2621039,0,1
1.26260405,0,0
1.26310395,0,1
1.2636041,0,0
1.264104,0,1
1.26460405,0,0
1.2651039,0,1
1.265604,0,0
1.26610385,0,1
1.2666039,0,0
1.26710375,0,1
1.2676039,0,0
1.26810375,0,1
1.2686039,0,0
1.2691038,0,1
1.26960395,0,0
1.2701038,0,1
1.27060395,0,0
1.2711038,0,1
1.27160395,0,0
1.27210385,0,1
1.272604,0,0
1.2731039,0,1
1.27360405,0,0
1.27410395,0,1
1.2746041,0,0
1.27510395,0,1
1.2756041,0,0
1.276104,0,1
1.2766041,0,0
1.277104,0,1
1.2776042,0,0
1.27810405,0,1
1.2786042,0,0
1.27910405,0,1
1.27960415,0,0
1.280104,0,1
1.2806041,0,0
1.28110395,0,1
1.28160405,0,0
1.2821039,0,1
1.282604,0,0
1.28310385,0,1
1.283604,0,0
1.28410385,0,1
1.284604,0,0
1.2851039,0,1
1.28560405,0,0
1.2861039,0,1
1.286604,0,0
1.28710385,0,1
1.287604,0,0
1.28810395,0,1
1.28860415,0,0
1.28910405,0,1
1.2896042,0,0
1.2901041,0,1
1.2906043,0,0
1.2911042,0,1
1.29160435,0,0
1.29210425,0,1
1.29260435,0,0
1.2931042,0,1
1.29360435,0,0
1.29410425,0,1
1.29460435,0,0
1.29510425,0,1
1.2956044,0,0
1.29610425,0,1
1.29660435,0,0
1.2971042,0,1
1.29760435,0,0
1.2981042,0,1
1.2986043,0,0
1.2991042,0,1
1.2996043,0,0
1.30010425,0,1
1.30060435,0,0
1.30110425,0,1
1.3016043,0,0
1.30210415,0,1
1.30260425,0,0
1.3031041,0,1
1.3036042,0,0
1.30410405,0,1
1.30460415,0,0
1.30510405,0,1
1.3056042,0,0
1.30610405,0,1
1.3066042,0,0
1.30710405,0,1
1.30760415,0,0
1.308104,0,1
1.30860415,0,0
1.309104,0,1
1.30960415,0,0
1.310104,0,1
1.31060405,0,0
1.31110395,0,1
1.3116041,0,0
1.312104,0,1
1.3126041,0,0
1.313104,0,1
1.3136041,0,0
1.314104,0,1
1.3146041,0,0
1.31510395,0,1
1.31560405,0,0
1.3161039,0,1
1.316604,0,0
1.31710385,0,1
1.31760395,0,0
1.31810385,0,1
1.318604,0,0
1.3191039,0,1
1.319604,0,0
1.3201039,0,1
1.320604,0,0
1.3211039,0,1
1.321604,0,0
1.32210385,0,1
1.32260395,0,0
1.32310385,0,1
1.32360395,0,0
1.3241038,0,1
1.3246039,0,0
1.3251037,0,1
1.32560385,0,0
1.3261037,0,1
1.3266038,0,0
1.32710365,0,1
1.32760375,0,0
1.3281036,0,1
1.3286037,0,0
1.32910355,0,1
1.3296036,0,0
1.3301034,0,1
1.3306035,0,0
1.33110335,0,1
1.33160345,0,0
1.3321033,0,1
1.33260335,0,0
1.3331032,0,1
1.3336033,0,0
1.33410315,0,1
1.33460325,0,0
1.3351031,0,1
1.33560325,0,0
1.3361031,0,1
1.33660325,0,0
1.3371031,0,1
1.33760325,0,0
1.33810315,0,1
1.33860325,0,0
1.3391032,0,1
1.33960335,0,0
1.3401032,0,1
1.3406033,0,0
1.34110315,0,1
1.3416032,0,0
1.34210305,0,1
1.3426031,0,0
1.34310295,0,1
1.343603,0,0
1.3441028,0,1
1.34460285,0,0
1.34510265,0,1
1.3456027,0,0
1.3461025,0,1
1.3466026,0,0
1.34710245,0,1
1.34760255,0,0
1.3481024,0,1
1.34860245,0,0
1.34910235,0,1
1.34960245,0,0
1.35010235,0,1
1.35060245,0,0
1.35110235,0,1
1.35160245,0,0
1.35210235,0,1
1.35260245,0,0
1.3531023,0,1
1.3536024,0,0
1.35410225,0,1
1.35460235,0,0
1.3551022,0,1
1.35560235,0,0
1.35610215,0,1
1.35660225,0,0
1.3571021,0,1
1.35760225,0,0
1.3581021,0,1
1.3586022,0,0
1.3591021,0,1
1.3596022,0,0
1.36010205,0,1
1.36060215,0,0
1.361102,0,1
1.3616021,0,0
1.3621019,0,1
1.362602,0,0
1.36310185,0,1
1.36360195,0,0
1.3641018,0,1
1.36460195,0,0
1.36510185,0,1
1.36560195,0,0
1.3661018,0,1
1.36660195,0,0
1.36710185,0,1
1.36760195,0,0
1.36810185,0,1
1.36860195,0,0
1.36910185,0,1
1.36960195,0,0
1.37010185,0,1
1.370602,0,0
1.3711019,0,1
1.37160205,0,0
1.3721019,0,1
1.372602,0,0
1.3731019,0,1
1.37360205,0,0
1.37410185,0,1
1.3746019,0,0
1.37510175,0,1
1.37560185,0,0
1.37610165,0,1
1.3766017,0,0
1.37710155,0,1
1.3776016,0,0
1.37810145,0,1
1.3786015,0,0
1.37910135,0,1
1.37960135,0,0
1.3801012,0,1
1.3806013,0,0
1.38110115,0,1
1.3816012,0,0
1.38210095,0,1
1.382601,0,0
1.38310075,0,1
1.3836008,0,0
1.3841006,0,1
1.3846007,0,0
1.3851005,0,1
1.3856006,0,0
1.38610035,0,1
1.3866004,0,0
1.3871002,0,1
1.3876003,0,0
1.38810015,0,1
1.38860025,0,0
1.38910015,0,1
1.38960025,0,0
1.3901001,0,1
1.39060025,0,0
1.39110005,0,1
1.3916002,0,0
1.39210005,0,1
1.39260015,0,0
1.39310005,0,1
1.39360015,0,0
1.3941,0,1
1.3946001,0,0
1.39509995,0,1
1.39560005,0,0
1.39609985,0,1
1.3965999,0,0
1.3970997,0,1
1.39759975,0,0
1.3980996,0,1
1.3985997,0,0
1.3990995,0,1
1.39959965,0,0
1.4000995,0,1
1.4005996,0,0
1.4010994,0,1
1.40159945,0,0
1.4020993,0,1
1.40259935,0,0
1.4030992,0,1
1.40359925,0,0
1.4040991,0,1
1.4045992,0,0
1.4050991,0,1
1.40559915,0,0
1.406099,0,1
1.40659905,0,0
1.4070989,0,1
1.40759895,0,0
1.4080988,0,1
1.4085989,0,0
1.4090987,0,1
1.40959875,0,0
1.4100986,0,1
1.4105987,0,0
1.4110985,0,1
1.41159855,0,0
1.41209835,0,1
1.41259845,0,0
1.4130983,0,1
1.4135984,0,0
1.41409825,0,1
1.41459835,0,0
1.4150982,0,1
1.4155983,0,0
1.41609815,0,1
1.41659825,0,0
1.41709805,0,1
1.41759815,0,0
1.41809795,0,1
1.418598,0,0
1.41909785,0,1
1.41959795,0,0
1.4200978,0,1
1.42059785,0,0
1.42109765,0,1
1.4215977,0,0
1.42209755,0,1
1.4225976,0,0
1.4230974,0,1
1.4235975,0,0
1.4240973,0,1
1.42459735,0,0
1.4250972,0,1
1.4255973,0,0
1.4260971,0,1
1.42659725,0,0
1.4270971,0,1
1.4275972,0,0
1.428097,0,1
1.4285971,0,0
1.4290969,0,1
1.429597,0,0
1.4300968,0,1
1.4305969,0,0
1.43109675,0,1
1.4315968,0,0
1.4320966,0,1
1.43259665,0,0
1.4330965,0,1
1.43359655,0,0
1.43409635,0,1
1.4345964,0,0
1.4350962,0,1
1.4355962,0,0
1.43609605,0,1
1.43659615,0,0
1.43709595,0,1
1.437596,0,0
1.43809585,0,1
1.43859595,0,0
1.4390957,0,1
1.43959575,0,0
1.4400955,0,1
1.44059555,0,0
1.4410954,0,1
1.4415955,0,0
1.44209535,0,1
1.44259545,0,0
1.44309525,0,1
1.4435953,0,0
1.44409505,0,1
1.44459515,0,0
1.445095,0,1
1.44559515,0,0
1.44609495,0,1
1.4465951,0,0
1.44709495,0,1
1.44759505,0,0
1.4480949,0,1
1.448595,0,0
1.4490949,0,1
1.44959505,0,0
1.4500949,0,1
1.45059495,0,0
1.4510948,0,1
1.45159485,0,0
1.4520947,0,1
1.4525948,0,0
1.45309465,0,1
1.45359475,0,0
1.45409455,0,1
1.45459465,0,0
1.4550945,0,1
1.4555946,0,0
1.4560944,0,1
1.45659445,0,0
1.45709425,0,1
1.4575943,0,0
1.4580941,0,1
1.45859415,0,0
1.4590939,0,1
1.45959395,0,0
1.46009375,0,1
1.46059385,0,0
1.4610937,0,1
1.4615937,0,0
1.46209355,0,1
1.46259365,0,0
1.46309345,0,1
1.46359355,0,0
1.46409335,0,1
1.46459345,0,0
1.4650933,0,1
1.4655934,0,0
1.46609325,0,1
1.4665933,0,0
1.46709315,0,1
1.46759325,0,0
1.4680931,0,1
1.4685932,0,0
1.46909305,0,1
1.46959315,0,0
1.47009295,0,1
1.4705931,0,0
1.47109295,0,1
1.471593,0,0
1.47209285,0,1
1.47259295,0,0
1.47309275,0,1
1.4735928,0,0
1.47409265,0,1
1.47459275,0,0
1.47509265,0,1
1.4755927,0,0
1.47609255,0,1
1.4765926,0,0
1.4770924,0,1
1.4775925,0,0
1.47809235,0,1
1.47859235,0,0
1.47909215,0,1
1.47959225,0,0
1.4800921,0,1
1.4805922,0,0
1.481092,0,1
1.48159205,0,0
1.48209185,0,1
1.48259195,0,0
1.4830918,0,1
1.48359185,0,0
1.4840917,0,1
1.48459175,0,0
1.4850916,0,1
1.4855917,0,0
1.4860915,0,1
1.48659155,0,0
1.4870914,0,1
1.4875915,0,0
1.4880913,0,1
1.48859135,0,0
1.4890912,0,1
1.48959125,0,0
1.49009105,0,1
1.49059115,0,0
1.491091,0,1
1.4915911,0,0
1.49209095,0,1
1.49259105,0,0
1.49309085,0,1
1.49359095,0,0
1.49409075,0,1
1.4945908,0,0
1.49509065,0,1
1.49559075,0,0
1.4960905,0,1
1.4965906,0,0
1.4970904,0,1
1.49759045,0,0
1.49809025,0,1
1.4985903,0,0
1.4990901,0,1
1.4995902,0,0
1.50009,0,1
1.50059005,0,0
1.5010899,0,1
1.50158995,0,0
1.5020898,0,1
1.50258985,0,0
1.5030897,0,1
1.50358975,0,0
1.5040896,0,1
1.50458965,0,0
1.5050895,0,1
1.50558955,0,0
1.50608935,0,1
1.50658945,0,0
1.5070893,0,1
1.5075894,0,0
1.5080892,0,1
1.50858935,0,0
1.50908915,0,1
1.50958915,0,0
1.510089,0,1
1.51058905,0,0
1.51108885,0,1
1.51158895,0,0
1.5120888,0,1
1.51258885,0,0
1.5130887,0,1
1.5135888,0,0
1.5140886,0,1
1.51458865,0,0
1.5150885,0,1
1.5155886,0,0
1.5160884,0,1
1.5165885,0,0
1.51708835,0,1
1.51758845,0,0
1.5180883,0,1
1.5185884,0,0
1.5190882,0,1
1.51958825,0,0
1.5200881,0,1
1.5205881,0,0
1.52108795,0,1
1.521588,0,0
1.52208785,0,1
1.5225879,0,0
1.5230877,0,1
1.52358775,0,0
1.52408755,0,1
1.5245876,0,0
1.52508735,0,1
1.5255874,0,0
1.52608725,0,1
1.5265873,0,0
1.5270871,0,1
1.52758715,0,0
1.52808695,0,1
1.52858705,0,0
1.5290868,0,1
1.52958685,0,0
1.5300867,0,1
1.53058675,0,0
1.53108655,0,1
1.53158665,0,0
1.53208645,0,1
1.53258655,0,0
1.5330863,0,1
1.53358635,0,0
1.53408615,0,1
1.5345862,0,0
1.53508605,0,1
1.5355861,0,0
1.53608595,0,1
1.536586,0,0
1.53708585,0,1
1.53758585,0,0
1.53808565,0,1
1.5385857,0,0
1.53908545,0,1
1.5395855,0,0
1.5400853,0,1
1.54058535,0,0
1.54108515,0,1
1.54158515,0,0
1.54208495,0,1
1.542585,0,0
1.5430848,0,1
1.5435849,0,0
1.5440847,0,1
1.54458475,0,0
1.5450846,0,1
1.5455847,0,0
1.5460845,0,1
1.5465846,0,0
1.5470844,0,1
1.54758445,0,0
1.54808435,0,1
1.5485844,0,0
1.54908425,0,1
1.5495843,0,0
1.5500841,0,1
1.5505842,0,0
1.55108405,0,1
1.55158415,0,0
1.552084,0,1
1.5525841,0,0
1.5530839,0,1
1.553584,0,0
1.5540838,0,1
1.5545839,0,0
1.5550837,0,1
1.5555838,0,0
1.5560836,0,1
1.55658365,0,0
1.5570835,0,1
1.55758365,0,0
1.5580835,0,1
1.5585836,0,0
1.5590835,0,1
1.5595836,0,0
1.5600834,0,1
1.5605835,0,0
1.56108335,0,1
1.56158345,0,0
1.5620833,0,1
1.5625834,0,0
1.56308325,0,1
1.56358335,0,0
1.56408325,0,1
1.56458335,0,0
1.5650832,0,1
1.56558325,0,0
1.56608315,0,1
1.5665833,0,0
1.56708315,0,1
1.56758325,0,0
1.56808305,0,1
1.56858315,0,0
1.569083,0,1
1.5695831,0,0
1.57008295,0,1
1.57058305,0,0
1.57108285,0,1
1.5715829,0,0
1.5720827,0,1
1.5725827,0,0
1.57308255,0,1
1.5735826,0,0
1.57408245,0,1
1.5745825,0,0
1.57508235,0,1
1.57558245,0,0
1.5760823,0,1
1.57658235,0,0
1.57708225,0,1
1.5775824,0,0
1.57808225,0,1
1.5785824,0,0
1.57908225,0,1
1.5795824,0,0
1.5800822,0,1
1.58058225,0,0
1.5810821,0,1
1.58158215,0,0
1.582082,0,1
1.58258205,0,0
1.5830819,0,1
1.583582,0,0
1.5840818,0,1
1.5845819,0,0
1.58508175,0,1
1.58558185,0,0
1.58608165,0,1
1.58658175,0,0
1.5870816,0,1
1.58758165,0,0
1.58808145,0,1
1.5885815,0,0
1.58908135,0,1
1.5895814,0,0
1.5900812,0,1
1.5905813,0,0
1.5910811,0,1
1.5915812,0,0
1.59208105,0,1
1.59258115,0,0
1.593081,0,1
1.5935811,0,0
1.59408095,0,1
1.59458105,0,0
1.5950809,0,1
1.595581,0,0
1.5960808,0,1
1.59658085,0,0
1.59708065,0,1
1.59758065,0,0
1.59808045,0,1
1.5985805,0,0
1.59908035,0,1
1.59958045,0,0
1.6000803,0,1
1.6005804,0,0
1.6010802,0,1
1.6015803,0,0
1.6020801,0,1
1.60258015,0,0
1.60307995,0,1
1.60358,0,0
1.60407975,0,1
1.6045798,0,0
1.6050796,0,1
1.60557965,0,0
1.60607945,0,1
1.60657945,0,0
1.60707925,0,1
1.60757925,0,0
1.608079,0,1
1.608579,0,0
1.6090788,0,1
1.6095788,0,0
1.61007865,0,1
1.61057875,0,0
1.6110786,0,1
1.61157865,0,0
1.6120785,0,1
1.61257855,0,0
1.61307835,0,1
1.61357835,0,0
1.6140782,0,1
1.61457825,0,0
1.61507805,0,1
1.6155781,0,0
1.61607795,0,1
1.616578,0,0
1.61707785,0,1
1.61757785,0,0
1.61807775,0,1
1.61857785,0,0
1.6190777,0,1
1.61957775,0,0
1.62007755,0,1
1.62057765,0,0
1.62107745,0,1
1.6215775,0,0
1.6220773,0,1
1.6225774,0,0
1.62307725,0,1
1.62357735,0,0
1.62407715,0,1
1.6245772,0,0
1.62507705,0,1
1.6255771,0,0
1.62607695,0,1
1.62657705,0,0
1.62707685,0,1
1.6275769,0,0
1.62807675,0,1
1.6285768,0,0
1.62907665,0,1
1.6295767,0,0
1.6300765,0,1
1.6305766,0,0
1.6310764,0,1
1.6315765,0,0
1.6320763,0,1
1.6325764,0,0
1.63307625,0,1
1.6335763,0,0
1.63407605,0,1
1.6345761,0,0
1.6350759,0,1
1.6355759,0,0
1.6360757,0,1
1.63657575,0,0
1.6370755,0,1
1.63757555,0,0
1.6380753,0,1
1.6385753,0,0
1.63907515,0,1
1.63957515,0,0
1.640075,0,1
1.64057505,0,0
1.6410749,0,1
1.6415749,0,0
1.6420747,0,1
1.64257475,0,0
1.64307455,0,1
1.64357465,0,0
1.6440744,0,1
1.64457445,0,0
1.64507425,0,1
1.6455743,0,0
1.64607405,0,1
1.64657415,0,0
1.64707395,0,1
1.647574,0,0
1.64807385,0,1
1.6485739,0,0
1.6490737,0,1
1.6495737,0,0
1.65007345,0,1
1.65057345,0,0
1.65107315,0,1
1.65157315,0,0
1.65207295,0,1
1.65257295,0,0
1.6530727,0,1
1.65357275,0,0
1.65407255,0,1
1.65457255,0,0
1.6550723,0,1
1.65557235,0,0
1.6560721,0,1
1.6565721,0,0
1.6570718,0,1
1.65757185,0,0
1.6580716,0,1
1.6585716,0,0
1.65907135,0,1
1.65957135,0,0
1.6600711,0,1
1.6605711,0,0
1.66107085,0,1
1.66157085,0,0
1.6620706,0,1
1.66257065,0,0
1.66307045,0,1
1.66357045,0,0
1.66407025,0,1
1.6645702,0,0
1.66507,0,1
1.66557005,0,0
1.66606985,0,1
1.66656985,0,0
1.6670697,0,1
1.66756975,0,0
1.66806955,0,1
1.66856965,0,0
1.66906945,0,1
1.6695695,0,0
1.6700693,0,1
1.6705693,0,0
1.67106905,0,1
1.67156905,0,0
1.67206885,0,1
1.6725689,0,0
1.6730687,0,1
1.67356875,0,0
1.6740685,0,1
1.67456855,0,0
1.6750683,0,1
1.6755683,0,0
1.6760681,0,1
1.67656815,0,0
1.67706795,0,1
1.677568,0,0
1.67806775,0,1
1.6785678,0,0
1.6790676,0,1
1.67956765,0,0
1.6800674,0,1
1.68056735,0,0
1.68106705,0,1
1.681567,0,0
1.6820668,0,1
1.6825669,0,0
1.6830667,0,1
1.68356675,0,0
1.68406655,0,1
1.6845666,0,0
1.6850664,0,1
1.68556645,0,0
1.6860663,0,1
1.68656635,0,0
1.68706615,0,1
1.68756615,0,0
1.68806595,0,1
1.688566,0,0
1.6890658,0,1
1.6895658,0,0
1.6900656,0,1
1.69056565,0,0
1.6910654,0,1
1.6915655,0,0
1.69206535,0,1
1.6925654,0,0
1.6930652,0,1
1.69356525,0,0
1.69406505,0,1
1.69456515,0,0
1.695065,0,1
1.6955651,0,0
1.6960649,0,1
1.696565,0,0
1.69706485,0,1
1.69756495,0,0
1.69806485,0,1
1.698565,0,0
1.69906485,0,1
1.699565,0,0
1.70006485,0,1
1.700565,0,0
1.7010649,0,1
1.70156505,0,0
1.70206485,0,1
1.702565,0,0
1.70306485,0,1
1.7035649,0,0
1.7040647,0,1
1.7045648,0,0
1.70506465,0,1
1.7055647,0,0
1.70606455,0,1
1.7065646,0,0
1.7070644,0,1
1.70756445,0,0
1.70806425,0,1
1.70856435,0,0
1.70906415,0,1
1.70956415,0,0
1.71006395,0,1
1.71056405,0,0
1.71106385,0,1
1.71156395,0,0
1.71206375,0,1
1.71256385,0,0
1.7130637,0,1
1.7135638,0,0
1.71406365,0,1
1.7145637,0,0
1.7150635,0,1
1.7155636,0,0
1.71606345,0,1
1.7165635,0,0
1.71706335,0,1
1.7175634,0,0
1.71806325,0,1
1.7185633,0,0
1.7190631,0,1
1.71956315,0,0
1.72006295,0,1
1.72056305,0,0
1.72106285,0,1
1.7215629,0,0
1.7220627,0,1
1.7225627,0,0
1.7230625,0,1
1.7235625,0,0
1.72406225,0,1
1.72456225,0,0
1.72506205,0,1
1.7255621,0,0
1.7260619,0,1
1.726562,0,0
1.72706185,0,1
1.72756195,0,0
1.72806175,0,1
1.72856185,0,0
1.72906165,0,1
1.7295617,0,0
1.7300615,0,1
1.73056155,0,0
1.7310613,0,1
1.73156135,0,0
1.7320612,0,1
1.7325612,0,0
1.733061,0,1
1.733561,0,0
1.73406085,0,1
1.73456085,0,0
1.7350606,0,1
1.7355606,0,0
1.7360604,0,1
1.7365605,0,0
1.7370603,0,1
1.7375604,0,0
1.73806015,0,1
1.73856015,0,0
1.73905995,0,1
1.73956005,0,0
1.74005985,0,1
1.7405599,0,0
1.74105965,0,1
1.7415597,0,0
1.74205955,0,1
1.7425596,0,0
1.7430594,0,1
1.74355945,0,0
1.74405925,0,1
1.74455925,0,0
1.745059,0,1
1.7455591,0,0
1.7460589,0,1
1.74655895,0,0
1.74705875,0,1
1.7475588,0,0
1.74805865,0,1
1.74855875,0,0
1.7490586,0,1
1.7495587,0,0
1.75005855,0,1
1.7505586,0,0
1.7510584,0,1
1.75155845,0,0
1.7520582,0,1
1.7525582,0,0
1.753058,0,1
1.753558,0,0
1.75405775,0,1
1.75455775,0,0
1.7550575,0,1
1.75555755,0,0
1.7560573,0,1
1.7565573,0,0
1.75705705,0,1
1.75755705,0,0
1.75805675,0,1
1.7585567,0,0
1.75905645,0,1
1.75955645,0,0
1.7600562,0,1
1.76055625,0,0
1.761056,0,1
1.761556,0,0
1.76205575,0,1
1.76255575,0,0
1.7630555,0,1
1.7635555,0,0
1.76405525,0,1
1.76455525,0,0
1.765055,0,1
1.76555505,0,0
1.7660548,0,1
1.7665548,0,0
1.76705455,0,1
1.76755455,0,0
1.7680543,0,1
1.76855435,0,0
1.76905415,0,1
1.7695542,0,0
1.7700539,0,1
1.7705539,0,0
1.77105365,0,1
1.77155365,0,0
1.7720534,0,1
1.7725534,0,0
1.7730532,0,1
1.7735532,0,0
1.77405295,0,1
1.774553,0,0
1.7750528,0,1
1.7755528,0,0
1.7760526,0,1
1.7765526,0,0
1.77705235,0,1
1.77755235,0,0
1.7780521,0,1
1.7785521,0,0
1.77905185,0,1
1.77955185,0,0
1.7800516,0,1
1.7805516,0,0
1.78105135,0,1
1.7815514,0,0
1.7820511,0,1
1.7825511,0,0
1.78305095,0,1
1.78355095,0,0
1.7840507,0,1
1.7845507,0,0
1.7850505,0,1
1.7855505,0,0
1.78605025,0,1
1.78655025,0,0
1.78705,0,1
1.78755005,0,0
1.7880498,0,1
1.7885498,0,0
1.7890495,0,1
1.78954955,0,0
1.7900493,0,1
1.79054925,0,0
1.791049,0,1
1.79154895,0,0
1.7920487,0,1
1.79254865,0,0
1.79304835,0,1
1.7935483,0,0
1.79404805,0,1
1.794548,0,0
1.7950477,0,1
1.79554765,0,0
1.79604745,0,1
1.7965474,0,0
1.79704715,0,1
1.7975471,0,0
1.79804685,0,1
1.79854685,0,0
1.7990466,0,1
1.79954655,0,0
1.80004625,0,1
1.8005462,0,0
1.80104595,0,1
1.80154595,0,0
1.8020457,0,1
1.8025457,0,0
1.8030454,0,1
1.8035454,0,0
1.8040451,0,1
1.8045451,0,0
1.80504485,0,1
1.80554485,0,0
1.80604455,0,1
1.8065445,0,0
1.80704425,0,1
1.80754415,0,0
1.8080439,0,1
1.80854385,0,0
1.8090436,0,1
1.8095436,0,0
1.8100433,0,1
1.8105433,0,0
1.811043,0,1
1.811543,0,0
1.8120427,0,1
1.8125427,0,0
1.8130424,0,1
1.8135424,0,0
1.81404215,0,1
1.81454215,0,0
1.8150419,0,1
1.81554195,0,0
1.81604175,0,1
1.81654175,0,0
1.8170415,0,1
1.8175415,0,0
1.81804125,0,1
1.8185412,0,0
1.8190409,0,1
1.81954085,0,0
1.82004055,0,1
1.82054055,0,0
1.8210403,0,1
1.82154025,0,0
1.82204,0,1
1.82254005,0,0
1.8230398,0,1
1.8235398,0,0
1.82403955,0,1
1.82453955,0,0
1.8250393,0,1
1.82553935,0,0
1.8260391,0,1
1.8265391,0,0
1.82703885,0,1
1.8275389,0,0
1.82803865,0,1
1.8285387,0,0
1.82903845,0,1
1.82953845,0,0
1.8300382,0,1
1.83053815,0,0
1.8310378,0,1
1.83153775,0,0
1.83203745,0,1
1.8325374,0,0
1.8330372,0,1
1.83353715,0,0
1.83403695,0,1
1.83453695,0,0
1.8350367,0,1
1.83553665,0,0
1.8360364,0,1
1.8365364,0,0
1.83703615,0,1
1.83753615,0,0
1.8380359,0,1
1.8385359,0,0
1.83903565,0,1
1.8395357,0,0
1.8400355,0,1
1.84053555,0,0
1.84103535,0,1
1.8415354,0,0
1.84203515,0,1
1.84253515,0,0
1.8430349,0,1
1.84353495,0,0
1.84403475,0,1
1.84453475,0,0
1.8450345,0,1
1.8455345,0,0
1.84603425,0,1
1.84653425,0,0
1.8470341,0,1
1.84753415,0,0
1.8480339,0,1
1.8485339,0,0
1.84903365,0,1
1.84953365,0,0
1.85003345,0,1
1.8505335,0,0
1.8510333,0,1
1.8515333,0,0
1.85203305,0,1
1.8525331,0,0
1.85303285,0,1
1.8535329,0,0
1.8540327,0,1
1.85453275,0,0
1.8550326,0,1
1.85553265,0,0
1.8560324,0,1
1.8565325,0,0
1.85703225,0,1
1.8575323,0,0
1.8580321,0,1
1.85853215,0,0
1.859032,0,1
1.85953205,0,0
1.8600319,0,1
1.86053195,0,0
1.86103175,0,1
1.8615318,0,0
1.8620316,0,1
1.86253165,0,0
1.8630315,0,1
1.8635315,0,0
1.86403125,0,1
1.86453125,0,0
1.865031,0,1
1.865531,0,0
1.86603075,0,1
1.86653075,0,0
1.8670305,0,1
1.86753045,0,0
1.8680302,0,1
1.8685302,0,0
1.86902995,0,1
1.86952995,0,0
1.8700297,0,1
1.8705297,0,0
1.8710295,0,1
1.8715295,0,0
1.87202925,0,1
1.87252925,0,0
1.873029,0,1
1.87352905,0,0
1.8740288,0,1
1.87452885,0,0
1.8750286,0,1
1.8755286,0,0
1.8760284,0,1
1.87652835,0,0
1.87702815,0,1
1.8775282,0,0
1.87802795,0,1
1.87852795,0,0
1.8790277,0,1
1.87952765,0,0
1.88002735,0,1
1.8805273,0,0
1.88102705,0,1
1.88152705,0,0
1.8820268,0,1
1.8825268,0,0
1.88302655,0,1
1.8835265,0,0
1.8840263,0,1
1.88452625,0,0
1.885026,0,1
1.88552595,0,0
1.8860257,0,1
1.88652575,0,0
1.88702555,0,1
1.8875256,0,0
1.88802535,0,1
1.88852535,0,0
1.8890251,0,1
1.8895251,0,0
1.89002485,0,1
1.89052485,0,0
1.8910246,0,1
1.8915246,0,0
1.89202435,0,1
1.8925243,0,0
1.893024,0,1
1.89352395,0,0
1.89402375,0,1
1.89452375,0,0
1.8950235,0,1
1.8955235,0,0
1.89602325,0,1
1.8965233,0,0
1.89702305,0,1
1.89752305,0,0
1.89802275,0,1
1.89852275,0,0
1.89902255,0,1
1.89952255,0,0
1.9000223,0,1
1.90052235,0,0
1.9010221,0,1
1.9015221,0,0
1.9020219,0,1
1.9025219,0,0
1.9030217,0,1
1.90352165,0,0
1.9040214,0,1
1.9045214,0,0
1.9050212,0,1
1.90552115,0,0
1.9060209,0,1
1.90652085,0,0
1.9070206,0,1
1.90752065,0,0
1.90802035,0,1
1.90852035,0,0
1.90902015,0,1
1.90952015,0,0
1.9100199,0,1
1.9105199,0,0
1.91101965,0,1
1.9115196,0,0
1.91201935,0,1
1.9125194,0,0
1.9130192,0,1
1.91351925,0,0
1.91401905,0,1
1.91451915,0,0
1.91501895,0,1
1.915519,0,0
1.9160188,0,1
1.91651885,0,0
1.91701855,0,1
1.91751855,0,0
1.9180183,0,1
1.91851835,0,0
1.91901815,0,1
1.9195182,0,0
1.92001795,0,1
1.92051795,0,0
1.92101765,0,1
1.92151765,0,0
1.9220175,0,1
1.92251755,0,0
1.92301735,0,1
1.92351735,0,0
1.9240172,0,1
1.92451725,0,0
1.92501705,0,1
1.92551705,0,0
1.92601685,0,1
1.9265169,0,0
1.9270167,0,1
1.9275167,0,0
1.9280165,0,1
1.92851655,0,0
1.9290164,0,1
1.92951635,0,0
1.9300161,0,1
1.93051615,0,0
1.9310159,0,1
1.93151595,0,0
1.93201575,0,1
1.9325158,0,0
1.9330156,0,1
1.93351565,0,0
1.9340154,0,1
1.9345155,0,0
1.9350153,0,1
1.9355153,0,0
1.936015,0,1
1.93651505,0,0
1.93701485,0,1
1.93751485,0,0
1.93801465,0,1
1.93851465,0,0
1.9390144,0,1
1.93951445,0,0
1.9400142,0,1
1.94051425,0,0
1.941014,0,1
1.941514,0,0
1.9420138,0,1
1.94251385,0,0
1.9430137,0,1
1.94351375,0,0
1.94401355,0,1
1.94451355,0,0
1.94501335,0,1
1.9455134,0,0
1.9460132,0,1
1.9465132,0,0
1.94701295,0,1
1.947513,0,0
1.94801275,0,1
1.9485128,0,0
1.9490126,0,1
1.9495126,0,0
1.9500124,0,1
1.95051235,0,0
1.9510121,0,1
1.9515121,0,0
1.9520119,0,1
1.9525119,0,0
1.9530117,0,1
1.9535117,0,0
1.9540115,0,1
1.95451155,0,0
1.95501135,0,1
1.95551145,0,0
1.95601125,0,1
1.95651135,0,0
1.95701115,0,1
1.9575112,0,0
1.95801105,0,1
1.95851105,0,0
1.95901085,0,1
1.9595109,0,0
1.96001065,0,1
1.96051065,0,0
1.9610105,0,1
1.96151055,0,0
1.9620104,0,1
1.9625105,0,0
1.9630103,0,1
1.96351035,0,0
1.96401015,0,1
1.9645102,0,0
1.96500995,0,1
1.96551,0,0
1.96600975,0,1
1.96650975,0,0
1.9670096,0,1
1.9675096,0,0
1.9680094,0,1
1.9685094,0,0
1.9690092,0,1
1.96950925,0,0
1.97000905,0,1
1.9705091,0,0
1.9710089,0,1
1.9715089,0,0
1.9720086,0,1
1.9725086,0,0
1.9730084,0,1
1.9735085,0,0
1.9740083,0,1
1.9745084,0,0
1.97500825,0,1
1.9755083,0,0
1.9760081,0,1
1.97650815,0,0
1.97700795,0,1
1.97750805,0,0
1.9780079,0,1
1.978508,0,0
1.9790078,0,1
1.97950785,0,0
1.98000765,0,1
1.98050775,0,0
1.9810075,0,1
1.98150755,0,0
1.9820073,0,1
1.9825073,0,0
1.9830071,0,1
1.9835071,0,0
1.9840069,0,1
1.9845069,0,0
1.9850067,0,1
1.9855067,0,0
1.98600645,0,1
1.9865065,0,0
1.98700625,0,1
1.9875063,0,0
1.9880061,0,1
1.9885061,0,0
1.98900585,0,1
1.9895059,0,0
1.99000565,0,1
1.99050565,0,0
1.99100545,0,1
1.9915055,0,0
1.9920052,0,1
1.9925052,0,0
1.993005,0,1
1.99350505,0,0
1.99400485,0,1
1.99450485,0,0
1.9950046,0,1
1.9955046,0,0
1.9960044,0,1
1.99650445,0,0
1.99700425,0,1
1.99750425,0,0
1.99800405,0,1
1.9985041,0,0
1.9990039,0,1
1.99950395,0,0
2.0000038,0,1
2.0005039,0,0
2.00100365,0,1
2.0015037,0,0
2.0020035,0,1
2.00250355,0,0
2.00300335,0,1
2.0035034,0,0
2.0040032,0,1
2.00450325,0,0
2.00500305,0,1
2.0055031,0,0
2.0060029,0,1
2.00650295,0,0
2.0070028,0,1
2.0075028,0,0
2.0080026,0,1
2.0085026,0,0
2.0090024,0,1
2.0095024,0,0
2.0100022,0,1
2.01050225,0,0
2.011002,0,1
2.01150205,0,0
2.01200185,0,1
2.0125019,0,0
2.0130017,0,1
2.0135018,0,0
2.0140016,0,1
2.01450165,0,0
2.01500145,0,1
2.01550145,0,0
2.01600125,0,1
2.0165013,0,0
2.01700115,0,1
2.0175012,0,0
2.018001,0,1
2.01850105,0,0
2.01900085,0,1
2.0195009,0,0
2.02000075,0,1
2.0205008,0,0
2.0210006,0,1
2.02150065,0,0
2.0220005,0,1
2.0225006,0,0
2.0230004,0,1
2.02350045,0,0
2.02400025,0,1
2.02450035,0,0
2.02500015,0,1
2.0255002,0,0
2.02600005,0,1
2.0265001,0,0
2.02699995,0,1
2.0274999,0,0
2.0279997,0,1
2.0284998,0,0
2.02899965,0,1
2.02949965,0,0
2.0299994,0,1
2.0304994,0,0
2.0309992,0,1
2.0314993,0,0
2.03199915,0,1
2.0324992,0,0
2.03299895,0,1
2.033499,0,0
2.03399885,0,1
2.0344989,0,0
2.03499865,0,1
2.0354987,0,0
2.0359985,0,1
2.0364985,0,0
2.03699835,0,1
2.03749835,0,0
2.03799805,0,1
2.03849805,0,0
2.0389978,0,1
2.03949785,0,0
2.0399976,0,1
2.04049765,0,0
2.0409974,0,1
2.04149745,0,0
2.04199725,0,1
2.0424973,0,0
2.04299705,0,1
2.0434971,0,0
2.0439969,0,1
2.0444969,0,0
2.0449967,0,1
2.04549675,0,0
2.04599655,0,1
2.04649655,0,0
2.04699635,0,1
2.04749635,0,0
2.04799615,0,1
2.0484962,0,0
2.048996,0,1
2.04949605,0,0
2.04999585,0,1
2.05049585,0,0
2.05099565,0,1
2.05149565,0,0
2.0519954,0,1
2.05249535,0,0
2.05299515,0,1
2.0534951,0,0
2.05399485,0,1
2.0544948,0,0
2.0549946,0,1
2.0554946,0,0
2.0559944,0,1
2.05649445,0,0
2.05699425,0,1
2.0574943,0,0
2.05799405,0,1
2.05849405,0,0
2.0589938,0,1
2.05949385,0,0
2.05999365,0,1
2.06049365,0,0
2.06099345,0,1
2.06149355,0,0
2.06199335,0,1
2.0624934,0,0
2.0629932,0,1
2.06349325,0,0
2.06399305,0,1
2.0644931,0,0
2.0649929,0,1
2.06549295,0,0
2.06599275,0,1
2.0664928,0,0
2.06699255,0,1
2.06749265,0,0
2.0679924,0,1
2.0684925,0,0
2.0689923,0,1
2.0694923,0,0
2.06999205,0,1
2.0704921,0,0
2.0709919,0,1
2.07149195,0,0
2.0719917,0,1
2.07249175,0,0
2.07299155,0,1
2.0734915,0,0
2.07399125,0,1
2.07449125,0,0
2.07499105,0,1
2.0754911,0,0
2.07599095,0,1
2.07649095,0,0
2.07699075,0,1
2.0774907,0,0
2.07799045,0,1
2.0784905,0,0
2.07899025,0,1
2.0794903,0,0
2.07999005,0,1
2.0804901,0,0
2.08098985,0,1
2.0814898,0,0
2.08198955,0,1
2.08248955,0,0
2.0829894,0,1
2.08348945,0,0
2.08398925,0,1
2.0844893,0,0
2.0849891,0,1
2.08548915,0,0
2.0859889,0,1
2.0864889,0,0
2.08698865,0,1
2.08748865,0,0
2.08798845,0,1
2.0884885,0,0
2.0889883,0,1
2.08948835,0,0
2.0899882,0,1
2.09048825,0,0
2.0909881,0,1
2.09148815,0,0
2.091988,0,1
2.09248805,0,0
2.09298785,0,1
2.0934879,0,0
2.0939877,0,1
2.0944878,0,0
2.0949876,0,1
2.09548765,0,0
2.09598745,0,1
2.0964875,0,0
2.0969873,0,1
2.09748735,0,0
2.09798715,0,1
2.0984872,0,0
2.098987,0,1
2.09948705,0,0
2.09998685,0,1
2.10048685,0,0
2.1009866,0,1
2.1014866,0,0
2.1019864,0,1
2.1024865,0,0
2.10298635,0,1
2.1034864,0,0
2.1039862,0,1
2.10448625,0,0
2.10498605,0,1
2.10548605,0,0
2.10598585,0,1
2.10648585,0,0
2.10698565,0,1
2.10748575,0,0
2.10798555,0,1
2.10848565,0,0
2.10898535,0,1
2.1094854,0,0
2.1099852,0,1
2.1104853,0,0
2.1109851,0,1
2.11148515,0,0
2.11198495,0,1
2.112485,0,0
2.1129848,0,1
2.1134848,0,0
2.1139846,0,1
2.11448465,0,0
2.1149845,0,1
2.1154846,0,0
2.1159844,0,1
2.11648445,0,0
2.11698425,0,1
2.1174843,0,0
2.11798405,0,1
2.1184841,0,0
2.11898395,0,1
2.119484,0,0
2.11998385,0,1
2.1204839,0,0
2.12098375,0,1
2.12148385,0,0
2.12198365,0,1
2.1224837,0,0
2.1229835,0,1
2.1234835,0,0
2.12398325,0,1
2.1244833,0,0
2.1249831,0,1
2.12548315,0,0
2.12598295,0,1
2.12648305,0,0
2.1269828,0,1
2.12748285,0,0
2.1279826,0,1
2.12848265,0,0
2.12898245,0,1
2.12948255,0,0
2.1299823,0,1
2.1304823,0,0
2.13098205,0,1
2.1314821,0,0
2.13198185,0,1
2.1324819,0,0
2.13298175,0,1
2.13348175,0,0
2.1339816,0,1
2.1344816,0,0
2.1349814,0,1
2.13548145,0,0
2.1359813,0,1
2.13648135,0,0
2.13698115,0,1
2.13748125,0,0
2.137981,0,1
2.13848105,0,0
2.13898085,0,1
2.13948085,0,0
2.13998065,0,1
2.14048065,0,0
2.14098045,0,1
2.14148055,0,0
2.14198035,0,1
2.1424804,0,0
2.14298025,0,1
2.1434803,0,0
2.14398005,0,1
2.1444801,0,0
2.1449799,0,1
2.14547995,0,0
2.1459798,0,1
2.14647985,0,0
2.14697965,0,1
2.1474797,0,0
2.1479795,0,1
2.1484795,0,0
2.1489793,0,1
2.14947935,0,0
2.1499791,0,1
2.1504792,0,0
2.15097895,0,1
2.15147905,0,0
2.15197885,0,1
2.1524789,0,0
2.1529787,0,1
2.1534787,0,0
2.1539785,0,1
2.15447855,0,0
2.1549784,0,1
2.15547845,0,0
2.1559783,0,1
2.15647835,0,0
2.1569782,0,1
2.15747825,0,0
2.1579781,0,1
2.15847815,0,0
2.158978,0,1
2.15947805,0,0
2.15997785,0,1
2.16047785,0,0
2.1609777,0,1
2.16147775,0,0
2.1619776,0,1
2.1624777,0,0
2.16297755,0,1
2.16347765,0,0
2.1639775,0,1
2.16447755,0,0
2.16497735,0,1
2.16547745,0,0
2.1659772,0,1
2.1664773,0,0
2.16697705,0,1
2.1674771,0,0
2.1679769,0,1
2.16847695,0,0
2.16897675,0,1
2.16947685,0,0
2.16997665,0,1
2.17047675,0,0
2.17097655,0,1
2.1714766,0,0
2.1719764,0,1
2.17247645,0,0
2.1729762,0,1
2.17347625,0,0
2.17397605,0,1
2.17447615,0,0
2.17497595,0,1
2.175476,0,0
2.1759758,0,1
2.17647585,0,0
2.17697565,0,1
2.17747575,0,0
2.1779755,0,1
2.1784755,0,0
2.1789753,0,1
2.1794754,0,0
2.17997515,0,1
2.18047515,0,0
2.18097495,0,1
2.181475,0,0
2.1819747,0,1
2.18247475,0,0
2.18297455,0,1
2.1834746,0,0
2.18397435,0,1
2.1844744,0,0
2.1849742,0,1
2.18547425,0,0
2.18597405,0,1
2.18647415,0,0
2.18697395,0,1
2.18747395,0,0
2.1879737,0,1
2.1884737,0,0
2.1889735,0,1
2.18947355,0,0
2.18997335,0,1
2.1904734,0,0
2.1909732,0,1
2.1914732,0,0
2.19197305,0,1
2.1924731,0,0
2.19297295,0,1
2.19347295,0,0
2.19397265,0,1
2.1944727,0,0
2.19497255,0,1
2.1954726,0,0
2.1959724,0,1
2.19647245,0,0
2.19697225,0,1
2.1974723,0,0
2.1979721,0,1
2.19847215,0,0
2.198972,0,1
2.199472,0,0
2.19997185,0,1
2.2004719,0,0
2.2009717,0,1
2.20147175,0,0
2.20197155,0,1
2.20247165,0,0
2.20297145,0,1
2.2034716,0,0
2.2039714,0,1
2.20447145,0,0
2.20497125,0,1
2.20547135,0,0
2.20597115,0,1
2.2064712,0,0
2.20697105,0,1
2.20747115,0,0
2.20797095,0,1
2.208471,0,0
2.2089708,0,1
2.20947085,0,0
2.20997065,0,1
2.2104707,0,0
2.2109705,0,1
2.2114705,0,0
2.2119703,0,1
2.21247035,0,0
2.2129702,0,1
2.21347025,0,0
2.21397005,0,1
2.2144701,0,0
2.2149699,0,1
2.21546995,0,0
2.21596975,0,1
2.2164698,0,0
2.21696955,0,1
2.21746955,0,0
2.2179693,0,1
2.2184694,0,0
2.21896915,0,1
2.21946915,0,0
2.219969,0,1
2.22046905,0,0
2.2209688,0,1
2.22146895,0,0
2.22196875,0,1
2.22246885,0,0
2.22296865,0,1
2.22346875,0,0
2.22396855,0,1
2.22446865,0,0
2.2249684,0,1
2.2254684,0,0
2.2259682,0,1
2.2264683,0,0
2.2269681,0,1
2.22746815,0,0
2.227968,0,1
2.2284681,0,0
2.22896795,0,1
2.229468,0,0
2.22996785,0,1
2.23046795,0,0
2.23096775,0,1
2.2314678,0,0
2.2319676,0,1
2.2324677,0,0
2.2329675,0,1
2.23346755,0,0
2.23396735,0,1
2.23446745,0,0
2.23496725,0,1
2.2354673,0,0
2.23596715,0,1
2.2364672,0,0
2.23696705,0,1
2.23746715,0,0
2.237967,0,1
2.23846705,0,0
2.2389669,0,1
2.23946695,0,0
2.23996675,0,1
2.2404667,0,0
2.24096655,0,1
2.2414666,0,0
2.24196635,0,1
2.2424664,0,0
2.2429662,0,1
2.24346625,0,0
2.2439661,0,1
2.24446615,0,0
2.244966,0,1
2.24546605,0,0
2.24596585,0,1
2.2464659,0,0
2.24696575,0,1
2.2474658,0,0
2.2479656,0,1
2.24846565,0,0
2.24896545,0,1
2.2494655,0,0
2.2499653,0,1
2.25046535,0,0
2.2509652,0,1
2.2514652,0,0
2.251965,0,1
2.252465,0,0
2.2529648,0,1
2.25346485,0,0
2.2539647,0,1
2.25446475,0,0
2.25496455,0,1
2.25546455,0,0
2.25596435,0,1
2.2564644,0,0
2.2569642,0,1
2.25746425,0,0
2.25796405,0,1
2.2584641,0,0
2.25896385,0,1
2.2594639,0,0
2.2599637,0,1
2.2604637,0,0
2.2609635,0,1
2.2614635,0,0
2.26196325,0,1
2.2624633,0,0
2.26296305,0,1
2.2634631,0,0
2.26396285,0,1
2.2644629,0,0
2.26496265,0,1
2.26546265,0,0
2.26596245,0,1
2.2664625,0,0
2.26696225,0,1
2.26746225,0,0
2.267962,0,1
2.26846205,0,0
2.2689618,0,1
2.2694618,0,0
2.2699616,0,1
2.2704616,0,0
2.2709614,0,1
2.2714614,0,0
2.2719612,0,1
2.27246125,0,0
2.2729611,0,1
2.2734611,0,0
2.2739609,0,1
2.274461,0,0
2.2749608,0,1
2.2754609,0,0
2.2759607,0,1
2.2764607,0,0
2.2769605,0,1
2.2774606,0,0
2.2779604,0,1
2.2784605,0,0
2.2789603,0,1
2.2794604,0,0
2.2799602,0,1
2.2804603,0,0
2.2809601,0,1
2.2814602,0,0
2.28196005,0,1
2.2824601,0,0
2.28295995,0,1
2.28346,0,0
2.2839598,0,1
2.2844599,0,0
2.2849597,0,1
2.28545975,0,0
2.28595955,0,1
2.2864596,0,0
2.2869594,0,1
2.2874594,0,0
2.2879592,0,1
2.2884592,0,0
2.28895895,0,1
2.28945895,0,0
2.2899587,0,1
2.2904588,0,0
2.29095855,0,1
2.29145865,0,0
2.29195845,0,1
2.2924585,0,0
2.2929583,0,1
2.29345835,0,0
2.29395815,0,1
2.2944582,0,0
2.294958,0,1
2.2954581,0,0
2.2959579,0,1
2.29645795,0,0
2.29695775,0,1
2.2974578,0,0
2.2979576,0,1
2.29845765,0,0
2.29895745,0,1
2.2994575,0,0
2.29995735,0,1
2.30045745,0,0
2.30095725,0,1
2.3014573,0,0
2.3019571,0,1
2.30245715,0,0
2.3029569,0,1
2.3034569,0,0
2.3039567,0,1
2.3044567,0,0
2.3049565,0,1
2.30545655,0,0
2.3059564,0,1
2.30645645,0,0
2.30695625,0,1
2.3074563,0,0
2.3079561,0,1
2.30845615,0,0
2.30895595,0,1
2.309456,0,0
2.3099558,0,1
2.31045585,0,0
2.31095565,0,1
2.3114557,0,0
2.3119555,0,1
2.3124555,0,0
2.3129553,0,1
2.3134553,0,0
2.3139551,0,1
2.3144551,0,0
2.3149549,0,1
2.31545495,0,0
2.31595475,0,1
2.3164548,0,0
2.3169546,0,1
2.31745465,0,0
2.3179544,0,1
2.3184544,0,0
2.3189542,0,1
2.31945425,0,0
2.31995405,0,1
2.3204541,0,0
2.3209539,0,1
2.32145395,0,0
2.32195375,0,1
2.3224538,0,0
2.32295355,0,1
2.32345365,0,0
2.3239534,0,1
2.32445345,0,0
2.3249532,0,1
2.32545325,0,0
2.325953,0,1
2.32645305,0,0
2.3269529,0,1
2.32745295,0,0
2.32795275,0,1
2.3284528,0,0
2.32895255,0,1
2.3294526,0,0
2.3299524,0,1
2.33045245,0,0
2.33095225,0,1
2.3314523,0,0
2.33195205,0,1
2.33245205,0,0
2.33295185,0,1
2.3334519,0,0
2.3339517,0,1
2.33445175,0,0
2.33495155,0,1
2.33545155,0,0
2.3359513,0,1
2.33645135,0,0
2.3369511,0,1
2.3374511,0,0
2.33795085,0,1
2.33845085,0,0
2.3389506,0,1
2.3394506,0,0
2.33995035,0,1
2.3404503,0,0
2.34095005,0,1
2.3414501,0,0
2.34194985,0,1
2.34244985,0,0
2.34294965,0,1
2.34344965,0,0
2.3439494,0,1
2.34444945,0,0
2.34494925,0,1
2.34544925,0,0
2.345949,0,1
2.346449,0,0
2.3469487,0,1
2.3474487,0,0
2.3479485,0,1
2.3484486,0,0
2.34894835,0,1
2.34944845,0,0
2.3499483,0,1
2.3504484,0,0
2.3509482,0,1
2.35144825,0,0
2.3519481,0,1
2.3524482,0,0
2.352948,0,1
2.35344805,0,0
2.35394785,0,1
2.3544479,0,0
2.35494765,0,1
2.3554477,0,0
2.35594755,0,1
2.3564476,0,0
2.35694745,0,1
2.35744755,0,0
2.35794735,0,1
2.3584474,0,0
2.3589472,0,1
2.35944725,0,0
2.35994705,0,1
2.3604471,0,0
2.3609469,0,1
2.361447,0,0
2.3619468,0,1
2.36244695,0,0
2.3629468,0,1
2.3634469,0,0
2.36394675,0,1
2.36444685,0,0
2.36494665,0,1
2.3654467,0,0
2.3659465,0,1
2.36644655,0,0
2.36694635,0,1
2.36744645,0,0
2.36794625,0,1
2.36844635,0,0
2.3689462,0,1
2.3694462,0,0
2.369946,0,1
2.37044605,0,0
2.3709459,0,1
2.37144595,0,0
2.3719458,0,1
2.37244585,0,0
2.37294565,0,1
2.3734457,0,0
2.37394545,0,1
2.3744455,0,0
2.3749453,0,1
2.3754453,0,0
2.3759451,0,1
2.37644515,0,0
2.37694495,0,1
2.37744505,0,0
2.37794485,0,1
2.37844495,0,0
2.37894475,0,1
2.37944485,0,0
2.37994465,0,1
2.3804447,0,0
2.38094455,0,1
2.38144465,0,0
2.38194445,0,1
2.38244455,0,0
2.3829444,0,1
2.3834445,0,0
2.3839443,0,1
2.3844444,0,0
2.3849442,0,1
2.3854443,0,0
2.38594415,0,1
2.38644425,0,0
2.3869441,0,1
2.3874442,0,0
2.387944,0,1
2.38844405,0,0
2.3889438,0,1
2.38944375,0,0
2.3899435,0,1
2.39044355,0,0
2.39094335,0,1
2.3914434,0,0
2.3919432,0,1
2.39244325,0,0
2.3929431,0,1
2.39344315,0,0
2.39394295,0,1
2.39444295,0,0
2.39494275,0,1
2.3954428,0,0
2.3959426,0,1
2.39644265,0,0
2.3969425,0,1
2.39744255,0,0
2.3979424,0,1
2.39844245,0,0
2.3989423,0,1
2.39944235,0,0
2.39994215,0,1
2.4004422,0,0
2.400942,0,1
2.40144215,0,0
2.40194195,0,1
2.40244205,0,0
2.4029419,0,1
2.403442,0,0
2.40394185,0,1
2.40444195,0,0
2.4049418,0,1
2.40544185,0,0
2.40594165,0,1
2.4064417,0,0
2.4069415,0,1
2.40744155,0,0
2.40794135,0,1
2.4084414,0,0
2.40894125,0,1
2.4094413,0,0
2.40994115,0,1
2.41044125,0,0
2.41094105,0,1
2.41144115,0,0
2.411941,0,1
2.41244105,0,0
2.4129409,0,1
2.413441,0,0
2.4139408,0,1
2.4144409,0,0
2.4149407,0,1
2.41544075,0,0
2.4159405,0,1
2.41644055,0,0
2.41694045,0,1
2.4174405,0,0
2.4179403,0,1
2.41844035,0,0
2.41894015,0,1
2.41944025,0,0
2.41994005,0,1
2.42044005,0,0
2.42093985,0,1
2.4214399,0,0
2.4219397,0,1
2.4224398,0,0
2.42293955,0,1
2.4234396,0,0
2.4239394,0,1
2.42443945,0,0
2.42493925,0,1
2.42543935,0,0
2.42593915,0,1
2.4264392,0,0
2.426939,0,1
2.42743905,0,0
2.42793885,0,1
2.4284389,0,0
2.4289387,0,1
2.42943875,0,0
2.42993865,0,1
2.4304387,0,0
2.43093855,0,1
2.4314386,0,0
2.43193845,0,1
2.4324385,0,0
2.43293835,0,1
2.43343845,0,0
2.43393825,0,1
2.4344384,0,0
2.4349382,0,1
2.4354383,0,0
2.4359381,0,1
2.4364382,0,0
2.43693805,0,1
2.43743815,0,0
2.437938,0,1
2.4384381,0,0
2.438938,0,1
2.4394381,0,0
2.4399379,0,1
2.440438,0,0
2.4409379,0,1
2.4414379,0,0
2.44193775,0,1
2.44243785,0,0
2.44293775,0,1
2.4434378,0,0
2.44393765,0,1
2.4444377,0,0
2.4449375,0,1
2.4454376,0,0
2.4459374,0,1
2.4464375,0,0
2.4469373,0,1
2.44743735,0,0
2.44793715,0,1
2.4484372,0,0
2.448937,0,1
2.4494371,0,0
2.4499369,0,1
2.4504369,0,0
2.45093665,0,1
2.45143675,0,0
2.45193655,0,1
2.45243665,0,0
2.4529365,0,1
2.45343655,0,0
2.45393635,0,1
2.4544364,0,0
2.4549362,0,1
2.4554363,0,0
2.4559361,0,1
2.45643615,0,0
2.456936,0,1
2.45743605,0,0
2.4579358,0,1
2.4584358,0,0
2.4589356,0,1
2.4594357,0,0
2.45993545,0,1
2.46043555,0,0
2.46093535,0,1
2.46143535,0,0
2.46193505,0,1
2.46243505,0,0
2.4629349,0,1
2.4634349,0,0
2.4639347,0,1
2.46443465,0,0
2.4649345,0,1
2.46543455,0,0
2.4659343,0,1
2.4664343,0,0
2.46693405,0,1
2.46743405,0,0
2.46793385,0,1
2.4684339,0,0
2.4689337,0,1
2.46943375,0,0
2.4699336,0,1
2.47043365,0,0
2.47093345,0,1
2.47143345,0,0
2.47193325,0,1
2.47243325,0,0
2.472933,0,1
2.47343305,0,0
2.4739328,0,1
2.47443285,0,0
2.4749326,0,1
2.4754326,0,0
2.4759324,0,1
2.47643245,0,0
2.47693225,0,1
2.47743225,0,0
2.47793205,0,1
2.4784321,0,0
2.4789319,0,1
2.4794319,0,0
2.47993165,0,1
2.48043165,0,0
2.48093145,0,1
2.48143145,0,0
2.48193125,0,1
2.4824313,0,0
2.4829311,0,1
2.48343115,0,0
2.48393095,0,1
2.484431,0,0
2.4849308,0,1
2.4854308,0,0
2.48593055,0,1
2.48643055,0,0
2.48693035,0,1
2.4874303,0,0
2.48793005,0,1
2.48843005,0,0
2.4889298,0,1
2.4894298,0,0
2.4899296,0,1
2.4904297,0,0
2.49092945,0,1
2.4914295,0,0
2.49192935,0,1
2.4924294,0,0
2.4929292,0,1
2.4934292,0,0
2.493929,0,1
2.494429,0,0
2.49492875,0,1
2.4954288,0,0
2.49592855,0,1
2.4964286,0,0
2.49692835,0,1
2.49742845,0,0
2.49792825,0,1
2.4984283,0,0
2.49892805,0,1
2.4994281,0,0
2.4999279,0,1
2.50042795,0,0
2.50092775,0,1
2.50142775,0,0
2.5019275,0,1
2.5024275,0,0
2.50292725,0,1
2.5034273,0,0
2.50392705,0,1
2.50442705,0,0
2.50492685,0,1
2.50542685,0,0
2.5059266,0,1
2.5064266,0,0
2.5069264,0,1
2.5074264,0,0
2.50792615,0,1
2.5084262,0,0
2.508926,0,1
2.50942605,0,0
2.5099259,0,1
2.51042595,0,0
2.51092575,0,1
2.5114258,0,0
2.5119256,0,1
2.51242565,0,0
2.5129254,0,1
2.51342545,0,0
2.5139252,0,1
2.5144252,0,0
2.51492495,0,1
2.5154249,0,0
2.51592465,0,1
2.5164247,0,0
2.5169245,0,1
2.51742445,0,0
2.51792425,0,1
2.5184243,0,0
2.518924,0,1
2.51942405,0,0
2.51992375,0,1
2.52042375,0,0
2.52092345,0,1
2.52142345,0,0
2.52192315,0,1
2.5224231,0,0
2.52292285,0,1
2.52342285,0,0
2.5239226,0,1
2.5244226,0,0
2.52492235,0,1
2.5254224,0,0
2.52592215,0,1
2.5264222,0,0
2.52692195,0,1
2.527422,0,0
2.52792175,0,1
2.5284218,0,0
2.52892155,0,1
2.5294216,0,0
2.5299213,0,1
2.53042135,0,0
2.53092105,0,1
2.53142105,0,0
2.5319208,0,1
2.53242075,0,0
2.53292045,0,1
2.5334205,0,0
2.5339203,0,1
2.53442025,0,0
2.53492,0,1
2.53541995,0,0
2.5359197,0,1
2.53641965,0,0
2.5369194,0,1
2.5374194,0,0
2.53791915,0,1
2.53841915,0,0
2.5389189,0,1
2.5394189,0,0
2.5399186,0,1
2.54041855,0,0
2.54091825,0,1
2.5414182,0,0
2.54191795,0,1
2.5424179,0,0
2.54291755,0,1
2.5434175,0,0
2.54391725,0,1
2.5444172,0,0
2.54491695,0,1
2.54541695,0,0
2.5459167,0,1
2.54641675,0,0
2.54691645,0,1
2.54741645,0,0
2.5479162,0,1
2.54841615,0,0
2.5489159,0,1
2.5494159,0,0
2.5499156,0,1
2.55041555,0,0
2.5509152,0,1
2.55141515,0,0
2.55191485,0,1
2.5524148,0,0
2.5529145,0,1
2.5534145,0,0
2.5539142,0,1
2.5544142,0,0
2.5549139,0,1
2.5554139,0,0
2.5559136,0,1
2.5564136,0,0
2.55691335,0,1
2.5574133,0,0
2.55791305,0,1
2.558413,0,0
2.5589128,0,1
2.55941285,0,0
2.5599127,0,1
2.5604127,0,0
2.5609125,0,1
2.5614125,0,0
2.5619123,0,1
2.5624123,0,0
2.56291205,0,1
2.5634121,0,0
2.56391185,0,1
2.5644118,0,0
2.56491155,0,1
2.56541155,0,0
2.56591125,0,1
2.5664112,0,0
2.56691095,0,1
2.56741095,0,0
2.5679107,0,1
2.56841065,0,0
2.5689103,0,1
2.56941035,0,0
2.56991015,0,1
2.57041015,0,0
2.5709099,0,1
2.57140995,0,0
2.57190975,0,1
2.5724098,0,0
2.5729096,0,1
2.5734097,0,0
2.57390945,0,1
2.57440945,0,0
2.5749092,0,1
2.5754092,0,0
2.57590895,0,1
2.576409,0,0
2.5769087,0,1
2.5774087,0,0
2.5779085,0,1
2.5784085,0,0
2.57890825,0,1
2.57940825,0,0
2.579908,0,1
2.580408,0,0
2.5809078,0,1
2.58140775,0,0
2.58190745,0,1
2.5824075,0,0
2.58290725,0,1
2.58340725,0,0
2.583907,0,1
2.58440705,0,0
2.5849068,0,1
2.5854068,0,0
2.5859066,0,1
2.5864066,0,0
2.5869064,0,1
2.58740645,0,0
2.5879062,0,1
2.58840625,0,0
2.58890605,0,1
2.5894061,0,0
2.5899059,0,1
2.59040595,0,0
2.5909057,0,1
2.5914057,0,0
2.59190545,0,1
2.59240545,0,0
2.59290525,0,1
2.59340525,0,0
2.59390505,0,1
2.59440505,0,0
2.5949048,0,1
2.59540485,0,0
2.5959046,0,1
2.5964046,0,0
2.59690435,0,1
2.59740435,0,0
2.5979041,0,1
2.59840415,0,0
2.59890395,0,1
2.599404,0,0
2.59990375,0,1
2.60040385,0,0
2.60090365,0,1
2.60140375,0,0
2.60190355,0,1
2.60240365,0,0
2.6029034,0,1
2.60340345,0,0
2.60390325,0,1
2.6044033,0,0
2.60490305,0,1
2.6054031,0,0
2.6059029,0,1
2.6064029,0,0
2.6069027,0,1
2.6074027,0,0
2.6079025,0,1
2.60840255,0,0
2.60890235,0,1
2.6094024,0,0
2.6099022,0,1
2.6104022,0,0
2.610902,0,1
2.6114021,0,0
2.61190185,0,1
2.6124019,0,0
2.6129017,0,1
2.6134017,0,0
2.6139015,0,1
2.61440155,0,0
2.61490135,0,1
2.61540135,0,0
2.6159012,0,1
2.61640125,0,0
2.61690105,0,1
2.6174011,0,0
2.6179009,0,1
2.618401,0,0
2.61890085,0,1
2.6194009,0,0
2.61990075,0,1
2.6204008,0,0
2.6209006,0,1
2.6214007,0,0
2.6219005,0,1
2.6224006,0,0
2.6229004,0,1
2.6234005,0,0
2.6239004,0,1
2.62440045,0,0
2.62490035,0,1
2.6254004,0,0
2.62590025,0,1
2.62640035,0,0
2.62690015,0,1
2.6274002,0,0
2.6279,0,1
2.6284001,0,0
2.62889995,0,1
2.6294,0,0
2.62989985,0,1
2.6303999,0,0
2.6308997,0,1
2.63139975,0,0
2.6318996,0,1
2.6323997,0,0
2.63289955,0,1
2.6333996,0,0
2.63389945,0,1
2.63439945,0,0
2.6348992,0,1
2.6353992,0,0
2.63589895,0,1
2.63639895,0,0
2.63689875,0,1
2.63739885,0,0
2.63789865,0,1
2.63839865,0,0
2.6388985,0,1
2.63939855,0,0
2.6398983,0,1
2.64039835,0,0
2.6408981,0,1
2.6413981,0,0
2.64189785,0,1
2.64239785,0,0
2.6428976,0,1
2.64339765,0,0
2.6438975,0,1
2.64439755,0,0
2.6448973,0,1
2.64539735,0,0
2.6458971,0,1
2.64639715,0,0
2.6468969,0,1
2.64739695,0,0
2.64789675,0,1
2.64839675,0,0
2.64889655,0,1
2.6493966,0,0
2.6498964,0,1
2.65039645,0,0
2.6508963,0,1
2.6513963,0,0
2.6518961,0,1
2.6523962,0,0
2.65289605,0,1
2.65339615,0,0
2.65389595,0,1
2.654396,0,0
2.65489585,0,1
2.6553959,0,0
2.65589575,0,1
2.6563958,0,0
2.6568956,0,1
2.65739565,0,0
2.65789545,0,1
2.6583955,0,0
2.65889535,0,1
2.6593954,0,0
2.6598952,0,1
2.6603952,0,0
2.660895,0,1
2.66139505,0,0
2.6618948,0,1
2.6623948,0,0
2.66289455,0,1
2.66339455,0,0
2.6638943,0,1
2.6643943,0,0
2.66489405,0,1
2.66539405,0,0
2.6658938,0,1
2.6663938,0,0
2.66689355,0,1
2.6673936,0,0
2.6678934,0,1
2.66839335,0,0
2.6688931,0,1
2.6693931,0,0
2.66989285,0,1
2.67039285,0,0
2.6708926,0,1
2.6713926,0,0
2.67189235,0,1
2.6723924,0,0
2.6728922,0,1
2.6733922,0,0
2.67389195,0,1
2.67439195,0,0
2.67489175,0,1
2.67539175,0,0
2.67589145,0,1
2.6763915,0,0
2.6768913,0,1
2.6773913,0,0
2.6778911,0,1
2.67839115,0,0
2.6788909,0,1
2.6793909,0,0
2.6798907,0,1
2.6803907,0,0
2.68089045,0,1
2.6813905,0,0
2.68189025,0,1
2.6823903,0,0
2.68289005,0,1
2.6833901,0,0
2.68388985,0,1
2.68438985,0,0
2.68488965,0,1
2.68538965,0,0
2.68588945,0,1
2.6863895,0,0
2.68688935,0,1
2.68738945,0,0
2.6878893,0,1
2.68838935,0,0
2.68888915,0,1
2.68938925,0,0
2.6898891,0,1
2.69038915,0,0
2.69088895,0,1
2.69138895,0,0
2.69188875,0,1
2.6923889,0,0
2.69288875,0,1
2.69338885,0,0
2.6938887,0,1
2.69438875,0,0
2.6948886,0,1
2.6953886,0,0
2.6958884,0,1
2.69638845,0,0
2.69688825,0,1
2.6973883,0,0
2.6978881,0,1
2.69838815,0,0
2.69888795,0,1
2.69938795,0,0
2.69988775,0,1
2.7003878,0,0
2.70088755,0,1
2.7013876,0,0
2.70188735,0,1
2.7023873,0,0
2.70288705,0,1
2.70338705,0,0
2.70388675,0,1
2.7043868,0,0
2.7048866,0,1
2.7053866,0,0
2.7058864,0,1
2.70638645,0,0
2.70688625,0,1
2.70738625,0,0
2.707886,0,1
2.70838605,0,0
2.70888585,0,1
2.70938595,0,0
2.7098858,0,1
2.7103859,0,0
2.71088565,0,1
2.7113857,0,0
2.7118855,0,1
2.71238555,0,0
2.71288535,0,1
2.71338535,0,0
2.7138852,0,1
2.71438525,0,0
2.714885,0,1
2.71538505,0,0
2.71588485,0,1
2.7163849,0,0
2.71688465,0,1
2.71738475,0,0
2.7178845,0,1
2.71838455,0,0
2.71888435,0,1
2.7193844,0,0
2.71988425,0,1
2.72038435,0,0
2.7208841,0,1
2.7213842,0,0
2.721884,0,1
2.72238405,0,0
2.7228838,0,1
2.72338385,0,0
2.72388365,0,1
2.72438365,0,0
2.72488345,0,1
2.7253835,0,0
2.72588325,0,1
2.7263833,0,0
2.7268831,0,1
2.7273831,0,0
2.72788285,0,1
2.72838285,0,0
2.72888265,0,1
2.72938275,0,0
2.72988265,0,1
2.7303827,0,0
2.7308825,0,1
2.7313826,0,0
2.7318824,0,1
2.7323825,0,0
2.73288235,0,1
2.7333824,0,0
2.73388225,0,1
2.7343823,0,0
2.73488215,0,1
2.7353822,0,0
2.73588205,0,1
2.7363821,0,0
2.736882,0,1
2.73738205,0,0
2.7378819,0,1
2.73838195,0,0
2.7388818,0,1
2.7393819,0,0
2.7398818,0,1
2.7403819,0,0
2.74088175,0,1
2.7413818,0,0
2.74188165,0,1
2.74238175,0,0
2.7428816,0,1
2.7433817,0,0
2.74388155,0,1
2.74438165,0,0
2.74488145,0,1
2.74538155,0,0
2.7458814,0,1
2.7463815,0,0
2.7468813,0,1
2.7473814,0,0
2.74788125,0,1
2.74838135,0,0
2.74888115,0,1
2.7493812,0,0
2.74988105,0,1
2.75038115,0,0
2.750881,0,1
2.7513811,0,0
2.75188095,0,1
2.75238105,0,0
2.7528809,0,1
2.753381,0,0
2.75388085,0,1
2.75438095,0,0
2.7548808,0,1
2.75538095,0,0
2.75588085,0,1
2.75638095,0,0
2.75688085,0,1
2.75738105,0,0
2.75788095,0,1
2.75838105,0,0
2.7588809,0,1
2.759381,0,0
2.7598808,0,1
2.76038085,0,0
2.7608807,0,1
2.76138075,0,0
2.7618806,0,1
2.7623806,0,0
2.7628804,0,1
2.76338055,0,0
2.76388035,0,1
2.76438045,0,0
2.7648803,0,1
2.7653804,0,0
2.76588025,0,1
2.7663804,0,0
2.76688025,0,1
2.76738035,0,0
2.7678802,0,1
2.76838035,0,0
2.7688802,0,1
2.7693803,0,0
2.7698802,0,1
2.7703803,0,0
2.7708802,0,1
2.77138035,0,0
2.7718802,0,1
2.77238035,0,0
2.7728802,0,1
2.7733803,0,0
2.77388015,0,1
2.7743803,0,0
2.7748802,0,1
2.77538035,0,0
2.77588025,0,1
2.7763804,0,0
2.7768803,0,1
2.7773804,0,0
2.77788025,0,1
2.7783804,0,0
2.7788803,0,1
2.7793804,0,0
2.7798803,0,1
2.78038045,0,0
2.7808803,0,1
2.7813804,0,0
2.78188025,0,1
2.78238035,0,0
2.7828802,0,1
2.78338025,0,0
2.7838801,0,1
2.78438015,0,0
2.78487995,0,1
2.78538005,0,0
2.7858799,0,1
2.78638,0,0
2.78687985,0,1
2.78737995,0,0
2.7878798,0,1
2.7883799,0,0
2.78887975,0,1
2.78937985,0,0
2.7898797,0,1
2.79037975,0,0
2.7908796,0,1
2.79137975,0,0
2.7918796,0,1
2.7923796,0,0
2.79287935,0,1
2.7933794,0,0
2.7938792,0,1
2.7943792,0,0
2.79487895,0,1
2.795379,0,0
2.7958788,0,1
2.7963789,0,0
2.7968787,0,1
2.7973788,0,0
2.79787865,0,1
2.79837875,0,0
2.7988787,0,1
2.79937885,0,0
2.79987875,0,1
2.80037895,0,0
2.8008788,0,1
2.80137895,0,0
2.8018789,0,1
2.80237905,0,0
2.8028789,0,1
2.8033791,0,0
2.803879,0,1
2.8043791,0,0
2.804879,0,1
2.80537915,0,0
2.805879,0,1
2.80637915,0,0
2.806879,0,1
2.8073791,0,0
2.807879,0,1
2.8083791,0,0
2.808879,0,1
2.80937915,0,0
2.8098791,0,1
2.81037925,0,0
2.8108791,0,1
2.81137925,0,0
2.81187915,0,1
2.8123793,0,0
2.81287915,0,1
2.8133793,0,0
2.81387925,0,1
2.8143794,0,0
2.8148793,0,1
2.81537945,0,0
2.81587935,0,1
2.8163795,0,0
2.8168794,0,1
2.81737955,0,0
2.8178794,0,1
2.81837955,0,0
2.8188794,0,1
2.8193795,0,0
2.81987935,0,1
2.8203795,0,0
2.82087935,0,1
2.82137945,0,0
2.82187925,0,1
2.82237935,0,0
2.82287925,0,1
2.8233794,0,0
2.8238793,0,1
2.8243794,0,0
2.8248793,0,1
2.82537945,0,0
2.8258793,0,1
2.82637935,0,0
2.8268792,0,1
2.82737925,0,0
2.8278791,0,1
2.8283792,0,0
2.82887905,0,1
2.82937915,0,0
2.82987905,0,1
2.8303792,0,0
2.83087905,0,1
2.8313792,0,0
2.8318791,0,1
2.83237925,0,0
2.8328791,0,1
2.8333792,0,0
2.8338791,0,1
2.83437925,0,0
2.8348792,0,1
2.8353793,0,0
2.8358792,0,1
2.83637935,0,0
2.83687925,0,1
2.83737945,0,0
2.83787935,0,1
2.8383795,0,0
2.8388794,0,1
2.83937955,0,0
2.8398794,0,1
2.84037955,0,0
2.84087945,0,1
2.84137955,0,0
2.8418794,0,1
2.84237945,0,0
2.8428793,0,1
2.8433794,0,0
2.8438793,0,1
2.8443794,0,0
2.8448793,0,1
2.8453794,0,0
2.84587915,0,1
2.84637925,0,0
2.84687915,0,1
2.8473793,0,0
2.84787925,0,1
2.84837945,0,0
2.8488794,0,1
2.84937955,0,0
2.8498794,0,1
2.8503795,0,0
2.85087935,0,1
2.85137945,0,0
2.85187935,0,1
2.8523795,0,0
2.85287935,0,1
2.8533795,0,0
2.8538793,0,1
2.85437935,0,0
2.8548792,0,1
2.8553793,0,0
2.8558792,0,1
2.85637925,0,0
2.8568791,0,1
2.8573792,0,0
2.8578791,0,1
2.85837925,0,0
2.85887915,0,1
2.8593793,0,0
2.8598792,0,1
2.86037925,0,0
2.86087915,0,1
2.8613793,0,0
2.86187915,0,1
2.8623792,0,0
2.86287905,0,1
2.86337915,0,0
2.86387905,0,1
2.8643791,0,0
2.8648789,0,1
2.865379,0,0
2.86587885,0,1
2.8663789,0,0
2.8668788,0,1
2.86737885,0,0
2.86787875,0,1
2.86837885,0,0
2.86887875,0,1
2.86937885,0,0
2.86987875,0,1
2.87037885,0,0
2.8708787,0,1
2.8713788,0,0
2.87187865,0,1
2.8723788,0,0
2.87287875,0,1
2.8733789,0,0
2.8738788,0,1
2.874379,0,0
2.8748789,0,1
2.87537905,0,0
2.87587895,0,1
2.87637905,0,0
2.8768789,0,1
2.877379,0,0
2.87787885,0,1
2.87837895,0,0
2.8788788,0,1
2.8793789,0,0
2.87987875,0,1
2.8803788,0,0
2.8808786,0,1
2.8813787,0,0
2.8818785,0,1
2.88237855,0,0
2.8828784,0,1
2.8833785,0,0
2.88387835,0,1
2.8843785,0,0
2.88487835,0,1
2.8853784,0,0
2.8858783,0,1
2.88637835,0,0
2.88687825,0,1
2.88737835,0,0
2.88787825,0,1
2.88837835,0,0
2.8888782,0,1
2.8893783,0,0
2.88987815,0,1
2.89037825,0,0
2.89087815,0,1
2.89137825,0,0
2.8918781,0,1
2.8923782,0,0
2.89287805,0,1
2.8933782,0,0
2.893878,0,1
2.89437815,0,0
2.89487805,0,1
2.89537815,0,0
2.89587805,0,1
2.89637815,0,0
2.896878,0,1
2.8973781,0,0
2.89787795,0,1
2.89837805,0,0
2.8988779,0,1
2.899378,0,0
2.89987785,0,1
2.90037795,0,0
2.9008778,0,1
2.9013779,0,0
2.90187775,0,1
2.90237785,0,0
2.9028777,0,1
2.9033778,0,0
2.90387765,0,1
2.9043777,0,0
2.9048776,0,1
2.9053777,0,0
2.9058775,0,1
2.9063776,0,0
2.9068775,0,1
2.90737755,0,0
2.9078774,0,1
2.9083775,0,0
2.9088774,0,1
2.9093775,0,0
2.9098773,0,1
2.9103774,0,0
2.91087725,0,1
2.9113773,0,0
2.91187715,0,1
2.91237725,0,0
2.9128771,0,1
2.91337725,0,0
2.9138771,0,1
2.9143772,0,0
2.9148771,0,1
2.9153772,0,0
2.91587705,0,1
2.9163771,0,0
2.91687695,0,1
2.917377,0,0
2.91787685,0,1
2.91837695,0,0
2.91887685,0,1
2.9193769,0,0
2.9198768,0,1
2.9203769,0,0
2.92087675,0,1
2.92137685,0,0
2.9218767,0,1
2.92237675,0,0
2.9228766,0,1
2.9233766,0,0
2.9238765,0,1
2.9243766,0,0
2.92487645,0,1
2.9253765,0,0
2.92587635,0,1
2.92637645,0,0
2.9268763,0,1
2.92737635,0,0
2.92787625,0,1
2.92837635,0,0
2.9288762,0,1
2.92937635,0,0
2.9298762,0,1
2.9303763,0,0
2.9308761,0,1
2.9313762,0,0
2.931876,0,1
2.93237605,0,0
2.93287585,0,1
2.93337585,0,0
2.9338756,0,1
2.9343756,0,0
2.93487545,0,1
2.9353755,0,0
2.9358753,0,1
2.9363754,0,0
2.93687515,0,1
2.9373752,0,0
2.937875,0,1
2.93837505,0,0
2.93887485,0,1
2.93937485,0,0
2.9398746,0,1
2.94037465,0,0
2.94087445,0,1
2.9413745,0,0
2.9418743,0,1
2.94237435,0,0
2.94287415,0,1
2.94337425,0,0
2.9438741,0,1
2.94437415,0,0
2.94487395,0,1
2.94537405,0,0
2.9458739,0,1
2.94637395,0,0
2.94687375,0,1
2.94737385,0,0
2.94787365,0,1
2.9483737,0,0
2.9488736,0,1
2.9493737,0,0
2.94987355,0,1
2.9503736,0,0
2.95087345,0,1
2.95137345,0,0
2.95187325,0,1
2.95237335,0,0
2.95287325,0,1
2.95337335,0,0
2.95387315,0,1
2.95437325,0,0
2.9548731,0,1
2.9553732,0,0
2.955873,0,1
2.956373,0,0
2.9568728,0,1
2.95737285,0,0
2.95787265,0,1
2.9583727,0,0
2.9588725,0,1
2.9593726,0,0
2.9598724,0,1
2.96037245,0,0
2.9608722,0,1
2.9613722,0,0
2.961872,0,1
2.96237205,0,0
2.96287185,0,1
2.9633719,0,0
2.96387175,0,1
2.9643718,0,0
2.96487155,0,1
2.9653716,0,0
2.9658714,0,1
2.96637145,0,0
2.9668712,0,1
2.9673712,0,0
2.967871,0,1
2.9683711,0,0
2.96887085,0,1
2.9693709,0,0
2.96987065,0,1
2.97037075,0,0
2.97087055,0,1
2.9713706,0,0
2.97187045,0,1
2.9723706,0,0
2.9728704,0,1
2.97337045,0,0
2.9738703,0,1
2.9743704,0,0
2.9748702,0,1
2.97537025,0,0
2.9758701,0,1
2.97637015,0,0
2.97687,0,1
2.9773701,0,0
2.97786995,0,1
2.97837,0,0
2.97886985,0,1
2.9793699,0,0
2.97986975,0,1
2.98036985,0,0
2.98086965,0,1
2.98136975,0,0
2.9818696,0,1
2.9823697,0,0
2.98286955,0,1
2.98336965,0,0
2.98386945,0,1
2.9843695,0,0
2.98486935,0,1
2.9853694,0,0
2.9858692,0,1
2.98636925,0,0
2.98686905,0,1
2.98736915,0,0
2.98786895,0,1
2.988369,0,0
2.9888688,0,1
2.98936885,0,0
2.98986865,0,1
2.9903687,0,0
2.9908685,0,1
2.9913686,0,0
2.99186845,0,1
2.99236855,0,0
2.9928684,0,1
2.99336845,0,0
2.99386825,0,1
2.99436835,0,0
2.9948682,0,1
2.99536825,0,0
2.9958681,0,1
2.99636815,0,0
2.996868,0,1
2.9973681,0,0
2.99786795,0,1
2.99836805,0,0
2.99886795,0,1
2.99936805,0,0
2.9998679,0,1
3.000368,0,0
3.0008679,0,1
3.00136805,0,0
3.0018679,0,1
3.00236805,0,0
3.0028679,0,1
3.003368,0,0
3.00386785,0,1
3.00436795,0,0
3.00486785,0,1
3.00536795,0,0
3.0058678,0,1
3.0063679,0,0
3.0068677,0,1
3.0073678,0,0
3.00786765,0,1
3.0083677,0,0
3.0088675,0,1
3.00936755,0,0
3.00986735,0,1
3.0103674,0,0
3.0108672,0,1
3.01136725,0,0
3.01186705,0,1
3.0123671,0,0
3.01286685,0,1
3.0133669,0,0
3.01386675,0,1
3.0143668,0,0
3.0148666,0,1
3.0153667,0,0
3.01586645,0,1
3.0163665,0,0
3.01686635,0,1
3.01736635,0,0
3.01786615,0,1
3.0183662,0,0
3.018866,0,1
3.0193661,0,0
3.0198659,0,1
3.02036605,0,0
3.0208659,0,1
3.02136605,0,0
3.0218659,0,1
3.022366,0,0
3.02286585,0,1
3.02336595,0,0
3.0238658,0,1
3.0243659,0,0
3.02486575,0,1
3.0253658,0,0
3.02586565,0,1
3.02636575,0,0
3.02686555,0,1
3.0273656,0,0
3.02786545,0,1
3.02836555,0,0
3.0288654,0,1
3.0293655,0,0
3.0298653,0,1
3.03036545,0,0
3.0308653,0,1
3.0313654,0,0
3.0318652,0,1
3.0323653,0,0
3.03286505,0,1
3.03336515,0,0
3.03386495,0,1
3.03436505,0,0
3.03486485,0,1
3.03536495,0,0
3.0358648,0,1
3.0363649,0,0
3.03686475,0,1
3.03736485,0,0
3.0378647,0,1
3.0383648,0,0
3.03886465,0,1
3.03936475,0,0
3.0398646,0,1
3.04036465,0,0
3.04086445,0,1
3.04136455,0,0
3.04186435,0,1
3.04236445,0,0
3.04286425,0,1
3.0433643,0,0
3.0438641,0,1
3.04436415,0,0
3.04486395,0,1
3.04536395,0,0
3.0458637,0,1
3.0463637,0,0
3.0468635,0,1
3.0473635,0,0
3.0478633,0,1
3.04836335,0,0
3.04886315,0,1
3.0493632,0,0
3.049863,0,1
3.05036305,0,0
3.0508628,0,1
3.0513628,0,0
3.0518626,0,1
3.0523626,0,0
3.0528624,0,1
3.05336245,0,0
3.0538622,0,1
3.05436225,0,0
3.054862,0,1
3.055362,0,0
3.0558618,0,1
3.0563618,0,0
3.05686165,0,1
3.0573617,0,0
3.05786145,0,1
3.0583615,0,0
3.05886125,0,1
3.05936125,0,0
3.05986105,0,1
3.0603611,0,0
3.0608609,0,1
3.06136095,0,0
3.06186075,0,1
3.0623608,0,0
3.06286055,0,1
3.0633606,0,0
3.0638604,0,1
3.06436045,0,0
3.06486025,0,1
3.0653602,0,0
3.06586005,0,1
3.0663601,0,0
3.0668599,0,1
3.06736,0,0
3.0678598,0,1
3.06835985,0,0
3.06885965,0,1
3.0693597,0,0
3.06985945,0,1
3.0703595,0,0
3.0708593,0,1
3.0713593,0,0
3.07185915,0,1
3.0723592,0,0
3.072859,0,1
3.07335905,0,0
3.0738589,0,1
3.07435895,0,0
3.07485875,0,1
3.07535885,0,0
3.07585875,0,1
3.07635885,0,0
3.07685865,0,1
3.0773587,0,0
3.07785855,0,1
3.0783586,0,0
3.0788584,0,1
3.07935845,0,0
3.07985825,0,1
3.08035825,0,0
3.08085805,0,1
3.081358,0,0
3.0818578,0,1
3.08235785,0,0
3.08285765,0,1
3.0833577,0,0
3.08385745,0,1
3.0843575,0,0
3.0848573,0,1
3.08535735,0,0
3.08585715,0,1
3.0863572,0,0
3.08685695,0,1
3.087357,0,0
3.0878568,0,1
3.08835685,0,0
3.0888567,0,1
3.08935675,0,0
3.08985655,0,1
3.0903566,0,0
3.09085635,0,1
3.0913564,0,0
3.09185615,0,1
3.0923562,0,0
3.09285605,0,1
3.09335605,0,0
3.0938559,0,1
3.09435595,0,0
3.09485575,0,1
3.0953558,0,0
3.09585565,0,1
3.0963557,0,0
3.0968555,0,1
3.0973556,0,0
3.0978554,0,1
3.0983555,0,0
3.0988553,0,1
3.09935535,0,0
3.09985515,0,1
3.10035525,0,0
3.100855,0,1
3.10135505,0,0
3.1018549,0,1
3.10235495,0,0
3.10285475,0,1
3.1033548,0,0
3.1038546,0,1
3.10435475,0,0
3.10485455,0,1
3.10535465,0,0
3.10585445,0,1
3.10635455,0,0
3.10685435,0,1
3.1073544,0,0
3.1078542,0,1
3.10835425,0,0
3.10885405,0,1
3.10935405,0,0
3.10985385,0,1
3.11035385,0,0
3.11085365,0,1
3.1113537,0,0
3.11185345,0,1
3.11235345,0,0
3.11285325,0,1
3.1133533,0,0
3.1138531,0,1
3.11435315,0,0
3.11485295,0,1
3.115353,0,0
3.1158528,0,1
3.1163528,0,0
3.1168526,0,1
3.1173527,0,0
3.1178525,0,1
3.1183525,0,0
3.11885235,0,1
3.1193524,0,0
3.11985225,0,1
3.1203523,0,0
3.12085215,0,1
3.1213522,0,0
3.121852,0,1
3.122352,0,0
3.12285175,0,1
3.12335175,0,0
3.1238515,0,1
3.1243515,0,0
3.12485125,0,1
3.1253512,0,0
3.12585095,0,1
3.12635095,0,0
3.12685065,0,1
3.12735065,0,0
3.1278504,0,1
3.12835035,0,0
3.1288501,0,1
3.12935015,0,0
3.12984995,0,1
3.13034995,0,0
3.13084975,0,1
3.13134975,0,0
3.13184955,0,1
3.13234955,0,0
3.13284935,0,1
3.13334935,0,0
3.13384915,0,1
3.13434915,0,0
3.13484895,0,1
3.13534895,0,0
3.13584875,0,1
3.13634875,0,0
3.1368486,0,1
3.13734865,0,0
3.1378485,0,1
3.1383485,0,0
3.1388483,0,1
3.1393484,0,0
3.1398482,0,1
3.14034825,0,0
3.1408481,0,1
3.1413481,0,0
3.1418479,0,1
3.1423479,0,0
3.1428477,0,1
3.1433477,0,0
3.14384745,0,1
3.14434745,0,0
3.14484725,0,1
3.1453473,0,0
3.1458471,0,1
3.14634715,0,0
3.1468469,0,1
3.14734695,0,0
3.1478467,0,1
3.1483467,0,0
3.14884645,0,1
3.1493464,0,0
3.1498461,0,1
3.15034615,0,0
3.15084585,0,1
3.1513459,0,0
3.15184565,0,1
3.15234575,0,0
3.1528456,0,1
3.15334565,0,0
3.1538455,0,1
3.1543456,0,0
3.1548454,0,1
3.15534545,0,0
3.1558453,0,1
3.1563454,0,0
3.15684525,0,1
3.1573453,0,0
3.15784515,0,1
3.1583452,0,0
3.15884505,0,1
3.15934515,0,0
3.15984495,0,1
3.16034505,0,0
3.16084485,0,1
3.1613449,0,0
3.1618447,0,1
3.16234475,0,0
3.1628445,0,1
3.1633445,0,0
3.16384425,0,1
3.16434425,0,0
3.16484405,0,1
3.1653441,0,0
3.1658439,0,1
3.1663439,0,0
3.1668437,0,1
3.1673438,0,0
3.1678436,0,1
3.16834365,0,0
3.16884345,0,1
3.1693435,0,0
3.16984335,0,1
3.17034335,0,0
3.1708432,0,1
3.17134325,0,0
3.17184305,0,1
3.1723431,0,0
3.17284285,0,1
3.17334285,0,0
3.17384265,0,1
3.17434265,0,0
3.1748424,0,1
3.1753424,0,0
3.1758422,0,1
3.1763422,0,0
3.17684195,0,1
3.17734195,0,0
3.17784175,0,1
3.1783418,0,0
3.17884155,0,1
3.1793416,0,0
3.1798414,0,1
3.18034145,0,0
3.18084125,0,1
3.1813413,0,0
3.1818411,0,1
3.18234115,0,0
3.18284095,0,1
3.183341,0,0
3.18384085,0,1
3.1843409,0,0
3.1848407,0,1
3.1853408,0,0
3.18584065,0,1
3.1863407,0,0
3.1868405,0,1
3.1873405,0,0
3.18784035,0,1
3.1883404,0,0
3.18884015,0,1
3.1893402,0,0
3.18984,0,1
3.19034005,0,0
3.1908398,0,1
3.1913398,0,0
3.1918396,0,1
3.19233965,0,0
3.1928394,0,1
3.19333945,0,0
3.1938393,0,1
3.19433935,0,0
3.1948391,0,1
3.19533915,0,0
3.19583895,0,1
3.196339,0,0
3.19683875,0,1
3.1973388,0,0
3.19783855,0,1
3.1983386,0,0
3.1988384,0,1
3.19933845,0,0
3.19983825,0,1
3.2003383,0,0
3.20083815,0,1
3.20133815,0,0
3.20183795,0,1
3.20233805,0,0
3.2028379,0,1
3.20333795,0,0
3.2038378,0,1
3.2043378,0,0
3.20483755,0,1
3.20533755,0,0
3.20583735,0,1
3.20633735,0,0
3.2068371,0,1
3.2073371,0,0
3.20783685,0,1
3.2083368,0,0
3.20883655,0,1
3.20933655,0,0
3.2098363,0,1
3.21033625,0,0
3.210836,0,1
3.21133595,0,0
3.21183575,0,1
3.2123357,0,0
3.21283545,0,1
3.21333545,0,0
3.2138352,0,1
3.2143352,0,0
3.21483495,0,1
3.21533495,0,0
3.21583475,0,1
3.21633475,0,0
3.21683445,0,1
3.21733445,0,0
3.2178342,0,1
3.21833415,0,0
3.21883385,0,1
3.21933385,0,0
3.2198336,0,1
3.2203336,0,0
3.2208334,0,1
3.22133345,0,0
3.2218332,0,1
3.2223332,0,0
3.22283295,0,1
3.22333295,0,0
3.2238327,0,1
3.22433275,0,0
3.22483245,0,1
3.22533245,0,0
3.22583225,0,1
3.22633225,0,0
3.22683205,0,1
3.2273321,0,0
3.22783195,0,1
3.22833205,0,0
3.22883185,0,1
3.22933195,0,0
3.2298318,0,1
3.2303319,0,0
3.23083175,0,1
3.2313318,0,0
3.23183155,0,1
3.23233165,0,0
3.2328314,0,1
3.2333314,0,0
3.2338312,0,1
3.23433125,0,0
3.234831,0,1
3.2353311,0,0
3.2358309,0,1
3.23633095,0,0
3.2368307,0,1
3.2373307,0,0
3.23783055,0,1
3.2383306,0,0
3.2388304,0,1
3.23933045,0,0
3.2398303,0,1
3.24033035,0,0
3.24083015,0,1
3.2413302,0,0
3.24183005,0,1
3.24233015,0,0
3.2428299,0,1
3.24332995,0,0
3.24382975,0,1
3.2443298,0,0
3.24482955,0,1
3.24532965,0,0
3.2458294,0,1
3.24632945,0,0
3.2468292,0,1
3.2473292,0,0
3.247829,0,1
3.24832905,0,0
3.2488288,0,1
3.24932885,0,0
3.2498286,0,1
3.2503286,0,0
3.2508284,0,1
3.25132845,0,0
3.25182825,0,1
3.25232825,0,0
3.2528281,0,1
3.25332815,0,0
3.25382795,0,1
3.254328,0,0
3.2548278,0,1
3.25532785,0,0
3.2558276,0,1
3.25632765,0,0
3.25682745,0,1
3.25732745,0,0
3.25782725,0,1
3.25832725,0,0
3.25882705,0,1
3.2593271,0,0
3.25982695,0,1
3.260327,0,0
3.26082685,0,1
3.2613269,0,0
3.2618267,0,1
3.26232675,0,0
3.26282655,0,1
3.26332665,0,0
3.26382645,0,1
3.2643265,0,0
3.2648263,0,1
3.26532635,0,0
3.2658261,0,1
3.26632615,0,0
3.2668259,0,1
3.26732595,0,0
3.2678257,0,1
3.2683257,0,0
3.26882545,0,1
3.26932545,0,0
3.2698252,0,1
3.27032515,0,0
3.27082485,0,1
3.27132485,0,0
3.2718246,0,1
3.2723246,0,0
3.2728243,0,1
3.27332425,0,0
3.27382395,0,1
3.274324,0,0
3.2748237,0,1
3.2753237,0,0
3.2758235,0,1
3.2763235,0,0
3.2768233,0,1
3.27732325,0,0
3.277823,0,1
3.27832305,0,0
3.27882285,0,1
3.27932285,0,0
3.27982265,0,1
3.2803227,0,0
3.2808225,0,1
3.28132255,0,0
3.2818223,0,1
3.2823223,0,0
3.28282205,0,1
3.2833221,0,0
3.2838219,0,1
3.2843219,0,0
3.2848216,0,1
3.2853216,0,0
3.28582135,0,1
3.28632135,0,0
3.28682105,0,1
3.2873211,0,0
3.28782085,0,1
3.28832085,0,0
3.28882055,0,1
3.28932055,0,0
3.28982025,0,1
3.29032025,0,0
3.29082,0,1
3.29132,0,0
3.29181975,0,1
3.2923198,0,0
3.2928196,0,1
3.2933196,0,0
3.29381935,0,1
3.2943194,0,0
3.2948191,0,1
3.29531905,0,0
3.2958188,0,1
3.2963188,0,0
3.29681855,0,1
3.2973186,0,0
3.29781835,0,1
3.2983184,0,0
3.2988182,0,1
3.29931825,0,0
3.299818,0,1
3.300318,0,0
3.3008178,0,1
3.30131785,0,0
3.30181765,0,1
3.3023177,0,0
3.30281745,0,1
3.30331745,0,0
3.3038172,0,1
3.30431725,0,0
3.304817,0,1
3.30531705,0,0
3.3058168,0,1
3.3063168,0,0
3.3068166,0,1
3.3073166,0,0
3.3078164,0,1
3.3083164,0,0
3.30881615,0,1
3.30931625,0,0
3.309816,0,1
3.310316,0,0
3.31081575,0,1
3.31131575,0,0
3.31181555,0,1
3.3123156,0,0
3.3128154,0,1
3.31331545,0,0
3.31381525,0,1
3.3143153,0,0
3.31481505,0,1
3.3153151,0,0
3.3158149,0,1
3.3163149,0,0
3.3168147,0,1
3.31731475,0,0
3.31781455,0,1
3.3183146,0,0
3.31881435,0,1
3.31931435,0,0
3.31981405,0,1
3.32031405,0,0
3.3208138,0,1
3.32131385,0,0
3.3218136,0,1
3.32231365,0,0
3.3228134,0,1
3.3233134,0,0
3.32381315,0,1
3.3243132,0,0
3.32481295,0,1
3.32531295,0,0
3.32581275,0,1
3.3263128,0,0
3.32681255,0,1
3.32731265,0,0
3.32781245,0,1
3.3283125,0,0
3.32881235,0,1
3.3293124,0,0
3.3298122,0,1
3.33031225,0,0
3.33081205,0,1
3.33131205,0,0
3.33181185,0,1
3.3323119,0,0
3.3328117,0,1
3.33331175,0,0
3.33381155,0,1
3.3343116,0,0
3.33481145,0,1
3.3353115,0,0
3.33581125,0,1
3.3363113,0,0
3.3368111,0,1
3.3373112,0,0
3.337811,0,1
3.338311,0,0
3.33881075,0,1
3.3393108,0,0
3.3398106,0,1
3.34031065,0,0
3.3408104,0,1
3.34131045,0,0
3.3418102,0,1
3.34231025,0,0
3.34281005,0,1
3.34331005,0,0
3.3438098,0,1
3.3443098,0,0
3.34480955,0,1
3.3453095,0,0
3.34580925,0,1
3.34630925,0,0
3.34680905,0,1
3.3473091,0,0
3.3478089,0,1
3.34830895,0,0
3.3488088,0,1
3.34930885,0,0
3.34980865,0,1
3.3503087,0,0
3.3508085,0,1
3.35130855,0,0
3.35180835,0,1
3.35230845,0,0
3.35280825,0,1
3.3533083,0,0
3.35380805,0,1
3.35430805,0,0
3.35480785,0,1
3.35530785,0,0
3.35580765,0,1
3.3563077,0,0
3.3568075,0,1
3.35730755,0,0
3.35780735,0,1
3.35830745,0,0
3.3588073,0,1
3.3593073,0,0
3.3598071,0,1
3.3603072,0,0
3.360807,0,1
3.36130715,0,0
3.36180695,0,1
3.362307,0,0
3.36280685,0,1
3.36330695,0,0
3.3638068,0,1
3.3643069,0,0
3.36480675,0,1
3.3653069,0,0
3.36580675,0,1
3.36630685,0,0
3.36680675,0,1
3.3673069,0,0
3.3678068,0,1
3.3683069,0,0
3.3688068,0,1
3.36930695,0,0
3.36980685,0,1
3.37030695,0,0
3.37080685,0,1
3.37130695,0,0
3.3718068,0,1
3.37230695,0,0
3.37280685,0,1
3.373307,0,0
3.3738069,0,1
3.374307,0,0
3.37480685,0,1
3.3753069,0,0
3.3758067,0,1
3.37630675,0,0
3.3768066,0,1
3.3773067,0,0
3.3778065,0,1
3.37830655,0,0
3.3788064,0,1
3.3793065,0,0
3.37980635,0,1
3.3803064,0,0
3.38080625,0,1
3.38130635,0,0
3.3818062,0,1
3.3823063,0,0
3.38280615,0,1
3.38330625,0,0
3.3838061,0,1
3.3843062,0,0
3.3848061,0,1
3.38530625,0,0
3.3858061,0,1
3.3863062,0,0
3.386806,0,1
3.3873061,0,0
3.38780595,0,1
3.388306,0,0
3.38880585,0,1
3.38930595,0,0
3.38980575,0,1
3.39030585,0,0
3.39080565,0,1
3.39130575,0,0
3.39180555,0,1
3.3923056,0,0
3.39280545,0,1
3.3933055,0,0
3.3938053,0,1
3.3943054,0,0
3.3948052,0,1
3.3953053,0,0
3.39580515,0,1
3.39630525,0,0
3.39680505,0,1
3.39730515,0,0
3.39780495,0,1
3.39830505,0,0
3.39880495,0,1
3.3993051,0,0
3.39980495,0,1
3.4003051,0,0
3.40080495,0,1
3.401305,0,0
3.4018048,0,1
3.40230485,0,0
3.4028047,0,1
3.4033048,0,0
3.40380465,0,1
3.4043047,0,0
3.40480455,0,1
3.40530465,0,0
3.4058045,0,1
3.40630455,0,0
3.4068044,0,1
3.4073045,0,0
3.40780435,0,1
3.4083045,0,0
3.40880435,0,1
3.4093045,0,0
3.40980435,0,1
3.41030445,0,0
3.4108043,0,1
3.41130435,0,0
3.41180415,0,1
3.4123042,0,0
3.412804,0,1
3.4133041,0,0
3.4138039,0,1
3.414304,0,0
3.4148038,0,1
3.4153039,0,0
3.41580375,0,1
3.41630385,0,0
3.41680365,0,1
3.4173037,0,0
3.4178035,0,1
3.4183036,0,0
3.41880335,0,1
3.4193034,0,0
3.4198032,0,1
3.42030325,0,0
3.42080305,0,1
3.4213031,0,0
3.4218029,0,1
3.422303,0,0
3.4228028,0,1
3.42330295,0,0
3.42380275,0,1
3.4243028,0,0
3.42480265,0,1
3.42530275,0,0
3.4258026,0,1
3.4263027,0,0
3.42680255,0,1
3.42730265,0,0
3.42780245,0,1
3.4283025,0,0
3.4288023,0,1
3.4293024,0,0
3.4298022,0,1
3.43030225,0,0
3.43080205,0,1
3.43130205,0,0
3.4318019,0,1
3.43230195,0,0
3.4328017,0,1
3.43330175,0,0
3.43380155,0,1
3.4343016,0,0
3.43480145,0,1
3.4353015,0,0
3.43580135,0,1
3.4363014,0,0
3.43680125,0,1
3.43730135,0,0
3.43780115,0,1
3.43830125,0,0
3.4388011,0,1
3.4393012,0,0
3.43980105,0,1
3.44030115,0,0
3.44080105,0,1
3.44130115,0,0
3.441801,0,1
3.4423011,0,0
3.44280095,0,1
3.44330105,0,0
3.4438009,0,1
3.444301,0,0
3.4448009,0,1
3.44530095,0,0
3.44580075,0,1
3.4463008,0,0
3.4468006,0,1
3.44730065,0,0
3.4478005,0,1
3.44830055,0,0
3.44880035,0,1
3.44930045,0,0
3.44980025,0,1
3.4503003,0,0
3.45080015,0,1
3.45130025,0,0
3.4518001,0,1
3.45230015,0,0
3.4528,0,1
3.4533001,0,0
3.4537999,0,1
3.4543,0,0
3.4547998,0,1
3.4552999,0,0
3.4557997,0,1
3.45629975,0,0
3.4567996,0,1
3.45729965,0,0
3.4577995,0,1
3.4582996,0,0
3.45879945,0,1
3.4592995,0,0
3.45979935,0,1
3.4602994,0,0
3.46079925,0,1
3.4612993,0,0
3.4617991,0,1
3.4622992,0,0
3.46279905,0,1
3.4632991,0,0
3.46379895,0,1
3.46429905,0,0
3.4647989,0,1
3.46529905,0,0
3.4657989,0,1
3.46629905,0,0
3.4667989,0,1
3.46729905,0,0
3.46779885,0,1
3.4682989,0,0
3.4687987,0,1
3.4692988,0,0
3.46979865,0,1
3.4702987,0,0
3.4707985,0,1
3.4712986,0,0
3.47179845,0,1
3.4722985,0,0
3.4727983,0,1
3.47329835,0,0
3.47379815,0,1
3.4742982,0,0
3.474798,0,1
3.4752981,0,0
3.4757979,0,1
3.476298,0,0
3.4767979,0,1
3.477298,0,0
3.47779785,0,1
3.4782979,0,0
3.47879775,0,1
3.47929785,0,0
3.47979775,0,1
3.48029785,0,0
3.4807977,0,1
3.4812978,0,0
3.48179765,0,1
3.4822978,0,0
3.4827977,0,1
3.4832978,0,0
3.48379765,0,1
3.48429775,0,0
3.4847976,0,1
3.4852977,0,0
3.48579755,0,1
3.48629765,0,0
3.4867975,0,1
3.4872975,0,0
3.48779735,0,1
3.48829745,0,0
3.48879725,0,1
3.48929735,0,0
3.4897972,0,1
3.4902973,0,0
3.49079715,0,1
3.49129725,0,0
3.4917971,0,1
3.49229725,0,0
3.4927971,0,1
3.4932972,0,0
3.49379705,0,1
3.49429715,0,0
3.494797,0,1
3.4952971,0,0
3.4957969,0,1
3.496297,0,0
3.49679685,0,1
3.49729695,0,0
3.4977968,0,1
3.4982969,0,0
3.49879675,0,1
3.4992969,0,0
3.4997967,0,1
3.50029685,0,0
3.50079675,0,1
3.50129685,0,0
3.5017967,0,1
3.5022968,0,0
3.5027966,0,1
3.50329665,0,0
3.50379645,0,1
3.5042965,0,0
3.50479635,0,1
3.5052964,0,0
3.5057962,0,1
3.5062963,0,0
3.5067961,0,1
3.5072961,0,0
3.5077959,0,1
3.508296,0,0
3.5087958,0,1
3.50929585,0,0
3.50979565,0,1
3.51029575,0,0
3.51079565,0,1
3.51129575,0,0
3.5117956,0,1
3.51229575,0,0
3.5127956,0,1
3.51329575,0,0
3.5137956,0,1
3.5142957,0,0
3.51479555,0,1
3.51529565,0,0
3.5157955,0,1
3.51629555,0,0
3.5167954,0,1
3.51729545,0,0
3.5177952,0,1
3.51829525,0,0
3.51879505,0,1
3.51929515,0,0
3.51979505,0,1
3.52029515,0,0
3.520795,0,1
3.5212951,0,0
3.52179495,0,1
3.5222951,0,0
3.52279495,0,1
3.52329505,0,0
3.5237949,0,1
3.524295,0,0
3.5247948,0,1
3.5252949,0,0
3.5257947,0,1
3.52629475,0,0
3.52679455,0,1
3.5272946,0,0
3.5277944,0,1
3.5282944,0,0
3.5287942,0,1
3.52929425,0,0
3.52979405,0,1
3.5302941,0,0
3.5307939,0,1
3.5312939,0,0
3.5317937,0,1
3.53229375,0,0
3.5327936,0,1
3.53329365,0,0
3.53379345,0,1
3.5342935,0,0
3.5347933,0,1
3.5352934,0,0
3.5357932,0,1
3.5362933,0,0
3.5367931,0,1
3.5372931,0,0
3.5377929,0,1
3.53829295,0,0
3.53879275,0,1
3.5392928,0,0
3.53979265,0,1
3.54029275,0,0
3.54079255,0,1
3.54129265,0,0
3.5417925,0,1
3.5422925,0,0
3.5427923,0,1
3.5432924,0,0
3.5437922,0,1
3.54429225,0,0
3.5447921,0,1
3.5452922,0,0
3.5457921,0,1
3.54629215,0,0
3.54679195,0,1
3.54729205,0,0
3.5477919,0,1
3.548292,0,0
3.54879185,0,1
3.5492919,0,0
3.5497917,0,1
3.55029175,0,0
3.5507915,0,1
3.55129155,0,0
3.55179135,0,1
3.55229135,0,0
3.5527911,0,1
3.55329115,0,0
3.553791,0,1
3.55429105,0,0
3.55479085,0,1
3.5552909,0,0
3.5557907,0,1
3.5562908,0,0
3.5567906,0,1
3.55729065,0,0
3.55779045,0,1
3.55829045,0,0
3.5587903,0,1
3.55929035,0,0
3.5597902,0,1
3.56029025,0,0
3.5607901,0,1
3.5612902,0,0
3.56179005,0,1
3.5622901,0,0
3.5627899,0,1
3.56328995,0,0
3.56378975,0,1
3.5642898,0,0
3.5647896,0,1
3.5652896,0,0
3.5657894,0,1
3.56628945,0,0
3.56678925,0,1
3.5672893,0,0
3.56778915,0,1
3.5682892,0,0
3.568789,0,1
3.56928905,0,0
3.56978885,0,1
3.5702889,0,0
3.5707887,0,1
3.57128875,0,0
3.57178855,0,1
3.5722886,0,0
3.57278835,0,1
3.57328835,0,0
3.57378815,0,1
3.57428815,0,0
3.5747879,0,1
3.5752879,0,0
3.57578765,0,1
3.5762877,0,0
3.5767875,0,1
3.57728755,0,0
3.57778735,0,1
3.57828735,0,0
3.5787871,0,1
3.5792871,0,0
3.57978685,0,1
3.5802869,0,0
3.5807867,0,1
3.5812868,0,0
3.58178655,0,1
3.58228655,0,0
3.58278635,0,1
3.58328635,0,0
3.58378615,0,1
3.58428615,0,0
3.58478595,0,1
3.585286,0,0
3.5857858,0,1
3.5862858,0,0
3.58678555,0,1
3.58728565,0,0
3.5877854,0,1
3.5882855,0,0
3.5887853,0,1
3.58928535,0,0
3.58978515,0,1
3.5902852,0,0
3.590785,0,1
3.59128505,0,0
3.59178485,0,1
3.5922849,0,0
3.5927847,0,1
3.59328475,0,0
3.5937845,0,1
3.5942845,0,0
3.59478425,0,1
3.59528425,0,0
3.595784,0,1
3.59628405,0,0
3.5967838,0,1
3.5972838,0,0
3.59778355,0,1
3.5982835,0,0
3.59878315,0,1
3.59928315,0,0
3.59978285,0,1
3.60028285,0,0
3.6007826,0,1
3.6012826,0,0
3.60178235,0,1
3.60228235,0,0
3.6027821,0,1
3.6032821,0,0
3.60378185,0,1
3.60428185,0,0
3.6047816,0,1
3.60528155,0,0
3.60578135,0,1
3.60628135,0,0
3.6067811,0,1
3.60728105,0,0
3.6077808,0,1
3.60828085,0,0
3.6087806,0,1
3.60928065,0,0
3.6097805,0,1
3.61028055,0,0
3.61078035,0,1
3.6112804,0,0
3.6117802,0,1
3.61228025,0,0
3.61278015,0,1
3.6132802,0,0
3.61378005,0,1
3.6142801,0,0
3.61477985,0,1
3.61527985,0,0
3.61577965,0,1
3.61627965,0,0
3.61677945,0,1
3.61727945,0,0
3.6177792,0,1
3.61827925,0,0
3.61877895,0,1
3.61927895,0,0
3.6197787,0,1
3.6202787,0,0
3.62077845,0,1
3.62127845,0,0
3.62177825,0,1
3.62227825,0,0
3.622778,0,1
3.623278,0,0
3.62377785,0,1
3.62427785,0,0
3.62477765,0,1
3.62527775,0,0
3.6257775,0,1
3.62627755,0,0
3.62677735,0,1
3.62727735,0,0
3.6277771,0,1
3.6282771,0,0
3.6287769,0,1
3.6292769,0,0
3.6297767,0,1
3.63027675,0,0
3.63077655,0,1
3.6312766,0,0
3.6317764,0,1
3.63227645,0,0
3.6327763,0,1
3.63327635,0,0
3.63377615,0,1
3.6342762,0,0
3.63477595,0,1
3.63527595,0,0
3.6357757,0,1
3.63627575,0,0
3.6367755,0,1
3.6372755,0,0
3.63777525,0,1
3.6382753,0,0
3.6387751,0,1
3.6392751,0,0
3.6397749,0,1
3.64027495,0,0
3.6407747,0,1
3.6412747,0,0
3.6417745,0,1
3.6422745,0,0
3.64277435,0,1
3.6432744,0,0
3.6437742,0,1
3.64427425,0,0
3.64477405,0,1
3.6452741,0,0
3.6457739,0,1
3.646274,0,0
3.64677385,0,1
3.6472739,0,0
3.64777365,0,1
3.6482737,0,0
3.64877345,0,1
3.6492735,0,0
3.6497733,0,1
3.6502733,0,0
3.6507731,0,1
3.65127315,0,0
3.65177295,0,1
3.652273,0,0
3.65277285,0,1
3.65327285,0,0
3.6537727,0,1
3.65427275,0,0
3.65477255,0,1
3.65527265,0,0
3.65577245,0,1
3.6562725,0,0
3.6567723,0,1
3.65727235,0,0
3.6577722,0,1
3.65827225,0,0
3.65877205,0,1
3.65927215,0,0
3.659772,0,1
3.6602721,0,0
3.660772,0,1
3.66127205,0,0
3.66177185,0,1
3.6622719,0,0
3.66277165,0,1
3.6632717,0,0
3.6637715,0,1
3.66427155,0,0
3.66477135,0,1
3.6652714,0,0
3.66577115,0,1
3.6662712,0,0
3.666771,0,1
3.667271,0,0
3.66777085,0,1
3.6682709,0,0
3.6687707,0,1
3.66927075,0,0
3.66977055,0,1
3.67027065,0,0
3.6707704,0,1
3.6712704,0,0
3.6717702,0,1
3.67227015,0,0
3.6727699,0,1
3.67326985,0,0
3.67376965,0,1
3.67426965,0,0
3.67476945,0,1
3.67526945,0,0
3.67576925,0,1
3.6762693,0,0
3.6767691,0,1
3.67726915,0,0
3.67776895,0,1
3.678269,0,0
3.6787688,0,1
3.6792688,0,0
3.6797686,0,1
3.68026865,0,0
3.6807685,0,1
3.68126855,0,0
3.6817684,0,1
3.68226845,0,0
3.6827682,0,1
3.6832683,0,0
3.68376805,0,1
3.6842681,0,0
3.6847679,0,1
3.68526785,0,0
3.68576765,0,1
3.68626765,0,0
3.68676745,0,1
3.68726745,0,0
3.6877672,0,1
3.6882672,0,0
3.68876695,0,1
3.6892669,0,0
3.68976665,0,1
3.69026665,0,0
3.6907664,0,1
3.69126645,0,0
3.69176625,0,1
3.69226625,0,0
3.69276605,0,1
3.6932661,0,0
3.6937659,0,1
3.69426595,0,0
3.6947658,0,1
3.69526585,0,0
3.6957656,0,1
3.69626565,0,0
3.69676545,0,1
3.69726545,0,0
3.69776525,0,1
3.69826525,0,0
3.698765,0,1
3.699265,0,0
3.6997648,0,1
3.7002648,0,0
3.7007646,0,1
3.7012646,0,0
3.70176435,0,1
3.7022644,0,0
3.70276415,0,1
3.70326415,0,0
3.7037639,0,1
3.7042639,0,0
3.70476365,0,1
3.7052637,0,0
3.70576345,0,1
3.70626345,0,0
3.70676325,0,1
3.70726325,0,0
3.707763,0,1
3.708263,0,0
3.70876275,0,1
3.7092627,0,0
3.7097624,0,1
3.7102624,0,0
3.7107621,0,1
3.71126205,0,0
3.71176175,0,1
3.71226175,0,0
3.71276145,0,1
3.71326145,0,0
3.71376115,0,1
3.71426115,0,0
3.7147609,0,1
3.71526085,0,0
3.7157606,0,1
3.71626055,0,0
3.7167603,0,1
3.7172603,0,0
3.7177601,0,1
3.7182601,0,0
3.7187599,0,1
3.71925995,0,0
3.7197597,0,1
3.72025975,0,0
3.7207595,0,1
3.7212595,0,0
3.72175925,0,1
3.72225925,0,0
3.722759,0,1
3.723259,0,0
3.72375875,0,1
3.72425875,0,0
3.7247585,0,1
3.7252585,0,0
3.7257583,0,1
3.7262583,0,0
3.72675805,0,1
3.72725805,0,0
3.72775785,0,1
3.72825785,0,0
3.7287576,0,1
3.72925765,0,0
3.72975745,0,1
3.7302575,0,0
3.73075725,0,1
3.7312573,0,0
3.73175705,0,1
3.73225705,0,0
3.7327568,0,1
3.7332568,0,0
3.73375655,0,1
3.73425655,0,0
3.7347563,0,1
3.73525625,0,0
3.735756,0,1
3.736256,0,0
3.73675575,0,1
3.73725575,0,0
3.73775555,0,1
3.7382556,0,0
3.73875535,0,1
3.73925535,0,0
3.73975515,0,1
3.74025515,0,0
3.7407549,0,1
3.7412549,0,0
3.7417546,0,1
3.7422546,0,0
3.7427544,0,1
3.74325445,0,0
3.74375425,0,1
3.7442543,0,0
3.74475415,0,1
3.7452542,0,0
3.745754,0,1
3.7462541,0,0
3.7467539,0,1
3.747254,0,0
3.7477538,0,1
3.74825375,0,0
3.74875355,0,1
3.74925355,0,0
3.74975335,0,1
3.75025335,0,0
3.75075315,0,1
3.7512532,0,0
3.751753,0,1
3.75225305,0,0
3.75275285,0,1
3.7532529,0,0
3.7537527,0,1
3.75425275,0,0
3.75475255,0,1
3.75525265,0,0
3.75575245,0,1
3.75625255,0,0
3.75675235,0,1
3.7572525,0,0
3.7577523,0,1
3.75825235,0,0
3.7587522,0,1
3.7592523,0,0
3.75975215,0,1
3.7602522,0,0
3.76075205,0,1
3.7612521,0,0
3.76175195,0,1
3.76225195,0,0
3.76275175,0,1
3.7632518,0,0
3.76375165,0,1
3.76425175,0,0
3.7647516,0,1
3.76525165,0,0
3.76575145,0,1
3.7662515,0,0
3.7667513,0,1
3.76725135,0,0
3.76775115,0,1
3.7682512,0,0
3.76875095,0,1
3.769251,0,0
3.76975085,0,1
3.7702509,0,0
3.7707507,0,1
3.7712508,0,0
3.77175065,0,1
3.7722507,0,0
3.77275055,0,1
3.77325065,0,0
3.77375045,0,1
3.7742505,0,0
3.77475025,0,1
3.7752503,0,0
3.77575005,0,1
3.7762501,0,0
3.7767499,0,1
3.77724995,0,0
3.77774975,0,1
3.7782498,0,0
3.77874955,0,1
3.7792496,0,0
3.7797494,0,1
3.7802494,0,0
3.78074925,0,1
3.7812493,0,0
3.7817491,0,1
3.78224915,0,0
3.782749,0,1
3.78324905,0,0
3.78374885,0,1
3.7842489,0,0
3.7847487,0,1
3.78524875,0,0
3.78574855,0,1
3.78624855,0,0
3.78674835,0,1
3.7872484,0,0
3.78774825,0,1
3.78824835,0,0
3.7887481,0,1
3.7892482,0,0
3.78974795,0,1
3.79024805,0,0
3.79074785,0,1
3.79124785,0,0
3.7917477,0,1
3.79224775,0,0
3.79274755,0,1
3.7932476,0,0
3.79374745,0,1
3.7942475,0,0
3.79474725,0,1
3.79524725,0,0
3.795747,0,1
3.796247,0,0
3.7967468,0,1
3.7972468,0,0
3.79774655,0,1
3.7982466,0,0
3.7987464,0,1
3.7992464,0,0
3.7997462,0,1
3.8002462,0,0
3.80074595,0,1
3.801246,0,0
3.8017458,0,1
3.8022458,0,0
3.8027456,0,1
3.80324565,0,0
3.8037454,0,1
3.8042454,0,0
3.8047451,0,1
3.8052451,0,0
3.80574485,0,1
3.8062448,0,0
3.8067446,0,1
3.8072446,0,0
3.8077443,0,1
3.8082443,0,0
3.80874405,0,1
3.80924405,0,0
3.8097438,0,1
3.8102438,0,0
3.81074355,0,1
3.81124355,0,0
3.81174325,0,1
3.81224325,0,0
3.81274295,0,1
3.81324295,0,0
3.81374265,0,1
3.8142427,0,0
3.8147424,0,1
3.8152424,0,0
3.8157422,0,1
3.8162422,0,0
3.81674195,0,1
3.817242,0,0
3.81774175,0,1
3.8182417,0,0
3.8187414,0,1
3.8192414,0,0
3.81974115,0,1
3.8202411,0,0
3.8207408,0,1
3.8212408,0,0
3.8217405,0,1
3.8222405,0,0
3.8227402,0,1
3.8232402,0,0
3.82373995,0,1
3.82423995,0,0
3.8247397,0,1
3.8252397,0,0
3.8257395,0,1
3.82623945,0,0
3.8267392,0,1
3.8272392,0,0
3.827739,0,1
3.828239,0,0
3.82873875,0,1
3.82923875,0,0
3.82973845,0,1
3.8302385,0,0
3.8307382,0,1
3.83123815,0,0
3.8317378,0,1
3.83223775,0,0
3.83273745,0,1
3.8332374,0,0
3.83373715,0,1
3.83423715,0,0
3.83473695,0,1
3.83523695,0,0
3.83573675,0,1
3.83623675,0,0
3.8367365,0,1
3.8372365,0,0
3.83773625,0,1
3.83823625,0,0
3.83873605,0,1
3.83923605,0,0
3.8397358,0,1
3.84023585,0,0
3.8407356,0,1
3.84123565,0,0
3.84173545,0,1
3.84223545,0,0
3.8427352,0,1
3.84323525,0,0
3.84373505,0,1
3.84423505,0,0
3.84473485,0,1
3.8452349,0,0
3.84573465,0,1
3.84623465,0,0
3.84673435,0,1
3.84723435,0,0
3.8477341,0,1
3.84823405,0,0
3.84873385,0,1
3.8492339,0,0
3.84973365,0,1
3.8502337,0,0
3.85073345,0,1
3.8512335,0,0
3.8517333,0,1
3.85223335,0,0
3.8527331,0,1
3.85323315,0,0
3.8537329,0,1
3.85423285,0,0
3.8547326,0,1
3.85523265,0,0
3.85573245,0,1
3.8562325,0,0
3.8567323,0,1
3.8572323,0,0
3.85773205,0,1
3.85823205,0,0
3.85873185,0,1
3.85923185,0,0
3.8597316,0,1
3.8602315,0,0
3.86073125,0,1
3.86123125,0,0
3.861731,0,1
3.862231,0,0
3.8627308,0,1
3.8632308,0,0
3.8637305,0,1
3.86423055,0,0
3.8647303,0,1
3.86523035,0,0
3.86573005,0,1
3.86623005,0,0
3.8667298,0,1
3.86722985,0,0
3.86772965,0,1
3.86822965,0,0
3.86872935,0,1
3.86922925,0,0
3.869729,0,1
3.87022905,0,0
3.87072885,0,1
3.8712289,0,0
3.8717287,0,1
3.8722287,0,0
3.8727285,0,1
3.87322855,0,0
3.8737283,0,1
3.8742283,0,0
3.87472805,0,1
3.87522805,0,0
3.8757278,0,1
3.8762278,0,0
3.87672755,0,1
3.87722755,0,0
3.8777273,0,1
3.8782273,0,0
3.878727,0,1
3.87922705,0,0
3.87972685,0,1
3.8802268,0,0
3.88072655,0,1
3.8812265,0,0
3.88172625,0,1
3.8822262,0,0
3.88272595,0,1
3.88322595,0,0
3.8837257,0,1
3.88422565,0,0
3.8847254,0,1
3.88522545,0,0
3.8857252,0,1
3.88622515,0,0
3.88672485,0,1
3.88722485,0,0
3.88772465,0,1
3.88822465,0,0
3.88872435,0,1
3.88922435,0,0
3.8897241,0,1
3.8902241,0,0
3.89072385,0,1
3.89122385,0,0
3.89172355,0,1
3.8922235,0,0
3.8927232,0,1
3.89322315,0,0
3.8937229,0,1
3.8942229,0,0
3.8947227,0,1
3.8952227,0,0
3.89572245,0,1
3.89622245,0,0
3.8967222,0,1
3.89722215,0,0
3.8977219,0,1
3.89822185,0,0
3.8987216,0,1
3.89922155,0,0
3.8997213,0,1
3.9002213,0,0
3.90072105,0,1
3.90122105,0,0
3.90172075,0,1
3.90222075,0,0
3.90272045,0,1
3.90322045,0,0
3.90372025,0,1
3.9042203,0,0
3.90472005,0,1
3.9052201,0,0
3.90571985,0,1
3.9062199,0,0
3.90671965,0,1
3.90721965,0,0
3.9077194,0,1
3.90821945,0,0
3.9087192,0,1
3.9092192,0,0
3.90971895,0,1
3.91021895,0,0
3.91071865,0,1
3.9112187,0,0
3.9117185,0,1
3.9122185,0,0
3.9127183,0,1
3.91321835,0,0
3.9137181,0,1
3.91421815,0,0
3.9147179,0,1
3.91521795,0,0
3.9157177,0,1
3.91621775,0,0
3.91671755,0,1
3.9172176,0,0
3.91771735,0,1
3.9182174,0,0
3.9187172,0,1
3.91921725,0,0
3.91971705,0,1
3.92021705,0,0
3.92071685,0,1
3.92121685,0,0
3.92171665,0,1
3.92221665,0,0
3.9227164,0,1
3.92321645,0,0
3.92371625,0,1
3.9242163,0,0
3.9247161,0,1
3.9252161,0,0
3.9257158,0,1
3.92621575,0,0
3.9267155,0,1
3.9272155,0,0
3.92771525,0,1
3.92821525,0,0
3.928715,0,1
3.929215,0,0
3.92971475,0,1
3.93021475,0,0
3.93071455,0,1
3.93121455,0,0
3.93171435,0,1
3.93221445,0,0
3.9327142,0,1
3.9332142,0,0
3.93371395,0,1
3.93421395,0,0
3.9347137,0,1
3.9352137,0,0
3.9357135,0,1
3.9362135,0,0
3.93671325,0,1
3.9372133,0,0
3.937713,0,1
3.938213,0,0
3.93871275,0,1
3.9392127,0,0
3.93971245,0,1
3.9402124,0,0
3.94071215,0,1
3.94121215,0,0
3.9417119,0,1
3.9422118,0,0
3.94271155,0,1
3.94321155,0,0
3.94371125,0,1
3.94421125,0,0
3.944711,0,1
3.945211,0,0
3.9457108,0,1
3.94621075,0,0
3.9467105,0,1
3.94721055,0,0
3.9477103,0,1
3.9482103,0,0
3.94871005,0,1
3.9492101,0,0
3.94970985,0,1
3.95020985,0,0
3.95070965,0,1
3.9512097,0,0
3.9517095,0,1
3.9522095,0,0
3.95270935,0,1
3.95320935,0,0
3.9537091,0,1
3.95420915,0,0
3.95470885,0,1
3.9552089,0,0
3.9557086,0,1
3.9562086,0,0
3.9567084,0,1
3.9572084,0,0
3.95770815,0,1
3.9582081,0,0
3.95870785,0,1
3.9592079,0,0
3.9597077,0,1
3.96020775,0,0
3.96070755,0,1
3.9612076,0,0
3.96170745,0,1
3.9622075,0,0
3.9627073,0,1
3.96320735,0,0
3.96370715,0,1
3.9642072,0,0
3.964707,0,1
3.965207,0,0
3.96570675,0,1
3.9662067,0,0
3.9667065,0,1
3.9672065,0,0
3.9677063,0,1
3.96820635,0,0
3.9687061,0,1
3.96920615,0,0
3.9697059,0,1
3.9702059,0,0
3.9707057,0,1
3.97120575,0,0
3.97170555,0,1
3.9722056,0,0
3.9727054,0,1
3.97320545,0,0
3.97370525,0,1
3.9742053,0,0
3.97470505,0,1
3.97520505,0,0
3.97570485,0,1
3.9762049,0,0
3.97670465,0,1
3.97720475,0,0
3.97770455,0,1
3.97820455,0,0
3.97870435,0,1
3.9792044,0,0
3.97970415,0,1
3.9802042,0,0
3.980704,0,1
3.981204,0,0
3.98170375,0,1
3.98220375,0,0
3.9827035,0,1
3.98320355,0,0
3.98370325,0,1
3.9842033,0,0
3.98470305,0,1
3.9852031,0,0
3.9857028,0,1
3.98620285,0,0
3.9867026,0,1
3.9872025,0,0
3.9877023,0,1
3.9882023,0,0
3.98870205,0,1
3.9892021,0,0
3.98970185,0,1
3.9902019,0,0
3.99070165,0,1
3.99120165,0,0
3.99170145,0,1
3.99220145,0,0
3.9927012,0,1
3.99320125,0,0
3.993701,0,1
3.99420105,0,0
3.99470085,0,1
3.9952009,0,0
3.99570065,0,1
3.9962007,0,0
3.9967005,0,1
3.9972005,0,0
3.9977003,0,1
3.99820035,0,0
3.99870015,0,1
3.9992002,0,0
3.9997,0,1
4.00020005,0,0
4.00069985,0,1
4.00119985,0,0
4.00169965,0,1
4.0021997,0,0
4.00269945,0,1
4.00319945,0,0
4.00369925,0,1
4.0041993,0,0
4.0046991,0,1
4.00519915,0,0
4.0056989,0,1
4.00619895,0,0
4.0066987,0,1
4.00719875,0,0
4.00769855,0,1
4.0081986,0,0
4.00869835,0,1
4.00919835,0,0
4.00969805,0,1
4.01019805,0,0
4.0106978,0,1
4.01119785,0,0
4.01169765,0,1
4.01219765,0,0
4.0126974,0,1
4.01319735,0,0
4.0136971,0,1
4.01419715,0,0
4.0146969,0,1
4.0151969,0,0
4.01569665,0,1
4.0161966,0,0
4.0166964,0,1
4.0171964,0,0
4.0176962,0,1
4.01819625,0,0
4.018696,0,1
4.01919605,0,0
4.0196958,0,1
4.02019585,0,0
4.02069565,0,1
4.02119575,0,0
4.02169555,0,1
4.0221956,0,0
4.0226954,0,1
4.0231954,0,0
4.02369525,0,1
4.02419525,0,0
4.024695,0,1
4.02519505,0,0
4.0256948,0,1
4.02619485,0,0
4.0266946,0,1
4.02719465,0,0
4.0276944,0,1
4.02819445,0,0
4.02869425,0,1
4.0291943,0,0
4.02969405,0,1
4.0301941,0,0
4.0306939,0,1
4.031194,0,0
4.03169375,0,1
4.0321938,0,0
4.0326935,0,1
4.03319345,0,0
4.03369325,0,1
4.03419325,0,0
4.03469305,0,1
4.03519305,0,0
4.0356928,0,1
4.0361928,0,0
4.0366925,0,1
4.0371925,0,0
4.03769225,0,1
4.03819225,0,0
4.038692,0,1
4.039192,0,0
4.03969175,0,1
4.0401918,0,0
4.0406916,0,1
4.0411916,0,0
4.0416914,0,1
4.04219145,0,0
4.0426912,0,1
4.0431912,0,0
4.043691,0,1
4.04419095,0,0
4.04469075,0,1
4.04519075,0,0
4.04569045,0,1
4.04619045,0,0
4.0466902,0,1
4.0471902,0,0
4.0476899,0,1
4.0481899,0,0
4.04868965,0,1
4.0491897,0,0
4.0496894,0,1
4.0501894,0,0
4.05068915,0,1
4.0511891,0,0
4.05168885,0,1
4.05218885,0,0
4.0526886,0,1
4.0531886,0,0
4.05368835,0,1
4.05418835,0,0
4.05468805,0,1
4.0551881,0,0
4.05568785,0,1
4.0561878,0,0
4.05668755,0,1
4.0571876,0,0
4.05768735,0,1
4.05818735,0,0
4.0586871,0,1
4.05918715,0,0
4.0596869,0,1
4.06018695,0,0
4.0606867,0,1
4.06118675,0,0
4.06168655,0,1
4.06218655,0,0
4.06268635,0,1
4.06318635,0,0
4.0636861,0,1
4.0641862,0,0
4.064686,0,1
4.0651861,0,0
4.06568595,0,1
4.066186,0,0
4.06668585,0,1
4.06718595,0,0
4.06768575,0,1
4.0681858,0,0
4.0686856,0,1
4.0691856,0,0
4.0696854,0,1
4.07018545,0,0
4.0706853,0,1
4.07118535,0,0
4.0716852,0,1
4.07218525,0,0
4.0726851,0,1
4.0731852,0,0
4.07368505,0,1
4.0741851,0,0
4.0746849,0,1
4.07518495,0,0
4.0756848,0,1
4.07618485,0,0
4.07668465,0,1
4.07718465,0,0
4.07768445,0,1
4.0781845,0,0
4.07868425,0,1
4.07918425,0,0
4.079684,0,1
4.080184,0,0
4.08068375,0,1
4.08118375,0,0
4.0816835,0,1
4.08218345,0,0
4.08268315,0,1
4.08318315,0,0
4.08368285,0,1
4.0841829,0,0
4.0846827,0,1
4.08518275,0,0
4.0856825,0,1
4.08618255,0,0
4.0866823,0,1
4.0871823,0,0
4.08768205,0,1
4.0881821,0,0
4.0886819,0,1
4.0891819,0,0
4.08968165,0,1
4.09018165,0,0
4.09068145,0,1
4.0911814,0,0
4.09168115,0,1
4.09218115,0,0
4.0926809,0,1
4.0931809,0,0
4.09368065,0,1
4.09418065,0,0
4.0946804,0,1
4.09518035,0,0
4.0956801,0,1
4.0961801,0,0
4.09667985,0,1
4.09717985,0,0
4.09767955,0,1
4.09817945,0,0
4.09867915,0,1
4.0991791,0,0
4.09967885,0,1
4.10017885,0,0
4.10067855,0,1
4.10117855,0,0
4.1016783,0,1
4.1021783,0,0
4.10267805,0,1
4.103178,0,0
4.10367775,0,1
4.10417775,0,0
4.10467745,0,1
4.10517745,0,0
4.10567715,0,1
4.10617715,0,0
4.1066769,0,1
4.1071769,0,0
4.1076766,0,1
4.1081766,0,0
4.10867635,0,1
4.1091763,0,0
4.10967605,0,1
4.110176,0,0
4.11067575,0,1
4.1111757,0,0
4.1116754,0,1
4.11217535,0,0
4.11267505,0,1
4.113175,0,0
4.11367475,0,1
4.11417465,0,0
4.11467435,0,1
4.11517435,0,0
4.1156741,0,1
4.11617405,0,0
4.1166738,0,1
4.11717385,0,0
4.11767355,0,1
4.11817355,0,0
4.1186733,0,1
4.11917325,0,0
4.119673,0,1
4.12017295,0,0
4.12067265,0,1
4.1211726,0,0
4.1216723,0,1
4.1221723,0,0
4.122672,0,1
4.12317195,0,0
4.12367165,0,1
4.12417165,0,0
4.1246714,0,1
4.12517145,0,0
4.1256712,0,1
4.1261712,0,0
4.1266709,0,1
4.1271708,0,0
4.12767055,0,1
4.12817055,0,0
4.1286703,0,1
4.1291702,0,0
4.1296699,0,1
4.1301699,0,0
4.1306696,0,1
4.13116955,0,0
4.1316693,0,1
4.1321693,0,0
4.1326691,0,1
4.13316905,0,0
4.1336688,0,1
4.1341688,0,0
4.13466855,0,1
4.13516855,0,0
4.13566835,0,1
4.13616835,0,0
4.1366681,0,1
4.13716805,0,0
4.13766775,0,1
4.1381677,0,0
4.13866745,0,1
4.1391674,0,0
4.13966715,0,1
4.1401671,0,0
4.1406668,0,1
4.1411667,0,0
4.14166645,0,1
4.1421664,0,0
4.1426661,0,1
4.14316605,0,0
4.14366575,0,1
4.14416565,0,0
4.1446654,0,1
4.14516535,0,0
4.14566505,0,1
4.14616495,0,0
4.14666465,0,1
4.14716465,0,0
4.14766435,0,1
4.1481643,0,0
4.148664,0,1
4.14916395,0,0
4.1496637,0,1
4.15016365,0,0
4.15066335,0,1
4.1511633,0,0
4.151663,0,1
4.1521629,0,0
4.1526626,0,1
4.1531625,0,0
4.1536622,0,1
4.1541622,0,0
4.1546619,0,1
4.1551619,0,0
4.15566165,0,1
4.15616165,0,0
4.15666135,0,1
4.15716135,0,0
4.1576611,0,1
4.1581611,0,0
4.15866085,0,1
4.1591609,0,0
4.15966065,0,1
4.16016065,0,0
4.1606604,0,1
4.16116035,0,0
4.1616601,0,1
4.16216005,0,0
4.1626598,0,1
4.16315975,0,0
4.1636595,0,1
4.16415945,0,0
4.1646592,0,1
4.1651592,0,0
4.165659,0,1
4.16615895,0,0
4.1666587,0,1
4.1671587,0,0
4.16765845,0,1
4.1681584,0,0
4.1686582,0,1
4.1691582,0,0
4.16965795,0,1
4.17015795,0,0
4.17065775,0,1
4.17115775,0,0
4.17165755,0,1
4.17215755,0,0
4.1726573,0,1
4.1731573,0,0
4.173657,0,1
4.174157,0,0
4.1746567,0,1
4.17515665,0,0
4.1756564,0,1
4.1761564,0,0
4.17665615,0,1
4.17715615,0,0
4.1776559,0,1
4.1781559,0,0
4.1786557,0,1
4.17915575,0,0
4.1796555,0,1
4.18015555,0,0
4.1806553,0,1
4.1811553,0,0
4.1816551,0,1
4.18215515,0,0
4.18265495,0,1
4.18315485,0,0
4.18365455,0,1
4.18415455,0,0
4.18465425,0,1
4.1851542,0,0
4.18565395,0,1
4.18615395,0,0
4.1866537,0,1
4.18715375,0,0
4.1876535,0,1
4.1881535,0,0
4.18865325,0,1
4.18915325,0,0
4.189653,0,1
4.190153,0,0
4.1906528,0,1
4.1911528,0,0
4.19165255,0,1
4.19215255,0,0
4.19265225,0,1
4.1931523,0,0
4.19365205,0,1
4.19415205,0,0
4.19465175,0,1
4.19515175,0,0
4.1956515,0,1
4.1961515,0,0
4.19665125,0,1
4.1971512,0,0
4.19765095,0,1
4.198151,0,0
4.19865075,0,1
4.19915075,0,0
4.1996505,0,1
4.2001505,0,0
4.20065025,0,1
4.20115025,0,0
4.20165005,0,1
4.20215,0,0
4.2026498,0,1
4.2031498,0,0
4.20364945,0,1
4.2041494,0,0
4.20464915,0,1
4.2051492,0,0
4.2056489,0,1
4.2061489,0,0
4.20664865,0,1
4.20714865,0,0
4.2076484,0,1
4.20814845,0,0
4.2086482,0,1
4.2091482,0,0
4.20964795,0,1
4.21014795,0,0
4.2106477,0,1
4.21114775,0,0
4.2116475,0,1
4.21214755,0,0
4.21264735,0,1
4.2131474,0,0
4.21364715,0,1
4.2141472,0,0
4.214647,0,1
4.215147,0,0
4.21564675,0,1
4.2161468,0,0
4.2166465,0,1
4.2171465,0,0
4.21764635,0,1
4.21814635,0,0
4.21864615,0,1
4.21914615,0,0
4.2196459,0,1
4.22014595,0,0
4.22064575,0,1
4.2211458,0,0
4.22164555,0,1
4.2221456,0,0
4.2226454,0,1
4.22314545,0,0
4.2236452,0,1
4.2241452,0,0
4.224645,0,1
4.225145,0,0
4.22564475,0,1
4.22614475,0,0
4.22664445,0,1
4.2271445,0,0
4.2276443,0,1
4.22814435,0,0
4.2286441,0,1
4.22914415,0,0
4.2296439,0,1
4.2301439,0,0
4.2306437,0,1
4.23114375,0,0
4.2316435,0,1
4.23214355,0,0
4.2326433,0,1
4.23314335,0,0
4.23364315,0,1
4.2341431,0,0
4.2346429,0,1
4.2351429,0,0
4.2356427,0,1
4.23614275,0,0
4.2366425,0,1
4.23714255,0,0
4.2376423,0,1
4.23814235,0,0
4.2386422,0,1
4.2391422,0,0
4.239642,0,1
4.24014205,0,0
4.24064185,0,1
4.2411419,0,0
4.24164165,0,1
4.24214165,0,0
4.24264145,0,1
4.24314145,0,0
4.24364125,0,1
4.2441413,0,0
4.24464105,0,1
4.24514105,0,0
4.2456408,0,1
4.24614085,0,0
4.24664065,0,1
4.24714065,0,0
4.24764045,0,1
4.24814045,0,0
4.2486402,0,1
4.24914025,0,0
4.24964,0,1
4.25014,0,0
4.25063975,0,1
4.2511398,0,0
4.2516396,0,1
4.2521396,0,0
4.2526393,0,1
4.2531393,0,0
4.25363905,0,1
4.25413905,0,0
4.2546388,0,1
4.25513885,0,0
4.2556386,0,1
4.25613865,0,0
4.25663845,0,1
4.2571385,0,0
4.2576383,0,1
4.25813835,0,0
4.25863815,0,1
4.2591382,0,0
4.2596381,0,1
4.2601381,0,0
4.26063785,0,1
4.2611378,0,0
4.26163755,0,1
4.2621376,0,0
4.2626374,0,1
4.2631374,0,0
4.26363715,0,1
4.26413715,0,0
4.2646369,0,1
4.26513695,0,0
4.2656367,0,1
4.2661367,0,0
4.2666364,0,1
4.2671364,0,0
4.2676362,0,1
4.2681362,0,0
4.26863595,0,1
4.2691359,0,0
4.26963565,0,1
4.2701356,0,0
4.27063535,0,1
4.27113535,0,0
4.27163515,0,1
4.2721351,0,0
4.27263485,0,1
4.2731349,0,0
4.2736346,0,1
4.2741346,0,0
4.27463435,0,1
4.2751344,0,0
4.27563415,0,1
4.2761342,0,0
4.276634,0,1
4.27713405,0,0
4.27763385,0,1
4.27813385,0,0
4.27863365,0,1
4.2791337,0,0
4.2796335,0,1
4.28013355,0,0
4.28063335,0,1
4.2811334,0,0
4.28163315,0,1
4.28213315,0,0
4.28263295,0,1
4.28313295,0,0
4.28363275,0,1
4.2841328,0,0
4.2846326,0,1
4.28513265,0,0
4.28563245,0,1
4.28613245,0,0
4.28663225,0,1
4.2871323,0,0
4.2876321,0,1
4.2881321,0,0
4.2886319,0,1
4.28913195,0,0
4.28963175,0,1
4.2901318,0,0
4.2906316,0,1
4.29113165,0,0
4.29163145,0,1
4.2921315,0,0
4.2926312,0,1
4.29313125,0,0
4.293631,0,1
4.294131,0,0
4.2946308,0,1
4.2951308,0,0
4.2956306,0,1
4.2961306,0,0
4.2966304,0,1
4.29713045,0,0
4.29763025,0,1
4.29813025,0,0
4.29863005,0,1
4.2991301,0,0
4.29962985,0,1
4.3001299,0,0
4.30062965,0,1
4.3011297,0,0
4.3016295,0,1
4.3021295,0,0
4.3026293,0,1
4.3031294,0,0
4.3036292,0,1
4.30412925,0,0
4.30462905,0,1
4.3051291,0,0
4.3056289,0,1
4.30612895,0,0
4.30662875,0,1
4.30712885,0,0
4.30762875,0,1
4.30812885,0,0
4.3086287,0,1
4.3091288,0,0
4.3096286,0,1
4.31012865,0,0
4.3106285,0,1
4.31112855,0,0
4.3116284,0,1
4.3121284,0,0
4.31262825,0,1
4.3131283,0,0
4.3136281,0,1
4.31412815,0,0
4.314628,0,1
4.31512805,0,0
4.3156279,0,1
4.3161279,0,0
4.31662775,0,1
4.31712785,0,0
4.3176277,0,1
4.31812775,0,0
4.31862755,0,1
4.3191276,0,0
4.31962745,0,1
4.3201275,0,0
4.3206273,0,1
4.32112735,0,0
4.32162715,0,1
4.32212715,0,0
4.32262685,0,1
4.32312695,0,0
4.32362675,0,1
4.3241268,0,0
4.32462665,0,1
4.3251267,0,0
4.32562655,0,1
4.3261266,0,0
4.3266264,0,1
4.3271265,0,0
4.32762635,0,1
4.3281264,0,0
4.32862615,0,1
4.32912625,0,0
4.32962605,0,1
4.33012615,0,0
4.330626,0,1
4.3311261,0,0
4.33162595,0,1
4.332126,0,0
4.33262585,0,1
4.3331259,0,0
4.33362575,0,1
4.33412575,0,0
4.3346256,0,1
4.33512565,0,0
4.33562545,0,1
4.33612555,0,0
4.3366254,0,1
4.33712545,0,0
4.33762525,0,1
4.3381253,0,0
4.3386251,0,1
4.3391252,0,0
4.33962495,0,1
4.340125,0,0
4.3406248,0,1
4.34112485,0,0
4.34162465,0,1
4.3421247,0,0
4.3426245,0,1
4.34312455,0,0
4.3436244,0,1
4.34412445,0,0
4.3446243,0,1
4.3451243,0,0
4.34562405,0,1
4.34612405,0,0
4.34662385,0,1
4.3471239,0,0
4.3476237,0,1
4.3481238,0,0
4.3486236,0,1
4.3491237,0,0
4.3496235,0,1
4.3501235,0,0
4.3506233,0,1
4.35112335,0,0
4.3516232,0,1
4.35212325,0,0
4.352623,0,1
4.35312305,0,0
4.35362285,0,1
4.35412285,0,0
4.35462265,0,1
4.3551227,0,0
4.3556225,0,1
4.35612255,0,0
4.35662235,0,1
4.35712245,0,0
4.35762225,0,1
4.35812235,0,0
4.3586222,0,1
4.35912225,0,0
4.35962205,0,1
4.36012215,0,0
4.3606219,0,1
4.3611219,0,0
4.36162165,0,1
4.3621216,0,0
4.3626214,0,1
4.3631214,0,0
4.36362115,0,1
4.36412115,0,0
4.3646209,0,1
4.3651209,0,0
4.3656206,0,1
4.3661206,0,0
4.3666204,0,1
4.3671204,0,0
4.3676202,0,1
4.36812025,0,0
4.36861995,0,1
4.36911995,0,0
4.36961975,0,1
4.3701197,0,0
4.37061945,0,1
4.3711195,0,0
4.37161925,0,1
4.3721193,0,0
4.37261905,0,1
4.37311915,0,0
4.37361895,0,1
4.37411905,0,0
4.37461885,0,1
4.3751189,0,0
4.37561865,0,1
4.3761187,0,0
4.37661845,0,1
4.3771185,0,0
4.3776183,0,1
4.3781183,0,0
4.3786181,0,1
4.37911815,0,0
4.37961795,0,1
4.380118,0,0
4.38061775,0,1
4.3811178,0,0
4.3816176,0,1
4.38211765,0,0
4.3826174,0,1
4.3831174,0,0
4.3836172,0,1
4.3841172,0,0
4.38461695,0,1
4.385117,0,0
4.3856168,0,1
4.3861168,0,0
4.3866166,0,1
4.38711665,0,0
4.38761645,0,1
4.3881165,0,0
4.3886163,0,1
4.38911635,0,0
4.38961615,0,1
4.39011625,0,0
4.3906161,0,1
4.3911162,0,0
4.391616,0,1
4.392116,0,0
4.39261575,0,1
4.3931158,0,0
4.3936156,0,1
4.3941156,0,0
4.3946154,0,1
4.3951154,0,0
4.3956151,0,1
4.3961151,0,0
4.39661485,0,1
4.39711485,0,0
4.3976147,0,1
4.39811475,0,0
4.39861455,0,1
4.39911455,0,0
4.39961435,0,1
4.40011435,0,0
4.4006141,0,1
4.4011141,0,0
4.4016139,0,1
4.4021139,0,0
4.4026137,0,1
4.4031137,0,0
4.4036135,0,1
4.4041135,0,0
4.40461325,0,1
4.40511325,0,0
4.40561305,0,1
4.4061131,0,0
4.40661285,0,1
4.40711285,0,0
4.4076126,0,1
4.4081126,0,0
4.40861235,0,1
4.40911235,0,0
4.4096121,0,1
4.41011215,0,0
4.41061195,0,1
4.41111195,0,0
4.4116117,0,1
4.4121117,0,0
4.4126115,0,1
4.41311155,0,0
4.41361125,0,1
4.4141112,0,0
4.4146109,0,1
4.4151109,0,0
4.41561065,0,1
4.41611065,0,0
4.4166104,0,1
4.4171104,0,0
4.41761015,0,1
4.41811015,0,0
4.41860995,0,1
4.41910995,0,0
4.41960975,0,1
4.42010975,0,0
4.4206095,0,1
4.4211096,0,0
4.42160935,0,1
4.4221094,0,0
4.42260915,0,1
4.42310915,0,0
4.42360895,0,1
4.424109,0,0
4.42460885,0,1
4.42510885,0,0
4.42560865,0,1
4.42610865,0,0
4.4266084,0,1
4.42710845,0,0
4.42760815,0,1
4.4281082,0,0
4.42860795,0,1
4.42910795,0,0
4.42960775,0,1
4.4301078,0,0
4.4306076,0,1
4.4311076,0,0
4.4316074,0,1
4.4321074,0,0
4.43260725,0,1
4.4331073,0,0
4.4336071,0,1
4.4341071,0,0
4.43460685,0,1
4.43510685,0,0
4.43560665,0,1
4.4361067,0,0
4.4366065,0,1
4.43710655,0,0
4.43760635,0,1
4.4381064,0,0
4.43860615,0,1
4.43910615,0,0
4.43960595,0,1
4.44010595,0,0
4.44060565,0,1
4.44110565,0,0
4.4416054,0,1
4.44210545,0,0
4.44260525,0,1
4.4431053,0,0
4.44360505,0,1
4.4441051,0,0
4.4446049,0,1
4.44510495,0,0
4.44560475,0,1
4.4461048,0,0
4.44660455,0,1
4.44710465,0,0
4.4476044,0,1
4.4481045,0,0
4.44860435,0,1
4.44910445,0,0
4.44960425,0,1
4.4501043,0,0
4.45060415,0,1
4.45110415,0,0
4.45160395,0,1
4.45210395,0,0
4.45260375,0,1
4.4531038,0,0
4.4536036,0,1
4.45410365,0,0
4.4546035,0,1
4.45510355,0,0
4.4556034,0,1
4.45610345,0,0
4.45660325,0,1
4.4571033,0,0
4.4576031,0,1
4.45810315,0,0
4.458603,0,1
4.45910305,0,0
4.4596029,0,1
4.46010295,0,0
4.46060275,0,1
4.46110275,0,0
4.46160255,0,1
4.46210255,0,0
4.46260235,0,1
4.4631024,0,0
4.4636022,0,1
4.46410225,0,0
4.46460205,0,1
4.46510205,0,0
4.46560185,0,1
4.4661019,0,0
4.4666017,0,1
4.46710175,0,0
4.46760155,0,1
4.46810165,0,0
4.4686014,0,1
4.46910145,0,0
4.4696012,0,1
4.4701013,0,0
4.4706011,0,1
4.47110115,0,0
4.471601,0,1
4.47210105,0,0
4.47260085,0,1
4.47310085,0,0
4.47360065,0,1
4.47410075,0,0
4.4746005,0,1
4.47510055,0,0
4.47560035,0,1
4.4761004,0,0
4.4766003,0,1
4.47710035,0,0
4.4776002,0,1
4.4781002,0,0
4.47860005,0,1
4.4791001,0,0
4.4795999,0,1
4.48009995,0,0
4.48059975,0,1
4.4810998,0,0
4.48159955,0,1
4.48209955,0,0
4.48259935,0,1
4.48309935,0,0
4.48359915,0,1
4.4840991,0,0
4.4845989,0,1
4.485099,0,0
4.4855988,0,1
4.48609885,0,0
4.4865987,0,1
4.48709875,0,0
4.4875985,0,1
4.4880985,0,0
4.4885982,0,1
4.4890982,0,0
4.489598,0,1
4.49009805,0,0
4.49059785,0,1
4.49109785,0,0
4.4915976,0,1
4.49209765,0,0
4.49259735,0,1
4.4930974,0,0
4.49359715,0,1
4.49409715,0,0
4.4945969,0,1
4.4950969,0,0
4.49559665,0,1
4.4960967,0,0
4.49659645,0,1
4.4970965,0,0
4.4975963,0,1
4.49809635,0,0
4.49859615,0,1
4.49909615,0,0
4.49959595,0,1
4.500096,0,0
4.50059585,0,1
4.50109595,0,0
4.50159575,0,1
4.50209585,0,0
4.5025956,0,1
4.50309565,0,0
4.50359545,0,1
4.50409545,0,0
4.50459525,0,1
4.50509525,0,0
4.50559505,0,1
4.5060951,0,0
4.5065949,0,1
4.50709495,0,0
4.50759475,0,1
4.50809475,0,0
4.5085945,0,1
4.5090945,0,0
4.5095942,0,1
4.5100942,0,0
4.51059395,0,1
4.511094,0,0
4.5115938,0,1
4.51209385,0,0
4.5125937,0,1
4.51309375,0,0
4.5135936,0,1
4.51409365,0,0
4.51459345,0,1
4.51509355,0,0
4.5155934,0,1
4.51609345,0,0
4.51659325,0,1
4.5170933,0,0
4.5175931,0,1
4.51809315,0,0
4.51859295,0,1
4.519093,0,0
4.5195928,0,1
4.52009285,0,0
4.5205926,0,1
4.52109265,0,0
4.5215924,0,1
4.52209245,0,0
4.52259225,0,1
4.5230923,0,0
4.5235921,0,1
4.52409215,0,0
4.5245919,0,1
4.52509195,0,0
4.52559175,0,1
4.52609175,0,0
4.5265915,0,1
4.5270915,0,0
4.52759125,0,1
4.5280913,0,0
4.52859105,0,1
4.5290911,0,0
4.5295909,0,1
4.5300909,0,0
4.53059065,0,1
4.53109065,0,0
4.5315904,0,1
4.5320904,0,0
4.5325902,0,1
4.5330902,0,0
4.53359005,0,1
4.53409005,0,0
4.53458985,0,1
4.5350898,0,0
4.53558955,0,1
4.53608955,0,0
4.5365893,0,1
4.5370893,0,0
4.53758905,0,1
4.53808905,0,0
4.5385888,0,1
4.5390888,0,0
4.5395886,0,1
4.54008865,0,0
4.54058845,0,1
4.54108855,0,0
4.54158835,0,1
4.54208845,0,0
4.54258825,0,1
4.5430883,0,0
4.5435881,0,1
4.5440881,0,0
4.5445879,0,1
4.5450879,0,0
4.5455877,0,1
4.54608775,0,0
4.54658755,0,1
4.54708755,0,0
4.5475873,0,1
4.5480873,0,0
4.54858705,0,1
4.54908705,0,0
4.54958675,0,1
4.5500868,0,0
4.5505865,0,1
4.5510865,0,0
4.5515862,0,1
4.55208615,0,0
4.55258585,0,1
4.5530858,0,0
4.5535855,0,1
4.5540855,0,0
4.55458525,0,1
4.5550852,0,0
4.55558495,0,1
4.55608495,0,0
4.5565847,0,1
4.55708465,0,0
4.5575844,0,1
4.5580844,0,0
4.55858415,0,1
4.5590842,0,0
4.55958395,0,1
4.560084,0,0
4.56058375,0,1
4.56108375,0,0
4.5615835,0,1
4.5620835,0,0
4.56258325,0,1
4.5630833,0,0
4.56358305,0,1
4.56408305,0,0
4.5645828,0,1
4.56508275,0,0
4.5655825,0,1
4.5660825,0,0
4.56658225,0,1
4.56708225,0,0
4.567582,0,1
4.56808205,0,0
4.56858185,0,1
4.56908185,0,0
4.56958165,0,1
4.5700816,0,0
4.57058135,0,1
4.5710813,0,0
4.57158105,0,1
4.572081,0,0
4.5725808,0,1
4.57308085,0,0
4.57358055,0,1
4.5740806,0,0
4.57458035,0,1
4.57508035,0,0
4.57558015,0,1
4.5760802,0,0
4.57658,0,1
4.57708,0,0
4.5775798,0,1
4.57807985,0,0
4.57857965,0,1
4.5790797,0,0
4.5795795,0,1
4.58007955,0,0
4.5805793,0,1
4.58107935,0,0
4.5815791,0,1
4.5820791,0,0
4.58257885,0,1
4.58307885,0,0
4.58357855,0,1
4.58407855,0,0
4.5845783,0,1
4.58507835,0,0
4.58557815,0,1
4.58607815,0,0
4.58657795,0,1
4.58707795,0,0
4.5875777,0,1
4.5880777,0,0
4.5885775,0,1
4.5890775,0,0
4.58957735,0,1
4.5900774,0,0
4.59057715,0,1
4.59107715,0,0
4.5915769,0,1
4.592077,0,0
4.5925768,0,1
4.59307685,0,0
4.59357665,0,1
4.5940767,0,0
4.5945765,0,1
4.5950765,0,0
4.5955763,0,1
4.59607635,0,0
4.59657615,0,1
4.5970762,0,0
4.59757595,0,1
4.598076,0,0
4.5985758,0,1
4.5990758,0,0
4.59957565,0,1
4.6000757,0,0
4.60057545,0,1
4.60107545,0,0
4.60157525,0,1
4.6020753,0,0
4.60257505,0,1
4.60307505,0,0
4.6035748,0,1
4.6040748,0,0
4.6045746,0,1
4.6050746,0,0
4.6055744,0,1
4.6060744,0,0
4.60657415,0,1
4.6070742,0,0
4.60757405,0,1
4.6080741,0,0
4.60857395,0,1
4.609074,0,0
4.6095738,0,1
4.61007385,0,0
4.6105737,0,1
4.6110738,0,0
4.61157365,0,1
4.6120737,0,0
4.61257345,0,1
4.6130735,0,0
4.6135733,0,1
4.61407335,0,0
4.61457315,0,1
4.6150732,0,0
4.615573,0,1
4.6160731,0,0
4.6165729,0,1
4.61707295,0,0
4.61757275,0,1
4.61807285,0,0
4.6185727,0,1
4.61907275,0,0
4.6195726,0,1
4.6200727,0,0
4.6205725,0,1
4.6210725,0,0
4.6215723,0,1
4.62207235,0,0
4.62257215,0,1
4.6230722,0,0
4.62357205,0,1
4.62407205,0,0
4.6245719,0,1
4.62507195,0,0
4.62557175,0,1
4.62607185,0,0
4.6265717,0,1
4.62707175,0,0
4.6275715,0,1
4.62807155,0,0
4.62857135,0,1
4.6290714,0,0
4.62957115,0,1
4.6300712,0,0
4.630571,0,1
4.63107105,0,0
4.63157085,0,1
4.63207095,0,0
4.6325708,0,1
4.63307085,0,0
4.63357065,0,1
4.6340707,0,0
4.6345705,0,1
4.6350705,0,0
4.6355703,0,1
4.63607025,0,0
4.63657005,0,1
4.63707015,0,0
4.63757,0,1
4.6380701,0,0
4.6385699,0,1
4.63906995,0,0
4.63956975,0,1
4.6400698,0,0
4.6405696,0,1
4.6410697,0,0
4.6415695,0,1
4.64206955,0,0
4.6425694,0,1
4.6430694,0,0
4.6435692,0,1
4.6440693,0,0
4.64456915,0,1
4.64506925,0,0
4.64556905,0,1
4.6460691,0,0
4.64656895,0,1
4.64706905,0,0
4.6475689,0,1
4.64806895,0,0
4.6485688,0,1
4.64906885,0,0
4.64956865,0,1
4.65006875,0,0
4.65056855,0,1
4.6510686,0,0
4.6515684,0,1
4.65206845,0,0
4.6525683,0,1
4.6530684,0,0
4.6535683,0,1
4.6540684,0,0
4.6545682,0,1
4.6550683,0,0
4.6555681,0,1
4.6560682,0,0
4.656568,0,1
4.65706805,0,0
4.65756785,0,1
4.6580679,0,0
4.6585677,0,1
4.6590677,0,0
4.65956755,0,1
4.6600676,0,0
4.66056745,0,1
4.66106755,0,0
4.66156735,0,1
4.66206745,0,0
4.66256725,0,1
4.6630673,0,0
4.66356705,0,1
4.66406705,0,0
4.6645668,0,1
4.66506685,0,0
4.6655666,0,1
4.66606665,0,0
4.66656645,0,1
4.66706645,0,0
4.66756625,0,1
4.6680663,0,0
4.66856605,0,1
4.66906605,0,0
4.66956585,0,1
4.67006595,0,0
4.67056575,0,1
4.67106575,0,0
4.67156555,0,1
4.67206565,0,0
4.6725655,0,1
4.6730656,0,0
4.6735654,0,1
4.67406545,0,0
4.67456525,0,1
4.6750653,0,0
4.6755651,0,1
4.67606515,0,0
4.67656495,0,1
4.677065,0,0
4.67756475,0,1
4.67806485,0,0
4.67856465,0,1
4.67906465,0,0
4.67956445,0,1
4.68006445,0,0
4.68056425,0,1
4.6810643,0,0
4.6815641,0,1
4.68206415,0,0
4.682564,0,1
4.68306405,0,0
4.68356385,0,1
4.68406395,0,0
4.68456375,0,1
4.68506385,0,0
4.6855637,0,1
4.68606375,0,0
4.68656355,0,1
4.6870636,0,0
4.68756335,0,1
4.6880634,0,0
4.6885632,0,1
4.68906325,0,0
4.689563,0,1
4.69006305,0,0
4.6905629,0,1
4.69106295,0,0
4.69156275,0,1
4.69206275,0,0
4.69256255,0,1
4.69306255,0,0
4.69356235,0,1
4.6940624,0,0
4.6945622,0,1
4.69506225,0,0
4.69556205,0,1
4.6960621,0,0
4.6965619,0,1
4.6970619,0,0
4.69756165,0,1
4.6980617,0,0
4.69856145,0,1
4.69906145,0,0
4.69956125,0,1
4.70006125,0,0
4.700561,0,1
4.701061,0,0
4.7015608,0,1
4.70206085,0,0
4.7025606,0,1
4.70306065,0,0
4.70356045,0,1
4.70406045,0,0
4.7045602,0,1
4.7050602,0,0
4.70556,0,1
4.70606005,0,0
4.7065598,0,1
4.70705985,0,0
4.70755965,0,1
4.7080597,0,0
4.7085595,0,1
4.70905955,0,0
4.70955935,0,1
4.7100594,0,0
4.7105592,0,1
4.7110593,0,0
4.71155915,0,1
4.7120592,0,0
4.712559,0,1
4.713059,0,0
4.7135588,0,1
4.71405885,0,0
4.71455865,0,1
4.7150587,0,0
4.71555855,0,1
4.7160586,0,0
4.7165584,0,1
4.71705845,0,0
4.7175582,0,1
4.71805825,0,0
4.71855805,0,1
4.7190581,0,0
4.7195579,0,1
4.72005795,0,0
4.7205577,0,1
4.7210578,0,0
4.7215576,0,1
4.72205765,0,0
4.7225574,0,1
4.72305735,0,0
4.72355715,0,1
4.7240572,0,0
4.72455695,0,1
4.725057,0,0
4.7255568,0,1
4.72605685,0,0
4.72655665,0,1
4.7270567,0,0
4.7275565,0,1
4.72805655,0,0
4.72855635,0,1
4.7290564,0,0
4.7295562,0,1
4.7300562,0,0
4.730556,0,1
4.73105605,0,0
4.73155585,0,1
4.73205595,0,0
4.73255575,0,1
4.73305585,0,0
4.7335557,0,1
4.73405575,0,0
4.7345556,0,1
4.7350557,0,0
4.73555555,0,1
4.7360557,0,0
4.7365555,0,1
4.7370556,0,0
4.7375554,0,1
4.7380555,0,0
4.7385553,0,1
4.7390554,0,0
4.73955525,0,1
4.7400553,0,0
4.74055515,0,1
4.74105525,0,0
4.74155505,0,1
4.7420551,0,0
4.7425549,0,1
4.74305495,0,0
4.7435548,0,1
4.74405485,0,0
4.74455465,0,1
4.7450547,0,0
4.7455545,0,1
4.74605455,0,0
4.7465543,0,1
4.74705435,0,0
4.7475541,0,1
4.7480541,0,0
4.7485539,0,1
4.74905395,0,0
4.74955375,0,1
4.75005375,0,0
4.75055355,0,1
4.7510536,0,0
4.7515534,0,1
4.7520534,0,0
4.7525532,0,1
4.75305325,0,0
4.75355305,0,1
4.7540531,0,0
4.75455295,0,1
4.75505295,0,0
4.75555275,0,1
4.75605275,0,0
4.75655255,0,1
4.7570526,0,0
4.75755235,0,1
4.7580524,0,0
4.7585522,0,1
4.75905215,0,0
4.75955195,0,1
4.76005205,0,0
4.7605519,0,1
4.76105195,0,0
4.7615518,0,1
4.76205185,0,0
4.7625517,0,1
4.76305175,0,0
4.76355155,0,1
4.76405165,0,0
4.7645515,0,1
4.76505155,0,0
4.7655514,0,1
4.76605145,0,0
4.7665513,0,1
4.76705135,0,0
4.7675512,0,1
4.7680513,0,0
4.76855115,0,1
4.7690512,0,0
4.769551,0,1
4.77005105,0,0
4.7705509,0,1
4.77105095,0,0
4.7715508,0,1
4.77205085,0,0
4.77255065,0,1
4.7730508,0,0
4.7735507,0,1
4.77405075,0,0
4.77455055,0,1
4.77505065,0,0
4.7755505,0,1
4.7760506,0,0
4.77655045,0,1
4.7770506,0,0
4.77755045,0,1
4.77805055,0,0
4.7785504,0,1
4.77905055,0,0
4.7795504,0,1
4.7800505,0,0
4.78055035,0,1
4.78105045,0,0
4.7815503,0,1
4.7820504,0,0
4.7825503,0,1
4.78305035,0,0
4.78355015,0,1
4.78405025,0,0
4.7845501,0,1
4.7850502,0,0
4.78554995,0,1
4.78605,0,0
4.7865498,0,1
4.78704985,0,0
4.78754965,0,1
4.78804975,0,0
4.78854955,0,1
4.7890496,0,0
4.7895494,0,1
4.79004945,0,0
4.7905493,0,1
4.7910494,0,0
4.7915492,0,1
4.7920493,0,0
4.79254915,0,1
4.79304925,0,0
4.7935491,0,1
4.79404925,0,0
4.7945491,0,1
4.7950492,0,0
4.79554905,0,1
4.79604915,0,0
4.79654895,0,1
4.79704905,0,0
4.79754885,0,1
4.7980489,0,0
4.79854875,0,1
4.7990488,0,0
4.79954865,0,1
4.8000487,0,0
4.80054855,0,1
4.8010486,0,0
4.80154845,0,1
4.80204855,0,0
4.80254835,0,1
4.80304845,0,0
4.8035483,0,1
4.80404835,0,0
4.8045482,0,1
4.80504825,0,0
4.8055481,0,1
4.80604815,0,0
4.8065479,0,1
4.80704795,0,0
4.8075478,0,1
4.80804785,0,0
4.80854765,0,1
4.80904775,0,0
4.8095476,0,1
4.8100477,0,0
4.81054755,0,1
4.8110476,0,0
4.81154745,0,1
4.8120475,0,0
4.81254735,0,1
4.81304745,0,0
4.8135473,0,1
4.8140474,0,0
4.8145473,0,1
4.8150474,0,0
4.81554725,0,1
4.81604735,0,0
4.8165472,0,1
4.81704735,0,0
4.81754725,0,1
4.81804735,0,0
4.8185472,0,1
4.81904735,0,0
4.8195472,0,1
4.82004735,0,0
4.8205472,0,1
4.82104735,0,0
4.82154725,0,1
4.8220473,0,0
4.8225472,0,1
4.8230473,0,0
4.8235471,0,1
4.8240472,0,0
4.82454705,0,1
4.8250471,0,0
4.82554695,0,1
4.82604705,0,0
4.82654685,0,1
4.82704695,0,0
4.8275468,0,1
4.8280469,0,0
4.82854675,0,1
4.8290468,0,0
4.82954665,0,1
4.8300467,0,0
4.83054655,0,1
4.8310466,0,0
4.8315464,0,1
4.8320465,0,0
4.8325463,0,1
4.83304635,0,0
4.8335461,0,1
4.83404615,0,0
4.83454605,0,1
4.8350461,0,0
4.835546,0,1
4.83604605,0,0
4.8365459,0,1
4.837046,0,0
4.83754575,0,1
4.83804585,0,0
4.83854565,0,1
4.83904575,0,0
4.8395456,0,1
4.8400457,0,0
4.8405456,0,1
4.8410457,0,0
4.84154555,0,1
4.8420457,0,0
4.84254555,0,1
4.84304565,0,0
4.84354555,0,1
4.84404565,0,0
4.8445455,0,1
4.8450456,0,0
4.84554545,0,1
4.84604555,0,0
4.8465454,0,1
4.84704545,0,0
4.8475453,0,1
4.84804545,0,0
4.84854525,0,1
4.84904535,0,0
4.8495452,0,1
4.8500453,0,0
4.85054515,0,1
4.85104525,0,0
4.85154505,0,1
4.85204515,0,0
4.85254505,0,1
4.85304515,0,0
4.85354495,0,1
4.8540451,0,0
4.8545449,0,1
4.855045,0,0
4.85554485,0,1
4.85604485,0,0
4.8565447,0,1
4.85704475,0,0
4.8575446,0,1
4.8580447,0,0
4.85854455,0,1
4.8590446,0,0
4.8595444,0,1
4.8600445,0,0
4.86054435,0,1
4.86104445,0,0
4.8615443,0,1
4.8620444,0,0
4.86254425,0,1
4.86304435,0,0
4.8635442,0,1
4.8640443,0,0
4.86454415,0,1
4.86504425,0,0
4.86554405,0,1
4.86604415,0,0
4.86654405,0,1
4.86704415,0,0
4.867544,0,1
4.8680441,0,0
4.86854395,0,1
4.86904405,0,0
4.8695439,0,1
4.87004395,0,0
4.87054375,0,1
4.87104385,0,0
4.8715437,0,1
4.8720438,0,0
4.8725436,0,1
4.8730437,0,0
4.87354355,0,1
4.87404355,0,0
4.8745434,0,1
4.8750435,0,0
4.8755434,0,1
4.8760435,0,0
4.87654335,0,1
4.87704345,0,0
4.8775433,0,1
4.87804335,0,0
4.8785432,0,1
4.87904335,0,0
4.8795432,0,1
4.88004335,0,0
4.8805432,0,1
4.88104335,0,0
4.88154325,0,1
4.8820434,0,0
4.8825433,0,1
4.8830434,0,0
4.8835433,0,1
4.8840434,0,0
4.88454325,0,1
4.88504335,0,0
4.8855432,0,1
4.8860433,0,0
4.88654315,0,1
4.88704325,0,0
4.88754305,0,1
4.8880432,0,0
4.88854305,0,1
4.8890431,0,0
4.889543,0,1
4.89004305,0,0
4.89054285,0,1
4.89104295,0,0
4.89154285,0,1
4.892043,0,0
4.89254285,0,1
4.89304295,0,0
4.89354285,0,1
4.8940429,0,0
4.89454275,0,1
4.89504285,0,0
4.8955427,0,1
4.89604285,0,0
4.89654265,0,1
4.8970428,0,0
4.89754265,0,1
4.8980428,0,0
4.8985426,0,1
4.8990427,0,0
4.8995426,0,1
4.9000427,0,0
4.90054255,0,1
4.90104265,0,0
4.9015425,0,1
4.9020426,0,0
4.9025424,0,1
4.90304245,0,0
4.90354225,0,1
4.90404235,0,0
4.9045422,0,1
4.9050423,0,0
4.9055422,0,1
4.9060423,0,0
4.9065422,0,1
4.90704225,0,0
4.9075421,0,1
4.9080422,0,0
4.90854205,0,1
4.90904215,0,0
4.909542,0,1
4.9100421,0,0
4.91054195,0,1
4.91104205,0,0
4.9115419,0,1
4.91204205,0,0
4.91254195,0,1
4.91304205,0,0
4.91354195,0,1
4.91404205,0,0
4.91454195,0,1
4.91504205,0,0
4.9155419,0,1
4.916042,0,0
4.9165418,0,1
4.91704185,0,0
4.91754165,0,1
4.9180417,0,0
4.9185415,0,1
4.91904155,0,0
4.9195414,0,1
4.9200415,0,0
4.92054135,0,1
4.92104145,0,0
4.9215413,0,1
4.92204135,0,0
4.9225412,0,1
4.9230413,0,0
4.9235412,0,1
4.92404125,0,0
4.9245411,0,1
4.9250412,0,0
4.92554105,0,1
4.92604115,0,0
4.926541,0,1
4.9270411,0,0
4.9275409,0,1
4.928041,0,0
4.9285409,0,1
4.92904105,0,0
4.92954085,0,1
4.930041,0,0
4.93054085,0,1
4.931041,0,0
4.93154085,0,1
4.93204095,0,0
4.93254085,0,1
4.933041,0,0
4.93354085,0,1
4.93404095,0,0
4.93454075,0,1
4.93504085,0,0
4.93554075,0,1
4.93604085,0,0
4.93654075,0,1
4.93704085,0,0
4.9375407,0,1
4.93804085,0,0
4.9385407,0,1
4.93904085,0,0
4.9395407,0,1
4.9400408,0,0
4.94054065,0,1
4.94104075,0,0
4.9415406,0,1
4.9420407,0,0
4.94254065,0,1
4.9430407,0,0
4.9435405,0,1
4.94404055,0,0
4.9445404,0,1
4.9450405,0,0
4.9455404,0,1
4.9460405,0,0
4.94654035,0,1
4.9470404,0,0
4.94754025,0,1
4.9480403,0,0
4.94854015,0,1
4.94904025,0,0
4.9495401,0,1
4.95004015,0,0
4.95054,0,1
4.95104005,0,0
4.9515399,0,1
4.95203995,0,0
4.9525398,0,1
4.9530399,0,0
4.95353975,0,1
4.9540399,0,0
4.9545397,0,1
4.95503975,0,0
4.9555396,0,1
4.9560397,0,0
4.95653955,0,1
4.95703965,0,0
4.9575395,0,1
4.9580396,0,0
4.9585394,0,1
4.9590395,0,0
4.9595393,0,1
4.9600394,0,0
4.9605392,0,1
4.9610393,0,0
4.9615391,0,1
4.9620392,0,0
4.96253905,0,1
4.9630392,0,0
4.96353905,0,1
4.9640392,0,0
4.96453905,0,1
4.9650391,0,0
4.96553895,0,1
4.96603905,0,0
4.9665388,0,1
4.9670389,0,0
4.9675387,0,1
4.9680388,0,0
4.9685386,0,1
4.9690387,0,0
4.9695385,0,1
4.97003855,0,0
4.9705384,0,1
4.9710385,0,0
4.9715383,0,1
4.97203835,0,0
4.9725382,0,1
4.9730383,0,0
4.9735381,0,1
4.9740382,0,0
4.97453795,0,1
4.97503805,0,0
4.97553785,0,1
4.976038,0,0
4.9765378,0,1
4.9770379,0,0
4.97753775,0,1
4.97803785,0,0
4.97853775,0,1
4.97903785,0,0
4.97953765,0,1
4.9800378,0,0
4.98053765,0,1
4.9810377,0,0
4.9815376,0,1
4.9820377,0,0
4.98253755,0,1
4.98303765,0,0
4.9835375,0,1
4.98403765,0,0
4.9845375,0,1
4.98503765,0,0
4.98553745,0,1
4.9860375,0,0
4.98653735,0,1
4.9870375,0,0
4.98753735,0,1
4.9880375,0,0
4.9885374,0,1
4.98903755,0,0
4.9895374,0,1
4.99003755,0,0
4.9905374,0,1
4.99103755,0,0
4.99153745,0,1
4.99203755,0,0
4.99253745,0,1
4.99303755,0,0
4.99353735,0,1
4.9940374,0,0
4.9945372,0,1
4.99503725,0,0
4.9955371,0,1
4.99603725,0,0
4.9965372,0,1
4.9970373,0,0
4.9975372,0,1
4.9980373,0,0
4.9985372,0,1
4.9990373,0,0
4.9995372,0,1
5.00003735,0,0
