timestamp_s,CH0,CH1
0.0,0,0
0.00041505,0,1
0.0009151,0,0
0.00141495,0,1
0.00191495,0,0
0.0024148,0,1
0.00291485,0,0
0.00341465,0,1
0.0039147,0,0
0.00441445,0,1
0.0049145,0,0
0.00541425,0,1
0.0059143,0,0
0.00641405,0,1
0.0069141,0,0
0.0074139,0,1
0.00791395,0,0
0.00841375,0,1
0.0089138,0,0
0.00941365,0,1
0.00991365,0,0
0.0104134,0,1
0.01091345,0,0
0.0114132,0,1
0.01191325,0,0
0.012413,0,1
0.01291305,0,0
0.01341285,0,1
0.0139129,0,0
0.01441275,0,1
0.0149128,0,0
0.01541265,0,1
0.01591275,0,0
0.0164126,0,1
0.0169127,0,0
0.01741255,0,1
0.01791265,0,0
0.0184125,0,1
0.01891265,0,0
0.01941245,0,1
0.0199125,0,0
0.0204123,0,1
0.02091235,0,0
0.02141215,0,1
0.0219122,0,0
0.02241195,0,1
0.02291205,0,0
0.02341185,0,1
0.02391185,0,0
0.02441165,0,1
0.0249117,0,0
0.0254115,0,1
0.0259115,0,0
0.02641125,0,1
0.0269113,0,0
0.02741105,0,1
0.02791115,0,0
0.0284109,0,1
0.028911,0,0
0.0294108,0,1
0.02991085,0,0
0.03041065,0,1
0.0309107,0,0
0.0314105,0,1
0.03191055,0,0
0.03241035,0,1
0.03291045,0,0
0.03341025,0,1
0.0339103,0,0
0.03441015,0,1
0.03491025,0,0
0.03541005,0,1
0.03591015,0,0
0.03641,0,1
0.0369101,0,0
0.03740995,0,1
0.03791,0,0
0.0384098,0,1
0.03890985,0,0
0.03940965,0,1
0.0399097,0,0
0.0404095,0,1
0.0409096,0,0
0.04140945,0,1
0.0419095,0,0
0.0424093,0,1
0.0429094,0,0
0.04340925,0,1
0.0439093,0,0
0.0444091,0,1
0.0449092,0,0
0.04540905,0,1
0.04590915,0,0
0.046409,0,1
0.046909,0,0
0.04740895,0,1
0.0479091,0,0
0.0484091,0,1
0.04890905,0,0
0.0494089,0,1
0.04990905,0,0
0.05000005,1,0
0.05040875,1,1
0.05090875,1,0
0.0514087,1,1
0.05190865,1,0
0.0524085,1,1
0.0529085,1,0
0.0534083,1,1
0.05390825,1,0
0.054408,1,1
0.05490805,1,0
0.0554079,1,1
0.0559082,1,0
0.0564083,1,1
0.05690795,1,0
0.0574078,1,1
0.0579079,1,0
0.05840775,1,1
0.05890775,1,0
0.05940755,1,1
0.05990775,1,0
0.06040745,1,1
0.0606518,0,1
0.06090765,0,0
0.0614075,0,1
0.0619076,0,0
0.0624075,0,1
0.0629077,0,0
0.0634072,0,1
0.0639076,0,0
0.06440705,0,1
0.0649071,0,0
0.06540715,0,1
0.0659068,0,0
0.0664066,0,1
0.06690665,0,0
0.06740645,0,1
0.0679067,0,0
0.0684065,0,1
0.0689064,0,0
0.0694062,0,1
0.06990625,0,0
0.070406,0,1
0.07090605,0,0
0.07140585,0,1
0.0719059,0,0
0.0724057,0,1
0.0729057,0,0
0.0734055,0,1
0.07390555,0,0
0.0744054,0,1
0.07490545,0,0
0.07540525,0,1
0.0759053,0,0
0.07640505,0,1
0.0769051,0,0
0.0774049,0,1
0.07790495,0,0
0.0784048,0,1
0.07890485,0,0
0.07940465,0,1
0.0799047,0,0
0.0804045,0,1
0.08090455,0,0
0.0814044,0,1
0.08190445,0,0
0.0824042,0,1
0.08290425,0,0
0.083404,0,1
0.083904,0,0
0.08440375,0,1
0.08490375,0,0
0.08540355,0,1
0.0859036,0,0
0.08640335,0,1
0.0869034,0,0
0.0874032,0,1
0.08790325,0,0
0.08840305,0,1
0.08890305,0,0
0.08940285,0,1
0.0899029,0,0
0.0904027,0,1
0.0909027,0,0
0.0914025,0,1
0.09190255,0,0
0.0924023,0,1
0.0929023,0,0
0.0934021,0,1
0.09390215,0,0
0.09440195,0,1
0.09490195,0,0
0.0954018,0,1
0.0959019,0,0
0.0964017,0,1
0.0969017,0,0
0.09740145,0,1
0.0979015,0,0
0.0984013,0,1
0.09890135,0,0
0.0994012,0,1
0.0999013,0,0
0.10040105,0,1
0.1009011,0,0
0.10140085,0,1
0.1019009,0,0
0.10240065,0,1
0.1029007,0,0
0.10340055,0,1
0.1039006,0,0
0.1044004,0,1
0.1049004,0,0
0.1054002,0,1
0.10590025,0,0
0.10640005,0,1
0.1069001,0,0
0.10739995,0,1
0.1079,0,0
0.1083998,0,1
0.10889985,0,0
0.10939965,0,1
0.1098997,0,0
0.11039945,0,1
0.11089955,0,0
0.11139935,0,1
0.1118994,0,0
0.1123991,0,1
0.11289915,0,0
0.1133989,0,1
0.11389895,0,0
0.11439875,0,1
0.1148988,0,0
0.11539865,0,1
0.1158987,0,0
0.1163985,0,1
0.11689855,0,0
0.1173983,0,1
0.1178983,0,0
0.1183981,0,1
0.1188981,0,0
0.1193979,0,1
0.1198979,0,0
0.1203977,0,1
0.12089775,0,0
0.12139755,0,1
0.12189755,0,0
0.12239735,0,1
0.12289735,0,0
0.12339715,0,1
0.12389725,0,0
0.12439705,0,1
0.1248971,0,0
0.1253969,0,1
0.12589695,0,0
0.12639675,0,1
0.12689685,0,0
0.1273966,0,1
0.1278966,0,0
0.12839635,0,1
0.12889635,0,0
0.1293961,0,1
0.12989615,0,0
0.13039595,0,1
0.13089595,0,0
0.1313957,0,1
0.13189575,0,0
0.13239555,0,1
0.1328956,0,0
0.1333953,0,1
0.1338953,0,0
0.1343951,0,1
0.1348951,0,0
0.1353949,0,1
0.13589495,0,0
0.13639475,0,1
0.1368948,0,0
0.13739455,0,1
0.1378946,0,0
0.1383944,0,1
0.1388944,0,0
0.13939415,0,1
0.13989415,0,0
0.1403939,0,1
0.1408939,0,0
0.14139365,0,1
0.14189365,0,0
0.1423934,0,1
0.14289345,0,0
0.14339325,0,1
0.14389335,0,0
0.1443931,0,1
0.14489315,0,0
0.14539295,0,1
0.14589295,0,0
0.14639275,0,1
0.1468928,0,0
0.14739255,0,1
0.1478926,0,0
0.14839235,0,1
0.1488924,0,0
0.14939215,0,1
0.14989215,0,0
0.15039195,0,1
0.150892,0,0
0.1513918,0,1
0.15189185,0,0
0.15239165,0,1
0.1528917,0,0
0.1533915,0,1
0.1538915,0,0
0.1543913,0,1
0.1548913,0,0
0.1553911,0,1
0.15589115,0,0
0.15639095,0,1
0.156891,0,0
0.1573908,0,1
0.15789085,0,0
0.1583906,0,1
0.15889065,0,0
0.1593904,0,1
0.1598904,0,0
0.16039025,0,1
0.1608903,0,0
0.16139005,0,1
0.1618901,0,0
0.1623899,0,1
0.16288995,0,0
0.16338975,0,1
0.16388975,0,0
0.1643895,0,1
0.1648895,0,0
0.16538925,0,1
0.16588925,0,0
0.16638895,0,1
0.166889,0,0
0.16738875,0,1
0.1678888,0,0
0.16838855,0,1
0.1688886,0,0
0.16938835,0,1
0.1698884,0,0
0.17038815,0,1
0.1708882,0,0
0.171388,0,1
0.17188805,0,0
0.17238785,0,1
0.1728879,0,0
0.1733877,0,1
0.17388775,0,0
0.1743876,0,1
0.17488765,0,0
0.17538745,0,1
0.1758875,0,0
0.1763873,0,1
0.17688735,0,0
0.1773871,0,1
0.17788705,0,0
0.17838685,0,1
0.17888685,0,0
0.17938665,0,1
0.17988665,0,0
0.18038645,0,1
0.18088655,0,0
0.1813864,0,1
0.18188645,0,0
0.1823863,0,1
0.18288635,0,0
0.18338615,0,1
0.1838862,0,0
0.184386,0,1
0.184886,0,0
0.1853858,0,1
0.18588575,0,0
0.1863855,0,1
0.1868855,0,0
0.18738525,0,1
0.1878852,0,0
0.18838495,0,1
0.18888495,0,0
0.1893847,0,1
0.18988465,0,0
0.19038445,0,1
0.19088445,0,0
0.19138425,0,1
0.1918842,0,0
0.192384,0,1
0.192884,0,0
0.19338375,0,1
0.19388375,0,0
0.1943835,0,1
0.1948835,0,0
0.1953833,0,1
0.1958833,0,0
0.1963831,0,1
0.1968831,0,0
0.19738285,0,1
0.19788295,0,0
0.1983827,0,1
0.1988827,0,0
0.19938245,0,1
0.19988245,0,0
0.2003822,0,1
0.20088225,0,0
0.201382,0,1
0.20188205,0,0
0.20238185,0,1
0.2028819,0,0
0.2033817,0,1
0.2038817,0,0
0.20438155,0,1
0.2048816,0,0
0.20538135,0,1
0.2058814,0,0
0.2063812,0,1
0.20688125,0,0
0.20738105,0,1
0.20788105,0,0
0.2083808,0,1
0.2088808,0,0
0.2093806,0,1
0.2098806,0,0
0.2103804,0,1
0.2108804,0,0
0.21138015,0,1
0.2118802,0,0
0.2123799,0,1
0.2128799,0,0
0.2133797,0,1
0.21387975,0,0
0.2143795,0,1
0.21487955,0,0
0.21537935,0,1
0.21587935,0,0
0.21637915,0,1
0.2168792,0,0
0.21737895,0,1
0.217879,0,0
0.21837875,0,1
0.2188788,0,0
0.2193786,0,1
0.21987865,0,0
0.22037845,0,1
0.2208785,0,0
0.22137825,0,1
0.22187825,0,0
0.222378,0,1
0.222878,0,0
0.22337775,0,1
0.22387775,0,0
0.2243775,0,1
0.22487755,0,0
0.2253773,0,1
0.22587735,0,0
0.2263771,0,1
0.22687715,0,0
0.22737695,0,1
0.227877,0,0
0.2283767,0,1
0.2288767,0,0
0.2293764,0,1
0.2298764,0,0
0.23037625,0,1
0.2308763,0,0
0.2313761,0,1
0.2318762,0,0
0.232376,0,1
0.23287605,0,0
0.23337585,0,1
0.23387595,0,0
0.23437575,0,1
0.2348758,0,0
0.23537555,0,1
0.2358756,0,0
0.23637535,0,1
0.2368754,0,0
0.23737515,0,1
0.2378752,0,0
0.23837495,0,1
0.238875,0,0
0.2393748,0,1
0.23987475,0,0
0.24037455,0,1
0.2408746,0,0
0.24137435,0,1
0.2418744,0,0
0.2423742,0,1
0.2428743,0,0
0.24337405,0,1
0.2438741,0,0
0.24437385,0,1
0.24487385,0,0
0.2453737,0,1
0.24587375,0,0
0.24637355,0,1
0.2468736,0,0
0.2473734,0,1
0.2478734,0,0
0.2483732,0,1
0.2488733,0,0
0.2493731,0,1
0.2498732,0,0
0.25037305,0,1
0.25087315,0,0
0.25137295,0,1
0.251873,0,0
0.25237275,0,1
0.25287285,0,0
0.2533727,0,1
0.25387275,0,0
0.25437255,0,1
0.25487265,0,0
0.25537245,0,1
0.2558725,0,0
0.2563723,0,1
0.2568724,0,0
0.2573723,0,1
0.25787235,0,0
0.25837215,0,1
0.25887225,0,0
0.25937205,0,1
0.2598721,0,0
0.26037195,0,1
0.26087205,0,0
0.2613719,0,1
0.26187195,0,0
0.26237175,0,1
0.26287185,0,0
0.26337165,0,1
0.26387175,0,0
0.2643716,0,1
0.26487165,0,0
0.26537155,0,1
0.26587155,0,0
0.26637135,0,1
0.2668714,0,0
0.2673712,0,1
0.2678713,0,0
0.2683711,0,1
0.2688712,0,0
0.269371,0,1
0.26987105,0,0
0.27037085,0,1
0.2708709,0,0
0.2713707,0,1
0.27187075,0,0
0.2723705,0,1
0.27287055,0,0
0.27337035,0,1
0.2738704,0,0
0.27437015,0,1
0.27487025,0,0
0.27537005,0,1
0.2758701,0,0
0.2763699,0,1
0.27686995,0,0
0.2773697,0,1
0.2778697,0,0
0.2783694,0,1
0.27886945,0,0
0.27936925,0,1
0.27986935,0,0
0.28036915,0,1
0.28086915,0,0
0.281369,0,1
0.28186905,0,0
0.2823689,0,1
0.28286895,0,0
0.2833687,0,1
0.28386875,0,0
0.28436855,0,1
0.2848686,0,0
0.2853684,0,1
0.28586845,0,0
0.28636825,0,1
0.2868683,0,0
0.28736805,0,1
0.2878681,0,0
0.28836785,0,1
0.28886795,0,0
0.28936775,0,1
0.28986775,0,0
0.29036755,0,1
0.29086765,0,0
0.29136745,0,1
0.2918675,0,0
0.2923673,0,1
0.29286735,0,0
0.29336715,0,1
0.2938672,0,0
0.294367,0,1
0.2948671,0,0
0.29536695,0,1
0.295867,0,0
0.29636675,0,1
0.2968668,0,0
0.2973666,0,1
0.2978667,0,0
0.2983665,0,1
0.2988666,0,0
0.29936645,0,1
0.29986655,0,0
0.30036635,0,1
0.3008665,0,0
0.30136635,0,1
0.30186645,0,0
0.3023663,0,1
0.30286635,0,0
0.30336615,0,1
0.30386615,0,0
0.30436595,0,1
0.304866,0,0
0.30536575,0,1
0.3058658,0,0
0.30636555,0,1
0.3068656,0,0
0.3073654,0,1
0.3078654,0,0
0.3083652,0,1
0.3088653,0,0
0.3093651,0,1
0.3098652,0,0
0.310365,0,1
0.3108651,0,0
0.3113649,0,1
0.311865,0,0
0.3123648,0,1
0.3128648,0,0
0.31336465,0,1
0.3138647,0,0
0.3143645,0,1
0.3148645,0,0
0.3153643,0,1
0.31586435,0,0
0.31636415,0,1
0.31686425,0,0
0.31736405,0,1
0.3178641,0,0
0.31836385,0,1
0.3188639,0,0
0.3193637,0,1
0.31986375,0,0
0.32036355,0,1
0.32086365,0,0
0.32136345,0,1
0.32186355,0,0
0.3223634,0,1
0.32286345,0,0
0.32336325,0,1
0.3238633,0,0
0.32436305,0,1
0.32486305,0,0
0.32536285,0,1
0.32586285,0,0
0.3263626,0,1
0.32686265,0,0
0.3273624,0,1
0.32786245,0,0
0.3283622,0,1
0.3288622,0,0
0.32936195,0,1
0.32986205,0,0
0.3303618,0,1
0.3308618,0,0
0.3313615,0,1
0.3318615,0,0
0.33236125,0,1
0.33286125,0,0
0.33336105,0,1
0.33386105,0,0
0.33436085,0,1
0.33486085,0,0
0.3353606,0,1
0.3358606,0,0
0.33636045,0,1
0.3368605,0,0
0.3373603,0,1
0.3378603,0,0
0.3383601,0,1
0.33886015,0,0
0.33936,0,1
0.33986,0,0
0.3403598,0,1
0.34085985,0,0
0.34135965,0,1
0.34185975,0,0
0.34235955,0,1
0.3428596,0,0
0.34335945,0,1
0.3438595,0,0
0.3443593,0,1
0.34485935,0,0
0.34535915,0,1
0.34585915,0,0
0.34635895,0,1
0.34685905,0,0
0.34735885,0,1
0.3478589,0,0
0.34835865,0,1
0.34885875,0,0
0.3493585,0,1
0.3498586,0,0
0.35035845,0,1
0.35085855,0,0
0.3513584,0,1
0.3518584,0,0
0.35235815,0,1
0.35285815,0,0
0.35335795,0,1
0.35385805,0,0
0.35435785,0,1
0.35485795,0,0
0.3553578,0,1
0.3558579,0,0
0.35635775,0,1
0.3568578,0,0
0.3573576,0,1
0.35785765,0,0
0.3583575,0,1
0.3588576,0,0
0.3593574,0,1
0.35985745,0,0
0.3603573,0,1
0.36085735,0,0
0.3613572,0,1
0.36185725,0,0
0.36235705,0,1
0.3628571,0,0
0.36335685,0,1
0.36385685,0,0
0.36435665,0,1
0.3648567,0,0
0.3653565,0,1
0.36585655,0,0
0.3663563,0,1
0.36685635,0,0
0.36735615,0,1
0.36785615,0,0
0.36835595,0,1
0.368856,0,0
0.36935575,0,1
0.3698558,0,0
0.37035555,0,1
0.37085505,0,0
0.3713553,0,1
0.37185535,0,0
0.37235515,0,1
0.37285525,0,0
0.37335505,0,1
0.3738551,0,0
0.3743549,0,1
0.37485495,0,0
0.37535475,0,1
0.3758548,0,0
0.3763546,0,1
0.3768546,0,0
0.3773544,0,1
0.37785445,0,0
0.37835425,0,1
0.37885425,0,0
0.37935405,0,1
0.3798541,0,0
0.3803539,0,1
0.38085395,0,0
0.3813537,0,1
0.3818538,0,0
0.38235355,0,1
0.38285365,0,0
0.3833534,0,1
0.38385345,0,0
0.38435325,0,1
0.3848533,0,0
0.3853531,0,1
0.3858531,0,0
0.3863529,0,1
0.38685295,0,0
0.3873527,0,1
0.3878527,0,0
0.38835245,0,1
0.38885245,0,0
0.38935225,0,1
0.3898523,0,0
0.3903521,0,1
0.3908521,0,0
0.39135185,0,1
0.3918519,0,0
0.3923517,0,1
0.3928517,0,0
0.3933515,0,1
0.39385155,0,0
0.39435135,0,1
0.3948514,0,0
0.39535125,0,1
0.39585125,0,0
0.39635105,0,1
0.3968511,0,0
0.39735085,0,1
0.3978509,0,0
0.39835065,0,1
0.3988507,0,0
0.3993505,0,1
0.3998505,0,0
0.4003503,0,1
0.40085035,0,0
0.4013501,0,1
0.4018501,0,0
0.40234985,0,1
0.4028499,0,0
0.4033497,0,1
0.40384975,0,0
0.4043495,0,1
0.40484955,0,0
0.40534935,0,1
0.40584935,0,0
0.40634915,0,1
0.4068492,0,0
0.407349,0,1
0.4078491,0,0
0.4083489,0,1
0.40884895,0,0
0.40934875,0,1
0.4098488,0,0
0.41034865,0,1
0.41084875,0,0
0.4113486,0,1
0.4118487,0,0
0.4123485,0,1
0.4128486,0,0
0.4133484,0,1
0.41384855,0,0
0.41434835,0,1
0.4148484,0,0
0.41534825,0,1
0.41584835,0,0
0.41634815,0,1
0.41684825,0,0
0.41734805,0,1
0.41784815,0,0
0.418348,0,1
0.41884805,0,0
0.41934785,0,1
0.4198479,0,0
0.42034775,0,1
0.4208478,0,0
0.42134765,0,1
0.4218477,0,0
0.4223475,0,1
0.4228476,0,0
0.4233474,0,1
0.42384745,0,0
0.4243473,0,1
0.4248473,0,0
0.4253471,0,1
0.42584715,0,0
0.42634695,0,1
0.426847,0,0
0.42734675,0,1
0.42784675,0,0
0.42834655,0,1
0.42884655,0,0
0.42934635,0,1
0.42984635,0,0
0.43034615,0,1
0.43084615,0,0
0.43134595,0,1
0.431846,0,0
0.43234575,0,1
0.43284575,0,0
0.43334555,0,1
0.43384555,0,0
0.43434535,0,1
0.4348454,0,0
0.4353452,0,1
0.4358452,0,0
0.436345,0,1
0.43684505,0,0
0.43734485,0,1
0.43784495,0,0
0.4383448,0,1
0.4388449,0,0
0.4393447,0,1
0.4398448,0,0
0.4403446,0,1
0.44084465,0,0
0.4413444,0,1
0.44184445,0,0
0.4423442,0,1
0.4428442,0,0
0.443344,0,1
0.44384405,0,0
0.44434385,0,1
0.44484385,0,0
0.44534365,0,1
0.44584375,0,0
0.44634355,0,1
0.4468436,0,0
0.44734335,0,1
0.4478434,0,0
0.44834315,0,1
0.44884315,0,0
0.44934295,0,1
0.44984305,0,0
0.4503428,0,1
0.4508428,0,0
0.4513426,0,1
0.45184265,0,0
0.4523424,0,1
0.45284245,0,0
0.45334225,0,1
0.45384225,0,0
0.45434205,0,1
0.4548421,0,0
0.4553419,0,1
0.4558419,0,0
0.45634165,0,1
0.45684165,0,0
0.4573414,0,1
0.4578414,0,0
0.4583411,0,1
0.458841,0,0
0.4593407,0,1
0.45984065,0,0
0.46034035,0,1
0.4608403,0,0
0.46134005,0,1
0.46184,0,0
0.46233975,0,1
0.46283965,0,0
0.46333935,0,1
0.4638393,0,0
0.464339,0,1
0.46483895,0,0
0.46533875,0,1
0.4658387,0,0
0.4663384,0,1
0.46683835,0,0
0.4673381,0,1
0.46783815,0,0
0.46833785,0,1
0.46883785,0,0
0.4693376,0,1
0.46983755,0,0
0.47033725,0,1
0.47083725,0,0
0.471337,0,1
0.471837,0,0
0.4723367,0,1
0.47283665,0,0
0.4733364,0,1
0.47383635,0,0
0.47433615,0,1
0.47483615,0,0
0.4753359,0,1
0.4758359,0,0
0.4763356,0,1
0.4768356,0,0
0.4773353,0,1
0.4778353,0,0
0.47833505,0,1
0.478835,0,0
0.4793347,0,1
0.4798347,0,0
0.4803344,0,1
0.48083435,0,0
0.48133405,0,1
0.481834,0,0
0.48233375,0,1
0.4828337,0,0
0.4833335,0,1
0.4838336,0,0
0.4843334,0,1
0.4848335,0,0
0.48533335,0,1
0.4858334,0,0
0.4863332,0,1
0.48683325,0,0
0.48733305,0,1
0.4878331,0,0
0.4883329,0,1
0.488833,0,0
0.4893328,0,1
0.48983285,0,0
0.4903327,0,1
0.49083275,0,0
0.4913326,0,1
0.49183265,0,0
0.4923325,0,1
0.4928326,0,0
0.49333245,0,1
0.4938325,0,0
0.4943324,0,1
0.4948325,0,0
0.4953323,0,1
0.4958324,0,0
0.4963322,0,1
0.49683225,0,0
0.49733205,0,1
0.4978321,0,0
0.49833195,0,1
0.49883205,0,0
0.49933185,0,1
0.4998319,0,0
0.5003317,0,1
0.5008318,0,0
0.5013316,0,1
0.5018317,0,0
0.50233155,0,1
0.5028316,0,0
0.50333145,0,1
0.50383155,0,0
0.5043314,0,1
0.5048315,0,0
0.50533135,0,1
0.50583145,0,0
0.5063313,0,1
0.50683135,0,0
0.50733115,0,1
0.50783125,0,0
0.50833105,0,1
0.50883115,0,0
0.50933095,0,1
0.50983105,0,0
0.5103309,0,1
0.51083095,0,0
0.5113308,0,1
0.5118309,0,0
0.51233075,0,1
0.51283085,0,0
0.5133307,0,1
0.51383075,0,0
0.5143306,0,1
0.5148307,0,0
0.51533055,0,1
0.5158306,0,0
0.5163304,0,1
0.51683045,0,0
0.51733025,0,1
0.51783035,0,0
0.51833015,0,1
0.51883025,0,0
0.5193301,0,1
0.51983015,0,0
0.52033,0,1
0.52083,0,0
0.5213298,0,1
0.5218299,0,0
0.5223297,0,1
0.52282975,0,0
0.5233296,0,1
0.52382965,0,0
0.52432945,0,1
0.5248295,0,0
0.5253293,0,1
0.52582935,0,0
0.52632915,0,1
0.5268292,0,0
0.527329,0,1
0.52782905,0,0
0.5283288,0,1
0.52882885,0,0
0.52932865,0,1
0.5298287,0,0
0.53032855,0,1
0.5308286,0,0
0.5313284,0,1
0.53182845,0,0
0.53232825,0,1
0.5328283,0,0
0.5333281,0,1
0.53382815,0,0
0.53432795,0,1
0.53482805,0,0
0.53532785,0,1
0.53582795,0,0
0.53632775,0,1
0.5368278,0,0
0.53732755,0,1
0.5378275,0,0
0.53832735,0,1
0.5388274,0,0
0.5393272,0,1
0.5398273,0,0
0.5403271,0,1
0.54082715,0,0
0.54132695,0,1
0.54182705,0,0
0.54232685,0,1
0.5428269,0,0
0.5433267,0,1
0.54382675,0,0
0.5443265,0,1
0.5448266,0,0
0.5453263,0,1
0.5458264,0,0
0.5463262,0,1
0.54682625,0,0
0.54732605,0,1
0.5478261,0,0
0.54832585,0,1
0.5488259,0,0
0.5493257,0,1
0.54982575,0,0
0.5503255,0,1
0.5508255,0,0
0.55132525,0,1
0.55182525,0,0
0.55232505,0,1
0.55282505,0,0
0.5533248,0,1
0.55382485,0,0
0.5543246,0,1
0.5548246,0,0
0.5553244,0,1
0.55582445,0,0
0.55632425,0,1
0.5568243,0,0
0.55732405,0,1
0.5578241,0,0
0.5583239,0,1
0.5588239,0,0
0.55932365,0,1
0.5598237,0,0
0.5603235,0,1
0.5608235,0,0
0.5613233,0,1
0.5618233,0,0
0.56232305,0,1
0.5628231,0,0
0.5633228,0,1
0.5638228,0,0
0.5643226,0,1
0.5648226,0,0
0.5653224,0,1
0.5658224,0,0
0.56632215,0,1
0.5668222,0,0
0.567322,0,1
0.567822,0,0
0.5683218,0,1
0.56882185,0,0
0.56932165,0,1
0.5698217,0,0
0.5703215,0,1
0.57082155,0,0
0.57132135,0,1
0.5718214,0,0
0.57232125,0,1
0.57282125,0,0
0.57332105,0,1
0.5738211,0,0
0.5743209,0,1
0.574821,0,0
0.5753208,0,1
0.57582085,0,0
0.57632065,0,1
0.5768207,0,0
0.57732045,0,1
0.57782055,0,0
0.57832035,0,1
0.57882045,0,0
0.57932025,0,1
0.57982035,0,0
0.58032015,0,1
0.58082015,0,0
0.58131995,0,1
0.58181995,0,0
0.5823197,0,1
0.5828197,0,0
0.5833194,0,1
0.58381945,0,0
0.5843192,0,1
0.5848192,0,0
0.58531895,0,1
0.58581895,0,0
0.58631875,0,1
0.58681875,0,0
0.5873186,0,1
0.58781865,0,0
0.5883184,0,1
0.5888184,0,0
0.58931815,0,1
0.58981815,0,0
0.59031795,0,1
0.59081795,0,0
0.59131775,0,1
0.5918178,0,0
0.5923176,0,1
0.5928176,0,0
0.59331735,0,1
0.5938174,0,0
0.5943172,0,1
0.59481725,0,0
0.59531705,0,1
0.59581715,0,0
0.59631695,0,1
0.596817,0,0
0.59731675,0,1
0.59781675,0,0
0.5983166,0,1
0.59881665,0,0
0.59931645,0,1
0.5998165,0,0
0.60031635,0,1
0.6008164,0,0
0.60131625,0,1
0.6018163,0,0
0.6023161,0,1
0.6028162,0,0
0.60331605,0,1
0.60381615,0,0
0.60431595,0,1
0.604816,0,0
0.60531585,0,1
0.6058159,0,0
0.60631575,0,1
0.60681575,0,0
0.6073156,0,1
0.6078156,0,0
0.60831535,0,1
0.60881535,0,0
0.60931515,0,1
0.60981515,0,0
0.610315,0,1
0.6108151,0,0
0.61131495,0,1
0.611815,0,0
0.6123148,0,1
0.61281485,0,0
0.61331465,0,1
0.6138147,0,0
0.6143145,0,1
0.61481455,0,0
0.6153144,0,1
0.61581445,0,0
0.6163143,0,1
0.61681435,0,0
0.6173141,0,1
0.61781415,0,0
0.618314,0,1
0.6188141,0,0
0.61931395,0,1
0.619814,0,0
0.62031385,0,1
0.62081395,0,0
0.6213138,0,1
0.6218139,0,0
0.62231375,0,1
0.6228138,0,0
0.6233136,0,1
0.6238137,0,0
0.6243136,0,1
0.6248137,0,0
0.62531355,0,1
0.62581365,0,0
0.62631345,0,1
0.6268135,0,0
0.62731335,0,1
0.6278134,0,0
0.62831325,0,1
0.62881335,0,0
0.62931315,0,1
0.6298132,0,0
0.63031295,0,1
0.63081295,0,0
0.6313128,0,1
0.63181285,0,0
0.63231265,0,1
0.6328127,0,0
0.63331255,0,1
0.6338126,0,0
0.6343124,0,1
0.63481245,0,0
0.6353122,0,1
0.63581225,0,0
0.63631205,0,1
0.6368121,0,0
0.63731195,0,1
0.63781205,0,0
0.63831185,0,1
0.63881185,0,0
0.6393116,0,1
0.6398116,0,0
0.64031145,0,1
0.6408115,0,0
0.64131125,0,1
0.6418113,0,0
0.64231105,0,1
0.6428111,0,0
0.6433109,0,1
0.6438109,0,0
0.6443107,0,1
0.6448107,0,0
0.6453105,0,1
0.64581055,0,0
0.64631035,0,1
0.64681045,0,0
0.64731025,0,1
0.64781035,0,0
0.64831015,0,1
0.6488102,0,0
0.64931,0,1
0.64981005,0,0
0.65030985,0,1
0.65080995,0,0
0.65130975,0,1
0.6518098,0,0
0.65230965,0,1
0.6528097,0,0
0.6533095,0,1
0.65380955,0,0
0.65430935,0,1
0.65480935,0,0
0.65530915,0,1
0.6558091,0,0
0.6563089,0,1
0.65680895,0,0
0.6573087,0,1
0.6578088,0,0
0.65830865,0,1
0.65880875,0,0
0.65930855,0,1
0.6598086,0,0
0.66030845,0,1
0.6608085,0,0
0.6613083,0,1
0.66180835,0,0
0.66230815,0,1
0.66280815,0,0
0.66330795,0,1
0.66380795,0,0
0.6643077,0,1
0.66480775,0,0
0.6653075,0,1
0.6658075,0,0
0.6663073,0,1
0.6668074,0,0
0.6673072,0,1
0.6678073,0,0
0.66830715,0,1
0.66880725,0,0
0.66930705,0,1
0.669807,0,0
0.67030685,0,1
0.6708069,0,0
0.67130675,0,1
0.67180685,0,0
0.67230665,0,1
0.6728067,0,0
0.67330655,0,1
0.6738066,0,0
0.67430635,0,1
0.67480635,0,0
0.67530615,0,1
0.67580615,0,0
0.6763059,0,1
0.67680595,0,0
0.67730575,0,1
0.6778058,0,0
0.67830555,0,1
0.6788056,0,0
0.67930535,0,1
0.67980535,0,0
0.68030515,0,1
0.6808052,0,0
0.68130505,0,1
0.68180505,0,0
0.68230485,0,1
0.68280485,0,0
0.6833046,0,1
0.6838046,0,0
0.6843044,0,1
0.68480445,0,0
0.6853042,0,1
0.6858042,0,0
0.68630395,0,1
0.68680395,0,0
0.68730375,0,1
0.6878038,0,0
0.6883036,0,1
0.6888036,0,0
0.6893034,0,1
0.68980345,0,0
0.69030315,0,1
0.6908032,0,0
0.691303,0,1
0.69180305,0,0
0.6923028,0,1
0.69280285,0,0
0.69330265,0,1
0.6938027,0,0
0.69430245,0,1
0.6948025,0,0
0.69530225,0,1
0.69580225,0,0
0.69630205,0,1
0.69680205,0,0
0.6973018,0,1
0.6978018,0,0
0.6983016,0,1
0.6988016,0,0
0.6993014,0,1
0.69980145,0,0
0.70030125,0,1
0.7008013,0,0
0.7013011,0,1
0.70180115,0,0
0.70230095,0,1
0.702801,0,0
0.7033008,0,1
0.7038008,0,0
0.70430065,0,1
0.70480065,0,0
0.70530045,0,1
0.70580045,0,0
0.7063002,0,1
0.70680025,0,0
0.7073,0,1
0.70780005,0,0
0.7082998,0,1
0.7087998,0,0
0.70929955,0,1
0.70979955,0,0
0.7102993,0,1
0.71079935,0,0
0.71129915,0,1
0.71179915,0,0
0.71229895,0,1
0.71279895,0,0
0.71329875,0,1
0.71379875,0,0
0.71429855,0,1
0.71479855,0,0
0.7152983,0,1
0.7157983,0,0
0.7162981,0,1
0.71679815,0,0
0.7172979,0,1
0.71779795,0,0
0.7182977,0,1
0.7187977,0,0
0.7192975,0,1
0.7197975,0,0
0.72029725,0,1
0.72079725,0,0
0.72129695,0,1
0.721797,0,0
0.72229675,0,1
0.7227968,0,0
0.72329655,0,1
0.7237966,0,0
0.72429635,0,1
0.7247963,0,0
0.72529605,0,1
0.7257961,0,0
0.72629585,0,1
0.72679595,0,0
0.7272957,0,1
0.7277957,0,0
0.72829545,0,1
0.7287955,0,0
0.72929525,0,1
0.72979525,0,0
0.730295,0,1
0.730795,0,0
0.7312947,0,1
0.7317947,0,0
0.7322944,0,1
0.73279435,0,0
0.7332941,0,1
0.73379405,0,0
0.7342938,0,1
0.7347938,0,0
0.73529355,0,1
0.73579355,0,0
0.7362933,0,1
0.73679335,0,0
0.7372931,0,1
0.7377931,0,0
0.7382929,0,1
0.7387929,0,0
0.7392927,0,1
0.73979265,0,0
0.74029245,0,1
0.74079245,0,0
0.7412922,0,1
0.74179225,0,0
0.742292,0,1
0.742792,0,0
0.7432918,0,1
0.7437918,0,0
0.7442916,0,1
0.7447916,0,0
0.74529135,0,1
0.7457913,0,0
0.74629105,0,1
0.7467911,0,0
0.7472909,0,1
0.7477909,0,0
0.74829065,0,1
0.7487907,0,0
0.7492905,0,1
0.74979055,0,0
0.7502904,0,1
0.75079045,0,0
0.75129025,0,1
0.7517903,0,0
0.7522901,0,1
0.75279015,0,0
0.75328995,0,1
0.75378995,0,0
0.75428975,0,1
0.7547897,0,0
0.75528935,0,1
0.75578935,0,0
0.75628915,0,1
0.75678915,0,0
0.7572889,0,1
0.7577889,0,0
0.7582887,0,1
0.7587887,0,0
0.75928845,0,1
0.7597885,0,0
0.7602882,0,1
0.7607882,0,0
0.76128795,0,1
0.76178795,0,0
0.76228775,0,1
0.76278785,0,0
0.7632876,0,1
0.7637876,0,0
0.7642874,0,1
0.7647874,0,0
0.76528715,0,1
0.76578715,0,0
0.76628695,0,1
0.76678695,0,0
0.7672867,0,1
0.76778675,0,0
0.7682865,0,1
0.7687865,0,0
0.76928625,0,1
0.76978625,0,0
0.770286,0,1
0.77078605,0,0
0.77128585,0,1
0.77178585,0,0
0.7722856,0,1
0.77278565,0,0
0.7732854,0,1
0.7737854,0,0
0.7742852,0,1
0.7747852,0,0
0.77528495,0,1
0.775785,0,0
0.77628475,0,1
0.77678475,0,0
0.7772845,0,1
0.7777845,0,0
0.77828425,0,1
0.77878425,0,0
0.77928405,0,1
0.779784,0,0
0.7802838,0,1
0.78078385,0,0
0.7812836,0,1
0.7817836,0,0
0.7822834,0,1
0.7827834,0,0
0.78328315,0,1
0.78378315,0,0
0.78428295,0,1
0.78478295,0,0
0.78528275,0,1
0.78578275,0,0
0.78628255,0,1
0.78678255,0,0
0.7872823,0,1
0.7877823,0,0
0.78828205,0,1
0.7887821,0,0
0.78928185,0,1
0.78978185,0,0
0.79028165,0,1
0.79078165,0,0
0.7912814,0,1
0.79178145,0,0
0.79228125,0,1
0.7927812,0,0
0.793281,0,1
0.79378095,0,0
0.7942807,0,1
0.7947807,0,0
0.79528045,0,1
0.79578045,0,0
0.7962802,0,1
0.7967802,0,0
0.79727995,0,1
0.79777995,0,0
0.79827975,0,1
0.79877975,0,0
0.79927955,0,1
0.79977955,0,0
0.8002793,0,1
0.8007793,0,0
0.80127915,0,1
0.8017792,0,0
0.80227895,0,1
0.802779,0,0
0.80327875,0,1
0.8037788,0,0
0.8042786,0,1
0.80477865,0,0
0.8052785,0,1
0.80577855,0,0
0.8062783,0,1
0.80677835,0,0
0.8072781,0,1
0.80777815,0,0
0.80827795,0,1
0.808778,0,0
0.80927775,0,1
0.8097778,0,0
0.8102776,0,1
0.8107777,0,0
0.81127745,0,1
0.8117775,0,0
0.8122772,0,1
0.81277725,0,0
0.81327705,0,1
0.8137771,0,0
0.81427695,0,1
0.814777,0,0
0.81527685,0,1
0.81577695,0,0
0.8162768,0,1
0.81677685,0,0
0.8172766,0,1
0.8177767,0,0
0.8182765,0,1
0.81877655,0,0
0.81927635,0,1
0.8197764,0,0
0.8202762,0,1
0.82077625,0,0
0.821276,0,1
0.82177605,0,0
0.82227585,0,1
0.82277585,0,0
0.82327565,0,1
0.82377575,0,0
0.82427555,0,1
0.8247756,0,0
0.8252754,0,1
0.82577545,0,0
0.82627525,0,1
0.8267753,0,0
0.8272751,0,1
0.82777515,0,0
0.8282749,0,1
0.82877485,0,0
0.82927465,0,1
0.82977465,0,0
0.8302744,0,1
0.83077435,0,0
0.8312741,0,1
0.83177405,0,0
0.8322738,0,1
0.83277385,0,0
0.8332736,0,1
0.83377355,0,0
0.8342733,0,1
0.83477325,0,0
0.83527305,0,1
0.8357731,0,0
0.8362729,0,1
0.8367729,0,0
0.83727265,0,1
0.83777265,0,0
0.83827245,0,1
0.83877245,0,0
0.8392723,0,1
0.83977235,0,0
0.84027215,0,1
0.84077225,0,0
0.8412721,0,1
0.84177215,0,0
0.842272,0,1
0.84277205,0,0
0.8432719,0,1
0.843772,0,0
0.8442718,0,1
0.84477185,0,0
0.84527165,0,1
0.8457717,0,0
0.8462715,0,1
0.84677155,0,0
0.84727135,0,1
0.84777145,0,0
0.84827125,0,1
0.84877125,0,0
0.849271,0,1
0.84977105,0,0
0.85027085,0,1
0.8507709,0,0
0.8512707,0,1
0.8517707,0,0
0.8522705,0,1
0.85277055,0,0
0.8532703,0,1
0.85377035,0,0
0.8542701,0,1
0.8547702,0,0
0.85527,0,1
0.85577005,0,0
0.8562699,0,1
0.8567699,0,0
0.85726975,0,1
0.8577699,0,0
0.85826975,0,1
0.85876975,0,0
0.8592695,0,1
0.8597695,0,0
0.8602693,0,1
0.86076935,0,0
0.8612691,0,1
0.86176905,0,0
0.86226885,0,1
0.86276885,0,0
0.8632686,0,1
0.86376855,0,0
0.8642683,0,1
0.8647683,0,0
0.86526805,0,1
0.8657681,0,0
0.86626785,0,1
0.8667679,0,0
0.8672677,0,1
0.86776775,0,0
0.8682675,0,1
0.8687675,0,0
0.8692673,0,1
0.8697673,0,0
0.87026705,0,1
0.87076705,0,0
0.8712668,0,1
0.8717668,0,0
0.87226655,0,1
0.8727665,0,0
0.8732662,0,1
0.87376615,0,0
0.8742659,0,1
0.8747659,0,0
0.87526565,0,1
0.8757656,0,0
0.8762654,0,1
0.87676535,0,0
0.8772651,0,1
0.8777651,0,0
0.8782648,0,1
0.8787648,0,0
0.87926455,0,1
0.8797645,0,0
0.88026425,0,1
0.88076425,0,0
0.881264,0,1
0.881764,0,0
0.88226375,0,1
0.8827637,0,0
0.88326345,0,1
0.8837634,0,0
0.8842631,0,1
0.8847631,0,0
0.88526285,0,1
0.88576285,0,0
0.8862626,0,1
0.8867626,0,0
0.88726235,0,1
0.8877623,0,0
0.88826205,0,1
0.88876205,0,0
0.88926175,0,1
0.88976175,0,0
0.8902615,0,1
0.8907615,0,0
0.8912612,0,1
0.89176115,0,0
0.8922609,0,1
0.89276085,0,0
0.89326055,0,1
0.8937605,0,0
0.89426025,0,1
0.89476025,0,0
0.89525995,0,1
0.89575995,0,0
0.89625965,0,1
0.89675965,0,0
0.89725935,0,1
0.89775935,0,0
0.8982591,0,1
0.8987591,0,0
0.89925885,0,1
0.8997588,0,0
0.9002585,0,1
0.9007585,0,0
0.9012582,0,1
0.9017582,0,0
0.90225795,0,1
0.9027579,0,0
0.90325765,0,1
0.90375765,0,0
0.90425735,0,1
0.90475735,0,0
0.9052571,0,1
0.9057571,0,0
0.90625685,0,1
0.90675685,0,0
0.90725655,0,1
0.9077565,0,0
0.90825625,0,1
0.90875625,0,0
0.909256,0,1
0.90975605,0,0
0.9102558,0,1
0.91075585,0,0
0.9112556,0,1
0.9117556,0,0
0.9122554,0,1
0.91275545,0,0
0.91325525,0,1
0.91375535,0,0
0.91425515,0,1
0.91475525,0,0
0.91525505,0,1
0.915755,0,0
0.91625475,0,1
0.9167547,0,0
0.91725445,0,1
0.9177544,0,0
0.91825415,0,1
0.9187541,0,0
0.91925375,0,1
0.9197537,0,0
0.9202534,0,1
0.92075335,0,0
0.92125305,0,1
0.921753,0,0
0.92225275,0,1
0.9227527,0,0
0.9232524,0,1
0.92375245,0,0
0.9242522,0,1
0.92475215,0,0
0.92525195,0,1
0.925752,0,0
0.92625175,0,1
0.92675175,0,0
0.9272515,0,1
0.9277515,0,0
0.92825125,0,1
0.92875125,0,0
0.929251,0,1
0.929751,0,0
0.9302508,0,1
0.93075075,0,0
0.93125055,0,1
0.93175055,0,0
0.93225025,0,1
0.9327502,0,0
0.9332499,0,1
0.93374985,0,0
0.93424955,0,1
0.93474955,0,0
0.9352493,0,1
0.9357493,0,0
0.93624905,0,1
0.93674905,0,0
0.9372488,0,1
0.9377488,0,0
0.93824855,0,1
0.9387485,0,0
0.93924825,0,1
0.93974825,0,0
0.940248,0,1
0.94074795,0,0
0.94124775,0,1
0.9417477,0,0
0.9422474,0,1
0.9427474,0,0
0.94324705,0,1
0.943747,0,0
0.9442467,0,1
0.9447467,0,0
0.9452464,0,1
0.94574635,0,0
0.9462461,0,1
0.94674605,0,0
0.94724575,0,1
0.9477457,0,0
0.94824545,0,1
0.94874545,0,0
0.94924515,0,1
0.94974505,0,0
0.95024475,0,1
0.9507447,0,0
0.9512444,0,1
0.9517443,0,0
0.952244,0,1
0.95274395,0,0
0.9532437,0,1
0.95374365,0,0
0.9542434,0,1
0.95474335,0,0
0.95524305,0,1
0.95574305,0,0
0.95624275,0,1
0.9567427,0,0
0.95724245,0,1
0.9577424,0,0
0.95824215,0,1
0.95874215,0,0
0.95924195,0,1
0.95974195,0,0
0.9602417,0,1
0.96074175,0,0
0.96124145,0,1
0.9617414,0,0
0.96224105,0,1
0.96274095,0,0
0.9632407,0,1
0.9637407,0,0
0.96424045,0,1
0.9647405,0,0
0.9652402,0,1
0.96574025,0,0
0.96624,0,1
0.96673995,0,0
0.96723975,0,1
0.96773975,0,0
0.9682395,0,1
0.9687395,0,0
0.96923925,0,1
0.9697392,0,0
0.97023895,0,1
0.97073895,0,0
0.9712387,0,1
0.9717387,0,0
0.97223845,0,1
0.97273845,0,0
0.9732382,0,1
0.9737382,0,0
0.97423795,0,1
0.97473795,0,0
0.9752377,0,1
0.97573765,0,0
0.97623745,0,1
0.9767374,0,0
0.97723715,0,1
0.97773715,0,0
0.97823685,0,1
0.9787368,0,0
0.97923645,0,1
0.9797364,0,0
0.9802361,0,1
0.98073605,0,0
0.9812357,0,1
0.98173565,0,0
0.98223535,0,1
0.98273525,0,0
0.983235,0,1
0.98373495,0,0
0.9842347,0,1
0.98473475,0,0
0.98523455,0,1
0.98573455,0,0
0.98623435,0,1
0.9867344,0,0
0.98723415,0,1
0.9877342,0,0
0.98823395,0,1
0.9887339,0,0
0.98923365,0,1
0.98973365,0,0
0.9902334,0,1
0.99073335,0,0
0.99123305,0,1
0.9917331,0,0
0.99223285,0,1
0.9927329,0,0
0.99323265,0,1
0.99373265,0,0
0.9942324,0,1
0.99473235,0,0
0.9952321,0,1
0.99573205,0,0
0.9962318,0,1
0.99673175,0,0
0.9972315,0,1
0.99773155,0,0
0.9982313,0,1
0.9987313,0,0
0.99923105,0,1
0.99973105,0,0
1.00023085,0,1
1.00073085,0,0
1.00123065,0,1
1.00173065,0,0
1.0022304,0,1
1.00273045,0,0
1.0032302,0,1
1.00373025,0,0
1.0042301,0,1
1.00473015,0,0
1.00522995,0,1
1.00573005,0,0
1.0062298,0,1
1.00672985,0,0
1.0072296,0,1
1.0077296,0,0
1.00822935,0,1
1.00872935,0,0
1.0092291,0,1
1.0097291,0,0
1.01022885,0,1
1.01072885,0,0
1.0112286,0,1
1.01172865,0,0
1.0122284,0,1
1.0127284,0,0
1.0132282,0,1
1.0137282,0,0
1.014228,0,1
1.01472805,0,0
1.0152278,0,1
1.0157278,0,0
1.01622755,0,1
1.0167276,0,0
1.01722735,0,1
1.01772735,0,0
1.0182271,0,1
1.01872705,0,0
1.0192268,0,1
1.0197268,0,0
1.02022655,0,1
1.02072655,0,0
1.0212263,0,1
1.02172635,0,0
1.0222261,0,1
1.02272615,0,0
1.02322595,0,1
1.02372595,0,0
1.0242257,0,1
1.0247257,0,0
1.0252255,0,1
1.0257255,0,0
1.0262253,0,1
1.02672525,0,0
1.02722505,0,1
1.02772505,0,0
1.02822485,0,1
1.02872495,0,0
1.0292248,0,1
1.02972485,0,0
1.03022465,0,1
1.03072465,0,0
1.03122445,0,1
1.0317245,0,0
1.0322243,0,1
1.03272435,0,0
1.0332242,0,1
1.03372435,0,0
1.0342242,0,1
1.0347243,0,0
1.0352241,0,1
1.03572415,0,0
1.03622395,0,1
1.036724,0,0
1.0372238,0,1
1.03772385,0,0
1.0382236,0,1
1.0387237,0,0
1.03922345,0,1
1.03972345,0,0
1.0402232,0,1
1.04072325,0,0
1.041223,0,1
1.041723,0,0
1.0422227,0,1
1.0427227,0,0
1.0432225,0,1
1.0437225,0,0
1.04422225,0,1
1.0447223,0,0
1.04522205,0,1
1.04572215,0,0
1.04622195,0,1
1.046722,0,0
1.0472217,0,1
1.0477217,0,0
1.04822145,0,1
1.04872145,0,0
1.0492212,0,1
1.04972115,0,0
1.0502209,0,1
1.0507209,0,0
1.05122065,0,1
1.0517207,0,0
1.05222045,0,1
1.0527205,0,0
1.0532203,0,1
1.0537203,0,0
1.05422005,0,1
1.05472005,0,0
1.0552198,0,1
1.0557198,0,0
1.0562196,0,1
1.0567196,0,0
1.05721935,0,1
1.05771935,0,0
1.0582191,0,1
1.0587191,0,0
1.0592189,0,1
1.05971895,0,0
1.0602187,0,1
1.06071875,0,0
1.06121855,0,1
1.0617186,0,0
1.06221835,0,1
1.06271835,0,0
1.06321805,0,1
1.06371795,0,0
1.06421765,0,1
1.06471765,0,0
1.06521735,0,1
1.0657173,0,0
1.066217,0,1
1.066717,0,0
1.06721675,0,1
1.06771675,0,0
1.06821655,0,1
1.06871655,0,0
1.06921635,0,1
1.06971635,0,0
1.0702161,0,1
1.0707161,0,0
1.0712159,0,1
1.07171585,0,0
1.0722156,0,1
1.07271565,0,0
1.07321545,0,1
1.0737155,0,0
1.07421525,0,1
1.07471525,0,0
1.07521505,0,1
1.0757151,0,0
1.07621485,0,1
1.0767148,0,0
1.07721455,0,1
1.07771455,0,0
1.0782143,0,1
1.07871425,0,0
1.07921395,0,1
1.07971395,0,0
1.08021375,0,1
1.0807138,0,0
1.0812136,0,1
1.08171365,0,0
1.08221345,0,1
1.08271345,0,0
1.0832133,0,1
1.08371335,0,0
1.0842132,0,1
1.08471325,0,0
1.085213,0,1
1.08571305,0,0
1.0862128,0,1
1.0867129,0,0
1.08721265,0,1
1.08771265,0,0
1.0882124,0,1
1.08871235,0,0
1.08921215,0,1
1.08971215,0,0
1.09021195,0,1
1.09071195,0,0
1.09121175,0,1
1.09171175,0,0
1.0922115,0,1
1.0927115,0,0
1.09321125,0,1
1.0937112,0,0
1.09421095,0,1
1.09471095,0,0
1.09521065,0,1
1.0957106,0,0
1.0962103,0,1
1.0967103,0,0
1.09721,0,1
1.09771,0,0
1.09820965,0,1
1.09870965,0,0
1.09920935,0,1
1.09970935,0,0
1.10020905,0,1
1.100709,0,0
1.10120875,0,1
1.10170875,0,0
1.10220855,0,1
1.10270855,0,0
1.1032083,0,1
1.10370835,0,0
1.10420805,0,1
1.10470805,0,0
1.10520775,0,1
1.1057077,0,0
1.10620745,0,1
1.1067075,0,0
1.10720725,0,1
1.1077073,0,0
1.108207,0,1
1.108707,0,0
1.1092067,0,1
1.1097067,0,0
1.11020645,0,1
1.1107064,0,0
1.11120615,0,1
1.11170615,0,0
1.11220585,0,1
1.11270585,0,0
1.1132056,0,1
1.11370555,0,0
1.11420525,0,1
1.11470525,0,0
1.115205,0,1
1.11570505,0,0
1.1162048,0,1
1.1167048,0,0
1.1172046,0,1
1.1177046,0,0
1.1182044,0,1
1.1187044,0,0
1.11920415,0,1
1.1197041,0,0
1.1202038,0,1
1.12070375,0,0
1.1212035,0,1
1.12170345,0,0
1.1222032,0,1
1.1227032,0,0
1.12320295,0,1
1.12370295,0,0
1.12420265,0,1
1.12470265,0,0
1.1252024,0,1
1.1257024,0,0
1.12620215,0,1
1.12670215,0,0
1.12720195,0,1
1.1277019,0,0
1.12820165,0,1
1.12870165,0,0
1.1292014,0,1
1.1297014,0,0
1.1302012,0,1
1.13070125,0,0
1.131201,0,1
1.13170105,0,0
1.13220085,0,1
1.13270085,0,0
1.13320065,0,1
1.13370065,0,0
1.13420045,0,1
1.13470045,0,0
1.1352002,0,1
1.13570025,0,0
1.13620005,0,1
1.13670005,0,0
1.13719985,0,1
1.13769985,0,0
1.1381996,0,1
1.13869955,0,0
1.1391993,0,1
1.13969925,0,0
1.140199,0,1
1.14069905,0,0
1.1411989,0,1
1.1416989,0,0
1.1421987,0,1
1.1426987,0,0
1.14319855,0,1
1.1436986,0,0
1.1441984,0,1
1.14469845,0,0
1.1451983,0,1
1.14569835,0,0
1.1461981,0,1
1.1466981,0,0
1.14719785,0,1
1.1476979,0,0
1.1481977,0,1
1.14869775,0,0
1.14919755,0,1
1.1496976,0,0
1.1501974,0,1
1.1506974,0,0
1.1511972,0,1
1.1516972,0,0
1.15219695,0,1
1.15269695,0,0
1.1531967,0,1
1.1536967,0,0
1.15419645,0,1
1.15469645,0,0
1.15519625,0,1
1.1556963,0,0
1.15619605,0,1
1.1566961,0,0
1.15719585,0,1
1.15769585,0,0
1.15819565,0,1
1.1586957,0,0
1.1591955,0,1
1.15969555,0,0
1.1601954,0,1
1.16069545,0,0
1.16119525,0,1
1.1616953,0,0
1.1621951,0,1
1.16269515,0,0
1.163195,0,1
1.16369505,0,0
1.1641949,0,1
1.16469495,0,0
1.1651948,0,1
1.16569495,0,0
1.16619475,0,1
1.1666948,0,0
1.1671946,0,1
1.1676947,0,0
1.1681945,0,1
1.16869455,0,0
1.1691943,0,1
1.1696944,0,0
1.1701942,0,1
1.17069425,0,0
1.1711941,0,1
1.17169415,0,0
1.17219395,0,1
1.17269405,0,0
1.17319385,0,1
1.1736939,0,0
1.17419365,0,1
1.1746937,0,0
1.1751935,0,1
1.1756936,0,0
1.17619345,0,1
1.17669355,0,0
1.1771934,0,1
1.1776935,0,0
1.17819335,0,1
1.1786934,0,0
1.17919325,0,1
1.1796933,0,0
1.1801931,0,1
1.18069315,0,0
1.181193,0,1
1.18169305,0,0
1.1821929,0,1
1.182693,0,0
1.1831928,0,1
1.18369285,0,0
1.18419265,0,1
1.18469265,0,0
1.1851925,0,1
1.18569255,0,0
1.18619235,0,1
1.1866924,0,0
1.18719225,0,1
1.1876923,0,0
1.18819215,0,1
1.18869225,0,0
1.18919215,0,1
1.1896923,0,0
1.1901922,0,1
1.19069235,0,0
1.19119225,0,1
1.1916924,0,0
1.1921923,0,1
1.1926924,0,0
1.1931922,0,1
1.1936923,0,0
1.19419215,0,1
1.19469225,0,0
1.1951921,0,1
1.19569215,0,0
1.196192,0,1
1.1966921,0,0
1.19719195,0,1
1.1976921,0,0
1.19819195,0,1
1.1986921,0,0
1.199192,0,1
1.19969215,0,0
1.2001921,0,1
1.20069225,0,0
1.2011921,0,1
1.20169225,0,0
1.2021921,0,1
1.20269225,0,0
1.20319215,0,1
1.2036923,0,0
1.2041922,0,1
1.2046923,0,0
1.20519215,0,1
1.20569225,0,0
1.20619205,0,1
1.20669215,0,0
1.20719195,0,1
1.207692,0,0
1.2081919,0,1
1.208692,0,0
1.2091919,0,1
1.209692,0,0
1.2101919,0,1
1.21069205,0,0
1.2111919,0,1
1.211692,0,0
1.21219185,0,1
1.2126919,0,0
1.2131918,0,1
1.21369185,0,0
1.2141917,0,1
1.21469175,0,0
1.2151916,0,1
1.21569165,0,0
1.21619145,0,1
1.21669145,0,0
1.21719125,0,1
1.2176913,0,0
1.2181911,0,1
1.2186911,0,0
1.2191909,0,1
1.2196909,0,0
1.2201907,0,1
1.2206908,0,0
1.22119065,0,1
1.2216907,0,0
1.22219055,0,1
1.2226907,0,0
1.22319055,0,1
1.2236907,0,0
1.2241906,0,1
1.22469075,0,0
1.2251906,0,1
1.2256907,0,0
1.2261906,0,1
1.22669075,0,0
1.2271906,0,1
1.22769065,0,0
1.2281905,0,1
1.2286906,0,0
1.2291904,0,1
1.2296905,0,0
1.23019035,0,1
1.23069045,0,0
1.2311903,0,1
1.2316904,0,0
1.2321902,0,1
1.23269025,0,0
1.2331901,0,1
1.2336902,0,0
1.23419005,0,1
1.23469015,0,0
1.23519,0,1
1.2356901,0,0
1.23619,0,1
1.23669005,0,0
1.2371899,0,1
1.23768995,0,0
1.2381898,0,1
1.23868995,0,0
1.23918975,0,1
1.2396898,0,0
1.24018965,0,1
1.24068975,0,0
1.24118955,0,1
1.2416896,0,0
1.2421895,0,1
1.2426896,0,0
1.2431894,0,1
1.2436894,0,0
1.2441892,0,1
1.2446893,0,0
1.24518915,0,1
1.24568925,0,0
1.24618915,0,1
1.2466892,0,0
1.24718905,0,1
1.24768915,0,0
1.248189,0,1
1.24868905,0,0
1.24918885,0,1
1.24968895,0,0
1.2501888,0,1
1.2506889,0,0
1.2511888,0,1
1.2516889,0,0
1.25218875,0,1
1.25268885,0,0
1.2531887,0,1
1.25368885,0,0
1.2541887,0,1
1.25468875,0,0
1.25518865,0,1
1.25568875,0,0
1.25618865,0,1
1.25668875,0,0
1.25718865,0,1
1.25768875,0,0
1.2581886,0,1
1.2586887,0,0
1.2591886,0,1
1.25968865,0,0
1.2601885,0,1
1.26068855,0,0
1.2611884,0,1
1.2616885,0,0
1.2621884,0,1
1.26268845,0,0
1.2631883,0,1
1.2636884,0,0
1.26418825,0,1
1.2646884,0,0
1.2651882,0,1
1.2656883,0,0
1.26618815,0,1
1.26668825,0,0
1.26718805,0,1
1.26768815,0,0
1.268188,0,1
1.26868805,0,0
1.2691879,0,1
1.26968795,0,0
1.2701878,0,1
1.27068785,0,0
1.2711877,0,1
1.2716878,0,0
1.27218765,0,1
1.27268775,0,0
1.27318765,0,1
1.27368775,0,0
1.2741876,0,1
1.2746877,0,0
1.2751876,0,1
1.2756877,0,0
1.27618755,0,1
1.27668765,0,0
1.27718745,0,1
1.27768755,0,0
1.27818735,0,1
1.27868745,0,0
1.2791873,0,1
1.27968735,0,0
1.2801872,0,1
1.28068725,0,0
1.28118705,0,1
1.28168715,0,0
1.282187,0,1
1.28268705,0,0
1.2831869,0,1
1.28368695,0,0
1.28418675,0,1
1.2846868,0,0
1.28518665,0,1
1.28568675,0,0
1.28618655,0,1
1.28668665,0,0
1.28718645,0,1
1.2876866,0,0
1.28818645,0,1
1.28868655,0,0
1.2891864,0,1
1.28968655,0,0
1.2901864,0,1
1.2906865,0,0
1.29118635,0,1
1.29168645,0,0
1.29218635,0,1
1.2926864,0,0
1.29318625,0,1
1.2936864,0,0
1.2941862,0,1
1.29468635,0,0
1.2951862,0,1
1.2956863,0,0
1.29618615,0,1
1.29668625,0,0
1.29718615,0,1
1.29768625,0,0
1.2981861,0,1
1.2986862,0,0
1.29918605,0,1
1.29968615,0,0
1.30018605,0,1
1.30068615,0,0
1.30118595,0,1
1.30168605,0,0
1.3021859,0,1
1.302686,0,0
1.30318585,0,1
1.30368595,0,0
1.3041858,0,1
1.3046859,0,0
1.30518575,0,1
1.3056859,0,0
1.30618575,0,1
1.30668585,0,0
1.30718575,0,1
1.30768585,0,0
1.30818575,0,1
1.30868585,0,0
1.3091857,0,1
1.30968585,0,0
1.31018575,0,1
1.3106859,0,0
1.3111858,0,1
1.31168595,0,0
1.3121858,0,1
1.3126859,0,0
1.31318575,0,1
1.3136859,0,0
1.31418575,0,1
1.3146859,0,0
1.3151858,0,1
1.31568595,0,0
1.31618585,0,1
1.31668595,0,0
1.3171859,0,1
1.31768605,0,0
1.31818595,0,1
1.3186861,0,0
1.31918595,0,1
1.31968605,0,0
1.32018595,0,1
1.32068615,0,0
1.32118605,0,1
1.32168615,0,0
1.32218605,0,1
1.32268615,0,0
1.323186,0,1
1.32368615,0,0
1.324186,0,1
1.3246861,0,0
1.32518595,0,1
1.3256861,0,0
1.32618595,0,1
1.32668605,0,0
1.3271859,0,1
1.32768605,0,0
1.32818595,0,1
1.3286861,0,0
1.32918605,0,1
1.32968615,0,0
1.33018605,0,1
1.3306862,0,0
1.331186,0,1
1.3316861,0,0
1.33218595,0,1
1.332686,0,0
1.33318585,0,1
1.33368585,0,0
1.33418565,0,1
1.3346857,0,0
1.33518555,0,1
1.3356856,0,0
1.33618545,0,1
1.33668555,0,0
1.33718535,0,1
1.33768545,0,0
1.3381853,0,1
1.3386855,0,0
1.3391854,0,1
1.33968555,0,0
1.34018545,0,1
1.34068555,0,0
1.34118555,0,1
1.3416857,0,0
1.3421856,0,1
1.3426857,0,0
1.34318555,0,1
1.34368565,0,0
1.34418555,0,1
1.3446857,0,0
1.34518555,0,1
1.3456856,0,0
1.3461855,0,1
1.3466856,0,0
1.34718555,0,1
1.3476857,0,0
1.34818565,0,1
1.34868575,0,0
1.34918565,0,1
1.34968575,0,0
1.3501856,0,1
1.35068575,0,0
1.35118555,0,1
1.3516856,0,0
1.3521854,0,1
1.3526855,0,0
1.35318535,0,1
1.3536854,0,0
1.35418525,0,1
1.35468535,0,0
1.3551852,0,1
1.35568525,0,0
1.35618505,0,1
1.3566851,0,0
1.357185,0,1
1.35768515,0,0
1.358185,0,1
1.35868515,0,0
1.359185,0,1
1.3596851,0,0
1.36018495,0,1
1.3606851,0,0
1.36118495,0,1
1.36168505,0,0
1.3621849,0,1
1.362685,0,0
1.36318485,0,1
1.36368495,0,0
1.3641848,0,1
1.36468495,0,0
1.3651848,0,1
1.3656849,0,0
1.36618475,0,1
1.36668485,0,0
1.3671847,0,1
1.3676848,0,0
1.36818465,0,1
1.3686848,0,0
1.36918465,0,1
1.36968475,0,0
1.37018465,0,1
1.37068475,0,0
1.37118465,0,1
1.37168475,0,0
1.37218455,0,1
1.37268465,0,0
1.37318455,0,1
1.3736847,0,0
1.3741846,0,1
1.37468465,0,0
1.3751845,0,1
1.37568465,0,0
1.3761845,0,1
1.3766846,0,0
1.37718445,0,1
1.3776846,0,0
1.37818445,0,1
1.37868455,0,0
1.3791844,0,1
1.37968445,0,0
1.3801843,0,1
1.3806844,0,0
1.38118425,0,1
1.3816843,0,0
1.38218415,0,1
1.38268425,0,0
1.3831841,0,1
1.38368415,0,0
1.384184,0,1
1.3846841,0,0
1.38518395,0,1
1.38568405,0,0
1.38618395,0,1
1.386684,0,0
1.38718385,0,1
1.3876839,0,0
1.38818375,0,1
1.3886838,0,0
1.3891837,0,1
1.38968375,0,0
1.39018355,0,1
1.39068365,0,0
1.39118345,0,1
1.3916835,0,0
1.39218335,0,1
1.39268345,0,0
1.39318325,0,1
1.39368325,0,0
1.3941831,0,1
1.3946832,0,0
1.395183,0,1
1.3956831,0,0
1.39618295,0,1
1.396683,0,0
1.39718285,0,1
1.39768295,0,0
1.3981828,0,1
1.39868295,0,0
1.3991828,0,1
1.39968295,0,0
1.4001828,0,1
1.4006829,0,0
1.40118275,0,1
1.4016828,0,0
1.40218265,0,1
1.40268275,0,0
1.4031826,0,1
1.4036827,0,0
1.40418255,0,1
1.4046827,0,0
1.4051826,0,1
1.4056827,0,0
1.40618255,0,1
1.4066827,0,0
1.4071825,0,1
1.4076826,0,0
1.4081824,0,1
1.4086825,0,0
1.40918235,0,1
1.4096825,0,0
1.4101823,0,1
1.41068235,0,0
1.4111822,0,1
1.4116823,0,0
1.4121821,0,1
1.41268225,0,0
1.4131821,0,1
1.4136822,0,0
1.414182,0,1
1.4146821,0,0
1.41518185,0,1
1.4156819,0,0
1.4161817,0,1
1.41668175,0,0
1.41718155,0,1
1.41768165,0,0
1.41818145,0,1
1.41868155,0,0
1.41918135,0,1
1.4196814,0,0
1.4201812,0,1
1.4206813,0,0
1.42118115,0,1
1.4216812,0,0
1.422181,0,1
1.4226811,0,0
1.4231809,0,1
1.4236811,0,0
1.42418085,0,1
1.4246809,0,0
1.42518075,0,1
1.4256808,0,0
1.4261806,0,1
1.4266807,0,0
1.42718055,0,1
1.4276807,0,0
1.42818055,0,1
1.42868065,0,0
1.4291805,0,1
1.42968065,0,0
1.4301805,0,1
1.43068065,0,0
1.4311805,0,1
1.4316806,0,0
1.43218045,0,1
1.4326805,0,0
1.43318035,0,1
1.43368045,0,0
1.43418025,0,1
1.4346803,0,0
1.4351801,0,1
1.43568015,0,0
1.43617995,0,1
1.4366801,0,0
1.43717995,0,1
1.43768,0,0
1.43817985,0,1
1.4386799,0,0
1.43917975,0,1
1.4396798,0,0
1.4401796,0,1
1.4406797,0,0
1.4411796,0,1
1.4416797,0,0
1.44217955,0,1
1.44267965,0,0
1.4431795,0,1
1.4436796,0,0
1.4441795,0,1
1.4446796,0,0
1.44517945,0,1
1.44567955,0,0
1.44617945,0,1
1.44667955,0,0
1.44717945,0,1
1.4476796,0,0
1.4481795,0,1
1.4486796,0,0
1.44917955,0,1
1.4496797,0,0
1.4501796,0,1
1.45067975,0,0
1.45117965,0,1
1.45167975,0,0
1.4521796,0,1
1.4526797,0,0
1.45317955,0,1
1.4536797,0,0
1.45417955,0,1
1.4546797,0,0
1.45517955,0,1
1.4556797,0,0
1.45617955,0,1
1.45667965,0,0
1.45717945,0,1
1.45767955,0,0
1.4581794,0,1
1.4586795,0,0
1.4591794,0,1
1.4596795,0,0
1.46017935,0,1
1.4606795,0,0
1.4611794,0,1
1.46167955,0,0
1.4621794,0,1
1.46267955,0,0
1.46317945,0,1
1.4636796,0,0
1.46417945,0,1
1.4646796,0,0
1.46517945,0,1
1.46567955,0,0
1.46617945,0,1
1.4666796,0,0
1.46717945,0,1
1.4676796,0,0
1.46817945,0,1
1.4686796,0,0
1.46917945,0,1
1.4696796,0,0
1.47017945,0,1
1.47067955,0,0
1.4711794,0,1
1.47167955,0,0
1.4721794,0,1
1.4726795,0,0
1.4731794,0,1
1.4736795,0,0
1.47417935,0,1
1.4746794,0,0
1.47517925,0,1
1.4756794,0,0
1.47617925,0,1
1.4766794,0,0
1.47717925,0,1
1.47767935,0,0
1.4781792,0,1
1.4786793,0,0
1.47917915,0,1
1.4796793,0,0
1.48017915,0,1
1.48067925,0,0
1.48117905,0,1
1.4816791,0,0
1.48217895,0,1
1.48267905,0,0
1.4831789,0,1
1.48367895,0,0
1.48417885,0,1
1.4846789,0,0
1.48517875,0,1
1.48567885,0,0
1.48617865,0,1
1.4866787,0,0
1.4871786,0,1
1.48767865,0,0
1.4881785,0,1
1.4886786,0,0
1.4891784,0,1
1.48967845,0,0
1.4901783,0,1
1.4906784,0,0
1.4911782,0,1
1.4916783,0,0
1.4921782,0,1
1.4926783,0,0
1.4931781,0,1
1.49367815,0,0
1.494178,0,1
1.4946781,0,0
1.4951779,0,1
1.495678,0,0
1.4961778,0,1
1.4966779,0,0
1.4971778,0,1
1.4976779,0,0
1.4981777,0,1
1.49867775,0,0
1.4991775,0,1
1.4996776,0,0
1.5001774,0,1
1.50067745,0,0
1.5011773,0,1
1.50167745,0,0
1.5021774,0,1
1.5026775,0,0
1.50317735,0,1
1.50367745,0,0
1.5041773,0,1
1.50467745,0,0
1.50517725,0,1
1.50567735,0,0
1.5061772,0,1
1.5066773,0,0
1.5071772,0,1
1.50767735,0,0
1.5081772,0,1
1.5086773,0,0
1.50917715,0,1
1.5096772,0,0
1.5101771,0,1
1.5106772,0,0
1.511177,0,1
1.51167715,0,0
1.51217705,0,1
1.51267715,0,0
1.513177,0,1
1.5136771,0,0
1.51417695,0,1
1.514677,0,0
1.51517685,0,1
1.51567695,0,0
1.5161768,0,1
1.5166769,0,0
1.5171768,0,1
1.51767695,0,0
1.5181768,0,1
1.51867685,0,0
1.5191767,0,1
1.51967675,0,0
1.5201766,0,1
1.5206767,0,0
1.5211766,0,1
1.5216767,0,0
1.52217655,0,1
1.5226767,0,0
1.5231765,0,1
1.5236766,0,0
1.52417645,0,1
1.52467655,0,0
1.5251764,0,1
1.5256765,0,0
1.5261764,0,1
1.52667655,0,0
1.52717635,0,1
1.5276764,0,0
1.52817625,0,1
1.5286763,0,0
1.52917615,0,1
1.52967625,0,0
1.53017605,0,1
1.5306761,0,0
1.53117595,0,1
1.53167605,0,0
1.53217585,0,1
1.53267595,0,0
1.5331757,0,1
1.53367575,0,0
1.53417555,0,1
1.5346756,0,0
1.5351754,0,1
1.53567545,0,0
1.53617525,0,1
1.5366753,0,0
1.53717505,0,1
1.53767505,0,0
1.5381748,0,1
1.53867485,0,0
1.53917465,0,1
1.53967465,0,0
1.5401744,0,1
1.5406744,0,0
1.54117415,0,1
1.5416741,0,0
1.54217385,0,1
1.54267385,0,0
1.5431736,0,1
1.5436736,0,0
1.54417345,0,1
1.5446735,0,0
1.54517325,0,1
1.5456733,0,0
1.5461731,0,1
1.5466731,0,0
1.54717285,0,1
1.5476729,0,0
1.54817265,0,1
1.5486727,0,0
1.5491725,0,1
1.54967255,0,0
1.55017235,0,1
1.5506724,0,0
1.55117215,0,1
1.5516722,0,0
1.55217195,0,1
1.552672,0,0
1.5531718,0,1
1.55367185,0,0
1.55417165,0,1
1.5546717,0,0
1.5551715,0,1
1.55567155,0,0
1.55617135,0,1
1.5566714,0,0
1.55717115,0,1
1.5576712,0,0
1.55817095,0,1
1.55867095,0,0
1.55917075,0,1
1.55967075,0,0
1.5601705,0,1
1.56067055,0,0
1.5611703,0,1
1.56167025,0,0
1.56217,0,1
1.56266995,0,0
1.56316965,0,1
1.5636697,0,0
1.56416945,0,1
1.56466945,0,0
1.5651692,0,1
1.5656692,0,0
1.56616895,0,1
1.56666895,0,0
1.56716875,0,1
1.5676688,0,0
1.56816855,0,1
1.5686686,0,0
1.5691684,0,1
1.5696684,0,0
1.57016815,0,1
1.57066815,0,0
1.5711679,0,1
1.57166795,0,0
1.57216775,0,1
1.57266775,0,0
1.5731675,0,1
1.57366755,0,0
1.5741673,0,1
1.57466735,0,0
1.57516715,0,1
1.5756672,0,0
1.57616705,0,1
1.5766671,0,0
1.5771669,0,1
1.57766705,0,0
1.5781669,0,1
1.578667,0,0
1.57916685,0,1
1.5796669,0,0
1.5801667,0,1
1.5806667,0,0
1.58116645,0,1
1.58166645,0,0
1.58216625,0,1
1.58266625,0,0
1.583166,0,1
1.58366595,0,0
1.58416575,0,1
1.58466575,0,0
1.5851655,0,1
1.5856655,0,0
1.5861653,0,1
1.5866653,0,0
1.5871651,0,1
1.5876651,0,0
1.5881649,0,1
1.58866495,0,0
1.5891647,0,1
1.58966475,0,0
1.59016455,0,1
1.5906646,0,0
1.59116435,0,1
1.5916644,0,0
1.5921642,0,1
1.5926642,0,0
1.59316395,0,1
1.59366395,0,0
1.59416365,0,1
1.59466365,0,0
1.5951634,0,1
1.5956634,0,0
1.5961631,0,1
1.5966631,0,0
1.59716285,0,1
1.5976628,0,0
1.59816255,0,1
1.59866255,0,0
1.5991623,0,1
1.59966225,0,0
1.600162,0,1
1.600662,0,0
1.60116175,0,1
1.6016618,0,0
1.6021615,0,1
1.60266155,0,0
1.6031613,0,1
1.6036613,0,0
1.60416105,0,1
1.60466105,0,0
1.60516085,0,1
1.60566085,0,0
1.60616065,0,1
1.60666065,0,0
1.6071604,0,1
1.6076604,0,0
1.60816015,0,1
1.60866015,0,0
1.6091599,0,1
1.6096599,0,0
1.61015965,0,1
1.61065965,0,0
1.6111594,0,1
1.6116594,0,0
1.6121592,0,1
1.6126593,0,0
1.6131591,0,1
1.61365915,0,0
1.61415895,0,1
1.61465895,0,0
1.61515875,0,1
1.6156588,0,0
1.6161586,0,1
1.6166587,0,0
1.6171585,0,1
1.6176585,0,0
1.6181583,0,1
1.61865835,0,0
1.6191581,0,1
1.6196581,0,0
1.62015785,0,1
1.6206579,0,0
1.62115765,0,1
1.6216576,0,0
1.62215735,0,1
1.62265735,0,0
1.6231571,0,1
1.6236571,0,0
1.6241569,0,1
1.6246569,0,0
1.6251567,0,1
1.62565675,0,0
1.62615655,0,1
1.62665655,0,0
1.62715635,0,1
1.62765635,0,0
1.6281561,0,1
1.6286561,0,0
1.6291559,0,1
1.62965595,0,0
1.63015565,0,1
1.63065565,0,0
1.6311554,0,1
1.6316554,0,0
1.63215515,0,1
1.63265515,0,0
1.6331549,0,1
1.63365495,0,0
1.63415475,0,1
1.63465475,0,0
1.6351545,0,1
1.6356545,0,0
1.6361543,0,1
1.63665435,0,0
1.63715415,0,1
1.6376542,0,0
1.638154,0,1
1.63865405,0,0
1.6391539,0,1
1.6396539,0,0
1.6401537,0,1
1.64065375,0,0
1.6411535,0,1
1.6416535,0,0
1.6421532,0,1
1.64265315,0,0
1.6431529,0,1
1.64365285,0,0
1.64415255,0,1
1.64465255,0,0
1.64515225,0,1
1.6456523,0,0
1.64615205,0,1
1.64665205,0,0
1.64715185,0,1
1.64765185,0,0
1.6481516,0,1
1.6486516,0,0
1.64915135,0,1
1.64965135,0,0
1.65015115,0,1
1.65065115,0,0
1.6511509,0,1
1.6516509,0,0
1.65215065,0,1
1.65265065,0,0
1.6531504,0,1
1.65365045,0,0
1.65415025,0,1
1.6546503,0,0
1.65515005,0,1
1.65565005,0,0
1.6561498,0,1
1.65664985,0,0
1.6571496,0,1
1.65764965,0,0
1.65814945,0,1
1.6586494,0,0
1.6591492,0,1
1.6596492,0,0
1.660149,0,1
1.66064905,0,0
1.6611489,0,1
1.6616489,0,0
1.66214865,0,1
1.66264865,0,0
1.66314845,0,1
1.66364845,0,0
1.6641482,0,1
1.6646481,0,0
1.6651478,0,1
1.6656478,0,0
1.6661476,0,1
1.66664765,0,0
1.6671474,0,1
1.66764745,0,0
1.66814725,0,1
1.6686473,0,0
1.6691471,0,1
1.66964715,0,0
1.6701469,0,1
1.670647,0,0
1.6711468,0,1
1.67164685,0,0
1.6721466,0,1
1.6726466,0,0
1.6731463,0,1
1.67364625,0,0
1.674146,0,1
1.67464605,0,0
1.6751458,0,1
1.6756458,0,0
1.6761456,0,1
1.6766456,0,0
1.67714535,0,1
1.6776454,0,0
1.6781451,0,1
1.6786451,0,0
1.6791448,0,1
1.6796448,0,0
1.6801445,0,1
1.6806445,0,0
1.6811443,0,1
1.68164435,0,0
1.6821441,0,1
1.6826441,0,0
1.6831439,0,1
1.6836439,0,0
1.6841437,0,1
1.68464375,0,0
1.68514355,0,1
1.6856436,0,0
1.68614335,0,1
1.6866434,0,0
1.68714315,0,1
1.68764315,0,0
1.6881429,0,1
1.68864285,0,0
1.6891426,0,1
1.6896426,0,0
1.6901423,0,1
1.69064225,0,0
1.691142,0,1
1.691642,0,0
1.69214175,0,1
1.6926417,0,0
1.69314145,0,1
1.6936415,0,0
1.69414125,0,1
1.6946412,0,0
1.69514095,0,1
1.69564095,0,0
1.6961407,0,1
1.6966407,0,0
1.6971405,0,1
1.6976405,0,0
1.69814025,0,1
1.69864025,0,0
1.69914005,0,1
1.6996401,0,0
1.70013985,0,1
1.70063985,0,0
1.70113965,0,1
1.7016397,0,0
1.7021395,0,1
1.7026395,0,0
1.70313925,0,1
1.7036393,0,0
1.70413905,0,1
1.70463905,0,0
1.7051388,0,1
1.70563885,0,0
1.7061386,0,1
1.7066386,0,0
1.7071384,0,1
1.70763835,0,0
1.7081381,0,1
1.7086381,0,0
1.7091378,0,1
1.7096378,0,0
1.7101375,0,1
1.7106375,0,0
1.71113725,0,1
1.71163725,0,0
1.712137,0,1
1.712637,0,0
1.71313675,0,1
1.71363675,0,0
1.7141365,0,1
1.7146365,0,0
1.71513625,0,1
1.71563625,0,0
1.71613595,0,1
1.716636,0,0
1.7171358,0,1
1.7176359,0,0
1.7181357,0,1
1.71863575,0,0
1.71913555,0,1
1.7196356,0,0
1.72013535,0,1
1.7206354,0,0
1.7211352,0,1
1.7216352,0,0
1.722135,0,1
1.72263495,0,0
1.7231347,0,1
1.72363465,0,0
1.7241344,0,1
1.72463435,0,0
1.7251341,0,1
1.7256341,0,0
1.72613385,0,1
1.72663385,0,0
1.7271336,0,1
1.7276336,0,0
1.72813335,0,1
1.7286334,0,0
1.7291332,0,1
1.72963325,0,0
1.73013305,0,1
1.730633,0,0
1.7311328,0,1
1.7316328,0,0
1.7321326,0,1
1.73263265,0,0
1.7331324,0,1
1.7336324,0,0
1.7341322,0,1
1.73463215,0,0
1.73513195,0,1
1.735632,0,0
1.73613175,0,1
1.73663175,0,0
1.7371315,0,1
1.73763155,0,0
1.7381313,0,1
1.73863135,0,0
1.73913115,0,1
1.7396312,0,0
1.740131,0,1
1.74063105,0,0
1.7411308,0,1
1.74163085,0,0
1.7421306,0,1
1.74263065,0,0
1.7431304,0,1
1.74363035,0,0
1.74413015,0,1
1.7446302,0,0
1.7451299,0,1
1.7456299,0,0
1.7461297,0,1
1.7466297,0,0
1.74712945,0,1
1.7476295,0,0
1.74812925,0,1
1.7486293,0,0
1.74912905,0,1
1.74962905,0,0
1.7501288,0,1
1.75062885,0,0
1.75112865,0,1
1.7516287,0,0
1.7521285,0,1
1.7526286,0,0
1.7531284,0,1
1.75362845,0,0
1.7541283,0,1
1.75462835,0,0
1.7551281,0,1
1.75562815,0,0
1.75612795,0,1
1.756628,0,0
1.7571278,0,1
1.75762785,0,0
1.75812765,0,1
1.7586277,0,0
1.75912745,0,1
1.75962745,0,0
1.76012725,0,1
1.76062735,0,0
1.76112715,0,1
1.7616272,0,0
1.762127,0,1
1.76262705,0,0
1.76312685,0,1
1.7636269,0,0
1.7641267,0,1
1.7646267,0,0
1.76512645,0,1
1.7656265,0,0
1.7661262,0,1
1.76662625,0,0
1.76712595,0,1
1.767626,0,0
1.76812575,0,1
1.76862575,0,0
1.76912545,0,1
1.76962545,0,0
1.77012515,0,1
1.7706252,0,0
1.7711249,0,1
1.7716249,0,0
1.77212465,0,1
1.7726247,0,0
1.77312445,0,1
1.7736244,0,0
1.7741242,0,1
1.7746242,0,0
1.77512395,0,1
1.7756239,0,0
1.77612365,0,1
1.77662365,0,0
1.77712345,0,1
1.7776234,0,0
1.7781232,0,1
1.77862325,0,0
1.779123,0,1
1.77962305,0,0
1.78012285,0,1
1.78062285,0,0
1.78112265,0,1
1.7816227,0,0
1.78212255,0,1
1.7826226,0,0
1.7831224,0,1
1.7836224,0,0
1.7841222,0,1
1.7846222,0,0
1.78512195,0,1
1.785622,0,0
1.78612175,0,1
1.78662175,0,0
1.7871215,0,1
1.7876216,0,0
1.78812135,0,1
1.7886214,0,0
1.7891212,0,1
1.78962125,0,0
1.790121,0,1
1.790621,0,0
1.7911208,0,1
1.7916208,0,0
1.79212055,0,1
1.7926205,0,0
1.7931202,0,1
1.7936202,0,0
1.79412,0,1
1.79462005,0,0
1.7951198,0,1
1.7956198,0,0
1.7961196,0,1
1.7966196,0,0
1.79711935,0,1
1.79761935,0,0
1.7981191,0,1
1.79861915,0,0
1.79911895,0,1
1.79961895,0,0
1.8001187,0,1
1.8006187,0,0
1.80111845,0,1
1.80161845,0,0
1.8021183,0,1
1.80261835,0,0
1.80311815,0,1
1.80361825,0,0
1.8041181,0,1
1.8046182,0,0
1.805118,0,1
1.805618,0,0
1.8061178,0,1
1.80661785,0,0
1.80711765,0,1
1.8076177,0,0
1.80811755,0,1
1.8086176,0,0
1.80911745,0,1
1.8096175,0,0
1.8101173,0,1
1.81061735,0,0
1.8111171,0,1
1.81161715,0,0
1.8121169,0,1
1.81261695,0,0
1.8131167,0,1
1.81361675,0,0
1.81411655,0,1
1.81461665,0,0
1.81511645,0,1
1.8156165,0,0
1.8161163,0,1
1.8166164,0,0
1.8171162,0,1
1.81761625,0,0
1.818116,0,1
1.81861605,0,0
1.81911585,0,1
1.8196159,0,0
1.82011575,0,1
1.82061585,0,0
1.82111565,0,1
1.82161575,0,0
1.8221155,0,1
1.8226155,0,0
1.82311525,0,1
1.8236153,0,0
1.8241151,0,1
1.8246151,0,0
1.82511485,0,1
1.8256149,0,0
1.82611465,0,1
1.82661465,0,0
1.8271144,0,1
1.8276144,0,0
1.8281141,0,1
1.82861405,0,0
1.82911375,0,1
1.82961365,0,0
1.83011335,0,1
1.83061335,0,0
1.8311131,0,1
1.8316131,0,0
1.83211285,0,1
1.83261285,0,0
1.8331126,0,1
1.8336126,0,0
1.8341123,0,1
1.8346123,0,0
1.83511205,0,1
1.83561205,0,0
1.8361118,0,1
1.8366118,0,0
1.8371116,0,1
1.8376116,0,0
1.8381113,0,1
1.83861135,0,0
1.8391111,0,1
1.8396111,0,0
1.84011085,0,1
1.8406109,0,0
1.8411107,0,1
1.8416107,0,0
1.8421105,0,1
1.84261055,0,0
1.84311035,0,1
1.8436104,0,0
1.84411025,0,1
1.84461025,0,0
1.8451101,0,1
1.8456101,0,0
1.8461099,0,1
1.8466099,0,0
1.84710965,0,1
1.8476097,0,0
1.84810945,0,1
1.8486095,0,0
1.8491093,0,1
1.84960935,0,0
1.8501091,0,1
1.85060915,0,0
1.8511089,0,1
1.8516089,0,0
1.8521087,0,1
1.8526087,0,0
1.8531085,0,1
1.8536085,0,0
1.8541083,0,1
1.8546083,0,0
1.85510805,0,1
1.8556081,0,0
1.8561078,0,1
1.85660775,0,0
1.8571074,0,1
1.8576074,0,0
1.85810715,0,1
1.85860715,0,0
1.8591069,0,1
1.8596069,0,0
1.86010665,0,1
1.86060665,0,0
1.86110645,0,1
1.8616065,0,0
1.8621062,0,1
1.86260625,0,0
1.863106,0,1
1.863606,0,0
1.86410575,0,1
1.86460575,0,0
1.86510545,0,1
1.8656055,0,0
1.8661053,0,1
1.8666053,0,0
1.8671051,0,1
1.8676051,0,0
1.86810485,0,1
1.86860485,0,0
1.86910465,0,1
1.86960465,0,0
1.8701044,0,1
1.87060435,0,0
1.8711041,0,1
1.8716041,0,0
1.87210385,0,1
1.8726038,0,0
1.87310355,0,1
1.87360355,0,0
1.87410325,0,1
1.8746033,0,0
1.875103,0,1
1.87560295,0,0
1.8761027,0,1
1.8766027,0,0
1.8771024,0,1
1.8776024,0,0
1.8781021,0,1
1.87860215,0,0
1.8791019,0,1
1.8796019,0,0
1.8801016,0,1
1.8806016,0,0
1.88110135,0,1
1.8816013,0,0
1.88210105,0,1
1.882601,0,0
1.8831007,0,1
1.8836007,0,0
1.8841004,0,1
1.8846004,0,0
1.8851001,0,1
1.8856001,0,0
1.88609985,0,1
1.88659985,0,0
1.8870996,0,1
1.8875996,0,0
1.88809935,0,1
1.88859935,0,0
1.8890991,0,1
1.88959905,0,0
1.89009885,0,1
1.8905989,0,0
1.8910987,0,1
1.89159865,0,0
1.8920984,0,1
1.8925984,0,0
1.89309815,0,1
1.89359815,0,0
1.89409785,0,1
1.89459785,0,0
1.8950976,0,1
1.89559755,0,0
1.8960973,0,1
1.89659725,0,0
1.89709705,0,1
1.89759705,0,0
1.8980968,0,1
1.8985968,0,0
1.89909655,0,1
1.89959655,0,0
1.9000963,0,1
1.90059625,0,0
1.901096,0,1
1.901596,0,0
1.90209575,0,1
1.9025957,0,0
1.9030954,0,1
1.9035954,0,0
1.90409515,0,1
1.9045952,0,0
1.90509495,0,1
1.90559495,0,0
1.9060947,0,1
1.9065947,0,0
1.9070944,0,1
1.9075944,0,0
1.90809415,0,1
1.90859415,0,0
1.90909385,0,1
1.90959385,0,0
1.9100936,0,1
1.9105937,0,0
1.91109345,0,1
1.9115935,0,0
1.9120932,0,1
1.91259325,0,0
1.913093,0,1
1.91359295,0,0
1.9140927,0,1
1.9145927,0,0
1.91509245,0,1
1.91559245,0,0
1.9160922,0,1
1.9165922,0,0
1.917092,0,1
1.917592,0,0
1.9180918,0,1
1.91859185,0,0
1.91909165,0,1
1.9195917,0,0
1.9200915,0,1
1.9205915,0,0
1.9210913,0,1
1.9215914,0,0
1.9220912,0,1
1.9225912,0,0
1.923091,0,1
1.92359105,0,0
1.9240908,0,1
1.9245908,0,0
1.92509055,0,1
1.92559055,0,0
1.9260903,0,1
1.9265903,0,0
1.92709005,0,1
1.92759005,0,0
1.9280898,0,1
1.9285898,0,0
1.92908955,0,1
1.9295896,0,0
1.93008935,0,1
1.93058935,0,0
1.9310891,0,1
1.93158915,0,0
1.9320889,0,1
1.93258885,0,0
1.93308865,0,1
1.9335886,0,0
1.93408835,0,1
1.93458835,0,0
1.93508815,0,1
1.93558815,0,0
1.93608795,0,1
1.93658795,0,0
1.93708765,0,1
1.9375876,0,0
1.93808735,0,1
1.9385873,0,0
1.939087,0,1
1.939587,0,0
1.94008665,0,1
1.9405866,0,0
1.9410863,0,1
1.9415863,0,0
1.94208605,0,1
1.94258605,0,0
1.9430858,0,1
1.9435858,0,0
1.9440856,0,1
1.94458565,0,0
1.9450854,0,1
1.9455854,0,0
1.9460851,0,1
1.9465851,0,0
1.94708485,0,1
1.9475848,0,0
1.94808455,0,1
1.9485845,0,0
1.9490842,0,1
1.9495842,0,0
1.9500839,0,1
1.9505838,0,0
1.95108355,0,1
1.9515835,0,0
1.9520832,0,1
1.95258315,0,0
1.9530829,0,1
1.9535829,0,0
1.95408265,0,1
1.95458265,0,0
1.9550824,0,1
1.9555824,0,0
1.9560822,0,1
1.95658215,0,0
1.95708195,0,1
1.95758195,0,0
1.95808175,0,1
1.9585818,0,0
1.95908155,0,1
1.95958155,0,0
1.9600813,0,1
1.96058135,0,0
1.96108115,0,1
1.9615812,0,0
1.96208095,0,1
1.96258095,0,0
1.9630807,0,1
1.9635807,0,0
1.96408045,0,1
1.9645804,0,0
1.9650801,0,1
1.96558015,0,0
1.96607985,0,1
1.9665798,0,0
1.96707955,0,1
1.9675795,0,0
1.9680792,0,1
1.96857915,0,0
1.9690789,0,1
1.9695789,0,0
1.97007865,0,1
1.9705786,0,0
1.97107835,0,1
1.97157835,0,0
1.97207805,0,1
1.97257805,0,0
1.9730778,0,1
1.9735778,0,0
1.9740775,0,1
1.97457745,0,0
1.97507725,0,1
1.9755772,0,0
1.97607695,0,1
1.97657695,0,0
1.9770767,0,1
1.9775767,0,0
1.9780764,0,1
1.9785764,0,0
1.97907615,0,1
1.97957615,0,0
1.9800759,0,1
1.9805759,0,0
1.98107565,0,1
1.9815756,0,0
1.98207535,0,1
1.9825753,0,0
1.98307505,0,1
1.98357495,0,0
1.98407465,0,1
1.98457465,0,0
1.9850744,0,1
1.98557435,0,0
1.9860741,0,1
1.98657405,0,0
1.9870737,0,1
1.98757365,0,0
1.98807335,0,1
1.98857335,0,0
1.98907305,0,1
1.989573,0,0
1.99007275,0,1
1.99057275,0,0
1.9910725,0,1
1.9915725,0,0
1.99207225,0,1
1.9925722,0,0
1.99307195,0,1
1.9935719,0,0
1.99407165,0,1
1.99457165,0,0
1.9950714,0,1
1.99557135,0,0
1.99607105,0,1
1.996571,0,0
1.9970708,0,1
1.9975708,0,0
1.99807055,0,1
1.9985706,0,0
1.99907035,0,1
1.99957035,0,0
2.0000701,0,1
2.00057005,0,0
2.0010698,0,1
2.0015698,0,0
2.00206955,0,1
2.00256955,0,0
2.0030693,0,1
2.0035693,0,0
2.00406905,0,1
2.00456905,0,0
2.0050688,0,1
2.00556875,0,0
2.0060685,0,1
2.0065685,0,0
2.00706825,0,1
2.0075683,0,0
2.0080681,0,1
2.0085681,0,0
2.00906785,0,1
2.00956785,0,0
2.01006755,0,1
2.01056755,0,0
2.01106725,0,1
2.01156725,0,0
2.01206705,0,1
2.0125671,0,0
2.01306685,0,1
2.0135668,0,0
2.01406655,0,1
2.01456655,0,0
2.01506635,0,1
2.01556635,0,0
2.0160661,0,1
2.0165661,0,0
2.0170659,0,1
2.01756595,0,0
2.0180658,0,1
2.0185658,0,0
2.0190656,0,1
2.0195656,0,0
2.0200654,0,1
2.0205654,0,0
2.02106515,0,1
2.02156515,0,0
2.0220649,0,1
2.0225649,0,0
2.02306465,0,1
2.0235646,0,0
2.02406435,0,1
2.02456425,0,0
2.02506395,0,1
2.02556395,0,0
2.02606365,0,1
2.0265636,0,0
2.02706335,0,1
2.02756325,0,0
2.028063,0,1
2.02856295,0,0
2.02906265,0,1
2.02956265,0,0
2.0300624,0,1
2.0305624,0,0
2.03106215,0,1
2.03156215,0,0
2.0320619,0,1
2.03256185,0,0
2.0330616,0,1
2.03356155,0,0
2.03406125,0,1
2.03456125,0,0
2.03506095,0,1
2.03556105,0,0
2.0360606,0,1
2.03656055,0,0
2.0370603,0,1
2.0375603,0,0
2.03806005,0,1
2.03856005,0,0
2.0390598,0,1
2.03955975,0,0
2.04005945,0,1
2.0405594,0,0
2.0410591,0,1
2.04155905,0,0
2.04205875,0,1
2.0425587,0,0
2.0430584,0,1
2.0435584,0,0
2.0440581,0,1
2.0445581,0,0
2.0450578,0,1
2.0455578,0,0
2.04605755,0,1
2.0465575,0,0
2.0470572,0,1
2.0475572,0,0
2.04805695,0,1
2.048557,0,0
2.04905675,0,1
2.0495568,0,0
2.05005655,0,1
2.05055655,0,0
2.0510563,0,1
2.0515563,0,0
2.05205605,0,1
2.05255605,0,0
2.0530558,0,1
2.05355575,0,0
2.0540555,0,1
2.0545555,0,0
2.05505525,0,1
2.0555552,0,0
2.05605495,0,1
2.05655495,0,0
2.0570547,0,1
2.0575547,0,0
2.05805445,0,1
2.0585544,0,0
2.05905415,0,1
2.0595541,0,0
2.06005385,0,1
2.06055385,0,0
2.06105355,0,1
2.0615535,0,0
2.06205325,0,1
2.06255325,0,0
2.063053,0,1
2.063553,0,0
2.06405275,0,1
2.0645527,0,0
2.0650525,0,1
2.06555245,0,0
2.0660522,0,1
2.06655215,0,0
2.0670519,0,1
2.0675519,0,0
2.06805165,0,1
2.0685516,0,0
2.06905135,0,1
2.0695513,0,0
2.07005105,0,1
2.070551,0,0
2.07105075,0,1
2.0715507,0,0
2.0720504,0,1
2.07255045,0,0
2.07305025,0,1
2.07355025,0,0
2.07405,0,1
2.07455,0,0
2.07504975,0,1
2.07554975,0,0
2.0760495,0,1
2.0765495,0,0
2.07704925,0,1
2.07754925,0,0
2.07804895,0,1
2.0785489,0,0
2.07904865,0,1
2.0795486,0,0
2.08004835,0,1
2.08054835,0,0
2.08104805,0,1
2.081548,0,0
2.0820477,0,1
2.08254775,0,0
2.0830475,0,1
2.0835475,0,0
2.08404725,0,1
2.08454725,0,0
2.08504695,0,1
2.08554695,0,0
2.0860467,0,1
2.0865467,0,0
2.0870464,0,1
2.0875464,0,0
2.0880461,0,1
2.08854605,0,0
2.08904575,0,1
2.08954565,0,0
2.0900454,0,1
2.09054535,0,0
2.091045,0,1
2.0915449,0,0
2.0920446,0,1
2.09254455,0,0
2.09304425,0,1
2.0935442,0,0
2.0940439,0,1
2.09454385,0,0
2.0950436,0,1
2.0955435,0,0
2.0960432,0,1
2.09654315,0,0
2.09704285,0,1
2.0975428,0,0
2.0980425,0,1
2.09854245,0,0
2.09904215,0,1
2.09954215,0,0
2.1000418,0,1
2.10054175,0,0
2.10104145,0,1
2.1015414,0,0
2.1020411,0,1
2.10254105,0,0
2.10304075,0,1
2.1035407,0,0
2.1040404,0,1
2.1045404,0,0
2.1050401,0,1
2.10554005,0,0
2.1060398,0,1
2.1065398,0,0
2.10703955,0,1
2.10753955,0,0
2.1080393,0,1
2.10853925,0,0
2.109039,0,1
2.109539,0,0
2.11003875,0,1
2.1105387,0,0
2.1110384,0,1
2.11153835,0,0
2.11203805,0,1
2.11253805,0,0
2.11303775,0,1
2.1135377,0,0
2.1140374,0,1
2.11453735,0,0
2.1150371,0,1
2.11553715,0,0
2.11603685,0,1
2.11653685,0,0
2.11703655,0,1
2.1175365,0,0
2.11803625,0,1
2.1185362,0,0
2.1190359,0,1
2.1195359,0,0
2.1200356,0,1
2.12053555,0,0
2.1210353,0,1
2.1215353,0,0
2.122035,0,1
2.12253495,0,0
2.12303465,0,1
2.12353465,0,0
2.12403435,0,1
2.1245343,0,0
2.12503405,0,1
2.125534,0,0
2.1260337,0,1
2.12653365,0,0
2.1270334,0,1
2.12753335,0,0
2.1280331,0,1
2.12853305,0,0
2.12903275,0,1
2.1295327,0,0
2.13003235,0,1
2.1305323,0,0
2.131032,0,1
2.1315319,0,0
2.13203165,0,1
2.1325316,0,0
2.1330313,0,1
2.1335313,0,0
2.13403105,0,1
2.13453105,0,0
2.1350308,0,1
2.1355308,0,0
2.1360306,0,1
2.13653065,0,0
2.13703035,0,1
2.13753035,0,0
2.13803015,0,1
2.1385302,0,0
2.13902995,0,1
2.13952995,0,0
2.1400297,0,1
2.1405297,0,0
2.14102945,0,1
2.1415295,0,0
2.14202925,0,1
2.1425292,0,0
2.14302895,0,1
2.143529,0,0
2.14402875,0,1
2.1445287,0,0
2.14502845,0,1
2.1455284,0,0
2.1460281,0,1
2.1465281,0,0
2.1470278,0,1
2.1475278,0,0
2.1480275,0,1
2.1485275,0,0
2.14902715,0,1
2.14952715,0,0
2.1500269,0,1
2.1505268,0,0
2.15102655,0,1
2.1515265,0,0
2.1520262,0,1
2.15252615,0,0
2.15302585,0,1
2.1535258,0,0
2.1540255,0,1
2.1545255,0,0
2.15502525,0,1
2.1555252,0,0
2.15602495,0,1
2.1565249,0,0
2.15702465,0,1
2.1575246,0,0
2.15802435,0,1
2.1585243,0,0
2.159024,0,1
2.15952395,0,0
2.1600237,0,1
2.16052365,0,0
2.1610234,0,1
2.1615234,0,0
2.1620231,0,1
2.16252305,0,0
2.1630228,0,1
2.1635228,0,0
2.1640225,0,1
2.16452245,0,0
2.1650222,0,1
2.16552225,0,0
2.16602195,0,1
2.16652195,0,0
2.16702165,0,1
2.16752165,0,0
2.1680214,0,1
2.16852135,0,0
2.1690211,0,1
2.16952105,0,0
2.17002075,0,1
2.1705207,0,0
2.1710204,0,1
2.17152035,0,0
2.17202005,0,1
2.17252,0,0
2.1730197,0,1
2.17351965,0,0
2.17401935,0,1
2.17451925,0,0
2.17501895,0,1
2.17551885,0,0
2.17601855,0,1
2.17651845,0,0
2.1770181,0,1
2.177518,0,0
2.1780177,0,1
2.17851765,0,0
2.17901735,0,1
2.17951725,0,0
2.18001695,0,1
2.18051685,0,0
2.18101655,0,1
2.18151645,0,0
2.1820161,0,1
2.18251605,0,0
2.1830157,0,1
2.1835156,0,0
2.1840153,0,1
2.1845152,0,0
2.1850149,0,1
2.1855148,0,0
2.1860145,0,1
2.18651445,0,0
2.1870142,0,1
2.18751415,0,0
2.1880138,0,1
2.18851375,0,0
2.1890134,0,1
2.1895134,0,0
2.19001305,0,1
2.190513,0,0
2.1910127,0,1
2.1915127,0,0
2.1920124,0,1
2.1925124,0,0
2.19301215,0,1
2.1935121,0,0
2.19401185,0,1
2.1945118,0,0
2.1950115,0,1
2.1955115,0,0
2.19601125,0,1
2.1965112,0,0
2.19701095,0,1
2.1975109,0,0
2.19801065,0,1
2.1985106,0,0
2.1990103,0,1
2.19951025,0,0
2.20001,0,1
2.20050995,0,0
2.2010096,0,1
2.20150955,0,0
2.20200925,0,1
2.20250925,0,0
2.20300895,0,1
2.20350885,0,0
2.2040085,0,1
2.20450845,0,0
2.20500815,0,1
2.20550815,0,0
2.2060079,0,1
2.20650785,0,0
2.20700755,0,1
2.2075075,0,0
2.20800725,0,1
2.20850715,0,0
2.20900685,0,1
2.20950685,0,0
2.2100066,0,1
2.21050655,0,0
2.2110063,0,1
2.21150635,0,0
2.21200605,0,1
2.212506,0,0
2.2130057,0,1
2.2135057,0,0
2.2140054,0,1
2.2145054,0,0
2.2150051,0,1
2.21550505,0,0
2.2160048,0,1
2.2165048,0,0
2.2170045,0,1
2.21750445,0,0
2.21800415,0,1
2.21850415,0,0
2.21900385,0,1
2.2195038,0,0
2.2200035,0,1
2.22050345,0,0
2.22100315,0,1
2.22150315,0,0
2.2220029,0,1
2.22250285,0,0
2.2230026,0,1
2.2235026,0,0
2.22400235,0,1
2.2245023,0,0
2.2250021,0,1
2.22550205,0,0
2.22600175,0,1
2.22650175,0,0
2.22700145,0,1
2.22750145,0,0
2.22800115,0,1
2.2285011,0,0
2.22900085,0,1
2.2295008,0,0
2.23000055,0,1
2.23050055,0,0
2.23100025,0,1
2.2315002,0,0
2.23199995,0,1
2.23249995,0,0
2.23299965,0,1
2.23349965,0,0
2.2339994,0,1
2.23449935,0,0
2.23499905,0,1
2.23549905,0,0
2.23599875,0,1
2.2364987,0,0
2.2369984,0,1
2.23749835,0,0
2.23799805,0,1
2.238498,0,0
2.2389977,0,1
2.23949775,0,0
2.2399974,0,1
2.2404974,0,0
2.2409972,0,1
2.24149725,0,0
2.24199705,0,1
2.24249705,0,0
2.24299685,0,1
2.24349685,0,0
2.24399665,0,1
2.2444967,0,0
2.24499655,0,1
2.2454966,0,0
2.24599635,0,1
2.2464964,0,0
2.2469962,0,1
2.24749625,0,0
2.247996,0,1
2.24849605,0,0
2.24899585,0,1
2.2494959,0,0
2.2499956,0,1
2.2504956,0,0
2.25099535,0,1
2.25149535,0,0
2.2519951,0,1
2.2524951,0,0
2.25299485,0,1
2.2534948,0,0
2.25399455,0,1
2.25449455,0,0
2.2549943,0,1
2.2554943,0,0
2.25599405,0,1
2.2564941,0,0
2.25699385,0,1
2.25749385,0,0
2.25799365,0,1
2.2584936,0,0
2.25899335,0,1
2.2594934,0,0
2.25999315,0,1
2.2604931,0,0
2.26099285,0,1
2.2614928,0,0
2.2619926,0,1
2.2624926,0,0
2.2629924,0,1
2.26349245,0,0
2.26399225,0,1
2.26449225,0,0
2.26499205,0,1
2.2654921,0,0
2.2659919,0,1
2.2664919,0,0
2.2669917,0,1
2.2674917,0,0
2.2679915,0,1
2.26849155,0,0
2.26899135,0,1
2.26949145,0,0
2.2699912,0,1
2.2704912,0,0
2.27099095,0,1
2.27149095,0,0
2.27199075,0,1
2.27249075,0,0
2.2729905,0,1
2.2734906,0,0
2.27399045,0,1
2.2744905,0,0
2.2749903,0,1
2.27549035,0,0
2.27599015,0,1
2.27649015,0,0
2.27698985,0,1
2.27748985,0,0
2.2779896,0,1
2.27848965,0,0
2.27898945,0,1
2.2794895,0,0
2.2799893,0,1
2.2804893,0,0
2.2809891,0,1
2.2814891,0,0
2.28198885,0,1
2.2824889,0,0
2.2829887,0,1
2.28348875,0,0
2.28398855,0,1
2.28448865,0,0
2.28498845,0,1
2.2854885,0,0
2.2859883,0,1
2.2864884,0,0
2.28698825,0,1
2.2874883,0,0
2.28798815,0,1
2.2884882,0,0
2.288988,0,1
2.2894881,0,0
2.28998795,0,1
2.290488,0,0
2.2909878,0,1
2.29148785,0,0
2.29198765,0,1
2.2924877,0,0
2.29298745,0,1
2.2934875,0,0
2.2939873,0,1
2.2944874,0,0
2.29498715,0,1
2.29548715,0,0
2.29598695,0,1
2.29648695,0,0
2.29698675,0,1
2.29748685,0,0
2.29798665,0,1
2.29848675,0,0
2.29898655,0,1
2.2994866,0,0
2.2999864,0,1
2.3004865,0,0
2.3009863,0,1
2.30148635,0,0
2.30198615,0,1
2.30248615,0,0
2.30298585,0,1
2.3034859,0,0
2.3039857,0,1
2.30448575,0,0
2.30498555,0,1
2.3054856,0,0
2.3059854,0,1
2.30648545,0,0
2.3069852,0,1
2.3074852,0,0
2.3079849,0,1
2.3084849,0,0
2.3089846,0,1
2.30948465,0,0
2.30998445,0,1
2.3104845,0,0
2.3109843,0,1
2.31148425,0,0
2.311984,0,1
2.312484,0,0
2.31298375,0,1
2.3134837,0,0
2.31398355,0,1
2.31448355,0,0
2.3149834,0,1
2.3154835,0,0
2.3159833,0,1
2.31648335,0,0
2.31698315,0,1
2.31748325,0,0
2.31798305,0,1
2.3184831,0,0
2.3189829,0,1
2.319483,0,0
2.3199828,0,1
2.32048285,0,0
2.3209826,0,1
2.32148265,0,0
2.32198245,0,1
2.3224825,0,0
2.3229823,0,1
2.32348235,0,0
2.3239821,0,1
2.32448215,0,0
2.32498195,0,1
2.32548195,0,0
2.3259818,0,1
2.3264818,0,0
2.32698155,0,1
2.32748155,0,0
2.3279813,0,1
2.3284813,0,0
2.3289811,0,1
2.3294811,0,0
2.32998085,0,1
2.33048085,0,0
2.3309807,0,1
2.3314807,0,0
2.33198045,0,1
2.3324805,0,0
2.3329803,0,1
2.3334803,0,0
2.3339801,0,1
2.33448005,0,0
2.33497975,0,1
2.3354797,0,0
2.3359794,0,1
2.33647935,0,0
2.3369791,0,1
2.3374791,0,0
2.33797885,0,1
2.3384789,0,0
2.33897875,0,1
2.33947875,0,0
2.33997855,0,1
2.3404786,0,0
2.34097835,0,1
2.34147835,0,0
2.3419781,0,1
2.3424781,0,0
2.34297785,0,1
2.34347785,0,0
2.3439776,0,1
2.34447755,0,0
2.3449773,0,1
2.3454773,0,0
2.34597705,0,1
2.34647705,0,0
2.3469768,0,1
2.3474768,0,0
2.34797655,0,1
2.3484766,0,0
2.34897635,0,1
2.3494764,0,0
2.3499762,0,1
2.35047625,0,0
2.3509761,0,1
2.3514762,0,0
2.35197605,0,1
2.3524761,0,0
2.35297595,0,1
2.35347605,0,0
2.3539759,0,1
2.354476,0,0
2.3549758,0,1
2.35547585,0,0
2.3559757,0,1
2.3564757,0,0
2.35697555,0,1
2.3574756,0,0
2.35797545,0,1
2.3584755,0,0
2.35897535,0,1
2.35947535,0,0
2.35997515,0,1
2.3604752,0,0
2.360975,0,1
2.3614751,0,0
2.3619749,0,1
2.36247495,0,0
2.3629748,0,1
2.3634749,0,0
2.3639747,0,1
2.3644747,0,0
2.3649745,0,1
2.3654745,0,0
2.3659743,0,1
2.3664744,0,0
2.3669742,0,1
2.3674743,0,0
2.3679742,0,1
2.36847425,0,0
2.3689741,0,1
2.36947415,0,0
2.369974,0,1
2.37047415,0,0
2.37097395,0,1
2.37147405,0,0
2.3719739,0,1
2.37247395,0,0
2.3729738,0,1
2.37347385,0,0
2.37397365,0,1
2.37447375,0,0
2.37497355,0,1
2.37547365,0,0
2.37597345,0,1
2.3764735,0,0
2.37697335,0,1
2.3774734,0,0
2.37797325,0,1
2.37847335,0,0
2.37897315,0,1
2.37947325,0,0
2.37997305,0,1
2.38047315,0,0
2.38097295,0,1
2.38147305,0,0
2.3819729,0,1
2.38247295,0,0
2.3829728,0,1
2.3834729,0,0
2.3839728,0,1
2.3844729,0,0
2.3849728,0,1
2.3854729,0,0
2.3859728,0,1
2.3864729,0,0
2.3869727,0,1
2.3874728,0,0
2.38797265,0,1
2.38847275,0,0
2.3889726,0,1
2.38947265,0,0
2.38997255,0,1
2.39047265,0,0
2.39097245,0,1
2.3914725,0,0
2.3919723,0,1
2.39247235,0,0
2.39297215,0,1
2.3934722,0,0
2.393972,0,1
2.39447205,0,0
2.39497185,0,1
2.3954719,0,0
2.39597175,0,1
2.3964718,0,0
2.3969716,0,1
2.3974717,0,0
2.3979715,0,1
2.39847145,0,0
2.3989712,0,1
2.39947125,0,0
2.39997105,0,1
2.4004711,0,0
2.40097095,0,1
2.401471,0,0
2.40197075,0,1
2.4024708,0,0
2.4029706,0,1
2.4034707,0,0
2.4039705,0,1
2.40447055,0,0
2.40497045,0,1
2.40547055,0,0
2.4059704,0,1
2.40647045,0,0
2.4069703,0,1
2.4074704,0,0
2.40797025,0,1
2.4084703,0,0
2.4089701,0,1
2.40947015,0,0
2.40997,0,1
2.41047,0,0
2.41096985,0,1
2.4114699,0,0
2.4119697,0,1
2.41246985,0,0
2.4129697,0,1
2.4134698,0,0
2.41396965,0,1
2.4144697,0,0
2.41496955,0,1
2.4154696,0,0
2.41596945,0,1
2.4164695,0,0
2.41696935,0,1
2.4174694,0,0
2.4179692,0,1
2.4184693,0,0
2.4189691,0,1
2.4194692,0,0
2.419969,0,1
2.42046905,0,0
2.4209689,0,1
2.42146895,0,0
2.4219688,0,1
2.42246895,0,0
2.4229688,0,1
2.4234689,0,0
2.4239687,0,1
2.4244688,0,0
2.4249686,0,1
2.42546865,0,0
2.42596845,0,1
2.4264685,0,0
2.42696825,0,1
2.4274683,0,0
2.42796815,0,1
2.42846825,0,0
2.42896805,0,1
2.42946815,0,0
2.42996795,0,1
2.43046805,0,0
2.43096785,0,1
2.4314679,0,0
2.43196775,0,1
2.43246785,0,0
2.43296765,0,1
2.43346775,0,0
2.4339676,0,1
2.43446765,0,0
2.4349675,0,1
2.43546765,0,0
2.4359675,0,1
2.43646755,0,0
2.4369674,0,1
2.43746745,0,0
2.43796735,0,1
2.43846745,0,0
2.43896725,0,1
2.43946735,0,0
2.43996715,0,1
2.4404672,0,0
2.44096705,0,1
2.44146715,0,0
2.441967,0,1
2.44246705,0,0
2.4429669,0,1
2.4434671,0,0
2.44396685,0,1
2.444467,0,0
2.44496685,0,1
2.44546695,0,0
2.44596685,0,1
2.446467,0,0
2.44696685,0,1
2.44746695,0,0
2.4479668,0,1
2.44846695,0,0
2.4489668,0,1
2.4494669,0,0
2.44996675,0,1
2.4504669,0,0
2.4509668,0,1
2.45146695,0,0
2.45196685,0,1
2.452467,0,0
2.4529669,0,1
2.453467,0,0
2.45396685,0,1
2.45446695,0,0
2.45496685,0,1
2.455467,0,0
2.4559668,0,1
2.4564669,0,0
2.45696675,0,1
2.4574668,0,0
2.4579666,0,1
2.4584667,0,0
2.4589665,0,1
2.4594666,0,0
2.45996645,0,1
2.46046655,0,0
2.46096645,0,1
2.46146655,0,0
2.4619664,0,1
2.46246655,0,0
2.4629664,0,1
2.4634665,0,0
2.46396635,0,1
2.4644664,0,0
2.46496625,0,1
2.46546635,0,0
2.46596615,0,1
2.46646625,0,0
2.466966,0,1
2.46746605,0,0
2.4679659,0,1
2.46846595,0,0
2.4689658,0,1
2.4694659,0,0
2.46996575,0,1
2.4704658,0,0
2.47096565,0,1
2.47146565,0,0
2.47196545,0,1
2.47246555,0,0
2.4729654,0,1
2.4734655,0,0
2.4739654,0,1
2.47446545,0,0
2.47496525,0,1
2.47546535,0,0
2.47596515,0,1
2.4764652,0,0
2.476965,0,1
2.4774649,0,0
2.4779647,0,1
2.4784647,0,0
2.47896455,0,1
2.4794646,0,0
2.4799644,0,1
2.48046445,0,0
2.48096425,0,1
2.4814643,0,0
2.4819641,0,1
2.4824642,0,0
2.482964,0,1
2.48346405,0,0
2.48396395,0,1
2.4844641,0,0
2.4849639,0,1
2.48546405,0,0
2.4859639,0,1
2.486464,0,0
2.4869639,0,1
2.48746405,0,0
2.48796395,0,1
2.488464,0,0
2.48896385,0,1
2.4894639,0,0
2.48996375,0,1
2.4904638,0,0
2.49096365,0,1
2.49146375,0,0
2.4919636,0,1
2.49246375,0,0
2.4929636,0,1
2.49346365,0,0
2.49396355,0,1
2.49446365,0,0
2.4949635,0,1
2.49546365,0,0
2.4959635,0,1
2.4964636,0,0
2.49696345,0,1
2.49746355,0,0
2.49796335,0,1
2.49846345,0,0
2.49896325,0,1
2.4994633,0,0
2.49996315,0,1
2.50046325,0,0
2.50096315,0,1
2.5014633,0,0
2.50196315,0,1
2.50246325,0,0
2.5029631,0,1
2.5034632,0,0
2.50396305,0,1
2.5044632,0,0
2.50496305,0,1
2.5054632,0,0
2.5059631,0,1
2.5064633,0,0
2.5069632,0,1
2.50746335,0,0
2.5079632,0,1
2.50846335,0,0
2.5089633,0,1
2.5094634,0,0
2.5099632,0,1
2.5104633,0,0
2.51096315,0,1
2.51146325,0,0
2.5119631,0,1
2.51246325,0,0
2.5129631,0,1
2.5134632,0,0
2.5139631,0,1
2.51446325,0,0
2.5149631,0,1
2.51546325,0,0
2.5159631,0,1
2.5164632,0,0
2.5169631,0,1
2.5174632,0,0
2.5179631,0,1
2.5184632,0,0
2.518963,0,1
2.51946315,0,0
2.519963,0,1
2.52046315,0,0
2.520963,0,1
2.5214631,0,0
2.52196295,0,1
2.522463,0,0
2.52296285,0,1
2.5234629,0,0
2.52396275,0,1
2.5244628,0,0
2.52496265,0,1
2.5254627,0,0
2.52596255,0,1
2.52646265,0,0
2.5269625,0,1
2.5274626,0,0
2.5279624,0,1
2.5284625,0,0
2.5289623,0,1
2.5294624,0,0
2.5299622,0,1
2.5304623,0,0
2.5309621,0,1
2.53146215,0,0
2.53196195,0,1
2.532462,0,0
2.5329618,0,1
2.5334619,0,0
2.53396175,0,1
2.53446185,0,0
2.5349617,0,1
2.53546175,0,0
2.5359616,0,1
2.5364617,0,0
2.5369616,0,1
2.53746165,0,0
2.5379615,0,1
2.53846155,0,0
2.53896135,0,1
2.53946145,0,0
2.5399613,0,1
2.54046135,0,0
2.54096115,0,1
2.54146125,0,0
2.5419611,0,1
2.5424612,0,0
2.542961,0,1
2.5434611,0,0
2.5439609,0,1
2.544461,0,0
2.5449608,0,1
2.5454609,0,0
2.5459607,0,1
2.5464608,0,0
2.5469606,0,1
2.54746065,0,0
2.54796045,0,1
2.54846055,0,0
2.5489604,0,1
2.5494605,0,0
2.54996035,0,1
2.5504605,0,0
2.5509603,0,1
2.55146035,0,0
2.55196015,0,1
2.5524602,0,0
2.55296,0,1
2.5534601,0,0
2.55395995,0,1
2.5544601,0,0
2.55496,0,1
2.5554601,0,0
2.55595995,0,1
2.55646,0,0
2.5569598,0,1
2.5574599,0,0
2.5579597,0,1
2.5584598,0,0
2.5589596,0,1
2.5594597,0,0
2.55995955,0,1
2.56045965,0,0
2.56095945,0,1
2.56145955,0,0
2.5619594,0,1
2.5624595,0,0
2.56295935,0,1
2.56345945,0,0
2.5639593,0,1
2.5644594,0,0
2.56495925,0,1
2.5654594,0,0
2.5659592,0,1
2.56645935,0,0
2.56695915,0,1
2.56745925,0,0
2.56795915,0,1
2.5684593,0,0
2.56895915,0,1
2.56945925,0,0
2.56995905,0,1
2.57045915,0,0
2.570959,0,1
2.5714591,0,0
2.571959,0,1
2.5724591,0,0
2.57295895,0,1
2.573459,0,0
2.5739589,0,1
2.574459,0,0
2.57495885,0,1
2.575459,0,0
2.5759588,0,1
2.57645895,0,0
2.57695875,0,1
2.57745885,0,0
2.5779587,0,1
2.57845885,0,0
2.5789587,0,1
2.5794588,0,0
2.57995865,0,1
2.5804588,0,0
2.5809587,0,1
2.5814588,0,0
2.58195865,0,1
2.58245875,0,0
2.5829586,0,1
2.58345875,0,0
2.5839586,0,1
2.58445875,0,0
2.5849586,0,1
2.5854587,0,0
2.58595855,0,1
2.58645865,0,0
2.58695855,0,1
2.58745865,0,0
2.58795845,0,1
2.58845855,0,0
2.5889584,0,1
2.5894585,0,0
2.5899584,0,1
2.59045845,0,0
2.5909583,0,1
2.59145835,0,0
2.5919582,0,1
2.5924583,0,0
2.5929582,0,1
2.5934583,0,0
2.59395815,0,1
2.5944582,0,0
2.5949581,0,1
2.5954582,0,0
2.59595805,0,1
2.5964581,0,0
2.59695795,0,1
2.597458,0,0
2.59795785,0,1
2.5984579,0,0
2.59895775,0,1
2.59945785,0,0
2.59995775,0,1
2.6004578,0,0
2.6009577,0,1
2.6014578,0,0
2.60195765,0,1
2.60245775,0,0
2.6029576,0,1
2.60345775,0,0
2.6039576,0,1
2.60445775,0,0
2.6049576,0,1
2.60545775,0,0
2.60595765,0,1
2.6064578,0,0
2.60695765,0,1
2.60745775,0,0
2.6079576,0,1
2.6084577,0,0
2.60895755,0,1
2.6094577,0,0
2.60995755,0,1
2.61045765,0,0
2.6109575,0,1
2.6114576,0,0
2.61195745,0,1
2.61245755,0,0
2.6129574,0,1
2.6134575,0,0
2.6139573,0,1
2.61445735,0,0
2.6149572,0,1
2.6154573,0,0
2.6159571,0,1
2.61645715,0,0
2.616957,0,1
2.61745705,0,0
2.6179569,0,1
2.61845695,0,0
2.6189568,0,1
2.6194569,0,0
2.61995675,0,1
2.6204568,0,0
2.6209566,0,1
2.62145665,0,0
2.6219565,0,1
2.62245655,0,0
2.6229564,0,1
2.6234564,0,0
2.6239561,0,1
2.62445615,0,0
2.6249559,0,1
2.62545595,0,0
2.62595565,0,1
2.6264557,0,0
2.62695545,0,1
2.6274555,0,0
2.62795535,0,1
2.6284554,0,0
2.6289552,0,1
2.6294553,0,0
2.6299551,0,1
2.6304552,0,0
2.630955,0,1
2.6314551,0,0
2.6319549,0,1
2.63245495,0,0
2.63295475,0,1
2.6334548,0,0
2.6339546,0,1
2.6344546,0,0
2.6349544,0,1
2.63545445,0,0
2.63595425,0,1
2.63645425,0,0
2.6369541,0,1
2.63745415,0,0
2.63795395,0,1
2.63845405,0,0
2.6389539,0,1
2.63945395,0,0
2.6399538,0,1
2.64045385,0,0
2.64095365,0,1
2.64145375,0,0
2.64195355,0,1
2.6424536,0,0
2.6429534,0,1
2.64345345,0,0
2.6439533,0,1
2.64445335,0,0
2.6449532,0,1
2.64545325,0,0
2.64595305,0,1
2.64645315,0,0
2.64695295,0,1
2.64745305,0,0
2.6479529,0,1
2.648453,0,0
2.64895285,0,1
2.6494529,0,0
2.64995275,0,1
2.65045285,0,0
2.65095265,0,1
2.65145275,0,0
2.6519526,0,1
2.6524527,0,0
2.65295255,0,1
2.6534526,0,0
2.65395245,0,1
2.6544525,0,0
2.65495225,0,1
2.6554523,0,0
2.6559521,0,1
2.65645215,0,0
2.6569519,0,1
2.657452,0,0
2.6579518,0,1
2.6584519,0,0
2.65895175,0,1
2.6594518,0,0
2.65995165,0,1
2.6604517,0,0
2.66095155,0,1
2.66145165,0,0
2.6619515,0,1
2.6624516,0,0
2.6629514,0,1
2.66345145,0,0
2.6639513,0,1
2.66445135,0,0
2.6649512,0,1
2.6654513,0,0
2.6659511,0,1
2.6664512,0,0
2.666951,0,1
2.6674511,0,0
2.6679509,0,1
2.668451,0,0
2.6689508,0,1
2.6694509,0,0
2.6699507,0,1
2.67045075,0,0
2.6709506,0,1
2.6714506,0,0
2.6719504,0,1
2.67245045,0,0
2.6729503,0,1
2.67345035,0,0
2.6739502,0,1
2.67445025,0,0
2.6749501,0,1
2.67545015,0,0
2.67594995,0,1
2.67645005,0,0
2.67694985,0,1
2.6774499,0,0
2.6779497,0,1
2.67844975,0,0
2.67894955,0,1
2.67944965,0,0
2.67994945,0,1
2.6804495,0,0
2.6809493,0,1
2.68144935,0,0
2.6819492,0,1
2.6824493,0,0
2.6829491,0,1
2.68344915,0,0
2.68394895,0,1
2.684449,0,0
2.6849488,0,1
2.68544885,0,0
2.6859487,0,1
2.6864488,0,0
2.68694865,0,1
2.68744875,0,0
2.68794855,0,1
2.68844865,0,0
2.6889485,0,1
2.68944855,0,0
2.6899484,0,1
2.6904485,0,0
2.69094835,0,1
2.6914484,0,0
2.69194825,0,1
2.6924483,0,0
2.6929481,0,1
2.6934482,0,0
2.693948,0,1
2.6944481,0,0
2.69494795,0,1
2.695448,0,0
2.69594785,0,1
2.69644795,0,0
2.6969478,0,1
2.6974479,0,0
2.69794775,0,1
2.6984478,0,0
2.6989476,0,1
2.69944765,0,0
2.6999475,0,1
2.70044755,0,0
2.70094735,0,1
2.70144735,0,0
2.7019472,0,1
2.70244725,0,0
2.7029471,0,1
2.70344715,0,0
2.70394695,0,1
2.704447,0,0
2.70494675,0,1
2.7054468,0,0
2.7059466,0,1
2.7064466,0,0
2.70694635,0,1
2.7074464,0,0
2.70794615,0,1
2.70844625,0,0
2.7089461,0,1
2.7094462,0,0
2.709946,0,1
2.7104461,0,0
2.7109459,0,1
2.7114459,0,0
2.71194565,0,1
2.7124457,0,0
2.71294545,0,1
2.7134455,0,0
2.71394535,0,1
2.7144454,0,0
2.7149452,0,1
2.71544525,0,0
2.71594505,0,1
2.71644505,0,0
2.71694485,0,1
2.71744485,0,0
2.71794465,0,1
2.71844465,0,0
2.71894445,0,1
2.7194445,0,0
2.7199443,0,1
2.72044435,0,0
2.72094415,0,1
2.72144425,0,0
2.72194405,0,1
2.7224441,0,0
2.7229439,0,1
2.7234439,0,0
2.72394375,0,1
2.7244438,0,0
2.7249436,0,1
2.7254437,0,0
2.7259435,0,1
2.72644355,0,0
2.7269434,0,1
2.7274435,0,0
2.72794335,0,1
2.72844345,0,0
2.72894325,0,1
2.72944335,0,0
2.7299432,0,1
2.73044325,0,0
2.7309431,0,1
2.73144315,0,0
2.73194295,0,1
2.73244295,0,0
2.73294275,0,1
2.7334428,0,0
2.73394255,0,1
2.73444255,0,0
2.73494235,0,1
2.73544245,0,0
2.73594225,0,1
2.73644225,0,0
2.73694205,0,1
2.7374421,0,0
2.7379419,0,1
2.73844195,0,0
2.7389417,0,1
2.73944175,0,0
2.73994155,0,1
2.74044165,0,0
2.74094145,0,1
2.7414415,0,0
2.7419413,0,1
2.74244135,0,0
2.7429412,0,1
2.74344125,0,0
2.74394105,0,1
2.74444115,0,0
2.74494095,0,1
2.74544105,0,0
2.74594085,0,1
2.74644095,0,0
2.74694075,0,1
2.7474408,0,0
2.74794065,0,1
2.74844075,0,0
2.7489406,0,1
2.7494407,0,0
2.74994055,0,1
2.7504406,0,0
2.75094045,0,1
2.7514405,0,0
2.7519403,0,1
2.7524404,0,0
2.7529402,0,1
2.7534403,0,0
2.7539401,0,1
2.7544402,0,0
2.75494005,0,1
2.75544015,0,0
2.75594,0,1
2.7564401,0,0
2.75693995,0,1
2.75744005,0,0
2.7579399,0,1
2.75844,0,0
2.75893985,0,1
2.7594399,0,0
2.7599397,0,1
2.76043975,0,0
2.76093955,0,1
2.7614396,0,0
2.7619394,0,1
2.76243945,0,0
2.7629392,0,1
2.76343915,0,0
2.7639389,0,1
2.76443895,0,0
2.76493875,0,1
2.7654388,0,0
2.7659386,0,1
2.7664387,0,0
2.7669385,0,1
2.7674386,0,0
2.7679384,0,1
2.7684385,0,0
2.7689383,0,1
2.7694384,0,0
2.7699382,0,1
2.77043825,0,0
2.7709381,0,1
2.7714382,0,0
2.771938,0,1
2.77243805,0,0
2.77293785,0,1
2.7734379,0,0
2.7739377,0,1
2.77443775,0,0
2.7749375,0,1
2.77543755,0,0
2.77593735,0,1
2.7764374,0,0
2.77693715,0,1
2.7774372,0,0
2.77793695,0,1
2.77843695,0,0
2.77893675,0,1
2.7794368,0,0
2.77993655,0,1
2.7804365,0,0
2.7809363,0,1
2.7814363,0,0
2.7819361,0,1
2.78243615,0,0
2.78293595,0,1
2.783436,0,0
2.7839358,0,1
2.78443585,0,0
2.78493565,0,1
2.78543565,0,0
2.78593545,0,1
2.7864355,0,0
2.78693535,0,1
2.78743545,0,0
2.78793525,0,1
2.78843525,0,0
2.78893505,0,1
2.7894351,0,0
2.7899349,0,1
2.790435,0,0
2.7909348,0,1
2.79143485,0,0
2.79193465,0,1
2.7924347,0,0
2.7929345,0,1
2.7934345,0,0
2.7939343,0,1
2.79443435,0,0
2.7949341,0,1
2.79543415,0,0
2.79593395,0,1
2.79643395,0,0
2.79693365,0,1
2.7974337,0,0
2.7979335,0,1
2.7984335,0,0
2.7989333,0,1
2.79943335,0,0
2.79993315,0,1
2.80043315,0,0
2.8009329,0,1
2.8014329,0,0
2.8019327,0,1
2.8024327,0,0
2.80293245,0,1
2.8034325,0,0
2.8039323,0,1
2.8044323,0,0
2.80493205,0,1
2.8054321,0,0
2.80593185,0,1
2.80643185,0,0
2.8069316,0,1
2.8074316,0,0
2.8079314,0,1
2.8084314,0,0
2.80893115,0,1
2.8094312,0,0
2.8099309,0,1
2.81043095,0,0
2.81093075,0,1
2.8114308,0,0
2.8119306,0,1
2.81243065,0,0
2.81293035,0,1
2.81343035,0,0
2.8139301,0,1
2.8144301,0,0
2.81492985,0,1
2.81542985,0,0
2.81592965,0,1
2.81642965,0,0
2.8169294,0,1
2.81742945,0,0
2.81792925,0,1
2.8184293,0,0
2.8189291,0,1
2.81942915,0,0
2.8199289,0,1
2.8204289,0,0
2.82092865,0,1
2.8214286,0,0
2.82192835,0,1
2.82242835,0,0
2.8229281,0,1
2.82342815,0,0
2.82392795,0,1
2.82442795,0,0
2.82492775,0,1
2.8254278,0,0
2.8259276,0,1
2.8264277,0,0
2.82692745,0,1
2.8274275,0,0
2.82792725,0,1
2.82842725,0,0
2.82892705,0,1
2.829427,0,0
2.82992665,0,1
2.8304267,0,0
2.8309264,0,1
2.8314264,0,0
2.83192615,0,1
2.83242615,0,0
2.83292585,0,1
2.83342585,0,0
2.8339256,0,1
2.8344256,0,0
2.83492535,0,1
2.8354253,0,0
2.8359251,0,1
2.8364251,0,0
2.83692485,0,1
2.83742485,0,0
2.8379246,0,1
2.8384246,0,0
2.8389244,0,1
2.8394244,0,0
2.83992415,0,1
2.84042415,0,0
2.8409239,0,1
2.84142395,0,0
2.8419237,0,1
2.84242375,0,0
2.8429235,0,1
2.84342355,0,0
2.8439233,0,1
2.8444233,0,0
2.84492305,0,1
2.84542305,0,0
2.8459228,0,1
2.8464228,0,0
2.8469225,0,1
2.8474225,0,0
2.8479222,0,1
2.8484222,0,0
2.8489219,0,1
2.8494219,0,0
2.84992165,0,1
2.85042165,0,0
2.85092145,0,1
2.8514214,0,0
2.85192115,0,1
2.8524211,0,0
2.85292085,0,1
2.85342085,0,0
2.8539206,0,1
2.8544206,0,0
2.8549204,0,1
2.8554204,0,0
2.85592015,0,1
2.85642015,0,0
2.8569199,0,1
2.85742,0,0
2.85791975,0,1
2.8584197,0,0
2.85891945,0,1
2.85941945,0,0
2.85991915,0,1
2.86041915,0,0
2.86091885,0,1
2.8614188,0,0
2.86191855,0,1
2.86241855,0,0
2.86291825,0,1
2.86341825,0,0
2.86391795,0,1
2.86441795,0,0
2.86491765,0,1
2.86541755,0,0
2.8659173,0,1
2.86641725,0,0
2.86691695,0,1
2.86741695,0,0
2.86791665,0,1
2.8684166,0,0
2.8689163,0,1
2.86941625,0,0
2.8699159,0,1
2.87041585,0,0
2.8709155,0,1
2.8714154,0,0
2.87191515,0,1
2.8724151,0,0
2.8729148,0,1
2.87341475,0,0
2.8739144,0,1
2.87441435,0,0
2.87491405,0,1
2.875414,0,0
2.8759137,0,1
2.87641365,0,0
2.87691335,0,1
2.8774133,0,0
2.87791295,0,1
2.87841295,0,0
2.87891265,0,1
2.87941255,0,0
2.8799122,0,1
2.88041215,0,0
2.88091185,0,1
2.8814117,0,0
2.88191135,0,1
2.88241125,0,0
2.8829109,0,1
2.88341075,0,0
2.88391045,0,1
2.88441035,0,0
2.88491005,0,1
2.88541005,0,0
2.8859097,0,1
2.88640965,0,0
2.88690935,0,1
2.8874093,0,0
2.88790895,0,1
2.88840895,0,0
2.8889086,0,1
2.8894086,0,0
2.8899083,0,1
2.89040825,0,0
2.8909079,0,1
2.89140785,0,0
2.89190755,0,1
2.8924075,0,0
2.8929072,0,1
2.8934071,0,0
2.89390685,0,1
2.8944068,0,0
2.8949065,0,1
2.8954065,0,0
2.8959062,0,1
2.89640615,0,0
2.8969059,0,1
2.89740585,0,0
2.89790555,0,1
2.8984055,0,0
2.8989052,0,1
2.89940515,0,0
2.8999049,0,1
2.90040485,0,0
2.9009046,0,1
2.90140455,0,0
2.9019043,0,1
2.9024043,0,0
2.902904,0,1
2.903404,0,0
2.9039037,0,1
2.90440365,0,0
2.9049034,0,1
2.9054033,0,0
2.905903,0,1
2.90640295,0,0
2.90690265,0,1
2.9074026,0,0
2.90790235,0,1
2.9084023,0,0
2.90890205,0,1
2.909402,0,0
2.9099017,0,1
2.9104016,0,0
2.9109013,0,1
2.9114013,0,0
2.91190105,0,1
2.912401,0,0
2.91290075,0,1
2.9134007,0,0
2.9139004,0,1
2.9144003,0,0
2.9149,0,1
2.91539995,0,0
2.91589965,0,1
2.9163996,0,0
2.9168993,0,1
2.91739925,0,0
2.91789895,0,1
2.91839885,0,0
2.91889855,0,1
2.91939845,0,0
2.9198981,0,1
2.92039805,0,0
2.92089775,0,1
2.9213977,0,0
2.92189735,0,1
2.9223973,0,0
2.922897,0,1
2.92339695,0,0
2.92389665,0,1
2.9243966,0,0
2.92489625,0,1
2.9253962,0,0
2.92589595,0,1
2.9263959,0,0
2.92689565,0,1
2.9273956,0,0
2.9278953,0,1
2.92839525,0,0
2.928895,0,1
2.92939495,0,0
2.9298946,0,1
2.93039455,0,0
2.93089425,0,1
2.9313942,0,0
2.9318939,0,1
2.9323938,0,0
2.9328935,0,1
2.9333934,0,0
2.9338931,0,1
2.934393,0,0
2.93489265,0,1
2.93539255,0,0
2.93589225,0,1
2.9363922,0,0
2.93689185,0,1
2.9373918,0,0
2.9378915,0,1
2.9383914,0,0
2.93889105,0,1
2.93939095,0,0
2.9398906,0,1
2.94039055,0,0
2.94089025,0,1
2.9413902,0,0
2.9418899,0,1
2.9423899,0,0
2.9428896,0,1
2.9433896,0,0
2.9438893,0,1
2.94438925,0,0
2.94488895,0,1
2.94538895,0,0
2.94588865,0,1
2.9463886,0,0
2.9468883,0,1
2.94738825,0,0
2.947888,0,1
2.948388,0,0
2.94888775,0,1
2.94938775,0,0
2.94988745,0,1
2.95038745,0,0
2.95088725,0,1
2.9513873,0,0
2.95188705,0,1
2.952387,0,0
2.95288675,0,1
2.95338675,0,0
2.95388645,0,1
2.95438645,0,0
2.9548862,0,1
2.95538615,0,0
2.95588585,0,1
2.95638585,0,0
2.9568856,0,1
2.9573856,0,0
2.95788535,0,1
2.95838535,0,0
2.95888515,0,1
2.9593852,0,0
2.9598849,0,1
2.9603849,0,0
2.96088465,0,1
2.96138465,0,0
2.9618843,0,1
2.96238435,0,0
2.9628841,0,1
2.9633841,0,0
2.96388385,0,1
2.9643838,0,0
2.96488355,0,1
2.96538355,0,0
2.9658833,0,1
2.9663833,0,0
2.96688305,0,1
2.96738305,0,0
2.96788275,0,1
2.96838275,0,0
2.9688825,0,1
2.9693825,0,0
2.96988225,0,1
2.97038225,0,0
2.970882,0,1
2.97138195,0,0
2.9718816,0,1
2.97238155,0,0
2.97288125,0,1
2.97338115,0,0
2.97388085,0,1
2.97438075,0,0
2.97488045,0,1
2.97538045,0,0
2.9758802,0,1
2.9763802,0,0
2.9768799,0,1
2.9773798,0,0
2.97787955,0,1
2.9783795,0,0
2.9788792,0,1
2.9793792,0,0
2.97987895,0,1
2.9803789,0,0
2.98087865,0,1
2.9813786,0,0
2.98187835,0,1
2.98237835,0,0
2.98287805,0,1
2.98337805,0,0
2.9838778,0,1
2.98437775,0,0
2.9848775,0,1
2.98537745,0,0
2.9858772,0,1
2.98637715,0,0
2.98687685,0,1
2.98737685,0,0
2.9878766,0,1
2.9883766,0,0
2.98887635,0,1
2.9893764,0,0
2.98987615,0,1
2.99037615,0,0
2.99087585,0,1
2.99137585,0,0
2.9918756,0,1
2.9923756,0,0
2.99287535,0,1
2.9933754,0,0
2.9938751,0,1
2.9943751,0,0
2.99487485,0,1
2.9953749,0,0
2.99587465,0,1
2.9963746,0,0
2.9968744,0,1
2.9973744,0,0
2.99787415,0,1
2.9983742,0,0
2.99887395,0,1
2.9993739,0,0
2.99987365,0,1
3.00037365,0,0
3.0008734,0,1
3.0013734,0,0
3.00187315,0,1
3.0023732,0,0
3.0028729,0,1
3.0033729,0,0
3.00387265,0,1
3.0043727,0,0
3.00487245,0,1
3.0053725,0,0
3.0058723,0,1
3.0063723,0,0
3.00687205,0,1
3.00737205,0,0
3.0078718,0,1
3.00837185,0,0
3.00887165,0,1
3.0093717,0,0
3.00987145,0,1
3.0103715,0,0
3.01087125,0,1
3.01137125,0,0
3.01187105,0,1
3.01237105,0,0
3.01287085,0,1
3.01337085,0,0
3.0138706,0,1
3.0143706,0,0
3.01487035,0,1
3.01537035,0,0
3.0158701,0,1
3.0163701,0,0
3.01686985,0,1
3.0173698,0,0
3.01786955,0,1
3.0183696,0,0
3.01886935,0,1
3.01936935,0,0
3.0198691,0,1
3.0203691,0,0
3.02086885,0,1
3.0213688,0,0
3.02186855,0,1
3.02236855,0,0
3.0228683,0,1
3.0233683,0,0
3.023868,0,1
3.024368,0,0
3.02486775,0,1
3.0253678,0,0
3.0258676,0,1
3.02636765,0,0
3.0268674,0,1
3.02736745,0,0
3.0278673,0,1
3.0283673,0,0
3.02886705,0,1
3.02936705,0,0
3.0298668,0,1
3.0303668,0,0
3.0308666,0,1
3.0313666,0,0
3.0318664,0,1
3.03236645,0,0
3.0328662,0,1
3.0333662,0,0
3.03386595,0,1
3.034366,0,0
3.03486575,0,1
3.03536575,0,0
3.0358655,0,1
3.0363655,0,0
3.03686525,0,1
3.03736525,0,0
3.037865,0,1
3.03836495,0,0
3.0388647,0,1
3.03936465,0,0
3.0398644,0,1
3.0403644,0,0
3.0408642,0,1
3.0413642,0,0
3.04186395,0,1
3.04236395,0,0
3.0428637,0,1
3.0433637,0,0
3.04386345,0,1
3.04436345,0,0
3.0448632,0,1
3.0453632,0,0
3.045863,0,1
3.046363,0,0
3.0468628,0,1
3.0473628,0,0
3.0478626,0,1
3.0483626,0,0
3.04886235,0,1
3.0493624,0,0
3.04986215,0,1
3.05036215,0,0
3.0508619,0,1
3.0513619,0,0
3.05186165,0,1
3.05236165,0,0
3.0528614,0,1
3.05336145,0,0
3.0538612,0,1
3.0543612,0,0
3.05486095,0,1
3.05536095,0,0
3.0558607,0,1
3.0563607,0,0
3.05686045,0,1
3.05736045,0,0
3.05786015,0,1
3.05836015,0,0
3.05885985,0,1
3.05935985,0,0
3.0598596,0,1
3.0603596,0,0
3.06085935,0,1
3.06135935,0,0
3.06185905,0,1
3.06235905,0,0
3.06285875,0,1
3.0633586,0,0
3.06385835,0,1
3.06435835,0,0
3.0648581,0,1
3.0653581,0,0
3.0658578,0,1
3.06635775,0,0
3.06685755,0,1
3.0673575,0,0
3.06785725,0,1
3.0683572,0,0
3.06885695,0,1
3.0693569,0,0
3.06985655,0,1
3.07035655,0,0
3.0708563,0,1
3.07135625,0,0
3.071856,0,1
3.07235595,0,0
3.07285565,0,1
3.0733556,0,0
3.07385535,0,1
3.0743553,0,0
3.07485505,0,1
3.07535505,0,0
3.0758548,0,1
3.0763548,0,0
3.07685455,0,1
3.0773545,0,0
3.07785425,0,1
3.07835425,0,0
3.07885405,0,1
3.07935405,0,0
3.07985385,0,1
3.0803539,0,0
3.0808536,0,1
3.08135365,0,0
3.08185345,0,1
3.08235355,0,0
3.0828534,0,1
3.0833534,0,0
3.08385315,0,1
3.08435325,0,0
3.08485305,0,1
3.08535315,0,0
3.085853,0,1
3.08635305,0,0
3.08685285,0,1
3.08735295,0,0
3.08785275,0,1
3.0883528,0,0
3.0888526,0,1
3.08935265,0,0
3.08985245,0,1
3.0903525,0,0
3.0908523,0,1
3.09135235,0,0
3.09185215,0,1
3.09235215,0,0
3.0928519,0,1
3.0933518,0,0
3.09385155,0,1
3.09435155,0,0
3.09485125,0,1
3.0953512,0,0
3.0958509,0,1
3.09635085,0,0
3.0968506,0,1
3.0973506,0,0
3.09785035,0,1
3.09835035,0,0
3.0988501,0,1
3.09935005,0,0
3.09984985,0,1
3.10034985,0,0
3.10084965,0,1
3.10134965,0,0
3.1018494,0,1
3.1023494,0,0
3.1028491,0,1
3.1033491,0,0
3.1038488,0,1
3.10434875,0,0
3.1048485,0,1
3.10534845,0,0
3.1058482,0,1
3.10634815,0,0
3.1068479,0,1
3.1073479,0,0
3.10784765,0,1
3.1083476,0,0
3.1088473,0,1
3.1093473,0,0
3.109847,0,1
3.11034695,0,0
3.1108467,0,1
3.1113467,0,0
3.1118464,0,1
3.1123464,0,0
3.1128461,0,1
3.1133461,0,0
3.1138458,0,1
3.11434575,0,0
3.1148455,0,1
3.11534545,0,0
3.11584515,0,1
3.11634515,0,0
3.11684485,0,1
3.1173448,0,0
3.11784455,0,1
3.11834455,0,0
3.11884425,0,1
3.1193442,0,0
3.1198439,0,1
3.1203439,0,0
3.1208436,0,1
3.1213436,0,0
3.1218433,0,1
3.1223433,0,0
3.12284305,0,1
3.1233431,0,0
3.12384285,0,1
3.12434285,0,0
3.12484255,0,1
3.12534255,0,0
3.1258423,0,1
3.1263423,0,0
3.12684205,0,1
3.12734205,0,0
3.1278418,0,1
3.1283418,0,0
3.12884155,0,1
3.12934155,0,0
3.1298413,0,1
3.1303413,0,0
3.1308411,0,1
3.1313411,0,0
3.13184085,0,1
3.13234085,0,0
3.13284055,0,1
3.1333405,0,0
3.13384025,0,1
3.13434025,0,0
3.13484,0,1
3.13534,0,0
3.1358398,0,1
3.1363398,0,0
3.13683955,0,1
3.13733955,0,0
3.13783935,0,1
3.13833935,0,0
3.1388391,0,1
3.13933905,0,0
3.1398388,0,1
3.1403388,0,0
3.14083855,0,1
3.1413386,0,0
3.14183835,0,1
3.1423383,0,0
3.142838,0,1
3.143338,0,0
3.14383775,0,1
3.1443377,0,0
3.14483745,0,1
3.14533745,0,0
3.14583725,0,1
3.14633715,0,0
3.14683685,0,1
3.1473368,0,0
3.14783655,0,1
3.14833655,0,0
3.1488363,0,1
3.1493363,0,0
3.149836,0,1
3.150336,0,0
3.15083575,0,1
3.15133575,0,0
3.1518355,0,1
3.1523355,0,0
3.15283525,0,1
3.15333525,0,0
3.153835,0,1
3.154335,0,0
3.15483475,0,1
3.1553347,0,0
3.15583445,0,1
3.15633445,0,0
3.1568342,0,1
3.1573342,0,0
3.15783395,0,1
3.15833395,0,0
3.1588337,0,1
3.15933375,0,0
3.1598335,0,1
3.16033355,0,0
3.16083335,0,1
3.1613334,0,0
3.16183315,0,1
3.16233315,0,0
3.1628329,0,1
3.16333295,0,0
3.16383275,0,1
3.16433275,0,0
3.1648325,0,1
3.1653325,0,0
3.1658323,0,1
3.1663323,0,0
3.1668321,0,1
3.1673321,0,0
3.1678319,0,1
3.1683319,0,0
3.16883165,0,1
3.16933165,0,0
3.1698314,0,1
3.1703314,0,0
3.17083115,0,1
3.1713311,0,0
3.17183085,0,1
3.17233085,0,0
3.17283065,0,1
3.1733307,0,0
3.1738305,0,1
3.1743305,0,0
3.17483025,0,1
3.1753302,0,0
3.17583,0,1
3.17633,0,0
3.1768298,0,1
3.1773298,0,0
3.17782955,0,1
3.17832955,0,0
3.17882935,0,1
3.1793294,0,0
3.17982915,0,1
3.18032915,0,0
3.18082895,0,1
3.18132895,0,0
3.1818287,0,1
3.18232875,0,0
3.18282855,0,1
3.18332855,0,0
3.1838283,0,1
3.18432835,0,0
3.18482815,0,1
3.1853281,0,0
3.1858279,0,1
3.18632795,0,0
3.18682775,0,1
3.1873278,0,0
3.1878276,0,1
3.1883276,0,0
3.1888274,0,1
3.1893274,0,0
3.1898272,0,1
3.19032725,0,0
3.19082705,0,1
3.1913271,0,0
3.1918269,0,1
3.1923269,0,0
3.19282675,0,1
3.19332675,0,0
3.19382655,0,1
3.1943266,0,0
3.19482635,0,1
3.1953264,0,0
3.19582615,0,1
3.1963262,0,0
3.1968259,0,1
3.19732595,0,0
3.19782565,0,1
3.1983257,0,0
3.19882545,0,1
3.19932555,0,0
3.1998253,0,1
3.20032535,0,0
3.2008251,0,1
3.20132515,0,0
3.2018249,0,1
3.20232495,0,0
3.20282475,0,1
3.20332475,0,0
3.2038245,0,1
3.20432455,0,0
3.20482435,0,1
3.20532445,0,0
3.20582425,0,1
3.2063243,0,0
3.2068241,0,1
3.20732415,0,0
3.2078239,0,1
3.2083239,0,0
3.2088237,0,1
3.2093238,0,0
3.20982365,0,1
3.21032375,0,0
3.21082355,0,1
3.21132365,0,0
3.2118235,0,1
3.2123236,0,0
3.2128234,0,1
3.21332345,0,0
3.21382325,0,1
3.2143233,0,0
3.2148231,0,1
3.2153232,0,0
3.215823,0,1
3.21632305,0,0
3.2168229,0,1
3.21732295,0,0
3.2178227,0,1
3.21832275,0,0
3.2188225,0,1
3.21932255,0,0
3.21982235,0,1
3.22032235,0,0
3.22082215,0,1
3.2213222,0,0
3.22182205,0,1
3.2223221,0,0
3.22282195,0,1
3.223322,0,0
3.2238218,0,1
3.22432185,0,0
3.2248217,0,1
3.22532175,0,0
3.22582155,0,1
3.2263216,0,0
3.2268214,0,1
3.2273215,0,0
3.2278213,0,1
3.22832135,0,0
3.2288212,0,1
3.22932125,0,0
3.2298211,0,1
3.23032115,0,0
3.23082095,0,1
3.231321,0,0
3.23182085,0,1
3.2323209,0,0
3.2328207,0,1
3.23332075,0,0
3.23382055,0,1
3.2343206,0,0
3.23482035,0,1
3.2353204,0,0
3.23582025,0,1
3.2363203,0,0
3.23682015,0,1
3.2373202,0,0
3.2378201,0,1
3.2383202,0,0
3.23882,0,1
3.2393201,0,0
3.23981995,0,1
3.24032005,0,0
3.2408199,0,1
3.24131995,0,0
3.24181975,0,1
3.2423198,0,0
3.24281965,0,1
3.2433197,0,0
3.2438195,0,1
3.2443196,0,0
3.2448194,0,1
3.24531945,0,0
3.2458193,0,1
3.24631935,0,0
3.2468192,0,1
3.2473193,0,0
3.24781915,0,1
3.24831925,0,0
3.2488191,0,1
3.2493192,0,0
3.24981905,0,1
3.25031915,0,0
3.250819,0,1
3.25131905,0,0
3.25181885,0,1
3.25231895,0,0
3.2528188,0,1
3.2533189,0,0
3.2538188,0,1
3.2543189,0,0
3.25481875,0,1
3.25531885,0,0
3.25581865,0,1
3.2563187,0,0
3.25681855,0,1
3.2573186,0,0
3.2578184,0,1
3.2583184,0,0
3.25881825,0,1
3.2593184,0,0
3.25981805,0,1
3.2603181,0,0
3.2608179,0,1
3.26131795,0,0
3.26181775,0,1
3.2623178,0,0
3.26281765,0,1
3.26331775,0,0
3.2638176,0,1
3.2643177,0,0
3.2648175,0,1
3.2653176,0,0
3.26581735,0,1
3.2663174,0,0
3.26681725,0,1
3.2673173,0,0
3.26781715,0,1
3.2683172,0,0
3.26881705,0,1
3.2693171,0,0
3.26981695,0,1
3.270317,0,0
3.27081685,0,1
3.27131695,0,0
3.2718168,0,1
3.27231685,0,0
3.27281655,0,1
3.27331665,0,0
3.2738165,0,1
3.27431655,0,0
3.2748164,0,1
3.2753165,0,0
3.2758163,0,1
3.2763164,0,0
3.27681625,0,1
3.27731635,0,0
3.2778162,0,1
3.27831625,0,0
3.27881615,0,1
3.27931625,0,0
3.27981615,0,1
3.28031625,0,0
3.2808161,0,1
3.28131615,0,0
3.281816,0,1
3.28231605,0,0
3.28281595,0,1
3.28331605,0,0
3.28381585,0,1
3.28431595,0,0
3.2848158,0,1
3.28531585,0,0
3.2858157,0,1
3.28631575,0,0
3.2868156,0,1
3.2873157,0,0
3.28781555,0,1
3.28831565,0,0
3.2888155,0,1
3.2893156,0,0
3.2898154,0,1
3.2903155,0,0
3.29081535,0,1
3.2913154,0,0
3.29181525,0,1
3.2923153,0,0
3.29281515,0,1
3.29331525,0,0
3.29381505,0,1
3.29431515,0,0
3.294815,0,1
3.29531505,0,0
3.2958149,0,1
3.296315,0,0
3.29681485,0,1
3.2973149,0,0
3.2978147,0,1
3.29831475,0,0
3.2988146,0,1
3.29931465,0,0
3.29981445,0,1
3.3003145,0,0
3.3008143,0,1
3.3013144,0,0
3.3018142,0,1
3.30231425,0,0
3.30281405,0,1
3.30331415,0,0
3.30381395,0,1
3.30431405,0,0
3.3048139,0,1
3.30531395,0,0
3.3058138,0,1
3.3063139,0,0
3.30681375,0,1
3.3073138,0,0
3.30781365,0,1
3.30831375,0,0
3.30881365,0,1
3.3093137,0,0
3.30981355,0,1
3.31031365,0,0
3.31081345,0,1
3.31131355,0,0
3.3118134,0,1
3.3123135,0,0
3.3128133,0,1
3.3133134,0,0
3.31381325,0,1
3.3143133,0,0
3.3148131,0,1
3.31531315,0,0
3.3158129,0,1
3.316313,0,0
3.3168128,0,1
3.31731285,0,0
3.3178126,0,1
3.3183127,0,0
3.3188125,0,1
3.3193126,0,0
3.3198124,0,1
3.32031245,0,0
3.32081225,0,1
3.3213123,0,0
3.3218121,0,1
3.32231215,0,0
3.32281195,0,1
3.323312,0,0
3.32381185,0,1
3.3243119,0,0
3.3248117,0,1
3.32531175,0,0
3.3258116,0,1
3.32631165,0,0
3.32681145,0,1
3.32731145,0,0
3.3278113,0,1
3.32831135,0,0
3.32881115,0,1
3.3293112,0,0
3.329811,0,1
3.33031105,0,0
3.33081085,0,1
3.3313109,0,0
3.3318107,0,1
3.33231075,0,0
3.33281055,0,1
3.33331055,0,0
3.3338104,0,1
3.3343104,0,0
3.3348102,0,1
3.33531025,0,0
3.33581,0,1
3.33631005,0,0
3.33680985,0,1
3.33730995,0,0
3.33780975,0,1
3.3383098,0,0
3.3388096,0,1
3.3393096,0,0
3.3398094,0,1
3.3403094,0,0
3.3408092,0,1
3.3413092,0,0
3.341809,0,1
3.342309,0,0
3.3428088,0,1
3.3433088,0,0
3.3438086,0,1
3.3443086,0,0
3.3448084,0,1
3.34530845,0,0
3.3458083,0,1
3.34630835,0,0
3.34680815,0,1
3.3473082,0,0
3.34780805,0,1
3.3483081,0,0
3.34880795,0,1
3.34930805,0,0
3.3498079,0,1
3.350308,0,0
3.3508078,0,1
3.3513079,0,0
3.3518077,0,1
3.35230785,0,0
3.3528077,0,1
3.35330775,0,0
3.35380755,0,1
3.3543076,0,0
3.3548074,0,1
3.35530745,0,0
3.35580725,0,1
3.35630735,0,0
3.35680715,0,1
3.35730725,0,0
3.35780705,0,1
3.35830715,0,0
3.35880695,0,1
3.35930695,0,0
3.35980675,0,1
3.36030675,0,0
3.3608065,0,1
3.36130655,0,0
3.3618063,0,1
3.36230635,0,0
3.3628061,0,1
3.36330615,0,0
3.36380595,0,1
3.364306,0,0
3.3648058,0,1
3.3653059,0,0
3.36580565,0,1
3.3663057,0,0
3.36680555,0,1
3.3673056,0,0
3.3678054,0,1
3.36830545,0,0
3.3688052,0,1
3.36930525,0,0
3.369805,0,1
3.37030505,0,0
3.37080485,0,1
3.37130485,0,0
3.3718046,0,1
3.37230465,0,0
3.37280445,0,1
3.3733045,0,0
3.37380435,0,1
3.3743044,0,0
3.3748042,0,1
3.3753043,0,0
3.37580415,0,1
3.3763042,0,0
3.37680405,0,1
3.37730415,0,0
3.377804,0,1
3.3783041,0,0
3.37880395,0,1
3.37930405,0,0
3.3798038,0,1
3.3803039,0,0
3.3808037,0,1
3.38130375,0,0
3.3818036,0,1
3.38230365,0,0
3.3828035,0,1
3.38330355,0,0
3.38380335,0,1
3.3843034,0,0
3.3848032,0,1
3.38530325,0,0
3.3858031,0,1
3.38630315,0,0
3.38680295,0,1
3.387303,0,0
3.3878028,0,1
3.38830285,0,0
3.3888026,0,1
3.3893026,0,0
3.3898024,0,1
3.3903024,0,0
3.3908022,0,1
3.3913022,0,0
3.39180195,0,1
3.39230195,0,0
3.3928017,0,1
3.39330175,0,0
3.3938015,0,1
3.3943015,0,0
3.39480125,0,1
3.3953013,0,0
3.39580105,0,1
3.39630105,0,0
3.39680085,0,1
3.39730085,0,0
3.39780065,0,1
3.3983007,0,0
3.39880045,0,1
3.3993005,0,0
3.39980025,0,1
3.40030035,0,0
3.4008001,0,1
3.40130015,0,0
3.4017999,0,1
3.4022999,0,0
3.40279965,0,1
3.4032997,0,0
3.40379945,0,1
3.40429945,0,0
3.40479925,0,1
3.4052993,0,0
3.40579905,0,1
3.4062991,0,0
3.4067989,0,1
3.40729895,0,0
3.40779875,0,1
3.40829875,0,0
3.4087985,0,1
3.4092986,0,0
3.4097984,0,1
3.4102985,0,0
3.4107983,0,1
3.41129835,0,0
3.41179815,0,1
3.4122982,0,0
3.41279795,0,1
3.413298,0,0
3.4137978,0,1
3.41429785,0,0
3.41479765,0,1
3.4152977,0,0
3.41579745,0,1
3.4162975,0,0
3.4167973,0,1
3.4172973,0,0
3.4177971,0,1
3.4182972,0,0
3.418797,0,1
3.419297,0,0
3.41979675,0,1
3.4202968,0,0
3.4207966,0,1
3.42129665,0,0
3.4217965,0,1
3.42229655,0,0
3.42279635,0,1
3.4232964,0,0
3.42379625,0,1
3.4242963,0,0
3.4247961,0,1
3.42529615,0,0
3.425796,0,1
3.426296,0,0
3.42679585,0,1
3.4272959,0,0
3.4277957,0,1
3.42829575,0,0
3.42879555,0,1
3.42929565,0,0
3.42979545,0,1
3.43029545,0,0
3.43079525,0,1
3.4312953,0,0
3.4317951,0,1
3.43229515,0,0
3.4327949,0,1
3.43329495,0,0
3.43379475,0,1
3.4342948,0,0
3.43479455,0,1
3.4352946,0,0
3.4357944,0,1
3.4362944,0,0
3.4367942,0,1
3.43729425,0,0
3.437794,0,1
3.43829405,0,0
3.43879385,0,1
3.4392939,0,0
3.43979365,0,1
3.44029365,0,0
3.4407934,0,1
3.4412934,0,0
3.4417931,0,1
3.44229305,0,0
3.4427928,0,1
3.44329275,0,0
3.4437925,0,1
3.44429255,0,0
3.4447923,0,1
3.44529235,0,0
3.44579215,0,1
3.44629215,0,0
3.4467919,0,1
3.4472919,0,0
3.4477916,0,1
3.44829155,0,0
3.4487913,0,1
3.44929135,0,0
3.44979115,0,1
3.45029115,0,0
3.4507909,0,1
3.45129085,0,0
3.45179055,0,1
3.4522905,0,0
3.45279025,0,1
3.4532902,0,0
3.45378995,0,1
3.45428995,0,0
3.4547897,0,1
3.4552897,0,0
3.4557894,0,1
3.45628945,0,0
3.4567892,0,1
3.4572892,0,0
3.45778895,0,1
3.45828895,0,0
3.4587887,0,1
3.4592887,0,0
3.45978845,0,1
3.4602884,0,0
3.46078815,0,1
3.46128815,0,0
3.46178785,0,1
3.46228785,0,0
3.4627876,0,1
3.46328775,0,0
3.4637874,0,1
3.4642874,0,0
3.46478715,0,1
3.46528715,0,0
3.4657869,0,1
3.46628695,0,0
3.4667867,0,1
3.46728665,0,0
3.4677864,0,1
3.4682864,0,0
3.4687861,0,1
3.4692861,0,0
3.46978585,0,1
3.4702859,0,0
3.47078565,0,1
3.4712857,0,0
3.4717855,0,1
3.47228555,0,0
3.47278535,0,1
3.4732854,0,0
3.47378525,0,1
3.47428535,0,0
3.4747852,0,1
3.4752853,0,0
3.47578515,0,1
3.47628525,0,0
3.4767851,0,1
3.4772851,0,0
3.47778495,0,1
3.47828495,0,0
3.4787848,0,1
3.4792848,0,0
3.4797846,0,1
3.48028465,0,0
3.4807845,0,1
3.4812846,0,0
3.4817844,0,1
3.4822844,0,0
3.4827842,0,1
3.4832842,0,0
3.48378405,0,1
3.48428405,0,0
3.48478385,0,1
3.4852839,0,0
3.4857837,0,1
3.4862837,0,0
3.4867835,0,1
3.48728355,0,0
3.48778335,0,1
3.48828335,0,0
3.48878305,0,1
3.48928305,0,0
3.48978285,0,1
3.49028285,0,0
3.4907827,0,1
3.4912827,0,0
3.4917825,0,1
3.49228255,0,0
3.49278235,0,1
3.4932824,0,0
3.4937822,0,1
3.49428225,0,0
3.49478205,0,1
3.4952821,0,0
3.49578195,0,1
3.49628205,0,0
3.49678185,0,1
3.49728195,0,0
3.49778175,0,1
3.49828185,0,0
3.4987816,0,1
3.49928165,0,0
3.4997814,0,1
3.50028145,0,0
3.50078125,0,1
3.50128125,0,0
3.50178105,0,1
3.5022811,0,0
3.50278095,0,1
3.50328095,0,0
3.5037808,0,1
3.50428085,0,0
3.5047807,0,1
3.50528075,0,0
3.5057805,0,1
3.50628055,0,0
3.5067803,0,1
3.5072803,0,0
3.50778005,0,1
3.5082801,0,0
3.5087799,0,1
3.50927995,0,0
3.50977975,0,1
3.51027975,0,0
3.51077955,0,1
3.51127955,0,0
3.51177925,0,1
3.51227925,0,0
3.51277905,0,1
3.51327905,0,0
3.5137788,0,1
3.5142788,0,0
3.5147786,0,1
3.51527865,0,0
3.51577845,0,1
3.51627845,0,0
3.51677825,0,1
3.51727825,0,0
3.51777805,0,1
3.5182781,0,0
3.51877795,0,1
3.519278,0,0
3.51977785,0,1
3.5202779,0,0
3.52077775,0,1
3.52127785,0,0
3.52177765,0,1
3.5222777,0,0
3.52277755,0,1
3.5232776,0,0
3.5237774,0,1
3.5242774,0,0
3.52477725,0,1
3.52527725,0,0
3.5257771,0,1
3.5262771,0,0
3.52677685,0,1
3.5272769,0,0
3.52777665,0,1
3.5282767,0,0
3.52877645,0,1
3.52927645,0,0
3.52977625,0,1
3.5302763,0,0
3.5307761,0,1
3.53127615,0,0
3.53177595,0,1
3.532276,0,0
3.5327758,0,1
3.5332758,0,0
3.5337756,0,1
3.5342756,0,0
3.53477535,0,1
3.53527535,0,0
3.53577505,0,1
3.53627505,0,0
3.53677475,0,1
3.53727475,0,0
3.5377745,0,1
3.53827455,0,0
3.5387743,0,1
3.5392743,0,0
3.53977405,0,1
3.54027405,0,0
3.54077385,0,1
3.54127385,0,0
3.54177365,0,1
3.5422737,0,0
3.5427735,0,1
3.54327355,0,0
3.54377335,0,1
3.5442734,0,0
3.5447732,0,1
3.5452732,0,0
3.54577295,0,1
3.546273,0,0
3.5467728,0,1
3.54727285,0,0
3.54777265,0,1
3.5482727,0,0
3.54877255,0,1
3.5492726,0,0
3.54977245,0,1
3.5502725,0,0
3.5507723,0,1
3.5512723,0,0
3.5517721,0,1
3.55227215,0,0
3.5527719,0,1
3.55327195,0,0
3.55377175,0,1
3.55427185,0,0
3.55477165,0,1
3.55527165,0,0
3.55577145,0,1
3.55627145,0,0
3.5567713,0,1
3.55727135,0,0
3.55777115,0,1
3.5582712,0,0
3.558771,0,1
3.55927105,0,0
3.55977085,0,1
3.5602709,0,0
3.56077065,0,1
3.56127075,0,0
3.56177055,0,1
3.5622706,0,0
3.56277045,0,1
3.56327055,0,0
3.56377035,0,1
3.56427035,0,0
3.56477015,0,1
3.56527015,0,0
3.56577,0,1
3.56627005,0,0
3.56676985,0,1
3.5672699,0,0
3.5677697,0,1
3.56826975,0,0
3.5687695,0,1
3.56926955,0,0
3.56976935,0,1
3.5702694,0,0
3.5707692,0,1
3.57126925,0,0
3.571769,0,1
3.57226905,0,0
3.5727688,0,1
3.57326885,0,0
3.57376865,0,1
3.57426865,0,0
3.57476845,0,1
3.5752685,0,0
3.57576825,0,1
3.5762683,0,0
3.5767681,0,1
3.5772681,0,0
3.57776795,0,1
3.57826795,0,0
3.5787677,0,1
3.57926775,0,0
3.57976755,0,1
3.58026755,0,0
3.58076735,0,1
3.5812674,0,0
3.5817672,0,1
3.5822673,0,0
3.5827671,0,1
3.5832671,0,0
3.58376685,0,1
3.5842669,0,0
3.58476675,0,1
3.5852668,0,0
3.58576665,0,1
3.5862667,0,0
3.5867665,0,1
3.5872666,0,0
3.5877664,0,1
3.58826645,0,0
3.58876625,0,1
3.5892663,0,0
3.58976605,0,1
3.59026605,0,0
3.5907659,0,1
3.5912659,0,0
3.5917657,0,1
3.59226575,0,0
3.59276555,0,1
3.5932656,0,0
3.5937654,0,1
3.59426545,0,0
3.59476525,0,1
3.59526525,0,0
3.59576505,0,1
3.5962651,0,0
3.5967649,0,1
3.5972649,0,0
3.5977647,0,1
3.5982647,0,0
3.5987645,0,1
3.59926445,0,0
3.5997642,0,1
3.60026415,0,0
3.60076395,0,1
3.601264,0,0
3.6017638,0,1
3.60226385,0,0
3.60276365,0,1
3.60326365,0,0
3.6037634,0,1
3.60426335,0,0
3.60476305,0,1
3.60526305,0,0
3.6057628,0,1
3.6062628,0,0
3.60676255,0,1
3.6072626,0,0
3.60776235,0,1
3.60826235,0,0
3.6087621,0,1
3.60926215,0,0
3.6097619,0,1
3.6102619,0,0
3.6107617,0,1
3.6112617,0,0
3.61176145,0,1
3.61226145,0,0
3.61276115,0,1
3.6132611,0,0
3.61376085,0,1
3.6142608,0,0
3.61476055,0,1
3.61526055,0,0
3.6157603,0,1
3.6162603,0,0
3.61676005,0,1
3.61726,0,0
3.61775975,0,1
3.61825975,0,0
3.6187595,0,1
3.6192595,0,0
3.6197592,0,1
3.6202592,0,0
3.62075895,0,1
3.6212589,0,0
3.6217586,0,1
3.6222586,0,0
3.62275835,0,1
3.6232584,0,0
3.62375815,0,1
3.62425805,0,0
3.6247578,0,1
3.62525775,0,0
3.6257575,0,1
3.6262575,0,0
3.62675725,0,1
3.62725725,0,0
3.62775695,0,1
3.62825695,0,0
3.62875675,0,1
3.62925675,0,0
3.62975655,0,1
3.6302566,0,0
3.63075635,0,1
3.6312564,0,0
3.63175615,0,1
3.63225615,0,0
3.6327559,0,1
3.6332559,0,0
3.6337557,0,1
3.6342557,0,0
3.6347555,0,1
3.63525555,0,0
3.63575535,0,1
3.63625545,0,0
3.6367553,0,1
3.6372554,0,0
3.6377552,0,1
3.63825525,0,0
3.63875505,0,1
3.63925505,0,0
3.6397548,0,1
3.6402548,0,0
3.6407546,0,1
3.64125465,0,0
3.64175445,0,1
3.6422545,0,0
3.6427543,0,1
3.6432543,0,0
3.64375405,0,1
3.64425405,0,0
3.6447538,0,1
3.6452538,0,0
3.64575355,0,1
3.64625355,0,0
3.6467533,0,1
3.64725325,0,0
3.64775295,0,1
3.64825295,0,0
3.6487527,0,1
3.64925275,0,0
3.6497525,0,1
3.6502525,0,0
3.6507522,0,1
3.65125225,0,0
3.651752,0,1
3.65225205,0,0
3.6527518,0,1
3.65325175,0,0
3.65375145,0,1
3.6542514,0,0
3.65475105,0,1
3.65525095,0,0
3.6557506,0,1
3.6562505,0,0
3.65675015,0,1
3.65725005,0,0
3.6577498,0,1
3.65824975,0,0
3.6587495,0,1
3.65924945,0,0
3.65974915,0,1
3.6602491,0,0
3.66074885,0,1
3.6612488,0,0
3.6617485,0,1
3.6622485,0,0
3.6627482,0,1
3.66324815,0,0
3.6637479,0,1
3.6642479,0,0
3.66474765,0,1
3.6652476,0,0
3.66574735,0,1
3.6662473,0,0
3.66674705,0,1
3.66724705,0,0
3.6677467,0,1
3.6682467,0,0
3.6687464,0,1
3.66924635,0,0
3.6697461,0,1
3.670246,0,0
3.6707457,0,1
3.6712457,0,0
3.6717454,0,1
3.6722453,0,0
3.672745,0,1
3.67324495,0,0
3.6737446,0,1
3.67424455,0,0
3.67474425,0,1
3.6752442,0,0
3.67574395,0,1
3.6762439,0,0
3.67674365,0,1
3.67724355,0,0
3.67774325,0,1
3.67824315,0,0
3.67874285,0,1
3.6792428,0,0
3.6797425,0,1
3.68024245,0,0
3.6807422,0,1
3.68124215,0,0
3.68174185,0,1
3.68224175,0,0
3.68274145,0,1
3.6832414,0,0
3.6837411,0,1
3.684241,0,0
3.6847407,0,1
3.6852407,0,0
3.6857404,0,1
3.6862404,0,0
3.6867402,0,1
3.68724015,0,0
3.6877399,0,1
3.6882399,0,0
3.6887396,0,1
3.6892396,0,0
3.6897393,0,1
3.69023925,0,0
3.690739,0,1
3.691239,0,0
3.6917387,0,1
3.6922387,0,0
3.6927384,0,1
3.6932384,0,0
3.6937381,0,1
3.69423805,0,0
3.6947378,0,1
3.69523775,0,0
3.6957375,0,1
3.69623745,0,0
3.69673715,0,1
3.69723715,0,0
3.6977369,0,1
3.69823685,0,0
3.6987366,0,1
3.69923655,0,0
3.69973625,0,1
3.70023615,0,0
3.70073585,0,1
3.7012358,0,0
3.70173555,0,1
3.7022355,0,0
3.7027352,0,1
3.7032352,0,0
3.7037349,0,1
3.70423485,0,0
3.7047346,0,1
3.7052346,0,0
3.7057344,0,1
3.7062344,0,0
3.7067341,0,1
3.7072341,0,0
3.70773385,0,1
3.70823385,0,0
3.70873365,0,1
3.70923365,0,0
3.70973345,0,1
3.7102335,0,0
3.71073325,0,1
3.71123325,0,0
3.711733,0,1
3.71223305,0,0
3.71273285,0,1
3.7132328,0,0
3.7137326,0,1
3.71423265,0,0
3.7147324,0,1
3.71523235,0,0
3.7157321,0,1
3.7162321,0,0
3.7167318,0,1
3.7172318,0,0
3.71773155,0,1
3.71823155,0,0
3.71873135,0,1
3.7192314,0,0
3.71973115,0,1
3.7202311,0,0
3.72073085,0,1
3.7212308,0,0
3.72173055,0,1
3.72223055,0,0
3.7227303,0,1
3.72323035,0,0
3.7237301,0,1
3.72423015,0,0
3.7247299,0,1
3.7252299,0,0
3.72572965,0,1
3.7262296,0,0
3.7267294,0,1
3.7272294,0,0
3.72772925,0,1
3.72822925,0,0
3.72872905,0,1
3.72922905,0,0
3.72972885,0,1
3.7302289,0,0
3.7307287,0,1
3.7312287,0,0
3.7317285,0,1
3.7322285,0,0
3.73272835,0,1
3.7332283,0,0
3.73372805,0,1
3.73422805,0,0
3.7347278,0,1
3.7352278,0,0
3.73572755,0,1
3.73622755,0,0
3.7367273,0,1
3.73722725,0,0
3.73772695,0,1
3.7382269,0,0
3.7387266,0,1
3.73922655,0,0
3.7397263,0,1
3.7402263,0,0
3.74072605,0,1
3.7412261,0,0
3.74172585,0,1
3.7422258,0,0
3.74272555,0,1
3.74322555,0,0
3.74372535,0,1
3.74422535,0,0
3.74472515,0,1
3.7452252,0,0
3.74572495,0,1
3.746225,0,0
3.74672475,0,1
3.7472248,0,0
3.7477246,0,1
3.74822465,0,0
3.7487244,0,1
3.7492244,0,0
3.7497242,0,1
3.7502242,0,0
3.75072395,0,1
3.75122395,0,0
3.75172375,0,1
3.75222375,0,0
3.7527235,0,1
3.7532235,0,0
3.75372325,0,1
3.75422325,0,0
3.75472295,0,1
3.755223,0,0
3.75572275,0,1
3.75622275,0,0
3.75672255,0,1
3.7572225,0,0
3.75772225,0,1
3.75822225,0,0
3.75872195,0,1
3.75922195,0,0
3.7597217,0,1
3.76022175,0,0
3.7607215,0,1
3.7612215,0,0
3.76172125,0,1
3.7622213,0,0
3.76272105,0,1
3.76322105,0,0
3.76372085,0,1
3.76422085,0,0
3.76472065,0,1
3.7652206,0,0
3.76572035,0,1
3.76622035,0,0
3.7667201,0,1
3.7672201,0,0
3.76771985,0,1
3.76821985,0,0
3.7687196,0,1
3.76921965,0,0
3.7697195,0,1
3.77021955,0,0
3.77071935,0,1
3.7712194,0,0
3.77171925,0,1
3.7722193,0,0
3.7727191,0,1
3.7732192,0,0
3.773719,0,1
3.77421905,0,0
3.77471885,0,1
3.77521885,0,0
3.77571865,0,1
3.7762187,0,0
3.77671855,0,1
3.7772186,0,0
3.7777184,0,1
3.7782185,0,0
3.7787183,0,1
3.77921835,0,0
3.77971815,0,1
3.7802182,0,0
3.780718,0,1
3.781218,0,0
3.7817178,0,1
3.78221775,0,0
3.7827175,0,1
3.78321755,0,0
3.7837173,0,1
3.78421735,0,0
3.78471705,0,1
3.7852171,0,0
3.7857169,0,1
3.78621685,0,0
3.78671655,0,1
3.7872165,0,0
3.7877163,0,1
3.78821635,0,0
3.7887161,0,1
3.7892161,0,0
3.78971585,0,1
3.7902158,0,0
3.79071555,0,1
3.79121555,0,0
3.79171535,0,1
3.79221535,0,0
3.79271515,0,1
3.79321515,0,0
3.79371495,0,1
3.794215,0,0
3.7947148,0,1
3.79521485,0,0
3.7957146,0,1
3.7962146,0,0
3.79671435,0,1
3.79721435,0,0
3.7977141,0,1
3.7982141,0,0
3.79871385,0,1
3.79921385,0,0
3.79971365,0,1
3.80021365,0,0
3.80071345,0,1
3.80121345,0,0
3.8017132,0,1
3.80221325,0,0
3.802713,0,1
3.803213,0,0
3.8037128,0,1
3.8042128,0,0
3.80471255,0,1
3.80521255,0,0
3.80571225,0,1
3.80621225,0,0
3.806712,0,1
3.80721195,0,0
3.8077117,0,1
3.8082117,0,0
3.80871145,0,1
3.8092115,0,0
3.80971125,0,1
3.81021125,0,0
3.810711,0,1
3.811211,0,0
3.81171075,0,1
3.81221075,0,0
3.8127105,0,1
3.81321055,0,0
3.8137103,0,1
3.8142103,0,0
3.81471,0,1
3.81520995,0,0
3.81570975,0,1
3.81620975,0,0
3.8167095,0,1
3.81720955,0,0
3.81770925,0,1
3.81820925,0,0
3.81870895,0,1
3.81920895,0,0
3.81970875,0,1
3.8202087,0,0
3.82070845,0,1
3.82120845,0,0
3.82170825,0,1
3.82220825,0,0
3.82270795,0,1
3.82320795,0,0
3.8237077,0,1
3.8242077,0,0
3.82470745,0,1
3.82520745,0,0
3.82570725,0,1
3.82620725,0,0
3.826707,0,1
3.827207,0,0
3.8277068,0,1
3.82820675,0,0
3.8287065,0,1
3.8292065,0,0
3.82970625,0,1
3.8302063,0,0
3.83070605,0,1
3.8312061,0,0
3.83170585,0,1
3.8322059,0,0
3.83270565,0,1
3.8332057,0,0
3.83370545,0,1
3.8342054,0,0
3.8347051,0,1
3.8352051,0,0
3.8357048,0,1
3.8362048,0,0
3.83670455,0,1
3.83720455,0,0
3.8377043,0,1
3.83820425,0,0
3.838704,0,1
3.839204,0,0
3.83970375,0,1
3.8402037,0,0
3.84070345,0,1
3.84120345,0,0
3.84170325,0,1
3.84220325,0,0
3.84270305,0,1
3.8432031,0,0
3.84370285,0,1
3.84420285,0,0
3.84470265,0,1
3.84520265,0,0
3.8457024,0,1
3.84620245,0,0
3.84670225,0,1
3.84720225,0,0
3.847702,0,1
3.848202,0,0
3.8487017,0,1
3.8492017,0,0
3.84970145,0,1
3.8502014,0,0
3.8507012,0,1
3.8512012,0,0
3.85170095,0,1
3.852201,0,0
3.85270075,0,1
3.8532008,0,0
3.8537005,0,1
3.8542005,0,0
3.8547003,0,1
3.85520035,0,0
3.8557002,0,1
3.85620025,0,0
3.8567,0,1
3.85720005,0,0
3.85769985,0,1
3.85819985,0,0
3.8586996,0,1
3.8591997,0,0
3.85969945,0,1
3.86019945,0,0
3.8606992,0,1
3.8611992,0,0
3.861699,0,1
3.862199,0,0
3.8626988,0,1
3.8631988,0,0
3.8636985,0,1
3.8641985,0,0
3.8646983,0,1
3.86519835,0,0
3.86569815,0,1
3.86619815,0,0
3.86669795,0,1
3.86719805,0,0
3.8676978,0,1
3.8681978,0,0
3.86869755,0,1
3.8691976,0,0
3.86969735,0,1
3.8701974,0,0
3.8706972,0,1
3.87119735,0,0
3.87169705,0,1
3.87219705,0,0
3.8726968,0,1
3.87319685,0,0
3.87369665,0,1
3.8741967,0,0
3.8746965,0,1
3.87519655,0,0
3.87569635,0,1
3.87619635,0,0
3.87669615,0,1
3.8771962,0,0
3.87769595,0,1
3.878196,0,0
3.87869575,0,1
3.87919575,0,0
3.87969555,0,1
3.8801956,0,0
3.88069535,0,1
3.88119535,0,0
3.88169515,0,1
3.88219515,0,0
3.8826949,0,1
3.8831949,0,0
3.88369465,0,1
3.8841947,0,0
3.88469445,0,1
3.8851944,0,0
3.88569415,0,1
3.8861942,0,0
3.8866939,0,1
3.88719395,0,0
3.8876937,0,1
3.88819375,0,0
3.8886935,0,1
3.8891935,0,0
3.88969325,0,1
3.8901933,0,0
3.89069305,0,1
3.89119305,0,0
3.8916928,0,1
3.8921928,0,0
3.8926925,0,1
3.89319245,0,0
3.8936922,0,1
3.89419215,0,0
3.89469185,0,1
3.8951918,0,0
3.89569155,0,1
3.8961915,0,0
3.8966913,0,1
3.8971913,0,0
3.8976911,0,1
3.8981911,0,0
3.8986909,0,1
3.8991909,0,0
3.8996907,0,1
3.90019075,0,0
3.9006906,0,1
3.90119065,0,0
3.9016905,0,1
3.90219055,0,0
3.9026904,0,1
3.9031905,0,0
3.90369035,0,1
3.9041905,0,0
3.90469035,0,1
3.90519045,0,0
3.9056903,0,1
3.90619035,0,0
3.9066902,0,1
3.90719025,0,0
3.9076901,0,1
3.90819015,0,0
3.90868995,0,1
3.9091901,0,0
3.90968995,0,1
3.91019005,0,0
3.9106898,0,1
3.91118985,0,0
3.9116897,0,1
3.91218975,0,0
3.91268955,0,1
3.9131896,0,0
3.91368945,0,1
3.9141895,0,0
3.9146893,0,1
3.9151894,0,0
3.9156892,0,1
3.91618935,0,0
3.91668915,0,1
3.91718925,0,0
3.9176891,0,1
3.91818915,0,0
3.918689,0,1
3.9191891,0,0
3.91968895,0,1
3.920189,0,0
3.92068885,0,1
3.92118895,0,0
3.9216888,0,1
3.9221889,0,0
3.92268875,0,1
3.9231888,0,0
3.92368865,0,1
3.9241887,0,0
3.92468855,0,1
3.92518865,0,0
3.9256885,0,1
3.92618855,0,0
3.9266884,0,1
3.9271885,0,0
3.92768835,0,1
3.92818845,0,0
3.92868825,0,1
3.92918835,0,0
3.9296882,0,1
3.9301883,0,0
3.93068815,0,1
3.9311882,0,0
3.93168805,0,1
3.93218815,0,0
3.932688,0,1
3.9331881,0,0
3.9336879,0,1
3.934188,0,0
3.9346878,0,1
3.9351879,0,0
3.93568775,0,1
3.93618785,0,0
3.93668765,0,1
3.93718775,0,0
3.9376875,0,1
3.9381876,0,0
3.9386874,0,1
3.93918745,0,0
3.9396873,0,1
3.94018735,0,0
3.94068715,0,1
3.9411872,0,0
3.941687,0,1
3.9421871,0,0
3.94268685,0,1
3.943187,0,0
3.94368675,0,1
3.94418685,0,0
3.9446867,0,1
3.9451868,0,0
3.9456866,0,1
3.9461867,0,0
3.94668655,0,1
3.94718665,0,0
3.94768655,0,1
3.94818665,0,0
3.9486865,0,1
3.9491866,0,0
3.94968645,0,1
3.95018655,0,0
3.9506864,0,1
3.9511865,0,0
3.9516864,0,1
3.9521865,0,0
3.95268635,0,1
3.9531864,0,0
3.95368625,0,1
3.9541863,0,0
3.95468615,0,1
3.95518625,0,0
3.9556861,0,1
3.9561862,0,0
3.956686,0,1
3.9571861,0,0
3.95768595,0,1
3.958186,0,0
3.9586858,0,1
3.9591859,0,0
3.95968575,0,1
3.96018585,0,0
3.9606857,0,1
3.96118585,0,0
3.9616857,0,1
3.9621858,0,0
3.96268565,0,1
3.9631857,0,0
3.96368555,0,1
3.96418565,0,0
3.9646855,0,1
3.9651856,0,0
3.9656855,0,1
3.9661856,0,0
3.9666854,0,1
3.96718555,0,0
3.96768535,0,1
3.9681854,0,0
3.96868525,0,1
3.96918535,0,0
3.9696852,0,1
3.9701853,0,0
3.97068515,0,1
3.97118525,0,0
3.9716851,0,1
3.97218515,0,0
3.972685,0,1
3.97318505,0,0
3.97368495,0,1
3.974185,0,0
3.97468485,0,1
3.9751849,0,0
3.9756847,0,1
3.97618475,0,0
3.9766846,0,1
3.9771846,0,0
3.97768445,0,1
3.9781845,0,0
3.97868435,0,1
3.9791845,0,0
3.97968435,0,1
3.9801844,0,0
3.98068425,0,1
3.9811843,0,0
3.98168415,0,1
3.9821842,0,0
3.98268405,0,1
3.9831841,0,0
3.98368395,0,1
3.98418405,0,0
3.98468385,0,1
3.98518395,0,0
3.98568375,0,1
3.98618385,0,0
3.98668365,0,1
3.9871837,0,0
3.9876835,0,1
3.9881836,0,0
3.9886834,0,1
3.9891835,0,0
3.9896833,0,1
3.99018335,0,0
3.99068315,0,1
3.99118315,0,0
3.99168295,0,1
3.99218305,0,0
3.99268285,0,1
3.99318295,0,0
3.99368275,0,1
3.99418285,0,0
3.9946826,0,1
3.99518265,0,0
3.99568245,0,1
3.99618245,0,0
3.9966822,0,1
3.9971822,0,0
3.99768195,0,1
3.998182,0,0
3.99868175,0,1
3.99918175,0,0
3.99968145,0,1
4.00018145,0,0
4.0006812,0,1
4.00118115,0,0
4.0016809,0,1
4.00218085,0,0
4.0026806,0,1
4.00318065,0,0
4.0036804,0,1
4.0041804,0,0
4.0046801,0,1
4.0051801,0,0
4.00567985,0,1
4.0061799,0,0
4.00667965,0,1
4.00717965,0,0
4.00767935,0,1
4.0081793,0,0
4.00867905,0,1
4.00917905,0,0
4.0096788,0,1
4.01017875,0,0
4.0106785,0,1
4.01117845,0,0
4.0116782,0,1
4.0121782,0,0
4.01267795,0,1
4.01317795,0,0
4.0136777,0,1
4.0141777,0,0
4.0146774,0,1
4.01517745,0,0
4.0156772,0,1
4.0161772,0,0
4.016677,0,1
4.01717695,0,0
4.01767675,0,1
4.01817675,0,0
4.01867655,0,1
4.01917655,0,0
4.01967635,0,1
4.02017635,0,0
4.02067605,0,1
4.02117605,0,0
4.02167585,0,1
4.02217585,0,0
4.0226756,0,1
4.0231756,0,0
4.0236753,0,1
4.02417525,0,0
4.02467495,0,1
4.02517495,0,0
4.0256747,0,1
4.0261747,0,0
4.02667445,0,1
4.0271744,0,0
4.02767415,0,1
4.0281741,0,0
4.02867385,0,1
4.0291738,0,0
4.02967355,0,1
4.0301735,0,0
4.0306733,0,1
4.03117325,0,0
4.03167295,0,1
4.0321729,0,0
4.03267265,0,1
4.0331727,0,0
4.0336724,0,1
4.0341724,0,0
4.0346722,0,1
4.03517225,0,0
4.03567195,0,1
4.03617195,0,0
4.0366717,0,1
4.0371717,0,0
4.0376714,0,1
4.03817135,0,0
4.03867105,0,1
4.03917105,0,0
4.0396708,0,1
4.0401708,0,0
4.04067055,0,1
4.04117055,0,0
4.0416703,0,1
4.0421703,0,0
4.04267005,0,1
4.0431701,0,0
4.04366985,0,1
4.0441699,0,0
4.0446697,0,1
4.0451697,0,0
4.0456695,0,1
4.0461695,0,0
4.0466693,0,1
4.04716935,0,0
4.04766915,0,1
4.04816925,0,0
4.0486691,0,1
4.04916915,0,0
4.049669,0,1
4.0501691,0,0
4.05066895,0,1
4.05116905,0,0
4.05166885,0,1
4.0521689,0,0
4.05266875,0,1
4.05316885,0,0
4.05366875,0,1
4.05416885,0,0
4.05466865,0,1
4.0551687,0,0
4.0556685,0,1
4.05616855,0,0
4.05666835,0,1
4.05716845,0,0
4.0576683,0,1
4.0581684,0,0
4.05866825,0,1
4.0591683,0,0
4.0596681,0,1
4.0601682,0,0
4.060668,0,1
4.06116805,0,0
4.0616679,0,1
4.062168,0,0
4.0626678,0,1
4.06316785,0,0
4.06366765,0,1
4.0641677,0,0
4.0646675,0,1
4.06516755,0,0
4.0656674,0,1
4.0661675,0,0
4.0666673,0,1
4.0671674,0,0
4.0676672,0,1
4.0681673,0,0
4.0686671,0,1
4.0691672,0,0
4.069667,0,1
4.07016705,0,0
4.0706669,0,1
4.07116695,0,0
4.0716668,0,1
4.07216695,0,0
4.0726668,0,1
4.07316695,0,0
4.0736668,0,1
4.0741669,0,0
4.0746667,0,1
4.0751669,0,0
4.0756666,0,1
4.07616665,0,0
4.0766665,0,1
4.0771666,0,0
4.07766645,0,1
4.07816655,0,0
4.07866635,0,1
4.0791664,0,0
4.0796662,0,1
4.08016625,0,0
4.08066605,0,1
4.0811661,0,0
4.08166595,0,1
4.08216605,0,0
4.08266585,0,1
4.0831659,0,0
4.08366575,0,1
4.08416585,0,0
4.08466575,0,1
4.08516585,0,0
4.08566575,0,1
4.0861658,0,0
4.08666565,0,1
4.0871657,0,0
4.08766555,0,1
4.08816565,0,0
4.08866545,0,1
4.08916555,0,0
4.08966535,0,1
4.0901654,0,0
4.09066525,0,1
4.09116535,0,0
4.0916652,0,1
4.0921653,0,0
4.09266515,0,1
4.09316525,0,0
4.09366505,0,1
4.09416515,0,0
4.0946649,0,1
4.09516495,0,0
4.09566475,0,1
4.0961648,0,0
4.0966646,0,1
4.09716465,0,0
4.09766445,0,1
4.0981645,0,0
4.09866425,0,1
4.09916435,0,0
4.09966415,0,1
4.1001642,0,0
4.100664,0,1
4.10116405,0,0
4.1016639,0,1
4.1021639,0,0
4.1026637,0,1
4.10316375,0,0
4.10366355,0,1
4.10416365,0,0
4.10466345,0,1
4.1051635,0,0
4.1056633,0,1
4.10616335,0,0
4.10666315,0,1
4.10716325,0,0
4.10766305,0,1
4.10816315,0,0
4.10866295,0,1
4.109163,0,0
4.1096628,0,1
4.1101629,0,0
4.1106627,0,1
4.11116275,0,0
4.11166255,0,1
4.11216265,0,0
4.11266245,0,1
4.11316255,0,0
4.1136624,0,1
4.1141625,0,0
4.11466235,0,1
4.1151624,0,0
4.1156622,0,1
4.1161622,0,0
4.116662,0,1
4.117162,0,0
4.1176618,0,1
4.11816185,0,0
4.1186617,0,1
4.11916175,0,0
4.1196615,0,1
4.1201615,0,0
4.12066125,0,1
4.12116125,0,0
4.12166105,0,1
4.1221611,0,0
4.1226609,0,1
4.1231609,0,0
4.12366065,0,1
4.12416075,0,0
4.1246605,0,1
4.1251605,0,0
4.12566025,0,1
4.1261603,0,0
4.1266601,0,1
4.12716015,0,0
4.12765995,0,1
4.12815995,0,0
4.1286597,0,1
4.12915975,0,0
4.12965945,0,1
4.1301594,0,0
4.13065915,0,1
4.1311592,0,0
4.131659,0,1
4.132159,0,0
4.1326588,0,1
4.13315885,0,0
4.13365865,0,1
4.1341587,0,0
4.1346585,0,1
4.13515855,0,0
4.13565835,0,1
4.1361584,0,0
4.13665825,0,1
4.1371583,0,0
4.1376581,0,1
4.13815815,0,0
4.138658,0,1
4.1391581,0,0
4.1396579,0,1
4.140158,0,0
4.1406578,0,1
4.14115785,0,0
4.14165765,0,1
4.1421577,0,0
4.14265745,0,1
4.1431575,0,0
4.1436573,0,1
4.14415735,0,0
4.1446571,0,1
4.14515715,0,0
4.145657,0,1
4.146157,0,0
4.14665675,0,1
4.1471568,0,0
4.1476566,0,1
4.14815655,0,0
4.14865635,0,1
4.1491564,0,0
4.1496562,0,1
4.1501562,0,0
4.150656,0,1
4.151156,0,0
4.15165575,0,1
4.1521558,0,0
4.15265555,0,1
4.15315555,0,0
4.15365525,0,1
4.15415525,0,0
4.15465505,0,1
4.15515505,0,0
4.15565475,0,1
4.1561548,0,0
4.15665455,0,1
4.1571546,0,0
4.15765435,0,1
4.15815435,0,0
4.15865405,0,1
4.1591541,0,0
4.1596538,0,1
4.1601538,0,0
4.16065355,0,1
4.16115355,0,0
4.1616533,0,1
4.16215335,0,0
4.1626531,0,1
4.1631531,0,0
4.16365285,0,1
4.16415285,0,0
4.1646526,0,1
4.16515255,0,0
4.1656523,0,1
4.1661523,0,0
4.16665215,0,1
4.16715215,0,0
4.16765195,0,1
4.16815195,0,0
4.16865175,0,1
4.1691518,0,0
4.1696516,0,1
4.1701517,0,0
4.1706515,0,1
4.17115155,0,0
4.1716513,0,1
4.17215135,0,0
4.17265115,0,1
4.17315115,0,0
4.17365095,0,1
4.174151,0,0
4.17465075,0,1
4.1751507,0,0
4.17565045,0,1
4.17615045,0,0
4.17665025,0,1
4.17715025,0,0
4.17765005,0,1
4.1781501,0,0
4.1786499,0,1
4.1791499,0,0
4.1796497,0,1
4.1801497,0,0
4.1806495,0,1
4.18114955,0,0
4.18164935,0,1
4.18214935,0,0
4.18264915,0,1
4.18314915,0,0
4.1836489,0,1
4.18414895,0,0
4.1846487,0,1
4.1851487,0,0
4.18564845,0,1
4.18614845,0,0
4.1866482,0,1
4.18714825,0,0
4.187648,0,1
4.188148,0,0
4.18864775,0,1
4.18914775,0,0
4.18964745,0,1
4.19014745,0,0
4.19064725,0,1
4.1911473,0,0
4.19164705,0,1
4.1921471,0,0
4.1926468,0,1
4.19314685,0,0
4.19364665,0,1
4.1941467,0,0
4.1946465,0,1
4.1951465,0,0
4.1956463,0,1
4.19614635,0,0
4.1966461,0,1
4.19714615,0,0
4.197646,0,1
4.19814605,0,0
4.19864585,0,1
4.19914585,0,0
4.1996457,0,1
4.20014575,0,0
4.2006456,0,1
4.20114565,0,0
4.20164545,0,1
4.20214545,0,0
4.20264525,0,1
4.20314525,0,0
4.20364505,0,1
4.20414505,0,0
4.2046448,0,1
4.20514485,0,0
4.20564465,0,1
4.2061446,0,0
4.20664435,0,1
4.20714435,0,0
4.2076441,0,1
4.2081441,0,0
4.2086438,0,1
4.20914375,0,0
4.20964345,0,1
4.21014335,0,0
4.2106431,0,1
4.21114305,0,0
4.2116428,0,1
4.21214275,0,0
4.21264245,0,1
4.2131424,0,0
4.2136421,0,1
4.21414205,0,0
4.2146418,0,1
4.2151418,0,0
4.21564155,0,1
4.2161415,0,0
4.21664125,0,1
4.2171412,0,0
4.2176409,0,1
4.21814085,0,0
4.2186406,0,1
4.21914055,0,0
4.21964025,0,1
4.22014025,0,0
4.22064,0,1
4.22113995,0,0
4.2216397,0,1
4.22213965,0,0
4.22263935,0,1
4.2231393,0,0
4.22363905,0,1
4.224139,0,0
4.22463875,0,1
4.22513865,0,0
4.22563835,0,1
4.2261383,0,0
4.226638,0,1
4.227138,0,0
4.22763775,0,1
4.22813775,0,0
4.2286375,0,1
4.22913745,0,0
4.2296372,0,1
4.2301371,0,0
4.23063685,0,1
4.23113685,0,0
4.2316366,0,1
4.23213665,0,0
4.23263645,0,1
4.23313645,0,0
4.23363625,0,1
4.23413625,0,0
4.234636,0,1
4.23513605,0,0
4.2356358,0,1
4.23613575,0,0
4.23663555,0,1
4.23713555,0,0
4.23763535,0,1
4.23813535,0,0
4.2386351,0,1
4.23913505,0,0
4.2396348,0,1
4.2401348,0,0
4.2406346,0,1
4.2411346,0,0
4.2416344,0,1
4.2421345,0,0
4.2426343,0,1
4.24313435,0,0
4.2436342,0,1
4.2441342,0,0
4.24463395,0,1
4.245134,0,0
4.24563375,0,1
4.2461338,0,0
4.24663355,0,1
4.2471336,0,0
4.2476334,0,1
4.2481334,0,0
4.24863325,0,1
4.2491333,0,0
4.2496331,0,1
4.25013315,0,0
4.2506329,0,1
4.25113295,0,0
4.25163275,0,1
4.25213275,0,0
4.2526326,0,1
4.25313265,0,0
4.25363245,0,1
4.2541325,0,0
4.2546323,0,1
4.25513235,0,0
4.2556321,0,1
4.2561322,0,0
4.256632,0,1
4.25713205,0,0
4.25763185,0,1
4.2581319,0,0
4.2586317,0,1
4.25913175,0,0
4.2596315,0,1
4.26013155,0,0
4.26063135,0,1
4.26113135,0,0
4.26163115,0,1
4.2621312,0,0
4.26263105,0,1
4.2631311,0,0
4.2636309,0,1
4.26413095,0,0
4.26463075,0,1
4.26513085,0,0
4.26563065,0,1
4.2661307,0,0
4.2666305,0,1
4.2671306,0,0
4.26763045,0,1
4.26813055,0,0
4.2686304,0,1
4.26913045,0,0
4.2696303,0,1
4.2701303,0,0
4.2706301,0,1
4.2711302,0,0
4.27162995,0,1
4.27213,0,0
4.2726298,0,1
4.2731298,0,0
4.2736296,0,1
4.2741296,0,0
4.2746294,0,1
4.27512945,0,0
4.27562925,0,1
4.2761293,0,0
4.27662915,0,1
4.27712925,0,0
4.27762905,0,1
4.27812915,0,0
4.2786289,0,1
4.2791291,0,0
4.27962875,0,1
4.2801288,0,0
4.2806286,0,1
4.2811287,0,0
4.28162845,0,1
4.2821285,0,0
4.2826283,0,1
4.2831283,0,0
4.28362815,0,1
4.28412815,0,0
4.28462795,0,1
4.285128,0,0
4.2856278,0,1
4.28612785,0,0
4.28662765,0,1
4.2871277,0,0
4.2876275,0,1
4.2881276,0,0
4.28862735,0,1
4.2891274,0,0
4.28962715,0,1
4.29012725,0,0
4.2906271,0,1
4.2911272,0,0
4.29162705,0,1
4.2921271,0,0
4.29262695,0,1
4.293127,0,0
4.2936268,0,1
4.29412685,0,0
4.29462665,0,1
4.2951267,0,0
4.2956265,0,1
4.29612655,0,0
4.2966264,0,1
4.2971265,0,0
4.2976263,0,1
4.29812635,0,0
4.29862615,0,1
4.29912625,0,0
4.29962605,0,1
4.3001261,0,0
4.3006259,0,1
4.30112595,0,0
4.30162575,0,1
4.3021258,0,0
4.3026256,0,1
4.30312565,0,0
4.3036255,0,1
4.3041256,0,0
4.30462545,0,1
4.30512555,0,0
4.3056254,0,1
4.30612545,0,0
4.30662525,0,1
4.3071253,0,0
4.30762515,0,1
4.30812525,0,0
4.30862505,0,1
4.3091251,0,0
4.3096249,0,1
4.31012495,0,0
4.31062475,0,1
4.3111248,0,0
4.3116246,0,1
4.31212465,0,0
4.31262445,0,1
4.3131245,0,0
4.31362435,0,1
4.3141244,0,0
4.3146242,0,1
4.31512425,0,0
4.315624,0,1
4.31612405,0,0
4.3166238,0,1
4.31712385,0,0
4.3176236,0,1
4.31812365,0,0
4.31862345,0,1
4.3191235,0,0
4.31962325,0,1
4.32012325,0,0
4.32062305,0,1
4.32112315,0,0
4.32162295,0,1
4.32212295,0,0
4.32262275,0,1
4.32312275,0,0
4.32362255,0,1
4.32412255,0,0
4.32462235,0,1
4.3251224,0,0
4.3256222,0,1
4.32612215,0,0
4.3266219,0,1
4.32712185,0,0
4.3276216,0,1
4.32812165,0,0
4.32862145,0,1
4.3291215,0,0
4.32962125,0,1
4.33012135,0,0
4.33062115,0,1
4.33112115,0,0
4.33162095,0,1
4.33212095,0,0
4.33262075,0,1
4.3331208,0,0
4.33362055,0,1
4.3341206,0,0
4.33462035,0,1
4.33512035,0,0
4.3356202,0,1
4.33612025,0,0
4.33662,0,1
4.33712005,0,0
4.33761985,0,1
4.3381199,0,0
4.33861965,0,1
4.3391197,0,0
4.3396195,0,1
4.34011955,0,0
4.34061935,0,1
4.34111935,0,0
4.34161915,0,1
4.34211915,0,0
4.3426189,0,1
4.343119,0,0
4.34361875,0,1
4.3441188,0,0
4.3446186,0,1
4.3451186,0,0
4.34561835,0,1
4.34611835,0,0
4.3466181,0,1
4.3471181,0,0
4.3476179,0,1
4.34811795,0,0
4.3486177,0,1
4.3491177,0,0
4.3496175,0,1
4.35011745,0,0
4.35061725,0,1
4.3511172,0,0
4.351617,0,1
4.352117,0,0
4.35261675,0,1
4.35311675,0,0
4.35361655,0,1
4.35411655,0,0
4.35461635,0,1
4.35511635,0,0
4.35561615,0,1
4.3561162,0,0
4.35661595,0,1
4.35711595,0,0
4.3576157,0,1
4.35811565,0,0
4.3586154,0,1
4.35911545,0,0
4.3596152,0,1
4.36011525,0,0
4.360615,0,1
4.36111505,0,0
4.36161485,0,1
4.3621149,0,0
4.36261465,0,1
4.3631147,0,0
4.36361445,0,1
4.36411445,0,0
4.36461425,0,1
4.3651143,0,0
4.3656141,0,1
4.3661141,0,0
4.36661385,0,1
4.3671139,0,0
4.3676136,0,1
4.3681136,0,0
4.36861335,0,1
4.3691133,0,0
4.3696131,0,1
4.37011305,0,0
4.3706128,0,1
4.37111275,0,0
4.3716125,0,1
4.3721125,0,0
4.37261225,0,1
4.37311225,0,0
4.373612,0,1
4.374112,0,0
4.37461175,0,1
4.37511175,0,0
4.3756115,0,1
4.3761115,0,0
4.37661125,0,1
4.3771112,0,0
4.37761095,0,1
4.37811095,0,0
4.37861065,0,1
4.37911065,0,0
4.3796104,0,1
4.3801104,0,0
4.38061015,0,1
4.38111015,0,0
4.3816099,0,1
4.3821099,0,0
4.38260965,0,1
4.38310965,0,0
4.38360935,0,1
4.3841094,0,0
4.38460915,0,1
4.3851092,0,0
4.385609,0,1
4.386109,0,0
4.38660875,0,1
4.38710875,0,0
4.38760855,0,1
4.38810855,0,0
4.38860835,0,1
4.38910835,0,0
4.3896081,0,1
4.39010815,0,0
4.39060795,0,1
4.391108,0,0
4.3916077,0,1
4.39210775,0,0
4.3926075,0,1
4.3931075,0,0
4.39360725,0,1
4.3941073,0,0
4.3946071,0,1
4.39510715,0,0
4.39560695,0,1
4.39610695,0,0
4.39660675,0,1
4.39710675,0,0
4.3976065,0,1
4.3981065,0,0
4.39860625,0,1
4.39910625,0,0
4.399606,0,1
4.40010605,0,0
4.4006058,0,1
4.40110585,0,0
4.40160565,0,1
4.40210565,0,0
4.4026055,0,1
4.40310555,0,0
4.40360535,0,1
4.4041054,0,0
4.4046052,0,1
4.40510525,0,0
4.405605,0,1
4.40610505,0,0
4.4066048,0,1
4.4071049,0,0
4.4076047,0,1
4.4081048,0,0
4.4086046,0,1
4.4091046,0,0
4.40960445,0,1
4.4101045,0,0
4.41060425,0,1
4.4111043,0,0
4.411604,0,1
4.412104,0,0
4.4126038,0,1
4.41310385,0,0
4.4136036,0,1
4.4141036,0,0
4.4146034,0,1
4.41510345,0,0
4.41560325,0,1
4.4161033,0,0
4.4166031,0,1
4.41710315,0,0
4.4176029,0,1
4.4181029,0,0
4.41860265,0,1
4.41910265,0,0
4.41960245,0,1
4.42010245,0,0
4.4206022,0,1
4.4211022,0,0
4.421602,0,1
4.42210205,0,0
4.4226019,0,1
4.42310195,0,0
4.4236017,0,1
4.42410175,0,0
4.42460155,0,1
4.4251016,0,0
4.42560145,0,1
4.4261015,0,0
4.42660135,0,1
4.42710145,0,0
4.42760125,0,1
4.42810135,0,0
4.42860115,0,1
4.4291012,0,0
4.42960095,0,1
4.43010095,0,0
4.43060075,0,1
4.4311008,0,0
4.4316006,0,1
4.43210065,0,0
4.4326004,0,1
4.4331004,0,0
4.4336002,0,1
4.4341002,0,0
4.4345999,0,1
4.4350999,0,0
4.43559965,0,1
4.43609965,0,0
4.4365994,0,1
4.4370994,0,0
4.43759915,0,1
4.43809915,0,0
4.43859895,0,1
4.43909895,0,0
4.4395987,0,1
4.44009875,0,0
4.4405985,0,1
4.44109855,0,0
4.4415983,0,1
4.4420983,0,0
4.4425981,0,1
4.44309815,0,0
4.4435979,0,1
4.4440979,0,0
4.4445977,0,1
4.44509775,0,0
4.44559755,0,1
4.44609755,0,0
4.4465973,0,1
4.4470973,0,0
4.44759705,0,1
4.44809705,0,0
4.44859685,0,1
4.44909685,0,0
4.44959665,0,1
4.45009665,0,0
4.4505964,0,1
4.45109635,0,0
4.4515961,0,1
4.4520961,0,0
4.4525958,0,1
4.45309585,0,0
4.45359565,0,1
4.4540957,0,0
4.4545955,0,1
4.4550955,0,0
4.45559525,0,1
4.45609525,0,0
4.456595,0,1
4.457095,0,0
4.45759475,0,1
4.45809475,0,0
4.4585945,0,1
4.4590945,0,0
4.45959425,0,1
4.46009425,0,0
4.46059405,0,1
4.46109405,0,0
4.46159385,0,1
4.46209385,0,0
4.4625937,0,1
4.46309375,0,0
4.46359355,0,1
4.4640936,0,0
4.4645934,0,1
4.46509345,0,0
4.46559325,0,1
4.46609335,0,0
4.46659315,0,1
4.4670932,0,0
4.46759295,0,1
4.468093,0,0
4.4685928,0,1
4.46909285,0,0
4.46959265,0,1
4.4700927,0,0
4.4705925,0,1
4.4710925,0,0
4.4715923,0,1
4.4720923,0,0
4.4725921,0,1
4.4730921,0,0
4.47359185,0,1
4.47409195,0,0
4.4745917,0,1
4.47509175,0,0
4.4755916,0,1
4.47609165,0,0
4.47659145,0,1
4.4770915,0,0
4.47759135,0,1
4.47809145,0,0
4.47859125,0,1
4.47909125,0,0
4.47959105,0,1
4.4800911,0,0
4.4805909,0,1
4.481091,0,0
4.4815908,0,1
4.48209085,0,0
4.4825906,0,1
4.4830906,0,0
4.48359035,0,1
4.4840904,0,0
4.48459015,0,1
4.4850902,0,0
4.48559,0,1
4.48609005,0,0
4.4865899,0,1
4.48708985,0,0
4.4875896,0,1
4.48808965,0,0
4.4885894,0,1
4.4890894,0,0
4.48958915,0,1
4.49008915,0,0
4.4905889,0,1
4.4910889,0,0
4.4915886,0,1
4.49208865,0,0
4.4925884,0,1
4.49308835,0,0
4.4935881,0,1
4.4940881,0,0
4.4945879,0,1
4.4950879,0,0
4.4955877,0,1
4.4960877,0,0
4.4965874,0,1
4.49708745,0,0
4.4975872,0,1
4.49808725,0,0
4.49858695,0,1
4.49908695,0,0
4.4995867,0,1
4.5000867,0,0
4.5005865,0,1
4.5010865,0,0
4.50158635,0,1
4.5020864,0,0
4.50258615,0,1
4.50308615,0,0
4.5035859,0,1
4.5040859,0,0
4.5045857,0,1
4.50508575,0,0
4.5055855,0,1
4.5060855,0,0
4.5065852,0,1
4.50708515,0,0
4.5075849,0,1
4.50808495,0,0
4.5085847,0,1
4.5090848,0,0
4.50958455,0,1
4.5100846,0,0
4.51058435,0,1
4.5110844,0,0
4.5115842,0,1
4.5120842,0,0
4.51258395,0,1
4.51308395,0,0
4.51358375,0,1
4.51408375,0,0
4.5145835,0,1
4.5150835,0,0
4.5155832,0,1
4.5160832,0,0
4.516583,0,1
4.517083,0,0
4.51758275,0,1
4.5180827,0,0
4.51858245,0,1
4.5190825,0,0
4.51958225,0,1
4.52008225,0,0
4.520582,0,1
4.521082,0,0
4.5215818,0,1
4.5220818,0,0
4.5225816,0,1
4.5230816,0,0
4.5235814,0,1
4.5240814,0,0
4.52458115,0,1
4.5250812,0,0
4.52558095,0,1
4.526081,0,0
4.5265808,0,1
4.52708085,0,0
4.52758065,0,1
4.5280807,0,0
4.5285805,0,1
4.52908055,0,0
4.52958035,0,1
4.53008035,0,0
4.5305801,0,1
4.53108005,0,0
4.53157975,0,1
4.53207975,0,0
4.5325795,0,1
4.5330795,0,0
4.53357925,0,1
4.53407925,0,0
4.53457895,0,1
4.5350789,0,0
4.5355786,0,1
4.5360786,0,0
4.53657835,0,1
4.53707835,0,0
4.5375781,0,1
4.53807805,0,0
4.53857775,0,1
4.53907765,0,0
4.53957735,0,1
4.54007725,0,0
4.540577,0,1
4.541077,0,0
4.54157675,0,1
4.54207675,0,0
4.5425765,0,1
4.54307645,0,0
4.5435762,0,1
4.5440762,0,0
4.54457595,0,1
4.54507595,0,0
4.5455757,0,1
4.54607565,0,0
4.54657545,0,1
4.54707545,0,0
4.54757525,0,1
4.54807525,0,0
4.548575,0,1
4.549075,0,0
4.54957475,0,1
4.5500748,0,0
4.55057455,0,1
4.55107455,0,0
4.5515743,0,1
4.5520743,0,0
4.5525741,0,1
4.5530741,0,0
4.55357385,0,1
4.55407385,0,0
4.5545736,0,1
4.5550736,0,0
4.55557335,0,1
4.55607335,0,0
4.55657305,0,1
4.557073,0,0
4.5575727,0,1
4.5580727,0,0
4.55857245,0,1
4.5590724,0,0
4.5595721,0,1
4.5600721,0,0
4.5605718,0,1
4.56107175,0,0
4.5615715,0,1
4.5620715,0,0
4.5625712,0,1
4.56307115,0,0
4.5635709,0,1
4.56407085,0,0
4.56457055,0,1
4.56507055,0,0
4.56557025,0,1
4.56607025,0,0
4.56656995,0,1
4.5670699,0,0
4.5675696,0,1
4.5680696,0,0
4.5685693,0,1
4.5690693,0,0
4.56956905,0,1
4.57006905,0,0
4.5705688,0,1
4.5710688,0,0
4.5715685,0,1
4.5720685,0,0
4.5725682,0,1
4.57306815,0,0
4.5735679,0,1
4.5740679,0,0
4.57456765,0,1
4.57506765,0,0
4.5755674,0,1
4.57606735,0,0
4.5765671,0,1
4.5770671,0,0
4.5775668,0,1
4.5780668,0,0
4.5785665,0,1
4.57906645,0,0
4.5795662,0,1
4.58006615,0,0
4.5805659,0,1
4.5810659,0,0
4.58156565,0,1
4.58206565,0,0
4.5825654,0,1
4.5830654,0,0
4.58356515,0,1
4.5840652,0,0
4.58456495,0,1
4.585065,0,0
4.5855647,0,1
4.58606465,0,0
4.58656435,0,1
4.5870643,0,0
4.58756405,0,1
4.58806405,0,0
4.58856375,0,1
4.58906375,0,0
4.5895635,0,1
4.5900635,0,0
4.59056325,0,1
4.5910632,0,0
4.59156295,0,1
4.59206295,0,0
4.5925627,0,1
4.5930627,0,0
4.59356245,0,1
4.5940625,0,0
4.59456225,0,1
4.5950623,0,0
4.5955621,0,1
4.5960621,0,0
4.5965619,0,1
4.59706195,0,0
4.5975617,0,1
4.5980617,0,0
4.59856145,0,1
4.59906145,0,0
4.5995612,0,1
4.6000612,0,0
4.60056095,0,1
4.60106095,0,0
4.60156065,0,1
4.60206065,0,0
4.6025604,0,1
4.6030604,0,0
4.60356015,0,1
4.60406015,0,0
4.60455985,0,1
4.6050598,0,0
4.60555955,0,1
4.6060595,0,0
4.60655925,0,1
4.6070592,0,0
4.60755895,0,1
4.60805895,0,0
4.6085587,0,1
4.6090587,0,0
4.60955845,0,1
4.6100585,0,0
4.61055825,0,1
4.6110583,0,0
4.61155805,0,1
4.61205805,0,0
4.61255785,0,1
4.61305785,0,0
4.61355765,0,1
4.61405765,0,0
4.61455745,0,1
4.6150575,0,0
4.61555725,0,1
4.6160572,0,0
4.6165569,0,1
4.6170569,0,0
4.6175567,0,1
4.61805665,0,0
4.61855645,0,1
4.61905645,0,0
4.61955625,0,1
4.62005625,0,0
4.62055605,0,1
4.6210561,0,0
4.6215559,0,1
4.62205595,0,0
4.6225557,0,1
4.6230557,0,0
4.62355545,0,1
4.62405545,0,0
4.6245552,0,1
4.62505525,0,0
4.625555,0,1
4.62605505,0,0
4.6265548,0,1
4.6270548,0,0
4.6275546,0,1
4.6280546,0,0
4.6285544,0,1
4.6290544,0,0
4.62955415,0,1
4.6300542,0,0
4.63055395,0,1
4.63105395,0,0
4.63155375,0,1
4.63205375,0,0
4.63255355,0,1
4.6330536,0,0
4.63355335,0,1
4.63405335,0,0
4.63455315,0,1
4.6350532,0,0
4.635553,0,1
4.63605305,0,0
4.6365529,0,1
4.63705295,0,0
4.63755275,0,1
4.63805275,0,0
4.6385526,0,1
4.6390526,0,0
4.6395524,0,1
4.64005245,0,0
4.6405522,0,1
4.64105225,0,0
4.64155205,0,1
4.64205205,0,0
4.6425518,0,1
4.6430518,0,0
4.6435515,0,1
4.6440515,0,0
4.6445513,0,1
4.64505135,0,0
4.6455511,0,1
4.64605115,0,0
4.6465509,0,1
4.64705085,0,0
4.64755055,0,1
4.64805055,0,0
4.64855025,0,1
4.64905025,0,0
4.64954995,0,1
4.65004995,0,0
4.6505497,0,1
4.6510497,0,0
4.65154945,0,1
4.6520494,0,0
4.65254915,0,1
4.65304915,0,0
4.6535489,0,1
4.65404895,0,0
4.6545487,0,1
4.6550487,0,0
4.6555485,0,1
4.65604855,0,0
4.6565483,0,1
4.65704835,0,0
4.65754815,0,1
4.6580482,0,0
4.658548,0,1
4.65904805,0,0
4.65954785,0,1
4.6600479,0,0
4.66054765,0,1
4.6610477,0,0
4.66154745,0,1
4.6620475,0,0
4.66254725,0,1
4.6630473,0,0
4.6635471,0,1
4.6640471,0,0
4.6645468,0,1
4.66504685,0,0
4.66554665,0,1
4.66604665,0,0
4.6665464,0,1
4.6670464,0,0
4.66754615,0,1
4.66804615,0,0
4.66854595,0,1
4.66904595,0,0
4.66954575,0,1
4.67004575,0,0
4.67054555,0,1
4.67104555,0,0
4.67154535,0,1
4.6720453,0,0
4.6725451,0,1
4.67304515,0,0
4.67354495,0,1
4.67404495,0,0
4.67454475,0,1
4.67504475,0,0
4.67554455,0,1
4.67604455,0,0
4.67654435,0,1
4.6770444,0,0
4.6775442,0,1
4.6780443,0,0
4.67854415,0,1
4.6790442,0,0
4.679544,0,1
4.68004405,0,0
4.68054385,0,1
4.6810439,0,0
4.68154375,0,1
4.6820438,0,0
4.6825436,0,1
4.68304365,0,0
4.68354345,0,1
4.68404345,0,0
4.68454325,0,1
4.68504335,0,0
4.68554315,0,1
4.6860432,0,0
4.68654295,0,1
4.68704305,0,0
4.68754285,0,1
4.6880429,0,0
4.6885427,0,1
4.68904275,0,0
4.68954255,0,1
4.6900426,0,0
4.6905423,0,1
4.69104235,0,0
4.69154205,0,1
4.69204205,0,0
4.69254175,0,1
4.69304175,0,0
4.6935415,0,1
4.6940415,0,0
4.69454125,0,1
4.69504125,0,0
4.695541,0,1
4.69604105,0,0
4.69654085,0,1
4.6970409,0,0
4.6975407,0,1
4.69804075,0,0
4.6985405,0,1
4.6990405,0,0
4.6995403,0,1
4.7000403,0,0
4.7005401,0,1
4.70104015,0,0
4.70153995,0,1
4.70203995,0,0
4.70253975,0,1
4.7030398,0,0
4.70353965,0,1
4.7040397,0,0
4.70453955,0,1
4.7050396,0,0
4.7055394,0,1
4.70603945,0,0
4.7065392,0,1
4.7070392,0,0
4.707539,0,1
4.708039,0,0
4.70853875,0,1
4.70903875,0,0
4.7095385,0,1
4.7100385,0,0
4.7105383,0,1
4.7110383,0,0
4.71153805,0,1
4.712038,0,0
4.71253775,0,1
4.7130377,0,0
4.7135374,0,1
4.71403735,0,0
4.71453705,0,1
4.71503705,0,0
4.7155368,0,1
4.71603675,0,0
4.7165365,0,1
4.7170365,0,0
4.71753625,0,1
4.71803625,0,0
4.718536,0,1
4.719036,0,0
4.7195357,0,1
4.72003565,0,0
4.72053535,0,1
4.72103535,0,0
4.7215351,0,1
4.7220351,0,0
4.72253485,0,1
4.72303485,0,0
4.7235346,0,1
4.7240346,0,0
4.72453435,0,1
4.72503435,0,0
4.7255341,0,1
4.72603415,0,0
4.726534,0,1
4.727034,0,0
4.7275338,0,1
4.7280338,0,0
4.7285336,0,1
4.7290336,0,0
4.7295334,0,1
4.7300334,0,0
4.73053315,0,1
4.7310332,0,0
4.73153295,0,1
4.73203295,0,0
4.7325327,0,1
4.73303275,0,0
4.73353245,0,1
4.7340324,0,0
4.73453215,0,1
4.7350322,0,0
4.735532,0,1
4.73603205,0,0
4.7365318,0,1
4.73703185,0,0
4.7375316,0,1
4.73803165,0,0
4.73853145,0,1
4.73903155,0,0
4.7395314,0,1
4.7400314,0,0
4.7405312,0,1
4.7410313,0,0
4.7415311,0,1
4.74203115,0,0
4.742531,0,1
4.743031,0,0
4.7435308,0,1
4.74403085,0,0
4.7445306,0,1
4.7450306,0,0
4.7455304,0,1
4.74603045,0,0
4.7465302,0,1
4.7470302,0,0
4.74752995,0,1
4.74803,0,0
4.7485298,0,1
4.74902975,0,0
4.74952955,0,1
4.75002955,0,0
4.75052935,0,1
4.75102935,0,0
4.7515291,0,1
4.7520291,0,0
4.75252885,0,1
4.7530289,0,0
4.7535287,0,1
4.75402875,0,0
4.75452855,0,1
4.75502855,0,0
4.75552825,0,1
4.75602825,0,0
4.756528,0,1
4.75702805,0,0
4.7575278,0,1
4.7580278,0,0
4.75852755,0,1
4.7590275,0,0
4.75952725,0,1
4.76002725,0,0
4.76052705,0,1
4.76102705,0,0
4.76152685,0,1
4.7620269,0,0
4.7625267,0,1
4.76302675,0,0
4.7635266,0,1
4.76402665,0,0
4.7645265,0,1
4.76502655,0,0
4.76552635,0,1
4.7660264,0,0
4.7665262,0,1
4.76702625,0,0
4.7675261,0,1
4.76802615,0,0
4.76852595,0,1
4.769026,0,0
4.7695259,0,1
4.77002595,0,0
4.77052575,0,1
4.7710258,0,0
4.77152555,0,1
4.7720256,0,0
4.7725254,0,1
4.77302545,0,0
4.7735252,0,1
4.7740252,0,0
4.77452495,0,1
4.77502495,0,0
4.7755247,0,1
4.77602475,0,0
4.7765245,0,1
4.77702455,0,0
4.7775243,0,1
4.77802435,0,0
4.7785242,0,1
4.7790242,0,0
4.779524,0,1
4.78002405,0,0
4.78052385,0,1
4.78102385,0,0
4.78152365,0,1
4.7820237,0,0
4.78252345,0,1
4.7830235,0,0
4.78352335,0,1
4.7840234,0,0
4.7845232,0,1
4.7850233,0,0
4.78552305,0,1
4.78602315,0,0
4.78652295,0,1
4.787023,0,0
4.7875228,0,1
4.7880229,0,0
4.7885227,0,1
4.78902275,0,0
4.78952255,0,1
4.7900226,0,0
4.7905224,0,1
4.79102235,0,0
4.7915221,0,1
4.79202215,0,0
4.79252195,0,1
4.793022,0,0
4.79352185,0,1
4.7940219,0,0
4.7945217,0,1
4.79502175,0,0
4.79552155,0,1
4.7960216,0,0
4.79652145,0,1
4.7970215,0,0
4.79752125,0,1
4.7980213,0,0
4.79852105,0,1
4.79902105,0,0
4.7995208,0,1
4.80002085,0,0
4.80052065,0,1
4.8010207,0,0
4.80152045,0,1
4.80202045,0,0
4.80252025,0,1
4.80302025,0,0
4.80352,0,1
4.80402005,0,0
4.80451985,0,1
4.80501985,0,0
4.80551965,0,1
4.8060197,0,0
4.80651945,0,1
4.8070195,0,0
4.8075193,0,1
4.8080193,0,0
4.80851905,0,1
4.8090191,0,0
4.8095189,0,1
4.8100189,0,0
4.8105187,0,1
4.8110188,0,0
4.8115186,0,1
4.81201865,0,0
4.81251845,0,1
4.8130185,0,0
4.8135183,0,1
4.8140184,0,0
4.81451815,0,1
4.8150182,0,0
4.815518,0,1
4.81601805,0,0
4.81651785,0,1
4.81701785,0,0
4.81751765,0,1
4.8180177,0,0
4.8185175,0,1
4.8190175,0,0
4.81951725,0,1
4.82001725,0,0
4.82051695,0,1
4.82101685,0,0
4.8215166,0,1
4.82201665,0,0
4.8225164,0,1
4.8230164,0,0
4.8235162,0,1
4.8240162,0,0
4.82451595,0,1
4.825016,0,0
4.82551575,0,1
4.8260158,0,0
4.82651555,0,1
4.82701565,0,0
4.82751545,0,1
4.82801545,0,0
4.82851525,0,1
4.82901525,0,0
4.829515,0,1
4.83001495,0,0
4.8305147,0,1
4.83101465,0,0
4.8315144,0,1
4.83201445,0,0
4.8325142,0,1
4.83301425,0,0
4.833514,0,1
4.834014,0,0
4.8345138,0,1
4.83501375,0,0
4.8355135,0,1
4.83601355,0,0
4.83651335,0,1
4.8370134,0,0
4.8375132,0,1
4.8380132,0,0
4.83851295,0,1
4.83901295,0,0
4.8395127,0,1
4.84001275,0,0
4.8405125,0,1
4.84101245,0,0
4.8415122,0,1
4.84201225,0,0
4.84251205,0,1
4.8430121,0,0
4.8435119,0,1
4.84401195,0,0
4.8445117,0,1
4.8450117,0,0
4.8455115,0,1
4.84601145,0,0
4.84651125,0,1
4.84701125,0,0
4.84751105,0,1
4.84801105,0,0
4.8485108,0,1
4.8490108,0,0
4.84951055,0,1
4.8500105,0,0
4.8505102,0,1
4.8510101,0,0
4.85150985,0,1
4.8520098,0,0
4.8525095,0,1
4.8530095,0,0
4.85350925,0,1
4.85400925,0,0
4.854509,0,1
4.85500905,0,0
4.8555088,0,1
4.85600875,0,0
4.8565085,0,1
4.8570085,0,0
4.85750825,0,1
4.85800815,0,0
4.85850795,0,1
4.85900795,0,0
4.85950765,0,1
4.86000765,0,0
4.8605074,0,1
4.86100735,0,0
4.8615071,0,1
4.8620071,0,0
4.86250685,0,1
4.86300685,0,0
4.8635066,0,1
4.8640066,0,0
4.86450635,0,1
4.8650063,0,0
4.86550605,0,1
4.86600605,0,0
4.86650575,0,1
4.8670058,0,0
4.8675056,0,1
4.8680056,0,0
4.8685054,0,1
4.8690054,0,0
4.86950515,0,1
4.87000515,0,0
4.8705049,0,1
4.8710049,0,0
4.87150465,0,1
4.87200465,0,0
4.8725044,0,1
4.8730044,0,0
4.8735042,0,1
4.8740042,0,0
4.874504,0,1
4.87500395,0,0
4.87550375,0,1
4.87600375,0,0
4.8765035,0,1
4.8770035,0,0
4.8775033,0,1
4.87800325,0,0
4.87850295,0,1
4.87900295,0,0
4.87950265,0,1
4.88000265,0,0
4.88050245,0,1
4.88100235,0,0
4.8815021,0,1
4.8820021,0,0
4.8825018,0,1
4.8830018,0,0
4.8835015,0,1
4.8840015,0,0
4.8845013,0,1
4.88500125,0,0
4.885501,0,1
4.886001,0,0
4.8865008,0,1
4.8870008,0,0
4.8875005,0,1
4.8880005,0,0
4.88850025,0,1
4.88900025,0,0
4.8895,0,1
4.89000005,0,0
4.8904998,0,1
4.89099985,0,0
4.8914996,0,1
4.8919996,0,0
4.89249925,0,1
4.8929992,0,0
4.89349885,0,1
4.8939988,0,0
4.89449855,0,1
4.89499855,0,0
4.8954983,0,1
4.8959983,0,0
4.8964981,0,1
4.89699815,0,0
4.8974979,0,1
4.8979979,0,0
4.8984977,0,1
4.8989977,0,0
4.89949745,0,1
4.8999975,0,0
4.90049725,0,1
4.90099725,0,0
4.9014971,0,1
4.90199715,0,0
4.90249695,0,1
4.90299695,0,0
4.9034968,0,1
4.90399685,0,0
4.9044966,0,1
4.9049966,0,0
4.90549635,0,1
4.90599635,0,0
4.9064961,0,1
4.9069961,0,0
4.90749585,0,1
4.90799585,0,0
4.90849555,0,1
4.90899555,0,0
4.90949535,0,1
4.9099953,0,0
4.910495,0,1
4.910995,0,0
4.91149475,0,1
4.9119947,0,0
4.9124944,0,1
4.91299435,0,0
4.91349405,0,1
4.913994,0,0
4.91449365,0,1
4.9149936,0,0
4.9154933,0,1
4.91599325,0,0
4.91649295,0,1
4.916993,0,0
4.9174927,0,1
4.91799265,0,0
4.91849245,0,1
4.9189924,0,0
4.9194922,0,1
4.91999225,0,0
4.92049195,0,1
4.920992,0,0
4.92149175,0,1
4.92199175,0,0
4.92249145,0,1
4.92299145,0,0
4.9234912,0,1
4.92399115,0,0
4.9244909,0,1
4.92499085,0,0
4.9254906,0,1
4.92599055,0,0
4.92649025,0,1
4.9269902,0,0
4.9274899,0,1
4.9279898,0,0
4.92848955,0,1
4.9289895,0,0
4.9294892,0,1
4.9299892,0,0
4.9304889,0,1
4.9309888,0,0
4.93148855,0,1
4.9319885,0,0
4.93248825,0,1
4.93298825,0,0
4.933488,0,1
4.93398795,0,0
4.93448765,0,1
4.93498765,0,0
4.93548735,0,1
4.93598735,0,0
4.9364871,0,1
4.9369871,0,0
4.93748685,0,1
4.93798685,0,0
4.9384866,0,1
4.93898665,0,0
4.9394864,0,1
4.93998645,0,0
4.9404862,0,1
4.94098615,0,0
4.9414859,0,1
4.94198595,0,0
4.94248565,0,1
4.94298565,0,0
4.9434854,0,1
4.94398535,0,0
4.9444851,0,1
4.94498505,0,0
4.94548475,0,1
4.94598475,0,0
4.9464845,0,1
4.9469845,0,0
4.9474842,0,1
4.9479842,0,0
4.94848395,0,1
4.948984,0,0
4.9494838,0,1
4.94998375,0,0
4.9504835,0,1
4.95098355,0,0
4.9514833,0,1
4.95198335,0,0
4.9524831,0,1
4.95298305,0,0
4.9534828,0,1
4.95398285,0,0
4.95448265,0,1
4.95498265,0,0
4.9554824,0,1
4.95598245,0,0
4.95648225,0,1
4.9569823,0,0
4.9574821,0,1
4.95798215,0,0
4.95848195,0,1
4.958982,0,0
4.9594818,0,1
4.95998185,0,0
4.96048165,0,1
4.9609817,0,0
4.96148145,0,1
4.96198145,0,0
4.9624812,0,1
4.96298125,0,0
4.963481,0,1
4.96398105,0,0
4.9644808,0,1
4.96498085,0,0
4.9654806,0,1
4.96598065,0,0
4.9664804,0,1
4.96698045,0,0
4.9674802,0,1
4.9679802,0,0
4.96848,0,1
4.96898005,0,0
4.96947985,0,1
4.9699799,0,0
4.9704797,0,1
4.97097975,0,0
4.97147955,0,1
4.97197955,0,0
4.97247935,0,1
4.9729794,0,0
4.97347915,0,1
4.97397915,0,0
4.9744789,0,1
4.97497885,0,0
4.9754786,0,1
4.9759786,0,0
4.97647835,0,1
4.97697835,0,0
4.9774781,0,1
4.97797815,0,0
4.97847785,0,1
4.97897785,0,0
4.9794776,0,1
4.9799776,0,0
4.9804773,0,1
4.98097735,0,0
4.98147705,0,1
4.9819771,0,0
4.9824769,0,1
4.98297695,0,0
4.98347675,0,1
4.9839768,0,0
4.9844766,0,1
4.9849766,0,0
4.98547635,0,1
4.9859764,0,0
4.98647615,0,1
4.98697615,0,0
4.9874759,0,1
4.9879759,0,0
4.98847565,0,1
4.9889757,0,0
4.98947545,0,1
4.9899755,0,0
4.99047525,0,1
4.99097525,0,0
4.99147505,0,1
4.9919751,0,0
4.99247485,0,1
4.9929749,0,0
4.99347465,0,1
4.99397465,0,0
4.99447435,0,1
4.99497435,0,0
4.9954741,0,1
4.99597415,0,0
4.996474,0,1
4.99697405,0,0
4.99747385,0,1
4.99797385,0,0
4.9984737,0,1
4.9989737,0,0
4.9994735,0,1
4.99997355,0,0
