timestamp_s,CH0,CH1
0.0,0,0
0.04890865,0,1
0.04940885,0,0
0.0499088,0,1
0.05000305,1,1
0.05040895,1,0
0.05090885,1,1
0.0510365,0,1
0.05140905,0,0
0.05190895,0,1
0.05240915,0,0
0.05290905,0,1
0.05340925,0,0
0.0539092,0,1
0.05440935,0,0
0.05490925,0,1
0.05540935,0,0
0.05590925,0,1
0.0564094,0,0
0.0569093,0,1
0.0574094,0,0
0.0579093,0,1
0.05840945,0,0
0.05890935,0,1
0.0594095,0,0
0.0599094,0,1
0.06040955,0,0
0.0609094,0,1
0.06140955,0,0
0.0619095,0,1
0.0624097,0,0
0.0629096,0,1
0.06340975,0,0
0.06390965,0,1
0.0644098,0,0
0.0649097,0,1
0.06540985,0,0
0.06590975,0,1
0.06640995,0,0
0.06690985,0,1
0.06741005,0,0
0.0679099,0,1
0.0684101,0,0
0.06891,0,1
0.06941015,0,0
0.0699101,0,1
0.0704103,0,0
0.0709102,0,1
0.0714103,0,0
0.07191015,0,1
0.07241025,0,0
0.0729101,0,1
0.0734103,0,0
0.0739102,0,1
0.07441035,0,0
0.07491025,0,1
0.07541045,0,0
0.07591035,0,1
0.0764105,0,0
0.07691045,0,1
0.0774106,0,0
0.0779105,0,1
0.07841065,0,0
0.07891055,0,1
0.0794107,0,0
0.07991065,0,1
0.0804108,0,0
0.0809107,0,1
0.0814108,0,0
0.08191065,0,1
0.0824108,0,0
0.08291065,0,1
0.0834108,0,0
0.0839107,0,1
0.0844108,0,0
0.0849107,0,1
0.08541085,0,0
0.0859108,0,1
0.08641095,0,0
0.0869109,0,1
0.087411,0,0
0.08791095,0,1
0.0884111,0,0
0.088911,0,1
0.0894112,0,0
0.0899111,0,1
0.0904112,0,0
0.0909111,0,1
0.0914112,0,0
0.0919111,0,1
0.09241125,0,0
0.0929112,0,1
0.0934113,0,0
0.0939112,0,1
0.0944113,0,0
0.0949112,0,1
0.0954113,0,0
0.09591115,0,1
0.09641135,0,0
0.0969112,0,1
0.09741135,0,0
0.0979112,0,1
0.09841125,0,0
0.0989111,0,1
0.0994112,0,0
0.09991105,0,1
0.10041115,0,0
0.100911,0,1
0.1014111,0,0
0.10191095,0,1
0.102411,0,0
0.10291085,0,1
0.1034109,0,0
0.10391075,0,1
0.10441085,0,0
0.1049107,0,1
0.10541075,0,0
0.10591065,0,1
0.1064107,0,0
0.1069105,0,1
0.10741055,0,0
0.10791035,0,1
0.10841045,0,0
0.10891025,0,1
0.10941035,0,0
0.10991015,0,1
0.1104102,0,0
0.11091,0,1
0.11141005,0,0
0.1119099,0,1
0.11240995,0,0
0.1129098,0,1
0.11340985,0,0
0.1139097,0,1
0.1144098,0,0
0.11490965,0,1
0.11540975,0,0
0.11590955,0,1
0.11640965,0,0
0.11690945,0,1
0.11740955,0,0
0.1179094,0,1
0.11840955,0,0
0.1189094,0,1
0.1194095,0,0
0.1199093,0,1
0.1204094,0,0
0.12090925,0,1
0.12140935,0,0
0.12190915,0,1
0.1224092,0,0
0.12290905,0,1
0.1234091,0,0
0.123909,0,1
0.12440905,0,0
0.12490895,0,1
0.12540905,0,0
0.1259089,0,1
0.12640895,0,0
0.1269088,0,1
0.1274089,0,0
0.12790875,0,1
0.12840885,0,0
0.1289087,0,1
0.1294088,0,0
0.12990865,0,1
0.13040875,0,0
0.13090855,0,1
0.13140855,0,0
0.13190835,0,1
0.13240835,0,0
0.13290815,0,1
0.13340825,0,0
0.1339081,0,1
0.1344082,0,0
0.13490805,0,1
0.13540815,0,0
0.135908,0,1
0.13640815,0,0
0.136908,0,1
0.1374081,0,0
0.137908,0,1
0.1384081,0,0
0.138908,0,1
0.1394081,0,0
0.13990795,0,1
0.1404081,0,0
0.140908,0,1
0.14140815,0,0
0.141908,0,1
0.14240815,0,0
0.1429081,0,1
0.14340825,0,0
0.14390815,0,1
0.14440825,0,0
0.14490815,0,1
0.1454083,0,0
0.14590815,0,1
0.14640825,0,0
0.1469081,0,1
0.14740825,0,0
0.1479081,0,1
0.14840825,0,0
0.14890815,0,1
0.1494083,0,0
0.1499082,0,1
0.1504083,0,0
0.1509082,0,1
0.15140835,0,0
0.15190825,0,1
0.15240835,0,0
0.1529082,0,1
0.15340835,0,0
0.15390825,0,1
0.1544083,0,0
0.15490815,0,1
0.15540825,0,0
0.15590815,0,1
0.1564082,0,0
0.15690805,0,1
0.1574081,0,0
0.15790795,0,1
0.15840805,0,0
0.1589079,0,1
0.159408,0,0
0.1599078,0,1
0.1604079,0,0
0.16090775,0,1
0.1614079,0,0
0.16190775,0,1
0.16240785,0,0
0.1629077,0,1
0.1634078,0,0
0.1639076,0,1
0.16440765,0,0
0.16490745,0,1
0.16540755,0,0
0.1659074,0,1
0.16640755,0,0
0.1669074,0,1
0.16740755,0,0
0.1679074,0,1
0.16840745,0,0
0.16890735,0,1
0.1694074,0,0
0.1699072,0,1
0.1704073,0,0
0.17090715,0,1
0.1714072,0,0
0.17190705,0,1
0.17240715,0,0
0.172907,0,1
0.1734071,0,0
0.1739069,0,1
0.174407,0,0
0.17490685,0,1
0.17540695,0,0
0.1759068,0,1
0.1764069,0,0
0.1769067,0,1
0.1774068,0,0
0.17790665,0,1
0.1784067,0,0
0.17890655,0,1
0.1794066,0,0
0.17990645,0,1
0.18040655,0,0
0.18090645,0,1
0.1814065,0,0
0.1819064,0,1
0.1824065,0,0
0.1829064,0,1
0.18340655,0,0
0.18390645,0,1
0.18440655,0,0
0.1849064,0,1
0.18540645,0,0
0.1859063,0,1
0.18640635,0,0
0.1869062,0,1
0.1874063,0,0
0.18790615,0,1
0.18840625,0,0
0.18890605,0,1
0.18940615,0,0
0.189906,0,1
0.1904061,0,0
0.190906,0,1
0.1914061,0,0
0.19190595,0,1
0.192406,0,0
0.19290585,0,1
0.19340595,0,0
0.1939058,0,1
0.1944059,0,0
0.1949058,0,1
0.19540595,0,0
0.1959058,0,1
0.1964059,0,0
0.19690575,0,1
0.19740585,0,0
0.19790575,0,1
0.1984058,0,0
0.1989056,0,1
0.19940565,0,0
0.19990545,0,1
0.2004055,0,0
0.20090535,0,1
0.20140545,0,0
0.2019053,0,1
0.20240545,0,0
0.2029053,0,1
0.2034054,0,0
0.2039053,0,1
0.20440535,0,0
0.2049052,0,1
0.20540525,0,0
0.20590505,0,1
0.2064051,0,0
0.2069049,0,1
0.207405,0,0
0.2079048,0,1
0.2084049,0,0
0.2089047,0,1
0.20940475,0,0
0.20990455,0,1
0.2104046,0,0
0.21090445,0,1
0.21140455,0,0
0.21190445,0,1
0.21240455,0,0
0.2129044,0,1
0.21340445,0,0
0.2139043,0,1
0.2144044,0,0
0.21490425,0,1
0.2154043,0,0
0.21590415,0,1
0.21640425,0,0
0.21690405,0,1
0.21740415,0,0
0.21790395,0,1
0.218404,0,0
0.21890385,0,1
0.21940395,0,0
0.2199038,0,1
0.2204039,0,0
0.22090375,0,1
0.22140385,0,0
0.2219037,0,1
0.2224038,0,0
0.22290365,0,1
0.22340375,0,0
0.2239036,0,1
0.22440375,0,0
0.22490365,0,1
0.22540375,0,0
0.2259036,0,1
0.2264037,0,0
0.2269036,0,1
0.2274037,0,0
0.22790355,0,1
0.2284037,0,0
0.2289035,0,1
0.2294036,0,0
0.22990345,0,1
0.2304036,0,0
0.2309035,0,1
0.23140365,0,0
0.2319035,0,1
0.2324036,0,0
0.23290355,0,1
0.2334037,0,0
0.2339036,0,1
0.2344037,0,0
0.2349036,0,1
0.23540375,0,0
0.23590365,0,1
0.2364038,0,0
0.23690375,0,1
0.2374039,0,0
0.23790385,0,1
0.238404,0,0
0.2389039,0,1
0.239404,0,0
0.2399039,0,1
0.24040395,0,0
0.2409038,0,1
0.24140385,0,0
0.2419037,0,1
0.2424038,0,0
0.24290365,0,1
0.2434038,0,0
0.2439037,0,1
0.24440375,0,0
0.2449036,0,1
0.24540375,0,0
0.24590365,0,1
0.2464037,0,0
0.24690355,0,1
0.24740365,0,0
0.2479035,0,1
0.2484036,0,0
0.24890345,0,1
0.2494035,0,0
0.24990335,0,1
0.25040345,0,0
0.25090325,0,1
0.2514033,0,0
0.25190315,0,1
0.25240325,0,0
0.25290305,0,1
0.2534031,0,0
0.25390295,0,1
0.254403,0,0
0.2549029,0,1
0.255403,0,0
0.25590285,0,1
0.25640295,0,0
0.2569028,0,1
0.25740285,0,0
0.2579027,0,1
0.25840275,0,0
0.2589026,0,1
0.2594027,0,0
0.25990255,0,1
0.2604027,0,0
0.2609026,0,1
0.2614027,0,0
0.26190255,0,1
0.2624027,0,0
0.2629026,0,1
0.26340275,0,0
0.2639026,0,1
0.2644027,0,0
0.26490255,0,1
0.26540265,0,0
0.26590245,0,1
0.26640255,0,0
0.2669024,0,1
0.2674025,0,0
0.26790235,0,1
0.26840245,0,0
0.26890225,0,1
0.2694024,0,0
0.26990225,0,1
0.2704024,0,0
0.27090225,0,1
0.27140235,0,0
0.27190225,0,1
0.2724023,0,0
0.27290215,0,1
0.27340225,0,0
0.2739021,0,1
0.27440215,0,0
0.27490205,0,1
0.27540215,0,0
0.275902,0,1
0.27640215,0,0
0.276902,0,1
0.27740215,0,0
0.277902,0,1
0.27840205,0,0
0.2789018,0,1
0.27940185,0,0
0.27990165,0,1
0.2804017,0,0
0.2809015,0,1
0.2814016,0,0
0.2819014,0,1
0.2824015,0,0
0.28290135,0,1
0.2834014,0,0
0.28390125,0,1
0.2844013,0,0
0.2849012,0,1
0.2854013,0,0
0.2859011,0,1
0.2864012,0,0
0.286901,0,1
0.2874011,0,0
0.28790095,0,1
0.28840105,0,0
0.2889009,0,1
0.289401,0,0
0.28990085,0,1
0.29040095,0,0
0.2909008,0,1
0.2914009,0,0
0.2919007,0,1
0.29240075,0,0
0.29290055,0,1
0.2934006,0,0
0.2939004,0,1
0.29440045,0,0
0.29490025,0,1
0.2954002,0,0
0.29589995,0,1
0.29639995,0,0
0.2968997,0,1
0.2973998,0,0
0.29789955,0,1
0.2983996,0,0
0.2988994,0,1
0.29939945,0,0
0.2998993,0,1
0.3003994,0,0
0.30089925,0,1
0.30139935,0,0
0.3018992,0,1
0.30239935,0,0
0.3028992,0,1
0.30339935,0,0
0.3038992,0,1
0.3043993,0,0
0.30489915,0,1
0.3053992,0,0
0.305899,0,1
0.30639905,0,0
0.3068989,0,1
0.30739895,0,0
0.3078988,0,1
0.3083989,0,0
0.3088988,0,1
0.3093989,0,0
0.30989875,0,1
0.31039885,0,0
0.31089865,0,1
0.31139875,0,0
0.3118986,0,1
0.3123987,0,0
0.31289855,0,1
0.31339865,0,0
0.31389845,0,1
0.31439855,0,0
0.3148984,0,1
0.3153985,0,0
0.31589835,0,1
0.3163985,0,0
0.31689835,0,1
0.3173984,0,0
0.31789825,0,1
0.31839835,0,0
0.31889815,0,1
0.3193982,0,0
0.319898,0,1
0.3203981,0,0
0.3208979,0,1
0.32139795,0,0
0.3218978,0,1
0.32239785,0,0
0.32289775,0,1
0.32339785,0,0
0.3238977,0,1
0.32439775,0,0
0.32489755,0,1
0.3253977,0,0
0.32589755,0,1
0.32639765,0,0
0.32689745,0,1
0.32739755,0,0
0.3278974,0,1
0.3283974,0,0
0.32889725,0,1
0.3293973,0,0
0.32989715,0,1
0.33039725,0,0
0.33089715,0,1
0.33139725,0,0
0.3318971,0,1
0.33239715,0,0
0.332897,0,1
0.3333971,0,0
0.33389695,0,1
0.33439705,0,0
0.33489685,0,1
0.33539685,0,0
0.33589665,0,1
0.33639665,0,0
0.3368964,0,1
0.33739645,0,0
0.3378963,0,1
0.33839635,0,0
0.33889615,0,1
0.3393962,0,0
0.339896,0,1
0.34039605,0,0
0.34089585,0,1
0.3413959,0,0
0.3418957,0,1
0.34239575,0,0
0.3428956,0,1
0.34339565,0,0
0.34389545,0,1
0.3443955,0,0
0.34489525,0,1
0.3453953,0,0
0.34589505,0,1
0.3463951,0,0
0.3468949,0,1
0.34739495,0,0
0.3478947,0,1
0.34839475,0,0
0.34889465,0,1
0.3493947,0,0
0.3498946,0,1
0.3503947,0,0
0.3508946,0,1
0.35139475,0,0
0.3518946,0,1
0.35239475,0,0
0.3528946,0,1
0.3533947,0,0
0.35389455,0,1
0.3543946,0,0
0.35489445,0,1
0.35539455,0,0
0.3558944,0,1
0.35639455,0,0
0.3568944,0,1
0.35739455,0,0
0.35789445,0,1
0.35839455,0,0
0.3588944,0,1
0.3593945,0,0
0.3598944,0,1
0.3603945,0,0
0.3608944,0,1
0.3613945,0,0
0.3618944,0,1
0.3623945,0,0
0.36289435,0,1
0.3633944,0,0
0.3638942,0,1
0.3643943,0,0
0.36489415,0,1
0.36539425,0,0
0.3658941,0,1
0.36639415,0,0
0.366894,0,1
0.3673941,0,0
0.367894,0,1
0.3683941,0,0
0.368894,0,1
0.3693941,0,0
0.369894,0,1
0.3703941,0,0
0.37089395,0,1
0.371394,0,0
0.37189385,0,1
0.3723939,0,0
0.3728937,0,1
0.3733938,0,0
0.3738936,0,1
0.3743937,0,0
0.37489355,0,1
0.3753936,0,0
0.37589345,0,1
0.3763935,0,0
0.37689335,0,1
0.3773935,0,0
0.37789335,0,1
0.3783935,0,0
0.37889335,0,1
0.3793934,0,0
0.37989325,0,1
0.38039335,0,0
0.3808932,0,1
0.38139335,0,0
0.38189325,0,1
0.38239335,0,0
0.38289325,0,1
0.38339335,0,0
0.38389325,0,1
0.38439335,0,0
0.38489325,0,1
0.38539335,0,0
0.38589325,0,1
0.3863934,0,0
0.3868933,0,1
0.38739345,0,0
0.3878933,0,1
0.3883934,0,0
0.38889325,0,1
0.38939335,0,0
0.38989325,0,1
0.39039335,0,0
0.39089315,0,1
0.3913932,0,0
0.39189305,0,1
0.39239315,0,0
0.39289295,0,1
0.3933931,0,0
0.39389295,0,1
0.3943931,0,0
0.39489295,0,1
0.39539305,0,0
0.3958929,0,1
0.396393,0,0
0.39689285,0,1
0.3973929,0,0
0.3978927,0,1
0.39839275,0,0
0.3988926,0,1
0.39939265,0,0
0.3998925,0,1
0.40039255,0,0
0.40089235,0,1
0.40139245,0,0
0.4018923,0,1
0.40239235,0,0
0.40289215,0,1
0.40339225,0,0
0.4038921,0,1
0.40439225,0,0
0.4048921,0,1
0.4053922,0,0
0.40589205,0,1
0.40639215,0,0
0.406892,0,1
0.4073921,0,0
0.407892,0,1
0.40839215,0,0
0.408892,0,1
0.40939215,0,0
0.40989205,0,1
0.4103922,0,0
0.4108921,0,1
0.4113922,0,0
0.41189205,0,1
0.4123922,0,0
0.4128921,0,1
0.4133922,0,0
0.4138921,0,1
0.4143922,0,0
0.41489205,0,1
0.4153922,0,0
0.41589205,0,1
0.4163922,0,0
0.4168921,0,1
0.41739225,0,0
0.4178921,0,1
0.4183923,0,0
0.41889215,0,1
0.41939225,0,0
0.41989215,0,1
0.42039225,0,0
0.4208921,0,1
0.4213922,0,0
0.42189205,0,1
0.4223922,0,0
0.4228921,0,1
0.4233922,0,0
0.42389205,0,1
0.4243922,0,0
0.4248921,0,1
0.42539225,0,0
0.4258921,0,1
0.4263922,0,0
0.42689205,0,1
0.42739215,0,0
0.427892,0,1
0.4283921,0,0
0.4288919,0,1
0.429392,0,0
0.4298919,0,1
0.430392,0,0
0.43089185,0,1
0.43139195,0,0
0.4318918,0,1
0.43239195,0,0
0.4328918,0,1
0.4333919,0,0
0.43389175,0,1
0.43439185,0,0
0.43489175,0,1
0.43539185,0,0
0.4358917,0,1
0.43639185,0,0
0.4368917,0,1
0.43739175,0,0
0.43789165,0,1
0.43839175,0,0
0.43889165,0,1
0.4393917,0,0
0.4398916,0,1
0.4403917,0,0
0.4408916,0,1
0.4413917,0,0
0.4418916,0,1
0.44239175,0,0
0.44289165,0,1
0.44339175,0,0
0.4438916,0,1
0.4443917,0,0
0.44489155,0,1
0.4453916,0,0
0.44589145,0,1
0.4463915,0,0
0.4468913,0,1
0.4473914,0,0
0.4478912,0,1
0.44839125,0,0
0.44889105,0,1
0.4493911,0,0
0.449891,0,1
0.45039105,0,0
0.4508909,0,1
0.451391,0,0
0.45189085,0,1
0.4523909,0,0
0.45289075,0,1
0.45339085,0,0
0.4538907,0,1
0.45439075,0,0
0.4548906,0,1
0.4553907,0,0
0.45589055,0,1
0.45639065,0,0
0.4568905,0,1
0.45739055,0,0
0.45789045,0,1
0.4583905,0,0
0.4588903,0,1
0.45939035,0,0
0.4598902,0,1
0.4603903,0,0
0.4608901,0,1
0.4613902,0,0
0.4618901,0,1
0.46239025,0,0
0.46289005,0,1
0.46339015,0,0
0.46388995,0,1
0.46439005,0,0
0.4648899,0,1
0.46539,0,0
0.46588985,0,1
0.4663899,0,0
0.4668897,0,1
0.4673898,0,0
0.4678896,0,1
0.4683896,0,0
0.4688894,0,1
0.46938945,0,0
0.4698893,0,1
0.4703894,0,0
0.4708892,0,1
0.47138925,0,0
0.47188905,0,1
0.47238915,0,0
0.472889,0,1
0.4733891,0,0
0.4738889,0,1
0.47438895,0,0
0.4748887,0,1
0.47538875,0,0
0.47588855,0,1
0.4763886,0,0
0.47688845,0,1
0.47738845,0,0
0.47788825,0,1
0.4783883,0,0
0.47888815,0,1
0.47938825,0,0
0.4798881,0,1
0.4803882,0,0
0.480888,0,1
0.48138805,0,0
0.4818879,0,1
0.482388,0,0
0.48288785,0,1
0.4833879,0,0
0.4838877,0,1
0.4843878,0,0
0.48488765,0,1
0.4853877,0,0
0.48588755,0,1
0.48638765,0,0
0.4868875,0,1
0.48738755,0,0
0.4878874,0,1
0.48838745,0,0
0.48888725,0,1
0.4893873,0,0
0.48988715,0,1
0.49038715,0,0
0.4908869,0,1
0.49138695,0,0
0.4918868,0,1
0.49238685,0,0
0.49288665,0,1
0.4933867,0,0
0.49388655,0,1
0.4943866,0,0
0.49488645,0,1
0.49538655,0,0
0.4958864,0,1
0.4963865,0,0
0.49688635,0,1
0.49738645,0,0
0.4978863,0,1
0.49838635,0,0
0.4988862,0,1
0.4993863,0,0
0.4998861,0,1
0.5003862,0,0
0.500886,0,1
0.5013861,0,0
0.50188595,0,1
0.50238605,0,0
0.50288585,0,1
0.50338595,0,0
0.50388575,0,1
0.50438585,0,0
0.5048857,0,1
0.5053858,0,0
0.50588565,0,1
0.5063857,0,0
0.50688555,0,1
0.50738565,0,0
0.50788555,0,1
0.50838565,0,0
0.5088855,0,1
0.50938555,0,0
0.50988535,0,1
0.51038545,0,0
0.5108853,0,1
0.5113854,0,0
0.5118852,0,1
0.5123853,0,0
0.5128851,0,1
0.51338515,0,0
0.51388495,0,1
0.51438505,0,0
0.51488495,0,1
0.51538505,0,0
0.5158849,0,1
0.51638495,0,0
0.51688475,0,1
0.51738485,0,0
0.51788465,0,1
0.5183847,0,0
0.5188845,0,1
0.5193846,0,0
0.5198844,0,1
0.5203844,0,0
0.5208842,0,1
0.52138425,0,0
0.52188405,0,1
0.52238405,0,0
0.52288385,0,1
0.5233839,0,0
0.5238837,0,1
0.52438375,0,0
0.52488355,0,1
0.52538365,0,0
0.5258834,0,1
0.52638345,0,0
0.5268833,0,1
0.52738335,0,0
0.5278832,0,1
0.5283833,0,0
0.5288831,0,1
0.52938315,0,0
0.5298829,0,1
0.53038295,0,0
0.53088275,0,1
0.53138275,0,0
0.53188255,0,1
0.5323826,0,0
0.53288245,0,1
0.5333825,0,0
0.5338823,0,1
0.53438235,0,0
0.5348821,0,1
0.53538215,0,0
0.53588195,0,1
0.53638195,0,0
0.53688175,0,1
0.5373818,0,0
0.5378816,0,1
0.5383817,0,0
0.5388815,0,1
0.5393816,0,0
0.5398814,0,1
0.54038145,0,0
0.54088125,0,1
0.5413813,0,0
0.54188115,0,1
0.54238125,0,0
0.5428811,0,1
0.5433812,0,0
0.54388105,0,1
0.5443811,0,0
0.54488095,0,1
0.54538105,0,0
0.5458808,0,1
0.5463809,0,0
0.5468807,0,1
0.5473807,0,0
0.54788055,0,1
0.5483806,0,0
0.5488804,0,1
0.5493805,0,0
0.5498803,0,1
0.55038035,0,0
0.5508801,0,1
0.55138015,0,0
0.55187995,0,1
0.55238,0,0
0.5528798,0,1
0.55337985,0,0
0.55387965,0,1
0.5543797,0,0
0.55487945,0,1
0.5553795,0,0
0.55587925,0,1
0.5563793,0,0
0.5568791,0,1
0.55737915,0,0
0.5578789,0,1
0.55837895,0,0
0.55887875,0,1
0.5593788,0,0
0.5598786,0,1
0.5603786,0,0
0.5608784,0,1
0.5613784,0,0
0.5618782,0,1
0.56237825,0,0
0.562878,0,1
0.56337805,0,0
0.56387785,0,1
0.5643779,0,0
0.5648777,0,1
0.5653777,0,0
0.56587745,0,1
0.56637755,0,0
0.56687735,0,1
0.5673774,0,0
0.5678772,0,1
0.56837725,0,0
0.568877,0,1
0.56937705,0,0
0.5698769,0,1
0.5703769,0,0
0.5708767,0,1
0.57137665,0,0
0.5718764,0,1
0.5723764,0,0
0.57287625,0,1
0.57337625,0,0
0.57387605,0,1
0.5743761,0,0
0.57487595,0,1
0.57537605,0,0
0.5758759,0,1
0.576376,0,0
0.5768758,0,1
0.57737585,0,0
0.57787565,0,1
0.5783757,0,0
0.5788755,0,1
0.5793756,0,0
0.57987545,0,1
0.58037555,0,0
0.5808754,0,1
0.58137545,0,0
0.5818753,0,1
0.58237535,0,0
0.58287515,0,1
0.5833753,0,0
0.58387515,0,1
0.58437525,0,0
0.58487505,0,1
0.58537515,0,0
0.58587495,0,1
0.586375,0,0
0.5868748,0,1
0.58737485,0,0
0.5878747,0,1
0.5883748,0,0
0.5888746,0,1
0.5893747,0,0
0.58987455,0,1
0.5903746,0,0
0.59087445,0,1
0.59137455,0,0
0.5918744,0,1
0.59237455,0,0
0.59287435,0,1
0.59337445,0,0
0.5938743,0,1
0.5943743,0,0
0.5948741,0,1
0.5953742,0,0
0.59587395,0,1
0.596374,0,0
0.59687385,0,1
0.5973739,0,0
0.59787375,0,1
0.5983738,0,0
0.59887365,0,1
0.59937375,0,0
0.59987365,0,1
0.6003737,0,0
0.60087355,0,1
0.6013736,0,0
0.60187345,0,1
0.60237355,0,0
0.6028734,0,1
0.6033735,0,0
0.6038733,0,1
0.6043734,0,0
0.6048732,0,1
0.6053733,0,0
0.6058731,0,1
0.60637315,0,0
0.606873,0,1
0.6073731,0,0
0.607873,0,1
0.60837305,0,0
0.6088729,0,1
0.60937295,0,0
0.6098728,0,1
0.61037285,0,0
0.6108727,0,1
0.61137275,0,0
0.6118726,0,1
0.6123727,0,0
0.61287255,0,1
0.61337265,0,0
0.6138725,0,1
0.61437265,0,0
0.61487255,0,1
0.61537265,0,0
0.6158725,0,1
0.6163726,0,0
0.61687245,0,1
0.61737255,0,0
0.61787245,0,1
0.61837255,0,0
0.6188724,0,1
0.61937255,0,0
0.6198724,0,1
0.6203726,0,0
0.62087245,0,1
0.62137255,0,0
0.62187245,0,1
0.62237255,0,0
0.6228725,0,1
0.6233726,0,0
0.62387255,0,1
0.62437265,0,0
0.62487255,0,1
0.62537265,0,0
0.62587255,0,1
0.6263727,0,0
0.62687255,0,1
0.62737265,0,0
0.62787255,0,1
0.6283727,0,0
0.6288726,0,1
0.6293727,0,0
0.62987255,0,1
0.6303726,0,0
0.63087245,0,1
0.63137255,0,0
0.6318724,0,1
0.6323725,0,0
0.6328723,0,1
0.6333724,0,0
0.63387225,0,1
0.63437235,0,0
0.6348722,0,1
0.6353723,0,0
0.63587215,0,1
0.6363722,0,0
0.63687205,0,1
0.63737215,0,0
0.637872,0,1
0.63837205,0,0
0.63887185,0,1
0.6393719,0,0
0.63987175,0,1
0.64037185,0,0
0.64087165,0,1
0.64137175,0,0
0.6418716,0,1
0.6423717,0,0
0.6428716,0,1
0.6433717,0,0
0.6438716,0,1
0.6443717,0,0
0.64487155,0,1
0.64537165,0,0
0.64587155,0,1
0.64637165,0,0
0.6468715,0,1
0.6473716,0,0
0.6478715,0,1
0.64837165,0,0
0.64887155,0,1
0.6493717,0,0
0.64987155,0,1
0.6503717,0,0
0.65087155,0,1
0.6513717,0,0
0.6518716,0,1
0.6523718,0,0
0.65287175,0,1
0.65337185,0,0
0.6538718,0,1
0.65437195,0,0
0.65487185,0,1
0.65537195,0,0
0.65587185,0,1
0.656372,0,0
0.65687185,0,1
0.65737205,0,0
0.65787195,0,1
0.6583721,0,0
0.65887195,0,1
0.6593721,0,0
0.659872,0,1
0.6603722,0,0
0.6608721,0,1
0.66137225,0,0
0.66187215,0,1
0.66237225,0,0
0.6628721,0,1
0.6633722,0,0
0.66387205,0,1
0.66437215,0,0
0.66487205,0,1
0.6653721,0,0
0.66587195,0,1
0.6663721,0,0
0.666872,0,1
0.66737215,0,0
0.6678721,0,1
0.66837225,0,0
0.66887215,0,1
0.6693723,0,0
0.66987215,0,1
0.67037235,0,0
0.67087225,0,1
0.6713724,0,0
0.6718723,0,1
0.6723724,0,0
0.6728723,0,1
0.6733724,0,0
0.67387225,0,1
0.6743724,0,0
0.67487225,0,1
0.67537235,0,0
0.6758722,0,1
0.6763723,0,0
0.6768722,0,1
0.67737235,0,0
0.67787225,0,1
0.67837235,0,0
0.67887225,0,1
0.6793724,0,0
0.67987225,0,1
0.68037235,0,0
0.6808722,0,1
0.68137235,0,0
0.6818722,0,1
0.6823723,0,0
0.6828722,0,1
0.6833723,0,0
0.6838721,0,1
0.6843722,0,0
0.68487205,0,1
0.68537215,0,0
0.685872,0,1
0.68637205,0,0
0.6868719,0,1
0.687372,0,0
0.6878718,0,1
0.6883719,0,0
0.68887175,0,1
0.6893719,0,0
0.6898718,0,1
0.690372,0,0
0.6908719,0,1
0.691372,0,0
0.6918719,0,1
0.692372,0,0
0.69287185,0,1
0.69337195,0,0
0.69387175,0,1
0.6943718,0,0
0.69487165,0,1
0.6953717,0,0
0.69587155,0,1
0.6963716,0,0
0.69687135,0,1
0.69737135,0,0
0.69787105,0,1
0.698371,0,0
0.69887075,0,1
0.6993708,0,0
0.69987055,0,1
0.7003706,0,0
0.70087045,0,1
0.70137055,0,0
0.70187035,0,1
0.70237045,0,0
0.7028703,0,1
0.70337035,0,0
0.70387015,0,1
0.7043702,0,0
0.70487005,0,1
0.70537015,0,0
0.70587,0,1
0.70637005,0,0
0.7068699,0,1
0.70737,0,0
0.70786985,0,1
0.7083699,0,0
0.70886975,0,1
0.7093698,0,0
0.70986965,0,1
0.71036975,0,0
0.71086955,0,1
0.71136965,0,0
0.71186945,0,1
0.71236955,0,0
0.71286935,0,1
0.7133694,0,0
0.71386925,0,1
0.71436925,0,0
0.7148691,0,1
0.71536915,0,0
0.71586895,0,1
0.716369,0,0
0.7168689,0,1
0.717369,0,0
0.7178688,0,1
0.7183689,0,0
0.71886875,0,1
0.7193688,0,0
0.71986865,0,1
0.72036875,0,0
0.7208686,0,1
0.7213687,0,0
0.72186855,0,1
0.7223686,0,0
0.72286845,0,1
0.7233685,0,0
0.7238683,0,1
0.7243684,0,0
0.7248682,0,1
0.72536825,0,0
0.7258681,0,1
0.72636815,0,0
0.726868,0,1
0.72736805,0,0
0.72786785,0,1
0.7283679,0,0
0.7288677,0,1
0.72936775,0,0
0.72986755,0,1
0.7303676,0,0
0.7308675,0,1
0.7313676,0,0
0.73186745,0,1
0.73236755,0,0
0.73286745,0,1
0.73336755,0,0
0.7338674,0,1
0.7343675,0,0
0.73486735,0,1
0.7353675,0,0
0.73586735,0,1
0.73636745,0,0
0.73686735,0,1
0.73736745,0,0
0.73786735,0,1
0.73836745,0,0
0.7388673,0,1
0.7393674,0,0
0.73986725,0,1
0.74036735,0,0
0.7408672,0,1
0.74136735,0,0
0.7418672,0,1
0.74236735,0,0
0.74286725,0,1
0.7433674,0,0
0.74386725,0,1
0.7443674,0,0
0.7448673,0,1
0.7453674,0,0
0.74586725,0,1
0.7463673,0,0
0.74686715,0,1
0.7473672,0,0
0.74786705,0,1
0.74836715,0,0
0.748867,0,1
0.7493671,0,0
0.749867,0,1
0.7503671,0,0
0.75086695,0,1
0.7513671,0,0
0.75186695,0,1
0.75236705,0,0
0.7528669,0,1
0.753367,0,0
0.75386685,0,1
0.75436695,0,0
0.7548668,0,1
0.75536685,0,0
0.7558666,0,1
0.7563666,0,0
0.75686645,0,1
0.75736655,0,0
0.7578664,0,1
0.7583665,0,0
0.75886635,0,1
0.75936645,0,0
0.7598663,0,1
0.7603664,0,0
0.76086625,0,1
0.76136635,0,0
0.7618662,0,1
0.7623663,0,0
0.76286615,0,1
0.76336625,0,0
0.7638661,0,1
0.7643662,0,0
0.764866,0,1
0.76536605,0,0
0.76586585,0,1
0.76636595,0,0
0.7668658,0,1
0.7673659,0,0
0.76786575,0,1
0.7683658,0,0
0.76886565,0,1
0.76936575,0,0
0.76986555,0,1
0.77036565,0,0
0.7708655,0,1
0.77136555,0,0
0.7718654,0,1
0.7723655,0,0
0.7728653,0,1
0.7733654,0,0
0.7738652,0,1
0.77436525,0,0
0.77486505,0,1
0.7753651,0,0
0.7758649,0,1
0.77636495,0,0
0.77686475,0,1
0.7773648,0,0
0.77786455,0,1
0.77836465,0,0
0.77886445,0,1
0.7793645,0,0
0.7798643,0,1
0.7803643,0,0
0.78086405,0,1
0.7813641,0,0
0.78186385,0,1
0.78236395,0,0
0.78286375,0,1
0.7833638,0,0
0.7838636,0,1
0.78436365,0,0
0.78486345,0,1
0.7853635,0,0
0.7858633,0,1
0.7863633,0,0
0.7868631,0,1
0.7873631,0,0
0.7878629,0,1
0.78836295,0,0
0.7888627,0,1
0.78936275,0,0
0.7898626,0,1
0.79036265,0,0
0.79086245,0,1
0.7913625,0,0
0.79186235,0,1
0.7923625,0,0
0.7928623,0,1
0.79336245,0,0
0.7938623,0,1
0.7943624,0,0
0.7948623,0,1
0.79536235,0,0
0.79586215,0,1
0.7963622,0,0
0.79686205,0,1
0.7973621,0,0
0.7978619,0,1
0.7983619,0,0
0.79886165,0,1
0.7993617,0,0
0.7998615,0,1
0.80036155,0,0
0.80086135,0,1
0.8013614,0,0
0.80186115,0,1
0.8023612,0,0
0.802861,0,1
0.8033611,0,0
0.8038609,0,1
0.80436095,0,0
0.80486075,0,1
0.80536075,0,0
0.80586055,0,1
0.80636055,0,0
0.80686035,0,1
0.8073604,0,0
0.80786025,0,1
0.8083603,0,0
0.8088601,0,1
0.8093601,0,0
0.8098599,0,1
0.8103599,0,0
0.8108597,0,1
0.81135975,0,0
0.81185955,0,1
0.8123596,0,0
0.81285935,0,1
0.81335935,0,0
0.81385915,0,1
0.8143592,0,0
0.81485905,0,1
0.8153591,0,0
0.815859,0,1
0.8163591,0,0
0.8168589,0,1
0.817359,0,0
0.8178588,0,1
0.81835885,0,0
0.8188587,0,1
0.8193587,0,0
0.81985855,0,1
0.8203586,0,0
0.82085835,0,1
0.8213584,0,0
0.82185825,0,1
0.8223583,0,0
0.8228581,0,1
0.8233582,0,0
0.82385805,0,1
0.82435815,0,0
0.82485795,0,1
0.82535805,0,0
0.8258579,0,1
0.826358,0,0
0.82685785,0,1
0.8273579,0,0
0.8278577,0,1
0.8283578,0,0
0.82885765,0,1
0.82935765,0,0
0.82985745,0,1
0.83035745,0,0
0.8308573,0,1
0.83135735,0,0
0.83185715,0,1
0.83235715,0,0
0.8328569,0,1
0.83335695,0,0
0.83385675,0,1
0.8343568,0,0
0.8348566,0,1
0.83535665,0,0
0.83585645,0,1
0.83635645,0,0
0.8368562,0,1
0.8373562,0,0
0.83785595,0,1
0.83835595,0,0
0.83885575,0,1
0.83935575,0,0
0.8398555,0,1
0.84035555,0,0
0.8408553,0,1
0.84135535,0,0
0.8418552,0,1
0.8423552,0,0
0.842855,0,1
0.84335505,0,0
0.84385485,0,1
0.8443549,0,0
0.8448547,0,1
0.84535475,0,0
0.84585445,0,1
0.8463545,0,0
0.84685425,0,1
0.84735425,0,0
0.84785405,0,1
0.8483541,0,0
0.84885385,0,1
0.8493539,0,0
0.8498537,0,1
0.8503537,0,0
0.85085345,0,1
0.85135355,0,0
0.85185335,0,1
0.85235335,0,0
0.8528531,0,1
0.8533531,0,0
0.85385285,0,1
0.8543529,0,0
0.85485265,0,1
0.8553527,0,0
0.8558524,0,1
0.8563524,0,0
0.85685215,0,1
0.85735215,0,0
0.8578519,0,1
0.8583519,0,0
0.8588516,0,1
0.85935155,0,0
0.8598513,0,1
0.86035125,0,0
0.860851,0,1
0.861351,0,0
0.86185075,0,1
0.8623508,0,0
0.8628506,0,1
0.86335065,0,0
0.8638504,0,1
0.86435045,0,0
0.8648502,0,1
0.8653502,0,0
0.86585,0,1
0.86635,0,0
0.8668498,0,1
0.8673498,0,0
0.8678496,0,1
0.86834965,0,0
0.8688494,0,1
0.8693494,0,0
0.8698492,0,1
0.87034925,0,0
0.870849,0,1
0.87134905,0,0
0.87184885,0,1
0.8723489,0,0
0.87284865,0,1
0.8733487,0,0
0.87384855,0,1
0.8743486,0,0
0.87484845,0,1
0.8753485,0,0
0.8758483,0,1
0.8763483,0,0
0.8768481,0,1
0.87734815,0,0
0.8778479,0,1
0.8783479,0,0
0.8788477,0,1
0.8793477,0,0
0.87984755,0,1
0.8803476,0,0
0.88084735,0,1
0.8813474,0,0
0.8818472,0,1
0.8823472,0,0
0.88284695,0,1
0.883347,0,0
0.8838468,0,1
0.88434685,0,0
0.88484665,0,1
0.8853467,0,0
0.88584645,0,1
0.88634645,0,0
0.88684625,0,1
0.88734625,0,0
0.88784595,0,1
0.888346,0,0
0.8888458,0,1
0.8893458,0,0
0.8898456,0,1
0.8903457,0,0
0.89084545,0,1
0.8913455,0,0
0.89184525,0,1
0.8923453,0,0
0.8928451,0,1
0.8933451,0,0
0.89384485,0,1
0.89434485,0,0
0.8948446,0,1
0.89534465,0,0
0.89584445,0,1
0.8963445,0,0
0.8968443,0,1
0.89734435,0,0
0.89784415,0,1
0.8983442,0,0
0.89884395,0,1
0.89934405,0,0
0.89984385,0,1
0.9003439,0,0
0.9008437,0,1
0.90134375,0,0
0.90184355,0,1
0.9023436,0,0
0.9028434,0,1
0.9033435,0,0
0.9038433,0,1
0.90434335,0,0
0.90484315,0,1
0.9053432,0,0
0.905843,0,1
0.90634305,0,0
0.90684275,0,1
0.9073428,0,0
0.90784255,0,1
0.9083426,0,0
0.90884235,0,1
0.9093424,0,0
0.9098422,0,1
0.9103422,0,0
0.910842,0,1
0.91134205,0,0
0.9118418,0,1
0.9123418,0,0
0.9128416,0,1
0.91334165,0,0
0.91384135,0,1
0.9143414,0,0
0.91484115,0,1
0.9153412,0,0
0.915841,0,1
0.916341,0,0
0.9168408,0,1
0.9173408,0,0
0.9178406,0,1
0.9183406,0,0
0.9188404,0,1
0.9193404,0,0
0.9198402,0,1
0.92034025,0,0
0.9208401,0,1
0.9213401,0,0
0.9218399,0,1
0.9223399,0,0
0.9228397,0,1
0.92333975,0,0
0.92383955,0,1
0.9243396,0,0
0.9248394,0,1
0.92533945,0,0
0.9258392,0,1
0.92633925,0,0
0.92683895,0,1
0.927339,0,0
0.92783875,0,1
0.9283388,0,0
0.9288386,0,1
0.92933865,0,0
0.92983845,0,1
0.9303385,0,0
0.9308383,0,1
0.93133835,0,0
0.9318382,0,1
0.9323383,0,0
0.9328381,0,1
0.93333815,0,0
0.93383795,0,1
0.93433795,0,0
0.9348377,0,1
0.93533775,0,0
0.93583755,0,1
0.9363376,0,0
0.9368374,0,1
0.93733745,0,0
0.9378372,0,1
0.93833725,0,0
0.938837,0,1
0.939337,0,0
0.93983675,0,1
0.94033675,0,0
0.94083655,0,1
0.9413366,0,0
0.9418364,0,1
0.94233645,0,0
0.94283625,0,1
0.9433363,0,0
0.9438361,0,1
0.94433615,0,0
0.9448359,0,1
0.9453359,0,0
0.9458357,0,1
0.9463357,0,0
0.94683545,0,1
0.94733545,0,0
0.94783525,0,1
0.9483352,0,0
0.948835,0,1
0.94933505,0,0
0.9498348,0,1
0.9503348,0,0
0.9508345,0,1
0.95133445,0,0
0.95183415,0,1
0.95233415,0,0
0.9528339,0,1
0.9533339,0,0
0.95383365,0,1
0.9543337,0,0
0.9548335,0,1
0.95533355,0,0
0.9558333,0,1
0.95633335,0,0
0.9568331,0,1
0.95733305,0,0
0.95783285,0,1
0.95833285,0,0
0.9588327,0,1
0.9593327,0,0
0.9598325,0,1
0.9603326,0,0
0.9608324,0,1
0.96133245,0,0
0.9618322,0,1
0.9623322,0,0
0.962832,0,1
0.96333205,0,0
0.9638318,0,1
0.9643318,0,0
0.9648316,0,1
0.96533165,0,0
0.96583145,0,1
0.9663315,0,0
0.9668313,0,1
0.9673314,0,0
0.9678312,0,1
0.96833125,0,0
0.9688311,0,1
0.96933115,0,0
0.96983095,0,1
0.97033095,0,0
0.9708308,0,1
0.97133085,0,0
0.97183065,0,1
0.97233075,0,0
0.97283055,0,1
0.9733306,0,0
0.97383045,0,1
0.97433055,0,0
0.9748304,0,1
0.97533045,0,0
0.9758303,0,1
0.97633035,0,0
0.9768302,0,1
0.97733035,0,0
0.9778302,0,1
0.9783303,0,0
0.97883015,0,1
0.97933025,0,0
0.9798301,0,1
0.9803302,0,0
0.98083005,0,1
0.98133015,0,0
0.98183,0,1
0.9823301,0,0
0.98282995,0,1
0.98333005,0,0
0.9838299,0,1
0.98432995,0,0
0.98482975,0,1
0.9853298,0,0
0.9858296,0,1
0.98632965,0,0
0.98682945,0,1
0.98732945,0,0
0.98782925,0,1
0.98832925,0,0
0.98882905,0,1
0.98932915,0,0
0.98982895,0,1
0.99032905,0,0
0.9908289,0,1
0.99132895,0,0
0.9918288,0,1
0.99232885,0,0
0.9928287,0,1
0.99332875,0,0
0.99382865,0,1
0.99432875,0,0
0.99482855,0,1
0.99532865,0,0
0.9958285,0,1
0.9963286,0,0
0.9968284,0,1
0.99732845,0,0
0.99782825,0,1
0.99832825,0,0
0.99882805,0,1
0.9993281,0,0
0.99982785,0,1
1.00032795,0,0
1.00082775,0,1
1.0013278,0,0
1.00182765,0,1
1.0023277,0,0
1.0028276,0,1
1.00332765,0,0
1.00382745,0,1
1.00432755,0,0
1.0048273,0,1
1.00532735,0,0
1.0058271,0,1
1.00632715,0,0
1.0068269,0,1
1.00732695,0,0
1.00782675,0,1
1.0083268,0,0
1.0088266,0,1
1.0093266,0,0
1.00982645,0,1
1.01032655,0,0
1.0108264,0,1
1.0113265,0,0
1.0118264,0,1
1.01232655,0,0
1.0128264,0,1
1.01332655,0,0
1.01382645,0,1
1.0143266,0,0
1.0148265,0,1
1.0153266,0,0
1.01582645,0,1
1.01632655,0,0
1.0168264,0,1
1.0173265,0,0
1.0178263,0,1
1.0183264,0,0
1.0188262,0,1
1.0193263,0,0
1.0198261,0,1
1.02032615,0,0
1.020826,0,1
1.02132605,0,0
1.02182585,0,1
1.0223259,0,0
1.0228257,0,1
1.0233257,0,0
1.0238255,0,1
1.02432555,0,0
1.0248253,0,1
1.02532535,0,0
1.02582505,0,1
1.02632505,0,0
1.02682485,0,1
1.0273249,0,0
1.02782465,0,1
1.0283247,0,0
1.0288245,0,1
1.0293245,0,0
1.0298243,0,1
1.03032435,0,0
1.03082415,0,1
1.03132415,0,0
1.03182395,0,1
1.03232395,0,0
1.0328238,0,1
1.0333238,0,0
1.0338236,0,1
1.03432365,0,0
1.0348234,0,1
1.0353234,0,0
1.03582315,0,1
1.03632315,0,0
1.03682295,0,1
1.03732295,0,0
1.0378227,0,1
1.0383227,0,0
1.03882245,0,1
1.03932245,0,0
1.0398222,0,1
1.04032225,0,0
1.04082205,0,1
1.04132205,0,0
1.04182185,0,1
1.0423219,0,0
1.04282165,0,1
1.0433217,0,0
1.0438215,0,1
1.04432155,0,0
1.04482135,0,1
1.04532145,0,0
1.0458212,0,1
1.0463212,0,0
1.04682095,0,1
1.04732095,0,0
1.04782075,0,1
1.0483208,0,0
1.04882055,0,1
1.0493206,0,0
1.0498204,0,1
1.04994875,1,1
1.0503204,1,0
1.05082015,1,1
1.05094775,0,1
1.05132015,0,0
1.0518199,0,1
1.05231995,0,0
1.0528197,0,1
1.05331975,0,0
1.05381955,0,1
1.0543196,0,0
1.05481935,0,1
1.05531935,0,0
1.05581915,0,1
1.0563192,0,0
1.05681895,0,1
1.05731905,0,0
1.05781885,0,1
1.0583189,0,0
1.0588187,0,1
1.0593187,0,0
1.05981845,0,1
1.06031855,0,0
1.06081835,0,1
1.06131835,0,0
1.06181815,0,1
1.0623182,0,0
1.062818,0,1
1.06331805,0,0
1.06381785,0,1
1.0643179,0,0
1.06481775,0,1
1.0653178,0,0
1.0658176,0,1
1.06631765,0,0
1.0668175,0,1
1.06731755,0,0
1.0678173,0,1
1.06831735,0,0
1.06881715,0,1
1.0693172,0,0
1.069817,0,1
1.070317,0,0
1.07081675,0,1
1.07131675,0,0
1.07181655,0,1
1.0723166,0,0
1.0728164,0,1
1.0733164,0,0
1.07381625,0,1
1.0743163,0,0
1.07481605,0,1
1.07531605,0,0
1.07581585,0,1
1.0763159,0,0
1.0768157,0,1
1.0773158,0,0
1.07781565,0,1
1.07831575,0,0
1.0788156,0,1
1.0793157,0,0
1.07981555,0,1
1.08031565,0,0
1.0808155,0,1
1.08131555,0,0
1.08181535,0,1
1.0823154,0,0
1.0828152,0,1
1.08331525,0,0
1.08381505,0,1
1.0843151,0,0
1.0848149,0,1
1.085315,0,0
1.0858148,0,1
1.0863149,0,0
1.08681465,0,1
1.0873147,0,0
1.0878145,0,1
1.08831455,0,0
1.0888144,0,1
1.0893145,0,0
1.08981435,0,1
1.0903144,0,0
1.0908142,0,1
1.09131425,0,0
1.091814,0,1
1.09231405,0,0
1.09281375,0,1
1.0933138,0,0
1.09381355,0,1
1.09431365,0,0
1.09481345,0,1
1.0953135,0,0
1.0958133,0,1
1.0963134,0,0
1.09681315,0,1
1.09731325,0,0
1.09781305,0,1
1.09831315,0,0
1.09881295,0,1
1.099313,0,0
1.0998128,0,1
1.10031285,0,0
1.1008126,0,1
1.10131265,0,0
1.10181235,0,1
1.10231235,0,0
1.1028121,0,1
1.1033121,0,0
1.1038119,0,1
1.10431195,0,0
1.10481175,0,1
1.10531175,0,0
1.10581155,0,1
1.1063116,0,0
1.1068114,0,1
1.10731145,0,0
1.10781125,0,1
1.10831125,0,0
1.108811,0,1
1.109311,0,0
1.10981075,0,1
1.1103107,0,0
1.11081045,0,1
1.11131045,0,0
1.11181015,0,1
1.1123102,0,0
1.11281,0,1
1.11330995,0,0
1.11380975,0,1
1.1143098,0,0
1.1148096,0,1
1.11530965,0,0
1.11580935,0,1
1.1163093,0,0
1.1168091,0,1
1.11730915,0,0
1.1178089,0,1
1.11830895,0,0
1.11880875,0,1
1.1193088,0,0
1.1198086,0,1
1.12030865,0,0
1.12080845,0,1
1.12130845,0,0
1.1218082,0,1
1.12230825,0,0
1.12280805,0,1
1.1233081,0,0
1.1238079,0,1
1.12430795,0,0
1.12480775,0,1
1.12530775,0,0
1.12580755,0,1
1.12630755,0,0
1.1268073,0,1
1.1273073,0,0
1.12780705,0,1
1.12830705,0,0
1.1288068,0,1
1.12930685,0,0
1.12980665,0,1
1.13030665,0,0
1.13080645,0,1
1.13130645,0,0
1.13180625,0,1
1.13230625,0,0
1.13280605,0,1
1.1333061,0,0
1.1338059,0,1
1.1343059,0,0
1.1348057,0,1
1.13530575,0,0
1.1358055,0,1
1.13630555,0,0
1.13680535,0,1
1.1373054,0,0
1.13780515,0,1
1.1383051,0,0
1.13880485,0,1
1.1393049,0,0
1.1398046,0,1
1.14030465,0,0
1.1408044,0,1
1.1413045,0,0
1.14180425,0,1
1.1423043,0,0
1.1428041,0,1
1.14330415,0,0
1.1438039,0,1
1.14430395,0,0
1.14480375,0,1
1.1453038,0,0
1.1458036,0,1
1.1463036,0,0
1.1468034,0,1
1.14730345,0,0
1.14780325,0,1
1.14830325,0,0
1.14880305,0,1
1.1493031,0,0
1.14980285,0,1
1.15030295,0,0
1.1508027,0,1
1.1513028,0,0
1.1518026,0,1
1.15230265,0,0
1.15280245,0,1
1.1533025,0,0
1.15380225,0,1
1.15430225,0,0
1.15480205,0,1
1.15530205,0,0
1.15580185,0,1
1.1563019,0,0
1.1568017,0,1
1.15730175,0,0
1.1578015,0,1
1.1583016,0,0
1.1588014,0,1
1.15930145,0,0
1.1598013,0,1
1.1603014,0,0
1.1608012,0,1
1.16130125,0,0
1.16180105,0,1
1.1623011,0,0
1.16280085,0,1
1.1633009,0,0
1.16380065,0,1
1.16430065,0,0
1.16480045,0,1
1.16530045,0,0
1.16580025,0,1
1.1663003,0,0
1.16680005,0,1
1.1673,0,0
1.16779975,0,1
1.16829975,0,0
1.16879945,0,1
1.16929945,0,0
1.16979915,0,1
1.1702991,0,0
1.17079885,0,1
1.1712988,0,0
1.17179855,0,1
1.17229855,0,0
1.1727983,0,1
1.1732983,0,0
1.17379805,0,1
1.174298,0,0
1.17479775,0,1
1.17529775,0,0
1.1757975,0,1
1.1762975,0,0
1.17679725,0,1
1.17729725,0,0
1.177797,0,1
1.178297,0,0
1.1787968,0,1
1.17929675,0,0
1.17979655,0,1
1.18029655,0,0
1.1807963,0,1
1.1812963,0,0
1.1817961,0,1
1.1822962,0,0
1.182796,0,1
1.18329605,0,0
1.1837959,0,1
1.184296,0,0
1.1847958,0,1
1.1852959,0,0
1.18579575,0,1
1.1862958,0,0
1.1867956,0,1
1.18729565,0,0
1.18779545,0,1
1.1882955,0,0
1.1887953,0,1
1.1892954,0,0
1.1897952,0,1
1.19029525,0,0
1.19079505,0,1
1.19129515,0,0
1.19179495,0,1
1.192295,0,0
1.1927948,0,1
1.1932949,0,0
1.1937947,0,1
1.19429475,0,0
1.19479455,0,1
1.19529465,0,0
1.19579445,0,1
1.19629455,0,0
1.1967944,0,1
1.19729445,0,0
1.1977943,0,1
1.19829435,0,0
1.19879415,0,1
1.19929425,0,0
1.1997941,0,1
1.20029415,0,0
1.20079395,0,1
1.201294,0,0
1.2017938,0,1
1.20229385,0,0
1.20279365,0,1
1.2032937,0,0
1.2037935,0,1
1.2042936,0,0
1.2047934,0,1
1.20529345,0,0
1.2057933,0,1
1.2062933,0,0
1.20679305,0,1
1.2072931,0,0
1.20779285,0,1
1.20829285,0,0
1.20879265,0,1
1.20929265,0,0
1.2097924,0,1
1.21029245,0,0
1.2107922,0,1
1.2112922,0,0
1.211792,0,1
1.21229205,0,0
1.21279185,0,1
1.21329185,0,0
1.21379165,0,1
1.2142917,0,0
1.2147915,0,1
1.2152916,0,0
1.2157914,0,1
1.21629145,0,0
1.21679125,0,1
1.2172913,0,0
1.21779115,0,1
1.2182912,0,0
1.21879105,0,1
1.2192911,0,0
1.21979095,0,1
1.220291,0,0
1.22079085,0,1
1.22129095,0,0
1.22179075,0,1
1.2222908,0,0
1.22279065,0,1
1.2232907,0,0
1.2237905,0,1
1.22429055,0,0
1.2247904,0,1
1.22529045,0,0
1.22579025,0,1
1.2262903,0,0
1.22679015,0,1
1.22729015,0,0
1.22779,0,1
1.22829,0,0
1.2287898,0,1
1.22928985,0,0
1.22978965,0,1
1.23028965,0,0
1.2307894,0,1
1.23128945,0,0
1.2317893,0,1
1.2322894,0,0
1.2327892,0,1
1.2332893,0,0
1.23378915,0,1
1.23428925,0,0
1.23478905,0,1
1.23528915,0,0
1.235789,0,1
1.2362891,0,0
1.2367889,0,1
1.237289,0,0
1.23778885,0,1
1.2382889,0,0
1.23878875,0,1
1.2392889,0,0
1.2397887,0,1
1.24028875,0,0
1.24078855,0,1
1.2412886,0,0
1.24178845,0,1
1.2422885,0,0
1.24278835,0,1
1.2432884,0,0
1.24378825,0,1
1.2442883,0,0
1.24478815,0,1
1.24528825,0,0
1.24578805,0,1
1.2462881,0,0
1.2467879,0,1
1.24728795,0,0
1.2477878,0,1
1.24828785,0,0
1.24878765,0,1
1.24928775,0,0
1.24978755,0,1
1.2502876,0,0
1.25078745,0,1
1.25128755,0,0
1.25178735,0,1
1.25228745,0,0
1.25278725,0,1
1.25328735,0,0
1.2537872,0,1
1.2542873,0,0
1.2547871,0,1
1.25528715,0,0
1.25578705,0,1
1.2562871,0,0
1.25678695,0,1
1.25728705,0,0
1.25778685,0,1
1.2582869,0,0
1.25878675,0,1
1.2592868,0,0
1.25978665,0,1
1.2602868,0,0
1.2607867,0,1
1.2612868,0,0
1.2617867,0,1
1.2622868,0,0
1.26278665,0,1
1.2632868,0,0
1.26378665,0,1
1.26428675,0,0
1.2647866,0,1
1.26528665,0,0
1.2657865,0,1
1.2662866,0,0
1.26678645,0,1
1.2672865,0,0
1.2677863,0,1
1.2682862,0,0
1.2687859,0,1
1.2692859,0,0
1.26978565,0,1
1.27028565,0,0
1.2707854,0,1
1.27128545,0,0
1.2717852,0,1
1.2722853,0,0
1.2727851,0,1
1.27328515,0,0
1.273785,0,1
1.274285,0,0
1.2747848,0,1
1.27528485,0,0
1.27578465,0,1
1.2762847,0,0
1.2767845,0,1
1.2772845,0,0
1.27778435,0,1
1.2782844,0,0
1.2787842,0,1
1.2792842,0,0
1.279784,0,1
1.280284,0,0
1.2807838,0,1
1.28128385,0,0
1.2817836,0,1
1.28228365,0,0
1.2827835,0,1
1.28328355,0,0
1.2837834,0,1
1.28428345,0,0
1.2847833,0,1
1.28528335,0,0
1.2857832,0,1
1.28628325,0,0
1.286783,0,1
1.28728305,0,0
1.28778285,0,1
1.2882829,0,0
1.28878265,0,1
1.2892827,0,0
1.2897825,0,1
1.2902825,0,0
1.2907823,0,1
1.29128235,0,0
1.2917821,0,1
1.29228215,0,0
1.29278195,0,1
1.293282,0,0
1.29378185,0,1
1.29428195,0,0
1.29478175,0,1
1.2952817,0,0
1.29578145,0,1
1.29628145,0,0
1.2967812,0,1
1.2972812,0,0
1.29778105,0,1
1.29828105,0,0
1.29878085,0,1
1.2992809,0,0
1.2997807,0,1
1.3002807,0,0
1.3007805,0,1
1.30128055,0,0
1.30178035,0,1
1.30228035,0,0
1.30278015,0,1
1.3032802,0,0
1.30377995,0,1
1.30428005,0,0
1.30477985,0,1
1.3052799,0,0
1.3057797,0,1
1.3062798,0,0
1.30677965,0,1
1.30727975,0,0
1.3077796,0,1
1.3082797,0,0
1.3087795,0,1
1.3092796,0,0
1.30977945,0,1
1.31027955,0,0
1.3107794,0,1
1.3112795,0,0
1.3117793,0,1
1.31227935,0,0
1.3127792,0,1
1.31327925,0,0
1.31377905,0,1
1.3142791,0,0
1.31477885,0,1
1.3152789,0,0
1.3157787,0,1
1.31627875,0,0
1.31677855,0,1
1.3172786,0,0
1.3177784,0,1
1.31827845,0,0
1.31877825,0,1
1.31927825,0,0
1.31977795,0,1
1.320278,0,0
1.3207778,0,1
1.3212778,0,0
1.32177755,0,1
1.32227755,0,0
1.32277735,0,1
1.3232773,0,0
1.323777,0,1
1.32427695,0,0
1.3247767,0,1
1.3252767,0,0
1.3257764,0,1
1.3262764,0,0
1.3267761,0,1
1.3272761,0,0
1.3277759,0,1
1.3282759,0,0
1.3287757,0,1
1.32927565,0,0
1.3297754,0,1
1.33027535,0,0
1.3307751,0,1
1.3312751,0,0
1.3317748,0,1
1.3322748,0,0
1.3327745,0,1
1.3332744,0,0
1.3337741,0,1
1.3342741,0,0
1.3347738,0,1
1.33527375,0,0
1.3357735,0,1
1.33627345,0,0
1.3367732,0,1
1.3372732,0,0
1.33777295,0,1
1.33827295,0,0
1.33877265,0,1
1.33927265,0,0
1.3397724,0,1
1.34027235,0,0
1.34077215,0,1
1.34127215,0,0
1.3417719,0,1
1.34227185,0,0
1.34277155,0,1
1.34327155,0,0
1.3437713,0,1
1.34427125,0,0
1.34477105,0,1
1.34527105,0,0
1.34577085,0,1
1.3462708,0,0
1.34677055,0,1
1.34727055,0,0
1.34777035,0,1
1.3482703,0,0
1.34877005,0,1
1.34927,0,0
1.34976975,0,1
1.3502697,0,0
1.35076945,0,1
1.3512694,0,0
1.35176915,0,1
1.3522691,0,0
1.35276885,0,1
1.35326885,0,0
1.3537686,0,1
1.35426855,0,0
1.35476825,0,1
1.35526825,0,0
1.355768,0,1
1.35626805,0,0
1.35676785,0,1
1.3572679,0,0
1.3577677,0,1
1.3582678,0,0
1.3587676,0,1
1.35926765,0,0
1.35976745,0,1
1.36026745,0,0
1.36076725,0,1
1.3612673,0,0
1.36176705,0,1
1.3622671,0,0
1.3627669,0,1
1.36326695,0,0
1.36376675,0,1
1.36426675,0,0
1.36476655,0,1
1.36526665,0,0
1.3657664,0,1
1.3662665,0,0
1.36676635,0,1
1.3672664,0,0
1.3677662,0,1
1.3682663,0,0
1.36876615,0,1
1.3692662,0,0
1.369766,0,1
1.37026605,0,0
1.37076585,0,1
1.3712659,0,0
1.37176575,0,1
1.3722658,0,0
1.37276565,0,1
1.3732657,0,0
1.37376555,0,1
1.3742656,0,0
1.3747654,0,1
1.37526545,0,0
1.3757653,0,1
1.37626535,0,0
1.37676515,0,1
1.3772652,0,0
1.377765,0,1
1.37826505,0,0
1.37876485,0,1
1.37926485,0,0
1.37976465,0,1
1.3802647,0,0
1.3807645,0,1
1.3812646,0,0
1.3817644,0,1
1.3822645,0,0
1.3827643,0,1
1.3832644,0,0
1.38376415,0,1
1.38426425,0,0
1.38476405,0,1
1.38526415,0,0
1.3857639,0,1
1.3862639,0,0
1.38676365,0,1
1.3872637,0,0
1.3877635,0,1
1.38826355,0,0
1.3887634,0,1
1.3892635,0,0
1.38976335,0,1
1.39026345,0,0
1.3907633,0,1
1.39126345,0,0
1.3917633,0,1
1.3922634,0,0
1.3927632,0,1
1.3932633,0,0
1.3937632,0,1
1.3942633,0,0
1.3947631,0,1
1.39526315,0,0
1.39576295,0,1
1.396263,0,0
1.3967628,0,1
1.39726285,0,0
1.39776265,0,1
1.3982627,0,0
1.3987625,0,1
1.39926255,0,0
1.39976235,0,1
1.40026235,0,0
1.40076215,0,1
1.40126215,0,0
1.4017619,0,1
1.4022619,0,0
1.4027617,0,1
1.4032618,0,0
1.4037616,0,1
1.40426165,0,0
1.4047615,0,1
1.40526155,0,0
1.4057614,0,1
1.40626145,0,0
1.40676125,0,1
1.4072613,0,0
1.4077611,0,1
1.40826115,0,0
1.40876095,0,1
1.409261,0,0
1.40976075,0,1
1.4102608,0,0
1.41076065,0,1
1.4112607,0,0
1.4117605,0,1
1.41226055,0,0
1.4127604,0,1
1.4132605,0,0
1.4137603,0,1
1.41426035,0,0
1.4147601,0,1
1.4152601,0,0
1.4157599,0,1
1.4162599,0,0
1.4167597,0,1
1.41725975,0,0
1.4177595,0,1
1.41825955,0,0
1.41875935,0,1
1.4192594,0,0
1.4197592,0,1
1.42025925,0,0
1.42075905,0,1
1.4212591,0,0
1.4217589,0,1
1.422259,0,0
1.42275885,0,1
1.42325895,0,0
1.4237588,0,1
1.42425885,0,0
1.4247586,0,1
1.42525865,0,0
1.42575845,0,1
1.42625845,0,0
1.4267582,0,1
1.42725825,0,0
1.42775805,0,1
1.42825805,0,0
1.42875785,0,1
1.4292579,0,0
1.42975765,0,1
1.43025765,0,0
1.43075745,0,1
1.4312574,0,0
1.4317572,0,1
1.4322572,0,0
1.43275695,0,1
1.43325695,0,0
1.4337567,0,1
1.4342567,0,0
1.4347565,0,1
1.4352565,0,0
1.43575625,0,1
1.43625625,0,0
1.4367561,0,1
1.43725615,0,0
1.43775595,0,1
1.43825605,0,0
1.4387559,0,1
1.43925595,0,0
1.43975575,0,1
1.4402558,0,0
1.4407556,0,1
1.44125565,0,0
1.4417554,0,1
1.44225545,0,0
1.4427552,0,1
1.44325525,0,0
1.44375505,0,1
1.4442551,0,0
1.4447549,0,1
1.44525495,0,0
1.44575475,0,1
1.44625475,0,0
1.44675445,0,1
1.44725445,0,0
1.44775425,0,1
1.4482543,0,0
1.4487541,0,1
1.4492541,0,0
1.4497539,0,1
1.45025395,0,0
1.4507537,0,1
1.4512537,0,0
1.45175345,0,1
1.45225345,0,0
1.4527532,0,1
1.4532532,0,0
1.453753,0,1
1.454253,0,0
1.4547528,0,1
1.45525285,0,0
1.45575265,0,1
1.45625265,0,0
1.45675245,0,1
1.4572525,0,0
1.4577523,0,1
1.4582523,0,0
1.458752,0,1
1.459252,0,0
1.45975165,0,1
1.46025165,0,0
1.46075145,0,1
1.4612515,0,0
1.46175135,0,1
1.4622514,0,0
1.4627512,0,1
1.46325125,0,0
1.46375105,0,1
1.46425105,0,0
1.46475085,0,1
1.4652509,0,0
1.46575075,0,1
1.4662508,0,0
1.4667506,0,1
1.46725065,0,0
1.46775045,0,1
1.4682505,0,0
1.4687503,0,1
1.46925035,0,0
1.4697501,0,1
1.47025015,0,0
1.47074995,0,1
1.47124995,0,0
1.4717497,0,1
1.47224975,0,0
1.47274955,0,1
1.47324955,0,0
1.47374935,0,1
1.4742494,0,0
1.47474925,0,1
1.4752493,0,0
1.4757491,0,1
1.4762492,0,0
1.476749,0,1
1.47724905,0,0
1.47774885,0,1
1.4782489,0,0
1.4787487,0,1
1.47924875,0,0
1.4797485,0,1
1.4802485,0,0
1.48074825,0,1
1.4812482,0,0
1.4817479,0,1
1.4822479,0,0
1.48274765,0,1
1.4832476,0,0
1.48374735,0,1
1.4842473,0,0
1.48474705,0,1
1.485247,0,0
1.48574675,0,1
1.4862467,0,0
1.48674645,0,1
1.48724645,0,0
1.4877462,0,1
1.4882462,0,0
1.48874595,0,1
1.48924595,0,0
1.4897457,0,1
1.4902457,0,0
1.4907454,0,1
1.4912454,0,0
1.49174515,0,1
1.4922451,0,0
1.4927448,0,1
1.49324475,0,0
1.4937445,0,1
1.49424445,0,0
1.49474415,0,1
1.49524415,0,0
1.4957439,0,1
1.49624385,0,0
1.49674365,0,1
1.4972436,0,0
1.49774335,0,1
1.49824335,0,0
1.49874315,0,1
1.49924315,0,0
1.49974295,0,1
1.50024295,0,0
1.50074275,0,1
1.5012428,0,0
1.50174255,0,1
1.5022426,0,0
1.50274245,0,1
1.50324255,0,0
1.5037424,0,1
1.50424245,0,0
1.5047423,0,1
1.5052423,0,0
1.5057421,0,1
1.50624215,0,0
1.50674195,0,1
1.50724195,0,0
1.50774175,0,1
1.5082418,0,0
1.5087416,0,1
1.50924165,0,0
1.5097414,0,1
1.51024145,0,0
1.51074125,0,1
1.51124125,0,0
1.51174105,0,1
1.51224105,0,0
1.5127408,0,1
1.51324085,0,0
1.51374065,0,1
1.51424075,0,0
1.5147405,0,1
1.51524045,0,0
1.51574025,0,1
1.5162403,0,0
1.5167401,0,1
1.5172402,0,0
1.51774,0,1
1.5182401,0,0
1.5187399,0,1
1.51923995,0,0
1.51973975,0,1
1.5202397,0,0
1.52073945,0,1
1.52123945,0,0
1.52173925,0,1
1.5222393,0,0
1.52273905,0,1
1.5232391,0,0
1.52373885,0,1
1.5242389,0,0
1.52473865,0,1
1.52523865,0,0
1.5257384,0,1
1.5262384,0,0
1.52673815,0,1
1.52723815,0,0
1.5277379,0,1
1.5282379,0,0
1.5287376,0,1
1.5292376,0,0
1.52973735,0,1
1.5302374,0,0
1.5307372,0,1
1.5312372,0,0
1.531737,0,1
1.532237,0,0
1.53273675,0,1
1.53323675,0,0
1.5337365,0,1
1.5342365,0,0
1.5347363,0,1
1.53523635,0,0
1.53573615,0,1
1.53623615,0,0
1.53673595,0,1
1.537236,0,0
1.53773575,0,1
1.5382358,0,0
1.5387356,0,1
1.53923565,0,0
1.5397354,0,1
1.5402354,0,0
1.54073515,0,1
1.54123515,0,0
1.54173495,0,1
1.5422349,0,0
1.54273465,0,1
1.5432346,0,0
1.54373435,0,1
1.54423435,0,0
1.54473415,0,1
1.54523415,0,0
1.54573395,0,1
1.54623395,0,0
1.5467337,0,1
1.5472337,0,0
1.5477335,0,1
1.54823355,0,0
1.54873325,0,1
1.5492333,0,0
1.5497331,0,1
1.55023315,0,0
1.55073295,0,1
1.551233,0,0
1.55173275,0,1
1.55223275,0,0
1.55273255,0,1
1.5532326,0,0
1.55373235,0,1
1.5542324,0,0
1.5547322,0,1
1.55523225,0,0
1.55573205,0,1
1.5562321,0,0
1.5567319,0,1
1.55723195,0,0
1.5577318,0,1
1.55823185,0,0
1.5587316,0,1
1.55923165,0,0
1.55973145,0,1
1.56023155,0,0
1.5607314,0,1
1.5612315,0,0
1.5617313,0,1
1.5622314,0,0
1.5627312,0,1
1.56323125,0,0
1.5637311,0,1
1.56423115,0,0
1.56473095,0,1
1.56523105,0,0
1.56573085,0,1
1.5662309,0,0
1.56673075,0,1
1.56723085,0,0
1.5677307,0,1
1.5682307,0,0
1.56873055,0,1
1.56923065,0,0
1.5697305,0,1
1.57023055,0,0
1.5707304,0,1
1.5712305,0,0
1.5717303,0,1
1.5722304,0,0
1.57273025,0,1
1.57323025,0,0
1.57373005,0,1
1.57423015,0,0
1.57473,0,1
1.5752301,0,0
1.57572995,0,1
1.57623005,0,0
1.57672995,0,1
1.57723005,0,0
1.5777299,0,1
1.57823,0,0
1.5787299,0,1
1.57923,0,0
1.5797299,0,1
1.58023,0,0
1.58072985,0,1
1.58122995,0,0
1.5817298,0,1
1.5822299,0,0
1.5827297,0,1
1.58322985,0,0
1.58372965,0,1
1.58422975,0,0
1.58472955,0,1
1.58522965,0,0
1.58572955,0,1
1.58622965,0,0
1.5867295,0,1
1.5872296,0,0
1.58772945,0,1
1.58822955,0,0
1.58872935,0,1
1.5892294,0,0
1.58972925,0,1
1.59022935,0,0
1.59072915,0,1
1.59122925,0,0
1.5917291,0,1
1.59222915,0,0
1.592729,0,1
1.593229,0,0
1.59372885,0,1
1.59422895,0,0
1.59472875,0,1
1.59522885,0,0
1.5957287,0,1
1.59622875,0,0
1.59672855,0,1
1.5972286,0,0
1.59772845,0,1
1.5982285,0,0
1.5987283,0,1
1.5992284,0,0
1.5997282,0,1
1.60022825,0,0
1.60072805,0,1
1.6012281,0,0
1.6017279,0,1
1.6022279,0,0
1.6027277,0,1
1.60322775,0,0
1.6037275,0,1
1.60422755,0,0
1.6047273,0,1
1.60522735,0,0
1.60572715,0,1
1.6062272,0,0
1.606727,0,1
1.60722705,0,0
1.60772685,0,1
1.60822685,0,0
1.6087267,0,1
1.6092267,0,0
1.6097265,0,1
1.6102265,0,0
1.6107263,0,1
1.61122635,0,0
1.61172615,0,1
1.6122262,0,0
1.612726,0,1
1.6132261,0,0
1.6137259,0,1
1.614226,0,0
1.6147258,0,1
1.6152258,0,0
1.6157256,0,1
1.61622565,0,0
1.61672545,0,1
1.6172255,0,0
1.6177253,0,1
1.61822535,0,0
1.6187251,0,1
1.61922515,0,0
1.61972495,0,1
1.62022495,0,0
1.62072475,0,1
1.6212248,0,0
1.6217246,0,1
1.6222246,0,0
1.62272445,0,1
1.62322445,0,0
1.6237242,0,1
1.6242242,0,0
1.62472395,0,1
1.625224,0,0
1.62572375,0,1
1.62622385,0,0
1.62672365,0,1
1.6272237,0,0
1.6277235,0,1
1.62822355,0,0
1.6287234,0,1
1.62922345,0,0
1.62972325,0,1
1.6302233,0,0
1.6307231,0,1
1.63122315,0,0
1.63172295,0,1
1.632223,0,0
1.6327228,0,1
1.63322285,0,0
1.63372265,0,1
1.6342227,0,0
1.6347225,0,1
1.63522255,0,0
1.6357223,0,1
1.63622235,0,0
1.6367222,0,1
1.63722225,0,0
1.637722,0,1
1.6382221,0,0
1.63872185,0,1
1.63922195,0,0
1.63972175,0,1
1.6402218,0,0
1.6407216,0,1
1.6412217,0,0
1.64172145,0,1
1.64222155,0,0
1.64272135,0,1
1.6432214,0,0
1.6437212,0,1
1.6442213,0,0
1.6447211,0,1
1.6452212,0,0
1.64572095,0,1
1.646221,0,0
1.6467208,0,1
1.64722085,0,0
1.64772065,0,1
1.6482207,0,0
1.64872045,0,1
1.64922045,0,0
1.64972015,0,1
1.65022015,0,0
1.65071995,0,1
1.65122005,0,0
1.65171985,0,1
1.65221985,0,0
1.65271965,0,1
1.65321965,0,0
1.6537194,0,1
1.6542195,0,0
1.65471925,0,1
1.65521935,0,0
1.6557191,0,1
1.65621915,0,0
1.6567189,0,1
1.6572189,0,0
1.6577187,0,1
1.65821875,0,0
1.65871855,0,1
1.6592186,0,0
1.65971835,0,1
1.66021845,0,0
1.66071825,0,1
1.66121825,0,0
1.66171805,0,1
1.6622181,0,0
1.66271795,0,1
1.66321795,0,0
1.66371775,0,1
1.6642178,0,0
1.66471765,0,1
1.6652177,0,0
1.6657175,0,1
1.66621755,0,0
1.66671735,0,1
1.6672174,0,0
1.66771715,0,1
1.6682172,0,0
1.668717,0,1
1.66921705,0,0
1.66971685,0,1
1.6702169,0,0
1.6707167,0,1
1.6712168,0,0
1.67171655,0,1
1.6722166,0,0
1.6727164,0,1
1.67321645,0,0
1.67371625,0,1
1.6742163,0,0
1.67471615,0,1
1.6752162,0,0
1.67571605,0,1
1.67621605,0,0
1.67671585,0,1
1.67721595,0,0
1.67771575,0,1
1.67821575,0,0
1.67871555,0,1
1.6792156,0,0
1.6797154,0,1
1.6802155,0,0
1.6807153,0,1
1.6812153,0,0
1.68171515,0,1
1.6822152,0,0
1.68271495,0,1
1.68321505,0,0
1.68371485,0,1
1.6842149,0,0
1.6847147,0,1
1.68521475,0,0
1.68571455,0,1
1.6862146,0,0
1.6867144,0,1
1.6872145,0,0
1.6877143,0,1
1.6882144,0,0
1.6887142,0,1
1.6892143,0,0
1.6897141,0,1
1.69021415,0,0
1.6907139,0,1
1.691214,0,0
1.6917138,0,1
1.6922138,0,0
1.69271365,0,1
1.6932137,0,0
1.6937135,0,1
1.69421355,0,0
1.6947133,0,1
1.6952133,0,0
1.6957131,0,1
1.6962131,0,0
1.6967129,0,1
1.697213,0,0
1.6977128,0,1
1.6982129,0,0
1.69871275,0,1
1.6992128,0,0
1.69971265,0,1
1.70021265,0,0
1.7007125,0,1
1.70121255,0,0
1.70171235,0,1
1.7022124,0,0
1.7027122,0,1
1.7032123,0,0
1.7037121,0,1
1.7042122,0,0
1.704712,0,1
1.7052121,0,0
1.7057119,0,1
1.70621195,0,0
1.7067118,0,1
1.7072118,0,0
1.70771165,0,1
1.7082117,0,0
1.7087115,0,1
1.70921155,0,0
1.70971135,0,1
1.71021145,0,0
1.71071125,0,1
1.7112113,0,0
1.7117111,0,1
1.7122111,0,0
1.71271085,0,1
1.7132109,0,0
1.71371065,0,1
1.7142107,0,0
1.7147105,0,1
1.71521055,0,0
1.7157104,0,1
1.71621045,0,0
1.71671025,0,1
1.71721025,0,0
1.71771,0,1
1.71821,0,0
1.7187098,0,1
1.7192098,0,0
1.71970955,0,1
1.7202096,0,0
1.72070945,0,1
1.7212095,0,0
1.7217093,0,1
1.7222094,0,0
1.7227092,0,1
1.72320925,0,0
1.72370905,0,1
1.7242091,0,0
1.7247089,0,1
1.725209,0,0
1.72570885,0,1
1.7262089,0,0
1.72670875,0,1
1.7272088,0,0
1.7277086,0,1
1.72820865,0,0
1.7287084,0,1
1.72920845,0,0
1.7297082,0,1
1.7302082,0,0
1.73070795,0,1
1.731208,0,0
1.7317078,0,1
1.7322079,0,0
1.7327077,0,1
1.73320775,0,0
1.73370755,0,1
1.7342076,0,0
1.73470745,0,1
1.7352075,0,0
1.7357073,0,1
1.7362074,0,0
1.7367072,0,1
1.73720725,0,0
1.737707,0,1
1.738207,0,0
1.7387068,0,1
1.73920685,0,0
1.73970665,0,1
1.7402067,0,0
1.7407065,0,1
1.7412066,0,0
1.7417064,0,1
1.7422065,0,0
1.7427063,0,1
1.74320635,0,0
1.74370615,0,1
1.7442062,0,0
1.744706,0,1
1.7452061,0,0
1.7457059,0,1
1.746206,0,0
1.7467058,0,1
1.74720585,0,0
1.7477057,0,1
1.74820575,0,0
1.74870555,0,1
1.7492056,0,0
1.7497054,0,1
1.75020545,0,0
1.75070525,0,1
1.7512053,0,0
1.7517051,0,1
1.75220515,0,0
1.752705,0,1
1.7532051,0,0
1.75370495,0,1
1.754205,0,0
1.7547048,0,1
1.75520485,0,0
1.75570465,0,1
1.7562047,0,0
1.7567045,0,1
1.7572046,0,0
1.75770445,0,1
1.7582045,0,0
1.7587043,0,1
1.75920435,0,0
1.7597042,0,1
1.76020425,0,0
1.76070405,0,1
1.76120415,0,0
1.7617039,0,1
1.76220395,0,0
1.76270375,0,1
1.7632038,0,0
1.76370355,0,1
1.76420355,0,0
1.7647033,0,1
1.7652033,0,0
1.76570305,0,1
1.7662031,0,0
1.7667029,0,1
1.76720295,0,0
1.7677027,0,1
1.76820275,0,0
1.76870255,0,1
1.7692026,0,0
1.7697024,0,1
1.77020245,0,0
1.7707023,0,1
1.7712023,0,0
1.77170215,0,1
1.77220225,0,0
1.77270205,0,1
1.77320215,0,0
1.7737019,0,1
1.774202,0,0
1.7747018,0,1
1.7752018,0,0
1.7757016,0,1
1.7762017,0,0
1.7767015,0,1
1.7772016,0,0
1.77770145,0,1
1.7782015,0,0
1.7787013,0,1
1.7792013,0,0
1.77970115,0,1
1.78020115,0,0
1.78070095,0,1
1.78120095,0,0
1.7817007,0,1
1.7822007,0,0
1.78270045,0,1
1.7832005,0,0
1.7837003,0,1
1.78420035,0,0
1.7847002,0,1
1.78520025,0,0
1.78570005,0,1
1.78620015,0,0
1.78669995,0,1
1.78720005,0,0
1.78769985,0,1
1.78819985,0,0
1.7886996,0,1
1.78919965,0,0
1.78969945,0,1
1.79019945,0,0
1.79069925,0,1
1.79119925,0,0
1.79169905,0,1
1.79219905,0,0
1.7926988,0,1
1.7931988,0,0
1.79369855,0,1
1.79419865,0,0
1.7946984,0,1
1.79519845,0,0
1.7956982,0,1
1.7961982,0,0
1.7966979,0,1
1.7971979,0,0
1.79769765,0,1
1.79819765,0,0
1.79869735,0,1
1.79919735,0,0
1.7996971,0,1
1.8001971,0,0
1.8006969,0,1
1.8011969,0,0
1.80169665,0,1
1.80219665,0,0
1.8026964,0,1
1.8031964,0,0
1.80369615,0,1
1.8041962,0,0
1.8046959,0,1
1.80519595,0,0
1.8056957,0,1
1.8061957,0,0
1.80669545,0,1
1.8071955,0,0
1.80769525,0,1
1.8081953,0,0
1.8086951,0,1
1.80919515,0,0
1.809695,0,1
1.810195,0,0
1.8106948,0,1
1.81119485,0,0
1.81169465,0,1
1.8121947,0,0
1.8126945,0,1
1.81319455,0,0
1.8136943,0,1
1.81419435,0,0
1.81469415,0,1
1.8151941,0,0
1.81569385,0,1
1.81619385,0,0
1.8166936,0,1
1.8171936,0,0
1.8176933,0,1
1.8181933,0,0
1.818693,0,1
1.819193,0,0
1.8196927,0,1
1.82019265,0,0
1.8206923,0,1
1.82119215,0,0
1.8216918,0,1
1.82219175,0,0
1.82269145,0,1
1.8231914,0,0
1.8236911,0,1
1.82419105,0,0
1.8246908,0,1
1.82519075,0,0
1.8256905,0,1
1.82619045,0,0
1.82669015,0,1
1.82719015,0,0
1.82768985,0,1
1.8281898,0,0
1.8286895,0,1
1.82918945,0,0
1.82968915,0,1
1.83018915,0,0
1.83068885,0,1
1.83118875,0,0
1.83168845,0,1
1.83218845,0,0
1.83268815,0,1
1.8331881,0,0
1.83368785,0,1
1.83418785,0,0
1.83468755,0,1
1.83518755,0,0
1.83568735,0,1
1.83618735,0,0
1.83668705,0,1
1.837187,0,0
1.83768675,0,1
1.8381867,0,0
1.83868645,0,1
1.83918645,0,0
1.83968615,0,1
1.84018615,0,0
1.84068585,0,1
1.84118585,0,0
1.84168555,0,1
1.8421855,0,0
1.84268515,0,1
1.8431851,0,0
1.84368485,0,1
1.84418485,0,0
1.84468455,0,1
1.8451845,0,0
1.84568425,0,1
1.8461842,0,0
1.8466839,0,1
1.8471839,0,0
1.8476836,0,1
1.8481835,0,0
1.8486832,0,1
1.84918315,0,0
1.8496829,0,1
1.85018285,0,0
1.8506826,0,1
1.85118255,0,0
1.8516823,0,1
1.85218225,0,0
1.85268195,0,1
1.8531819,0,0
1.8536816,0,1
1.8541816,0,0
1.85468135,0,1
1.8551813,0,0
1.855681,0,1
1.856181,0,0
1.85668075,0,1
1.8571807,0,0
1.8576804,0,1
1.8581804,0,0
1.85868015,0,1
1.85918015,0,0
1.8596799,0,1
1.8601799,0,0
1.8606796,0,1
1.86117965,0,0
1.8616794,0,1
1.86217945,0,0
1.8626793,0,1
1.86317935,0,0
1.8636792,0,1
1.86417925,0,0
1.86467905,0,1
1.8651791,0,0
1.8656789,0,1
1.8661789,0,0
1.8666787,0,1
1.8671788,0,0
1.86767865,0,1
1.86817875,0,0
1.86867865,0,1
1.86917875,0,0
1.8696786,0,1
1.87017875,0,0
1.87067845,0,1
1.87117855,0,0
1.87167835,0,1
1.87217845,0,0
1.87267825,0,1
1.8731783,0,0
1.87367815,0,1
1.87417815,0,0
1.874678,0,1
1.87517805,0,0
1.8756779,0,1
1.87617795,0,0
1.8766778,0,1
1.87717785,0,0
1.8776777,0,1
1.87817785,0,0
1.8786777,0,1
1.8791778,0,0
1.87967765,0,1
1.8801777,0,0
1.88067755,0,1
1.8811776,0,0
1.8816774,0,1
1.8821775,0,0
1.88267735,0,1
1.8831774,0,0
1.8836772,0,1
1.88417725,0,0
1.884677,0,1
1.88517705,0,0
1.88567685,0,1
1.8861769,0,0
1.88667675,0,1
1.8871768,0,0
1.8876766,0,1
1.88817665,0,0
1.88867645,0,1
1.8891765,0,0
1.8896763,0,1
1.89017635,0,0
1.8906762,0,1
1.89117625,0,0
1.8916761,0,1
1.89217615,0,0
1.892676,0,1
1.8931761,0,0
1.89367595,0,1
1.894176,0,0
1.89467585,0,1
1.89517595,0,0
1.89567585,0,1
1.89617595,0,0
1.89667575,0,1
1.8971759,0,0
1.89767575,0,1
1.89817585,0,0
1.89867565,0,1
1.89917575,0,0
1.8996756,0,1
1.90017565,0,0
1.9006755,0,1
1.9011755,0,0
1.90167535,0,1
1.90217545,0,0
1.90267525,0,1
1.9031753,0,0
1.9036751,0,1
1.90417515,0,0
1.904675,0,1
1.90517505,0,0
1.90567485,0,1
1.9061749,0,0
1.9066747,0,1
1.90717475,0,0
1.9076746,0,1
1.90817465,0,0
1.9086745,0,1
1.9091746,0,0
1.90967445,0,1
1.91017455,0,0
1.9106744,0,1
1.91117445,0,0
1.9116743,0,1
1.9121744,0,0
1.9126742,0,1
1.9131743,0,0
1.9136741,0,1
1.9141742,0,0
1.914674,0,1
1.9151741,0,0
1.9156739,0,1
1.91617395,0,0
1.91667375,0,1
1.91717385,0,0
1.91767365,0,1
1.9181737,0,0
1.91867355,0,1
1.91917365,0,0
1.91967355,0,1
1.9201736,0,0
1.92067345,0,1
1.9211735,0,0
1.92167335,0,1
1.92217345,0,0
1.9226733,0,1
1.9231734,0,0
1.9236733,0,1
1.92417335,0,0
1.92467315,0,1
1.92517325,0,0
1.9256731,0,1
1.92617315,0,0
1.926673,0,1
1.92717305,0,0
1.92767285,0,1
1.92817295,0,0
1.9286728,0,1
1.92917285,0,0
1.92967265,0,1
1.9301727,0,0
1.9306725,0,1
1.93117255,0,0
1.9316724,0,1
1.9321725,0,0
1.93267235,0,1
1.9331724,0,0
1.93367225,0,1
1.9341723,0,0
1.9346721,0,1
1.9351722,0,0
1.93567205,0,1
1.9361721,0,0
1.93667195,0,1
1.93717205,0,0
1.93767185,0,1
1.9381719,0,0
1.93867175,0,1
1.9391718,0,0
1.93967165,0,1
1.9401717,0,0
1.94067155,0,1
1.94117155,0,0
1.94167135,0,1
1.94217135,0,0
1.9426712,0,1
1.9431713,0,0
1.94367115,0,1
1.9441712,0,0
1.94467105,0,1
1.9451711,0,0
1.94567095,0,1
1.94617105,0,0
1.94667085,0,1
1.94717095,0,0
1.94767075,0,1
1.9481708,0,0
1.9486706,0,1
1.9491707,0,0
1.9496705,0,1
1.95017055,0,0
1.9506703,0,1
1.95117035,0,0
1.9516702,0,1
1.9521703,0,0
1.95267015,0,1
1.95317025,0,0
1.9536701,0,1
1.9541702,0,0
1.95467,0,1
1.9551701,0,0
1.9556699,0,1
1.95616995,0,0
1.9566698,0,1
1.9571699,0,0
1.95766975,0,1
1.95816985,0,0
1.95866965,0,1
1.95916975,0,0
1.9596696,0,1
1.96016965,0,0
1.9606695,0,1
1.96116955,0,0
1.9616694,0,1
1.96216945,0,0
1.9626692,0,1
1.9631693,0,0
1.9636691,0,1
1.96416915,0,0
1.96466895,0,1
1.96516895,0,0
1.9656687,0,1
1.96616875,0,0
1.96666855,0,1
1.9671686,0,0
1.96766845,0,1
1.9681685,0,0
1.96866835,0,1
1.96916835,0,0
1.9696682,0,1
1.97016825,0,0
1.970668,0,1
1.97116805,0,0
1.97166785,0,1
1.9721679,0,0
1.97266765,0,1
1.9731677,0,0
1.97366755,0,1
1.97416765,0,0
1.97466745,0,1
1.9751675,0,0
1.97566735,0,1
1.97616735,0,0
1.9766672,0,1
1.97716725,0,0
1.97766705,0,1
1.9781671,0,0
1.97866695,0,1
1.979167,0,0
1.9796668,0,1
1.98016685,0,0
1.9806667,0,1
1.98116675,0,0
1.9816666,0,1
1.98216665,0,0
1.98266645,0,1
1.9831665,0,0
1.9836663,0,1
1.98416635,0,0
1.9846662,0,1
1.98516625,0,0
1.9856661,0,1
1.98616615,0,0
1.98666595,0,1
1.98716605,0,0
1.98766585,0,1
1.9881659,0,0
1.9886657,0,1
1.9891658,0,0
1.9896656,0,1
1.9901657,0,0
1.9906655,0,1
1.99116555,0,0
1.99166525,0,1
1.99216525,0,0
1.99266495,0,1
1.993165,0,0
1.9936648,0,1
1.99416485,0,0
1.99466465,0,1
1.9951647,0,0
1.9956645,0,1
1.9961646,0,0
1.99666435,0,1
1.9971644,0,0
1.9976642,0,1
1.9981643,0,0
1.9986641,0,1
1.99916415,0,0
1.9996639,0,1
2.000164,0,0
2.00066385,0,1
2.00116395,0,0
2.0016637,0,1
2.0021638,0,0
2.00266355,0,1
2.0031636,0,0
2.0036634,0,1
2.00416345,0,0
2.00466325,0,1
2.0051633,0,0
2.0056631,0,1
2.00616315,0,0
2.0066629,0,1
2.00716295,0,0
2.00766275,0,1
2.00816275,0,0
2.00866255,0,1
2.0091626,0,0
2.0096624,0,1
2.01016245,0,0
2.01066225,0,1
2.0111623,0,0
2.0116621,0,1
2.01216215,0,0
2.01266195,0,1
2.013162,0,0
2.0136618,0,1
2.01416185,0,0
2.01466165,0,1
2.0151617,0,0
2.0156615,0,1
2.01616155,0,0
2.0166614,0,1
2.0171614,0,0
2.0176612,0,1
2.0181612,0,0
2.018661,0,1
2.019161,0,0
2.0196608,0,1
2.02016085,0,0
2.02066065,0,1
2.0211607,0,0
2.0216605,0,1
2.02216055,0,0
2.02266035,0,1
2.0231604,0,0
2.0236602,0,1
2.02416015,0,0
2.02465995,0,1
2.02515995,0,0
2.02565975,0,1
2.02615975,0,0
2.02665955,0,1
2.0271596,0,0
2.0276594,0,1
2.0281594,0,0
2.02865915,0,1
2.02915915,0,0
2.0296589,0,1
2.0301589,0,0
2.03065865,0,1
2.03115865,0,0
2.0316584,0,1
2.0321584,0,0
2.0326582,0,1
2.03315825,0,0
2.033658,0,1
2.034158,0,0
2.0346578,0,1
2.03515775,0,0
2.0356575,0,1
2.0361575,0,0
2.0366573,0,1
2.03715735,0,0
2.0376571,0,1
2.0381572,0,0
2.038657,0,1
2.03915705,0,0
2.03965685,0,1
2.04015685,0,0
2.04065665,0,1
2.0411567,0,0
2.04165645,0,1
2.04215655,0,0
2.04265635,0,1
2.04315635,0,0
2.0436561,0,1
2.04415615,0,0
2.0446559,0,1
2.04515595,0,0
2.0456557,0,1
2.04615575,0,0
2.04665545,0,1
2.04715545,0,0
2.0476552,0,1
2.0481552,0,0
2.04865495,0,1
2.04915495,0,0
2.0496547,0,1
2.04978305,1,1
2.0501547,1,0
2.0506544,1,1
2.050782,0,1
2.05115435,0,0
2.05165405,0,1
2.05215405,0,0
2.05265375,0,1
2.05315375,0,0
2.05365345,0,1
2.05415345,0,0
2.05465325,0,1
2.05515325,0,0
2.055653,0,1
2.056153,0,0
2.0566528,0,1
2.05715285,0,0
2.05765265,0,1
2.0581527,0,0
2.0586524,0,1
2.0591524,0,0
2.05965215,0,1
2.0601522,0,0
2.060652,0,1
2.06115205,0,0
2.06165185,0,1
2.06215185,0,0
2.06265165,0,1
2.06315175,0,0
2.0636515,0,1
2.0641515,0,0
2.06465125,0,1
2.0651513,0,0
2.0656511,0,1
2.06615115,0,0
2.0666509,0,1
2.06715095,0,0
2.06765075,0,1
2.0681508,0,0
2.0686506,0,1
2.0691506,0,0
2.0696504,0,1
2.07015045,0,0
2.0706502,0,1
2.07115025,0,0
2.07165005,0,1
2.0721501,0,0
2.07264995,0,1
2.07315005,0,0
2.07364985,0,1
2.0741499,0,0
2.0746497,0,1
2.07514975,0,0
2.0756495,0,1
2.07614955,0,0
2.07664935,0,1
2.07714935,0,0
2.07764905,0,1
2.0781491,0,0
2.0786488,0,1
2.0791488,0,0
2.0796486,0,1
2.08014865,0,0
2.0806484,0,1
2.08114845,0,0
2.08164825,0,1
2.0821483,0,0
2.08264805,0,1
2.08314805,0,0
2.08364785,0,1
2.08414785,0,0
2.08464765,0,1
2.0851477,0,0
2.08564755,0,1
2.0861476,0,0
2.0866474,0,1
2.08714745,0,0
2.08764725,0,1
2.08814725,0,0
2.08864705,0,1
2.089147,0,0
2.0896467,0,1
2.0901467,0,0
2.09064645,0,1
2.0911465,0,0
2.0916463,0,1
2.0921463,0,0
2.0926461,0,1
2.09314615,0,0
2.09364595,0,1
2.09414595,0,0
2.09464575,0,1
2.0951458,0,0
2.09564565,0,1
2.0961457,0,0
2.09664545,0,1
2.09714555,0,0
2.0976454,0,1
2.09814545,0,0
2.0986453,0,1
2.09914535,0,0
2.09964515,0,1
2.1001452,0,0
2.100645,0,1
2.1011451,0,0
2.1016449,0,1
2.10214495,0,0
2.1026447,0,1
2.1031448,0,0
2.10364465,0,1
2.10414475,0,0
2.10464455,0,1
2.10514465,0,0
2.10564445,0,1
2.1061445,0,0
2.1066443,0,1
2.1071443,0,0
2.1076441,0,1
2.10814415,0,0
2.108644,0,1
2.10914405,0,0
2.10964385,0,1
2.1101439,0,0
2.11064365,0,1
2.1111437,0,0
2.11164345,0,1
2.1121435,0,0
2.11264325,0,1
2.11314325,0,0
2.11364305,0,1
2.114143,0,0
2.1146428,0,1
2.11514285,0,0
2.11564265,0,1
2.1161427,0,0
2.11664245,0,1
2.11714245,0,0
2.11764225,0,1
2.1181423,0,0
2.1186421,0,1
2.1191421,0,0
2.1196419,0,1
2.120142,0,0
2.12064185,0,1
2.12114195,0,0
2.1216418,0,1
2.12214185,0,0
2.1226417,0,1
2.12314175,0,0
2.1236416,0,1
2.12414165,0,0
2.1246415,0,1
2.12514155,0,0
2.12564135,0,1
2.12614145,0,0
2.12664125,0,1
2.12714135,0,0
2.1276412,0,1
2.1281413,0,0
2.12864115,0,1
2.1291412,0,0
2.12964095,0,1
2.13014095,0,0
2.13064075,0,1
2.13114075,0,0
2.13164055,0,1
2.1321406,0,0
2.13264035,0,1
2.13314035,0,0
2.1336401,0,1
2.1341402,0,0
2.13464,0,1
2.13513995,0,0
2.1356397,0,1
2.13613975,0,0
2.1366395,0,1
2.13713955,0,0
2.1376393,0,1
2.13813935,0,0
2.1386391,0,1
2.1391391,0,0
2.13963895,0,1
2.14013895,0,0
2.14063875,0,1
2.14113875,0,0
2.14163855,0,1
2.1421386,0,0
2.1426384,0,1
2.1431385,0,0
2.1436383,0,1
2.1441383,0,0
2.14463815,0,1
2.1451382,0,0
2.14563795,0,1
2.146138,0,0
2.14663775,0,1
2.14713775,0,0
2.1476375,0,1
2.14813755,0,0
2.1486373,0,1
2.14913735,0,0
2.1496371,0,1
2.15013715,0,0
2.1506369,0,1
2.1511369,0,0
2.15163665,0,1
2.15213665,0,0
2.15263645,0,1
2.15313645,0,0
2.15363625,0,1
2.15413625,0,0
2.15463605,0,1
2.1551361,0,0
2.1556359,0,1
2.15613595,0,0
2.15663575,0,1
2.1571358,0,0
2.15763565,0,1
2.15813575,0,0
2.15863555,0,1
2.1591356,0,0
2.1596354,0,1
2.16013545,0,0
2.1606353,0,1
2.1611353,0,0
2.16163515,0,1
2.1621352,0,0
2.16263505,0,1
2.16313515,0,0
2.163635,0,1
2.164135,0,0
2.16463485,0,1
2.1651349,0,0
2.1656347,0,1
2.16613475,0,0
2.1666346,0,1
2.16713465,0,0
2.16763445,0,1
2.16813455,0,0
2.1686344,0,1
2.16913455,0,0
2.16963435,0,1
2.1701344,0,0
2.1706342,0,1
2.1711342,0,0
2.171634,0,1
2.1721341,0,0
2.1726339,0,1
2.173134,0,0
2.17363385,0,1
2.17413395,0,0
2.17463375,0,1
2.17513385,0,0
2.17563365,0,1
2.17613375,0,0
2.1766336,0,1
2.17713365,0,0
2.1776334,0,1
2.17813345,0,0
2.1786333,0,1
2.17913335,0,0
2.1796331,0,1
2.1801332,0,0
2.180633,0,1
2.1811331,0,0
2.1816329,0,1
2.18213295,0,0
2.1826328,0,1
2.18313285,0,0
2.1836327,0,1
2.1841328,0,0
2.18463255,0,1
2.1851326,0,0
2.1856324,0,1
2.18613245,0,0
2.18663225,0,1
2.1871323,0,0
2.18763205,0,1
2.1881321,0,0
2.18863185,0,1
2.18913185,0,0
2.18963165,0,1
2.19013165,0,0
2.19063145,0,1
2.1911315,0,0
2.1916313,0,1
2.1921313,0,0
2.1926311,0,1
2.19313115,0,0
2.19363095,0,1
2.19413095,0,0
2.19463075,0,1
2.1951308,0,0
2.1956306,0,1
2.19613065,0,0
2.1966305,0,1
2.19713055,0,0
2.1976304,0,1
2.1981305,0,0
2.1986303,0,1
2.19913035,0,0
2.19963015,0,1
2.2001302,0,0
2.20063,0,1
2.20113005,0,0
2.2016298,0,1
2.20212985,0,0
2.2026297,0,1
2.2031297,0,0
2.2036295,0,1
2.20412945,0,0
2.20462925,0,1
2.2051293,0,0
2.20562905,0,1
2.2061291,0,0
2.20662885,0,1
2.20712885,0,0
2.2076286,0,1
2.2081287,0,0
2.20862855,0,1
2.2091286,0,0
2.20962845,0,1
2.2101285,0,0
2.2106283,0,1
2.2111284,0,0
2.2116282,0,1
2.2121283,0,0
2.21262815,0,1
2.2131282,0,0
2.21362805,0,1
2.2141281,0,0
2.2146279,0,1
2.21512795,0,0
2.21562775,0,1
2.2161278,0,0
2.2166276,0,1
2.21712765,0,0
2.2176275,0,1
2.21812755,0,0
2.21862735,0,1
2.2191274,0,0
2.2196272,0,1
2.2201272,0,0
2.220627,0,1
2.22112695,0,0
2.22162675,0,1
2.2221268,0,0
2.2226266,0,1
2.2231266,0,0
2.2236264,0,1
2.2241264,0,0
2.2246261,0,1
2.2251261,0,0
2.22562585,0,1
2.22612585,0,0
2.22662565,0,1
2.22712565,0,0
2.22762545,0,1
2.22812545,0,0
2.22862525,0,1
2.2291253,0,0
2.2296251,0,1
2.23012515,0,0
2.23062495,0,1
2.23112495,0,0
2.2316248,0,1
2.2321248,0,0
2.2326246,0,1
2.23312465,0,0
2.2336244,0,1
2.23412445,0,0
2.23462425,0,1
2.2351243,0,0
2.2356241,0,1
2.23612415,0,0
2.23662395,0,1
2.237124,0,0
2.2376238,0,1
2.2381238,0,0
2.23862355,0,1
2.2391236,0,0
2.2396233,0,1
2.24012335,0,0
2.24062315,0,1
2.2411232,0,0
2.24162295,0,1
2.24212295,0,0
2.2426227,0,1
2.24312275,0,0
2.2436225,0,1
2.2441225,0,0
2.24462235,0,1
2.24512235,0,0
2.24562215,0,1
2.2461222,0,0
2.246622,0,1
2.24712205,0,0
2.2476219,0,1
2.2481219,0,0
2.2486217,0,1
2.24912175,0,0
2.2496215,0,1
2.25012155,0,0
2.25062135,0,1
2.2511214,0,0
2.2516211,0,1
2.25212115,0,0
2.25262095,0,1
2.253121,0,0
2.25362075,0,1
2.25412075,0,0
2.25462055,0,1
2.25512055,0,0
2.2556203,0,1
2.2561203,0,0
2.2566201,0,1
2.25712015,0,0
2.25761995,0,1
2.25812,0,0
2.2586198,0,1
2.2591198,0,0
2.25961955,0,1
2.2601196,0,0
2.2606194,0,1
2.2611194,0,0
2.26161915,0,1
2.2621192,0,0
2.26261895,0,1
2.263119,0,0
2.26361875,0,1
2.2641187,0,0
2.2646185,0,1
2.26511855,0,0
2.26561835,0,1
2.2661184,0,0
2.26661815,0,1
2.2671182,0,0
2.26761795,0,1
2.26811795,0,0
2.2686177,0,1
2.2691177,0,0
2.2696174,0,1
2.2701174,0,0
2.27061715,0,1
2.27111715,0,0
2.27161695,0,1
2.272117,0,0
2.27261675,0,1
2.2731168,0,0
2.2736166,0,1
2.27411665,0,0
2.27461645,0,1
2.2751165,0,0
2.2756163,0,1
2.2761163,0,0
2.27661605,0,1
2.2771161,0,0
2.27761585,0,1
2.2781159,0,0
2.2786157,0,1
2.27911575,0,0
2.2796155,0,1
2.28011555,0,0
2.28061535,0,1
2.28111535,0,0
2.28161515,0,1
2.2821152,0,0
2.28261495,0,1
2.283115,0,0
2.2836148,0,1
2.28411485,0,0
2.28461465,0,1
2.28511465,0,0
2.28561445,0,1
2.28611445,0,0
2.2866142,0,1
2.28711425,0,0
2.28761395,0,1
2.2881139,0,0
2.28861365,0,1
2.2891136,0,0
2.28961335,0,1
2.29011335,0,0
2.29061305,0,1
2.291113,0,0
2.29161275,0,1
2.29211275,0,0
2.2926125,0,1
2.2931125,0,0
2.29361225,0,1
2.2941122,0,0
2.29461195,0,1
2.29511195,0,0
2.29561175,0,1
2.29611175,0,0
2.2966115,0,1
2.2971115,0,0
2.29761125,0,1
2.2981113,0,0
2.29861105,0,1
2.29911105,0,0
2.29961075,0,1
2.30011075,0,0
2.3006104,0,1
2.3011103,0,0
2.30161005,0,1
2.30211005,0,0
2.3026098,0,1
2.30310975,0,0
2.3036095,0,1
2.3041095,0,0
2.30460925,0,1
2.3051092,0,0
2.30560895,0,1
2.30610895,0,0
2.3066087,0,1
2.30710865,0,0
2.3076084,0,1
2.30810835,0,0
2.3086081,0,1
2.3091081,0,0
2.3096078,0,1
2.31010775,0,0
2.31060745,0,1
2.3111074,0,0
2.3116071,0,1
2.3121071,0,0
2.3126068,0,1
2.3131068,0,0
2.31360655,0,1
2.3141066,0,0
2.3146064,0,1
2.3151064,0,0
2.31560615,0,1
2.31610615,0,0
2.31660595,0,1
2.31710595,0,0
2.3176057,0,1
2.3181057,0,0
2.3186055,0,1
2.3191055,0,0
2.3196053,0,1
2.32010535,0,0
2.32060515,0,1
2.3211052,0,0
2.321605,0,1
2.322105,0,0
2.32260475,0,1
2.32310475,0,0
2.32360455,0,1
2.32410455,0,0
2.32460435,0,1
2.3251044,0,0
2.32560415,0,1
2.32610415,0,0
2.32660395,0,1
2.327104,0,0
2.32760375,0,1
2.3281038,0,0
2.32860355,0,1
2.3291036,0,0
2.3296034,0,1
2.33010345,0,0
2.33060325,0,1
2.3311033,0,0
2.3316031,0,1
2.3321031,0,0
2.3326029,0,1
2.33310295,0,0
2.33360275,0,1
2.3341028,0,0
2.3346026,0,1
2.3351026,0,0
2.3356024,0,1
2.33610245,0,0
2.3366022,0,1
2.33710215,0,0
2.33760195,0,1
2.338102,0,0
2.33860175,0,1
2.3391018,0,0
2.3396016,0,1
2.3401016,0,0
2.3406014,0,1
2.3411014,0,0
2.3416012,0,1
2.34210115,0,0
2.34260095,0,1
2.34310095,0,0
2.34360065,0,1
2.3441007,0,0
2.34460045,0,1
2.3451004,0,0
2.3456001,0,1
2.3461,0,0
2.3465997,0,1
2.3470997,0,0
2.3475995,0,1
2.3480995,0,0
2.3485993,0,1
2.3490993,0,0
2.34959905,0,1
2.350099,0,0
2.35059875,0,1
2.3510987,0,0
2.35159845,0,1
2.35209845,0,0
2.35259825,0,1
2.3530982,0,0
2.35359795,0,1
2.3540979,0,0
2.3545977,0,1
2.3550977,0,0
2.35559745,0,1
2.3560975,0,0
2.35659725,0,1
2.3570973,0,0
2.3575971,0,1
2.35809715,0,0
2.35859695,0,1
2.359097,0,0
2.3595968,0,1
2.3600968,0,0
2.36059655,0,1
2.3610966,0,0
2.36159635,0,1
2.3620964,0,0
2.36259615,0,1
2.3630962,0,0
2.36359595,0,1
2.36409595,0,0
2.3645957,0,1
2.3650957,0,0
2.3655955,0,1
2.36609555,0,0
2.36659535,0,1
2.3670954,0,0
2.36759515,0,1
2.3680952,0,0
2.36859495,0,1
2.36909495,0,0
2.3695947,0,1
2.37009475,0,0
2.3705945,0,1
2.37109455,0,0
2.3715943,0,1
2.3720943,0,0
2.372594,0,1
2.373094,0,0
2.3735937,0,1
2.3740937,0,0
2.3745935,0,1
2.3750935,0,0
2.3755933,0,1
2.3760933,0,0
2.37659305,0,1
2.377093,0,0
2.37759275,0,1
2.37809275,0,0
2.3785925,0,1
2.3790925,0,0
2.37959225,0,1
2.3800922,0,0
2.38059195,0,1
2.38109195,0,0
2.38159165,0,1
2.38209165,0,0
2.3825914,0,1
2.3830914,0,0
2.3835912,0,1
2.3840912,0,0
2.38459095,0,1
2.38509095,0,0
2.3855907,0,1
2.38609075,0,0
2.3865905,0,1
2.3870905,0,0
2.38759025,0,1
2.38809025,0,0
2.38859,0,1
2.38908995,0,0
2.3895897,0,1
2.3900897,0,0
2.3905894,0,1
2.3910894,0,0
2.39158915,0,1
2.39208915,0,0
2.3925889,0,1
2.39308895,0,0
2.3935887,0,1
2.39408865,0,0
2.39458845,0,1
2.3950884,0,0
2.3955881,0,1
2.3960881,0,0
2.39658785,0,1
2.39708785,0,0
2.3975876,0,1
2.3980876,0,0
2.39858735,0,1
2.3990873,0,0
2.39958705,0,1
2.40008705,0,0
2.4005868,0,1
2.40108675,0,0
2.4015865,0,1
2.40208645,0,0
2.40258615,0,1
2.4030861,0,0
2.40358585,0,1
2.40408585,0,0
2.40458555,0,1
2.40508555,0,0
2.40558535,0,1
2.4060853,0,0
2.406585,0,1
2.40708495,0,0
2.40758465,0,1
2.40808465,0,0
2.4085844,0,1
2.4090844,0,0
2.40958415,0,1
2.41008415,0,0
2.4105839,0,1
2.4110839,0,0
2.41158365,0,1
2.4120837,0,0
2.41258345,0,1
2.4130834,0,0
2.41358315,0,1
2.41408315,0,0
2.41458285,0,1
2.41508285,0,0
2.41558255,0,1
2.4160825,0,0
2.41658225,0,1
2.41708225,0,0
2.41758205,0,1
2.4180821,0,0
2.41858195,0,1
2.41908195,0,0
2.41958175,0,1
2.4200818,0,0
2.42058155,0,1
2.42108155,0,0
2.4215813,0,1
2.42208125,0,0
2.422581,0,1
2.42308095,0,0
2.4235807,0,1
2.4240807,0,0
2.42458045,0,1
2.4250804,0,0
2.42558015,0,1
2.4260802,0,0
2.42658,0,1
2.42708005,0,0
2.4275798,0,1
2.4280798,0,0
2.42857955,0,1
2.42907955,0,0
2.4295794,0,1
2.43007945,0,0
2.43057925,0,1
2.4310793,0,0
2.4315791,0,1
2.43207915,0,0
2.432579,0,1
2.43307905,0,0
2.43357885,0,1
2.43407895,0,0
2.4345788,0,1
2.43507885,0,0
2.4355787,0,1
2.4360787,0,0
2.4365785,0,1
2.43707855,0,0
2.4375783,0,1
2.43807835,0,0
2.4385781,0,1
2.43907815,0,0
2.43957795,0,1
2.44007795,0,0
2.44057775,0,1
2.44107775,0,0
2.44157755,0,1
2.44207755,0,0
2.4425773,0,1
2.4430773,0,0
2.44357705,0,1
2.44407705,0,0
2.4445768,0,1
2.44507685,0,0
2.44557665,0,1
2.4460767,0,0
2.44657645,0,1
2.44707645,0,0
2.4475762,0,1
2.4480762,0,0
2.448576,0,1
2.44907605,0,0
2.44957585,0,1
2.4500759,0,0
2.4505757,0,1
2.45107575,0,0
2.45157555,0,1
2.45207555,0,0
2.45257535,0,1
2.4530754,0,0
2.45357515,0,1
2.4540752,0,0
2.454575,0,1
2.45507505,0,0
2.45557485,0,1
2.4560749,0,0
2.4565747,0,1
2.4570747,0,0
2.45757445,0,1
2.45807445,0,0
2.4585742,0,1
2.45907425,0,0
2.459574,0,1
2.460074,0,0
2.46057375,0,1
2.46107375,0,0
2.46157355,0,1
2.46207365,0,0
2.46257345,0,1
2.4630735,0,0
2.46357335,0,1
2.4640734,0,0
2.4645732,0,1
2.4650733,0,0
2.4655731,0,1
2.46607315,0,0
2.4665729,0,1
2.46707295,0,0
2.46757275,0,1
2.4680729,0,0
2.4685727,0,1
2.46907275,0,0
2.46957255,0,1
2.4700726,0,0
2.4705724,0,1
2.4710724,0,0
2.47157215,0,1
2.47207215,0,0
2.4725719,0,1
2.47307195,0,0
2.4735717,0,1
2.47407175,0,0
2.47457155,0,1
2.4750716,0,0
2.4755714,0,1
2.47607145,0,0
2.4765713,0,1
2.4770713,0,0
2.4775711,0,1
2.4780711,0,0
2.4785709,0,1
2.47907095,0,0
2.4795708,0,1
2.48007085,0,0
2.48057065,0,1
2.4810707,0,0
2.4815705,0,1
2.4820705,0,0
2.48257025,0,1
2.48307025,0,0
2.48357005,0,1
2.48407005,0,0
2.4845698,0,1
2.4850698,0,0
2.4855696,0,1
2.4860696,0,0
2.48656935,0,1
2.48706935,0,0
2.4875692,0,1
2.48806925,0,0
2.48856905,0,1
2.48906905,0,0
2.4895688,0,1
2.4900688,0,0
2.49056855,0,1
2.4910686,0,0
2.49156845,0,1
2.49206845,0,0
2.4925683,0,1
2.4930683,0,0
2.49356815,0,1
2.49406815,0,0
2.49456795,0,1
2.49506805,0,0
2.4955678,0,1
2.49606785,0,0
2.49656765,0,1
2.49706765,0,0
2.49756745,0,1
2.49806745,0,0
2.49856725,0,1
2.49906725,0,0
2.49956705,0,1
2.5000671,0,0
2.5005669,0,1
2.5010669,0,0
2.5015667,0,1
2.50206675,0,0
2.50256655,0,1
2.50306655,0,0
2.5035663,0,1
2.5040663,0,0
2.50456605,0,1
2.5050661,0,0
2.5055659,0,1
2.5060659,0,0
2.5065657,0,1
2.5070657,0,0
2.50756545,0,1
2.5080655,0,0
2.5085653,0,1
2.5090654,0,0
2.5095652,0,1
2.5100653,0,0
2.51056505,0,1
2.5110651,0,0
2.5115649,0,1
2.51206495,0,0
2.51256475,0,1
2.51306475,0,0
2.51356455,0,1
2.5140646,0,0
2.5145644,0,1
2.51506445,0,0
2.51556425,0,1
2.5160643,0,0
2.5165641,0,1
2.51706415,0,0
2.51756395,0,1
2.518064,0,0
2.5185638,0,1
2.5190639,0,0
2.5195637,0,1
2.52006375,0,0
2.5205635,0,1
2.5210636,0,0
2.52156345,0,1
2.5220635,0,0
2.5225633,0,1
2.5230634,0,0
2.5235632,0,1
2.52406325,0,0
2.52456305,0,1
2.5250631,0,0
2.5255629,0,1
2.5260629,0,0
2.52656265,0,1
2.52706265,0,0
2.52756245,0,1
2.5280625,0,0
2.5285624,0,1
2.5290624,0,0
2.52956225,0,1
2.5300623,0,0
2.5305621,0,1
2.5310622,0,0
2.53156195,0,1
2.53206205,0,0
2.5325618,0,1
2.53306185,0,0
2.53356165,0,1
2.53406165,0,0
2.53456145,0,1
2.5350615,0,0
2.5355613,0,1
2.5360613,0,0
2.5365611,0,1
2.53706115,0,0
2.5375609,0,1
2.53806095,0,0
2.53856075,0,1
2.53906085,0,0
2.53956065,0,1
2.54006075,0,0
2.5405606,0,1
2.54106065,0,0
2.5415605,0,1
2.54206055,0,0
2.54256035,0,1
2.54306035,0,0
2.54356015,0,1
2.5440602,0,0
2.54456,0,1
2.54506,0,0
2.54555975,0,1
2.54605975,0,0
2.5465595,0,1
2.54705945,0,0
2.5475592,0,1
2.54805925,0,0
2.548559,0,1
2.549059,0,0
2.54955875,0,1
2.5500588,0,0
2.55055855,0,1
2.55105855,0,0
2.5515584,0,1
2.55205845,0,0
2.5525582,0,1
2.55305825,0,0
2.553558,0,1
2.55405805,0,0
2.5545578,0,1
2.5550578,0,0
2.55555755,0,1
2.5560576,0,0
2.55655735,0,1
2.5570573,0,0
2.55755705,0,1
2.558057,0,0
2.5585567,0,1
2.55905665,0,0
2.55955635,0,1
2.56005625,0,0
2.5605559,0,1
2.5610558,0,0
2.5615555,0,1
2.5620555,0,0
2.56255525,0,1
2.56305525,0,0
2.563555,0,1
2.564055,0,0
2.56455475,0,1
2.56505475,0,0
2.5655545,0,1
2.5660545,0,0
2.56655425,0,1
2.5670543,0,0
2.56755405,0,1
2.568054,0,0
2.56855375,0,1
2.56905375,0,0
2.56955345,0,1
2.5700535,0,0
2.5705532,0,1
2.5710532,0,0
2.57155295,0,1
2.57205295,0,0
2.5725527,0,1
2.57305265,0,0
2.5735524,0,1
2.5740524,0,0
2.57455215,0,1
2.5750522,0,0
2.57555195,0,1
2.57605195,0,0
2.57655175,0,1
2.5770517,0,0
2.5775514,0,1
2.57805135,0,0
2.5785511,0,1
2.5790511,0,0
2.5795508,0,1
2.5800508,0,0
2.58055055,0,1
2.58105055,0,0
2.58155035,0,1
2.5820504,0,0
2.58255015,0,1
2.58305015,0,0
2.58354995,0,1
2.58404995,0,0
2.5845497,0,1
2.5850497,0,0
2.58554945,0,1
2.5860495,0,0
2.58654925,0,1
2.58704925,0,0
2.587549,0,1
2.588049,0,0
2.5885488,0,1
2.58904885,0,0
2.5895486,0,1
2.5900486,0,0
2.59054835,0,1
2.59104835,0,0
2.5915481,0,1
2.59204815,0,0
2.5925479,0,1
2.59304795,0,0
2.5935477,0,1
2.5940477,0,0
2.59454745,0,1
2.5950475,0,0
2.5955472,0,1
2.5960472,0,0
2.59654695,0,1
2.59704695,0,0
2.5975467,0,1
2.5980467,0,0
2.59854645,0,1
2.59904645,0,0
2.5995462,0,1
2.6000462,0,0
2.6005459,0,1
2.60104595,0,0
2.60154575,0,1
2.6020458,0,0
2.6025456,0,1
2.6030457,0,0
2.6035455,0,1
2.60404555,0,0
2.60454535,0,1
2.6050454,0,0
2.6055452,0,1
2.60604525,0,0
2.60654505,0,1
2.60704505,0,0
2.6075449,0,1
2.60804495,0,0
2.60854475,0,1
2.6090448,0,0
2.60954455,0,1
2.61004455,0,0
2.61054435,0,1
2.6110443,0,0
2.61154405,0,1
2.61204405,0,0
2.6125438,0,1
2.6130438,0,0
2.6135435,0,1
2.61404355,0,0
2.6145433,0,1
2.6150433,0,0
2.61554305,0,1
2.61604305,0,0
2.6165428,0,1
2.61704285,0,0
2.6175426,0,1
2.61804265,0,0
2.61854245,0,1
2.6190425,0,0
2.61954225,0,1
2.62004225,0,0
2.62054195,0,1
2.6210419,0,0
2.62154165,0,1
2.62204165,0,0
2.62254135,0,1
2.6230414,0,0
2.62354115,0,1
2.6240411,0,0
2.62454085,0,1
2.6250408,0,0
2.6255405,0,1
2.6260405,0,0
2.62654025,0,1
2.6270403,0,0
2.62754005,0,1
2.62804005,0,0
2.6285398,0,1
2.62903975,0,0
2.62953945,0,1
2.63003945,0,0
2.6305392,0,1
2.63103915,0,0
2.6315389,0,1
2.6320389,0,0
2.6325387,0,1
2.63303865,0,0
2.6335384,0,1
2.6340384,0,0
2.6345381,0,1
2.6350381,0,0
2.63553785,0,1
2.63603785,0,0
2.6365376,0,1
2.6370376,0,0
2.6375373,0,1
2.6380373,0,0
2.63853705,0,1
2.6390371,0,0
2.63953685,0,1
2.6400369,0,0
2.64053665,0,1
2.6410366,0,0
2.64153635,0,1
2.6420363,0,0
2.64253605,0,1
2.6430361,0,0
2.6435359,0,1
2.6440359,0,0
2.64453565,0,1
2.64503565,0,0
2.64553545,0,1
2.6460355,0,0
2.6465353,0,1
2.64703535,0,0
2.64753515,0,1
2.6480352,0,0
2.64853495,0,1
2.649035,0,0
2.64953475,0,1
2.6500348,0,0
2.6505346,0,1
2.65103465,0,0
2.65153445,0,1
2.6520345,0,0
2.6525343,0,1
2.6530344,0,0
2.65353415,0,1
2.6540342,0,0
2.654534,0,1
2.655034,0,0
2.6555338,0,1
2.6560338,0,0
2.6565336,0,1
2.65703365,0,0
2.6575334,0,1
2.65803345,0,0
2.65853325,0,1
2.65903325,0,0
2.659533,0,1
2.660033,0,0
2.6605328,0,1
2.6610328,0,0
2.6615326,0,1
2.66203265,0,0
2.6625324,0,1
2.6630324,0,0
2.6635322,0,1
2.66403225,0,0
2.664532,0,1
2.66503205,0,0
2.6655318,0,1
2.6660318,0,0
2.66653165,0,1
2.66703165,0,0
2.66753145,0,1
2.66803145,0,0
2.6685312,0,1
2.6690312,0,0
2.669531,0,1
2.67003105,0,0
2.6705308,0,1
2.6710308,0,0
2.6715306,0,1
2.6720306,0,0
2.67253035,0,1
2.6730303,0,0
2.67353005,0,1
2.67403005,0,0
2.6745298,0,1
2.67502985,0,0
2.6755296,0,1
2.67602965,0,0
2.6765294,0,1
2.67702945,0,0
2.6775292,0,1
2.6780293,0,0
2.67852905,0,1
2.6790291,0,0
2.67952885,0,1
2.6800289,0,0
2.6805287,0,1
2.6810287,0,0
2.68152845,0,1
2.68202845,0,0
2.6825282,0,1
2.6830282,0,0
2.68352795,0,1
2.68402795,0,0
2.68452775,0,1
2.68502785,0,0
2.6855276,0,1
2.68602765,0,0
2.68652745,0,1
2.68702745,0,0
2.6875272,0,1
2.6880272,0,0
2.68852695,0,1
2.6890269,0,0
2.6895267,0,1
2.6900267,0,0
2.6905265,0,1
2.6910265,0,0
2.6915263,0,1
2.6920263,0,0
2.69252605,0,1
2.6930261,0,0
2.69352585,0,1
2.69402585,0,0
2.6945256,0,1
2.69502555,0,0
2.6955253,0,1
2.69602535,0,0
2.6965251,0,1
2.6970251,0,0
2.6975249,0,1
2.69802485,0,0
2.69852455,0,1
2.69902455,0,0
2.6995243,0,1
2.7000243,0,0
2.700524,0,1
2.70102405,0,0
2.7015238,0,1
2.7020238,0,0
2.70252355,0,1
2.7030235,0,0
2.70352325,0,1
2.7040232,0,0
2.70452295,0,1
2.70502295,0,0
2.7055227,0,1
2.7060227,0,0
2.7065224,0,1
2.7070224,0,0
2.70752215,0,1
2.7080222,0,0
2.70852195,0,1
2.70902195,0,0
2.7095217,0,1
2.7100217,0,0
2.7105215,0,1
2.7110215,0,0
2.71152125,0,1
2.7120213,0,0
2.71252105,0,1
2.71302105,0,0
2.7135207,0,1
2.7140206,0,0
2.71452035,0,1
2.71502035,0,0
2.7155201,0,1
2.7160201,0,0
2.7165199,0,1
2.71701985,0,0
2.7175196,0,1
2.71801965,0,0
2.71851945,0,1
2.71901945,0,0
2.71951925,0,1
2.72001925,0,0
2.720519,0,1
2.72101905,0,0
2.7215188,0,1
2.72201885,0,0
2.72251865,0,1
2.72301875,0,0
2.72351855,0,1
2.72401855,0,0
2.72451835,0,1
2.72501835,0,0
2.72551815,0,1
2.7260182,0,0
2.726518,0,1
2.72701805,0,0
2.72751785,0,1
2.72801795,0,0
2.72851775,0,1
2.7290178,0,0
2.72951755,0,1
2.7300176,0,0
2.73051735,0,1
2.73101735,0,0
2.7315171,0,1
2.73201715,0,0
2.7325169,0,1
2.73301695,0,0
2.73351675,0,1
2.73401685,0,0
2.73451665,0,1
2.7350167,0,0
2.73551655,0,1
2.7360166,0,0
2.7365164,0,1
2.73701645,0,0
2.7375163,0,1
2.7380163,0,0
2.73851605,0,1
2.73901605,0,0
2.7395158,0,1
2.7400158,0,0
2.7405155,0,1
2.7410155,0,0
2.7415153,0,1
2.7420153,0,0
2.74251505,0,1
2.7430151,0,0
2.74351485,0,1
2.74401485,0,0
2.74451465,0,1
2.74501465,0,0
2.74551435,0,1
2.74601435,0,0
2.7465141,0,1
2.74701405,0,0
2.74751385,0,1
2.7480138,0,0
2.7485136,0,1
2.74901365,0,0
2.7495134,0,1
2.7500134,0,0
2.7505132,0,1
2.7510132,0,0
2.751513,0,1
2.75201305,0,0
2.75251285,0,1
2.75301285,0,0
2.75351265,0,1
2.75401265,0,0
2.75451245,0,1
2.7550125,0,0
2.75551225,0,1
2.75601235,0,0
2.75651215,0,1
2.7570122,0,0
2.757512,0,1
2.75801205,0,0
2.7585119,0,1
2.75901195,0,0
2.75951175,0,1
2.7600118,0,0
2.7605116,0,1
2.76101165,0,0
2.76151145,0,1
2.76201155,0,0
2.76251135,0,1
2.7630114,0,0
2.76351115,0,1
2.76401125,0,0
2.764511,0,1
2.7650111,0,0
2.7655109,0,1
2.766011,0,0
2.76651075,0,1
2.76701085,0,0
2.7675106,0,1
2.76801065,0,0
2.76851045,0,1
2.76901055,0,0
2.76951035,0,1
2.7700104,0,0
2.7705102,0,1
2.77101025,0,0
2.77151005,0,1
2.77201005,0,0
2.7725099,0,1
2.77300995,0,0
2.7735097,0,1
2.7740098,0,0
2.7745096,0,1
2.77500965,0,0
2.77550945,0,1
2.7760095,0,0
2.7765093,0,1
2.77700935,0,0
2.77750915,0,1
2.7780092,0,0
2.77850905,0,1
2.7790091,0,0
2.7795089,0,1
2.78000895,0,0
2.78050875,0,1
2.7810088,0,0
2.7815086,0,1
2.78200865,0,0
2.78250845,0,1
2.78300855,0,0
2.78350835,0,1
2.7840084,0,0
2.7845082,0,1
2.78500825,0,0
2.7855081,0,1
2.7860081,0,0
2.78650785,0,1
2.7870079,0,0
2.78750765,0,1
2.7880077,0,0
2.78850745,0,1
2.7890074,0,0
2.78950715,0,1
2.79000715,0,0
2.7905069,0,1
2.7910069,0,0
2.79150665,0,1
2.79200665,0,0
2.79250635,0,1
2.7930063,0,0
2.79350605,0,1
2.7940061,0,0
2.79450585,0,1
2.7950059,0,0
2.79550565,0,1
2.79600565,0,0
2.7965054,0,1
2.7970054,0,0
2.79750515,0,1
2.79800515,0,0
2.7985049,0,1
2.79900495,0,0
2.7995047,0,1
2.8000047,0,0
2.80050445,0,1
2.8010045,0,0
2.8015043,0,1
2.80200435,0,0
2.8025041,0,1
2.8030042,0,0
2.803504,0,1
2.80400405,0,0
2.8045038,0,1
2.80500385,0,0
2.8055036,0,1
2.80600365,0,0
2.8065034,0,1
2.8070034,0,0
2.8075031,0,1
2.8080031,0,0
2.80850285,0,1
2.80900285,0,0
2.8095026,0,1
2.8100025,0,0
2.81050225,0,1
2.81100225,0,0
2.81150205,0,1
2.8120021,0,0
2.81250185,0,1
2.8130019,0,0
2.8135017,0,1
2.81400175,0,0
2.8145015,0,1
2.81500155,0,0
2.81550135,0,1
2.81600135,0,0
2.81650115,0,1
2.8170011,0,0
2.81750085,0,1
2.8180009,0,0
2.8185007,0,1
2.8190007,0,0
2.8195005,0,1
2.82000055,0,0
2.82050035,0,1
2.8210004,0,0
2.8215002,0,1
2.8220002,0,0
2.82249995,0,1
2.8229999,0,0
2.82349965,0,1
2.8239996,0,0
2.82449935,0,1
2.82499935,0,0
2.8254991,0,1
2.8259991,0,0
2.82649885,0,1
2.82699885,0,0
2.8274986,0,1
2.8279986,0,0
2.8284983,0,1
2.8289982,0,0
2.8294979,0,1
2.8299979,0,0
2.8304977,0,1
2.83099765,0,0
2.8314974,0,1
2.83199735,0,0
2.8324971,0,1
2.8329971,0,0
2.83349685,0,1
2.8339968,0,0
2.83449655,0,1
2.8349965,0,0
2.8354962,0,1
2.8359962,0,0
2.836496,0,1
2.836996,0,0
2.83749575,0,1
2.8379958,0,0
2.83849555,0,1
2.83899555,0,0
2.8394953,0,1
2.83999525,0,0
2.840495,0,1
2.840995,0,0
2.84149475,0,1
2.84199465,0,0
2.8424944,0,1
2.8429944,0,0
2.84349415,0,1
2.84399415,0,0
2.8444939,0,1
2.8449939,0,0
2.84549365,0,1
2.8459937,0,0
2.84649345,0,1
2.8469935,0,0
2.84749325,0,1
2.8479933,0,0
2.8484931,0,1
2.8489931,0,0
2.8494929,0,1
2.8499929,0,0
2.8504927,0,1
2.8509927,0,0
2.8514925,0,1
2.8519925,0,0
2.8524923,0,1
2.8529923,0,0
2.85349205,0,1
2.85399205,0,0
2.8544918,0,1
2.85499175,0,0
2.8554915,0,1
2.8559915,0,0
2.8564912,0,1
2.85699115,0,0
2.8574909,0,1
2.85799085,0,0
2.85849055,0,1
2.8589906,0,0
2.85949035,0,1
2.8599904,0,0
2.8604902,0,1
2.8609902,0,0
2.86148995,0,1
2.86198995,0,0
2.8624897,0,1
2.8629897,0,0
2.8634895,0,1
2.86398955,0,0
2.86448935,0,1
2.86498935,0,0
2.86548915,0,1
2.8659892,0,0
2.86648895,0,1
2.8669889,0,0
2.86748865,0,1
2.86798865,0,0
2.86848845,0,1
2.86898845,0,0
2.86948825,0,1
2.8699883,0,0
2.87048805,0,1
2.870988,0,0
2.87148775,0,1
2.87198775,0,0
2.8724875,0,1
2.8729875,0,0
2.8734873,0,1
2.8739873,0,0
2.87448705,0,1
2.874987,0,0
2.8754868,0,1
2.8759868,0,0
2.8764865,0,1
2.8769865,0,0
2.87748625,0,1
2.87798625,0,0
2.87848605,0,1
2.87898605,0,0
2.8794858,0,1
2.87998585,0,0
2.8804856,0,1
2.88098565,0,0
2.8814854,0,1
2.8819854,0,0
2.88248515,0,1
2.8829851,0,0
2.8834848,0,1
2.88398475,0,0
2.8844844,0,1
2.88498435,0,0
2.88548405,0,1
2.885984,0,0
2.8864837,0,1
2.88698375,0,0
2.88748345,0,1
2.8879835,0,0
2.88848325,0,1
2.88898325,0,0
2.889483,0,1
2.889983,0,0
2.8904828,0,1
2.8909828,0,0
2.89148255,0,1
2.8919826,0,0
2.89248235,0,1
2.8929824,0,0
2.89348215,0,1
2.8939821,0,0
2.8944819,0,1
2.8949819,0,0
2.89548165,0,1
2.89598165,0,0
2.8964814,0,1
2.89698135,0,0
2.8974811,0,1
2.8979811,0,0
2.89848085,0,1
2.8989809,0,0
2.8994806,0,1
2.8999806,0,0
2.90048035,0,1
2.90098035,0,0
2.90148,0,1
2.9019799,0,0
2.90247955,0,1
2.90297945,0,0
2.90347915,0,1
2.90397905,0,0
2.9044788,0,1
2.90497875,0,0
2.9054785,0,1
2.90597845,0,0
2.9064782,0,1
2.90697815,0,0
2.9074779,0,1
2.9079779,0,0
2.9084776,0,1
2.9089776,0,0
2.90947735,0,1
2.9099773,0,0
2.91047705,0,1
2.91097705,0,0
2.9114768,0,1
2.91197675,0,0
2.9124765,0,1
2.91297645,0,0
2.9134762,0,1
2.91397615,0,0
2.9144759,0,1
2.9149759,0,0
2.9154757,0,1
2.91597575,0,0
2.9164755,0,1
2.9169756,0,0
2.91747535,0,1
2.9179754,0,0
2.9184752,0,1
2.9189752,0,0
2.91947505,0,1
2.91997505,0,0
2.92047485,0,1
2.92097485,0,0
2.9214746,0,1
2.9219746,0,0
2.92247435,0,1
2.9229744,0,0
2.92347415,0,1
2.92397415,0,0
2.92447395,0,1
2.92497395,0,0
2.9254737,0,1
2.92597365,0,0
2.9264734,0,1
2.9269734,0,0
2.9274731,0,1
2.92797305,0,0
2.9284727,0,1
2.92897265,0,0
2.9294724,0,1
2.9299724,0,0
2.93047215,0,1
2.93097215,0,0
2.93147185,0,1
2.93197185,0,0
2.9324716,0,1
2.93297155,0,0
2.9334713,0,1
2.93397125,0,0
2.93447095,0,1
2.93497095,0,0
2.9354707,0,1
2.9359707,0,0
2.93647045,0,1
2.93697045,0,0
2.9374702,0,1
2.9379702,0,0
2.93847,0,1
2.93897,0,0
2.93946975,0,1
2.93996975,0,0
2.9404695,0,1
2.94096945,0,0
2.94146915,0,1
2.9419691,0,0
2.94246875,0,1
2.94296875,0,0
2.9434685,0,1
2.94396845,0,0
2.9444682,0,1
2.94496815,0,0
2.94546785,0,1
2.9459678,0,0
2.94646755,0,1
2.9469676,0,0
2.94746735,0,1
2.94796735,0,0
2.94846705,0,1
2.948967,0,0
2.94946665,0,1
2.9499666,0,0
2.95046635,0,1
2.95096635,0,0
2.9514661,0,1
2.95196605,0,0
2.95246575,0,1
2.95296575,0,0
2.95346545,0,1
2.95396545,0,0
2.9544652,0,1
2.9549652,0,0
2.9554649,0,1
2.95596485,0,0
2.95646455,0,1
2.9569645,0,0
2.95746425,0,1
2.95796425,0,0
2.95846405,0,1
2.95896405,0,0
2.9594638,0,1
2.9599638,0,0
2.9604635,0,1
2.9609635,0,0
2.9614632,0,1
2.9619632,0,0
2.962463,0,1
2.96296295,0,0
2.9634627,0,1
2.96396275,0,0
2.9644625,0,1
2.9649625,0,0
2.96546225,0,1
2.96596225,0,0
2.96646195,0,1
2.9669619,0,0
2.96746165,0,1
2.9679617,0,0
2.96846145,0,1
2.96896145,0,0
2.9694612,0,1
2.9699612,0,0
2.970461,0,1
2.970961,0,0
2.9714607,0,1
2.9719607,0,0
2.97246045,0,1
2.9729604,0,0
2.9734601,0,1
2.97396005,0,0
2.97445975,0,1
2.9749597,0,0
2.9754594,0,1
2.97595935,0,0
2.97645905,0,1
2.97695895,0,0
2.97745865,0,1
2.9779586,0,0
2.97845825,0,1
2.9789582,0,0
2.9794579,0,1
2.9799578,0,0
2.98045755,0,1
2.9809575,0,0
2.98145725,0,1
2.9819572,0,0
2.9824569,0,1
2.9829569,0,0
2.98345665,0,1
2.98395665,0,0
2.98445635,0,1
2.9849563,0,0
2.985456,0,1
2.98595595,0,0
2.9864557,0,1
2.98695565,0,0
2.9874554,0,1
2.98795535,0,0
2.9884551,0,1
2.988955,0,0
2.98945465,0,1
2.9899546,0,0
2.9904543,0,1
2.9909543,0,0
2.99145395,0,1
2.99195395,0,0
2.9924537,0,1
2.99295375,0,0
2.9934535,0,1
2.99395345,0,0
2.9944532,0,1
2.99495315,0,0
2.99545285,0,1
2.99595285,0,0
2.9964526,0,1
2.9969526,0,0
2.9974523,0,1
2.99795225,0,0
2.99845205,0,1
2.998952,0,0
2.9994517,0,1
2.99995175,0,0
3.0004515,0,1
3.00095145,0,0
3.0014512,0,1
3.0019512,0,0
3.00245095,0,1
3.00295095,0,0
3.00345075,0,1
3.00395075,0,0
3.0044505,0,1
3.0049505,0,0
3.00545025,0,1
3.00595025,0,0
3.00645,0,1
3.00695,0,0
3.00744975,0,1
3.00794975,0,0
3.00844955,0,1
3.00894955,0,0
3.0094493,0,1
3.0099493,0,0
3.01044905,0,1
3.01094905,0,0
3.0114488,0,1
3.01194885,0,0
3.0124486,0,1
3.0129486,0,0
3.0134483,0,1
3.01394825,0,0
3.01444795,0,1
3.0149479,0,0
3.01544765,0,1
3.01594765,0,0
3.01644745,0,1
3.01694745,0,0
3.01744725,0,1
3.01794725,0,0
3.018447,0,1
3.018947,0,0
3.01944675,0,1
3.01994675,0,0
3.02044645,0,1
3.0209465,0,0
3.0214462,0,1
3.0219462,0,0
3.02244595,0,1
3.02294595,0,0
3.02344565,0,1
3.02394565,0,0
3.02444535,0,1
3.0249454,0,0
3.02544515,0,1
3.0259452,0,0
3.026445,0,1
3.026945,0,0
3.02744475,0,1
3.0279448,0,0
3.0284445,0,1
3.0289445,0,0
3.0294443,0,1
3.02994435,0,0
3.0304441,0,1
3.03094405,0,0
3.0314438,0,1
3.0319437,0,0
3.0324434,0,1
3.03294335,0,0
3.033443,0,1
3.03394295,0,0
3.0344427,0,1
3.0349426,0,0
3.0354423,0,1
3.03594225,0,0
3.03644195,0,1
3.03694195,0,0
3.03744165,0,1
3.03794165,0,0
3.0384414,0,1
3.03894135,0,0
3.0394411,0,1
3.0399411,0,0
3.04044085,0,1
3.0409408,0,0
3.04144055,0,1
3.04194055,0,0
3.0424403,0,1
3.0429403,0,0
3.04344005,0,1
3.04394005,0,0
3.0444398,0,1
3.0449398,0,0
3.0454395,0,1
3.04593945,0,0
3.0464392,0,1
3.0469392,0,0
3.04743895,0,1
3.0479389,0,0
3.04843865,0,1
3.04893865,0,0
3.04943835,0,1
3.0495667,1,1
3.0499383,1,0
3.05043805,1,1
3.0505656,0,1
3.050938,0,0
3.0514377,0,1
3.05193765,0,0
3.0524374,0,1
3.05293735,0,0
3.05343705,0,1
3.053937,0,0
3.0544367,0,1
3.05493665,0,0
3.05543635,0,1
3.05593635,0,0
3.05643605,0,1
3.056936,0,0
3.0574357,0,1
3.0579357,0,0
3.05843545,0,1
3.0589354,0,0
3.05943515,0,1
3.05993515,0,0
3.06043485,0,1
3.0609349,0,0
3.06143465,0,1
3.06193465,0,0
3.06243445,0,1
3.0629345,0,0
3.06343425,0,1
3.06393425,0,0
3.064434,0,1
3.064934,0,0
3.06543375,0,1
3.06593375,0,0
3.0664335,0,1
3.06693345,0,0
3.0674332,0,1
3.0679332,0,0
3.06843295,0,1
3.06893295,0,0
3.0694327,0,1
3.06993275,0,0
3.07043245,0,1
3.07093245,0,0
3.07143225,0,1
3.07193225,0,0
3.07243205,0,1
3.0729321,0,0
3.07343185,0,1
3.07393185,0,0
3.0744316,0,1
3.0749316,0,0
3.0754313,0,1
3.0759312,0,0
3.0764309,0,1
3.0769309,0,0
3.0774306,0,1
3.07793055,0,0
3.07843035,0,1
3.07893035,0,0
3.07943015,0,1
3.0799302,0,0
3.08042995,0,1
3.08092995,0,0
3.0814297,0,1
3.0819297,0,0
3.0824294,0,1
3.08292935,0,0
3.0834291,0,1
3.08392905,0,0
3.0844288,0,1
3.08492875,0,0
3.0854285,0,1
3.0859285,0,0
3.08642825,0,1
3.0869283,0,0
3.08742805,0,1
3.08792805,0,0
3.08842785,0,1
3.08892785,0,0
3.08942765,0,1
3.0899276,0,0
3.09042735,0,1
3.09092735,0,0
3.09142705,0,1
3.09192705,0,0
3.0924268,0,1
3.09292675,0,0
3.09342655,0,1
3.09392655,0,0
3.0944263,0,1
3.09492625,0,0
3.095426,0,1
3.095926,0,0
3.0964258,0,1
3.0969258,0,0
3.0974256,0,1
3.09792565,0,0
3.09842545,0,1
3.0989254,0,0
3.09942515,0,1
3.0999251,0,0
3.1004248,0,1
3.10092475,0,0
3.1014245,0,1
3.1019245,0,0
3.10242425,0,1
3.10292415,0,0
3.10342385,0,1
3.10392385,0,0
3.10442355,0,1
3.1049235,0,0
3.1054232,0,1
3.10592315,0,0
3.1064229,0,1
3.1069229,0,0
3.1074226,0,1
3.1079226,0,0
3.1084223,0,1
3.1089223,0,0
3.10942195,0,1
3.1099219,0,0
3.1104216,0,1
3.11092155,0,0
3.1114213,0,1
3.1119212,0,0
3.11242095,0,1
3.11292095,0,0
3.1134207,0,1
3.11392065,0,0
3.1144204,0,1
3.11492045,0,0
3.11542015,0,1
3.1159201,0,0
3.1164199,0,1
3.1169199,0,0
3.1174196,0,1
3.1179196,0,0
3.11841935,0,1
3.11891925,0,0
3.119419,0,1
3.11991895,0,0
3.1204187,0,1
3.1209187,0,0
3.12141845,0,1
3.12191845,0,0
3.1224182,0,1
3.1229182,0,0
3.12341795,0,1
3.12391795,0,0
3.1244177,0,1
3.1249177,0,0
3.1254174,0,1
3.12591735,0,0
3.12641705,0,1
3.126917,0,0
3.12741675,0,1
3.12791675,0,0
3.1284165,0,1
3.1289165,0,0
3.12941625,0,1
3.12991625,0,0
3.13041595,0,1
3.13091595,0,0
3.1314157,0,1
3.1319157,0,0
3.13241545,0,1
3.1329154,0,0
3.13341515,0,1
3.1339151,0,0
3.13441485,0,1
3.13491485,0,0
3.13541455,0,1
3.1359145,0,0
3.13641425,0,1
3.13691425,0,0
3.13741395,0,1
3.13791395,0,0
3.1384136,0,1
3.1389136,0,0
3.1394133,0,1
3.13991325,0,0
3.14041295,0,1
3.14091295,0,0
3.1414127,0,1
3.1419127,0,0
3.1424124,0,1
3.14291235,0,0
3.1434121,0,1
3.14391205,0,0
3.1444117,0,1
3.14491165,0,0
3.14541135,0,1
3.14591135,0,0
3.1464111,0,1
3.1469111,0,0
3.14741085,0,1
3.14791085,0,0
3.1484106,0,1
3.14891055,0,0
3.1494103,0,1
3.1499103,0,0
3.15041005,0,1
3.15091005,0,0
3.1514098,0,1
3.1519098,0,0
3.1524095,0,1
3.1529095,0,0
3.15340925,0,1
3.15390925,0,0
3.154409,0,1
3.15490895,0,0
3.1554086,0,1
3.15590855,0,0
3.15640835,0,1
3.15690835,0,0
3.15740815,0,1
3.1579082,0,0
3.15840795,0,1
3.158908,0,0
3.15940775,0,1
3.1599078,0,0
3.16040755,0,1
3.1609075,0,0
3.1614073,0,1
3.1619073,0,0
3.1624071,0,1
3.1629071,0,0
3.16340685,0,1
3.16390685,0,0
3.16440665,0,1
3.16490665,0,0
3.1654064,0,1
3.16590635,0,0
3.1664061,0,1
3.1669061,0,0
3.1674059,0,1
3.1679059,0,0
3.1684056,0,1
3.16890565,0,0
3.1694054,0,1
3.1699054,0,0
3.1704051,0,1
3.1709051,0,0
3.17140485,0,1
3.1719049,0,0
3.1724047,0,1
3.1729047,0,0
3.17340445,0,1
3.17390445,0,0
3.17440415,0,1
3.17490415,0,0
3.1754039,0,1
3.17590385,0,0
3.1764036,0,1
3.17690355,0,0
3.1774033,0,1
3.1779033,0,0
3.178403,0,1
3.17890295,0,0
3.17940265,0,1
3.1799026,0,0
3.18040235,0,1
3.18090225,0,0
3.181402,0,1
3.18190195,0,0
3.1824017,0,1
3.18290165,0,0
3.1834014,0,1
3.18390135,0,0
3.18440105,0,1
3.184901,0,0
3.18540075,0,1
3.1859007,0,0
3.1864004,0,1
3.18690035,0,0
3.1874001,0,1
3.18790005,0,0
3.1883998,0,1
3.1888998,0,0
3.1893996,0,1
3.18989955,0,0
3.1903993,0,1
3.1908993,0,0
3.19139905,0,1
3.191899,0,0
3.19239875,0,1
3.1928987,0,0
3.1933984,0,1
3.19389835,0,0
3.1943981,0,1
3.19489805,0,0
3.1953978,0,1
3.1958977,0,0
3.1963974,0,1
3.1968974,0,0
3.1973971,0,1
3.1978971,0,0
3.1983968,0,1
3.1988968,0,0
3.1993965,0,1
3.19989645,0,0
3.20039615,0,1
3.2008961,0,0
3.20139585,0,1
3.2018958,0,0
3.20239555,0,1
3.2028955,0,0
3.2033952,0,1
3.20389515,0,0
3.20439485,0,1
3.2048948,0,0
3.20539445,0,1
3.2058944,0,0
3.2063941,0,1
3.20689405,0,0
3.20739375,0,1
3.2078937,0,0
3.2083934,0,1
3.20889335,0,0
3.20939305,0,1
3.209893,0,0
3.21039265,0,1
3.2108926,0,0
3.2113923,0,1
3.2118922,0,0
3.2123919,0,1
3.21289185,0,0
3.21339155,0,1
3.21389155,0,0
3.21439125,0,1
3.21489125,0,0
3.21539095,0,1
3.2158909,0,0
3.2163906,0,1
3.21689055,0,0
3.21739025,0,1
3.2178902,0,0
3.21838995,0,1
3.2188899,0,0
3.21938955,0,1
3.2198895,0,0
3.2203892,0,1
3.22088905,0,0
3.2213887,0,1
3.22188865,0,0
3.22238835,0,1
3.22288835,0,0
3.2233881,0,1
3.22388805,0,0
3.22438775,0,1
3.22488775,0,0
3.2253875,0,1
3.22588745,0,0
3.2263872,0,1
3.2268872,0,0
3.22738695,0,1
3.22788695,0,0
3.22838665,0,1
3.22888665,0,0
3.2293864,0,1
3.2298864,0,0
3.23038615,0,1
3.23088615,0,0
3.23138585,0,1
3.23188585,0,0
3.23238555,0,1
3.23288555,0,0
3.23338525,0,1
3.23388525,0,0
3.23438505,0,1
3.234885,0,0
3.23538475,0,1
3.2358847,0,0
3.23638445,0,1
3.23688445,0,0
3.2373841,0,1
3.23788405,0,0
3.2383838,0,1
3.2388838,0,0
3.23938355,0,1
3.2398835,0,0
3.24038325,0,1
3.2408832,0,0
3.24138295,0,1
3.2418829,0,0
3.24238265,0,1
3.24288255,0,0
3.2433823,0,1
3.2438822,0,0
3.24438195,0,1
3.2448819,0,0
3.24538165,0,1
3.24588165,0,0
3.24638135,0,1
3.24688125,0,0
3.247381,0,1
3.24788095,0,0
3.24838065,0,1
3.2488806,0,0
3.24938025,0,1
3.2498802,0,0
3.25037995,0,1
3.25087985,0,0
3.2513796,0,1
3.25187955,0,0
3.2523793,0,1
3.25287925,0,0
3.25337895,0,1
3.2538789,0,0
3.2543786,0,1
3.2548786,0,0
3.25537825,0,1
3.25587825,0,0
3.256378,0,1
3.256878,0,0
3.2573777,0,1
3.25787765,0,0
3.2583774,0,1
3.2588774,0,0
3.25937715,0,1
3.2598771,0,0
3.26037685,0,1
3.26087685,0,0
3.26137655,0,1
3.2618765,0,0
3.26237625,0,1
3.2628762,0,0
3.2633759,0,1
3.2638759,0,0
3.2643756,0,1
3.26487555,0,0
3.2653753,0,1
3.26587525,0,0
3.26637495,0,1
3.2668749,0,0
3.26737465,0,1
3.26787465,0,0
3.26837435,0,1
3.26887435,0,0
3.26937415,0,1
3.26987415,0,0
3.2703739,0,1
3.27087385,0,0
3.2713736,0,1
3.27187355,0,0
3.2723733,0,1
3.2728733,0,0
3.273373,0,1
3.27387305,0,0
3.2743728,0,1
3.2748728,0,0
3.2753725,0,1
3.27587245,0,0
3.2763722,0,1
3.27687215,0,0
3.2773719,0,1
3.27787195,0,0
3.2783717,0,1
3.2788717,0,0
3.27937145,0,1
3.27987145,0,0
3.2803712,0,1
3.2808712,0,0
3.28137095,0,1
3.28187095,0,0
3.2823707,0,1
3.2828707,0,0
3.2833705,0,1
3.2838705,0,0
3.2843703,0,1
3.2848703,0,0
3.28537005,0,1
3.2858701,0,0
3.2863699,0,1
3.28686995,0,0
3.28736975,0,1
3.2878698,0,0
3.28836955,0,1
3.2888696,0,0
3.2893694,0,1
3.28986945,0,0
3.29036925,0,1
3.2908693,0,0
3.2913691,0,1
3.2918691,0,0
3.2923688,0,1
3.29286885,0,0
3.2933686,0,1
3.29386865,0,0
3.29436845,0,1
3.29486845,0,0
3.29536815,0,1
3.29586815,0,0
3.2963679,0,1
3.29686795,0,0
3.2973677,0,1
3.29786775,0,0
3.2983675,0,1
3.29886755,0,0
3.2993673,0,1
3.2998673,0,0
3.30036705,0,1
3.3008671,0,0
3.3013669,0,1
3.30186695,0,0
3.3023667,0,1
3.30286675,0,0
3.30336645,0,1
3.3038665,0,0
3.3043662,0,1
3.3048662,0,0
3.305366,0,1
3.305866,0,0
3.3063658,0,1
3.3068658,0,0
3.3073656,0,1
3.30786565,0,0
3.30836545,0,1
3.3088655,0,0
3.30936525,0,1
3.30986525,0,0
3.310365,0,1
3.31086505,0,0
3.31136485,0,1
3.31186485,0,0
3.3123646,0,1
3.3128646,0,0
3.31336435,0,1
3.31386435,0,0
3.3143641,0,1
3.31486415,0,0
3.3153639,0,1
3.3158639,0,0
3.3163637,0,1
3.31686375,0,0
3.31736345,0,1
3.31786345,0,0
3.3183632,0,1
3.3188632,0,0
3.31936295,0,1
3.319863,0,0
3.3203628,0,1
3.32086285,0,0
3.32136265,0,1
3.32186265,0,0
3.32236245,0,1
3.32286245,0,0
3.32336215,0,1
3.3238622,0,0
3.32436195,0,1
3.324862,0,0
3.3253617,0,1
3.3258617,0,0
3.3263614,0,1
3.32686135,0,0
3.32736105,0,1
3.32786105,0,0
3.3283608,0,1
3.3288608,0,0
3.32936055,0,1
3.32986055,0,0
3.3303603,0,1
3.3308603,0,0
3.33136005,0,1
3.33186005,0,0
3.3323598,0,1
3.3328598,0,0
3.33335955,0,1
3.3338595,0,0
3.3343593,0,1
3.33485935,0,0
3.3353591,0,1
3.33585915,0,0
3.33635895,0,1
3.336859,0,0
3.3373588,0,1
3.3378588,0,0
3.33835855,0,1
3.33885855,0,0
3.3393583,0,1
3.3398583,0,0
3.34035805,0,1
3.340858,0,0
3.34135775,0,1
3.34185775,0,0
3.3423575,0,1
3.34285745,0,0
3.3433572,0,1
3.34385725,0,0
3.34435695,0,1
3.34485695,0,0
3.34535675,0,1
3.34585675,0,0
3.34635655,0,1
3.3468565,0,0
3.34735625,0,1
3.34785625,0,0
3.34835595,0,1
3.34885595,0,0
3.3493557,0,1
3.3498557,0,0
3.35035545,0,1
3.3508555,0,0
3.35135525,0,1
3.35185525,0,0
3.35235495,0,1
3.35285495,0,0
3.35335465,0,1
3.3538547,0,0
3.35435445,0,1
3.3548545,0,0
3.35535425,0,1
3.3558543,0,0
3.35635415,0,1
3.3568542,0,0
3.357354,0,1
3.35785405,0,0
3.3583538,0,1
3.35885385,0,0
3.35935365,0,1
3.3598537,0,0
3.3603535,0,1
3.36085355,0,0
3.36135335,0,1
3.3618534,0,0
3.3623532,0,1
3.36285325,0,0
3.36335305,0,1
3.3638531,0,0
3.36435285,0,1
3.3648529,0,0
3.3653527,0,1
3.36585275,0,0
3.3663525,0,1
3.36685255,0,0
3.36735235,0,1
3.3678524,0,0
3.3683522,0,1
3.3688522,0,0
3.369352,0,1
3.369852,0,0
3.37035175,0,1
3.37085175,0,0
3.37135155,0,1
3.37185155,0,0
3.37235135,0,1
3.37285135,0,0
3.3733511,0,1
3.3738511,0,0
3.3743509,0,1
3.3748509,0,0
3.3753507,0,1
3.37585075,0,0
3.3763505,0,1
3.37685055,0,0
3.3773503,0,1
3.3778503,0,0
3.3783501,0,1
3.37885015,0,0
3.3793499,0,1
3.37984995,0,0
3.38034975,0,1
3.3808498,0,0
3.38134955,0,1
3.3818496,0,0
3.38234935,0,1
3.38284945,0,0
3.38334925,0,1
3.3838492,0,0
3.384349,0,1
3.384849,0,0
3.3853488,0,1
3.38584885,0,0
3.3863487,0,1
3.38684875,0,0
3.3873485,0,1
3.3878485,0,0
3.38834825,0,1
3.3888483,0,0
3.38934805,0,1
3.38984805,0,0
3.39034785,0,1
3.39084785,0,0
3.39134765,0,1
3.39184765,0,0
3.3923474,0,1
3.3928474,0,0
3.39334715,0,1
3.39384715,0,0
3.3943469,0,1
3.39484695,0,0
3.3953467,0,1
3.39584675,0,0
3.39634655,0,1
3.39684655,0,0
3.39734635,0,1
3.3978464,0,0
3.3983462,0,1
3.3988462,0,0
3.399346,0,1
3.399846,0,0
3.40034575,0,1
3.4008458,0,0
3.4013456,0,1
3.4018456,0,0
3.4023454,0,1
3.40284545,0,0
3.40334525,0,1
3.4038453,0,0
3.40434515,0,1
3.4048452,0,0
3.405345,0,1
3.40584505,0,0
3.40634475,0,1
3.40684475,0,0
3.40734455,0,1
3.4078445,0,0
3.4083443,0,1
3.4088443,0,0
3.40934405,0,1
3.40984405,0,0
3.41034385,0,1
3.4108439,0,0
3.4113437,0,1
3.41184375,0,0
3.4123435,0,1
3.41284355,0,0
3.41334335,0,1
3.41384345,0,0
3.41434325,0,1
3.4148433,0,0
3.4153431,0,1
3.4158431,0,0
3.41634285,0,1
3.41684285,0,0
3.4173426,0,1
3.41784265,0,0
3.4183424,0,1
3.41884245,0,0
3.41934225,0,1
3.4198423,0,0
3.4203421,0,1
3.42084215,0,0
3.421342,0,1
3.42184205,0,0
3.4223419,0,1
3.422842,0,0
3.42334185,0,1
3.4238419,0,0
3.4243417,0,1
3.42484175,0,0
3.42534165,0,1
3.4258417,0,0
3.42634155,0,1
3.4268416,0,0
3.4273414,0,1
3.42784135,0,0
3.4283411,0,1
3.4288411,0,0
3.4293409,0,1
3.4298409,0,0
3.4303407,0,1
3.43084075,0,0
3.43134055,0,1
3.4318406,0,0
3.4323404,0,1
3.4328405,0,0
3.4333403,0,1
3.4338404,0,0
3.43434015,0,1
3.4348402,0,0
3.43534,0,1
3.43584,0,0
3.43633985,0,1
3.4368399,0,0
3.4373397,0,1
3.4378398,0,0
3.43833955,0,1
3.43883965,0,0
3.43933945,0,1
3.4398395,0,0
3.4403393,0,1
3.4408393,0,0
3.44133905,0,1
3.4418391,0,0
3.4423389,0,1
3.44283895,0,0
3.4433387,0,1
3.4438388,0,0
3.4443386,0,1
3.44483865,0,0
3.44533845,0,1
3.4458384,0,0
3.44633815,0,1
3.4468382,0,0
3.447338,0,1
3.44783805,0,0
3.44833785,0,1
3.4488379,0,0
3.4493377,0,1
3.4498378,0,0
3.4503376,0,1
3.45083765,0,0
3.4513374,0,1
3.45183735,0,0
3.452337,0,1
3.452837,0,0
3.4533367,0,1
3.4538367,0,0
3.45433645,0,1
3.4548365,0,0
3.4553363,0,1
3.45583635,0,0
3.45633615,0,1
3.4568362,0,0
3.45733605,0,1
3.45783615,0,0
3.45833595,0,1
3.45883595,0,0
3.45933575,0,1
3.4598358,0,0
3.4603356,0,1
3.4608357,0,0
3.4613355,0,1
3.4618355,0,0
3.4623353,0,1
3.46283535,0,0
3.46333515,0,1
3.46383515,0,0
3.46433495,0,1
3.46483495,0,0
3.46533475,0,1
3.4658348,0,0
3.4663346,0,1
3.4668346,0,0
3.4673344,0,1
3.46783445,0,0
3.4683342,0,1
3.4688343,0,0
3.46933405,0,1
3.4698341,0,0
3.47033385,0,1
3.47083395,0,0
3.47133375,0,1
3.4718338,0,0
3.4723336,0,1
3.4728337,0,0
3.4733335,0,1
3.4738336,0,0
3.4743334,0,1
3.47483355,0,0
3.4753334,0,1
3.4758335,0,0
3.4763333,0,1
3.4768334,0,0
3.47733325,0,1
3.47783335,0,0
3.4783332,0,1
3.47883325,0,0
3.47933305,0,1
3.47983305,0,0
3.48033285,0,1
3.4808329,0,0
3.48133265,0,1
3.4818327,0,0
3.48233245,0,1
3.48283255,0,0
3.48333235,0,1
3.48383235,0,0
3.4843322,0,1
3.48483225,0,0
3.485332,0,1
3.485832,0,0
3.4863318,0,1
3.4868318,0,0
3.4873316,0,1
3.48783165,0,0
3.4883314,0,1
3.4888314,0,0
3.48933115,0,1
3.48983115,0,0
3.49033095,0,1
3.490831,0,0
3.4913308,0,1
3.49183085,0,0
3.49233065,0,1
3.4928307,0,0
3.4933305,0,1
3.4938305,0,0
3.4943303,0,1
3.4948303,0,0
3.49533005,0,1
3.4958301,0,0
3.4963299,0,1
3.49682995,0,0
3.49732975,0,1
3.4978298,0,0
3.4983296,0,1
3.4988296,0,0
3.49932935,0,1
3.49982935,0,0
3.50032915,0,1
3.50082915,0,0
3.5013289,0,1
3.5018289,0,0
3.50232865,0,1
3.50282865,0,0
3.50332845,0,1
3.50382845,0,0
3.5043282,0,1
3.5048282,0,0
3.50532795,0,1
3.505828,0,0
3.5063278,0,1
3.5068278,0,0
3.5073276,0,1
3.50782765,0,0
3.5083274,0,1
3.50882745,0,0
3.5093273,0,1
3.5098274,0,0
3.5103272,0,1
3.51082725,0,0
3.51132705,0,1
3.5118271,0,0
3.51232685,0,1
3.51282695,0,0
3.51332675,0,1
3.5138268,0,0
3.5143266,0,1
3.51482665,0,0
3.51532645,0,1
3.5158265,0,0
3.5163263,0,1
3.5168263,0,0
3.51732605,0,1
3.5178261,0,0
3.5183259,0,1
3.51882595,0,0
3.5193257,0,1
3.5198257,0,0
3.5203255,0,1
3.52082555,0,0
3.5213253,0,1
3.52182535,0,0
3.52232515,0,1
3.5228252,0,0
3.523325,0,1
3.523825,0,0
3.5243248,0,1
3.52482485,0,0
3.5253246,0,1
3.52582465,0,0
3.52632445,0,1
3.5268245,0,0
3.52732425,0,1
3.52782425,0,0
3.528324,0,1
3.52882405,0,0
3.5293238,0,1
3.5298238,0,0
3.5303236,0,1
3.5308236,0,0
3.53132335,0,1
3.53182335,0,0
3.53232315,0,1
3.53282315,0,0
3.5333229,0,1
3.53382285,0,0
3.53432265,0,1
3.53482265,0,0
3.5353224,0,1
3.53582245,0,0
3.5363222,0,1
3.53682225,0,0
3.537322,0,1
3.537822,0,0
3.53832175,0,1
3.5388217,0,0
3.53932145,0,1
3.53982145,0,0
3.54032125,0,1
3.5408213,0,0
3.54132105,0,1
3.54182105,0,0
3.54232085,0,1
3.5428209,0,0
3.5433207,0,1
3.5438207,0,0
3.5443205,0,1
3.5448205,0,0
3.5453203,0,1
3.5458203,0,0
3.54632005,0,1
3.54682005,0,0
3.54731985,0,1
3.54781985,0,0
3.54831965,0,1
3.54881965,0,0
3.5493194,0,1
3.5498194,0,0
3.55031915,0,1
3.55081915,0,0
3.55131885,0,1
3.55181885,0,0
3.5523186,0,1
3.5528186,0,0
3.55331835,0,1
3.5538183,0,0
3.554318,0,1
3.5548179,0,0
3.5553176,0,1
3.5558175,0,0
3.55631725,0,1
3.5568172,0,0
3.5573169,0,1
3.55781685,0,0
3.5583166,0,1
3.55881655,0,0
3.5593163,0,1
3.55981625,0,0
3.560316,0,1
3.560816,0,0
3.56131575,0,1
3.56181575,0,0
3.56231555,0,1
3.5628155,0,0
3.56331525,0,1
3.5638153,0,0
3.56431505,0,1
3.564815,0,0
3.5653148,0,1
3.56581485,0,0
3.5663146,0,1
3.56681465,0,0
3.5673144,0,1
3.5678144,0,0
3.56831415,0,1
3.5688141,0,0
3.56931385,0,1
3.56981385,0,0
3.57031355,0,1
3.57081355,0,0
3.5713133,0,1
3.5718133,0,0
3.5723131,0,1
3.5728131,0,0
3.57331285,0,1
3.57381285,0,0
3.5743126,0,1
3.57481265,0,0
3.5753124,0,1
3.57581245,0,0
3.5763122,0,1
3.5768122,0,0
3.577312,0,1
3.57781195,0,0
3.5783117,0,1
3.5788117,0,0
3.5793115,0,1
3.5798115,0,0
3.58031125,0,1
3.5808112,0,0
3.58131095,0,1
3.58181095,0,0
3.58231075,0,1
3.5828108,0,0
3.58331055,0,1
3.58381065,0,0
3.5843104,0,1
3.5848104,0,0
3.58531015,0,1
3.58581015,0,0
3.58630995,0,1
3.58680995,0,0
3.58730965,0,1
3.58780965,0,0
3.5883094,0,1
3.58880935,0,0
3.5893091,0,1
3.58980905,0,0
3.59030875,0,1
3.59080875,0,0
3.5913085,0,1
3.59180845,0,0
3.5923082,0,1
3.5928082,0,0
3.593308,0,1
3.593808,0,0
3.5943077,0,1
3.5948077,0,0
3.5953074,0,1
3.59580735,0,0
3.59630705,0,1
3.596807,0,0
3.5973067,0,1
3.59780665,0,0
3.5983064,0,1
3.5988064,0,0
3.59930615,0,1
3.5998061,0,0
3.6003058,0,1
3.60080575,0,0
3.6013055,0,1
3.6018055,0,0
3.60230525,0,1
3.60280525,0,0
3.603305,0,1
3.603805,0,0
3.60430475,0,1
3.6048047,0,0
3.6053045,0,1
3.6058045,0,0
3.60630425,0,1
3.60680425,0,0
3.607304,0,1
3.60780405,0,0
3.6083038,0,1
3.6088038,0,0
3.6093036,0,1
3.6098036,0,0
3.61030335,0,1
3.61080335,0,0
3.61130305,0,1
3.6118031,0,0
3.61230285,0,1
3.61280285,0,0
3.6133026,0,1
3.6138027,0,0
3.6143025,0,1
3.61480255,0,0
3.6153023,0,1
3.61580235,0,0
3.61630215,0,1
3.6168022,0,0
3.61730195,0,1
3.617802,0,0
3.6183018,0,1
3.61880185,0,0
3.61930165,0,1
3.6198017,0,0
3.62030145,0,1
3.6208015,0,0
3.6213013,0,1
3.6218013,0,0
3.6223011,0,1
3.62280105,0,0
3.62330085,0,1
3.6238008,0,0
3.62430055,0,1
3.6248006,0,0
3.62530035,0,1
3.6258003,0,0
3.62630005,0,1
3.6268,0,0
3.6272998,0,1
3.6277998,0,0
3.62829955,0,1
3.6287996,0,0
3.6292993,0,1
3.62979925,0,0
3.630299,0,1
3.630799,0,0
3.6312987,0,1
3.6317987,0,0
3.63229845,0,1
3.63279845,0,0
3.6332982,0,1
3.6337982,0,0
3.6342979,0,1
3.6347979,0,0
3.6352976,0,1
3.63579765,0,0
3.63629745,0,1
3.63679745,0,0
3.6372972,0,1
3.63779725,0,0
3.638297,0,1
3.638797,0,0
3.6392968,0,1
3.63979675,0,0
3.6402965,0,1
3.6407965,0,0
3.64129625,0,1
3.64179625,0,0
3.642296,0,1
3.64279605,0,0
3.6432958,0,1
3.6437958,0,0
3.64429555,0,1
3.6447956,0,0
3.64529535,0,1
3.6457954,0,0
3.64629515,0,1
3.6467952,0,0
3.64729495,0,1
3.6477949,0,0
3.64829465,0,1
3.64879465,0,0
3.6492944,0,1
3.6497943,0,0
3.650294,0,1
3.65079395,0,0
3.6512936,0,1
3.65179355,0,0
3.65229325,0,1
3.65279325,0,0
3.653293,0,1
3.653793,0,0
3.6542927,0,1
3.65479275,0,0
3.6552925,0,1
3.6557925,0,0
3.6562923,0,1
3.6567923,0,0
3.65729205,0,1
3.65779205,0,0
3.65829185,0,1
3.6587919,0,0
3.65929175,0,1
3.6597918,0,0
3.6602916,0,1
3.66079165,0,0
3.66129145,0,1
3.6617915,0,0
3.6622913,0,1
3.6627913,0,0
3.6632911,0,1
3.6637911,0,0
3.6642909,0,1
3.6647909,0,0
3.6652906,0,1
3.6657906,0,0
3.6662904,0,1
3.6667904,0,0
3.66729015,0,1
3.6677902,0,0
3.66828995,0,1
3.66878995,0,0
3.6692897,0,1
3.6697897,0,0
3.67028945,0,1
3.6707894,0,0
3.67128915,0,1
3.6717891,0,0
3.67228885,0,1
3.6727888,0,0
3.67328855,0,1
3.6737886,0,0
3.67428835,0,1
3.67478835,0,0
3.6752881,0,1
3.6757881,0,0
3.67628785,0,1
3.6767879,0,0
3.67728765,0,1
3.67778765,0,0
3.67828745,0,1
3.67878745,0,0
3.67928715,0,1
3.6797872,0,0
3.68028695,0,1
3.6807869,0,0
3.68128665,0,1
3.6817866,0,0
3.68228635,0,1
3.68278635,0,0
3.68328615,0,1
3.6837861,0,0
3.68428585,0,1
3.68478585,0,0
3.68528555,0,1
3.68578545,0,0
3.6862852,0,1
3.6867852,0,0
3.68728495,0,1
3.68778495,0,0
3.6882847,0,1
3.68878465,0,0
3.68928435,0,1
3.6897843,0,0
3.69028405,0,1
3.69078405,0,0
3.6912838,0,1
3.6917838,0,0
3.6922835,0,1
3.6927835,0,0
3.69328325,0,1
3.69378325,0,0
3.69428295,0,1
3.69478295,0,0
3.69528265,0,1
3.6957826,0,0
3.69628235,0,1
3.6967823,0,0
3.69728205,0,1
3.69778195,0,0
3.6982817,0,1
3.69878165,0,0
3.6992814,0,1
3.6997814,0,0
3.7002811,0,1
3.7007811,0,0
3.7012808,0,1
3.70178075,0,0
3.70228045,0,1
3.70278045,0,0
3.70328015,0,1
3.70378015,0,0
3.7042799,0,1
3.70477985,0,0
3.7052796,0,1
3.7057795,0,0
3.70627925,0,1
3.7067792,0,0
3.7072789,0,1
3.70777895,0,0
3.7082787,0,1
3.7087787,0,0
3.70927845,0,1
3.70977845,0,0
3.71027825,0,1
3.71077825,0,0
3.711278,0,1
3.711778,0,0
3.7122777,0,1
3.71277765,0,0
3.71327735,0,1
3.71377735,0,0
3.71427705,0,1
3.71477705,0,0
3.7152769,0,1
3.71577695,0,0
3.7162767,0,1
3.7167767,0,0
3.71727645,0,1
3.7177765,0,0
3.71827625,0,1
3.7187763,0,0
3.71927605,0,1
3.7197761,0,0
3.7202759,0,1
3.720776,0,0
3.7212758,0,1
3.7217759,0,0
3.72227575,0,1
3.7227758,0,0
3.72327565,0,1
3.7237757,0,0
3.7242755,0,1
3.72477555,0,0
3.7252753,0,1
3.72577535,0,0
3.72627515,0,1
3.7267752,0,0
3.727275,0,1
3.727775,0,0
3.7282748,0,1
3.7287748,0,0
3.72927455,0,1
3.7297746,0,0
3.7302744,0,1
3.73077435,0,0
3.7312741,0,1
3.73177415,0,0
3.73227395,0,1
3.732774,0,0
3.7332738,0,1
3.7337738,0,0
3.73427355,0,1
3.73477355,0,0
3.7352733,0,1
3.7357733,0,0
3.736273,0,1
3.73677295,0,0
3.7372727,0,1
3.73777275,0,0
3.7382725,0,1
3.73877255,0,0
3.73927225,0,1
3.73977225,0,0
3.740272,0,1
3.740772,0,0
3.74127175,0,1
3.7417718,0,0
3.74227155,0,1
3.74277155,0,0
3.74327135,0,1
3.7437714,0,0
3.7442712,0,1
3.7447712,0,0
3.74527095,0,1
3.745771,0,0
3.7462708,0,1
3.7467708,0,0
3.7472706,0,1
3.74777065,0,0
3.7482704,0,1
3.7487704,0,0
3.7492702,0,1
3.7497702,0,0
3.75026995,0,1
3.75077,0,0
3.7512698,0,1
3.75176975,0,0
3.7522695,0,1
3.7527695,0,0
3.75326925,0,1
3.75376925,0,0
3.75426895,0,1
3.75476895,0,0
3.75526875,0,1
3.7557687,0,0
3.7562684,0,1
3.75676835,0,0
3.7572681,0,1
3.7577681,0,0
3.75826785,0,1
3.7587679,0,0
3.7592676,0,1
3.7597676,0,0
3.7602673,0,1
3.76076725,0,0
3.761267,0,1
3.761767,0,0
3.7622667,0,1
3.76276675,0,0
3.76326655,0,1
3.76376655,0,0
3.7642664,0,1
3.7647664,0,0
3.7652662,0,1
3.7657662,0,0
3.76626595,0,1
3.76676595,0,0
3.7672657,0,1
3.76776575,0,0
3.7682655,0,1
3.76876555,0,0
3.7692653,0,1
3.7697653,0,0
3.77026505,0,1
3.77076505,0,0
3.7712648,0,1
3.77176475,0,0
3.77226445,0,1
3.7727644,0,0
3.77326415,0,1
3.7737641,0,0
3.77426385,0,1
3.7747639,0,0
3.77526365,0,1
3.77576365,0,0
3.7762634,0,1
3.7767634,0,0
3.7772632,0,1
3.77776325,0,0
3.77826305,0,1
3.7787631,0,0
3.77926285,0,1
3.7797629,0,0
3.78026265,0,1
3.78076265,0,0
3.7812624,0,1
3.7817624,0,0
3.7822622,0,1
3.7827622,0,0
3.78326195,0,1
3.783762,0,0
3.7842618,0,1
3.7847618,0,0
3.78526155,0,1
3.78576155,0,0
3.7862613,0,1
3.7867613,0,0
3.78726105,0,1
3.78776105,0,0
3.7882608,0,1
3.78876085,0,0
3.78926065,0,1
3.78976065,0,0
3.79026045,0,1
3.7907604,0,0
3.79126015,0,1
3.79176015,0,0
3.79225995,0,1
3.79275995,0,0
3.79325975,0,1
3.79375975,0,0
3.79425955,0,1
3.7947596,0,0
3.79525935,0,1
3.7957593,0,0
3.796259,0,1
3.796759,0,0
3.7972588,0,1
3.79775885,0,0
3.7982586,0,1
3.79875865,0,0
3.79925845,0,1
3.7997585,0,0
3.8002583,0,1
3.80075835,0,0
3.80125815,0,1
3.80175815,0,0
3.80225785,0,1
3.8027578,0,0
3.8032576,0,1
3.8037576,0,0
3.80425735,0,1
3.80475735,0,0
3.8052571,0,1
3.80575705,0,0
3.8062568,0,1
3.8067568,0,0
3.80725645,0,1
3.8077564,0,0
3.80825615,0,1
3.8087561,0,0
3.80925585,0,1
3.8097558,0,0
3.8102555,0,1
3.81075545,0,0
3.8112552,0,1
3.8117552,0,0
3.81225495,0,1
3.8127549,0,0
3.81325465,0,1
3.81375465,0,0
3.8142544,0,1
3.8147544,0,0
3.8152541,0,1
3.8157541,0,0
3.81625385,0,1
3.81675385,0,0
3.8172536,0,1
3.8177536,0,0
3.81825335,0,1
3.81875335,0,0
3.8192531,0,1
3.8197531,0,0
3.8202528,0,1
3.82075275,0,0
3.82125245,0,1
3.82175235,0,0
3.82225205,0,1
3.82275205,0,0
3.82325175,0,1
3.82375175,0,0
3.8242515,0,1
3.8247515,0,0
3.82525125,0,1
3.82575125,0,0
3.826251,0,1
3.82675095,0,0
3.8272507,0,1
3.82775065,0,0
3.8282504,0,1
3.8287504,0,0
3.82925015,0,1
3.82975015,0,0
3.83024985,0,1
3.8307498,0,0
3.8312496,0,1
3.8317496,0,0
3.8322493,0,1
3.83274925,0,0
3.83324895,0,1
3.83374895,0,0
3.8342487,0,1
3.83474865,0,0
3.8352484,0,1
3.83574835,0,0
3.83624815,0,1
3.8367481,0,0
3.83724785,0,1
3.83774785,0,0
3.83824755,0,1
3.8387475,0,0
3.8392472,0,1
3.8397472,0,0
3.840247,0,1
3.840747,0,0
3.84124675,0,1
3.84174675,0,0
3.84224645,0,1
3.84274645,0,0
3.84324615,0,1
3.84374615,0,0
3.8442459,0,1
3.84474585,0,0
3.8452456,0,1
3.84574555,0,0
3.84624525,0,1
3.8467452,0,0
3.847245,0,1
3.847745,0,0
3.8482448,0,1
3.8487448,0,0
3.84924455,0,1
3.84974455,0,0
3.8502443,0,1
3.8507443,0,0
3.85124405,0,1
3.85174405,0,0
3.8522438,0,1
3.85274385,0,0
3.8532436,0,1
3.85374355,0,0
3.8542433,0,1
3.8547433,0,0
3.855243,0,1
3.855743,0,0
3.8562427,0,1
3.8567427,0,0
3.85724245,0,1
3.8577424,0,0
3.85824215,0,1
3.85874215,0,0
3.8592419,0,1
3.8597419,0,0
3.8602417,0,1
3.8607417,0,0
3.86124145,0,1
3.86174145,0,0
3.8622412,0,1
3.86274125,0,0
3.863241,0,1
3.863741,0,0
3.86424075,0,1
3.86474075,0,0
3.86524045,0,1
3.8657405,0,0
3.86624025,0,1
3.86674025,0,0
3.86724,0,1
3.86774,0,0
3.8682397,0,1
3.8687397,0,0
3.8692394,0,1
3.8697393,0,0
3.870239,0,1
3.87073895,0,0
3.87123865,0,1
3.8717386,0,0
3.8722383,0,1
3.87273825,0,0
3.873238,0,1
3.873738,0,0
3.87423765,0,1
3.87473765,0,0
3.87523735,0,1
3.8757373,0,0
3.87623705,0,1
3.87673705,0,0
3.8772368,0,1
3.87773675,0,0
3.87823645,0,1
3.8787364,0,0
3.87923615,0,1
3.87973615,0,0
3.88023585,0,1
3.88073585,0,0
3.88123555,0,1
3.8817355,0,0
3.88223515,0,1
3.88273515,0,0
3.88323485,0,1
3.8837348,0,0
3.8842345,0,1
3.88473445,0,0
3.88523415,0,1
3.8857341,0,0
3.88623385,0,1
3.88673385,0,0
3.88723355,0,1
3.8877335,0,0
3.8882332,0,1
3.8887332,0,0
3.8892329,0,1
3.8897329,0,0
3.8902326,0,1
3.89073255,0,0
3.89123225,0,1
3.8917322,0,0
3.89223195,0,1
3.89273195,0,0
3.8932316,0,1
3.8937316,0,0
3.89423125,0,1
3.8947312,0,0
3.89523095,0,1
3.8957309,0,0
3.89623055,0,1
3.8967305,0,0
3.8972302,0,1
3.89773015,0,0
3.8982299,0,1
3.8987299,0,0
3.89922965,0,1
3.8997296,0,0
3.9002293,0,1
3.9007293,0,0
3.90122905,0,1
3.901729,0,0
3.9022287,0,1
3.90272865,0,0
3.9032283,0,1
3.9037283,0,0
3.90422805,0,1
3.904728,0,0
3.90522775,0,1
3.9057278,0,0
3.90622755,0,1
3.90672755,0,0
3.90722725,0,1
3.9077272,0,0
3.90822695,0,1
3.9087269,0,0
3.9092266,0,1
3.9097266,0,0
3.9102263,0,1
3.91072625,0,0
3.911226,0,1
3.91172595,0,0
3.91222565,0,1
3.91272565,0,0
3.9132254,0,1
3.9137254,0,0
3.91422515,0,1
3.9147251,0,0
3.9152248,0,1
3.91572475,0,0
3.9162245,0,1
3.9167244,0,0
3.91722405,0,1
3.91772405,0,0
3.9182238,0,1
3.91872375,0,0
3.9192235,0,1
3.91972355,0,0
3.9202233,0,1
3.92072325,0,0
3.921223,0,1
3.92172295,0,0
3.9222227,0,1
3.92272265,0,0
3.9232224,0,1
3.9237224,0,0
3.9242221,0,1
3.9247221,0,0
3.9252218,0,1
3.92572175,0,0
3.9262215,0,1
3.92672145,0,0
3.9272212,0,1
3.9277212,0,0
3.92822095,0,1
3.928721,0,0
3.92922075,0,1
3.92972075,0,0
3.9302205,0,1
3.9307205,0,0
3.9312203,0,1
3.9317203,0,0
3.9322201,0,1
3.9327201,0,0
3.93321985,0,1
3.93371985,0,0
3.9342196,0,1
3.9347197,0,0
3.93521945,0,1
3.93571945,0,0
3.9362192,0,1
3.93671925,0,0
3.93721905,0,1
3.93771905,0,0
3.9382188,0,1
3.9387188,0,0
3.9392186,0,1
3.9397187,0,0
3.94021845,0,1
3.94071845,0,0
3.9412182,0,1
3.94171815,0,0
3.9422179,0,1
3.94271795,0,0
3.9432177,0,1
3.94371775,0,0
3.94421745,0,1
3.94471745,0,0
3.9452172,0,1
3.94571725,0,0
3.94621705,0,1
3.946717,0,0
3.94721675,0,1
3.94771675,0,0
3.9482165,0,1
3.94871645,0,0
3.9492162,0,1
3.9497162,0,0
3.95021595,0,1
3.95071595,0,0
3.9512157,0,1
3.95171565,0,0
3.95221535,0,1
3.9527153,0,0
3.953215,0,1
3.95371495,0,0
3.95421465,0,1
3.9547146,0,0
3.9552144,0,1
3.95571445,0,0
3.95621415,0,1
3.95671415,0,0
3.95721385,0,1
3.95771385,0,0
3.95821355,0,1
3.95871355,0,0
3.95921325,0,1
3.9597132,0,0
3.9602129,0,1
3.9607129,0,0
3.9612126,0,1
3.9617126,0,0
3.9622123,0,1
3.96271225,0,0
3.963212,0,1
3.96371195,0,0
3.9642117,0,1
3.9647116,0,0
3.96521135,0,1
3.9657113,0,0
3.96621105,0,1
3.966711,0,0
3.9672107,0,1
3.9677107,0,0
3.96821045,0,1
3.9687104,0,0
3.9692101,0,1
3.9697101,0,0
3.97020985,0,1
3.9707098,0,0
3.97120955,0,1
3.9717096,0,0
3.97220935,0,1
3.97270935,0,0
3.97320905,0,1
3.97370905,0,0
3.97420885,0,1
3.97470885,0,0
3.97520855,0,1
3.9757085,0,0
3.9762083,0,1
3.9767083,0,0
3.9772081,0,1
3.97770815,0,0
3.97820795,0,1
3.97870795,0,0
3.9792077,0,1
3.9797077,0,0
3.98020745,0,1
3.9807074,0,0
3.98120715,0,1
3.98170715,0,0
3.9822069,0,1
3.98270685,0,0
3.98320655,0,1
3.9837066,0,0
3.98420635,0,1
3.98470635,0,0
3.9852061,0,1
3.9857061,0,0
3.9862058,0,1
3.9867058,0,0
3.98720555,0,1
3.98770555,0,0
3.9882053,0,1
3.9887053,0,0
3.9892051,0,1
3.9897051,0,0
3.9902049,0,1
3.99070495,0,0
3.99120465,0,1
3.99170465,0,0
3.9922044,0,1
3.9927044,0,0
3.9932042,0,1
3.9937042,0,0
3.99420395,0,1
3.99470395,0,0
3.9952037,0,1
3.99570365,0,0
3.9962034,0,1
3.99670335,0,0
3.99720305,0,1
3.997703,0,0
3.9982027,0,1
3.9987027,0,0
3.9992025,0,1
3.9997025,0,0
4.0002023,0,1
4.0007023,0,0
4.001202,0,1
4.001702,0,0
4.0022017,0,1
4.0027017,0,0
4.00320145,0,1
4.00370145,0,0
4.0042012,0,1
4.0047012,0,0
4.005201,0,1
4.005701,0,0
4.0062008,0,1
4.0067008,0,0
4.00720055,0,1
4.0077006,0,0
4.00820035,0,1
4.00870035,0,0
4.00920015,0,1
4.00970015,0,0
4.0101999,0,1
4.01069995,0,0
4.0111997,0,1
4.01169975,0,0
4.01219955,0,1
4.0126996,0,0
4.01319935,0,1
4.01369935,0,0
4.01419915,0,1
4.0146992,0,0
4.015199,0,1
4.01569905,0,0
4.0161988,0,1
4.01669885,0,0
4.01719865,0,1
4.0176987,0,0
4.01819845,0,1
4.0186985,0,0
4.01919825,0,1
4.01969825,0,0
4.02019805,0,1
4.0206981,0,0
4.0211979,0,1
4.02169795,0,0
4.02219775,0,1
4.0226978,0,0
4.0231976,0,1
4.02369765,0,0
4.0241975,0,1
4.0246975,0,0
4.0251973,0,1
4.02569735,0,0
4.0261972,0,1
4.02669725,0,0
4.02719705,0,1
4.0276971,0,0
4.0281969,0,1
4.02869695,0,0
4.02919675,0,1
4.02969675,0,0
4.0301965,0,1
4.0306965,0,0
4.0311963,0,1
4.03169635,0,0
4.03219615,0,1
4.0326962,0,0
4.033196,0,1
4.03369605,0,0
4.0341958,0,1
4.03469585,0,0
4.0351957,0,1
4.0356957,0,0
4.0361955,0,1
4.0366955,0,0
4.03719525,0,1
4.03769525,0,0
4.03819505,0,1
4.0386951,0,0
4.0391949,0,1
4.0396949,0,0
4.0401947,0,1
4.04069475,0,0
4.04119455,0,1
4.04169465,0,0
4.04219445,0,1
4.04269445,0,0
4.04319425,0,1
4.04369435,0,0
4.0441941,0,1
4.04469415,0,0
4.045194,0,1
4.04569405,0,0
4.04619385,0,1
4.0466939,0,0
4.0471937,0,1
4.0476938,0,0
4.0481936,0,1
4.0486937,0,0
4.04919355,0,1
4.0493219,1,1
4.0496936,1,0
4.0501934,1,1
4.050321,0,1
4.05069345,0,0
4.0511932,0,1
4.0516932,0,0
4.052193,0,1
4.052693,0,0
4.05319275,0,1
4.0536928,0,0
4.0541926,0,1
4.0546926,0,0
4.0551924,0,1
4.05569245,0,0
4.0561922,0,1
4.0566922,0,0
4.057192,0,1
4.05769205,0,0
4.05819185,0,1
4.05869185,0,0
4.05919165,0,1
4.0596917,0,0
4.0601915,0,1
4.06069155,0,0
4.06119135,0,1
4.06169135,0,0
4.06219115,0,1
4.0626912,0,0
4.063191,0,1
4.06369105,0,0
4.06419085,0,1
4.0646909,0,0
4.0651907,0,1
4.06569075,0,0
4.06619055,0,1
4.0666906,0,0
4.0671904,0,1
4.0676904,0,0
4.0681901,0,1
4.06869015,0,0
4.0691899,0,1
4.0696899,0,0
4.07018965,0,1
4.0706897,0,0
4.0711895,0,1
4.07168955,0,0
4.0721894,0,1
4.0726894,0,0
4.07318915,0,1
4.0736891,0,0
4.07418885,0,1
4.0746889,0,0
4.0751887,0,1
4.0756887,0,0
4.0761884,0,1
4.0766884,0,0
4.07718815,0,1
4.0776882,0,0
4.07818795,0,1
4.07868795,0,0
4.0791877,0,1
4.0796877,0,0
4.08018745,0,1
4.08068745,0,0
4.08118725,0,1
4.0816873,0,0
4.0821871,0,1
4.08268715,0,0
4.08318695,0,1
4.083687,0,0
4.08418675,0,1
4.0846868,0,0
4.08518655,0,1
4.0856866,0,0
4.08618635,0,1
4.0866864,0,0
4.08718625,0,1
4.08768625,0,0
4.0881861,0,1
4.08868615,0,0
4.0891859,0,1
4.08968595,0,0
4.0901857,0,1
4.0906857,0,0
4.09118545,0,1
4.0916855,0,0
4.09218525,0,1
4.0926853,0,0
4.09318505,0,1
4.0936851,0,0
4.09418485,0,1
4.0946849,0,0
4.0951847,0,1
4.0956847,0,0
4.0961845,0,1
4.09668455,0,0
4.0971843,0,1
4.09768435,0,0
4.0981841,0,1
4.09868415,0,0
4.0991839,0,1
4.09968395,0,0
4.1001837,0,1
4.10068375,0,0
4.1011835,0,1
4.10168355,0,0
4.1021833,0,1
4.10268325,0,0
4.10318305,0,1
4.10368305,0,0
4.1041828,0,1
4.10468285,0,0
4.10518265,0,1
4.1056826,0,0
4.1061824,0,1
4.1066824,0,0
4.10718215,0,1
4.10768215,0,0
4.1081819,0,1
4.1086819,0,0
4.10918165,0,1
4.1096817,0,0
4.1101815,0,1
4.11068155,0,0
4.1111813,0,1
4.11168135,0,0
4.11218115,0,1
4.1126812,0,0
4.113181,0,1
4.11368105,0,0
4.11418085,0,1
4.11468085,0,0
4.1151806,0,1
4.11568065,0,0
4.1161804,0,1
4.1166804,0,0
4.11718015,0,1
4.1176801,0,0
4.11817985,0,1
4.11867985,0,0
4.11917965,0,1
4.1196797,0,0
4.12017945,0,1
4.12067945,0,0
4.1211792,0,1
4.1216792,0,0
4.122179,0,1
4.122679,0,0
4.12317875,0,1
4.1236788,0,0
4.12417855,0,1
4.12467855,0,0
4.12517835,0,1
4.12567835,0,0
4.12617815,0,1
4.12667815,0,0
4.12717795,0,1
4.127678,0,0
4.12817775,0,1
4.1286777,0,0
4.1291774,0,1
4.12967735,0,0
4.1301771,0,1
4.1306771,0,0
4.1311769,0,1
4.1316769,0,0
4.1321767,0,1
4.1326767,0,0
4.1331765,0,1
4.13367655,0,0
4.1341763,0,1
4.13467635,0,0
4.1351761,0,1
4.1356761,0,0
4.13617585,0,1
4.1366759,0,0
4.1371757,0,1
4.1376757,0,0
4.1381755,0,1
4.13867555,0,0
4.13917535,0,1
4.13967535,0,0
4.1401751,0,1
4.1406751,0,0
4.1411748,0,1
4.1416748,0,0
4.1421745,0,1
4.1426745,0,0
4.1431743,0,1
4.14367435,0,0
4.14417405,0,1
4.1446741,0,0
4.1451738,0,1
4.1456738,0,0
4.1461735,0,1
4.1466735,0,0
4.14717325,0,1
4.14767325,0,0
4.14817305,0,1
4.14867305,0,0
4.14917285,0,1
4.1496729,0,0
4.15017265,0,1
4.15067265,0,0
4.15117245,0,1
4.1516725,0,0
4.1521723,0,1
4.1526723,0,0
4.1531721,0,1
4.1536721,0,0
4.15417185,0,1
4.15467185,0,0
4.1551716,0,1
4.15567165,0,0
4.15617145,0,1
4.1566715,0,0
4.15717125,0,1
4.15767125,0,0
4.158171,0,1
4.15867105,0,0
4.15917085,0,1
4.1596709,0,0
4.16017065,0,1
4.1606707,0,0
4.1611705,0,1
4.16167055,0,0
4.1621703,0,1
4.16267035,0,0
4.1631701,0,1
4.1636702,0,0
4.16417,0,1
4.16467005,0,0
4.16516985,0,1
4.16566985,0,0
4.16616965,0,1
4.16666965,0,0
4.1671694,0,1
4.1676694,0,0
4.1681693,0,1
4.16866935,0,0
4.1691691,0,1
4.1696691,0,0
4.17016885,0,1
4.1706689,0,0
4.1711687,0,1
4.17166875,0,0
4.17216855,0,1
4.1726686,0,0
4.17316835,0,1
4.1736684,0,0
4.1741682,0,1
4.1746683,0,0
4.17516815,0,1
4.1756682,0,0
4.176168,0,1
4.1766681,0,0
4.1771679,0,1
4.177668,0,0
4.1781678,0,1
4.1786679,0,0
4.1791677,0,1
4.17966775,0,0
4.18016755,0,1
4.1806676,0,0
4.18116735,0,1
4.1816674,0,0
4.18216715,0,1
4.1826672,0,0
4.183167,0,1
4.183667,0,0
4.1841668,0,1
4.18466685,0,0
4.18516665,0,1
4.1856667,0,0
4.18616655,0,1
4.1866666,0,0
4.1871664,0,1
4.1876664,0,0
4.1881662,0,1
4.18866625,0,0
4.18916605,0,1
4.1896661,0,0
4.19016595,0,1
4.190666,0,0
4.1911658,0,1
4.19166585,0,0
4.19216565,0,1
4.19266565,0,0
4.1931654,0,1
4.1936654,0,0
4.1941652,0,1
4.1946652,0,0
4.19516495,0,1
4.1956649,0,0
4.1961646,0,1
4.1966646,0,0
4.1971644,0,1
4.19766445,0,0
4.1981643,0,1
4.1986643,0,0
4.1991641,0,1
4.19966415,0,0
4.20016395,0,1
4.20066405,0,0
4.2011639,0,1
4.20166395,0,0
4.20216375,0,1
4.2026638,0,0
4.20316365,0,1
4.20366365,0,0
4.20416345,0,1
4.2046635,0,0
4.2051633,0,1
4.2056634,0,0
4.20616325,0,1
4.2066633,0,0
4.20716315,0,1
4.2076632,0,0
4.20816305,0,1
4.20866315,0,0
4.20916295,0,1
4.20966305,0,0
4.2101628,0,1
4.21066285,0,0
4.21116265,0,1
4.21166275,0,0
4.2121626,0,1
4.21266265,0,0
4.2131625,0,1
4.2136626,0,0
4.2141624,0,1
4.2146625,0,0
4.2151623,0,1
4.21566235,0,0
4.2161621,0,1
4.2166621,0,0
4.21716185,0,1
4.2176619,0,0
4.2181617,0,1
4.2186617,0,0
4.2191615,0,1
4.2196616,0,0
4.2201614,0,1
4.2206615,0,0
4.2211613,0,1
4.2216614,0,0
4.22216125,0,1
4.2226613,0,0
4.2231611,0,1
4.2236611,0,0
4.2241609,0,1
4.224661,0,0
4.2251608,0,1
4.22566085,0,0
4.2261607,0,1
4.2266608,0,0
4.2271606,0,1
4.2276607,0,0
4.2281605,0,1
4.22866055,0,0
4.2291604,0,1
4.2296605,0,0
4.23016035,0,1
4.2306604,0,0
4.23116025,0,1
4.2316603,0,0
4.2321601,0,1
4.2326602,0,0
4.23316,0,1
4.23366005,0,0
4.2341599,0,1
4.23466,0,0
4.23515985,0,1
4.2356599,0,0
4.2361598,0,1
4.2366599,0,0
4.23715975,0,1
4.2376598,0,0
4.2381596,0,1
4.2386597,0,0
4.2391595,0,1
4.23965955,0,0
4.24015935,0,1
4.24065945,0,0
4.2411593,0,1
4.2416594,0,0
4.2421592,0,1
4.24265935,0,0
4.2431592,0,1
4.2436593,0,0
4.2441591,0,1
4.2446592,0,0
4.24515905,0,1
4.24565915,0,0
4.24615905,0,1
4.24665915,0,0
4.24715905,0,1
4.24765915,0,0
4.24815905,0,1
4.2486592,0,0
4.24915905,0,1
4.24965915,0,0
4.250159,0,1
4.2506591,0,0
4.25115895,0,1
4.2516591,0,0
4.252159,0,1
4.25265915,0,0
4.253159,0,1
4.2536591,0,0
4.254159,0,1
4.2546591,0,0
4.25515895,0,1
4.25565905,0,0
4.25615895,0,1
4.25665905,0,0
4.25715895,0,1
4.25765905,0,0
4.2581589,0,1
4.258659,0,0
4.25915885,0,1
4.25965895,0,0
4.26015875,0,1
4.2606588,0,0
4.26115865,0,1
4.2616587,0,0
4.2621585,0,1
4.26265855,0,0
4.26315835,0,1
4.2636584,0,0
4.2641582,0,1
4.2646583,0,0
4.2651581,0,1
4.26565815,0,0
4.266158,0,1
4.26665805,0,0
4.26715785,0,1
4.2676579,0,0
4.2681577,0,1
4.26865775,0,0
4.26915755,0,1
4.2696576,0,0
4.2701574,0,1
4.2706575,0,0
4.27115735,0,1
4.2716575,0,0
4.27215735,0,1
4.27265745,0,0
4.2731573,0,1
4.27365735,0,0
4.2741572,0,1
4.27465725,0,0
4.27515705,0,1
4.27565715,0,0
4.27615695,0,1
4.27665705,0,0
4.27715685,0,1
4.27765695,0,0
4.27815675,0,1
4.2786568,0,0
4.2791566,0,1
4.27965665,0,0
4.2801565,0,1
4.28065655,0,0
4.28115635,0,1
4.2816564,0,0
4.2821562,0,1
4.28265625,0,0
4.28315605,0,1
4.28365605,0,0
4.2841559,0,1
4.28465595,0,0
4.2851558,0,1
4.2856559,0,0
4.28615575,0,1
4.2866558,0,0
4.2871556,0,1
4.28765565,0,0
4.28815545,0,1
4.2886555,0,0
4.28915535,0,1
4.2896554,0,0
4.2901552,0,1
4.29065535,0,0
4.2911552,0,1
4.2916553,0,0
4.29215515,0,1
4.29265525,0,0
4.2931551,0,1
4.2936552,0,0
4.29415505,0,1
4.29465515,0,0
4.295155,0,1
4.295655,0,0
4.29615485,0,1
4.29665495,0,0
4.2971548,0,1
4.2976549,0,0
4.29815475,0,1
4.2986548,0,0
4.2991546,0,1
4.2996547,0,0
4.3001546,0,1
4.3006547,0,0
4.30115455,0,1
4.30165465,0,0
4.30215445,0,1
4.30265455,0,0
4.3031544,0,1
4.30365445,0,0
4.30415435,0,1
4.30465445,0,0
4.30515425,0,1
4.30565435,0,0
4.30615415,0,1
4.3066542,0,0
4.30715405,0,1
4.30765415,0,0
4.308154,0,1
4.30865405,0,0
4.3091539,0,1
4.309654,0,0
4.3101538,0,1
4.31065385,0,0
4.3111536,0,1
4.3116537,0,0
4.3121535,0,1
4.31265355,0,0
4.3131534,0,1
4.3136535,0,0
4.3141533,0,1
4.31465335,0,0
4.31515315,0,1
4.31565325,0,0
4.3161531,0,1
4.3166531,0,0
4.3171529,0,1
4.31765295,0,0
4.3181528,0,1
4.31865285,0,0
4.3191527,0,1
4.31965275,0,0
4.3201526,0,1
4.32065265,0,0
4.32115245,0,1
4.3216525,0,0
4.3221523,0,1
4.32265235,0,0
4.3231521,0,1
4.32365215,0,0
4.3241519,0,1
4.3246519,0,0
4.3251517,0,1
4.32565175,0,0
4.3261516,0,1
4.32665175,0,0
4.32715155,0,1
4.3276516,0,0
4.3281514,0,1
4.32865145,0,0
4.3291513,0,1
4.3296514,0,0
4.3301512,0,1
4.3306513,0,0
4.3311511,0,1
4.3316512,0,0
4.332151,0,1
4.33265105,0,0
4.33315085,0,1
4.3336509,0,0
4.3341507,0,1
4.3346508,0,0
4.33515065,0,1
4.33565075,0,0
4.3361506,0,1
4.3366507,0,0
4.33715055,0,1
4.33765065,0,0
4.3381505,0,1
4.33865055,0,0
4.33915035,0,1
4.33965035,0,0
4.34015015,0,1
4.34065015,0,0
4.34114995,0,1
4.34165,0,0
4.3421498,0,1
4.3426499,0,0
4.34314975,0,1
4.3436498,0,0
4.3441496,0,1
4.34464965,0,0
4.3451494,0,1
4.34564945,0,0
4.34614925,0,1
4.3466493,0,0
4.3471491,0,1
4.3476492,0,0
4.348149,0,1
4.34864905,0,0
4.3491489,0,1
4.34964895,0,0
4.35014875,0,1
4.3506488,0,0
4.3511486,0,1
4.3516486,0,0
4.3521484,0,1
4.35264845,0,0
4.3531483,0,1
4.35364835,0,0
4.35414815,0,1
4.3546482,0,0
4.355148,0,1
4.3556481,0,0
4.3561479,0,1
4.35664795,0,0
4.35714775,0,1
4.35764785,0,0
4.35814765,0,1
4.3586477,0,0
4.35914745,0,1
4.35964755,0,0
4.36014735,0,1
4.3606474,0,0
4.3611472,0,1
4.36164725,0,0
4.36214705,0,1
4.36264705,0,0
4.3631468,0,1
4.36364685,0,0
4.36414665,0,1
4.36464665,0,0
4.36514645,0,1
4.36564655,0,0
4.36614635,0,1
4.3666464,0,0
4.3671462,0,1
4.3676463,0,0
4.36814605,0,1
4.3686461,0,0
4.36914585,0,1
4.3696459,0,0
4.37014565,0,1
4.37064565,0,0
4.3711454,0,1
4.37164535,0,0
4.37214515,0,1
4.3726452,0,0
4.373145,0,1
4.373645,0,0
4.3741448,0,1
4.37464485,0,0
4.37514465,0,1
4.37564465,0,0
4.3761444,0,1
4.3766444,0,0
4.3771442,0,1
4.3776443,0,0
4.37814405,0,1
4.3786441,0,0
4.3791438,0,1
4.37964385,0,0
4.3801436,0,1
4.38064365,0,0
4.38114345,0,1
4.3816435,0,0
4.38214325,0,1
4.38264325,0,0
4.38314305,0,1
4.383643,0,0
4.38414275,0,1
4.38464275,0,0
4.38514255,0,1
4.3856426,0,0
4.3861424,0,1
4.3866424,0,0
4.3871422,0,1
4.38764225,0,0
4.388142,0,1
4.38864205,0,0
4.3891418,0,1
4.3896418,0,0
4.39014155,0,1
4.39064155,0,0
4.3911413,0,1
4.39164125,0,0
4.39214105,0,1
4.39264105,0,0
4.3931408,0,1
4.3936408,0,0
4.39414055,0,1
4.39464055,0,0
4.39514035,0,1
4.39564035,0,0
4.39614005,0,1
4.39664,0,0
4.39713975,0,1
4.39763975,0,0
4.3981395,0,1
4.3986395,0,0
4.39913925,0,1
4.39963925,0,0
4.40013895,0,1
4.4006389,0,0
4.4011386,0,1
4.4016386,0,0
4.40213835,0,1
4.4026383,0,0
4.40313805,0,1
4.403638,0,0
4.40413775,0,1
4.4046378,0,0
4.40513755,0,1
4.40563755,0,0
4.40613735,0,1
4.4066374,0,0
4.40713715,0,1
4.4076371,0,0
4.4081369,0,1
4.40863695,0,0
4.4091367,0,1
4.40963675,0,0
4.4101365,0,1
4.4106365,0,0
4.4111363,0,1
4.4116363,0,0
4.4121361,0,1
4.4126361,0,0
4.4131359,0,1
4.4136359,0,0
4.4141357,0,1
4.41463575,0,0
4.41513555,0,1
4.41563555,0,0
4.41613535,0,1
4.4166354,0,0
4.41713515,0,1
4.41763515,0,0
4.41813495,0,1
4.41863495,0,0
4.41913475,0,1
4.41963475,0,0
4.4201345,0,1
4.4206345,0,0
4.4211342,0,1
4.4216342,0,0
4.422134,0,1
4.422634,0,0
4.42313375,0,1
4.42363375,0,0
4.4241335,0,1
4.42463355,0,0
4.4251333,0,1
4.4256333,0,0
4.42613305,0,1
4.42663305,0,0
4.4271328,0,1
4.4276328,0,0
4.42813255,0,1
4.42863255,0,0
4.42913235,0,1
4.42963235,0,0
4.4301321,0,1
4.4306321,0,0
4.43113185,0,1
4.4316318,0,0
4.43213155,0,1
4.43263155,0,0
4.4331313,0,1
4.4336313,0,0
4.43413105,0,1
4.43463105,0,0
4.43513085,0,1
4.43563085,0,0
4.4361306,0,1
4.43663065,0,0
4.4371304,0,1
4.4376304,0,0
4.43813015,0,1
4.43863015,0,0
4.43912985,0,1
4.4396298,0,0
4.44012955,0,1
4.4406295,0,0
4.44112925,0,1
4.4416293,0,0
4.44212905,0,1
4.44262905,0,0
4.44312885,0,1
4.44362885,0,0
4.4441286,0,1
4.4446286,0,0
4.44512835,0,1
4.4456284,0,0
4.44612815,0,1
4.44662815,0,0
4.4471279,0,1
4.4476279,0,0
4.44812765,0,1
4.4486276,0,0
4.44912735,0,1
4.44962735,0,0
4.4501271,0,1
4.45062715,0,0
4.45112695,0,1
4.45162705,0,0
4.45212685,0,1
4.45262695,0,0
4.45312675,0,1
4.4536268,0,0
4.4541266,0,1
4.4546266,0,0
4.4551264,0,1
4.4556264,0,0
4.45612615,0,1
4.4566262,0,0
4.457126,0,1
4.45762605,0,0
4.4581258,0,1
4.45862585,0,0
4.45912565,0,1
4.45962565,0,0
4.4601254,0,1
4.4606254,0,0
4.46112515,0,1
4.46162515,0,0
4.46212485,0,1
4.46262485,0,0
4.4631246,0,1
4.46362465,0,0
4.4641244,0,1
4.4646244,0,0
4.4651242,0,1
4.4656242,0,0
4.46612395,0,1
4.46662395,0,0
4.46712375,0,1
4.4676238,0,0
4.4681236,0,1
4.46862365,0,0
4.4691234,0,1
4.4696234,0,0
4.4701232,0,1
4.4706232,0,0
4.47112295,0,1
4.47162305,0,0
4.47212285,0,1
4.4726229,0,0
4.47312265,0,1
4.4736227,0,0
4.47412245,0,1
4.47462245,0,0
4.47512215,0,1
4.4756221,0,0
4.47612185,0,1
4.47662185,0,0
4.4771216,0,1
4.47762155,0,0
4.4781212,0,1
4.4786212,0,0
4.4791209,0,1
4.4796209,0,0
4.4801207,0,1
4.4806207,0,0
4.4811205,0,1
4.4816205,0,0
4.4821203,0,1
4.48262035,0,0
4.4831202,0,1
4.4836203,0,0
4.48412015,0,1
4.4846202,0,0
4.48512,0,1
4.48562,0,0
4.48611975,0,1
4.4866198,0,0
4.4871196,0,1
4.4876196,0,0
4.4881194,0,1
4.48861945,0,0
4.48911925,0,1
4.4896193,0,0
4.49011915,0,1
4.4906192,0,0
4.49111895,0,1
4.491619,0,0
4.49211885,0,1
4.4926189,0,0
4.4931187,0,1
4.49361875,0,0
4.49411855,0,1
4.49461855,0,0
4.4951183,0,1
4.49561835,0,0
4.49611815,0,1
4.4966182,0,0
4.497118,0,1
4.49761805,0,0
4.4981178,0,1
4.49861785,0,0
4.4991176,0,1
4.49961765,0,0
4.50011745,0,1
4.5006175,0,0
4.5011173,0,1
4.5016174,0,0
4.50211725,0,1
4.5026173,0,0
4.50311715,0,1
4.5036172,0,0
4.50411705,0,1
4.50461715,0,0
4.50511695,0,1
4.50561695,0,0
4.5061168,0,1
4.50661685,0,0
4.5071167,0,1
4.5076168,0,0
4.50811655,0,1
4.50861665,0,0
4.50911645,0,1
4.5096165,0,0
4.5101163,0,1
4.51061635,0,0
4.5111161,0,1
4.5116161,0,0
4.5121159,0,1
4.5126159,0,0
4.5131156,0,1
4.5136156,0,0
4.51411535,0,1
4.51461535,0,0
4.5151151,0,1
4.5156151,0,0
4.51611485,0,1
4.5166149,0,0
4.51711465,0,1
4.5176147,0,0
4.5181145,0,1
4.51861455,0,0
4.51911435,0,1
4.5196144,0,0
4.52011425,0,1
4.5206143,0,0
4.52111415,0,1
4.52161425,0,0
4.52211405,0,1
4.5226141,0,0
4.5231139,0,1
4.52361395,0,0
4.52411375,0,1
4.52461375,0,0
4.52511355,0,1
4.5256136,0,0
4.52611335,0,1
4.52661335,0,0
4.52711315,0,1
4.5276131,0,0
4.5281129,0,1
4.52861295,0,0
4.52911265,0,1
4.52961265,0,0
4.5301124,0,1
4.5306124,0,0
4.53111215,0,1
4.53161215,0,0
4.5321119,0,1
4.53261185,0,0
4.5331116,0,1
4.5336116,0,0
4.5341114,0,1
4.5346114,0,0
4.53511115,0,1
4.53561115,0,0
4.53611095,0,1
4.53661095,0,0
4.5371107,0,1
4.5376107,0,0
4.53811045,0,1
4.53861045,0,0
4.5391102,0,1
4.5396102,0,0
4.54011,0,1
4.54061005,0,0
4.54110985,0,1
4.54160985,0,0
4.5421096,0,1
4.54260965,0,0
4.54310945,0,1
4.5436095,0,0
4.5441093,0,1
4.5446094,0,0
4.54510925,0,1
4.5456093,0,0
4.54610905,0,1
4.5466091,0,0
4.54710885,0,1
4.54760885,0,0
4.54810865,0,1
4.54860865,0,0
4.54910845,0,1
4.5496085,0,0
4.5501083,0,1
4.55060835,0,0
4.5511082,0,1
4.55160825,0,0
4.55210805,0,1
4.55260815,0,0
4.5531079,0,1
4.553608,0,0
4.55410785,0,1
4.5546079,0,0
4.55510775,0,1
4.55560775,0,0
4.5561076,0,1
4.55660765,0,0
4.55710745,0,1
4.5576075,0,0
4.5581073,0,1
4.55860735,0,0
4.5591071,0,1
4.55960715,0,0
4.560107,0,1
4.56060705,0,0
4.56110685,0,1
4.56160695,0,0
4.5621068,0,1
4.56260685,0,0
4.56310665,0,1
4.5636067,0,0
4.5641065,0,1
4.56460655,0,0
4.56510635,0,1
4.56560645,0,0
4.56610625,0,1
4.5666063,0,0
4.56710605,0,1
4.5676061,0,0
4.5681059,0,1
4.5686059,0,0
4.5691057,0,1
4.5696058,0,0
4.5701056,0,1
4.57060565,0,0
4.5711055,0,1
4.5716055,0,0
4.57210535,0,1
4.5726054,0,0
4.5731052,0,1
4.57360525,0,0
4.57410505,0,1
4.5746051,0,0
4.5751049,0,1
4.5756049,0,0
4.57610465,0,1
4.57660465,0,0
4.5771044,0,1
4.57760445,0,0
4.5781042,0,1
4.57860425,0,0
4.579104,0,1
4.57960405,0,0
4.58010385,0,1
4.5806039,0,0
4.58110375,0,1
4.58160375,0,0
4.5821035,0,1
4.5826035,0,0
4.58310325,0,1
4.5836033,0,0
4.5841031,0,1
4.5846031,0,0
4.58510285,0,1
4.58560285,0,0
4.5861026,0,1
4.58660265,0,0
4.5871024,0,1
4.5876024,0,0
4.58810215,0,1
4.58860215,0,0
4.5891019,0,1
4.58960185,0,0
4.5901016,0,1
4.59060165,0,0
4.59110145,0,1
4.59160145,0,0
4.5921012,0,1
4.59260125,0,0
4.593101,0,1
4.59360095,0,0
4.59410075,0,1
4.59460075,0,0
4.59510055,0,1
4.5956006,0,0
4.5961004,0,1
4.59660045,0,0
4.59710025,0,1
4.59760025,0,0
4.5981,0,1
4.5986,0,0
4.59909975,0,1
4.59959975,0,0
4.60009955,0,1
4.60059955,0,0
4.6010993,0,1
4.60159935,0,0
4.60209915,0,1
4.60259915,0,0
4.6030989,0,1
4.60359895,0,0
4.60409875,0,1
4.6045988,0,0
4.60509855,0,1
4.6055986,0,0
4.60609835,0,1
4.6065984,0,0
4.6070982,0,1
4.6075983,0,0
4.6080981,0,1
4.60859815,0,0
4.60909795,0,1
4.60959805,0,0
4.61009785,0,1
4.6105979,0,0
4.6110977,0,1
4.61159775,0,0
4.6120975,0,1
4.61259745,0,0
4.61309715,0,1
4.6135972,0,0
4.61409695,0,1
4.61459695,0,0
4.6150967,0,1
4.61559675,0,0
4.61609655,0,1
4.61659655,0,0
4.6170963,0,1
4.61759625,0,0
4.618096,0,1
4.61859595,0,0
4.6190957,0,1
4.61959575,0,0
4.6200955,0,1
4.62059555,0,0
4.6210954,0,1
4.6215954,0,0
4.62209525,0,1
4.6225953,0,0
4.62309515,0,1
4.62359515,0,0
4.62409495,0,1
4.624595,0,0
4.62509475,0,1
4.6255948,0,0
4.62609455,0,1
4.6265946,0,0
4.62709435,0,1
4.6275944,0,0
4.6280942,0,1
4.62859425,0,0
4.62909405,0,1
4.6295941,0,0
4.63009385,0,1
4.63059395,0,0
4.63109375,0,1
4.6315938,0,0
4.63209355,0,1
4.63259355,0,0
4.63309335,0,1
4.63359335,0,0
4.6340931,0,1
4.6345931,0,0
4.6350928,0,1
4.6355928,0,0
4.63609255,0,1
4.6365926,0,0
4.6370924,0,1
4.6375924,0,0
4.63809215,0,1
4.63859215,0,0
4.63909185,0,1
4.63959175,0,0
4.64009145,0,1
4.64059145,0,0
4.64109115,0,1
4.6415911,0,0
4.64209085,0,1
4.6425908,0,0
4.6430906,0,1
4.64359065,0,0
4.6440905,0,1
4.6445906,0,0
4.64509045,0,1
4.64559045,0,0
4.64609025,0,1
4.6465903,0,0
4.6470901,0,1
4.6475901,0,0
4.6480899,0,1
4.6485899,0,0
4.64908965,0,1
4.64958965,0,0
4.65008945,0,1
4.6505895,0,0
4.65108925,0,1
4.6515893,0,0
4.65208905,0,1
4.6525891,0,0
4.65308885,0,1
4.65358885,0,0
4.65408865,0,1
4.6545887,0,0
4.65508845,0,1
4.6555885,0,0
4.65608825,0,1
4.6565883,0,0
4.6570881,0,1
4.65758815,0,0
4.65808795,0,1
4.658588,0,0
4.65908785,0,1
4.65958795,0,0
4.6600878,0,1
4.6605879,0,0
4.66108775,0,1
4.66158785,0,0
4.6620877,0,1
4.6625878,0,0
4.6630876,0,1
4.66358765,0,0
4.66408745,0,1
4.66458755,0,0
4.6650874,0,1
4.66558745,0,0
4.66608725,0,1
4.66658735,0,0
4.66708715,0,1
4.66758725,0,0
4.668087,0,1
4.66858705,0,0
4.66908685,0,1
4.6695869,0,0
4.67008675,0,1
4.67058685,0,0
4.67108665,0,1
4.67158675,0,0
4.67208655,0,1
4.6725866,0,0
4.67308635,0,1
4.6735864,0,0
4.67408615,0,1
4.6745862,0,0
4.675086,0,1
4.67558605,0,0
4.67608585,0,1
4.6765859,0,0
4.6770857,0,1
4.6775857,0,0
4.67808545,0,1
4.67858545,0,0
4.6790852,0,1
4.67958525,0,0
4.6800851,0,1
4.68058515,0,0
4.6810849,0,1
4.68158495,0,0
4.6820848,0,1
4.68258485,0,0
4.6830846,0,1
4.6835847,0,0
4.6840845,0,1
4.68458455,0,0
4.6850843,0,1
4.68558435,0,0
4.68608415,0,1
4.68658415,0,0
4.6870839,0,1
4.68758395,0,0
4.68808365,0,1
4.6885837,0,0
4.68908345,0,1
4.68958345,0,0
4.6900832,0,1
4.69058325,0,0
4.69108305,0,1
4.6915831,0,0
4.69208295,0,1
4.692583,0,0
4.69308275,0,1
4.69358275,0,0
4.69408255,0,1
4.69458255,0,0
4.6950823,0,1
4.69558235,0,0
4.69608215,0,1
4.69658215,0,0
4.6970819,0,1
4.6975819,0,0
4.6980817,0,1
4.6985817,0,0
4.6990815,0,1
4.6995815,0,0
4.7000813,0,1
4.70058135,0,0
4.70108115,0,1
4.7015812,0,0
4.702081,0,1
4.7025811,0,0
4.70308085,0,1
4.7035809,0,0
4.7040807,0,1
4.70458075,0,0
4.70508055,0,1
4.7055806,0,0
4.7060804,0,1
4.70658045,0,0
4.70708025,0,1
4.7075803,0,0
4.7080801,0,1
4.7085801,0,0
4.70907995,0,1
4.70958,0,0
4.71007985,0,1
4.71057995,0,0
4.71107975,0,1
4.7115798,0,0
4.71207965,0,1
4.71257965,0,0
4.71307945,0,1
4.7135795,0,0
4.7140793,0,1
4.71457935,0,0
4.71507915,0,1
4.7155792,0,0
4.716079,0,1
4.7165791,0,0
4.7170789,0,1
4.7175789,0,0
4.7180787,0,1
4.7185787,0,0
4.7190785,0,1
4.71957855,0,0
4.7200784,0,1
4.72057845,0,0
4.72107825,0,1
4.72157825,0,0
4.72207805,0,1
4.7225781,0,0
4.7230779,0,1
4.7235779,0,0
4.7240777,0,1
4.72457775,0,0
4.72507755,0,1
4.7255776,0,0
4.7260774,0,1
4.7265774,0,0
4.7270772,0,1
4.7275772,0,0
4.728077,0,1
4.72857705,0,0
4.7290769,0,1
4.7295769,0,0
4.73007675,0,1
4.73057675,0,0
4.73107655,0,1
4.7315766,0,0
4.7320764,0,1
4.7325764,0,0
4.7330762,0,1
4.7335762,0,0
4.734076,0,1
4.73457605,0,0
4.73507585,0,1
4.7355759,0,0
4.73607575,0,1
4.7365758,0,0
4.73707565,0,1
4.7375757,0,0
4.73807555,0,1
4.7385756,0,0
4.73907545,0,1
4.73957555,0,0
4.7400754,0,1
4.74057545,0,0
4.7410752,0,1
4.7415752,0,0
4.7420749,0,1
4.74257495,0,0
4.74307465,0,1
4.74357465,0,0
4.7440744,0,1
4.74457435,0,0
4.74507415,0,1
4.74557415,0,0
4.7460739,0,1
4.7465739,0,0
4.74707365,0,1
4.74757365,0,0
4.74807345,0,1
4.74857345,0,0
4.7490732,0,1
4.7495732,0,0
4.75007295,0,1
4.750573,0,0
4.7510727,0,1
4.75157275,0,0
4.75207245,0,1
4.75257245,0,0
4.75307225,0,1
4.75357225,0,0
4.75407205,0,1
4.7545721,0,0
4.75507185,0,1
4.75557185,0,0
4.7560716,0,1
4.7565716,0,0
4.7570714,0,1
4.75757145,0,0
4.75807125,0,1
4.7585713,0,0
4.75907105,0,1
4.7595711,0,0
4.76007085,0,1
4.76057085,0,0
4.76107065,0,1
4.7615707,0,0
4.7620705,0,1
4.76257055,0,0
4.7630703,0,1
4.76357035,0,0
4.76407015,0,1
4.7645702,0,0
4.76506995,0,1
4.76556995,0,0
4.7660697,0,1
4.7665697,0,0
4.7670695,0,1
4.76756955,0,0
4.7680693,0,1
4.76856935,0,0
4.76906915,0,1
4.7695692,0,0
4.770069,0,1
4.770569,0,0
4.77106875,0,1
4.7715688,0,0
4.77206855,0,1
4.7725686,0,0
4.7730684,0,1
4.7735684,0,0
4.7740682,0,1
4.77456825,0,0
4.77506805,0,1
4.7755681,0,0
4.77606795,0,1
4.776568,0,0
4.77706775,0,1
4.7775678,0,0
4.7780676,0,1
4.7785676,0,0
4.77906735,0,1
4.7795674,0,0
4.7800672,0,1
4.7805672,0,0
4.781067,0,1
4.781567,0,0
4.7820668,0,1
4.7825668,0,0
4.7830666,0,1
4.7835666,0,0
4.7840664,0,1
4.78456645,0,0
4.7850662,0,1
4.7855662,0,0
4.786066,0,1
4.786566,0,0
4.7870658,0,1
4.7875658,0,0
4.78806555,0,1
4.78856555,0,0
4.78906535,0,1
4.7895654,0,0
4.79006525,0,1
4.79056535,0,0
4.79106515,0,1
4.7915652,0,0
4.792065,0,1
4.79256505,0,0
4.7930648,0,1
4.79356485,0,0
4.79406465,0,1
4.7945647,0,0
4.7950645,0,1
4.79556455,0,0
4.7960643,0,1
4.79656435,0,0
4.79706415,0,1
4.7975642,0,0
4.79806395,0,1
4.79856395,0,0
4.7990637,0,1
4.7995637,0,0
4.8000635,0,1
4.8005635,0,0
4.80106325,0,1
4.8015633,0,0
4.8020631,0,1
4.80256315,0,0
4.80306295,0,1
4.80356295,0,0
4.8040627,0,1
4.80456275,0,0
4.8050625,0,1
4.8055625,0,0
4.8060623,0,1
4.8065623,0,0
4.80706205,0,1
4.8075621,0,0
4.8080618,0,1
4.80856185,0,0
4.8090616,0,1
4.8095616,0,0
4.8100613,0,1
4.81056125,0,0
4.811061,0,1
4.811561,0,0
4.8120607,0,1
4.81256065,0,0
4.8130604,0,1
4.8135604,0,0
4.81406015,0,1
4.81456015,0,0
4.81505985,0,1
4.81555985,0,0
4.8160596,0,1
4.8165596,0,0
4.8170593,0,1
4.8175593,0,0
4.818059,0,1
4.81855895,0,0
4.8190587,0,1
4.8195587,0,0
4.8200584,0,1
4.82055835,0,0
4.8210581,0,1
4.82155805,0,0
4.8220578,0,1
4.8225578,0,0
4.8230575,0,1
4.8235575,0,0
4.8240572,0,1
4.82455715,0,0
4.8250569,0,1
4.8255569,0,0
4.8260567,0,1
4.82655675,0,0
4.82705655,0,1
4.8275566,0,0
4.8280564,0,1
4.8285564,0,0
4.8290562,0,1
4.82955625,0,0
4.83005605,0,1
4.8305561,0,0
4.83105585,0,1
4.8315559,0,0
4.8320557,0,1
4.8325557,0,0
4.8330555,0,1
4.8335555,0,0
4.8340553,0,1
4.8345553,0,0
4.8350551,0,1
4.8355551,0,0
4.83605495,0,1
4.836555,0,0
4.83705485,0,1
4.8375549,0,0
4.8380547,0,1
4.83855475,0,0
4.83905455,0,1
4.8395546,0,0
4.84005445,0,1
4.8405545,0,0
4.84105435,0,1
4.8415544,0,0
4.8420542,0,1
4.84255415,0,0
4.84305395,0,1
4.84355395,0,0
4.84405375,0,1
4.84455375,0,0
4.84505355,0,1
4.84555355,0,0
4.8460533,0,1
4.84655335,0,0
4.8470531,0,1
4.84755315,0,0
4.8480529,0,1
4.84855295,0,0
4.8490527,0,1
4.84955275,0,0
4.8500525,0,1
4.85055255,0,0
4.85105235,0,1
4.8515524,0,0
4.8520522,0,1
4.85255225,0,0
4.85305205,0,1
4.8535521,0,0
4.85405185,0,1
4.85455185,0,0
4.8550517,0,1
4.85555175,0,0
4.8560516,0,1
4.8565517,0,0
4.85705155,0,1
4.8575516,0,0
4.8580514,0,1
4.85855145,0,0
4.85905125,0,1
4.8595513,0,0
4.86005115,0,1
4.8605512,0,0
4.861051,0,1
4.86155105,0,0
4.8620509,0,1
4.86255095,0,0
4.86305075,0,1
4.86355085,0,0
4.86405065,0,1
4.8645507,0,0
4.86505045,0,1
4.8655505,0,0
4.8660503,0,1
4.86655035,0,0
4.86705015,0,1
4.8675502,0,0
4.86804995,0,1
4.86855,0,0
4.8690498,0,1
4.8695498,0,0
4.87004955,0,1
4.8705496,0,0
4.87104935,0,1
4.87154935,0,0
4.87204915,0,1
4.8725492,0,0
4.873049,0,1
4.8735491,0,0
4.87404885,0,1
4.8745489,0,0
4.87504875,0,1
4.8755488,0,0
4.8760486,0,1
4.8765487,0,0
4.8770485,0,1
4.87754855,0,0
4.8780483,0,1
4.87854835,0,0
4.87904815,0,1
4.8795482,0,0
4.88004795,0,1
4.88054795,0,0
4.88104775,0,1
4.8815478,0,0
4.88204765,0,1
4.8825477,0,0
4.88304755,0,1
4.8835476,0,0
4.88404745,0,1
4.8845475,0,0
4.88504735,0,1
4.8855474,0,0
4.8860472,0,1
4.8865473,0,0
4.8870471,0,1
4.88754715,0,0
4.8880469,0,1
4.8885469,0,0
4.88904665,0,1
4.88954665,0,0
4.89004645,0,1
4.8905465,0,0
4.8910463,0,1
4.89154635,0,0
4.89204615,0,1
4.89254625,0,0
4.89304605,0,1
4.89354615,0,0
4.894046,0,1
4.89454605,0,0
4.8950458,0,1
4.89554585,0,0
4.8960457,0,1
4.8965458,0,0
4.89704565,0,1
4.89754565,0,0
4.89804545,0,1
4.8985455,0,0
4.89904525,0,1
4.8995453,0,0
4.90004505,0,1
4.9005451,0,0
4.9010449,0,1
4.90154495,0,0
4.90204475,0,1
4.9025448,0,0
4.90304465,0,1
4.9035447,0,0
4.90404455,0,1
4.9045446,0,0
4.9050444,0,1
4.90554445,0,0
4.90604425,0,1
4.9065443,0,0
4.90704415,0,1
4.9075442,0,0
4.908044,0,1
4.9085441,0,0
4.90904385,0,1
4.9095439,0,0
4.9100437,0,1
4.91054375,0,0
4.9110435,0,1
4.9115435,0,0
4.91204325,0,1
4.9125433,0,0
4.91304305,0,1
4.9135431,0,0
4.91404285,0,1
4.9145428,0,0
4.9150426,0,1
4.9155426,0,0
4.9160424,0,1
4.91654245,0,0
4.91704225,0,1
4.9175423,0,0
4.91804215,0,1
4.9185422,0,0
4.91904205,0,1
4.9195422,0,0
4.92004205,0,1
4.9205421,0,0
4.92104195,0,1
4.92154205,0,0
4.9220419,0,1
4.92254195,0,0
4.9230417,0,1
4.9235418,0,0
4.92404155,0,1
4.9245416,0,0
4.9250414,0,1
4.92554145,0,0
4.9260413,0,1
4.92654135,0,0
4.92704115,0,1
4.9275412,0,0
4.92804095,0,1
4.928541,0,0
4.92904075,0,1
4.92954075,0,0
4.9300405,0,1
4.93054045,0,0
4.9310402,0,1
4.93154015,0,0
4.9320399,0,1
4.9325399,0,0
4.93303965,0,1
4.9335397,0,0
4.9340395,0,1
4.93453955,0,0
4.93503935,0,1
4.93553935,0,0
4.9360391,0,1
4.93653915,0,0
4.9370389,0,1
4.93753895,0,0
4.93803875,0,1
4.93853875,0,0
4.93903855,0,1
4.9395386,0,0
4.94003835,0,1
4.9405384,0,0
4.94103815,0,1
4.94153815,0,0
4.94203795,0,1
4.942538,0,0
4.9430378,0,1
4.94353785,0,0
4.94403765,0,1
4.9445377,0,0
4.9450375,0,1
4.94553755,0,0
4.94603735,0,1
4.94653735,0,0
4.9470371,0,1
4.94753715,0,0
4.94803695,0,1
4.94853695,0,0
4.94903675,0,1
4.94953675,0,0
4.9500365,0,1
4.95053655,0,0
4.9510363,0,1
4.9515363,0,0
4.95203605,0,1
4.9525361,0,0
4.95303585,0,1
4.9535359,0,0
4.95403565,0,1
4.95453565,0,0
4.9550354,0,1
4.95553545,0,0
4.9560352,0,1
4.95653525,0,0
4.957035,0,1
4.957535,0,0
4.9580348,0,1
4.9585348,0,0
4.95903455,0,1
4.9595346,0,0
4.96003435,0,1
4.9605344,0,0
4.96103415,0,1
4.96153415,0,0
4.9620339,0,1
4.96253395,0,0
4.9630337,0,1
4.9635337,0,0
4.96403345,0,1
4.96453345,0,0
4.96503315,0,1
4.96553315,0,0
4.9660329,0,1
4.96653285,0,0
4.96703255,0,1
4.96753255,0,0
4.9680323,0,1
4.9685323,0,0
4.969032,0,1
4.96953195,0,0
4.9700317,0,1
4.97053175,0,0
4.9710315,0,1
4.9715315,0,0
4.97203125,0,1
4.9725312,0,0
4.97303095,0,1
4.97353095,0,0
4.97403075,0,1
4.97453075,0,0
4.97503055,0,1
4.97553055,0,0
4.97603035,0,1
4.9765304,0,0
4.9770302,0,1
4.97753025,0,0
4.97803005,0,1
4.9785301,0,0
4.9790299,0,1
4.97953005,0,0
4.98002985,0,1
4.9805299,0,0
4.9810297,0,1
4.9815297,0,0
4.98202945,0,1
4.98252945,0,0
4.98302925,0,1
4.9835293,0,0
4.9840291,0,1
4.9845291,0,0
4.9850289,0,1
4.9855289,0,0
4.9860287,0,1
4.9865287,0,0
4.98702845,0,1
4.9875285,0,0
4.9880283,0,1
4.98852835,0,0
4.9890281,0,1
4.98952815,0,0
4.9900279,0,1
4.99052795,0,0
4.99102775,0,1
4.99152775,0,0
4.9920275,0,1
4.99252755,0,0
4.9930273,0,1
4.9935273,0,0
4.9940271,0,1
4.9945271,0,0
4.9950269,0,1
4.99552695,0,0
4.99602675,0,1
4.99652675,0,0
4.9970266,0,1
4.99752665,0,0
4.99802645,0,1
4.9985265,0,0
4.9990263,0,1
4.9995263,0,0
5.0000261,0,1
