timestamp_s,CH0,CH1
0.0,0,1
0.00043849,0,0
0.00093818,0,1
0.00143808,0,0
0.00193772,0,1
0.00243765,0,0
0.00293728,0,1
0.00343723,0,0
0.00393692,0,1
0.00443684,0,0
0.0049365,0,1
0.00543644,0,0
0.0059361,0,1
0.00643602,0,0
0.0069357,0,1
0.0074356,0,0
0.00793526,0,1
0.00843515,0,0
0.00893477,0,1
0.00943469,0,0
0.00993433,0,1
0.01043424,0,0
0.01093386,0,1
0.01143376,0,0
0.01193342,0,1
0.01243333,0,0
0.012933,0,1
0.01343293,0,0
0.01393259,0,1
0.01443247,0,0
0.01493214,0,1
0.01543206,0,0
0.01593172,0,1
0.01643162,0,0
0.01693129,0,1
0.01743119,0,0
0.01793082,0,1
0.01843072,0,0
0.01893036,0,1
0.01943024,0,0
0.01992987,0,1
0.02042979,0,0
0.02092947,0,1
0.02142939,0,0
0.02192906,0,1
0.02242898,0,0
0.02292863,0,1
0.02342852,0,0
0.02392816,0,1
0.02442807,0,0
0.02492772,0,1
0.02542763,0,0
0.0259273,0,1
0.02642721,0,0
0.02692691,0,1
0.02742685,0,0
0.02792655,0,1
0.02842649,0,0
0.02892617,0,1
0.02942606,0,0
0.02992569,0,1
0.03042559,0,0
0.03092524,0,1
0.03142515,0,0
0.03192485,0,1
0.03242475,0,0
0.03292443,0,1
0.03342434,0,0
0.03392401,0,1
0.03442392,0,0
0.03492357,0,1
0.03542345,0,0
0.03592306,0,1
0.03642297,0,0
0.03692263,0,1
0.03742251,0,0
0.03792217,0,1
0.03842209,0,0
0.03892175,0,1
0.03942168,0,0
0.03992136,0,1
0.04042127,0,0
0.04092089,0,1
0.04142076,0,0
0.04192044,0,1
0.04242039,0,0
0.04292005,0,1
0.04341994,0,0
0.04391959,0,1
0.04441952,0,0
0.04491917,0,1
0.04541906,0,0
0.04591868,0,1
0.04641861,0,0
0.04691827,0,1
0.04741841,0,0
0.04791793,0,1
0.04841783,0,0
0.04891749,0,1
0.04941778,0,0
0.04991706,0,1
0.05000041,1,1
0.05041696,1,0
0.05091663,1,1
0.05141694,1,0
0.05191662,1,1
0.05241618,1,0
0.05291597,1,1
0.05341576,1,0
0.05391568,1,1
0.05441547,1,0
0.05491486,1,1
0.0550568,0,1
0.05541524,0,0
0.05591454,0,1
0.05641481,0,0
0.05691412,0,1
0.05741406,0,0
0.05791414,0,1
0.05841373,0,0
0.05891345,0,1
0.05941354,0,0
0.0599131,0,1
0.060413,0,0
0.06091252,0,1
0.0614124,0,0
0.0619121,0,1
0.06241202,0,0
0.06291169,0,1
0.06341165,0,0
0.06391135,0,1
0.06441123,0,0
0.06491092,0,1
0.06541088,0,0
0.06591053,0,1
0.06641049,0,0
0.06691022,0,1
0.06741018,0,0
0.0679099,0,1
0.06840983,0,0
0.06890952,0,1
0.06940947,0,0
0.06990915,0,1
0.07040906,0,0
0.07090872,0,1
0.07140864,0,0
0.07190827,0,1
0.07240816,0,0
0.07290784,0,1
0.07340776,0,0
0.0739074,0,1
0.07440732,0,0
0.07490699,0,1
0.0754069,0,0
0.07590654,0,1
0.07640644,0,0
0.07690607,0,1
0.07740597,0,0
0.07790564,0,1
0.07840554,0,0
0.07890521,0,1
0.0794051,0,0
0.07990479,0,1
0.08040471,0,0
0.08090438,0,1
0.08140429,0,0
0.08190399,0,1
0.08240394,0,0
0.08290364,0,1
0.08340357,0,0
0.08390324,0,1
0.08440316,0,0
0.08490285,0,1
0.0854028,0,0
0.08590252,0,1
0.08640243,0,0
0.08690213,0,1
0.08740206,0,0
0.08790174,0,1
0.08840168,0,0
0.08890134,0,1
0.0894013,0,0
0.08990096,0,1
0.09040088,0,0
0.09090056,0,1
0.09140048,0,0
0.09190016,0,1
0.09240008,0,0
0.09289975,0,1
0.09339968,0,0
0.09389938,0,1
0.09439931,0,0
0.09489901,0,1
0.09539893,0,0
0.09589861,0,1
0.09639855,0,0
0.09689823,0,1
0.09739813,0,0
0.09789778,0,1
0.0983977,0,0
0.0988974,0,1
0.09939738,0,0
0.09989708,0,1
0.10039703,0,0
0.10089672,0,1
0.10139667,0,0
0.10189634,0,1
0.1023963,0,0
0.102896,0,1
0.10339597,0,0
0.1038957,0,1
0.10439567,0,0
0.10489539,0,1
0.10539536,0,0
0.10589509,0,1
0.10639506,0,0
0.10689483,0,1
0.10739479,0,0
0.10789446,0,1
0.10839437,0,0
0.10889405,0,1
0.10939395,0,0
0.10989363,0,1
0.11039353,0,0
0.11089317,0,1
0.11139311,0,0
0.11189283,0,1
0.11239275,0,0
0.11289239,0,1
0.11339234,0,0
0.11389202,0,1
0.11439195,0,0
0.11489166,0,1
0.11539163,0,0
0.11589133,0,1
0.11639126,0,0
0.11689097,0,1
0.11739089,0,0
0.11789057,0,1
0.11839052,0,0
0.11889021,0,1
0.11939016,0,0
0.11988986,0,1
0.12038978,0,0
0.12088948,0,1
0.12138939,0,0
0.12188903,0,1
0.12238893,0,0
0.12288861,0,1
0.12338849,0,0
0.12388811,0,1
0.12438797,0,0
0.12488763,0,1
0.12538752,0,0
0.12588717,0,1
0.12638709,0,0
0.12688676,0,1
0.12738665,0,0
0.12788629,0,1
0.12838615,0,0
0.12888575,0,1
0.12938565,0,0
0.1298853,0,1
0.13038519,0,0
0.13088478,0,1
0.13138464,0,0
0.1318843,0,1
0.13238423,0,0
0.13288388,0,1
0.13338378,0,0
0.13388346,0,1
0.13438335,0,0
0.13488303,0,1
0.13538294,0,0
0.1358826,0,1
0.1363825,0,0
0.13688214,0,1
0.13738206,0,0
0.13788171,0,1
0.13838159,0,0
0.13888125,0,1
0.13938113,0,0
0.13988082,0,1
0.14038075,0,0
0.14088044,0,1
0.14138036,0,0
0.14188005,0,1
0.14237997,0,0
0.14287963,0,1
0.14337954,0,0
0.14387922,0,1
0.14437915,0,0
0.14487879,0,1
0.14537866,0,0
0.1458783,0,1
0.14637816,0,0
0.1468778,0,1
0.14737769,0,0
0.14787733,0,1
0.14837723,0,0
0.14887689,0,1
0.14937677,0,0
0.1498764,0,1
0.15037627,0,0
0.15087593,0,1
0.1513758,0,0
0.15187544,0,1
0.15237533,0,0
0.15287497,0,1
0.15337486,0,0
0.15387452,0,1
0.15437444,0,0
0.15487409,0,1
0.15537398,0,0
0.15587366,0,1
0.15637358,0,0
0.15687324,0,1
0.15737318,0,0
0.15787286,0,1
0.15837283,0,0
0.15887254,0,1
0.15937246,0,0
0.15987209,0,1
0.16037199,0,0
0.16087168,0,1
0.16137159,0,0
0.16187126,0,1
0.16237119,0,0
0.16287093,0,1
0.16337089,0,0
0.16387061,0,1
0.16437055,0,0
0.16487024,0,1
0.16537019,0,0
0.16586994,0,1
0.16636989,0,0
0.16686962,0,1
0.16736954,0,0
0.16786925,0,1
0.16836919,0,0
0.16886889,0,1
0.16936884,0,0
0.16986858,0,1
0.17036855,0,0
0.17086822,0,1
0.17136811,0,0
0.17186778,0,1
0.1723677,0,0
0.17286737,0,1
0.17336729,0,0
0.17386695,0,1
0.17436684,0,0
0.17486657,0,1
0.17536652,0,0
0.17586621,0,1
0.17636613,0,0
0.1768658,0,1
0.17736575,0,0
0.17786546,0,1
0.17836541,0,0
0.17886509,0,1
0.17936503,0,0
0.1798647,0,1
0.18036464,0,0
0.18086434,0,1
0.18136428,0,0
0.18186397,0,1
0.18236392,0,0
0.18286361,0,1
0.18336354,0,0
0.18386321,0,1
0.18436317,0,0
0.18486284,0,1
0.18536276,0,0
0.18586244,0,1
0.18636238,0,0
0.18686206,0,1
0.18736195,0,0
0.1878616,0,1
0.18836151,0,0
0.18886117,0,1
0.18936108,0,0
0.18986075,0,1
0.19036071,0,0
0.1908604,0,1
0.19136035,0,0
0.19186005,0,1
0.19235997,0,0
0.19285964,0,1
0.19335954,0,0
0.19385919,0,1
0.19435908,0,0
0.19485875,0,1
0.19535868,0,0
0.19585838,0,1
0.19635834,0,0
0.19685807,0,1
0.19735804,0,0
0.19785773,0,1
0.19835767,0,0
0.19885738,0,1
0.1993573,0,0
0.19985693,0,1
0.20035683,0,0
0.2008565,0,1
0.20135643,0,0
0.20185611,0,1
0.20235602,0,0
0.20285572,0,1
0.20335566,0,0
0.20385535,0,1
0.20435529,0,0
0.20485496,0,1
0.20535487,0,0
0.20585457,0,1
0.20635445,0,0
0.20685412,0,1
0.20735405,0,0
0.20785372,0,1
0.20835365,0,0
0.20885334,0,1
0.20935324,0,0
0.20985295,0,1
0.21035288,0,0
0.21085257,0,1
0.21135248,0,0
0.21185216,0,1
0.21235211,0,0
0.21285179,0,1
0.2133517,0,0
0.21385134,0,1
0.21435127,0,0
0.21485098,0,1
0.21535092,0,0
0.21585058,0,1
0.21635046,0,0
0.21685016,0,1
0.2173501,0,0
0.21784977,0,1
0.21834967,0,0
0.21884935,0,1
0.21934927,0,0
0.21984896,0,1
0.2203489,0,0
0.2208486,0,1
0.22134852,0,0
0.22184821,0,1
0.22234814,0,0
0.22284785,0,1
0.2233478,0,0
0.22384751,0,1
0.22434746,0,0
0.22484715,0,1
0.22534706,0,0
0.22584677,0,1
0.22634673,0,0
0.22684644,0,1
0.22734641,0,0
0.22784612,0,1
0.22834609,0,0
0.22884587,0,1
0.22934584,0,0
0.22984556,0,1
0.23034552,0,0
0.23084524,0,1
0.23134518,0,0
0.23184484,0,1
0.23234475,0,0
0.23284442,0,1
0.23334434,0,0
0.233844,0,1
0.23434393,0,0
0.23484362,0,1
0.23534354,0,0
0.23584322,0,1
0.23634314,0,0
0.23684281,0,1
0.23734274,0,0
0.23784242,0,1
0.23834235,0,0
0.23884201,0,1
0.23934196,0,0
0.23984162,0,1
0.24034154,0,0
0.2408412,0,1
0.24134109,0,0
0.2418407,0,1
0.2423406,0,0
0.2428403,0,1
0.24334024,0,0
0.24383996,0,1
0.24433989,0,0
0.2448396,0,1
0.24533955,0,0
0.24583926,0,1
0.24633919,0,0
0.24683892,0,1
0.24733892,0,0
0.24783868,0,1
0.24833865,0,0
0.24883841,0,1
0.24933838,0,0
0.2498381,0,1
0.25033805,0,0
0.25083774,0,1
0.25133765,0,0
0.25183735,0,1
0.25233729,0,0
0.25283698,0,1
0.25333688,0,0
0.25383653,0,1
0.25433648,0,0
0.25483617,0,1
0.25533606,0,0
0.25583565,0,1
0.25633555,0,0
0.25683522,0,1
0.25733515,0,0
0.25783477,0,1
0.25833465,0,0
0.25883427,0,1
0.25933413,0,0
0.25983379,0,1
0.26033375,0,0
0.26083342,0,1
0.26133332,0,0
0.26183301,0,1
0.26233292,0,0
0.26283257,0,1
0.26333252,0,0
0.26383214,0,1
0.26433202,0,0
0.26483166,0,1
0.26533155,0,0
0.26583123,0,1
0.26633117,0,0
0.26683082,0,1
0.26733071,0,0
0.26783035,0,1
0.26833022,0,0
0.26882992,0,1
0.2693299,0,0
0.26982959,0,1
0.2703295,0,0
0.27082918,0,1
0.27132913,0,0
0.27182885,0,1
0.2723288,0,0
0.27282848,0,1
0.27332832,0,0
0.27382795,0,1
0.27432791,0,0
0.27482762,0,1
0.2753275,0,0
0.27582717,0,1
0.27632708,0,0
0.27682678,0,1
0.27732671,0,0
0.27782639,0,1
0.27832634,0,0
0.27882604,0,1
0.27932597,0,0
0.27982567,0,1
0.2803256,0,0
0.2808253,0,1
0.28132522,0,0
0.2818249,0,1
0.28232484,0,0
0.28282456,0,1
0.28332452,0,0
0.28382422,0,1
0.28432416,0,0
0.28482389,0,1
0.28532387,0,0
0.28582362,0,1
0.28632362,0,0
0.28682333,0,1
0.28732329,0,0
0.28782302,0,1
0.28832299,0,0
0.28882271,0,1
0.2893227,0,0
0.28982243,0,1
0.29032242,0,0
0.29082212,0,1
0.29132205,0,0
0.29182177,0,1
0.29232174,0,0
0.29282145,0,1
0.29332138,0,0
0.29382107,0,1
0.29432101,0,0
0.29482069,0,1
0.29532063,0,0
0.29582033,0,1
0.29632035,0,0
0.29682006,0,1
0.29732002,0,0
0.29781974,0,1
0.29831974,0,0
0.29881948,0,1
0.29931945,0,0
0.29981917,0,1
0.30031915,0,0
0.30081887,0,1
0.30131884,0,0
0.30181857,0,1
0.30231851,0,0
0.30281823,0,1
0.30331816,0,0
0.30381786,0,1
0.30431779,0,0
0.30481747,0,1
0.30531743,0,0
0.30581711,0,1
0.30631704,0,0
0.30681669,0,1
0.30731663,0,0
0.30781635,0,1
0.30831633,0,0
0.3088161,0,1
0.30931606,0,0
0.30981579,0,1
0.31031577,0,0
0.31081547,0,1
0.3113154,0,0
0.31181509,0,1
0.31231504,0,0
0.31281472,0,1
0.31331467,0,0
0.31381438,0,1
0.31431433,0,0
0.31481403,0,1
0.31531398,0,0
0.31581368,0,1
0.31631364,0,0
0.31681336,0,1
0.3173133,0,0
0.31781302,0,1
0.31831298,0,0
0.31881272,0,1
0.3193127,0,0
0.31981241,0,1
0.32031237,0,0
0.32081207,0,1
0.321312,0,0
0.3218117,0,1
0.32231167,0,0
0.3228114,0,1
0.32331137,0,0
0.32381112,0,1
0.32431108,0,0
0.32481078,0,1
0.32531076,0,0
0.32581048,0,1
0.32631044,0,0
0.32681011,0,1
0.32731005,0,0
0.32780973,0,1
0.32830967,0,0
0.32880938,0,1
0.32930931,0,0
0.32980902,0,1
0.33030905,0,0
0.33080882,0,1
0.3313088,0,0
0.33180852,0,1
0.33230851,0,0
0.33280822,0,1
0.33330816,0,0
0.33380785,0,1
0.33430779,0,0
0.33480748,0,1
0.33530742,0,0
0.33580712,0,1
0.33630706,0,0
0.33680673,0,1
0.33730667,0,0
0.33780636,0,1
0.3383063,0,0
0.33880603,0,1
0.33930602,0,0
0.33980574,0,1
0.3403057,0,0
0.34080541,0,1
0.34130536,0,0
0.34180508,0,1
0.342305,0,0
0.34280468,0,1
0.34330461,0,0
0.34380429,0,1
0.34430423,0,0
0.34480393,0,1
0.34530385,0,0
0.34580357,0,1
0.34630348,0,0
0.34680315,0,1
0.34730312,0,0
0.34780281,0,1
0.34830276,0,0
0.34880246,0,1
0.3493024,0,0
0.34980213,0,1
0.35030202,0,0
0.35080172,0,1
0.3513017,0,0
0.35180141,0,1
0.35230136,0,0
0.35280107,0,1
0.35330103,0,0
0.35380072,0,1
0.35430067,0,0
0.35480038,0,1
0.35530034,0,0
0.35580004,0,1
0.3563,0,0
0.35679963,0,1
0.35729954,0,0
0.35779918,0,1
0.35829909,0,0
0.3587988,0,1
0.35929869,0,0
0.35979833,0,1
0.36029826,0,0
0.36079795,0,1
0.36129788,0,0
0.36179756,0,1
0.36229752,0,0
0.36279724,0,1
0.3632972,0,0
0.36379691,0,1
0.36429686,0,0
0.36479656,0,1
0.36529651,0,0
0.36579624,0,1
0.36629619,0,0
0.36679587,0,1
0.36729583,0,0
0.36779551,0,1
0.36829543,0,0
0.36879511,0,1
0.36929504,0,0
0.36979473,0,1
0.37029463,0,0
0.37079427,0,1
0.37129423,0,0
0.3717939,0,1
0.37229384,0,0
0.37279353,0,1
0.3732935,0,0
0.3737932,0,1
0.37429314,0,0
0.3747928,0,1
0.37529274,0,0
0.37579244,0,1
0.37629246,0,0
0.37679221,0,1
0.37729219,0,0
0.37779191,0,1
0.37829183,0,0
0.37879155,0,1
0.37929147,0,0
0.37979118,0,1
0.38029114,0,0
0.38079088,0,1
0.38129086,0,0
0.38179057,0,1
0.3822905,0,0
0.38279019,0,1
0.38329011,0,0
0.38378979,0,1
0.38428972,0,0
0.38478944,0,1
0.38528937,0,0
0.3857891,0,1
0.38628906,0,0
0.38678876,0,1
0.38728874,0,0
0.38778846,0,1
0.38828843,0,0
0.38878814,0,1
0.38928811,0,0
0.38978781,0,1
0.39028778,0,0
0.39078748,0,1
0.39128743,0,0
0.39178713,0,1
0.39228707,0,0
0.39278677,0,1
0.39328671,0,0
0.39378643,0,1
0.39428637,0,0
0.39478608,0,1
0.39528604,0,0
0.39578574,0,1
0.39628566,0,0
0.39678535,0,1
0.39728531,0,0
0.39778503,0,1
0.39828498,0,0
0.39878469,0,1
0.39928465,0,0
0.39978439,0,1
0.40028434,0,0
0.40078402,0,1
0.401284,0,0
0.40178371,0,1
0.40228367,0,0
0.40278339,0,1
0.40328333,0,0
0.40378301,0,1
0.40428299,0,0
0.40478272,0,1
0.40528272,0,0
0.40578245,0,1
0.40628241,0,0
0.40678212,0,1
0.4072821,0,0
0.40778181,0,1
0.40828174,0,0
0.40878142,0,1
0.40928136,0,0
0.40978105,0,1
0.41028099,0,0
0.41078068,0,1
0.41128062,0,0
0.41178029,0,1
0.41228023,0,0
0.41277994,0,1
0.41327992,0,0
0.41377964,0,1
0.41427956,0,0
0.41477922,0,1
0.41527916,0,0
0.41577888,0,1
0.41627883,0,0
0.41677857,0,1
0.41727854,0,0
0.41777829,0,1
0.41827823,0,0
0.41877799,0,1
0.41927796,0,0
0.4197777,0,1
0.42027767,0,0
0.42077735,0,1
0.42127728,0,0
0.42177697,0,1
0.42227691,0,0
0.42277657,0,1
0.42327651,0,0
0.4237762,0,1
0.4242761,0,0
0.42477581,0,1
0.42527578,0,0
0.4257755,0,1
0.42627542,0,0
0.42677515,0,1
0.4272751,0,0
0.42777479,0,1
0.42827471,0,0
0.42877443,0,1
0.42927439,0,0
0.42977405,0,1
0.43027396,0,0
0.43077364,0,1
0.43127362,0,0
0.4317733,0,1
0.43227322,0,0
0.43277294,0,1
0.43327286,0,0
0.43377252,0,1
0.43427242,0,0
0.43477207,0,1
0.43527193,0,0
0.43577161,0,1
0.4362715,0,0
0.43677112,0,1
0.43727103,0,0
0.43777066,0,1
0.43827052,0,0
0.43877018,0,1
0.43927008,0,0
0.43976971,0,1
0.44026961,0,0
0.44076925,0,1
0.44126912,0,0
0.44176877,0,1
0.44226868,0,0
0.44276842,0,1
0.44326839,0,0
0.44376808,0,1
0.44426802,0,0
0.44476771,0,1
0.44526765,0,0
0.44576734,0,1
0.44626729,0,0
0.44676702,0,1
0.44726694,0,0
0.44776662,0,1
0.44826654,0,0
0.44876623,0,1
0.44926614,0,0
0.44976581,0,1
0.45026572,0,0
0.45076541,0,1
0.45126536,0,0
0.45176503,0,1
0.45226495,0,0
0.45276464,0,1
0.45326456,0,0
0.45376422,0,1
0.45426415,0,0
0.4547638,0,1
0.45526372,0,0
0.45576339,0,1
0.45626328,0,0
0.45676289,0,1
0.45726279,0,0
0.45776245,0,1
0.45826233,0,0
0.458762,0,1
0.45926194,0,0
0.45976166,0,1
0.46026166,0,0
0.46076136,0,1
0.46126131,0,0
0.46176099,0,1
0.46226092,0,0
0.46276062,0,1
0.46326051,0,0
0.46376016,0,1
0.46426007,0,0
0.46475971,0,1
0.46525961,0,0
0.46575924,0,1
0.46625913,0,0
0.46675876,0,1
0.46725867,0,0
0.46775833,0,1
0.46825825,0,0
0.46875792,0,1
0.46925785,0,0
0.46975752,0,1
0.47025741,0,0
0.47075708,0,1
0.471257,0,0
0.47175667,0,1
0.47225662,0,0
0.47275625,0,1
0.47325617,0,0
0.47375582,0,1
0.47425569,0,0
0.47475532,0,1
0.47525519,0,0
0.47575484,0,1
0.47625473,0,0
0.4767544,0,1
0.47725433,0,0
0.47775401,0,1
0.47825393,0,0
0.47875357,0,1
0.47925344,0,0
0.4797531,0,1
0.48025297,0,0
0.48075263,0,1
0.48125255,0,0
0.48175227,0,1
0.48225219,0,0
0.48275191,0,1
0.48325186,0,0
0.48375156,0,1
0.4842515,0,0
0.48475119,0,1
0.48525111,0,0
0.4857508,0,1
0.4862507,0,0
0.4867504,0,1
0.48725031,0,0
0.48774996,0,1
0.48824989,0,0
0.48874955,0,1
0.48924945,0,0
0.48974912,0,1
0.49024903,0,0
0.49074865,0,1
0.49124856,0,0
0.49174821,0,1
0.4922481,0,0
0.49274779,0,1
0.49324768,0,0
0.49374735,0,1
0.49424729,0,0
0.49474702,0,1
0.49524699,0,0
0.49574671,0,1
0.49624667,0,0
0.49674639,0,1
0.49724634,0,0
0.49774608,0,1
0.49824603,0,0
0.49874575,0,1
0.49924573,0,0
0.49974541,0,1
0.50024533,0,0
0.50074502,0,1
0.50124501,0,0
0.50174473,0,1
0.5022447,0,0
0.5027444,0,1
0.50324435,0,0
0.50374406,0,1
0.50424398,0,0
0.50474368,0,1
0.50524363,0,0
0.5057433,0,1
0.50624325,0,0
0.50674298,0,1
0.50724291,0,0
0.50774259,0,1
0.50824257,0,0
0.50874227,0,1
0.50924225,0,0
0.50974197,0,1
0.51024189,0,0
0.51074157,0,1
0.51124155,0,0
0.51174127,0,1
0.51224123,0,0
0.51274092,0,1
0.51324087,0,0
0.51374057,0,1
0.51424053,0,0
0.51474023,0,1
0.51524015,0,0
0.51573988,0,1
0.51623981,0,0
0.51673949,0,1
0.51723939,0,0
0.51773906,0,1
0.51823894,0,0
0.51873859,0,1
0.51923852,0,0
0.51973818,0,1
0.52023807,0,0
0.5207377,0,1
0.5212376,0,0
0.52173724,0,1
0.5222371,0,0
0.52273675,0,1
0.52323669,0,0
0.52373636,0,1
0.52423627,0,0
0.52473593,0,1
0.52523587,0,0
0.52573556,0,1
0.5262355,0,0
0.52673517,0,1
0.52723513,0,0
0.52773479,0,1
0.52823474,0,0
0.52873446,0,1
0.52923438,0,0
0.52973403,0,1
0.53023392,0,0
0.5307336,0,1
0.53123356,0,0
0.53173325,0,1
0.53223321,0,0
0.53273291,0,1
0.53323289,0,0
0.53373264,0,1
0.53423263,0,0
0.53473234,0,1
0.53523226,0,0
0.53573195,0,1
0.53623194,0,0
0.53673165,0,1
0.53723162,0,0
0.53773131,0,1
0.53823124,0,0
0.53873091,0,1
0.53923084,0,0
0.53973054,0,1
0.54023044,0,0
0.54073014,0,1
0.54123003,0,0
0.5417297,0,1
0.54222962,0,0
0.5427293,0,1
0.54322921,0,0
0.54372889,0,1
0.54422879,0,0
0.54472844,0,1
0.54522836,0,0
0.54572803,0,1
0.54622795,0,0
0.54672764,0,1
0.54722755,0,0
0.54772723,0,1
0.54822713,0,0
0.5487268,0,1
0.54922668,0,0
0.54972633,0,1
0.55022623,0,0
0.55072589,0,1
0.55122581,0,0
0.55172549,0,1
0.55222538,0,0
0.55272504,0,1
0.55322492,0,0
0.55372458,0,1
0.55422453,0,0
0.5547242,0,1
0.55522415,0,0
0.55572383,0,1
0.55622372,0,0
0.55672339,0,1
0.55722331,0,0
0.55772303,0,1
0.558223,0,0
0.5587227,0,1
0.55922264,0,0
0.55972232,0,1
0.56022222,0,0
0.56072184,0,1
0.56122178,0,0
0.56172146,0,1
0.56222138,0,0
0.56272108,0,1
0.56322103,0,0
0.56372075,0,1
0.56422073,0,0
0.56472043,0,1
0.56522037,0,0
0.56572009,0,1
0.56622007,0,0
0.56671979,0,1
0.56721972,0,0
0.56771944,0,1
0.56821937,0,0
0.56871907,0,1
0.56921904,0,0
0.56971879,0,1
0.57021876,0,0
0.57071847,0,1
0.57121844,0,0
0.57171817,0,1
0.57221813,0,0
0.57271781,0,1
0.57321778,0,0
0.57371748,0,1
0.57421747,0,0
0.5747172,0,1
0.57521717,0,0
0.57571683,0,1
0.57621672,0,0
0.57671638,0,1
0.57721634,0,0
0.57771607,0,1
0.57821604,0,0
0.57871579,0,1
0.57921572,0,0
0.57971537,0,1
0.58021533,0,0
0.58071508,0,1
0.58121503,0,0
0.58171478,0,1
0.58221479,0,0
0.58271454,0,1
0.58321453,0,0
0.58371426,0,1
0.58421425,0,0
0.58471401,0,1
0.58521398,0,0
0.58571371,0,1
0.5862137,0,0
0.58671342,0,1
0.5872134,0,0
0.58771313,0,1
0.58821309,0,0
0.58871285,0,1
0.58921282,0,0
0.58971256,0,1
0.59021254,0,0
0.59071226,0,1
0.59121221,0,0
0.59171192,0,1
0.59221186,0,0
0.59271155,0,1
0.5932115,0,0
0.59371118,0,1
0.59421114,0,0
0.59471083,0,1
0.59521076,0,0
0.59571046,0,1
0.59621043,0,0
0.59671015,0,1
0.59721011,0,0
0.59770982,0,1
0.59820979,0,0
0.59870951,0,1
0.59920945,0,0
0.59970915,0,1
0.6002091,0,0
0.60070879,0,1
0.60120875,0,0
0.60170846,0,1
0.60220841,0,0
0.60270811,0,1
0.60320806,0,0
0.60370775,0,1
0.6042077,0,0
0.60470741,0,1
0.60520735,0,0
0.60570703,0,1
0.606207,0,0
0.6067067,0,1
0.60720666,0,0
0.60770637,0,1
0.60820633,0,0
0.60870606,0,1
0.60920603,0,0
0.60970575,0,1
0.6102057,0,0
0.61070542,0,1
0.61120542,0,0
0.61170518,0,1
0.61220517,0,0
0.61270493,0,1
0.61320489,0,0
0.61370461,0,1
0.61420464,0,0
0.61470438,0,1
0.6152044,0,0
0.61570417,0,1
0.61620414,0,0
0.61670382,0,1
0.61720377,0,0
0.61770348,0,1
0.61820345,0,0
0.61870314,0,1
0.61920308,0,0
0.61970276,0,1
0.62020273,0,0
0.62070244,0,1
0.62120237,0,0
0.6217021,0,1
0.62220205,0,0
0.62270173,0,1
0.62320164,0,0
0.62370134,0,1
0.62420126,0,0
0.62470096,0,1
0.62520091,0,0
0.62570061,0,1
0.62620054,0,0
0.62670023,0,1
0.62720015,0,0
0.62769986,0,1
0.62819981,0,0
0.6286995,0,1
0.62919939,0,0
0.62969904,0,1
0.63019896,0,0
0.63069864,0,1
0.63119858,0,0
0.63169823,0,1
0.63219815,0,0
0.63269785,0,1
0.63319783,0,0
0.63369755,0,1
0.63419749,0,0
0.63469718,0,1
0.63519713,0,0
0.63569683,0,1
0.63619681,0,0
0.63669653,0,1
0.63719651,0,0
0.63769623,0,1
0.63819614,0,0
0.63869581,0,1
0.63919572,0,0
0.63969539,0,1
0.6401953,0,0
0.64069497,0,1
0.64119491,0,0
0.64169462,0,1
0.64219455,0,0
0.64269425,0,1
0.64319417,0,0
0.64369383,0,1
0.64419375,0,0
0.64469342,0,1
0.6451933,0,0
0.64569296,0,1
0.64619287,0,0
0.64669257,0,1
0.64719251,0,0
0.64769218,0,1
0.64819207,0,0
0.64869172,0,1
0.64919164,0,0
0.6496913,0,1
0.65019123,0,0
0.65069087,0,1
0.65119072,0,0
0.65169036,0,1
0.65219026,0,0
0.65268989,0,1
0.65318977,0,0
0.65368943,0,1
0.65418936,0,0
0.65468904,0,1
0.65518899,0,0
0.65568869,0,1
0.65618863,0,0
0.65668833,0,1
0.65718826,0,0
0.65768792,0,1
0.65818783,0,0
0.65868747,0,1
0.65918735,0,0
0.65968699,0,1
0.66018689,0,0
0.66068655,0,1
0.6611865,0,0
0.66168621,0,1
0.66218611,0,0
0.66268578,0,1
0.66318572,0,0
0.66368538,0,1
0.6641853,0,0
0.664685,0,1
0.66518494,0,0
0.66568462,0,1
0.66618457,0,0
0.66668427,0,1
0.66718418,0,0
0.66768386,0,1
0.66818383,0,0
0.6686835,0,1
0.66918338,0,0
0.66968302,0,1
0.67018296,0,0
0.67068263,0,1
0.67118255,0,0
0.67168222,0,1
0.6721821,0,0
0.67268175,0,1
0.67318166,0,0
0.67368136,0,1
0.67418127,0,0
0.67468095,0,1
0.67518092,0,0
0.6756806,0,1
0.67618048,0,0
0.67668013,0,1
0.67718003,0,0
0.67767968,0,1
0.67817955,0,0
0.67867918,0,1
0.67917909,0,0
0.67967872,0,1
0.68017865,0,0
0.68067834,0,1
0.68117823,0,0
0.68167791,0,1
0.68217785,0,0
0.68267756,0,1
0.68317755,0,0
0.68367728,0,1
0.68417725,0,0
0.68467697,0,1
0.68517693,0,0
0.68567663,0,1
0.68617654,0,0
0.68667623,0,1
0.68717614,0,0
0.68767586,0,1
0.6881758,0,0
0.6886755,0,1
0.68917546,0,0
0.68967513,0,1
0.69017508,0,0
0.69067477,0,1
0.6911747,0,0
0.69167436,0,1
0.69217426,0,0
0.6926739,0,1
0.69317379,0,0
0.69367347,0,1
0.69417337,0,0
0.69467305,0,1
0.69517298,0,0
0.69567261,0,1
0.69617246,0,0
0.6966721,0,1
0.69717203,0,0
0.69767171,0,1
0.69817162,0,0
0.69867129,0,1
0.69917117,0,0
0.6996708,0,1
0.70017069,0,0
0.70067034,0,1
0.70117024,0,0
0.70166987,0,1
0.70216975,0,0
0.70266941,0,1
0.70316932,0,0
0.70366893,0,1
0.70416881,0,0
0.70466844,0,1
0.70516832,0,0
0.70566795,0,1
0.70616783,0,0
0.70666744,0,1
0.70716733,0,0
0.70766699,0,1
0.70816691,0,0
0.70866654,0,1
0.70916645,0,0
0.7096661,0,1
0.71016599,0,0
0.71066565,0,1
0.71116555,0,0
0.7116652,0,1
0.71216513,0,0
0.71266481,0,1
0.71316474,0,0
0.7136644,0,1
0.7141643,0,0
0.71466397,0,1
0.71516386,0,0
0.71566353,0,1
0.71616348,0,0
0.71666318,0,1
0.71716314,0,0
0.71766282,0,1
0.71816279,0,0
0.71866249,0,1
0.71916243,0,0
0.71966214,0,1
0.72016209,0,0
0.72066179,0,1
0.7211617,0,0
0.72166137,0,1
0.72216129,0,0
0.72266094,0,1
0.72316083,0,0
0.7236605,0,1
0.7241604,0,0
0.72466007,0,1
0.72516,0,0
0.72565965,0,1
0.72615957,0,0
0.72665925,0,1
0.72715915,0,0
0.72765883,0,1
0.72815873,0,0
0.72865839,0,1
0.72915831,0,0
0.72965799,0,1
0.73015789,0,0
0.73065755,0,1
0.73115746,0,0
0.73165714,0,1
0.73215706,0,0
0.73265673,0,1
0.73315662,0,0
0.73365626,0,1
0.73415614,0,0
0.73465577,0,1
0.73515564,0,0
0.73565532,0,1
0.73615521,0,0
0.73665482,0,1
0.73715474,0,0
0.73765439,0,1
0.73815428,0,0
0.73865393,0,1
0.73915383,0,0
0.73965347,0,1
0.74015337,0,0
0.74065303,0,1
0.74115292,0,0
0.74165256,0,1
0.74215248,0,0
0.74265212,0,1
0.74315204,0,0
0.74365174,0,1
0.74415171,0,0
0.74465145,0,1
0.74515138,0,0
0.74565107,0,1
0.74615101,0,0
0.74665073,0,1
0.74715066,0,0
0.74765037,0,1
0.7481503,0,0
0.74864998,0,1
0.74914989,0,0
0.74964956,0,1
0.75014948,0,0
0.75064921,0,1
0.75114913,0,0
0.7516488,0,1
0.75214875,0,0
0.75264843,0,1
0.75314836,0,0
0.75364803,0,1
0.75414797,0,0
0.75464763,0,1
0.75514754,0,0
0.75564721,0,1
0.75614713,0,0
0.75664681,0,1
0.75714675,0,0
0.75764643,0,1
0.75814635,0,0
0.75864603,0,1
0.75914598,0,0
0.75964565,0,1
0.76014555,0,0
0.76064521,0,1
0.7611451,0,0
0.76164475,0,1
0.76214464,0,0
0.7626443,0,1
0.7631442,0,0
0.76364385,0,1
0.76414377,0,0
0.76464344,0,1
0.76514334,0,0
0.76564298,0,1
0.7661429,0,0
0.76664256,0,1
0.76714252,0,0
0.76764222,0,1
0.76814216,0,0
0.76864181,0,1
0.76914175,0,0
0.76964144,0,1
0.77014139,0,0
0.77064109,0,1
0.77114109,0,0
0.77164079,0,1
0.77214076,0,0
0.7726405,0,1
0.77314047,0,0
0.77364019,0,1
0.77414015,0,0
0.77463987,0,1
0.77513985,0,0
0.77563959,0,1
0.77613955,0,0
0.77663923,0,1
0.77713918,0,0
0.77763887,0,1
0.7781388,0,0
0.77863843,0,1
0.77913833,0,0
0.77963796,0,1
0.78013785,0,0
0.78063748,0,1
0.78113738,0,0
0.78163707,0,1
0.782137,0,0
0.78263667,0,1
0.7831366,0,0
0.78363626,0,1
0.78413619,0,0
0.78463586,0,1
0.78513572,0,0
0.78563532,0,1
0.78613519,0,0
0.78663486,0,1
0.78713478,0,0
0.78763446,0,1
0.78813441,0,0
0.7886341,0,1
0.78913403,0,0
0.78963372,0,1
0.79013365,0,0
0.7906333,0,1
0.79113323,0,0
0.7916329,0,1
0.79213282,0,0
0.79263248,0,1
0.79313238,0,0
0.79363199,0,1
0.79413188,0,0
0.79463151,0,1
0.79513145,0,0
0.79563118,0,1
0.79613111,0,0
0.79663081,0,1
0.79713068,0,0
0.7976303,0,1
0.79813015,0,0
0.79862982,0,1
0.79912972,0,0
0.79962937,0,1
0.80012926,0,0
0.80062891,0,1
0.8011288,0,0
0.80162845,0,1
0.80212834,0,0
0.802628,0,1
0.80312789,0,0
0.80362753,0,1
0.80412746,0,0
0.80462713,0,1
0.80512704,0,0
0.80562671,0,1
0.80612661,0,0
0.80662629,0,1
0.8071262,0,0
0.80762586,0,1
0.80812577,0,0
0.80862544,0,1
0.80912534,0,0
0.80962499,0,1
0.81012492,0,0
0.81062458,0,1
0.81112446,0,0
0.81162413,0,1
0.81212403,0,0
0.81262368,0,1
0.81312359,0,0
0.81362328,0,1
0.81412317,0,0
0.81462286,0,1
0.8151228,0,0
0.81562246,0,1
0.81612234,0,0
0.816622,0,1
0.81712186,0,0
0.8176215,0,1
0.81812142,0,0
0.8186211,0,1
0.819121,0,0
0.81962068,0,1
0.82012062,0,0
0.82062026,0,1
0.82112016,0,0
0.82161983,0,1
0.82211972,0,0
0.82261939,0,1
0.82311928,0,0
0.82361892,0,1
0.82411886,0,0
0.82461852,0,1
0.82511841,0,0
0.82561803,0,1
0.8261179,0,0
0.82661749,0,1
0.82711738,0,0
0.82761704,0,1
0.82811701,0,0
0.82861671,0,1
0.82911667,0,0
0.82961637,0,1
0.83011632,0,0
0.83061602,0,1
0.83111598,0,0
0.83161569,0,1
0.83211564,0,0
0.83261534,0,1
0.83311528,0,0
0.83361498,0,1
0.83411492,0,0
0.8346146,0,1
0.83511452,0,0
0.83561424,0,1
0.83611418,0,0
0.83661392,0,1
0.83711391,0,0
0.83761363,0,1
0.83811358,0,0
0.83861327,0,1
0.83911323,0,0
0.8396129,0,1
0.84011281,0,0
0.84061246,0,1
0.84111236,0,0
0.84161196,0,1
0.84211182,0,0
0.84261143,0,1
0.84311127,0,0
0.84361085,0,1
0.84411066,0,0
0.84461023,0,1
0.84511009,0,0
0.84560972,0,1
0.84610958,0,0
0.84660923,0,1
0.84710915,0,0
0.8476088,0,1
0.8481087,0,0
0.84860837,0,1
0.8491083,0,0
0.84960798,0,1
0.85010789,0,0
0.85060755,0,1
0.85110751,0,0
0.85160721,0,1
0.85210715,0,0
0.85260682,0,1
0.85310671,0,0
0.85360636,0,1
0.85410629,0,0
0.85460592,0,1
0.85510579,0,0
0.85560541,0,1
0.85610527,0,0
0.85660487,0,1
0.85710467,0,0
0.85760428,0,1
0.85810419,0,0
0.85860385,0,1
0.85910372,0,0
0.8596034,0,1
0.86010333,0,0
0.86060304,0,1
0.86110299,0,0
0.86160267,0,1
0.86210255,0,0
0.86260219,0,1
0.86310208,0,0
0.86360173,0,1
0.86410164,0,0
0.86460131,0,1
0.8651012,0,0
0.86560086,0,1
0.86610077,0,0
0.86660044,0,1
0.86710038,0,0
0.86760006,0,1
0.86810001,0,0
0.8685997,0,1
0.86909967,0,0
0.86959937,0,1
0.87009929,0,0
0.87059897,0,1
0.87109887,0,0
0.87159857,0,1
0.87209848,0,0
0.87259811,0,1
0.87309802,0,0
0.87359769,0,1
0.87409759,0,0
0.87459724,0,1
0.87509715,0,0
0.87559682,0,1
0.8760967,0,0
0.87659631,0,1
0.87709617,0,0
0.87759576,0,1
0.87809559,0,0
0.87859522,0,1
0.8790951,0,0
0.87959475,0,1
0.88009467,0,0
0.88059429,0,1
0.88109409,0,0
0.88159368,0,1
0.88209355,0,0
0.88259318,0,1
0.8830931,0,0
0.88359278,0,1
0.88409273,0,0
0.88459241,0,1
0.88509235,0,0
0.88559208,0,1
0.88609203,0,0
0.88659178,0,1
0.88709177,0,0
0.88759146,0,1
0.88809141,0,0
0.88859112,0,1
0.88909103,0,0
0.8895907,0,1
0.89009067,0,0
0.89059035,0,1
0.89109027,0,0
0.89158995,0,1
0.89208984,0,0
0.89258954,0,1
0.89308949,0,0
0.89358916,0,1
0.89408911,0,0
0.89458881,0,1
0.8950887,0,0
0.89558833,0,1
0.89608822,0,0
0.8965879,0,1
0.89708779,0,0
0.89758745,0,1
0.89808739,0,0
0.89858706,0,1
0.89908699,0,0
0.89958666,0,1
0.90008661,0,0
0.90058628,0,1
0.9010862,0,0
0.90158588,0,1
0.90208583,0,0
0.90258551,0,1
0.90308542,0,0
0.90358508,0,1
0.90408499,0,0
0.90458465,0,1
0.90508459,0,0
0.90558423,0,1
0.90608417,0,0
0.90658387,0,1
0.90708385,0,0
0.90758358,0,1
0.90808355,0,0
0.90858322,0,1
0.90908314,0,0
0.90958284,0,1
0.91008276,0,0
0.91058246,0,1
0.91108239,0,0
0.91158206,0,1
0.91208199,0,0
0.91258167,0,1
0.91308158,0,0
0.91358126,0,1
0.9140812,0,0
0.91458087,0,1
0.91508078,0,0
0.91558046,0,1
0.9160804,0,0
0.91658003,0,1
0.91707992,0,0
0.91757957,0,1
0.91807948,0,0
0.91857914,0,1
0.91907905,0,0
0.91957868,0,1
0.92007859,0,0
0.92057825,0,1
0.92107818,0,0
0.92157785,0,1
0.92207779,0,0
0.92257745,0,1
0.92307735,0,0
0.92357705,0,1
0.92407695,0,0
0.92457658,0,1
0.92507646,0,0
0.92557608,0,1
0.92607597,0,0
0.92657559,0,1
0.92707547,0,0
0.92757512,0,1
0.92807501,0,0
0.9285747,0,1
0.92907461,0,0
0.92957432,0,1
0.93007422,0,0
0.93057387,0,1
0.93107381,0,0
0.93157347,0,1
0.93207338,0,0
0.93257303,0,1
0.93307294,0,0
0.93357261,0,1
0.93407256,0,0
0.93457227,0,1
0.93507222,0,0
0.93557191,0,1
0.93607184,0,0
0.93657154,0,1
0.93707144,0,0
0.93757113,0,1
0.93807104,0,0
0.93857068,0,1
0.93907056,0,0
0.93957022,0,1
0.94007013,0,0
0.94056983,0,1
0.94106976,0,0
0.94156942,0,1
0.94206934,0,0
0.94256902,0,1
0.94306896,0,0
0.94356866,0,1
0.94406861,0,0
0.9445683,0,1
0.94506826,0,0
0.94556794,0,1
0.94606787,0,0
0.94656755,0,1
0.94706749,0,0
0.94756719,0,1
0.94806713,0,0
0.94856681,0,1
0.94906671,0,0
0.94956637,0,1
0.95006628,0,0
0.95056595,0,1
0.95106588,0,0
0.95156554,0,1
0.95206546,0,0
0.95256514,0,1
0.95306507,0,0
0.95356476,0,1
0.95406471,0,0
0.9545644,0,1
0.95506432,0,0
0.955564,0,1
0.95606391,0,0
0.95656359,0,1
0.95706352,0,0
0.95756317,0,1
0.9580631,0,0
0.95856276,0,1
0.95906267,0,0
0.95956239,0,1
0.96006234,0,0
0.96056206,0,1
0.96106197,0,0
0.96156165,0,1
0.96206155,0,0
0.96256123,0,1
0.96306112,0,0
0.96356078,0,1
0.9640607,0,0
0.96456034,0,1
0.96506026,0,0
0.96555997,0,1
0.96605992,0,0
0.9665596,0,1
0.96705955,0,0
0.96755925,0,1
0.96805917,0,0
0.96855883,0,1
0.96905873,0,0
0.96955836,0,1
0.97005826,0,0
0.97055792,0,1
0.97105783,0,0
0.97155746,0,1
0.97205739,0,0
0.97255705,0,1
0.97305698,0,0
0.97355662,0,1
0.97405654,0,0
0.97455619,0,1
0.97505613,0,0
0.97555578,0,1
0.97605572,0,0
0.97655539,0,1
0.97705528,0,0
0.97755491,0,1
0.97805482,0,0
0.97855444,0,1
0.97905434,0,0
0.97955399,0,1
0.98005387,0,0
0.98055354,0,1
0.98105342,0,0
0.98155307,0,1
0.98205293,0,0
0.98255255,0,1
0.98305243,0,0
0.98355207,0,1
0.98405198,0,0
0.98455163,0,1
0.98505151,0,0
0.98555109,0,1
0.98605093,0,0
0.98655053,0,1
0.98705042,0,0
0.98755009,0,1
0.98805004,0,0
0.98854969,0,1
0.98904959,0,0
0.98954926,0,1
0.99004916,0,0
0.99054885,0,1
0.99104875,0,0
0.99154843,0,1
0.99204837,0,0
0.99254807,0,1
0.99304797,0,0
0.99354762,0,1
0.99404749,0,0
0.99454713,0,1
0.99504706,0,0
0.99554671,0,1
0.99604662,0,0
0.99654626,0,1
0.99704618,0,0
0.99754585,0,1
0.99804577,0,0
0.99854546,0,1
0.99904542,0,0
0.99954511,0,1
1.00004502,0,0
1.00054471,0,1
1.00104462,0,0
1.00154425,0,1
1.00204406,0,0
1.00254366,0,1
1.0030435,0,0
1.00354316,0,1
1.00404309,0,0
1.00454276,0,1
1.00504269,0,0
1.00554237,0,1
1.00604226,0,0
1.00654191,0,1
1.00704179,0,0
1.00754145,0,1
1.00804131,0,0
1.00854096,0,1
1.00904087,0,0
1.00954053,0,1
1.01004042,0,0
1.01054007,0,1
1.01103996,0,0
1.01153956,0,1
1.01203943,0,0
1.01253905,0,1
1.01303898,0,0
1.01353866,0,1
1.01403855,0,0
1.01453819,0,1
1.01503809,0,0
1.01553772,0,1
1.01603756,0,0
1.01653719,0,1
1.01703714,0,0
1.01753684,0,1
1.01803679,0,0
1.01853649,0,1
1.01903642,0,0
1.01953613,0,1
1.02003611,0,0
1.0205358,0,1
1.02103577,0,0
1.02153548,0,1
1.0220354,0,0
1.02253506,0,1
1.02303497,0,0
1.02353462,0,1
1.02403457,0,0
1.02453425,0,1
1.02503417,0,0
1.02553384,0,1
1.02603373,0,0
1.02653337,0,1
1.02703328,0,0
1.02753294,0,1
1.02803285,0,0
1.02853254,0,1
1.02903247,0,0
1.02953217,0,1
1.03003208,0,0
1.03053175,0,1
1.03103167,0,0
1.03153132,0,1
1.03203123,0,0
1.03253088,0,1
1.03303075,0,0
1.03353036,0,1
1.03403023,0,0
1.03452986,0,1
1.03502975,0,0
1.03552942,0,1
1.03602932,0,0
1.03652901,0,1
1.03702893,0,0
1.03752861,0,1
1.03802857,0,0
1.03852822,0,1
1.03902813,0,0
1.03952777,0,1
1.04002766,0,0
1.04052732,0,1
1.04102723,0,0
1.04152691,0,1
1.04202682,0,0
1.04252652,0,1
1.04302642,0,0
1.04352611,0,1
1.04402603,0,0
1.04452569,0,1
1.04502558,0,0
1.04552519,0,1
1.04602503,0,0
1.04652463,0,1
1.04702447,0,0
1.04752409,0,1
1.04802398,0,0
1.04852363,0,1
1.04902354,0,0
1.04952319,0,1
1.05002312,0,0
1.05052281,0,1
1.05102268,0,0
1.05152233,0,1
1.05202224,0,0
1.05252195,0,1
1.05302189,0,0
1.0535216,0,1
1.05402156,0,0
1.0545213,0,1
1.05502129,0,0
1.05552101,0,1
1.05602098,0,0
1.05652067,0,1
1.05702054,0,0
1.05752016,0,1
1.05802014,0,0
1.05851988,0,1
1.05901983,0,0
1.05951954,0,1
1.06001943,0,0
1.0605191,0,1
1.06101899,0,0
1.0615187,0,1
1.06201869,0,0
1.0625184,0,1
1.06301834,0,0
1.06351801,0,1
1.06401792,0,0
1.06451762,0,1
1.06501758,0,0
1.06551729,0,1
1.06601723,0,0
1.06651693,0,1
1.06701689,0,0
1.0675166,0,1
1.06801657,0,0
1.06851628,0,1
1.06901624,0,0
1.06951593,0,1
1.07001591,0,0
1.07051562,0,1
1.07101559,0,0
1.07151525,0,1
1.07201521,0,0
1.07251488,0,1
1.07301481,0,0
1.07351449,0,1
1.07401441,0,0
1.07451409,0,1
1.075014,0,0
1.07551366,0,1
1.07601359,0,0
1.07651326,0,1
1.07701318,0,0
1.07751287,0,1
1.0780128,0,0
1.07851247,0,1
1.07901241,0,0
1.07951208,0,1
1.08001204,0,0
1.08051175,0,1
1.08101168,0,0
1.08151135,0,1
1.08201123,0,0
1.08251088,0,1
1.08301074,0,0
1.08351037,0,1
1.08401024,0,0
1.0845099,0,1
1.08500982,0,0
1.0855095,0,1
1.08600942,0,0
1.08650907,0,1
1.08700895,0,0
1.08750853,0,1
1.08800837,0,0
1.088508,0,1
1.08900791,0,0
1.08950763,0,1
1.09000758,0,0
1.09050726,0,1
1.0910072,0,0
1.09150689,0,1
1.09200682,0,0
1.0925065,0,1
1.09300641,0,0
1.09350609,0,1
1.09400602,0,0
1.09450572,0,1
1.09500565,0,0
1.0955053,0,1
1.09600521,0,0
1.09650482,0,1
1.09700472,0,0
1.09750434,0,1
1.09800425,0,0
1.0985039,0,1
1.09900377,0,0
1.09950342,0,1
1.10000329,0,0
1.10050295,0,1
1.10100289,0,0
1.10150257,0,1
1.10200249,0,0
1.10250214,0,1
1.10300206,0,0
1.1035017,0,1
1.1040016,0,0
1.10450127,0,1
1.10500119,0,0
1.10550084,0,1
1.10600074,0,0
1.10650038,0,1
1.10700032,0,0
1.10749999,0,1
1.10799991,0,0
1.10849958,0,1
1.10899951,0,0
1.10949917,0,1
1.10999905,0,0
1.11049867,0,1
1.1109986,0,0
1.11149827,0,1
1.11199821,0,0
1.11249788,0,1
1.11299777,0,0
1.11349744,0,1
1.11399736,0,0
1.11449702,0,1
1.11499692,0,0
1.11549658,0,1
1.11599648,0,0
1.11649614,0,1
1.11699605,0,0
1.11749571,0,1
1.11799562,0,0
1.11849529,0,1
1.1189952,0,0
1.11949486,0,1
1.11999472,0,0
1.12049434,0,1
1.12099422,0,0
1.12149387,0,1
1.12199379,0,0
1.12249346,0,1
1.12299337,0,0
1.12349307,0,1
1.12399302,0,0
1.12449275,0,1
1.12499271,0,0
1.1254924,0,1
1.12599234,0,0
1.12649201,0,1
1.12699192,0,0
1.12749158,0,1
1.12799146,0,0
1.12849115,0,1
1.12899105,0,0
1.12949072,0,1
1.1299906,0,0
1.13049029,0,1
1.13099022,0,0
1.13148991,0,1
1.13198984,0,0
1.13248953,0,1
1.13298943,0,0
1.13348907,0,1
1.13398898,0,0
1.13448866,0,1
1.13498859,0,0
1.13548825,0,1
1.13598817,0,0
1.13648779,0,1
1.13698772,0,0
1.13748737,0,1
1.13798724,0,0
1.13848688,0,1
1.13898677,0,0
1.13948645,0,1
1.13998638,0,0
1.14048605,0,1
1.14098592,0,0
1.14148555,0,1
1.14198545,0,0
1.14248513,0,1
1.14298507,0,0
1.14348476,0,1
1.14398471,0,0
1.14448438,0,1
1.14498432,0,0
1.14548399,0,1
1.1459839,0,0
1.14648356,0,1
1.14698345,0,0
1.1474831,0,1
1.147983,0,0
1.14848267,0,1
1.14898258,0,0
1.14948227,0,1
1.1499822,0,0
1.15048188,0,1
1.1509818,0,0
1.15148146,0,1
1.15198137,0,0
1.15248103,0,1
1.15298096,0,0
1.15348062,0,1
1.15398053,0,0
1.15448018,0,1
1.15498007,0,0
1.1554797,0,1
1.15597963,0,0
1.1564793,0,1
1.15697921,0,0
1.15747888,0,1
1.1579788,0,0
1.15847847,0,1
1.15897841,0,0
1.15947809,0,1
1.15997803,0,0
1.16047773,0,1
1.16097763,0,0
1.16147728,0,1
1.16197718,0,0
1.16247689,0,1
1.16297681,0,0
1.16347648,0,1
1.16397642,0,0
1.1644761,0,1
1.16497602,0,0
1.16547566,0,1
1.16597559,0,0
1.16647525,0,1
1.16697516,0,0
1.16747484,0,1
1.16797475,0,0
1.16847444,0,1
1.16897438,0,0
1.16947407,0,1
1.169974,0,0
1.17047369,0,1
1.17097366,0,0
1.17147341,0,1
1.17197341,0,0
1.17247313,0,1
1.17297308,0,0
1.17347278,0,1
1.17397274,0,0
1.17447241,0,1
1.17497236,0,0
1.17547205,0,1
1.175972,0,0
1.17647171,0,1
1.17697167,0,0
1.17747136,0,1
1.17797131,0,0
1.17847107,0,1
1.17897106,0,0
1.17947081,0,1
1.17997081,0,0
1.18047054,0,1
1.18097051,0,0
1.18147022,0,1
1.18197017,0,0
1.18246983,0,1
1.1829698,0,0
1.18346952,0,1
1.18396942,0,0
1.18446906,0,1
1.18496898,0,0
1.18546866,0,1
1.18596856,0,0
1.18646824,0,1
1.18696813,0,0
1.18746778,0,1
1.18796772,0,0
1.18846739,0,1
1.1889673,0,0
1.18946696,0,1
1.18996689,0,0
1.19046654,0,1
1.19096645,0,0
1.19146613,0,1
1.19196606,0,0
1.19246571,0,1
1.19296561,0,0
1.19346529,0,1
1.19396521,0,0
1.19446489,0,1
1.19496476,0,0
1.19546444,0,1
1.19596433,0,0
1.19646394,0,1
1.19696384,0,0
1.19746348,0,1
1.19796335,0,0
1.19846298,0,1
1.1989629,0,0
1.1994626,0,1
1.1999625,0,0
1.20046216,0,1
1.20096207,0,0
1.20146173,0,1
1.20196166,0,0
1.20246133,0,1
1.20296123,0,0
1.20346091,0,1
1.20396082,0,0
1.20446047,0,1
1.2049604,0,0
1.20546007,0,1
1.20596,0,0
1.20645967,0,1
1.2069596,0,0
1.20745931,0,1
1.20795922,0,0
1.2084589,0,1
1.20895884,0,0
1.20945852,0,1
1.20995845,0,0
1.21045814,0,1
1.21095812,0,0
1.21145783,0,1
1.21195775,0,0
1.21245741,0,1
1.21295732,0,0
1.213457,0,1
1.21395693,0,0
1.21445661,0,1
1.21495655,0,0
1.21545623,0,1
1.21595613,0,0
1.21645572,0,1
1.21695561,0,0
1.21745526,0,1
1.21795511,0,0
1.2184548,0,1
1.2189547,0,0
1.21945436,0,1
1.21995425,0,0
1.22045388,0,1
1.22095378,0,0
1.22145342,0,1
1.22195331,0,0
1.2224529,0,1
1.22295283,0,0
1.2234525,0,1
1.22395241,0,0
1.22445209,0,1
1.22495199,0,0
1.22545164,0,1
1.22595153,0,0
1.2264512,0,1
1.22695111,0,0
1.22745077,0,1
1.22795072,0,0
1.22845037,0,1
1.22895028,0,0
1.22944995,0,1
1.22994986,0,0
1.23044954,0,1
1.23094947,0,0
1.23144916,0,1
1.23194901,0,0
1.23244867,0,1
1.23294861,0,0
1.23344831,0,1
1.23394822,0,0
1.23444788,0,1
1.23494783,0,0
1.23544756,0,1
1.23594749,0,0
1.2364472,0,1
1.23694716,0,0
1.2374468,0,1
1.23794669,0,0
1.23844636,0,1
1.23894629,0,0
1.23944601,0,1
1.23994596,0,0
1.24044567,0,1
1.24094562,0,0
1.24144533,0,1
1.24194525,0,0
1.24244494,0,1
1.24294485,0,0
1.24344458,0,1
1.24394453,0,0
1.24444422,0,1
1.24494417,0,0
1.24544385,0,1
1.24594379,0,0
1.24644348,0,1
1.2469434,0,0
1.24744307,0,1
1.24794303,0,0
1.24844269,0,1
1.24894263,0,0
1.24944233,0,1
1.24994228,0,0
1.25044198,0,1
1.25094189,0,0
1.25144155,0,1
1.25194147,0,0
1.25244116,0,1
1.25294111,0,0
1.25344078,0,1
1.25394074,0,0
1.25444042,0,1
1.25494041,0,0
1.25544009,0,1
1.25594,0,0
1.25643966,0,1
1.25693959,0,0
1.25743926,0,1
1.25793918,0,0
1.25843883,0,1
1.25893876,0,0
1.25943846,0,1
1.25993838,0,0
1.26043802,0,1
1.26093797,0,0
1.2614377,0,1
1.26193764,0,0
1.26243734,0,1
1.26293727,0,0
1.26343695,0,1
1.2639369,0,0
1.26443662,0,1
1.2649366,0,0
1.26543631,0,1
1.26593626,0,0
1.26643594,0,1
1.26693587,0,0
1.26743555,0,1
1.26793545,0,0
1.26843517,0,1
1.2689351,0,0
1.26943478,0,1
1.26993469,0,0
1.2704344,0,1
1.27093437,0,0
1.27143408,0,1
1.27193401,0,0
1.27243368,0,1
1.27293359,0,0
1.27343323,0,1
1.27393311,0,0
1.27443276,0,1
1.27493264,0,0
1.27543228,0,1
1.27593217,0,0
1.27643182,0,1
1.27693168,0,0
1.27743129,0,1
1.27793119,0,0
1.27843084,0,1
1.27893076,0,0
1.27943042,0,1
1.27993032,0,0
1.28042997,0,1
1.2809299,0,0
1.28142956,0,1
1.28192946,0,0
1.28242912,0,1
1.28292903,0,0
1.28342868,0,1
1.2839286,0,0
1.28442827,0,1
1.28492819,0,0
1.28542786,0,1
1.28592778,0,0
1.28642745,0,1
1.2869274,0,0
1.28742706,0,1
1.28792698,0,0
1.28842666,0,1
1.28892658,0,0
1.28942628,0,1
1.28992621,0,0
1.2904259,0,1
1.29092585,0,0
1.29142555,0,1
1.29192552,0,0
1.29242525,0,1
1.29292524,0,0
1.29342496,0,1
1.29392492,0,0
1.29442464,0,1
1.29492459,0,0
1.29542431,0,1
1.29592427,0,0
1.29642395,0,1
1.29692391,0,0
1.29742355,0,1
1.2979234,0,0
1.29842299,0,1
1.29892288,0,0
1.29942255,0,1
1.29992246,0,0
1.30042214,0,1
1.30092207,0,0
1.30142174,0,1
1.30192164,0,0
1.30242133,0,1
1.30292126,0,0
1.3034209,0,1
1.30392081,0,0
1.30442046,0,1
1.30492037,0,0
1.30542008,0,1
1.30592004,0,0
1.30641972,0,1
1.30691968,0,0
1.30741938,0,1
1.30791934,0,0
1.30841908,0,1
1.30891909,0,0
1.3094188,0,1
1.30991874,0,0
1.31041845,0,1
1.31091844,0,0
1.31141815,0,1
1.31191806,0,0
1.31241777,0,1
1.31291769,0,0
1.31341738,0,1
1.3139173,0,0
1.31441696,0,1
1.31491685,0,0
1.31541652,0,1
1.31591643,0,0
1.31641605,0,1
1.31691593,0,0
1.31741554,0,1
1.31791541,0,0
1.31841504,0,1
1.31891494,0,0
1.31941455,0,1
1.31991443,0,0
1.32041411,0,1
1.32091402,0,0
1.32141368,0,1
1.32191358,0,0
1.32241325,0,1
1.32291315,0,0
1.32341279,0,1
1.32391268,0,0
1.32441236,0,1
1.3249123,0,0
1.32541196,0,1
1.32591185,0,0
1.32641147,0,1
1.32691136,0,0
1.32741101,0,1
1.32791094,0,0
1.32841065,0,1
1.3289106,0,0
1.32941034,0,1
1.32991031,0,0
1.33041005,0,1
1.33090999,0,0
1.33140967,0,1
1.33190963,0,0
1.33240933,0,1
1.33290928,0,0
1.33340899,0,1
1.33390893,0,0
1.33440866,0,1
1.33490861,0,0
1.3354083,0,1
1.33590823,0,0
1.33640791,0,1
1.33690787,0,0
1.33740762,0,1
1.33790765,0,0
1.3384074,0,1
1.33890741,0,0
1.33940716,0,1
1.33990714,0,0
1.34040687,0,1
1.34090685,0,0
1.3414066,0,1
1.34190657,0,0
1.34240629,0,1
1.3429062,0,0
1.34340585,0,1
1.34390578,0,0
1.34440544,0,1
1.34490535,0,0
1.34540503,0,1
1.34590496,0,0
1.34640466,0,1
1.34690458,0,0
1.34740427,0,1
1.34790422,0,0
1.34840391,0,1
1.34890385,0,0
1.34940353,0,1
1.34990347,0,0
1.35040311,0,1
1.35090301,0,0
1.35140266,0,1
1.35190258,0,0
1.35240221,0,1
1.35290211,0,0
1.35340173,0,1
1.35390164,0,0
1.35440131,0,1
1.35490123,0,0
1.35540088,0,1
1.35590079,0,0
1.35640044,0,1
1.35690037,0,0
1.35740006,0,1
1.35789999,0,0
1.3583997,0,1
1.35889967,0,0
1.35939937,0,1
1.35989931,0,0
1.36039897,0,1
1.3608989,0,0
1.36139855,0,1
1.36189844,0,0
1.36239813,0,1
1.36289807,0,0
1.36339775,0,1
1.36389765,0,0
1.3643973,0,1
1.36489719,0,0
1.36539685,0,1
1.36589674,0,0
1.36639642,0,1
1.3668963,0,0
1.36739594,0,1
1.36789584,0,0
1.36839548,0,1
1.36889537,0,0
1.36939502,0,1
1.36989494,0,0
1.37039463,0,1
1.37089456,0,0
1.37139424,0,1
1.37189417,0,0
1.37239388,0,1
1.37289382,0,0
1.37339349,0,1
1.37389341,0,0
1.37439311,0,1
1.37489306,0,0
1.37539277,0,1
1.37589274,0,0
1.37639241,0,1
1.37689231,0,0
1.37739195,0,1
1.37789188,0,0
1.37839153,0,1
1.37889144,0,0
1.37939111,0,1
1.37989105,0,0
1.3803907,0,1
1.38089057,0,0
1.38139021,0,1
1.38189012,0,0
1.38238978,0,1
1.38288966,0,0
1.38338932,0,1
1.38388921,0,0
1.38438885,0,1
1.38488873,0,0
1.38538838,0,1
1.38588828,0,0
1.38638794,0,1
1.38688784,0,0
1.38738749,0,1
1.38788741,0,0
1.38838709,0,1
1.38888701,0,0
1.38938671,0,1
1.38988667,0,0
1.39038637,0,1
1.39088629,0,0
1.39138594,0,1
1.39188583,0,0
1.39238549,0,1
1.39288541,0,0
1.39338512,0,1
1.39388506,0,0
1.39438474,0,1
1.39488468,0,0
1.39538441,0,1
1.39588432,0,0
1.39638397,0,1
1.39688382,0,0
1.39738348,0,1
1.39788336,0,0
1.39838299,0,1
1.3988829,0,0
1.39938255,0,1
1.39988243,0,0
1.40038208,0,1
1.40088193,0,0
1.40138161,0,1
1.40188151,0,0
1.4023812,0,1
1.40288114,0,0
1.40338081,0,1
1.40388071,0,0
1.40438034,0,1
1.40488022,0,0
1.40537983,0,1
1.4058797,0,0
1.40637932,0,1
1.40687921,0,0
1.40737885,0,1
1.40787873,0,0
1.40837839,0,1
1.40887829,0,0
1.40937794,0,1
1.40987782,0,0
1.4103774,0,1
1.41087726,0,0
1.41137688,0,1
1.41187671,0,0
1.41237638,0,1
1.41287629,0,0
1.41337595,0,1
1.41387586,0,0
1.41437553,0,1
1.41487541,0,0
1.41537506,0,1
1.41587498,0,0
1.41637463,0,1
1.41687457,0,0
1.41737427,0,1
1.41787418,0,0
1.41837385,0,1
1.41887373,0,0
1.4193734,0,1
1.41987336,0,0
1.42037305,0,1
1.420873,0,0
1.42137271,0,1
1.42187266,0,0
1.42237235,0,1
1.42287229,0,0
1.423372,0,1
1.42387199,0,0
1.42437171,0,1
1.42487167,0,0
1.42537136,0,1
1.4258713,0,0
1.42637097,0,1
1.42687094,0,0
1.42737064,0,1
1.42787061,0,0
1.42837033,0,1
1.42887029,0,0
1.42936996,0,1
1.4298699,0,0
1.43036959,0,1
1.43086956,0,0
1.43136925,0,1
1.43186922,0,0
1.43236895,0,1
1.43286893,0,0
1.43336865,0,1
1.43386862,0,0
1.43436837,0,1
1.43486835,0,0
1.43536809,0,1
1.43586806,0,0
1.43636776,0,1
1.43686772,0,0
1.43736741,0,1
1.43786738,0,0
1.43836704,0,1
1.438867,0,0
1.43936672,0,1
1.43986668,0,0
1.44036638,0,1
1.44086636,0,0
1.44136611,0,1
1.44186611,0,0
1.44236589,0,1
1.44286592,0,0
1.44336565,0,1
1.44386563,0,0
1.44436539,0,1
1.44486539,0,0
1.44536519,0,1
1.44586518,0,0
1.44636489,0,1
1.44686489,0,0
1.44736465,0,1
1.44786461,0,0
1.44836431,0,1
1.44886429,0,0
1.449364,0,1
1.44986396,0,0
1.45036366,0,1
1.45086361,0,0
1.45136335,0,1
1.45186333,0,0
1.45236309,0,1
1.45286308,0,0
1.45336283,0,1
1.45386279,0,0
1.45436253,0,1
1.45486251,0,0
1.45536224,0,1
1.45586224,0,0
1.45636199,0,1
1.45686198,0,0
1.45736166,0,1
1.45786162,0,0
1.45836132,0,1
1.45886128,0,0
1.45936101,0,1
1.45986098,0,0
1.46036069,0,1
1.46086061,0,0
1.46136027,0,1
1.46186018,0,0
1.46235985,0,1
1.46285978,0,0
1.46335947,0,1
1.46385942,0,0
1.46435909,0,1
1.46485901,0,0
1.46535868,0,1
1.46585857,0,0
1.46635823,0,1
1.46685818,0,0
1.46735791,0,1
1.46785785,0,0
1.46835753,0,1
1.46885746,0,0
1.46935715,0,1
1.46985707,0,0
1.4703568,0,1
1.47085676,0,0
1.47135651,0,1
1.47185648,0,0
1.4723562,0,1
1.47285616,0,0
1.47335587,0,1
1.47385581,0,0
1.47435547,0,1
1.47485542,0,0
1.47535514,0,1
1.47585509,0,0
1.4763548,0,1
1.47685473,0,0
1.47735444,0,1
1.47785441,0,0
1.47835407,0,1
1.47885404,0,0
1.47935371,0,1
1.47985361,0,0
1.48035325,0,1
1.48085314,0,0
1.48135284,0,1
1.48185279,0,0
1.48235251,0,1
1.48285244,0,0
1.48335212,0,1
1.48385207,0,0
1.48435181,0,1
1.48485175,0,0
1.48535147,0,1
1.48585144,0,0
1.48635114,0,1
1.48685105,0,0
1.48735074,0,1
1.48785069,0,0
1.48835038,0,1
1.48885032,0,0
1.48935,0,1
1.48984995,0,0
1.49034964,0,1
1.49084963,0,0
1.49134935,0,1
1.4918493,0,0
1.49234903,0,1
1.49284901,0,0
1.49334872,0,1
1.49384871,0,0
1.49434842,0,1
1.49484839,0,0
1.49534814,0,1
1.49584811,0,0
1.4963478,0,1
1.49684773,0,0
1.4973474,0,1
1.49784729,0,0
1.49834695,0,1
1.49884691,0,0
1.49934661,0,1
1.49984654,0,0
1.5003462,0,1
1.50084616,0,0
1.50134586,0,1
1.50184581,0,0
1.50234554,0,1
1.50284553,0,0
1.50334521,0,1
1.50384514,0,0
1.50434486,0,1
1.5048448,0,0
1.50534449,0,1
1.50584444,0,0
1.50634414,0,1
1.50684407,0,0
1.50734372,0,1
1.50784359,0,0
1.50834329,0,1
1.50884318,0,0
1.50934286,0,1
1.50984281,0,0
1.51034251,0,1
1.51084245,0,0
1.51134217,0,1
1.51184207,0,0
1.51234176,0,1
1.51284168,0,0
1.51334138,0,1
1.51384133,0,0
1.51434103,0,1
1.51484092,0,0
1.51534057,0,1
1.51584052,0,0
1.51634018,0,1
1.51684008,0,0
1.51733971,0,1
1.5178396,0,0
1.51833927,0,1
1.51883921,0,0
1.51933888,0,1
1.51983883,0,0
1.5203385,0,1
1.5208384,0,0
1.52133807,0,1
1.52183801,0,0
1.52233768,0,1
1.52283758,0,0
1.52333725,0,1
1.52383715,0,0
1.52433682,0,1
1.52483673,0,0
1.52533641,0,1
1.52583636,0,0
1.52633606,0,1
1.52683603,0,0
1.52733572,0,1
1.52783567,0,0
1.52833537,0,1
1.52883532,0,0
1.52933504,0,1
1.52983502,0,0
1.53033474,0,1
1.53083469,0,0
1.5313344,0,1
1.53183436,0,0
1.53233407,0,1
1.53283405,0,0
1.53333376,0,1
1.53383371,0,0
1.53433342,0,1
1.53483338,0,0
1.53533309,0,1
1.53583304,0,0
1.53633272,0,1
1.53683264,0,0
1.53733234,0,1
1.53783229,0,0
1.53833195,0,1
1.53883189,0,0
1.53933159,0,1
1.53983153,0,0
1.54033124,0,1
1.54083116,0,0
1.54133082,0,1
1.54183076,0,0
1.54233043,0,1
1.54283034,0,0
1.54333003,0,1
1.54382997,0,0
1.54432967,0,1
1.5448296,0,0
1.54532929,0,1
1.54582921,0,0
1.54632888,0,1
1.54682878,0,0
1.54732848,0,1
1.54782844,0,0
1.54832816,0,1
1.54882812,0,0
1.54932784,0,1
1.54982778,0,0
1.55032749,0,1
1.55082742,0,0
1.55132712,0,1
1.55182707,0,0
1.55232676,0,1
1.55282669,0,0
1.55332637,0,1
1.55382631,0,0
1.55432599,0,1
1.55482594,0,0
1.55532563,0,1
1.55582559,0,0
1.5563253,0,1
1.55682526,0,0
1.55732497,0,1
1.55782491,0,0
1.5583246,0,1
1.55882451,0,0
1.55932419,0,1
1.55982408,0,0
1.56032375,0,1
1.5608237,0,0
1.56132339,0,1
1.56182329,0,0
1.56232296,0,1
1.56282285,0,0
1.56332252,0,1
1.56382249,0,0
1.5643222,0,1
1.56482212,0,0
1.56532178,0,1
1.56582165,0,0
1.56632125,0,1
1.56682112,0,0
1.56732075,0,1
1.56782064,0,0
1.56832028,0,1
1.56882016,0,0
1.56931981,0,1
1.56981972,0,0
1.57031936,0,1
1.57081925,0,0
1.57131891,0,1
1.57181886,0,0
1.57231857,0,1
1.57281852,0,0
1.57331819,0,1
1.57381812,0,0
1.57431777,0,1
1.57481771,0,0
1.57531737,0,1
1.57581731,0,0
1.576317,0,1
1.57681694,0,0
1.57731663,0,1
1.57781655,0,0
1.57831624,0,1
1.57881614,0,0
1.5793158,0,1
1.57981569,0,0
1.58031533,0,1
1.58081523,0,0
1.5813149,0,1
1.58181482,0,0
1.58231451,0,1
1.58281444,0,0
1.5833141,0,1
1.58381401,0,0
1.58431365,0,1
1.5848136,0,0
1.58531332,0,1
1.58581328,0,0
1.58631299,0,1
1.58681295,0,0
1.58731264,0,1
1.58781258,0,0
1.58831226,0,1
1.58881221,0,0
1.58931192,0,1
1.58981188,0,0
1.59031158,0,1
1.59081151,0,0
1.5913112,0,1
1.59181112,0,0
1.59231084,0,1
1.59281082,0,0
1.59331057,0,1
1.59381052,0,0
1.59431023,0,1
1.59481018,0,0
1.59530986,0,1
1.59580979,0,0
1.59630951,0,1
1.59680947,0,0
1.59730917,0,1
1.59780908,0,0
1.59830877,0,1
1.59880871,0,0
1.59930838,0,1
1.59980831,0,0
1.60030796,0,1
1.60080789,0,0
1.60130751,0,1
1.60180738,0,0
1.60230704,0,1
1.60280694,0,0
1.60330655,0,1
1.60380646,0,0
1.60430614,0,1
1.60480612,0,0
1.60530578,0,1
1.60580565,0,0
1.60630523,0,1
1.60680516,0,0
1.60730479,0,1
1.6078047,0,0
1.60830436,0,1
1.60880427,0,0
1.60930395,0,1
1.60980389,0,0
1.61030355,0,1
1.61080345,0,0
1.61130311,0,1
1.61180301,0,0
1.6123027,0,1
1.61280264,0,0
1.61330229,0,1
1.61380221,0,0
1.61430191,0,1
1.61480187,0,0
1.61530159,0,1
1.61580156,0,0
1.61630131,0,1
1.61680127,0,0
1.61730097,0,1
1.61780093,0,0
1.61830066,0,1
1.6188006,0,0
1.61930033,0,1
1.61980032,0,0
1.62030004,0,1
1.6208,0,0
1.62129977,0,1
1.62179971,0,0
1.62229945,0,1
1.62279944,0,0
1.62329921,0,1
1.62379922,0,0
1.62429898,0,1
1.624799,0,0
1.62529874,0,1
1.6257987,0,0
1.62629842,0,1
1.62679838,0,0
1.62729809,0,1
1.62779809,0,0
1.62829781,0,1
1.62879777,0,0
1.62929746,0,1
1.6297974,0,0
1.63029708,0,1
1.63079703,0,0
1.63129671,0,1
1.63179664,0,0
1.6322963,0,1
1.63279621,0,0
1.63329587,0,1
1.63379578,0,0
1.63429546,0,1
1.63479541,0,0
1.63529511,0,1
1.63579509,0,0
1.6362948,0,1
1.63679477,0,0
1.63729448,0,1
1.63779442,0,0
1.6382941,0,1
1.63879399,0,0
1.63929368,0,1
1.63979361,0,0
1.6402933,0,1
1.64079326,0,0
1.64129295,0,1
1.64179292,0,0
1.64229257,0,1
1.64279246,0,0
1.64329216,0,1
1.64379211,0,0
1.64429179,0,1
1.64479169,0,0
1.64529136,0,1
1.64579127,0,0
1.64629098,0,1
1.64679092,0,0
1.64729063,0,1
1.64779049,0,0
1.64829013,0,1
1.64879003,0,0
1.64928965,0,1
1.64978957,0,0
1.65028924,0,1
1.65078918,0,0
1.65128889,0,1
1.65178881,0,0
1.6522885,0,1
1.65278843,0,0
1.65328813,0,1
1.65378809,0,0
1.65428783,0,1
1.6547878,0,0
1.65528749,0,1
1.65578744,0,0
1.65628714,0,1
1.65678708,0,0
1.6572868,0,1
1.65778676,0,0
1.65828645,0,1
1.65878642,0,0
1.65928608,0,1
1.65978607,0,0
1.66028579,0,1
1.66078576,0,0
1.66128546,0,1
1.66178541,0,0
1.66228512,0,1
1.66278508,0,0
1.66328479,0,1
1.66378475,0,0
1.66428444,0,1
1.66478442,0,0
1.66528414,0,1
1.6657841,0,0
1.66628381,0,1
1.66678379,0,0
1.66728346,0,1
1.66778342,0,0
1.6682831,0,1
1.66878304,0,0
1.66928272,0,1
1.66978266,0,0
1.67028236,0,1
1.67078237,0,0
1.67128208,0,1
1.67178203,0,0
1.67228171,0,1
1.6727817,0,0
1.67328142,0,1
1.67378135,0,0
1.67428103,0,1
1.67478101,0,0
1.67528074,0,1
1.67578075,0,0
1.67628052,0,1
1.67678055,0,0
1.67728031,0,1
1.67778028,0,0
1.67827998,0,1
1.6787799,0,0
1.67927959,0,1
1.67977953,0,0
1.68027922,0,1
1.68077917,0,0
1.6812789,0,1
1.68177885,0,0
1.68227856,0,1
1.68277854,0,0
1.68327825,0,1
1.68377818,0,0
1.68427785,0,1
1.68477776,0,0
1.68527743,0,1
1.68577739,0,0
1.68627708,0,1
1.68677701,0,0
1.68727672,0,1
1.68777666,0,0
1.68827633,0,1
1.68877625,0,0
1.68927592,0,1
1.68977585,0,0
1.69027556,0,1
1.69077554,0,0
1.69127522,0,1
1.69177513,0,0
1.69227479,0,1
1.69277472,0,0
1.69327439,0,1
1.6937743,0,0
1.69427394,0,1
1.69477385,0,0
1.6952735,0,1
1.69577343,0,0
1.69627313,0,1
1.69677309,0,0
1.69727273,0,1
1.69777262,0,0
1.69827227,0,1
1.6987722,0,0
1.6992719,0,1
1.69977183,0,0
1.70027151,0,1
1.70077144,0,0
1.70127114,0,1
1.70177109,0,0
1.70227077,0,1
1.70277072,0,0
1.70327039,0,1
1.70377036,0,0
1.70427008,0,1
1.70477008,0,0
1.70526977,0,1
1.70576973,0,0
1.70626942,0,1
1.70676936,0,0
1.70726907,0,1
1.70776901,0,0
1.7082687,0,1
1.70876868,0,0
1.70926841,0,1
1.7097684,0,0
1.71026812,0,1
1.71076809,0,0
1.71126782,0,1
1.7117678,0,0
1.71226751,0,1
1.71276745,0,0
1.71326716,0,1
1.71376716,0,0
1.71426688,0,1
1.71476686,0,0
1.71526659,0,1
1.71576654,0,0
1.71626622,0,1
1.71676612,0,0
1.71726582,0,1
1.71776574,0,0
1.71826541,0,1
1.71876532,0,0
1.71926499,0,1
1.7197649,0,0
1.72026461,0,1
1.72076458,0,0
1.72126431,0,1
1.72176431,0,0
1.72226403,0,1
1.72276401,0,0
1.72326376,0,1
1.7237637,0,0
1.7242634,0,1
1.72476336,0,0
1.72526309,0,1
1.72576306,0,0
1.72626277,0,1
1.72676274,0,0
1.72726248,0,1
1.72776247,0,0
1.72826222,0,1
1.72876217,0,0
1.72926194,0,1
1.72976191,0,0
1.73026165,0,1
1.73076163,0,0
1.73126138,0,1
1.73176134,0,0
1.73226104,0,1
1.73276099,0,0
1.73326069,0,1
1.73376065,0,0
1.73426039,0,1
1.73476036,0,0
1.73526009,0,1
1.73576006,0,0
1.73625978,0,1
1.73675972,0,0
1.73725945,0,1
1.73775937,0,0
1.73825906,0,1
1.73875903,0,0
1.73925876,0,1
1.73975873,0,0
1.74025842,0,1
1.74075837,0,0
1.74125807,0,1
1.74175801,0,0
1.74225768,0,1
1.74275764,0,0
1.74325735,0,1
1.74375734,0,0
1.74425708,0,1
1.74475709,0,0
1.7452568,0,1
1.74575674,0,0
1.74625646,0,1
1.7467564,0,0
1.74725609,0,1
1.74775607,0,0
1.7482558,0,1
1.74875578,0,0
1.74925551,0,1
1.7497555,0,0
1.75025523,0,1
1.75075522,0,0
1.75125493,0,1
1.7517549,0,0
1.75225459,0,1
1.75275457,0,0
1.75325429,0,1
1.75375425,0,0
1.75425399,0,1
1.75475392,0,0
1.75525364,0,1
1.7557536,0,0
1.75625325,0,1
1.75675318,0,0
1.75725285,0,1
1.75775275,0,0
1.75825242,0,1
1.75875234,0,0
1.75925202,0,1
1.75975195,0,0
1.76025165,0,1
1.76075156,0,0
1.76125126,0,1
1.76175121,0,0
1.76225094,0,1
1.76275092,0,0
1.76325064,0,1
1.7637506,0,0
1.76425035,0,1
1.76475031,0,0
1.76525001,0,1
1.76574998,0,0
1.76624969,0,1
1.76674963,0,0
1.76724934,0,1
1.7677493,0,0
1.76824896,0,1
1.76874888,0,0
1.76924859,0,1
1.76974855,0,0
1.77024827,0,1
1.77074823,0,0
1.77124796,0,1
1.77174793,0,0
1.77224765,0,1
1.77274765,0,0
1.77324744,0,1
1.77374743,0,0
1.7742471,0,1
1.77474704,0,0
1.77524675,0,1
1.7757467,0,0
1.77624635,0,1
1.77674625,0,0
1.77724588,0,1
1.77774581,0,0
1.7782455,0,1
1.77874547,0,0
1.77924518,0,1
1.77974514,0,0
1.78024485,0,1
1.78074482,0,0
1.78124453,0,1
1.78174451,0,0
1.78224428,0,1
1.78274428,0,0
1.78324402,0,1
1.78374402,0,0
1.78424374,0,1
1.78474372,0,0
1.78524346,0,1
1.78574341,0,0
1.78624314,0,1
1.78674308,0,0
1.78724279,0,1
1.78774275,0,0
1.78824247,0,1
1.78874245,0,0
1.78924213,0,1
1.7897421,0,0
1.79024178,0,1
1.79074175,0,0
1.79124149,0,1
1.79174145,0,0
1.79224115,0,1
1.79274113,0,0
1.79324086,0,1
1.79374085,0,0
1.79424055,0,1
1.79474048,0,0
1.79524019,0,1
1.79574015,0,0
1.79623986,0,1
1.79673986,0,0
1.79723959,0,1
1.79773956,0,0
1.7982393,0,1
1.79873929,0,0
1.79923904,0,1
1.79973903,0,0
1.80023877,0,1
1.80073876,0,0
1.80123849,0,1
1.80173849,0,0
1.80223823,0,1
1.80273822,0,0
1.80323796,0,1
1.80373796,0,0
1.80423777,0,1
1.80473777,0,0
1.80523753,0,1
1.80573752,0,0
1.80623722,0,1
1.8067372,0,0
1.80723693,0,1
1.80773691,0,0
1.80823663,0,1
1.80873662,0,0
1.80923636,0,1
1.80973632,0,0
1.81023603,0,1
1.81073595,0,0
1.81123558,0,1
1.81173547,0,0
1.81223513,0,1
1.81273504,0,0
1.81323475,0,1
1.81373474,0,0
1.81423446,0,1
1.81473444,0,0
1.8152341,0,1
1.81573395,0,0
1.81623355,0,1
1.81673341,0,0
1.81723302,0,1
1.81773291,0,0
1.81823261,0,1
1.81873253,0,0
1.81923219,0,1
1.81973212,0,0
1.82023181,0,1
1.82073172,0,0
1.82123135,0,1
1.8217312,0,0
1.82223083,0,1
1.82273069,0,0
1.82323031,0,1
1.82373015,0,0
1.82422976,0,1
1.82472966,0,0
1.82522931,0,1
1.82572923,0,0
1.82622886,0,1
1.82672874,0,0
1.82722833,0,1
1.82772821,0,0
1.82822782,0,1
1.8287277,0,0
1.82922733,0,1
1.82972713,0,0
1.83022671,0,1
1.83072656,0,0
1.83122623,0,1
1.83172612,0,0
1.83222573,0,1
1.83272563,0,0
1.83322526,0,1
1.8337252,0,0
1.83422487,0,1
1.83472474,0,0
1.8352244,0,1
1.83572433,0,0
1.83622401,0,1
1.83672397,0,0
1.83722363,0,1
1.83772352,0,0
1.83822319,0,1
1.83872306,0,0
1.83922264,0,1
1.83972249,0,0
1.84022216,0,1
1.84072204,0,0
1.84122168,0,1
1.84172155,0,0
1.84222118,0,1
1.84272106,0,0
1.84322067,0,1
1.84372051,0,0
1.8442201,0,1
1.84471993,0,0
1.84521952,0,1
1.84571938,0,0
1.84621903,0,1
1.84671894,0,0
1.84721861,0,1
1.84771851,0,0
1.84821814,0,1
1.848718,0,0
1.84921765,0,1
1.84971754,0,0
1.85021722,0,1
1.85071713,0,0
1.8512168,0,1
1.85171671,0,0
1.85221634,0,1
1.85271625,0,0
1.8532159,0,1
1.85371581,0,0
1.85421546,0,1
1.85471536,0,0
1.85521499,0,1
1.85571487,0,0
1.85621454,0,1
1.85671444,0,0
1.85721408,0,1
1.85771395,0,0
1.85821359,0,1
1.85871344,0,0
1.85921308,0,1
1.859713,0,0
1.86021263,0,1
1.86071249,0,0
1.86121214,0,1
1.86171203,0,0
1.86221167,0,1
1.86271157,0,0
1.86321124,0,1
1.86371121,0,0
1.86421089,0,1
1.86471082,0,0
1.86521054,0,1
1.86571048,0,0
1.86621014,0,1
1.86671006,0,0
1.86720974,0,1
1.86770966,0,0
1.86820933,0,1
1.86870926,0,0
1.86920895,0,1
1.86970889,0,0
1.87020859,0,1
1.87070852,0,0
1.87120821,0,1
1.87170811,0,0
1.87220777,0,1
1.87270767,0,0
1.87320729,0,1
1.8737072,0,0
1.87420684,0,1
1.87470673,0,0
1.87520637,0,1
1.8757063,0,0
1.87620593,0,1
1.87670587,0,0
1.87720552,0,1
1.87770546,0,0
1.8782051,0,1
1.87870502,0,0
1.87920468,0,1
1.87970459,0,0
1.88020424,0,1
1.88070414,0,0
1.88120378,0,1
1.88170371,0,0
1.88220341,0,1
1.88270331,0,0
1.88320294,0,1
1.88370285,0,0
1.88420249,0,1
1.8847024,0,0
1.88520203,0,1
1.8857019,0,0
1.8862015,0,1
1.88670138,0,0
1.88720099,0,1
1.88770092,0,0
1.88820058,0,1
1.88870048,0,0
1.88920018,0,1
1.88970008,0,0
1.89019972,0,1
1.89069962,0,0
1.89119928,0,1
1.89169919,0,0
1.89219889,0,1
1.89269883,0,0
1.89319847,0,1
1.89369838,0,0
1.89419805,0,1
1.89469796,0,0
1.89519765,0,1
1.89569759,0,0
1.89619723,0,1
1.89669713,0,0
1.89719677,0,1
1.89769667,0,0
1.89819631,0,1
1.89869621,0,0
1.89919587,0,1
1.89969578,0,0
1.90019544,0,1
1.90069535,0,0
1.90119497,0,1
1.90169484,0,0
1.90219445,0,1
1.90269432,0,0
1.90319398,0,1
1.90369387,0,0
1.90419354,0,1
1.90469344,0,0
1.9051931,0,1
1.90569303,0,0
1.90619269,0,1
1.90669259,0,0
1.90719226,0,1
1.90769219,0,0
1.90819191,0,1
1.90869185,0,0
1.9091915,0,1
1.9096914,0,0
1.91019105,0,1
1.91069097,0,0
1.91119067,0,1
1.9116906,0,0
1.91219026,0,1
1.91269023,0,0
1.9131899,0,1
1.91368984,0,0
1.91418951,0,1
1.91468945,0,0
1.91518915,0,1
1.91568909,0,0
1.91618873,0,1
1.91668869,0,0
1.91718842,0,1
1.91768834,0,0
1.91818804,0,1
1.91868797,0,0
1.9191877,0,1
1.91968762,0,0
1.92018726,0,1
1.92068713,0,0
1.92118681,0,1
1.92168673,0,0
1.9221864,0,1
1.92268632,0,0
1.92318598,0,1
1.92368587,0,0
1.9241855,0,1
1.92468539,0,0
1.92518507,0,1
1.92568497,0,0
1.92618469,0,1
1.92668462,0,0
1.92718434,0,1
1.92768429,0,0
1.92818403,0,1
1.92868401,0,0
1.92918374,0,1
1.92968367,0,0
1.93018337,0,1
1.93068329,0,0
1.93118295,0,1
1.93168289,0,0
1.93218262,0,1
1.93268257,0,0
1.93318229,0,1
1.93368227,0,0
1.93418198,0,1
1.93468192,0,0
1.93518164,0,1
1.93568159,0,0
1.93618125,0,1
1.93668122,0,0
1.93718095,0,1
1.93768092,0,0
1.93818063,0,1
1.93868057,0,0
1.93918028,0,1
1.93968025,0,0
1.94017998,0,1
1.94067991,0,0
1.94117963,0,1
1.9416796,0,0
1.94217935,0,1
1.94267931,0,0
1.94317894,0,1
1.94367891,0,0
1.94417862,0,1
1.94467856,0,0
1.94517827,0,1
1.94567824,0,0
1.94617797,0,1
1.94667791,0,0
1.94717764,0,1
1.9476776,0,0
1.94817731,0,1
1.94867729,0,0
1.94917698,0,1
1.94967696,0,0
1.95017668,0,1
1.95067663,0,0
1.95117633,0,1
1.95167626,0,0
1.95217594,0,1
1.95267587,0,0
1.95317557,0,1
1.95367554,0,0
1.95417524,0,1
1.95467518,0,0
1.95517489,0,1
1.95567482,0,0
1.95617456,0,1
1.95667452,0,0
1.9571742,0,1
1.95767414,0,0
1.95817384,0,1
1.95867378,0,0
1.95917351,0,1
1.95967349,0,0
1.96017321,0,1
1.96067321,0,0
1.96117292,0,1
1.96167289,0,0
1.96217263,0,1
1.96267258,0,0
1.96317226,0,1
1.9636722,0,0
1.96417191,0,1
1.9646719,0,0
1.96517164,0,1
1.96567162,0,0
1.96617134,0,1
1.96667131,0,0
1.96717102,0,1
1.96767095,0,0
1.96817067,0,1
1.96867069,0,0
1.9691704,0,1
1.96967031,0,0
1.97016999,0,1
1.97066995,0,0
1.97116969,0,1
1.97166965,0,0
1.97216932,0,1
1.97266926,0,0
1.97316894,0,1
1.97366887,0,0
1.97416855,0,1
1.97466846,0,0
1.97516815,0,1
1.97566812,0,0
1.97616781,0,1
1.97666778,0,0
1.97716749,0,1
1.97766748,0,0
1.97816719,0,1
1.97866717,0,0
1.97916689,0,1
1.97966689,0,0
1.9801666,0,1
1.9806666,0,0
1.98116634,0,1
1.98166636,0,0
1.98216609,0,1
1.98266607,0,0
1.98316581,0,1
1.98366579,0,0
1.9841655,0,1
1.98466547,0,0
1.9851652,0,1
1.98566518,0,0
1.98616491,0,1
1.98666488,0,0
1.98716464,0,1
1.98766465,0,0
1.98816438,0,1
1.98866436,0,0
1.98916411,0,1
1.98966412,0,0
1.9901639,0,1
1.99066393,0,0
1.99116371,0,1
1.99166375,0,0
1.9921635,0,1
1.99266347,0,0
1.99316324,0,1
1.99366321,0,0
1.99416297,0,1
1.99466298,0,0
1.99516275,0,1
1.99566277,0,0
1.99616253,0,1
1.99666255,0,0
1.99716235,0,1
1.99766237,0,0
1.99816211,0,1
1.99866207,0,0
1.99916183,0,1
1.99966185,0,0
2.0001616,0,1
2.0006616,0,0
2.00116132,0,1
2.00166128,0,0
2.002161,0,1
2.00266097,0,0
2.0031607,0,1
2.00366071,0,0
2.00416049,0,1
2.00466048,0,0
2.0051602,0,1
2.00566019,0,0
2.00615989,0,1
2.00665984,0,0
2.00715956,0,1
2.00765953,0,0
2.00815928,0,1
2.00865928,0,0
2.00915904,0,1
2.00965906,0,0
2.01015883,0,1
2.01065885,0,0
2.01115864,0,1
2.01165868,0,0
2.01215846,0,1
2.01265853,0,0
2.01315833,0,1
2.01365838,0,0
2.01415819,0,1
2.0146582,0,0
2.01515795,0,1
2.01565795,0,0
2.01615772,0,1
2.01665772,0,0
2.01715747,0,1
2.01765749,0,0
2.01815727,0,1
2.01865728,0,0
2.01915705,0,1
2.01965708,0,0
2.02015688,0,1
2.02065691,0,0
2.02115672,0,1
2.02165675,0,0
2.02215652,0,1
2.02265656,0,0
2.02315634,0,1
2.02365639,0,0
2.02415615,0,1
2.02465615,0,0
2.02515593,0,1
2.02565592,0,0
2.02615566,0,1
2.02665566,0,0
2.02715547,0,1
2.02765549,0,0
2.02815525,0,1
2.02865527,0,0
2.02915501,0,1
2.02965498,0,0
2.03015474,0,1
2.03065471,0,0
2.03115444,0,1
2.03165442,0,0
2.03215414,0,1
2.03265414,0,0
2.0331539,0,1
2.0336539,0,0
2.03415368,0,1
2.03465369,0,0
2.03515344,0,1
2.03565346,0,0
2.03615322,0,1
2.03665324,0,0
2.03715306,0,1
2.03765312,0,0
2.03815292,0,1
2.038653,0,0
2.03915282,0,1
2.03965289,0,0
2.04015269,0,1
2.04065274,0,0
2.04115255,0,1
2.04165255,0,0
2.04215234,0,1
2.04265239,0,0
2.04315213,0,1
2.04365212,0,0
2.04415184,0,1
2.04465184,0,0
2.04515158,0,1
2.04565163,0,0
2.04615143,0,1
2.04665149,0,0
2.04715127,0,1
2.04765134,0,0
2.04815117,0,1
2.04865121,0,0
2.04915102,0,1
2.04965103,0,0
2.05015083,0,1
2.05065085,0,0
2.05115066,0,1
2.0516507,0,0
2.05215046,0,1
2.05265047,0,0
2.05315024,0,1
2.05365027,0,0
2.05415004,0,1
2.05465005,0,0
2.05514984,0,1
2.05564987,0,0
2.05614967,0,1
2.05664973,0,0
2.05714952,0,1
2.05764953,0,0
2.05814933,0,1
2.05864937,0,0
2.05914916,0,1
2.0596492,0,0
2.06014903,0,1
2.06064908,0,0
2.06114892,0,1
2.061649,0,0
2.06214881,0,1
2.06264885,0,0
2.06314864,0,1
2.06364867,0,0
2.06414847,0,1
2.06464848,0,0
2.06514828,0,1
2.0656483,0,0
2.06614808,0,1
2.06664812,0,0
2.06714792,0,1
2.06764795,0,0
2.06814771,0,1
2.0686477,0,0
2.06914748,0,1
2.06964748,0,0
2.07014723,0,1
2.07064721,0,0
2.07114696,0,1
2.07164695,0,0
2.07214667,0,1
2.0726467,0,0
2.07314645,0,1
2.07364647,0,0
2.07414625,0,1
2.07464625,0,0
2.07514603,0,1
2.07564606,0,0
2.07614581,0,1
2.07664584,0,0
2.07714562,0,1
2.07764564,0,0
2.07814542,0,1
2.07864542,0,0
2.07914519,0,1
2.07964521,0,0
2.08014497,0,1
2.08064498,0,0
2.08114472,0,1
2.08164472,0,0
2.08214452,0,1
2.08264455,0,0
2.08314438,0,1
2.08364442,0,0
2.08414425,0,1
2.08464429,0,0
2.08514409,0,1
2.08564409,0,0
2.08614385,0,1
2.08664384,0,0
2.0871436,0,1
2.08764365,0,0
2.08814344,0,1
2.08864348,0,0
2.08914327,0,1
2.08964331,0,0
2.0901431,0,1
2.09064311,0,0
2.09114289,0,1
2.0916429,0,0
2.09214265,0,1
2.09264265,0,0
2.09314244,0,1
2.09364245,0,0
2.09414219,0,1
2.09464214,0,0
2.09514193,0,1
2.09564194,0,0
2.09614167,0,1
2.09664169,0,0
2.09714145,0,1
2.09764142,0,0
2.09814117,0,1
2.09864115,0,0
2.09914093,0,1
2.09964092,0,0
2.10014067,0,1
2.10064065,0,0
2.1011404,0,1
2.1016404,0,0
2.10214015,0,1
2.10264017,0,0
2.10313995,0,1
2.10363996,0,0
2.10413971,0,1
2.10463969,0,0
2.10513942,0,1
2.10563946,0,0
2.10613921,0,1
2.10663921,0,0
2.10713896,0,1
2.10763899,0,0
2.10813871,0,1
2.10863871,0,0
2.10913847,0,1
2.10963852,0,0
2.11013825,0,1
2.11063827,0,0
2.11113803,0,1
2.11163805,0,0
2.11213782,0,1
2.11263778,0,0
2.11313752,0,1
2.11363751,0,0
2.11413725,0,1
2.11463721,0,0
2.11513696,0,1
2.11563695,0,0
2.11613667,0,1
2.11663664,0,0
2.11713635,0,1
2.11763636,0,0
2.11813614,0,1
2.11863613,0,0
2.11913588,0,1
2.11963588,0,0
2.12013563,0,1
2.12063565,0,0
2.12113541,0,1
2.12163541,0,0
2.12213518,0,1
2.1226352,0,0
2.12313493,0,1
2.12363494,0,0
2.12413473,0,1
2.12463475,0,0
2.12513451,0,1
2.12563448,0,0
2.12613422,0,1
2.1266342,0,0
2.12713396,0,1
2.12763395,0,0
2.12813373,0,1
2.12863373,0,0
2.12913346,0,1
2.12963347,0,0
2.13013321,0,1
2.13063319,0,0
2.13113293,0,1
2.13163291,0,0
2.13213266,0,1
2.13263265,0,0
2.13313235,0,1
2.13363235,0,0
2.13413208,0,1
2.13463203,0,0
2.13513177,0,1
2.13563179,0,0
2.13613151,0,1
2.13663153,0,0
2.13713128,0,1
2.13763129,0,0
2.13813104,0,1
2.13863103,0,0
2.13913079,0,1
2.1396308,0,0
2.14013054,0,1
2.14063055,0,0
2.14113035,0,1
2.14163035,0,0
2.14213014,0,1
2.14263019,0,0
2.14312993,0,1
2.14362996,0,0
2.14412973,0,1
2.14462973,0,0
2.14512949,0,1
2.1456295,0,0
2.14612923,0,1
2.14662921,0,0
2.14712898,0,1
2.14762899,0,0
2.14812877,0,1
2.14862879,0,0
2.14912854,0,1
2.14962853,0,0
2.15012828,0,1
2.15062827,0,0
2.15112799,0,1
2.15162794,0,0
2.15212772,0,1
2.15262777,0,0
2.15312755,0,1
2.15362755,0,0
2.1541273,0,1
2.15462728,0,0
2.15512699,0,1
2.15562695,0,0
2.15612668,0,1
2.15662663,0,0
2.15712637,0,1
2.15762632,0,0
2.15812601,0,1
2.15862598,0,0
2.15912573,0,1
2.1596257,0,0
2.1601254,0,1
2.16062537,0,0
2.1611251,0,1
2.16162507,0,0
2.16212478,0,1
2.16262478,0,0
2.16312454,0,1
2.16362453,0,0
2.16412425,0,1
2.1646242,0,0
2.16512393,0,1
2.16562391,0,0
2.16612368,0,1
2.16662372,0,0
2.1671235,0,1
2.16762351,0,0
2.16812322,0,1
2.16862321,0,0
2.16912296,0,1
2.16962293,0,0
2.17012266,0,1
2.17062266,0,0
2.17112242,0,1
2.17162244,0,0
2.17212221,0,1
2.17262223,0,0
2.17312198,0,1
2.17362199,0,0
2.17412174,0,1
2.17462174,0,0
2.1751215,0,1
2.17562153,0,0
2.17612128,0,1
2.17662127,0,0
2.17712098,0,1
2.17762098,0,0
2.17812074,0,1
2.17862073,0,0
2.1791205,0,1
2.1796205,0,0
2.18012026,0,1
2.18062024,0,0
2.18112,0,1
2.18162001,0,0
2.18211977,0,1
2.18261976,0,0
2.18311951,0,1
2.18361952,0,0
2.18411929,0,1
2.1846193,0,0
2.18511904,0,1
2.18561905,0,0
2.18611877,0,1
2.18661873,0,0
2.18711843,0,1
2.18761836,0,0
2.18811805,0,1
2.18861801,0,0
2.18911773,0,1
2.1896177,0,0
2.1901174,0,1
2.19061737,0,0
2.19111705,0,1
2.19161697,0,0
2.19211665,0,1
2.19261656,0,0
2.19311625,0,1
2.19361619,0,0
2.19411592,0,1
2.19461592,0,0
2.19511564,0,1
2.19561557,0,0
2.19611525,0,1
2.19661519,0,0
2.1971149,0,1
2.19761484,0,0
2.19811455,0,1
2.19861448,0,0
2.19911415,0,1
2.19961408,0,0
2.20011379,0,1
2.20061371,0,0
2.20111339,0,1
2.20161334,0,0
2.20211305,0,1
2.202613,0,0
2.20311269,0,1
2.20361263,0,0
2.20411231,0,1
2.20461224,0,0
2.20511195,0,1
2.20561191,0,0
2.20611163,0,1
2.20661156,0,0
2.20711123,0,1
2.20761116,0,0
2.20811082,0,1
2.20861078,0,0
2.20911047,0,1
2.20961044,0,0
2.21011014,0,1
2.21061008,0,0
2.21110975,0,1
2.21160967,0,0
2.21210933,0,1
2.21260923,0,0
2.21310887,0,1
2.2136088,0,0
2.21410847,0,1
2.2146084,0,0
2.21510809,0,1
2.21560799,0,0
2.21610766,0,1
2.2166076,0,0
2.21710729,0,1
2.2176072,0,0
2.21810688,0,1
2.21860681,0,0
2.21910647,0,1
2.2196064,0,0
2.22010609,0,1
2.220606,0,0
2.22110569,0,1
2.22160563,0,0
2.22210532,0,1
2.22260523,0,0
2.22310488,0,1
2.22360478,0,0
2.22410444,0,1
2.22460432,0,0
2.22510396,0,1
2.22560383,0,0
2.22610353,0,1
2.22660345,0,0
2.22710309,0,1
2.227603,0,0
2.22810267,0,1
2.22860261,0,0
2.2291023,0,1
2.22960224,0,0
2.23010193,0,1
2.23060187,0,0
2.23110159,0,1
2.23160153,0,0
2.23210123,0,1
2.23260119,0,0
2.23310086,0,1
2.23360078,0,0
2.23410048,0,1
2.23460039,0,0
2.23510006,0,1
2.23559993,0,0
2.2360995,0,1
2.23659936,0,0
2.23709899,0,1
2.23759892,0,0
2.23809861,0,1
2.23859851,0,0
2.23909814,0,1
2.23959802,0,0
2.24009768,0,1
2.24059753,0,0
2.24109714,0,1
2.24159702,0,0
2.24209664,0,1
2.24259653,0,0
2.24309614,0,1
2.24359601,0,0
2.24409565,0,1
2.24459558,0,0
2.24509525,0,1
2.24559519,0,0
2.24609487,0,1
2.24659482,0,0
2.24709452,0,1
2.24759446,0,0
2.24809414,0,1
2.24859409,0,0
2.24909377,0,1
2.24959369,0,0
2.25009337,0,1
2.2505933,0,0
2.25109299,0,1
2.25159291,0,0
2.25209259,0,1
2.25259254,0,0
2.25309222,0,1
2.2535922,0,0
2.25409191,0,1
2.2545919,0,0
2.25509163,0,1
2.2555916,0,0
2.25609132,0,1
2.25659129,0,0
2.25709098,0,1
2.2575909,0,0
2.2580906,0,1
2.25859057,0,0
2.25909027,0,1
2.25959021,0,0
2.26008988,0,1
2.26058979,0,0
2.26108945,0,1
2.26158938,0,0
2.26208905,0,1
2.26258899,0,0
2.26308869,0,1
2.26358859,0,0
2.26408828,0,1
2.26458825,0,0
2.26508794,0,1
2.26558785,0,0
2.26608755,0,1
2.26658742,0,0
2.26708708,0,1
2.26758707,0,0
2.26808678,0,1
2.26858673,0,0
2.2690864,0,1
2.26958633,0,0
2.27008602,0,1
2.27058594,0,0
2.27108558,0,1
2.27158548,0,0
2.27208513,0,1
2.27258506,0,0
2.2730847,0,1
2.2735846,0,0
2.27408427,0,1
2.27458415,0,0
2.27508379,0,1
2.27558369,0,0
2.27608333,0,1
2.27658323,0,0
2.27708289,0,1
2.2775828,0,0
2.27808248,0,1
2.2785824,0,0
2.27908209,0,1
2.27958202,0,0
2.2800817,0,1
2.28058159,0,0
2.28108128,0,1
2.28158115,0,0
2.2820808,0,1
2.28258072,0,0
2.28308038,0,1
2.28358028,0,0
2.28407996,0,1
2.28457989,0,0
2.28507955,0,1
2.2855795,0,0
2.28607921,0,1
2.28657917,0,0
2.28707885,0,1
2.28757884,0,0
2.28807858,0,1
2.28857853,0,0
2.28907823,0,1
2.28957819,0,0
2.29007787,0,1
2.29057781,0,0
2.2910775,0,1
2.2915775,0,0
2.29207725,0,1
2.29257726,0,0
2.293077,0,1
2.29357699,0,0
2.29407673,0,1
2.2945767,0,0
2.29507642,0,1
2.29557639,0,0
2.2960761,0,1
2.29657604,0,0
2.29707572,0,1
2.29757568,0,0
2.29807538,0,1
2.29857532,0,0
2.29907503,0,1
2.29957497,0,0
2.30007464,0,1
2.30057455,0,0
2.3010742,0,1
2.30157413,0,0
2.30207379,0,1
2.30257373,0,0
2.30307337,0,1
2.30357329,0,0
2.30407295,0,1
2.30457291,0,0
2.30507262,0,1
2.30557258,0,0
2.30607228,0,1
2.30657219,0,0
2.30707187,0,1
2.30757181,0,0
2.3080715,0,1
2.30857142,0,0
2.30907112,0,1
2.30957108,0,0
2.31007081,0,1
2.31057079,0,0
2.31107052,0,1
2.31157053,0,0
2.31207025,0,1
2.3125702,0,0
2.31306992,0,1
2.3135699,0,0
2.31406966,0,1
2.31456965,0,0
2.31506942,0,1
2.31556939,0,0
2.3160691,0,1
2.3165691,0,0
2.31706884,0,1
2.31756877,0,0
2.31806844,0,1
2.31856834,0,0
2.31906802,0,1
2.31956795,0,0
2.32006767,0,1
2.32056763,0,0
2.32106736,0,1
2.32156731,0,0
2.322067,0,1
2.32256698,0,0
2.32306666,0,1
2.32356661,0,0
2.32406632,0,1
2.32456632,0,0
2.32506603,0,1
2.32556601,0,0
2.32606575,0,1
2.3265657,0,0
2.32706539,0,1
2.32756531,0,0
2.32806499,0,1
2.32856493,0,0
2.32906464,0,1
2.32956461,0,0
2.33006427,0,1
2.3305642,0,0
2.33106389,0,1
2.33156386,0,0
2.33206354,0,1
2.3325635,0,0
2.33306322,0,1
2.3335632,0,0
2.33406291,0,1
2.33456286,0,0
2.33506258,0,1
2.33556254,0,0
2.33606227,0,1
2.33656223,0,0
2.33706194,0,1
2.3375619,0,0
2.33806159,0,1
2.33856152,0,0
2.33906121,0,1
2.33956117,0,0
2.34006088,0,1
2.34056084,0,0
2.34106053,0,1
2.34156046,0,0
2.34206015,0,1
2.34256007,0,0
2.3430598,0,1
2.34355975,0,0
2.34405945,0,1
2.34455939,0,0
2.34505915,0,1
2.34555912,0,0
2.34605882,0,1
2.34655876,0,0
2.34705845,0,1
2.3475584,0,0
2.34805811,0,1
2.34855808,0,0
2.34905778,0,1
2.34955778,0,0
2.35005755,0,1
2.35055757,0,0
2.35105734,0,1
2.35155732,0,0
2.35205707,0,1
2.35255706,0,0
2.35305682,0,1
2.35355685,0,0
2.3540566,0,1
2.35455659,0,0
2.35505637,0,1
2.35555639,0,0
2.35605617,0,1
2.35655615,0,0
2.35705583,0,1
2.35755578,0,0
2.35805547,0,1
2.35855542,0,0
2.35905514,0,1
2.35955509,0,0
2.36005482,0,1
2.36055478,0,0
2.36105446,0,1
2.36155443,0,0
2.36205414,0,1
2.36255409,0,0
2.36305377,0,1
2.36355369,0,0
2.36405336,0,1
2.36455332,0,0
2.36505304,0,1
2.36555303,0,0
2.36605277,0,1
2.36655273,0,0
2.3670525,0,1
2.36755252,0,0
2.36805228,0,1
2.36855224,0,0
2.369052,0,1
2.36955196,0,0
2.37005167,0,1
2.37055165,0,0
2.37105135,0,1
2.3715513,0,0
2.37205107,0,1
2.37255105,0,0
2.37305078,0,1
2.37355073,0,0
2.37405049,0,1
2.37455045,0,0
2.37505018,0,1
2.37555016,0,0
2.37604988,0,1
2.37654985,0,0
2.37704958,0,1
2.3775496,0,0
2.37804938,0,1
2.37854943,0,0
2.37904916,0,1
2.37954915,0,0
2.38004886,0,1
2.38054883,0,0
2.38104854,0,1
2.38154851,0,0
2.38204822,0,1
2.38254821,0,0
2.38304791,0,1
2.38354786,0,0
2.3840476,0,1
2.38454758,0,0
2.38504729,0,1
2.38554728,0,0
2.38604701,0,1
2.38654698,0,0
2.38704671,0,1
2.38754665,0,0
2.38804637,0,1
2.38854633,0,0
2.38904606,0,1
2.38954605,0,0
2.39004581,0,1
2.3905458,0,0
2.39104553,0,1
2.39154552,0,0
2.39204523,0,1
2.39254522,0,0
2.39304496,0,1
2.39354494,0,0
2.39404467,0,1
2.39454467,0,0
2.39504436,0,1
2.39554435,0,0
2.3960441,0,1
2.39654408,0,0
2.39704383,0,1
2.39754381,0,0
2.39804354,0,1
2.39854355,0,0
2.39904329,0,1
2.39954333,0,0
2.40004311,0,1
2.40054308,0,0
2.4010428,0,1
2.40154281,0,0
2.40204256,0,1
2.40254257,0,0
2.40304234,0,1
2.40354237,0,0
2.40404212,0,1
2.40454214,0,0
2.40504187,0,1
2.40554187,0,0
2.40604161,0,1
2.40654159,0,0
2.40704133,0,1
2.4075413,0,0
2.40804101,0,1
2.408541,0,0
2.40904072,0,1
2.40954069,0,0
2.41004042,0,1
2.41054038,0,0
2.41104009,0,1
2.41153998,0,0
2.41203969,0,1
2.41253967,0,0
2.41303937,0,1
2.41353933,0,0
2.414039,0,1
2.41453894,0,0
2.41503867,0,1
2.41553863,0,0
2.4160383,0,1
2.41653827,0,0
2.41703797,0,1
2.41753792,0,0
2.41803761,0,1
2.41853754,0,0
2.41903724,0,1
2.41953718,0,0
2.42003687,0,1
2.42053679,0,0
2.42103646,0,1
2.4215364,0,0
2.42203611,0,1
2.42253608,0,0
2.42303579,0,1
2.42353574,0,0
2.42403544,0,1
2.42453541,0,0
2.4250351,0,1
2.42553509,0,0
2.4260348,0,1
2.42653472,0,0
2.4270344,0,1
2.42753431,0,0
2.42803399,0,1
2.42853389,0,0
2.42903358,0,1
2.42953353,0,0
2.43003323,0,1
2.43053322,0,0
2.43103293,0,1
2.43153288,0,0
2.43203259,0,1
2.43253252,0,0
2.43303222,0,1
2.43353218,0,0
2.43403189,0,1
2.43453186,0,0
2.43503156,0,1
2.43553156,0,0
2.43603128,0,1
2.43653123,0,0
2.4370309,0,1
2.43753082,0,0
2.43803051,0,1
2.43853046,0,0
2.43903011,0,1
2.43953003,0,0
2.44002969,0,1
2.44052962,0,0
2.44102929,0,1
2.44152922,0,0
2.44202892,0,1
2.44252884,0,0
2.44302855,0,1
2.44352848,0,0
2.44402812,0,1
2.44452806,0,0
2.44502778,0,1
2.44552774,0,0
2.44602747,0,1
2.44652743,0,0
2.44702715,0,1
2.4475271,0,0
2.44802682,0,1
2.44852679,0,0
2.44902654,0,1
2.44952651,0,0
2.45002623,0,1
2.4505262,0,0
2.45102592,0,1
2.45152588,0,0
2.4520256,0,1
2.4525256,0,0
2.45302536,0,1
2.45352535,0,0
2.45402506,0,1
2.45452505,0,0
2.4550248,0,1
2.45552478,0,0
2.45602451,0,1
2.45652447,0,0
2.45702421,0,1
2.45752418,0,0
2.45802389,0,1
2.45852385,0,0
2.45902354,0,1
2.45952349,0,0
2.4600232,0,1
2.46052315,0,0
2.46102285,0,1
2.46152279,0,0
2.46202254,0,1
2.46252251,0,0
2.46302222,0,1
2.46352219,0,0
2.4640219,0,1
2.46452187,0,0
2.46502157,0,1
2.46552153,0,0
2.46602126,0,1
2.46652123,0,0
2.46702094,0,1
2.46752089,0,0
2.46802065,0,1
2.46852063,0,0
2.46902032,0,1
2.46952034,0,0
2.47002009,0,1
2.47052007,0,0
2.47101982,0,1
2.47151979,0,0
2.47201945,0,1
2.47251936,0,0
2.47301902,0,1
2.47351891,0,0
2.47401852,0,1
2.47451841,0,0
2.47501816,0,1
2.47551812,0,0
2.47601781,0,1
2.47651775,0,0
2.47701744,0,1
2.4775174,0,0
2.47801711,0,1
2.47851705,0,0
2.47901679,0,1
2.47951677,0,0
2.4800165,0,1
2.48051644,0,0
2.48101618,0,1
2.48151617,0,0
2.48201598,0,1
2.48251598,0,0
2.4830157,0,1
2.48351563,0,0
2.48401531,0,1
2.48451525,0,0
2.48501493,0,1
2.48551484,0,0
2.48601451,0,1
2.48651442,0,0
2.48701409,0,1
2.48751401,0,0
2.48801368,0,1
2.48851363,0,0
2.48901332,0,1
2.48951326,0,0
2.49001291,0,1
2.49051286,0,0
2.49101256,0,1
2.49151251,0,0
2.49201218,0,1
2.49251213,0,0
2.49301185,0,1
2.49351176,0,0
2.49401147,0,1
2.49451143,0,0
2.49501113,0,1
2.49551109,0,0
2.4960108,0,1
2.49651073,0,0
2.49701047,0,1
2.49751046,0,0
2.4980102,0,1
2.49851022,0,0
2.49900997,0,1
2.49950997,0,0
2.50000969,0,1
2.50050967,0,0
2.50100938,0,1
2.50150937,0,0
2.50200911,0,1
2.50250904,0,0
2.50300872,0,1
2.50350865,0,0
2.50400837,0,1
2.50450832,0,0
2.50500803,0,1
2.50550796,0,0
2.50600766,0,1
2.50650761,0,0
2.50700732,0,1
2.50750728,0,0
2.508007,0,1
2.50850698,0,0
2.50900669,0,1
2.50950661,0,0
2.51000629,0,1
2.51050621,0,0
2.51100594,0,1
2.51150588,0,0
2.51200559,0,1
2.51250557,0,0
2.51300532,0,1
2.51350532,0,0
2.51400509,0,1
2.51450505,0,0
2.51500477,0,1
2.51550478,0,0
2.51600449,0,1
2.51650443,0,0
2.51700412,0,1
2.51750407,0,0
2.51800383,0,1
2.51850385,0,0
2.51900361,0,1
2.51950361,0,0
2.52000334,0,1
2.52050331,0,0
2.52100303,0,1
2.52150297,0,0
2.52200266,0,1
2.52250261,0,0
2.52300229,0,1
2.52350224,0,0
2.52400194,0,1
2.5245019,0,0
2.52500159,0,1
2.52550152,0,0
2.52600121,0,1
2.52650115,0,0
2.52700086,0,1
2.52750077,0,0
2.52800043,0,1
2.52850041,0,0
2.52900013,0,1
2.52950007,0,0
2.52999977,0,1
2.5304997,0,0
2.53099941,0,1
2.53149937,0,0
2.53199904,0,1
2.5324989,0,0
2.53299853,0,1
2.53349843,0,0
2.53399816,0,1
2.53449811,0,0
2.53499783,0,1
2.53549777,0,0
2.53599746,0,1
2.53649741,0,0
2.53699711,0,1
2.53749704,0,0
2.53799675,0,1
2.5384967,0,0
2.53899641,0,1
2.53949639,0,0
2.53999611,0,1
2.54049605,0,0
2.54099577,0,1
2.54149575,0,0
2.54199542,0,1
2.54249537,0,0
2.54299507,0,1
2.54349501,0,0
2.54399471,0,1
2.54449469,0,0
2.54499437,0,1
2.54549432,0,0
2.54599399,0,1
2.54649391,0,0
2.54699359,0,1
2.54749348,0,0
2.54799311,0,1
2.54849302,0,0
2.5489927,0,1
2.54949262,0,0
2.54999234,0,1
2.55049227,0,0
2.55099198,0,1
2.55149193,0,0
2.5519916,0,1
2.55249155,0,0
2.55299125,0,1
2.55349123,0,0
2.55399095,0,1
2.55449094,0,0
2.55499064,0,1
2.55549061,0,0
2.55599035,0,1
2.55649034,0,0
2.55699005,0,1
2.55749,0,0
2.5579897,0,1
2.55848965,0,0
2.55898934,0,1
2.55948926,0,0
2.55998892,0,1
2.56048886,0,0
2.56098854,0,1
2.56148849,0,0
2.56198818,0,1
2.56248808,0,0
2.56298778,0,1
2.56348771,0,0
2.56398739,0,1
2.56448736,0,0
2.56498712,0,1
2.5654871,0,0
2.56598681,0,1
2.56648677,0,0
2.56698648,0,1
2.56748644,0,0
2.56798619,0,1
2.56848619,0,0
2.56898592,0,1
2.56948591,0,0
2.56998563,0,1
2.57048561,0,0
2.57098527,0,1
2.57148521,0,0
2.57198485,0,1
2.57248473,0,0
2.57298441,0,1
2.57348438,0,0
2.5739841,0,1
2.57448407,0,0
2.57498382,0,1
2.57548378,0,0
2.57598346,0,1
2.57648341,0,0
2.5769831,0,1
2.57748312,0,0
2.57798287,0,1
2.57848287,0,0
2.57898259,0,1
2.57948258,0,0
2.57998229,0,1
2.58048223,0,0
2.58098196,0,1
2.58148196,0,0
2.58198167,0,1
2.58248162,0,0
2.58298134,0,1
2.58348129,0,0
2.58398103,0,1
2.58448106,0,0
2.58498081,0,1
2.58548082,0,0
2.5859806,0,1
2.58648059,0,0
2.58698034,0,1
2.58748034,0,0
2.58798008,0,1
2.58848008,0,0
2.58897987,0,1
2.58947991,0,0
2.58997966,0,1
2.59047967,0,0
2.59097942,0,1
2.5914794,0,0
2.59197917,0,1
2.59247914,0,0
2.59297891,0,1
2.59347888,0,0
2.59397861,0,1
2.59447862,0,0
2.59497839,0,1
2.59547839,0,0
2.59597813,0,1
2.59647813,0,0
2.59697789,0,1
2.59747791,0,0
2.59797767,0,1
2.59847768,0,0
2.59897738,0,1
2.5994773,0,0
2.59997695,0,1
2.60047686,0,0
2.60097656,0,1
2.6014765,0,0
2.60197618,0,1
2.60247612,0,0
2.6029758,0,1
2.60347577,0,0
2.60397549,0,1
2.60447546,0,0
2.60497517,0,1
2.60547516,0,0
2.60597487,0,1
2.60647483,0,0
2.60697456,0,1
2.60747452,0,0
2.60797424,0,1
2.6084742,0,0
2.60897392,0,1
2.60947388,0,0
2.60997361,0,1
2.61047358,0,0
2.6109733,0,1
2.61147326,0,0
2.61197297,0,1
2.61247293,0,0
2.61297263,0,1
2.61347262,0,0
2.61397236,0,1
2.61447238,0,0
2.61497213,0,1
2.61547209,0,0
2.61597181,0,1
2.61647181,0,0
2.61697158,0,1
2.61747157,0,0
2.6179713,0,1
2.61847127,0,0
2.61897099,0,1
2.61947098,0,0
2.6199707,0,1
2.62047068,0,0
2.62097038,0,1
2.62147036,0,0
2.62197006,0,1
2.62246999,0,0
2.62296969,0,1
2.62346961,0,0
2.62396934,0,1
2.62446929,0,0
2.62496902,0,1
2.62546898,0,0
2.62596871,0,1
2.62646871,0,0
2.62696846,0,1
2.62746844,0,0
2.62796822,0,1
2.62846825,0,0
2.62896799,0,1
2.62946796,0,0
2.62996768,0,1
2.63046766,0,0
2.63096742,0,1
2.63146737,0,0
2.63196708,0,1
2.63246703,0,0
2.63296677,0,1
2.63346674,0,0
2.63396641,0,1
2.63446637,0,0
2.63496606,0,1
2.63546601,0,0
2.63596569,0,1
2.63646563,0,0
2.63696532,0,1
2.63746531,0,0
2.63796504,0,1
2.63846501,0,0
2.63896472,0,1
2.63946467,0,0
2.63996441,0,1
2.64046441,0,0
2.64096413,0,1
2.64146412,0,0
2.64196381,0,1
2.64246373,0,0
2.64296342,0,1
2.64346337,0,0
2.64396305,0,1
2.64446296,0,0
2.64496263,0,1
2.64546257,0,0
2.64596226,0,1
2.64646222,0,0
2.64696191,0,1
2.64746186,0,0
2.64796158,0,1
2.64846156,0,0
2.64896128,0,1
2.64946128,0,0
2.64996098,0,1
2.65046094,0,0
2.65096065,0,1
2.6514606,0,0
2.65196033,0,1
2.65246034,0,0
2.65296003,0,1
2.65345994,0,0
2.65395959,0,1
2.65445952,0,0
2.65495922,0,1
2.6554592,0,0
2.6559589,0,1
2.65645885,0,0
2.65695852,0,1
2.65745847,0,0
2.65795817,0,1
2.65845813,0,0
2.65895785,0,1
2.65945782,0,0
2.65995757,0,1
2.66045757,0,0
2.66095731,0,1
2.66145733,0,0
2.66195709,0,1
2.66245711,0,0
2.66295685,0,1
2.6634569,0,0
2.66395669,0,1
2.66445672,0,0
2.6649565,0,1
2.6654565,0,0
2.66595626,0,1
2.66645624,0,0
2.66695599,0,1
2.66745601,0,0
2.66795575,0,1
2.66845573,0,0
2.66895547,0,1
2.66945546,0,0
2.6699552,0,1
2.67045519,0,0
2.67095494,0,1
2.67145494,0,0
2.67195469,0,1
2.67245469,0,0
2.67295443,0,1
2.67345441,0,0
2.67395414,0,1
2.67445412,0,0
2.67495384,0,1
2.67545381,0,0
2.67595355,0,1
2.67645354,0,0
2.67695328,0,1
2.67745328,0,0
2.67795303,0,1
2.67845299,0,0
2.67895274,0,1
2.67945275,0,0
2.67995248,0,1
2.68045249,0,0
2.68095218,0,1
2.68145217,0,0
2.6819519,0,1
2.68245192,0,0
2.68295169,0,1
2.68345168,0,0
2.68395143,0,1
2.68445144,0,0
2.6849512,0,1
2.68545122,0,0
2.68595101,0,1
2.68645107,0,0
2.68695088,0,1
2.68745087,0,0
2.68795065,0,1
2.68845066,0,0
2.68895041,0,1
2.68945042,0,0
2.6899502,0,1
2.69045019,0,0
2.69094996,0,1
2.69144998,0,0
2.69194977,0,1
2.6924498,0,0
2.69294962,0,1
2.69344965,0,0
2.69394942,0,1
2.69444944,0,0
2.6949492,0,1
2.69544923,0,0
2.69594903,0,1
2.6964491,0,0
2.69694886,0,1
2.69744884,0,0
2.69794854,0,1
2.69844853,0,0
2.6989483,0,1
2.6994483,0,0
2.69994806,0,1
2.70044805,0,0
2.70094779,0,1
2.70144777,0,0
2.7019475,0,1
2.70244744,0,0
2.70294715,0,1
2.70344712,0,0
2.70394686,0,1
2.70444683,0,0
2.70494658,0,1
2.70544658,0,0
2.70594633,0,1
2.70644636,0,0
2.70694614,0,1
2.70744616,0,0
2.70794592,0,1
2.70844595,0,0
2.7089457,0,1
2.70944572,0,0
2.7099455,0,1
2.71044553,0,0
2.71094527,0,1
2.7114453,0,0
2.71194502,0,1
2.71244501,0,0
2.7129448,0,1
2.71344481,0,0
2.71394459,0,1
2.71444458,0,0
2.71494434,0,1
2.71544436,0,0
2.71594416,0,1
2.71644415,0,0
2.71694392,0,1
2.71744393,0,0
2.71794368,0,1
2.71844371,0,0
2.71894351,0,1
2.71944353,0,0
2.71994334,0,1
2.72044336,0,0
2.72094315,0,1
2.72144318,0,0
2.72194297,0,1
2.72244298,0,0
2.72294275,0,1
2.72344276,0,0
2.72394255,0,1
2.7244426,0,0
2.72494237,0,1
2.72544241,0,0
2.7259422,0,1
2.72644224,0,0
2.72694202,0,1
2.72744204,0,0
2.72794176,0,1
2.72844177,0,0
2.72894157,0,1
2.72944165,0,0
2.72994145,0,1
2.73044151,0,0
2.73094129,0,1
2.73144135,0,0
2.73194116,0,1
2.73244121,0,0
2.73294104,0,1
2.73344107,0,0
2.73394086,0,1
2.73444086,0,0
2.7349406,0,1
2.73544055,0,0
2.73594028,0,1
2.73644029,0,0
2.73694006,0,1
2.73744007,0,0
2.73793987,0,1
2.7384399,0,0
2.73893968,0,1
2.73943974,0,0
2.73993957,0,1
2.7404396,0,0
2.7409394,0,1
2.74143943,0,0
2.74193919,0,1
2.7424392,0,0
2.74293897,0,1
2.74343897,0,0
2.74393877,0,1
2.74443882,0,0
2.7449386,0,1
2.74543859,0,0
2.74593831,0,1
2.74643828,0,0
2.74693798,0,1
2.74743791,0,0
2.74793766,0,1
2.74843769,0,0
2.74893738,0,1
2.7494374,0,0
2.7499372,0,1
2.75043719,0,0
2.75093697,0,1
2.75143697,0,0
2.75193671,0,1
2.75243668,0,0
2.75293633,0,1
2.75343628,0,0
2.75393598,0,1
2.75443592,0,0
2.75493561,0,1
2.75543561,0,0
2.75593536,0,1
2.75643534,0,0
2.7569351,0,1
2.75743508,0,0
2.75793485,0,1
2.75843488,0,0
2.75893467,0,1
2.75943465,0,0
2.7599344,0,1
2.76043439,0,0
2.76093412,0,1
2.76143411,0,0
2.76193388,0,1
2.76243388,0,0
2.76293367,0,1
2.76343372,0,0
2.76393351,0,1
2.76443358,0,0
2.76493343,0,1
2.7654335,0,0
2.76593326,0,1
2.76643331,0,0
2.76693306,0,1
2.76743305,0,0
2.76793283,0,1
2.76843282,0,0
2.76893256,0,1
2.76943258,0,0
2.76993237,0,1
2.77043236,0,0
2.77093209,0,1
2.77143207,0,0
2.77193183,0,1
2.77243183,0,0
2.77293159,0,1
2.77343158,0,0
2.77393132,0,1
2.77443134,0,0
2.77493114,0,1
2.77543113,0,0
2.77593084,0,1
2.77643082,0,0
2.77693061,0,1
2.77743061,0,0
2.77793039,0,1
2.7784304,0,0
2.77893014,0,1
2.77943015,0,0
2.77992991,0,1
2.78042994,0,0
2.7809297,0,1
2.78142968,0,0
2.78192941,0,1
2.78242938,0,0
2.7829291,0,1
2.78342903,0,0
2.78392881,0,1
2.78442885,0,0
2.78492864,0,1
2.78542864,0,0
2.78592837,0,1
2.78642839,0,0
2.78692815,0,1
2.78742818,0,0
2.78792795,0,1
2.78842791,0,0
2.78892767,0,1
2.78942771,0,0
2.78992745,0,1
2.79042745,0,0
2.79092721,0,1
2.79142722,0,0
2.79192699,0,1
2.79242699,0,0
2.79292679,0,1
2.79342682,0,0
2.7939266,0,1
2.7944266,0,0
2.79492636,0,1
2.79542636,0,0
2.79592609,0,1
2.79642607,0,0
2.79692582,0,1
2.7974258,0,0
2.79792553,0,1
2.79842549,0,0
2.79892523,0,1
2.79942519,0,0
2.79992492,0,1
2.8004249,0,0
2.80092462,0,1
2.8014246,0,0
2.80192432,0,1
2.80242432,0,0
2.80292405,0,1
2.80342407,0,0
2.80392378,0,1
2.80442375,0,0
2.80492347,0,1
2.80542342,0,0
2.80592316,0,1
2.80642314,0,0
2.80692287,0,1
2.8074228,0,0
2.80792251,0,1
2.80842245,0,0
2.80892215,0,1
2.8094221,0,0
2.80992177,0,1
2.81042168,0,0
2.81092136,0,1
2.81142128,0,0
2.81192098,0,1
2.81242093,0,0
2.81292067,0,1
2.81342063,0,0
2.81392035,0,1
2.81442035,0,0
2.81492007,0,1
2.81542003,0,0
2.81591975,0,1
2.81641971,0,0
2.81691943,0,1
2.81741939,0,0
2.81791911,0,1
2.81841907,0,0
2.81891878,0,1
2.81941873,0,0
2.81991846,0,1
2.82041844,0,0
2.82091818,0,1
2.82141815,0,0
2.8219179,0,1
2.82241788,0,0
2.82291763,0,1
2.8234176,0,0
2.82391732,0,1
2.8244173,0,0
2.82491706,0,1
2.82541701,0,0
2.82591674,0,1
2.82641668,0,0
2.82691644,0,1
2.82741645,0,0
2.82791619,0,1
2.8284162,0,0
2.82891596,0,1
2.82941596,0,0
2.82991571,0,1
2.83041567,0,0
2.83091536,0,1
2.83141529,0,0
2.83191499,0,1
2.83241491,0,0
2.8329146,0,1
2.83341457,0,0
2.83391425,0,1
2.83441413,0,0
2.83491374,0,1
2.83541362,0,0
2.83591327,0,1
2.83641315,0,0
2.83691278,0,1
2.83741272,0,0
2.83791237,0,1
2.83841232,0,0
2.83891203,0,1
2.83941199,0,0
2.83991171,0,1
2.84041167,0,0
2.84091132,0,1
2.84141128,0,0
2.84191097,0,1
2.84241092,0,0
2.84291064,0,1
2.84341061,0,0
2.84391033,0,1
2.84441028,0,0
2.84490999,0,1
2.84540997,0,0
2.84590975,0,1
2.84640975,0,0
2.84690953,0,1
2.84740951,0,0
2.84790924,0,1
2.84840922,0,0
2.84890891,0,1
2.84940885,0,0
2.84990855,0,1
2.85040847,0,0
2.85090818,0,1
2.85140812,0,0
2.85190782,0,1
2.85240779,0,0
2.85290753,0,1
2.8534075,0,0
2.85390722,0,1
2.85440719,0,0
2.85490692,0,1
2.85540693,0,0
2.85590666,0,1
2.85640662,0,0
2.85690633,0,1
2.85740634,0,0
2.85790608,0,1
2.85840607,0,0
2.85890579,0,1
2.85940575,0,0
2.85990546,0,1
2.86040541,0,0
2.86090514,0,1
2.86140507,0,0
2.86190471,0,1
2.86240464,0,0
2.86290435,0,1
2.86340426,0,0
2.86390392,0,1
2.86440383,0,0
2.86490352,0,1
2.86540348,0,0
2.86590319,0,1
2.86640316,0,0
2.86690288,0,1
2.86740283,0,0
2.86790258,0,1
2.86840253,0,0
2.86890226,0,1
2.86940223,0,0
2.86990197,0,1
2.87040192,0,0
2.87090161,0,1
2.87140156,0,0
2.87190124,0,1
2.87240118,0,0
2.87290088,0,1
2.8734008,0,0
2.87390045,0,1
2.87440034,0,0
2.87490005,0,1
2.87539999,0,0
2.87589973,0,1
2.87639969,0,0
2.87689943,0,1
2.87739936,0,0
2.87789904,0,1
2.87839897,0,0
2.87889867,0,1
2.8793986,0,0
2.87989828,0,1
2.88039822,0,0
2.8808979,0,1
2.88139785,0,0
2.88189757,0,1
2.88239757,0,0
2.88289728,0,1
2.88339721,0,0
2.8838969,0,1
2.8843969,0,0
2.88489664,0,1
2.88539662,0,0
2.88589632,0,1
2.88639627,0,0
2.88689597,0,1
2.88739595,0,0
2.88789565,0,1
2.88839559,0,0
2.88889531,0,1
2.88939523,0,0
2.88989491,0,1
2.89039484,0,0
2.89089452,0,1
2.89139452,0,0
2.89189424,0,1
2.89239416,0,0
2.8928939,0,1
2.8933939,0,0
2.89389365,0,1
2.89439364,0,0
2.89489337,0,1
2.89539336,0,0
2.89589308,0,1
2.89639302,0,0
2.89689269,0,1
2.89739266,0,0
2.8978924,0,1
2.89839237,0,0
2.89889208,0,1
2.89939202,0,0
2.89989173,0,1
2.90039172,0,0
2.90089147,0,1
2.90139149,0,0
2.90189126,0,1
2.90239124,0,0
2.90289092,0,1
2.90339083,0,0
2.9038905,0,1
2.90439047,0,0
2.90489014,0,1
2.90539008,0,0
2.90588978,0,1
2.9063897,0,0
2.90688934,0,1
2.90738927,0,0
2.90788894,0,1
2.90838885,0,0
2.90888855,0,1
2.9093885,0,0
2.90988812,0,1
2.91038805,0,0
2.91088774,0,1
2.91138766,0,0
2.91188734,0,1
2.91238728,0,0
2.91288696,0,1
2.91338688,0,0
2.91388654,0,1
2.91438649,0,0
2.91488614,0,1
2.91538607,0,0
2.91588574,0,1
2.91638567,0,0
2.9168853,0,1
2.91738524,0,0
2.91788492,0,1
2.91838486,0,0
2.91888455,0,1
2.91938444,0,0
2.91988409,0,1
2.92038398,0,0
2.9208836,0,1
2.92138347,0,0
2.92188311,0,1
2.92238301,0,0
2.92288264,0,1
2.92338249,0,0
2.92388213,0,1
2.92438202,0,0
2.92488166,0,1
2.92538156,0,0
2.92588123,0,1
2.92638114,0,0
2.92688078,0,1
2.9273807,0,0
2.92788034,0,1
2.92838021,0,0
2.92887988,0,1
2.92937977,0,0
2.92987945,0,1
2.93037934,0,0
2.93087898,0,1
2.9313789,0,0
2.93187855,0,1
2.93237848,0,0
2.93287815,0,1
2.93337808,0,0
2.93387773,0,1
2.93437764,0,0
2.9348773,0,1
2.93537724,0,0
2.93587693,0,1
2.93637683,0,0
2.93687647,0,1
2.93737637,0,0
2.93787597,0,1
2.93837584,0,0
2.93887552,0,1
2.9393754,0,0
2.93987504,0,1
2.94037494,0,0
2.94087458,0,1
2.94137448,0,0
2.94187419,0,1
2.94237416,0,0
2.94287386,0,1
2.94337378,0,0
2.9438735,0,1
2.94437343,0,0
2.94487317,0,1
2.94537313,0,0
2.94587284,0,1
2.94637282,0,0
2.94687255,0,1
2.94737251,0,0
2.94787224,0,1
2.94837223,0,0
2.94887198,0,1
2.94937199,0,0
2.9498718,0,1
2.95037177,0,0
2.95087147,0,1
2.95137152,0,0
2.95187129,0,1
2.95237133,0,0
2.9528711,0,1
2.95337108,0,0
2.95387083,0,1
2.95437083,0,0
2.95487059,0,1
2.95537057,0,0
2.95587033,0,1
2.9563703,0,0
2.95687003,0,1
2.95737,0,0
2.95786972,0,1
2.95836973,0,0
2.95886949,0,1
2.95936948,0,0
2.95986924,0,1
2.96036924,0,0
2.96086899,0,1
2.96136897,0,0
2.96186867,0,1
2.96236865,0,0
2.96286835,0,1
2.96336833,0,0
2.96386808,0,1
2.9643681,0,0
2.96486784,0,1
2.96536782,0,0
2.96586759,0,1
2.9663676,0,0
2.96686737,0,1
2.96736738,0,0
2.96786716,0,1
2.9683672,0,0
2.968867,0,1
2.96936702,0,0
2.9698668,0,1
2.97036684,0,0
2.97086658,0,1
2.97136653,0,0
2.97186628,0,1
2.97236626,0,0
2.97286598,0,1
2.97336597,0,0
2.97386569,0,1
2.97436565,0,0
2.97486539,0,1
2.97536538,0,0
2.97586511,0,1
2.9763651,0,0
2.97686484,0,1
2.97736483,0,0
2.97786459,0,1
2.97836462,0,0
2.97886436,0,1
2.97936434,0,0
2.97986408,0,1
2.98036409,0,0
2.98086383,0,1
2.98136383,0,0
2.98186354,0,1
2.9823635,0,0
2.98286324,0,1
2.98336323,0,0
2.98386296,0,1
2.98436298,0,0
2.98486271,0,1
2.9853627,0,0
2.98586247,0,1
2.98636245,0,0
2.98686219,0,1
2.98736215,0,0
2.98786189,0,1
2.98836187,0,0
2.98886164,0,1
2.98936161,0,0
2.98986132,0,1
2.99036129,0,0
2.99086103,0,1
2.99136104,0,0
2.9918608,0,1
2.99236082,0,0
2.99286055,0,1
2.99336053,0,0
2.99386024,0,1
2.9943602,0,0
2.99485992,0,1
2.99535986,0,0
2.99585956,0,1
2.99635951,0,0
2.99685925,0,1
2.99735926,0,0
2.99785904,0,1
2.99835895,0,0
2.99885864,0,1
2.99935852,0,0
2.99985817,0,1
3.00035807,0,0
3.00085778,0,1
3.00135775,0,0
3.00185749,0,1
3.0023575,0,0
3.00285726,0,1
3.00335728,0,0
3.00385703,0,1
3.004357,0,0
3.00485672,0,1
3.00535672,0,0
3.00585647,0,1
3.00635648,0,0
3.00685622,0,1
3.00735623,0,0
3.00785596,0,1
3.00835596,0,0
3.00885578,0,1
3.0093558,0,0
3.00985557,0,1
3.01035555,0,0
3.0108553,0,1
3.01135531,0,0
3.01185505,0,1
3.012355,0,0
3.01285474,0,1
3.01335473,0,0
3.01385446,0,1
3.01435445,0,0
3.01485421,0,1
3.01535422,0,0
3.015854,0,1
3.01635405,0,0
3.01685381,0,1
3.01735386,0,0
3.01785362,0,1
3.01835363,0,0
3.01885339,0,1
3.01935339,0,0
3.01985313,0,1
3.02035313,0,0
3.02085291,0,1
3.02135292,0,0
3.02185269,0,1
3.02235267,0,0
3.02285237,0,1
3.02335235,0,0
3.02385209,0,1
3.02435209,0,0
3.02485181,0,1
3.02535179,0,0
3.02585156,0,1
3.02635157,0,0
3.02685134,0,1
3.02735135,0,0
3.02785113,0,1
3.02835114,0,0
3.0288509,0,1
3.02935086,0,0
3.02985061,0,1
3.03035059,0,0
3.03085031,0,1
3.03135027,0,0
3.03184997,0,1
3.03234994,0,0
3.03284969,0,1
3.0333497,0,0
3.03384946,0,1
3.03434948,0,0
3.03484927,0,1
3.03534928,0,0
3.03584904,0,1
3.03634901,0,0
3.03684875,0,1
3.0373487,0,0
3.0378484,0,1
3.03834835,0,0
3.03884804,0,1
3.03934796,0,0
3.0398477,0,1
3.04034769,0,0
3.0408474,0,1
3.04134739,0,0
3.04184714,0,1
3.04234712,0,0
3.04284685,0,1
3.04334683,0,0
3.04384655,0,1
3.04434653,0,0
3.04484626,0,1
3.04534626,0,0
3.04584599,0,1
3.04634597,0,0
3.04684567,0,1
3.04734567,0,0
3.04784542,0,1
3.04834539,0,0
3.04884511,0,1
3.04934508,0,0
3.04984479,0,1
3.05034474,0,0
3.05084444,0,1
3.05134438,0,0
3.05184408,0,1
3.05234407,0,0
3.05284377,0,1
3.05334375,0,0
3.0538435,0,1
3.05434344,0,0
3.05484318,0,1
3.05534312,0,0
3.05584277,0,1
3.05634268,0,0
3.05684238,0,1
3.05734238,0,0
3.0578421,0,1
3.05834205,0,0
3.05884173,0,1
3.05934165,0,0
3.05984131,0,1
3.06034124,0,0
3.06084095,0,1
3.06134092,0,0
3.06184061,0,1
3.06234055,0,0
3.06284024,0,1
3.06334019,0,0
3.06383994,0,1
3.06433993,0,0
3.06483965,0,1
3.06533962,0,0
3.06583935,0,1
3.06633934,0,0
3.06683906,0,1
3.06733904,0,0
3.06783872,0,1
3.06833869,0,0
3.06883843,0,1
3.06933838,0,0
3.06983807,0,1
3.07033804,0,0
3.07083775,0,1
3.0713377,0,0
3.07183739,0,1
3.07233732,0,0
3.07283702,0,1
3.07333697,0,0
3.07383664,0,1
3.07433659,0,0
3.07483629,0,1
3.07533627,0,0
3.07583601,0,1
3.07633599,0,0
3.07683572,0,1
3.0773357,0,0
3.07783543,0,1
3.0783354,0,0
3.07883511,0,1
3.07933503,0,0
3.07983474,0,1
3.0803347,0,0
3.08083439,0,1
3.08133434,0,0
3.08183405,0,1
3.08233401,0,0
3.08283371,0,1
3.08333365,0,0
3.08383335,0,1
3.08433331,0,0
3.08483304,0,1
3.085333,0,0
3.08583272,0,1
3.08633273,0,0
3.08683251,0,1
3.08733251,0,0
3.08783226,0,1
3.08833225,0,0
3.08883203,0,1
3.08933201,0,0
3.08983175,0,1
3.09033175,0,0
3.09083151,0,1
3.09133151,0,0
3.09183128,0,1
3.09233129,0,0
3.09283108,0,1
3.09333111,0,0
3.09383087,0,1
3.09433091,0,0
3.0948307,0,1
3.09533072,0,0
3.09583049,0,1
3.0963305,0,0
3.09683029,0,1
3.09733031,0,0
3.09783005,0,1
3.09833006,0,0
3.09882982,0,1
3.09932978,0,0
3.09982951,0,1
3.1003295,0,0
3.10082926,0,1
3.10132927,0,0
3.10182905,0,1
3.10232903,0,0
3.10282876,0,1
3.10332872,0,0
3.10382842,0,1
3.10432835,0,0
3.1048281,0,1
3.10532805,0,0
3.1058278,0,1
3.10632778,0,0
3.10682753,0,1
3.1073275,0,0
3.10782726,0,1
3.10832725,0,0
3.10882703,0,1
3.10932704,0,0
3.10982679,0,1
3.11032678,0,0
3.11082654,0,1
3.11132657,0,0
3.11182637,0,1
3.11232636,0,0
3.11282609,0,1
3.11332612,0,0
3.11382587,0,1
3.11432589,0,0
3.11482566,0,1
3.11532564,0,0
3.11582537,0,1
3.11632536,0,0
3.11682508,0,1
3.11732504,0,0
3.11782473,0,1
3.11832469,0,0
3.11882441,0,1
3.11932438,0,0
3.11982413,0,1
3.12032412,0,0
3.12082384,0,1
3.12132383,0,0
3.12182359,0,1
3.1223236,0,0
3.12282334,0,1
3.12332332,0,0
3.12382309,0,1
3.12432309,0,0
3.12482285,0,1
3.12532287,0,0
3.12582266,0,1
3.12632269,0,0
3.12682245,0,1
3.12732246,0,0
3.12782223,0,1
3.1283222,0,0
3.12882193,0,1
3.12932191,0,0
3.12982163,0,1
3.13032159,0,0
3.13082131,0,1
3.1313213,0,0
3.13182104,0,1
3.13232099,0,0
3.13282073,0,1
3.13332073,0,0
3.13382046,0,1
3.13432046,0,0
3.13482019,0,1
3.13532015,0,0
3.13581985,0,1
3.13631982,0,0
3.13681955,0,1
3.1373195,0,0
3.13781919,0,1
3.13831917,0,0
3.13881886,0,1
3.13931882,0,0
3.13981854,0,1
3.14031855,0,0
3.14081832,0,1
3.14131835,0,0
3.14181807,0,1
3.14231804,0,0
3.14281779,0,1
3.14331777,0,0
3.14381752,0,1
3.14431753,0,0
3.14481723,0,1
3.14531723,0,0
3.14581699,0,1
3.14631699,0,0
3.14681677,0,1
3.14731674,0,0
3.14781643,0,1
3.1483164,0,0
3.1488161,0,1
3.14931604,0,0
3.14981574,0,1
3.15031568,0,0
3.15081538,0,1
3.15131529,0,0
3.15181497,0,1
3.15231502,0,0
3.15281482,0,1
3.15331481,0,0
3.15381456,0,1
3.15431456,0,0
3.1548143,0,1
3.15531429,0,0
3.15581402,0,1
3.15631404,0,0
3.1568138,0,1
3.15731381,0,0
3.15781355,0,1
3.15831355,0,0
3.15881329,0,1
3.15931327,0,0
3.159813,0,1
3.16031296,0,0
3.16081272,0,1
3.16131271,0,0
3.16181246,0,1
3.16231244,0,0
3.16281218,0,1
3.16331217,0,0
3.16381193,0,1
3.16431189,0,0
3.16481164,0,1
3.16531162,0,0
3.16581135,0,1
3.16631134,0,0
3.16681107,0,1
3.16731108,0,0
3.16781083,0,1
3.16831081,0,0
3.16881056,0,1
3.16931053,0,0
3.16981028,0,1
3.17031028,0,0
3.17081,0,1
3.17131002,0,0
3.17180975,0,1
3.17230977,0,0
3.17280955,0,1
3.17330955,0,0
3.17380933,0,1
3.17430933,0,0
3.17480908,0,1
3.1753091,0,0
3.17580886,0,1
3.17630883,0,0
3.17680862,0,1
3.17730862,0,0
3.17780839,0,1
3.17830836,0,0
3.1788081,0,1
3.17930807,0,0
3.1798078,0,1
3.18030779,0,0
3.18080754,0,1
3.1813076,0,0
3.18180734,0,1
3.18230735,0,0
3.18280713,0,1
3.18330717,0,0
3.18380692,0,1
3.18430693,0,0
3.18480666,0,1
3.18530665,0,0
3.18580641,0,1
3.18630641,0,0
3.18680613,0,1
3.18730611,0,0
3.18780583,0,1
3.18830586,0,0
3.18880564,0,1
3.18930568,0,0
3.18980547,0,1
3.19030547,0,0
3.19080524,0,1
3.19130524,0,0
3.19180497,0,1
3.19230499,0,0
3.19280475,0,1
3.19330476,0,0
3.19380451,0,1
3.1943045,0,0
3.19480425,0,1
3.19530429,0,0
3.19580405,0,1
3.19630405,0,0
3.19680385,0,1
3.19730389,0,0
3.19780362,0,1
3.1983036,0,0
3.19880335,0,1
3.19930337,0,0
3.19980313,0,1
3.20030309,0,0
3.20080281,0,1
3.20130279,0,0
3.20180254,0,1
3.20230252,0,0
3.20280228,0,1
3.20330228,0,0
3.20380201,0,1
3.20430199,0,0
3.20480175,0,1
3.20530173,0,0
3.20580148,0,1
3.20630147,0,0
3.20680115,0,1
3.20730106,0,0
3.20780071,0,1
3.20830062,0,0
3.20880032,0,1
3.20930029,0,0
3.20979997,0,1
3.21029991,0,0
3.21079965,0,1
3.21129961,0,0
3.21179932,0,1
3.21229933,0,0
3.21279905,0,1
3.21329901,0,0
3.21379871,0,1
3.21429862,0,0
3.21479832,0,1
3.21529827,0,0
3.21579793,0,1
3.21629788,0,0
3.2167976,0,1
3.21729757,0,0
3.21779729,0,1
3.21829722,0,0
3.21879691,0,1
3.21929684,0,0
3.21979654,0,1
3.22029654,0,0
3.22079627,0,1
3.22129624,0,0
3.22179596,0,1
3.22229593,0,0
3.22279564,0,1
3.22329567,0,0
3.22379541,0,1
3.22429539,0,0
3.22479513,0,1
3.22529514,0,0
3.22579487,0,1
3.22629482,0,0
3.22679453,0,1
3.22729447,0,0
3.2277942,0,1
3.22829414,0,0
3.22879386,0,1
3.22929383,0,0
3.2297936,0,1
3.23029361,0,0
3.23079337,0,1
3.2312934,0,0
3.23179311,0,1
3.23229306,0,0
3.23279279,0,1
3.23329278,0,0
3.23379249,0,1
3.23429247,0,0
3.2347922,0,1
3.23529214,0,0
3.23579186,0,1
3.23629185,0,0
3.23679156,0,1
3.23729154,0,0
3.23779128,0,1
3.23829124,0,0
3.23879094,0,1
3.23929091,0,0
3.23979064,0,1
3.24029061,0,0
3.24079034,0,1
3.24129032,0,0
3.24179009,0,1
3.24229011,0,0
3.24278987,0,1
3.24328986,0,0
3.2437896,0,1
3.24428953,0,0
3.24478925,0,1
3.24528922,0,0
3.24578894,0,1
3.24628892,0,0
3.24678866,0,1
3.24728865,0,0
3.24778834,0,1
3.24828826,0,0
3.24878796,0,1
3.24928787,0,0
3.24978757,0,1
3.25028746,0,0
3.2507871,0,1
3.25128703,0,0
3.25178671,0,1
3.25228662,0,0
3.2527863,0,1
3.25328626,0,0
3.25378595,0,1
3.25428591,0,0
3.25478563,0,1
3.25528559,0,0
3.25578536,0,1
3.25628537,0,0
3.25678517,0,1
3.25728516,0,0
3.25778493,0,1
3.25828494,0,0
3.25878467,0,1
3.25928459,0,0
3.25978422,0,1
3.26028412,0,0
3.26078376,0,1
3.2612837,0,0
3.26178343,0,1
3.26228343,0,0
3.26278314,0,1
3.26328309,0,0
3.26378279,0,1
3.26428271,0,0
3.26478241,0,1
3.2652823,0,0
3.26578197,0,1
3.26628188,0,0
3.26678154,0,1
3.26728145,0,0
3.26778107,0,1
3.26828096,0,0
3.26878062,0,1
3.26928053,0,0
3.26978021,0,1
3.27028009,0,0
3.27077974,0,1
3.27127967,0,0
3.27177936,0,1
3.27227927,0,0
3.27277892,0,1
3.27327875,0,0
3.27377834,0,1
3.27427823,0,0
3.27477786,0,1
3.27527776,0,0
3.27577747,0,1
3.27627741,0,0
3.2767771,0,1
3.27727708,0,0
3.2777768,0,1
3.27827679,0,0
3.27877652,0,1
3.27927647,0,0
3.2797762,0,1
3.28027617,0,0
3.28077587,0,1
3.28127583,0,0
3.28177555,0,1
3.28227552,0,0
3.28277525,0,1
3.28327522,0,0
3.28377496,0,1
3.28427496,0,0
3.28477465,0,1
3.28527459,0,0
3.28577431,0,1
3.28627423,0,0
3.2867739,0,1
3.28727381,0,0
3.28777352,0,1
3.28827345,0,0
3.28877314,0,1
3.28927312,0,0
3.28977287,0,1
3.29027288,0,0
3.29077262,0,1
3.29127262,0,0
3.29177238,0,1
3.29227235,0,0
3.29277205,0,1
3.29327203,0,0
3.29377175,0,1
3.29427173,0,0
3.29477147,0,1
3.29527143,0,0
3.29577116,0,1
3.29627109,0,0
3.29677074,0,1
3.29727066,0,0
3.2977704,0,1
3.2982704,0,0
3.29877016,0,1
3.29927016,0,0
3.29976989,0,1
3.30026987,0,0
3.3007696,0,1
3.30126956,0,0
3.30176924,0,1
3.3022692,0,0
3.30276891,0,1
3.30326886,0,0
3.30376856,0,1
3.30426849,0,0
3.30476816,0,1
3.30526812,0,0
3.30576783,0,1
3.30626778,0,0
3.30676744,0,1
3.30726739,0,0
3.30776708,0,1
3.30826704,0,0
3.30876676,0,1
3.30926676,0,0
3.30976646,0,1
3.31026641,0,0
3.31076608,0,1
3.31126606,0,0
3.31176578,0,1
3.31226575,0,0
3.31276547,0,1
3.31326546,0,0
3.31376511,0,1
3.31426505,0,0
3.31476477,0,1
3.31526472,0,0
3.31576446,0,1
3.31626447,0,0
3.31676418,0,1
3.31726414,0,0
3.31776389,0,1
3.31826387,0,0
3.31876359,0,1
3.31926353,0,0
3.31976319,0,1
3.32026318,0,0
3.32076291,0,1
3.32126289,0,0
3.32176262,0,1
3.32226256,0,0
3.32276223,0,1
3.32326218,0,0
3.32376193,0,1
3.3242619,0,0
3.32476165,0,1
3.32526162,0,0
3.32576133,0,1
3.32626132,0,0
3.32676108,0,1
3.3272611,0,0
3.32776088,0,1
3.32826089,0,0
3.32876063,0,1
3.32926059,0,0
3.32976028,0,1
3.33026023,0,0
3.33075995,0,1
3.33125992,0,0
3.33175963,0,1
3.33225962,0,0
3.3327594,0,1
3.33325934,0,0
3.33375904,0,1
3.33425899,0,0
3.33475867,0,1
3.33525859,0,0
3.33575826,0,1
3.33625823,0,0
3.33675796,0,1
3.33725798,0,0
3.33775772,0,1
3.3382577,0,0
3.33875742,0,1
3.33925738,0,0
3.33975706,0,1
3.34025702,0,0
3.34075674,0,1
3.34125669,0,0
3.34175644,0,1
3.34225641,0,0
3.34275614,0,1
3.34325612,0,0
3.34375584,0,1
3.34425578,0,0
3.34475548,0,1
3.34525544,0,0
3.34575517,0,1
3.34625517,0,0
3.34675487,0,1
3.34725487,0,0
3.3477546,0,1
3.34825454,0,0
3.34875426,0,1
3.34925421,0,0
3.34975393,0,1
3.35025391,0,0
3.35075363,0,1
3.35125363,0,0
3.35175335,0,1
3.35225326,0,0
3.35275292,0,1
3.35325283,0,0
3.3537525,0,1
3.35425242,0,0
3.35475209,0,1
3.35525198,0,0
3.35575164,0,1
3.35625154,0,0
3.35675121,0,1
3.35725112,0,0
3.35775079,0,1
3.35825072,0,0
3.3587504,0,1
3.35925032,0,0
3.35974999,0,1
3.36024993,0,0
3.3607496,0,1
3.36124951,0,0
3.36174917,0,1
3.36224909,0,0
3.36274877,0,1
3.36324868,0,0
3.36374839,0,1
3.36424833,0,0
3.36474803,0,1
3.36524794,0,0
3.3657476,0,1
3.36624753,0,0
3.36674725,0,1
3.3672472,0,0
3.36774687,0,1
3.36824675,0,0
3.36874639,0,1
3.36924627,0,0
3.3697459,0,1
3.37024577,0,0
3.37074538,0,1
3.37124526,0,0
3.37174489,0,1
3.37224477,0,0
3.3727444,0,1
3.37324431,0,0
3.37374397,0,1
3.37424387,0,0
3.37474353,0,1
3.37524346,0,0
3.37574313,0,1
3.37624312,0,0
3.37674285,0,1
3.37724285,0,0
3.37774259,0,1
3.37824256,0,0
3.37874227,0,1
3.37924223,0,0
3.37974197,0,1
3.38024197,0,0
3.38074171,0,1
3.38124168,0,0
3.38174142,0,1
3.3822414,0,0
3.38274114,0,1
3.38324118,0,0
3.38374093,0,1
3.38424096,0,0
3.3847407,0,1
3.3852407,0,0
3.38574048,0,1
3.38624046,0,0
3.38674019,0,1
3.38724014,0,0
3.38773986,0,1
3.38823983,0,0
3.38873951,0,1
3.38923942,0,0
3.38973908,0,1
3.39023899,0,0
3.39073874,0,1
3.39123876,0,0
3.39173852,0,1
3.39223852,0,0
3.39273826,0,1
3.39323829,0,0
3.39373804,0,1
3.39423806,0,0
3.39473782,0,1
3.39523777,0,0
3.39573748,0,1
3.39623745,0,0
3.39673717,0,1
3.39723711,0,0
3.39773685,0,1
3.3982368,0,0
3.3987365,0,1
3.39923647,0,0
3.39973625,0,1
3.40023622,0,0
3.40073595,0,1
3.40123598,0,0
3.40173576,0,1
3.40223577,0,0
3.40273552,0,1
3.40323556,0,0
3.40373532,0,1
3.40423536,0,0
3.40473514,0,1
3.40523517,0,0
3.40573495,0,1
3.40623497,0,0
3.40673472,0,1
3.40723474,0,0
3.4077345,0,1
3.40823449,0,0
3.40873427,0,1
3.4092343,0,0
3.40973406,0,1
3.41023405,0,0
3.41073378,0,1
3.41123377,0,0
3.41173358,0,1
3.41223362,0,0
3.41273341,0,1
3.41323344,0,0
3.41373325,0,1
3.41423329,0,0
3.4147331,0,1
3.41523317,0,0
3.41573295,0,1
3.41623293,0,0
3.41673264,0,1
3.41723261,0,0
3.41773235,0,1
3.41823235,0,0
3.4187321,0,1
3.41923208,0,0
3.41973178,0,1
3.42023173,0,0
3.42073145,0,1
3.42123141,0,0
3.42173113,0,1
3.42223103,0,0
3.42273072,0,1
3.4232307,0,0
3.42373041,0,1
3.42423039,0,0
3.42473014,0,1
3.42523015,0,0
3.42572989,0,1
3.42622985,0,0
3.42672952,0,1
3.42722949,0,0
3.42772921,0,1
3.4282292,0,0
3.42872891,0,1
3.42922886,0,0
3.42972855,0,1
3.43022855,0,0
3.43072828,0,1
3.43122826,0,0
3.43172797,0,1
3.43222796,0,0
3.43272768,0,1
3.43322763,0,0
3.43372733,0,1
3.4342273,0,0
3.43472706,0,1
3.4352271,0,0
3.43572686,0,1
3.43622695,0,0
3.43672673,0,1
3.43722674,0,0
3.4377265,0,1
3.43822653,0,0
3.43872631,0,1
3.43922632,0,0
3.43972605,0,1
3.44022605,0,0
3.44072576,0,1
3.44122574,0,0
3.44172549,0,1
3.44222551,0,0
3.44272529,0,1
3.44322533,0,0
3.44372508,0,1
3.44422507,0,0
3.44472482,0,1
3.44522479,0,0
3.44572455,0,1
3.44622455,0,0
3.44672431,0,1
3.4472243,0,0
3.44772408,0,1
3.44822412,0,0
3.4487239,0,1
3.44922391,0,0
3.44972367,0,1
3.4502237,0,0
3.45072348,0,1
3.45122348,0,0
3.45172321,0,1
3.45222319,0,0
3.45272295,0,1
3.453223,0,0
3.45372278,0,1
3.4542228,0,0
3.45472256,0,1
3.45522258,0,0
3.45572234,0,1
3.45622239,0,0
3.45672221,0,1
3.45722226,0,0
3.45772207,0,1
3.4582221,0,0
3.45872193,0,1
3.45922199,0,0
3.4597218,0,1
3.46022185,0,0
3.46072164,0,1
3.46122173,0,0
3.46172151,0,1
3.46222158,0,0
3.46272142,0,1
3.4632215,0,0
3.46372132,0,1
3.4642214,0,0
3.46472122,0,1
3.46522131,0,0
3.46572109,0,1
3.46622116,0,0
3.46672099,0,1
3.46722106,0,0
3.46772092,0,1
3.46822097,0,0
3.46872078,0,1
3.46922085,0,0
3.46972064,0,1
3.47022071,0,0
3.47072052,0,1
3.47122057,0,0
3.47172038,0,1
3.47222045,0,0
3.47272024,0,1
3.4732203,0,0
3.47372008,0,1
3.47422014,0,0
3.47471997,0,1
3.47522005,0,0
3.47571986,0,1
3.47621995,0,0
3.47671979,0,1
3.47721986,0,0
3.47771968,0,1
3.47821974,0,0
3.47871955,0,1
3.47921957,0,0
3.47971935,0,1
3.48021937,0,0
3.48071914,0,1
3.48121918,0,0
3.48171893,0,1
3.48221894,0,0
3.48271873,0,1
3.48321878,0,0
3.48371859,0,1
3.48421864,0,0
3.48471843,0,1
3.48521847,0,0
3.48571825,0,1
3.4862183,0,0
3.48671809,0,1
3.48721812,0,0
3.48771793,0,1
3.48821799,0,0
3.48871779,0,1
3.48921782,0,0
3.48971762,0,1
3.49021765,0,0
3.49071744,0,1
3.49121746,0,0
3.49171727,0,1
3.49221732,0,0
3.49271714,0,1
3.49321719,0,0
3.49371698,0,1
3.49421704,0,0
3.4947168,0,1
3.49521677,0,0
3.4957165,0,1
3.4962165,0,0
3.49671626,0,1
3.49721632,0,0
3.49771611,0,1
3.49821617,0,0
3.4987159,0,1
3.49921595,0,0
3.49971577,0,1
3.50021584,0,0
3.50071559,0,1
3.50121562,0,0
3.5017154,0,1
3.50221543,0,0
3.5027152,0,1
3.50321523,0,0
3.50371502,0,1
3.50421504,0,0
3.50471485,0,1
3.50521491,0,0
3.50571477,0,1
3.50621481,0,0
3.50671456,0,1
3.50721458,0,0
3.50771436,0,1
3.50821441,0,0
3.50871422,0,1
3.50921426,0,0
3.50971405,0,1
3.51021409,0,0
3.51071387,0,1
3.51121392,0,0
3.51171372,0,1
3.51221375,0,0
3.51271355,0,1
3.51321362,0,0
3.51371343,0,1
3.5142135,0,0
3.51471324,0,1
3.51521322,0,0
3.51571299,0,1
3.51621297,0,0
3.5167128,0,1
3.51721286,0,0
3.51771267,0,1
3.51821272,0,0
3.51871251,0,1
3.51921258,0,0
3.51971239,0,1
3.52021243,0,0
3.52071223,0,1
3.52121225,0,0
3.521712,0,1
3.52221204,0,0
3.52271184,0,1
3.52321189,0,0
3.52371169,0,1
3.52421173,0,0
3.52471153,0,1
3.52521158,0,0
3.52571141,0,1
3.52621147,0,0
3.52671124,0,1
3.5272113,0,0
3.52771111,0,1
3.52821117,0,0
3.528711,0,1
3.52921103,0,0
3.52971085,0,1
3.53021087,0,0
3.53071068,0,1
3.53121071,0,0
3.53171049,0,1
3.53221053,0,0
3.53271027,0,1
3.53321033,0,0
3.53371011,0,1
3.53421017,0,0
3.53470995,0,1
3.53520998,0,0
3.53570974,0,1
3.53620976,0,0
3.53670956,0,1
3.5372096,0,0
3.53770938,0,1
3.53820941,0,0
3.53870922,0,1
3.53920926,0,0
3.53970904,0,1
3.5402091,0,0
3.54070889,0,1
3.54120893,0,0
3.54170872,0,1
3.54220874,0,0
3.54270855,0,1
3.54320859,0,0
3.54370837,0,1
3.54420838,0,0
3.54470817,0,1
3.54520823,0,0
3.54570804,0,1
3.54620807,0,0
3.54670788,0,1
3.5472079,0,0
3.54770771,0,1
3.54820778,0,0
3.54870759,0,1
3.54920762,0,0
3.54970744,0,1
3.5502075,0,0
3.5507073,0,1
3.5512073,0,0
3.55170708,0,1
3.55220717,0,0
3.552707,0,1
3.55320705,0,0
3.55370686,0,1
3.55420693,0,0
3.55470677,0,1
3.55520681,0,0
3.55570662,0,1
3.55620662,0,0
3.55670639,0,1
3.55720642,0,0
3.5577062,0,1
3.55820623,0,0
3.55870598,0,1
3.55920596,0,0
3.55970575,0,1
3.56020579,0,0
3.5607056,0,1
3.56120564,0,0
3.56170543,0,1
3.56220549,0,0
3.56270527,0,1
3.56320533,0,0
3.56370513,0,1
3.5642052,0,0
3.56470501,0,1
3.56520507,0,0
3.56570486,0,1
3.56620492,0,0
3.56670472,0,1
3.56720473,0,0
3.56770448,0,1
3.56820445,0,0
3.56870419,0,1
3.5692042,0,0
3.56970396,0,1
3.57020398,0,0
3.57070374,0,1
3.57120378,0,0
3.5717036,0,1
3.57220369,0,0
3.57270349,0,1
3.57320354,0,0
3.5737033,0,1
3.57420331,0,0
3.57470307,0,1
3.57520309,0,0
3.57570287,0,1
3.57620287,0,0
3.57670266,0,1
3.57720271,0,0
3.57770247,0,1
3.57820248,0,0
3.57870228,0,1
3.57920234,0,0
3.57970214,0,1
3.58020218,0,0
3.58070196,0,1
3.581202,0,0
3.58170178,0,1
3.58220181,0,0
3.5827016,0,1
3.58320164,0,0
3.58370144,0,1
3.58420149,0,0
3.58470131,0,1
3.58520135,0,0
3.5857011,0,1
3.5862011,0,0
3.58670085,0,1
3.58720088,0,0
3.58770066,0,1
3.58820066,0,0
3.58870045,0,1
3.5892005,0,0
3.58970025,0,1
3.59020022,0,0
3.59069997,0,1
3.59119995,0,0
3.5916997,0,1
3.59219971,0,0
3.59269953,0,1
3.59319965,0,0
3.59369949,0,1
3.59419954,0,0
3.59469935,0,1
3.59519939,0,0
3.59569919,0,1
3.59619922,0,0
3.596699,0,1
3.59719906,0,0
3.59769884,0,1
3.59819887,0,0
3.59869865,0,1
3.59919866,0,0
3.59969847,0,1
3.6001985,0,0
3.60069828,0,1
3.60119834,0,0
3.60169811,0,1
3.60219814,0,0
3.60269787,0,1
3.60319787,0,0
3.60369767,0,1
3.60419771,0,0
3.60469749,0,1
3.60519752,0,0
3.60569732,0,1
3.60619735,0,0
3.60669712,0,1
3.60719712,0,0
3.6076969,0,1
3.60819691,0,0
3.6086967,0,1
3.60919671,0,0
3.60969645,0,1
3.61019647,0,0
3.61069623,0,1
3.61119624,0,0
3.61169597,0,1
3.61219599,0,0
3.61269578,0,1
3.61319581,0,0
3.6136956,0,1
3.61419558,0,0
3.61469533,0,1
3.61519538,0,0
3.61569518,0,1
3.61619521,0,0
3.61669501,0,1
3.61719507,0,0
3.61769489,0,1
3.61819495,0,0
3.61869475,0,1
3.61919478,0,0
3.61969459,0,1
3.62019464,0,0
3.62069441,0,1
3.62119443,0,0
3.62169416,0,1
3.62219418,0,0
3.62269397,0,1
3.62319401,0,0
3.62369379,0,1
3.62419379,0,0
3.62469354,0,1
3.62519351,0,0
3.62569323,0,1
3.6261932,0,0
3.62669298,0,1
3.62719298,0,0
3.62769274,0,1
3.62819275,0,0
3.6286925,0,1
3.62919244,0,0
3.62969213,0,1
3.63019207,0,0
3.63069174,0,1
3.63119169,0,0
3.63169141,0,1
3.63219139,0,0
3.63269112,0,1
3.63319113,0,0
3.63369089,0,1
3.63419091,0,0
3.63469065,0,1
3.63519063,0,0
3.63569037,0,1
3.63619036,0,0
3.63669012,0,1
3.63719017,0,0
3.63768997,0,1
3.63819003,0,0
3.63868981,0,1
3.63918982,0,0
3.63968959,0,1
3.64018961,0,0
3.64068941,0,1
3.64118944,0,0
3.6416892,0,1
3.64218917,0,0
3.6426889,0,1
3.64318885,0,0
3.64368856,0,1
3.64418846,0,0
3.64468808,0,1
3.64518805,0,0
3.6456878,0,1
3.64618787,0,0
3.64668766,0,1
3.64718767,0,0
3.64768744,0,1
3.64818746,0,0
3.64868722,0,1
3.6491872,0,0
3.64968691,0,1
3.65018688,0,0
3.65068659,0,1
3.65118659,0,0
3.65168636,0,1
3.65218638,0,0
3.6526861,0,1
3.65318609,0,0
3.65368584,0,1
3.6541858,0,0
3.65468547,0,1
3.65518536,0,0
3.65568504,0,1
3.656185,0,0
3.6566847,0,1
3.65718465,0,0
3.65768433,0,1
3.65818424,0,0
3.6586839,0,1
3.65918383,0,0
3.65968351,0,1
3.66018345,0,0
3.66068315,0,1
3.66118307,0,0
3.66168278,0,1
3.66218273,0,0
3.66268247,0,1
3.66318245,0,0
3.66368218,0,1
3.66418215,0,0
3.66468186,0,1
3.66518186,0,0
3.66568159,0,1
3.6661816,0,0
3.66668134,0,1
3.66718134,0,0
3.66768108,0,1
3.66818107,0,0
3.6686808,0,1
3.66918078,0,0
3.6696805,0,1
3.67018047,0,0
3.67068016,0,1
3.67118014,0,0
3.67167986,0,1
3.67217986,0,0
3.67267958,0,1
3.67317955,0,0
3.67367924,0,1
3.67417922,0,0
3.6746789,0,1
3.67517883,0,0
3.67567849,0,1
3.6761784,0,0
3.6766781,0,1
3.67717806,0,0
3.67767779,0,1
3.67817777,0,0
3.67867749,0,1
3.67917748,0,0
3.67967722,0,1
3.68017723,0,0
3.68067695,0,1
3.68117689,0,0
3.68167662,0,1
3.68217659,0,0
3.68267635,0,1
3.68317635,0,0
3.6836761,0,1
3.68417611,0,0
3.6846759,0,1
3.68517591,0,0
3.68567565,0,1
3.68617563,0,0
3.68667536,0,1
3.68717536,0,0
3.68767508,0,1
3.68817502,0,0
3.6886747,0,1
3.68917463,0,0
3.68967438,0,1
3.69017433,0,0
3.69067405,0,1
3.69117404,0,0
3.69167375,0,1
3.69217371,0,0
3.69267344,0,1
3.6931734,0,0
3.69367312,0,1
3.69417309,0,0
3.69467282,0,1
3.69517279,0,0
3.69567249,0,1
3.69617244,0,0
3.69667213,0,1
3.69717207,0,0
3.69767178,0,1
3.69817174,0,0
3.69867145,0,1
3.69917143,0,0
3.69967113,0,1
3.70017106,0,0
3.70067077,0,1
3.70117073,0,0
3.70167045,0,1
3.70217043,0,0
3.70267016,0,1
3.70317013,0,0
3.70366983,0,1
3.70416983,0,0
3.70466956,0,1
3.70516952,0,0
3.70566927,0,1
3.70616927,0,0
3.70666903,0,1
3.70716902,0,0
3.70766874,0,1
3.70816871,0,0
3.70866845,0,1
3.70916847,0,0
3.70966821,0,1
3.71016822,0,0
3.71066795,0,1
3.71116794,0,0
3.71166766,0,1
3.71216765,0,0
3.71266735,0,1
3.71316734,0,0
3.71366709,0,1
3.71416706,0,0
3.71466678,0,1
3.7151668,0,0
3.71566656,0,1
3.71616653,0,0
3.71666626,0,1
3.7171662,0,0
3.71766591,0,1
3.71816586,0,0
3.71866555,0,1
3.71916548,0,0
3.71966519,0,1
3.72016515,0,0
3.72066486,0,1
3.72116483,0,0
3.72166455,0,1
3.72216454,0,0
3.7226643,0,1
3.72316433,0,0
3.72366408,0,1
3.72416407,0,0
3.72466383,0,1
3.72516383,0,0
3.72566358,0,1
3.72616356,0,0
3.72666329,0,1
3.72716327,0,0
3.72766301,0,1
3.72816299,0,0
3.72866271,0,1
3.72916273,0,0
3.72966246,0,1
3.73016246,0,0
3.73066216,0,1
3.73116214,0,0
3.73166185,0,1
3.73216183,0,0
3.73266155,0,1
3.7331615,0,0
3.7336612,0,1
3.7341612,0,0
3.73466094,0,1
3.73516092,0,0
3.73566064,0,1
3.73616064,0,0
3.73666038,0,1
3.73716037,0,0
3.73766011,0,1
3.73816011,0,0
3.73865983,0,1
3.73915975,0,0
3.73965946,0,1
3.74015945,0,0
3.74065917,0,1
3.74115913,0,0
3.74165881,0,1
3.74215876,0,0
3.74265847,0,1
3.74315841,0,0
3.74365809,0,1
3.74415802,0,0
3.74465775,0,1
3.74515774,0,0
3.74565744,0,1
3.7461574,0,0
3.74665716,0,1
3.74715712,0,0
3.74765682,0,1
3.74815674,0,0
3.74865643,0,1
3.74915634,0,0
3.74965603,0,1
3.75015598,0,0
3.75065564,0,1
3.75115557,0,0
3.75165524,0,1
3.75215515,0,0
3.75265482,0,1
3.75315473,0,0
3.75365441,0,1
3.75415431,0,0
3.754654,0,1
3.75515392,0,0
3.75565358,0,1
3.7561535,0,0
3.7566532,0,1
3.7571531,0,0
3.7576528,0,1
3.75815279,0,0
3.75865251,0,1
3.75915243,0,0
3.75965213,0,1
3.76015206,0,0
3.76065174,0,1
3.76115165,0,0
3.76165132,0,1
3.76215127,0,0
3.76265096,0,1
3.7631509,0,0
3.76365053,0,1
3.76415043,0,0
3.76465008,0,1
3.76514999,0,0
3.76564963,0,1
3.76614953,0,0
3.76664918,0,1
3.76714908,0,0
3.76764875,0,1
3.76814859,0,0
3.76864826,0,1
3.76914818,0,0
3.76964783,0,1
3.77014771,0,0
3.77064741,0,1
3.77114731,0,0
3.77164701,0,1
3.77214694,0,0
3.77264662,0,1
3.77314652,0,0
3.77364616,0,1
3.77414607,0,0
3.77464574,0,1
3.77514565,0,0
3.7756453,0,1
3.77614524,0,0
3.7766449,0,1
3.77714486,0,0
3.77764455,0,1
3.77814448,0,0
3.77864414,0,1
3.77914405,0,0
3.77964375,0,1
3.78014373,0,0
3.78064341,0,1
3.78114332,0,0
3.78164297,0,1
3.78214288,0,0
3.78264256,0,1
3.78314245,0,0
3.7836421,0,1
3.78414204,0,0
3.78464171,0,1
3.78514162,0,0
3.7856413,0,1
3.78614124,0,0
3.78664095,0,1
3.78714094,0,0
3.78764065,0,1
3.78814061,0,0
3.78864029,0,1
3.78914025,0,0
3.78963994,0,1
3.79013989,0,0
3.79063958,0,1
3.79113951,0,0
3.79163924,0,1
3.79213922,0,0
3.79263893,0,1
3.7931389,0,0
3.79363859,0,1
3.79413854,0,0
3.79463821,0,1
3.79513816,0,0
3.79563783,0,1
3.79613776,0,0
3.79663742,0,1
3.79713739,0,0
3.79763714,0,1
3.7981371,0,0
3.79863684,0,1
3.79913677,0,0
3.79963646,0,1
3.8001364,0,0
3.80063608,0,1
3.801136,0,0
3.80163572,0,1
3.80213567,0,0
3.80263539,0,1
3.80313531,0,0
3.80363499,0,1
3.80413489,0,0
3.80463454,0,1
3.80513446,0,0
3.80563416,0,1
3.80613408,0,0
3.80663374,0,1
3.80713367,0,0
3.80763336,0,1
3.80813329,0,0
3.80863298,0,1
3.80913296,0,0
3.80963267,0,1
3.81013265,0,0
3.81063235,0,1
3.81113232,0,0
3.811632,0,1
3.81213195,0,0
3.8126317,0,1
3.81313167,0,0
3.8136314,0,1
3.81413137,0,0
3.81463107,0,1
3.81513104,0,0
3.81563074,0,1
3.81613071,0,0
3.81663045,0,1
3.81713044,0,0
3.81763017,0,1
3.81813014,0,0
3.81862988,0,1
3.81912986,0,0
3.81962957,0,1
3.82012951,0,0
3.82062921,0,1
3.82112916,0,0
3.82162884,0,1
3.82212881,0,0
3.82262852,0,1
3.82312848,0,0
3.8236282,0,1
3.82412809,0,0
3.82462777,0,1
3.82512771,0,0
3.82562735,0,1
3.82612724,0,0
3.82662689,0,1
3.82712684,0,0
3.82762657,0,1
3.82812655,0,0
3.82862625,0,1
3.82912622,0,0
3.82962594,0,1
3.83012591,0,0
3.83062563,0,1
3.83112558,0,0
3.83162531,0,1
3.83212527,0,0
3.83262497,0,1
3.83312488,0,0
3.8336246,0,1
3.83412456,0,0
3.83462424,0,1
3.8351242,0,0
3.83562391,0,1
3.83612388,0,0
3.83662361,0,1
3.8371236,0,0
3.83762332,0,1
3.83812329,0,0
3.838623,0,1
3.83912295,0,0
3.83962265,0,1
3.84012262,0,0
3.84062233,0,1
3.84112228,0,0
3.84162201,0,1
3.84212198,0,0
3.84262172,0,1
3.84312163,0,0
3.8436213,0,1
3.84412129,0,0
3.844621,0,1
3.84512098,0,0
3.84562066,0,1
3.84612065,0,0
3.84662041,0,1
3.84712038,0,0
3.84762011,0,1
3.8481201,0,0
3.84861981,0,1
3.84911976,0,0
3.84961948,0,1
3.85011943,0,0
3.8506191,0,1
3.85111902,0,0
3.85161871,0,1
3.85211865,0,0
3.85261835,0,1
3.85311829,0,0
3.85361798,0,1
3.85411796,0,0
3.85461769,0,1
3.85511768,0,0
3.85561741,0,1
3.85611738,0,0
3.85661713,0,1
3.85711709,0,0
3.85761684,0,1
3.85811682,0,0
3.85861653,0,1
3.85911647,0,0
3.8596162,0,1
3.86011615,0,0
3.86061587,0,1
3.8611158,0,0
3.86161551,0,1
3.86211545,0,0
3.86261516,0,1
3.86311509,0,0
3.8636148,0,1
3.86411475,0,0
3.86461444,0,1
3.8651144,0,0
3.86561413,0,1
3.86611411,0,0
3.86661381,0,1
3.86711375,0,0
3.86761347,0,1
3.86811345,0,0
3.86861313,0,1
3.86911307,0,0
3.86961279,0,1
3.87011272,0,0
3.87061242,0,1
3.87111235,0,0
3.87161204,0,1
3.87211202,0,0
3.87261172,0,1
3.87311165,0,0
3.87361135,0,1
3.87411133,0,0
3.87461104,0,1
3.87511098,0,0
3.87561066,0,1
3.8761106,0,0
3.87661029,0,1
3.8771102,0,0
3.8776099,0,1
3.87810982,0,0
3.87860948,0,1
3.87910945,0,0
3.87960918,0,1
3.88010917,0,0
3.88060889,0,1
3.88110887,0,0
3.88160861,0,1
3.88210863,0,0
3.88260842,0,1
3.88310839,0,0
3.88360811,0,1
3.88410806,0,0
3.88460779,0,1
3.88510776,0,0
3.88560754,0,1
3.88610755,0,0
3.88660727,0,1
3.88710725,0,0
3.88760701,0,1
3.88810699,0,0
3.88860671,0,1
3.88910667,0,0
3.8896064,0,1
3.89010637,0,0
3.89060612,0,1
3.8911061,0,0
3.89160583,0,1
3.8921058,0,0
3.8926055,0,1
3.89310547,0,0
3.89360519,0,1
3.8941052,0,0
3.89460494,0,1
3.89510488,0,0
3.8956045,0,1
3.89610438,0,0
3.89660405,0,1
3.89710401,0,0
3.89760376,0,1
3.89810374,0,0
3.89860348,0,1
3.89910344,0,0
3.89960314,0,1
3.90010309,0,0
3.90060278,0,1
3.90110271,0,0
3.90160245,0,1
3.90210242,0,0
3.9026021,0,1
3.90310207,0,0
3.90360175,0,1
3.90410173,0,0
3.90460142,0,1
3.90510136,0,0
3.90560102,0,1
3.90610095,0,0
3.90660065,0,1
3.90710057,0,0
3.90760028,0,1
3.90810021,0,0
3.90859993,0,1
3.9090999,0,0
3.90959963,0,1
3.91009961,0,0
3.91059931,0,1
3.91109923,0,0
3.91159891,0,1
3.91209889,0,0
3.9125986,0,1
3.91309853,0,0
3.91359822,0,1
3.91409813,0,0
3.91459777,0,1
3.91509765,0,0
3.91559735,0,1
3.9160973,0,0
3.91659695,0,1
3.91709682,0,0
3.91759647,0,1
3.9180964,0,0
3.91859608,0,1
3.91909601,0,0
3.91959572,0,1
3.9200957,0,0
3.92059542,0,1
3.9210954,0,0
3.92159515,0,1
3.92209513,0,0
3.92259486,0,1
3.9230948,0,0
3.92359452,0,1
3.92409448,0,0
3.92459418,0,1
3.92509415,0,0
3.92559387,0,1
3.9260938,0,0
3.92659353,0,1
3.92709348,0,0
3.92759318,0,1
3.92809309,0,0
3.92859277,0,1
3.9290927,0,0
3.92959236,0,1
3.93009231,0,0
3.93059202,0,1
3.93109199,0,0
3.93159169,0,1
3.93209168,0,0
3.93259138,0,1
3.93309132,0,0
3.93359102,0,1
3.93409101,0,0
3.93459073,0,1
3.93509066,0,0
3.93559032,0,1
3.93609024,0,0
3.93658992,0,1
3.93708983,0,0
3.93758949,0,1
3.93808943,0,0
3.93858911,0,1
3.93908905,0,0
3.93958876,0,1
3.94008866,0,0
3.94058833,0,1
3.94108827,0,0
3.94158795,0,1
3.94208781,0,0
3.94258744,0,1
3.94308734,0,0
3.94358702,0,1
3.94408694,0,0
3.9445866,0,1
3.9450865,0,0
3.94558615,0,1
3.94608608,0,0
3.94658576,0,1
3.94708569,0,0
3.94758541,0,1
3.94808535,0,0
3.94858509,0,1
3.94908511,0,0
3.94958484,0,1
3.9500848,0,0
3.95058447,0,1
3.95108443,0,0
3.95158413,0,1
3.95208406,0,0
3.95258376,0,1
3.95308368,0,0
3.95358337,0,1
3.95408332,0,0
3.954583,0,1
3.95508297,0,0
3.95558268,0,1
3.95608268,0,0
3.95658241,0,1
3.95708241,0,0
3.95758212,0,1
3.95808209,0,0
3.95858179,0,1
3.95908173,0,0
3.95958141,0,1
3.96008132,0,0
3.96058097,0,1
3.96108093,0,0
3.96158064,0,1
3.96208061,0,0
3.96258034,0,1
3.96308024,0,0
3.96357989,0,1
3.96407981,0,0
3.96457954,0,1
3.96507955,0,0
3.96557926,0,1
3.9660792,0,0
3.96657889,0,1
3.96707882,0,0
3.96757851,0,1
3.96807845,0,0
3.96857813,0,1
3.9690781,0,0
3.96957782,0,1
3.97007774,0,0
3.9705774,0,1
3.97107736,0,0
3.97157707,0,1
3.97207705,0,0
3.97257675,0,1
3.97307668,0,0
3.97357638,0,1
3.97407638,0,0
3.97457614,0,1
3.97507614,0,0
3.97557589,0,1
3.97607587,0,0
3.9765756,0,1
3.97707556,0,0
3.97757524,0,1
3.97807521,0,0
3.97857491,0,1
3.97907481,0,0
3.97957447,0,1
3.98007439,0,0
3.98057409,0,1
3.98107403,0,0
3.98157375,0,1
3.98207371,0,0
3.9825734,0,1
3.98307334,0,0
3.98357306,0,1
3.98407301,0,0
3.98457272,0,1
3.98507269,0,0
3.98557236,0,1
3.9860723,0,0
3.98657201,0,1
3.98707198,0,0
3.98757168,0,1
3.98807162,0,0
3.98857133,0,1
3.98907131,0,0
3.98957107,0,1
3.99007102,0,0
3.99057072,0,1
3.99107069,0,0
3.99157044,0,1
3.9920704,0,0
3.99257012,0,1
3.99307008,0,0
3.99356983,0,1
3.99406978,0,0
3.99456952,0,1
3.99506948,0,0
3.99556916,0,1
3.99606913,0,0
3.99656883,0,1
3.9970688,0,0
3.99756848,0,1
3.99806848,0,0
3.99856824,0,1
3.99906822,0,0
3.99956794,0,1
4.00006792,0,0
4.0005677,0,1
4.00106771,0,0
4.00156747,0,1
4.00206748,0,0
4.0025672,0,1
4.00306719,0,0
4.00356695,0,1
4.00406695,0,0
4.0045667,0,1
4.0050667,0,0
4.00556642,0,1
4.00606644,0,0
4.00656613,0,1
4.00706608,0,0
4.00756577,0,1
4.0080657,0,0
4.00856541,0,1
4.00906541,0,0
4.00956514,0,1
4.01006512,0,0
4.01056482,0,1
4.01106479,0,0
4.01156452,0,1
4.01206452,0,0
4.01256429,0,1
4.01306427,0,0
4.013564,0,1
4.01406398,0,0
4.0145637,0,1
4.01506368,0,0
4.01556344,0,1
4.01606345,0,0
4.01656317,0,1
4.01706315,0,0
4.01756288,0,1
4.01806283,0,0
4.01856256,0,1
4.01906255,0,0
4.01956229,0,1
4.02006231,0,0
4.0205621,0,1
4.02106211,0,0
4.02156191,0,1
4.02206193,0,0
4.02256169,0,1
4.02306172,0,0
4.02356151,0,1
4.02406155,0,0
4.02456132,0,1
4.02506133,0,0
4.02556107,0,1
4.026061,0,0
4.0265607,0,1
4.02706063,0,0
4.02756033,0,1
4.02806031,0,0
4.02856007,0,1
4.02906009,0,0
4.02955985,0,1
4.0300599,0,0
4.03055966,0,1
4.0310597,0,0
4.03155948,0,1
4.0320595,0,0
4.03255929,0,1
4.03305931,0,0
4.03355905,0,1
4.03405908,0,0
4.03455886,0,1
4.0350589,0,0
4.03555871,0,1
4.03605872,0,0
4.03655848,0,1
4.03705851,0,0
4.03755825,0,1
4.03805828,0,0
4.03855805,0,1
4.03905806,0,0
4.03955786,0,1
4.04005796,0,0
4.04055777,0,1
4.04105781,0,0
4.04155757,0,1
4.04205758,0,0
4.0425574,0,1
4.04305746,0,0
4.04355727,0,1
4.04405728,0,0
4.04455708,0,1
4.04505712,0,0
4.04555695,0,1
4.04605702,0,0
4.04655686,0,1
4.0470569,0,0
4.04755664,0,1
4.04805669,0,0
4.0485565,0,1
4.04905656,0,0
4.04955634,0,1
4.05005638,0,0
4.05055616,0,1
4.05105617,0,0
4.05155593,0,1
4.05205593,0,0
4.05255567,0,1
4.05305567,0,0
4.05355547,0,1
4.05405548,0,0
4.05455527,0,1
4.05505529,0,0
4.05555509,0,1
4.05605515,0,0
4.05655493,0,1
4.057055,0,0
4.05755477,0,1
4.05805479,0,0
4.05855454,0,1
4.05905453,0,0
4.05955428,0,1
4.06005427,0,0
4.06055406,0,1
4.06105403,0,0
4.06155377,0,1
4.06205375,0,0
4.06255352,0,1
4.06305355,0,0
4.06355333,0,1
4.06405332,0,0
4.06455305,0,1
4.06505306,0,0
4.06555285,0,1
4.06605286,0,0
4.06655266,0,1
4.06705271,0,0
4.06755247,0,1
4.06805249,0,0
4.06855225,0,1
4.06905231,0,0
4.06955208,0,1
4.07005211,0,0
4.07055187,0,1
4.07105187,0,0
4.07155164,0,1
4.07205164,0,0
4.0725514,0,1
4.07305143,0,0
4.07355122,0,1
4.07405126,0,0
4.07455106,0,1
4.0750511,0,0
4.0755509,0,1
4.07605096,0,0
4.07655077,0,1
4.07705075,0,0
4.07755044,0,1
4.07805044,0,0
4.07855017,0,1
4.0790502,0,0
4.07954996,0,1
4.08004993,0,0
4.08054969,0,1
4.08104968,0,0
4.08154946,0,1
4.08204946,0,0
4.08254919,0,1
4.08304917,0,0
4.08354891,0,1
4.08404892,0,0
4.08454865,0,1
4.08504864,0,0
4.08554836,0,1
4.08604834,0,0
4.0865481,0,1
4.08704812,0,0
4.08754787,0,1
4.08804786,0,0
4.08854762,0,1
4.08904761,0,0
4.08954733,0,1
4.09004728,0,0
4.09054698,0,1
4.09104693,0,0
4.09154661,0,1
4.09204659,0,0
4.09254633,0,1
4.09304635,0,0
4.09354613,0,1
4.09404614,0,0
4.09454588,0,1
4.09504589,0,0
4.09554568,0,1
4.0960457,0,0
4.09654546,0,1
4.09704549,0,0
4.09754523,0,1
4.0980452,0,0
4.09854496,0,1
4.09904494,0,0
4.09954466,0,1
4.10004467,0,0
4.1005444,0,1
4.1010444,0,0
4.10154416,0,1
4.10204419,0,0
4.10254397,0,1
4.103044,0,0
4.10354378,0,1
4.10404379,0,0
4.10454357,0,1
4.10504357,0,0
4.10554334,0,1
4.10604331,0,0
4.10654302,0,1
4.10704298,0,0
4.1075427,0,1
4.10804264,0,0
4.10854233,0,1
4.10904226,0,0
4.10954201,0,1
4.11004205,0,0
4.11054186,0,1
4.1110419,0,0
4.11154169,0,1
4.1120417,0,0
4.11254142,0,1
4.11304144,0,0
4.1135412,0,1
4.11404122,0,0
4.11454096,0,1
4.11504092,0,0
4.11554063,0,1
4.11604061,0,0
4.11654031,0,1
4.11704026,0,0
4.11753999,0,1
4.11803996,0,0
4.11853965,0,1
4.11903964,0,0
4.11953935,0,1
4.12003933,0,0
4.12053904,0,1
4.12103904,0,0
4.12153877,0,1
4.12203877,0,0
4.1225385,0,1
4.12303849,0,0
4.12353826,0,1
4.12403824,0,0
4.124538,0,1
4.12503798,0,0
4.12553772,0,1
4.12603767,0,0
4.12653739,0,1
4.12703733,0,0
4.12753701,0,1
4.12803695,0,0
4.12853662,0,1
4.12903655,0,0
4.12953624,0,1
4.13003619,0,0
4.13053585,0,1
4.13103577,0,0
4.13153545,0,1
4.13203537,0,0
4.13253509,0,1
4.13303504,0,0
4.13353478,0,1
4.13403475,0,0
4.1345345,0,1
4.13503449,0,0
4.13553423,0,1
4.13603422,0,0
4.13653395,0,1
4.13703396,0,0
4.1375337,0,1
4.13803367,0,0
4.1385334,0,1
4.13903335,0,0
4.13953307,0,1
4.14003304,0,0
4.14053276,0,1
4.14103269,0,0
4.14153235,0,1
4.14203226,0,0
4.14253192,0,1
4.14303185,0,0
4.14353152,0,1
4.14403146,0,0
4.14453113,0,1
4.14503106,0,0
4.14553074,0,1
4.14603069,0,0
4.14653039,0,1
4.14703037,0,0
4.14753008,0,1
4.14803001,0,0
4.1485297,0,1
4.14902962,0,0
4.14952929,0,1
4.15002924,0,0
4.15052891,0,1
4.15102885,0,0
4.15152856,0,1
4.15202852,0,0
4.15252823,0,1
4.15302816,0,0
4.15352784,0,1
4.15402776,0,0
4.15452745,0,1
4.15502739,0,0
4.1555271,0,1
4.15602705,0,0
4.15652674,0,1
4.15702672,0,0
4.15752645,0,1
4.15802644,0,0
4.15852616,0,1
4.15902613,0,0
4.15952585,0,1
4.16002583,0,0
4.16052557,0,1
4.16102554,0,0
4.16152527,0,1
4.1620252,0,0
4.16252489,0,1
4.16302484,0,0
4.16352454,0,1
4.16402446,0,0
4.16452414,0,1
4.16502406,0,0
4.16552376,0,1
4.16602365,0,0
4.16652329,0,1
4.16702316,0,0
4.16752281,0,1
4.1680227,0,0
4.16852237,0,1
4.16902229,0,0
4.16952198,0,1
4.17002193,0,0
4.1705216,0,1
4.17102152,0,0
4.17152125,0,1
4.17202124,0,0
4.17252095,0,1
4.17302088,0,0
4.17352052,0,1
4.17402043,0,0
4.17452011,0,1
4.17502003,0,0
4.17551969,0,1
4.17601964,0,0
4.17651932,0,1
4.17701923,0,0
4.17751888,0,1
4.17801877,0,0
4.17851843,0,1
4.17901837,0,0
4.17951805,0,1
4.18001794,0,0
4.18051763,0,1
4.18101754,0,0
4.18151718,0,1
4.18201709,0,0
4.18251672,0,1
4.18301662,0,0
4.18351626,0,1
4.18401614,0,0
4.18451576,0,1
4.18501562,0,0
4.18551529,0,1
4.1860152,0,0
4.18651485,0,1
4.18701473,0,0
4.18751437,0,1
4.18801427,0,0
4.18851396,0,1
4.18901388,0,0
4.18951355,0,1
4.19001346,0,0
4.19051313,0,1
4.19101304,0,0
4.19151271,0,1
4.19201259,0,0
4.19251227,0,1
4.19301218,0,0
4.19351185,0,1
4.19401178,0,0
4.19451145,0,1
4.19501134,0,0
4.19551103,0,1
4.19601097,0,0
4.19651063,0,1
4.19701056,0,0
4.19751022,0,1
4.19801013,0,0
4.1985098,0,1
4.19900968,0,0
4.19950932,0,1
4.20000923,0,0
4.20050888,0,1
4.20100879,0,0
4.20150845,0,1
4.20200835,0,0
4.20250807,0,1
4.20300803,0,0
4.20350771,0,1
4.20400766,0,0
4.20450736,0,1
4.20500733,0,0
4.20550707,0,1
4.20600704,0,0
4.20650675,0,1
4.20700675,0,0
4.20750649,0,1
4.20800644,0,0
4.20850614,0,1
4.20900609,0,0
4.20950579,0,1
4.21000572,0,0
4.21050542,0,1
4.2110054,0,0
4.21150514,0,1
4.2120051,0,0
4.21250483,0,1
4.2130048,0,0
4.21350453,0,1
4.21400453,0,0
4.21450427,0,1
4.21500428,0,0
4.21550402,0,1
4.216004,0,0
4.21650373,0,1
4.21700371,0,0
4.21750342,0,1
4.2180034,0,0
4.21850314,0,1
4.2190031,0,0
4.2195028,0,1
4.22000275,0,0
4.22050245,0,1
4.22100238,0,0
4.22150205,0,1
4.22200198,0,0
4.22250165,0,1
4.22300157,0,0
4.22350125,0,1
4.22400118,0,0
4.2245009,0,1
4.22500081,0,0
4.22550051,0,1
4.22600049,0,0
4.22650019,0,1
4.22700012,0,0
4.22749981,0,1
4.22799977,0,0
4.22849946,0,1
4.22899941,0,0
4.22949911,0,1
4.22999906,0,0
4.23049878,0,1
4.23099872,0,0
4.23149842,0,1
4.23199834,0,0
4.23249804,0,1
4.23299798,0,0
4.23349766,0,1
4.23399755,0,0
4.23449724,0,1
4.23499719,0,0
4.23549684,0,1
4.23599678,0,0
4.2364965,0,1
4.23699647,0,0
4.23749619,0,1
4.23799615,0,0
4.23849582,0,1
4.23899578,0,0
4.23949547,0,1
4.2399954,0,0
4.24049506,0,1
4.24099498,0,0
4.2414946,0,1
4.24199452,0,0
4.2424942,0,1
4.24299411,0,0
4.24349376,0,1
4.24399365,0,0
4.24449333,0,1
4.24499326,0,0
4.24549294,0,1
4.24599285,0,0
4.24649249,0,1
4.24699237,0,0
4.24749199,0,1
4.2479919,0,0
4.24849156,0,1
4.24899145,0,0
4.2494911,0,1
4.24999099,0,0
4.25049063,0,1
4.2509905,0,0
4.25149011,0,1
4.25198993,0,0
4.25248952,0,1
4.25298939,0,0
4.25348902,0,1
4.25398892,0,0
4.25448854,0,1
4.25498841,0,0
4.25548805,0,1
4.25598793,0,0
4.25648757,0,1
4.25698746,0,0
4.25748711,0,1
4.25798703,0,0
4.25848674,0,1
4.25898666,0,0
4.25948628,0,1
4.25998617,0,0
4.26048584,0,1
4.26098573,0,0
4.26148534,0,1
4.26198522,0,0
4.26248484,0,1
4.26298477,0,0
4.26348444,0,1
4.26398434,0,0
4.26448402,0,1
4.26498393,0,0
4.2654836,0,1
4.26598348,0,0
4.26648317,0,1
4.26698311,0,0
4.26748279,0,1
4.26798271,0,0
4.26848239,0,1
4.2689823,0,0
4.26948197,0,1
4.26998185,0,0
4.27048147,0,1
4.27098135,0,0
4.27148099,0,1
4.27198086,0,0
4.2724805,0,1
4.27298038,0,0
4.27348,0,1
4.27397988,0,0
4.27447952,0,1
4.27497941,0,0
4.27547904,0,1
4.27597891,0,0
4.27647855,0,1
4.27697839,0,0
4.277478,0,1
4.27797784,0,0
4.27847748,0,1
4.27897738,0,0
4.27947702,0,1
4.2799769,0,0
4.28047654,0,1
4.28097645,0,0
4.28147608,0,1
4.28197601,0,0
4.28247566,0,1
4.28297557,0,0
4.28347522,0,1
4.2839751,0,0
4.28447474,0,1
4.28497467,0,0
4.28547436,0,1
4.28597429,0,0
4.28647398,0,1
4.28697391,0,0
4.28747362,0,1
4.28797354,0,0
4.28847322,0,1
4.28897319,0,0
4.2894729,0,1
4.28997286,0,0
4.29047255,0,1
4.29097252,0,0
4.29147226,0,1
4.29197223,0,0
4.29247195,0,1
4.2929719,0,0
4.29347157,0,1
4.29397149,0,0
4.29447115,0,1
4.29497104,0,0
4.29547067,0,1
4.29597061,0,0
4.29647033,0,1
4.29697024,0,0
4.29746988,0,1
4.29796977,0,0
4.29846939,0,1
4.29896925,0,0
4.29946889,0,1
4.29996876,0,0
4.30046843,0,1
4.30096834,0,0
4.30146802,0,1
4.30196793,0,0
4.30246759,0,1
4.30296746,0,0
4.30346714,0,1
4.30396703,0,0
4.3044667,0,1
4.30496662,0,0
4.30546631,0,1
4.30596619,0,0
4.30646584,0,1
4.30696574,0,0
4.30746538,0,1
4.30796529,0,0
4.30846494,0,1
4.30896484,0,0
4.30946447,0,1
4.30996437,0,0
4.31046403,0,1
4.31096392,0,0
4.31146352,0,1
4.31196336,0,0
4.31246302,0,1
4.3129629,0,0
4.31346255,0,1
4.31396246,0,0
4.31446212,0,1
4.31496202,0,0
4.31546169,0,1
4.31596161,0,0
4.31646127,0,1
4.3169612,0,0
4.31746088,0,1
4.3179608,0,0
4.31846046,0,1
4.31896038,0,0
4.31946003,0,1
4.31995991,0,0
4.32045955,0,1
4.32095945,0,0
4.32145909,0,1
4.321959,0,0
4.32245868,0,1
4.32295859,0,0
4.32345825,0,1
4.32395813,0,0
4.3244578,0,1
4.32495769,0,0
4.32545729,0,1
4.32595707,0,0
4.32645663,0,1
4.32695646,0,0
4.32745608,0,1
4.32795593,0,0
4.32845556,0,1
4.32895542,0,0
4.32945505,0,1
4.32995495,0,0
4.33045456,0,1
4.33095441,0,0
4.33145402,0,1
4.33195386,0,0
4.33245351,0,1
4.33295339,0,0
4.333453,0,1
4.33395288,0,0
4.3344525,0,1
4.3349524,0,0
4.33545206,0,1
4.33595194,0,0
4.33645161,0,1
4.3369515,0,0
4.33745112,0,1
4.33795098,0,0
4.33845059,0,1
4.33895046,0,0
4.33945006,0,1
4.33994992,0,0
4.34044957,0,1
4.34094948,0,0
4.34144911,0,1
4.34194901,0,0
4.34244867,0,1
4.34294861,0,0
4.34344833,0,1
4.34394826,0,0
4.34444797,0,1
4.34494789,0,0
4.34544755,0,1
4.34594747,0,0
4.34644712,0,1
4.34694703,0,0
4.3474467,0,1
4.34794662,0,0
4.3484463,0,1
4.34894623,0,0
4.34944589,0,1
4.34994581,0,0
4.35044547,0,1
4.35094538,0,0
4.35144506,0,1
4.35194499,0,0
4.35244462,0,1
4.35294449,0,0
4.35344414,0,1
4.35394404,0,0
4.35444366,0,1
4.35494354,0,0
4.35544316,0,1
4.35594308,0,0
4.35644274,0,1
4.35694264,0,0
4.35744229,0,1
4.35794219,0,0
4.35844187,0,1
4.35894177,0,0
4.35944141,0,1
4.35994127,0,0
4.3604409,0,1
4.36094079,0,0
4.36144047,0,1
4.36194039,0,0
4.36244007,0,1
4.36293999,0,0
4.36343963,0,1
4.3639395,0,0
4.36443915,0,1
4.36493901,0,0
4.36543862,0,1
4.36593853,0,0
4.36643815,0,1
4.36693802,0,0
4.36743766,0,1
4.36793749,0,0
4.3684371,0,1
4.36893698,0,0
4.36943665,0,1
4.36993654,0,0
4.37043622,0,1
4.37093615,0,0
4.3714358,0,1
4.3719357,0,0
4.37243539,0,1
4.37293523,0,0
4.37343481,0,1
4.3739347,0,0
4.37443436,0,1
4.37493429,0,0
4.37543398,0,1
4.37593387,0,0
4.37643352,0,1
4.37693344,0,0
4.37743314,0,1
4.37793308,0,0
4.37843277,0,1
4.37893269,0,0
4.37943238,0,1
4.3799323,0,0
4.38043194,0,1
4.38093185,0,0
4.38143157,0,1
4.38193149,0,0
4.38243116,0,1
4.38293105,0,0
4.38343065,0,1
4.38393054,0,0
4.38443019,0,1
4.38493006,0,0
4.38542968,0,1
4.38592958,0,0
4.3864292,0,1
4.38692908,0,0
4.38742875,0,1
4.38792862,0,0
4.3884283,0,1
4.38892816,0,0
4.3894278,0,1
4.38992768,0,0
4.3904273,0,1
4.39092721,0,0
4.39142685,0,1
4.39192675,0,0
4.39242635,0,1
4.39292617,0,0
4.39342574,0,1
4.39392557,0,0
4.39442522,0,1
4.39492514,0,0
4.39542481,0,1
4.39592472,0,0
4.39642436,0,1
4.39692427,0,0
4.39742391,0,1
4.39792381,0,0
4.39842344,0,1
4.3989233,0,0
4.39942294,0,1
4.39992281,0,0
4.40042244,0,1
4.40092235,0,0
4.40142201,0,1
4.40192191,0,0
4.40242155,0,1
4.40292142,0,0
4.40342102,0,1
4.40392087,0,0
4.40442051,0,1
4.40492039,0,0
4.40542002,0,1
4.40591992,0,0
4.40641959,0,1
4.40691951,0,0
4.40741918,0,1
4.40791909,0,0
4.40841874,0,1
4.40891866,0,0
4.40941833,0,1
4.40991825,0,0
4.41041793,0,1
4.41091784,0,0
4.4114175,0,1
4.41191742,0,0
4.41241708,0,1
4.41291699,0,0
4.41341664,0,1
4.41391657,0,0
4.41441621,0,1
4.41491612,0,0
4.41541578,0,1
4.4159157,0,0
4.41641539,0,1
4.41691532,0,0
4.417415,0,1
4.41791493,0,0
4.4184146,0,1
4.41891447,0,0
4.41941411,0,1
4.419914,0,0
4.42041364,0,1
4.42091352,0,0
4.42141315,0,1
4.421913,0,0
4.42241262,0,1
4.42291251,0,0
4.42341214,0,1
4.42391199,0,0
4.42441168,0,1
4.42491157,0,0
4.4254112,0,1
4.42591109,0,0
4.42641076,0,1
4.42691067,0,0
4.42741037,0,1
4.4279103,0,0
4.42841,0,1
4.42890995,0,0
4.42940963,0,1
4.42990954,0,0
4.43040922,0,1
4.43090917,0,0
4.43140885,0,1
4.43190879,0,0
4.43240845,0,1
4.43290836,0,0
4.43340803,0,1
4.43390794,0,0
4.43440759,0,1
4.4349075,0,0
4.43540718,0,1
4.43590709,0,0
4.43640672,0,1
4.43690661,0,0
4.43740631,0,1
4.43790628,0,0
4.43840594,0,1
4.43890585,0,0
4.4394055,0,1
4.43990539,0,0
4.44040501,0,1
4.44090492,0,0
4.44140457,0,1
4.4419045,0,0
4.44240415,0,1
4.442904,0,0
4.4434036,0,1
4.44390345,0,0
4.44440309,0,1
4.44490296,0,0
4.44540263,0,1
4.44590251,0,0
4.44640215,0,1
4.44690207,0,0
4.44740176,0,1
4.44790165,0,0
4.44840132,0,1
4.44890122,0,0
4.44940087,0,1
4.44990076,0,0
4.4504004,0,1
4.45090028,0,0
4.45139991,0,1
4.4518998,0,0
4.45239942,0,1
4.45289931,0,0
4.45339896,0,1
4.45389886,0,0
4.45439857,0,1
4.45489852,0,0
4.45539823,0,1
4.45589814,0,0
4.45639782,0,1
4.45689776,0,0
4.45739742,0,1
4.45789734,0,0
4.45839705,0,1
4.45889699,0,0
4.45939666,0,1
4.45989661,0,0
4.46039632,0,1
4.46089625,0,0
4.46139595,0,1
4.46189593,0,0
4.46239566,0,1
4.46289564,0,0
4.46339535,0,1
4.4638953,0,0
4.464395,0,1
4.4648949,0,0
4.46539457,0,1
4.46589449,0,0
4.46639418,0,1
4.46689415,0,0
4.46739388,0,1
4.46789385,0,0
4.4683936,0,1
4.46889357,0,0
4.46939328,0,1
4.46989323,0,0
4.47039294,0,1
4.4708929,0,0
4.47139262,0,1
4.47189257,0,0
4.47239228,0,1
4.47289221,0,0
4.47339189,0,1
4.47389182,0,0
4.4743915,0,1
4.47489144,0,0
4.47539109,0,1
4.475891,0,0
4.47639067,0,1
4.47689057,0,0
4.47739023,0,1
4.47789012,0,0
4.47838982,0,1
4.47888972,0,0
4.47938938,0,1
4.47988929,0,0
4.48038898,0,1
4.48088891,0,0
4.48138857,0,1
4.48188848,0,0
4.48238814,0,1
4.48288807,0,0
4.48338776,0,1
4.4838877,0,0
4.48438736,0,1
4.48488728,0,0
4.48538698,0,1
4.48588691,0,0
4.48638661,0,1
4.48688654,0,0
4.48738622,0,1
4.48788614,0,0
4.48838583,0,1
4.4888858,0,0
4.48938553,0,1
4.48988548,0,0
4.49038518,0,1
4.49088511,0,0
4.49138479,0,1
4.49188471,0,0
4.49238438,0,1
4.49288432,0,0
4.493384,0,1
4.49388398,0,0
4.49438368,0,1
4.49488364,0,0
4.49538338,0,1
4.49588333,0,0
4.49638305,0,1
4.49688299,0,0
4.49738268,0,1
4.49788263,0,0
4.49838232,0,1
4.49888228,0,0
4.49938196,0,1
4.4998819,0,0
4.50038159,0,1
4.50088155,0,0
4.50138126,0,1
4.50188123,0,0
4.50238094,0,1
4.50288087,0,0
4.50338055,0,1
4.50388051,0,0
4.50438025,0,1
4.50488023,0,0
4.50537992,0,1
4.50587989,0,0
4.5063796,0,1
4.5068796,0,0
4.50737935,0,1
4.50787933,0,0
4.50837904,0,1
4.50887903,0,0
4.50937875,0,1
4.5098787,0,0
4.51037843,0,1
4.51087842,0,0
4.51137811,0,1
4.51187806,0,0
4.51237778,0,1
4.51287774,0,0
4.51337745,0,1
4.51387733,0,0
4.51437702,0,1
4.51487696,0,0
4.51537663,0,1
4.51587658,0,0
4.51637625,0,1
4.51687617,0,0
4.51737585,0,1
4.51787582,0,0
4.5183755,0,1
4.51887544,0,0
4.51937509,0,1
4.51987505,0,0
4.52037476,0,1
4.52087467,0,0
4.52137437,0,1
4.52187432,0,0
4.52237408,0,1
4.52287406,0,0
4.52337376,0,1
4.52387373,0,0
4.52437341,0,1
4.52487333,0,0
4.52537301,0,1
4.52587298,0,0
4.52637264,0,1
4.52687255,0,0
4.52737227,0,1
4.52787224,0,0
4.52837194,0,1
4.52887192,0,0
4.52937161,0,1
4.52987154,0,0
4.53037123,0,1
4.53087113,0,0
4.53137079,0,1
4.5318707,0,0
4.53237036,0,1
4.5328703,0,0
4.53336997,0,1
4.53386991,0,0
4.53436955,0,1
4.53486948,0,0
4.53536917,0,1
4.53586914,0,0
4.53636879,0,1
4.53686873,0,0
4.53736841,0,1
4.53786833,0,0
4.53836799,0,1
4.5388679,0,0
4.53936757,0,1
4.53986749,0,0
4.54036717,0,1
4.54086711,0,0
4.54136683,0,1
4.54186678,0,0
4.54236646,0,1
4.5428664,0,0
4.54336608,0,1
4.54386602,0,0
4.54436567,0,1
4.5448656,0,0
4.54536527,0,1
4.54586519,0,0
4.54636485,0,1
4.54686479,0,0
4.54736448,0,1
4.54786438,0,0
4.54836404,0,1
4.54886394,0,0
4.54936361,0,1
4.54986355,0,0
4.55036324,0,1
4.55086316,0,0
4.55136282,0,1
4.55186275,0,0
4.55236243,0,1
4.55286237,0,0
4.55336205,0,1
4.55386199,0,0
4.55436165,0,1
4.55486156,0,0
4.55536119,0,1
4.55586112,0,0
4.55636082,0,1
4.55686081,0,0
4.55736053,0,1
4.5578605,0,0
4.55836024,0,1
4.55886021,0,0
4.55935992,0,1
4.55985989,0,0
4.56035961,0,1
4.56085958,0,0
4.56135929,0,1
4.56185924,0,0
4.56235895,0,1
4.56285894,0,0
4.56335867,0,1
4.56385868,0,0
4.56435846,0,1
4.56485847,0,0
4.5653582,0,1
4.56585815,0,0
4.56635783,0,1
4.5668578,0,0
4.56735753,0,1
4.56785751,0,0
4.56835723,0,1
4.56885721,0,0
4.56935695,0,1
4.5698569,0,0
4.57035663,0,1
4.5708566,0,0
4.57135633,0,1
4.57185628,0,0
4.57235598,0,1
4.57285593,0,0
4.57335559,0,1
4.57385554,0,0
4.57435525,0,1
4.5748552,0,0
4.57535488,0,1
4.57585481,0,0
4.57635452,0,1
4.57685444,0,0
4.57735413,0,1
4.57785406,0,0
4.57835372,0,1
4.57885366,0,0
4.57935337,0,1
4.57985331,0,0
4.58035302,0,1
4.58085297,0,0
4.58135263,0,1
4.58185258,0,0
4.58235226,0,1
4.5828522,0,0
4.5833519,0,1
4.58385188,0,0
4.58435158,0,1
4.58485152,0,0
4.58535123,0,1
4.58585117,0,0
4.58635087,0,1
4.5868508,0,0
4.58735051,0,1
4.58785049,0,0
4.58835021,0,1
4.58885019,0,0
4.58934992,0,1
4.58984987,0,0
4.59034958,0,1
4.59084956,0,0
4.59134928,0,1
4.59184925,0,0
4.59234896,0,1
4.59284892,0,0
4.59334862,0,1
4.59384854,0,0
4.59434819,0,1
4.59484813,0,0
4.59534782,0,1
4.59584777,0,0
4.5963475,0,1
4.59684745,0,0
4.59734716,0,1
4.59784712,0,0
4.59834682,0,1
4.59884681,0,0
4.59934653,0,1
4.59984646,0,0
4.60034616,0,1
4.60084613,0,0
4.60134583,0,1
4.60184579,0,0
4.60234552,0,1
4.60284548,0,0
4.60334523,0,1
4.6038452,0,0
4.60434493,0,1
4.60484491,0,0
4.60534461,0,1
4.60584458,0,0
4.60634426,0,1
4.60684422,0,0
4.60734398,0,1
4.60784396,0,0
4.60834368,0,1
4.60884363,0,0
4.60934334,0,1
4.60984335,0,0
4.61034312,0,1
4.61084312,0,0
4.61134288,0,1
4.61184286,0,0
4.61234257,0,1
4.61284254,0,0
4.61334226,0,1
4.61384224,0,0
4.61434196,0,1
4.61484194,0,0
4.61534168,0,1
4.61584165,0,0
4.61634137,0,1
4.61684134,0,0
4.61734109,0,1
4.61784111,0,0
4.61834086,0,1
4.61884086,0,0
4.61934056,0,1
4.61984053,0,0
4.62034024,0,1
4.62084021,0,0
4.62133994,0,1
4.6218399,0,0
4.62233963,0,1
4.62283962,0,0
4.62333937,0,1
4.6238393,0,0
4.624339,0,1
4.62483894,0,0
4.62533865,0,1
4.62583862,0,0
4.62633834,0,1
4.62683829,0,0
4.62733798,0,1
4.6278379,0,0
4.62833759,0,1
4.62883751,0,0
4.62933719,0,1
4.6298371,0,0
4.63033675,0,1
4.63083665,0,0
4.63133628,0,1
4.63183621,0,0
4.6323359,0,1
4.63283581,0,0
4.63333548,0,1
4.63383539,0,0
4.63433507,0,1
4.63483501,0,0
4.63533468,0,1
4.63583466,0,0
4.63633436,0,1
4.63683433,0,0
4.63733402,0,1
4.63783394,0,0
4.63833364,0,1
4.63883357,0,0
4.63933324,0,1
4.63983313,0,0
4.64033275,0,1
4.64083257,0,0
4.64133218,0,1
4.6418321,0,0
4.64233178,0,1
4.6428317,0,0
4.64333136,0,1
4.64383128,0,0
4.64433096,0,1
4.64483088,0,0
4.64533053,0,1
4.64583042,0,0
4.64633004,0,1
4.64682993,0,0
4.64732959,0,1
4.64782951,0,0
4.64832918,0,1
4.64882908,0,0
4.64932875,0,1
4.64982868,0,0
4.65032832,0,1
4.65082825,0,0
4.65132792,0,1
4.65182788,0,0
4.65232757,0,1
4.65282748,0,0
4.65332714,0,1
4.65382705,0,0
4.65432675,0,1
4.65482671,0,0
4.65532642,0,1
4.65582631,0,0
4.65632599,0,1
4.65682592,0,0
4.65732561,0,1
4.65782553,0,0
4.65832522,0,1
4.65882514,0,0
4.6593248,0,1
4.65982476,0,0
4.66032446,0,1
4.66082441,0,0
4.66132409,0,1
4.66182404,0,0
4.6623237,0,1
4.66282363,0,0
4.66332329,0,1
4.66382321,0,0
4.6643229,0,1
4.66482284,0,0
4.66532256,0,1
4.6658225,0,0
4.66632218,0,1
4.66682211,0,0
4.6673218,0,1
4.66782174,0,0
4.66832142,0,1
4.66882133,0,0
4.66932103,0,1
4.66982094,0,0
4.67032063,0,1
4.67082059,0,0
4.67132029,0,1
4.67182024,0,0
4.67231993,0,1
4.6728199,0,0
4.67331964,0,1
4.67381959,0,0
4.67431935,0,1
4.67481934,0,0
4.67531907,0,1
4.67581901,0,0
4.6763187,0,1
4.67681863,0,0
4.67731829,0,1
4.67781818,0,0
4.67831788,0,1
4.67881785,0,0
4.67931758,0,1
4.67981754,0,0
4.68031723,0,1
4.68081718,0,0
4.68131688,0,1
4.68181684,0,0
4.68231657,0,1
4.68281653,0,0
4.68331623,0,1
4.68381621,0,0
4.6843159,0,1
4.68481587,0,0
4.68531556,0,1
4.6858155,0,0
4.68631521,0,1
4.68681518,0,0
4.6873149,0,1
4.68781486,0,0
4.6883146,0,1
4.68881459,0,0
4.68931432,0,1
4.68981432,0,0
4.69031408,0,1
4.69081405,0,0
4.69131378,0,1
4.69181378,0,0
4.69231354,0,1
4.69281351,0,0
4.69331325,0,1
4.6938132,0,0
4.69431292,0,1
4.69481289,0,0
4.69531261,0,1
4.69581257,0,0
4.6963123,0,1
4.69681223,0,0
4.69731191,0,1
4.69781182,0,0
4.69831148,0,1
4.69881138,0,0
4.699311,0,1
4.6998109,0,0
4.70031057,0,1
4.7008105,0,0
4.70131017,0,1
4.70181012,0,0
4.70230985,0,1
4.70280982,0,0
4.70330955,0,1
4.70380952,0,0
4.70430924,0,1
4.70480919,0,0
4.70530888,0,1
4.70580882,0,0
4.70630855,0,1
4.70680852,0,0
4.70730826,0,1
4.70780823,0,0
4.70830795,0,1
4.7088079,0,0
4.70930762,0,1
4.70980757,0,0
4.71030727,0,1
4.71080719,0,0
4.71130688,0,1
4.71180683,0,0
4.71230653,0,1
4.71280643,0,0
4.7133061,0,1
4.71380606,0,0
4.71430575,0,1
4.71480569,0,0
4.71530541,0,1
4.7158054,0,0
4.71630516,0,1
4.71680514,0,0
4.71730486,0,1
4.71780481,0,0
4.71830451,0,1
4.71880449,0,0
4.71930421,0,1
4.71980417,0,0
4.72030387,0,1
4.72080381,0,0
4.72130355,0,1
4.72180349,0,0
4.72230321,0,1
4.72280317,0,0
4.72330288,0,1
4.72380286,0,0
4.72430256,0,1
4.72480253,0,0
4.72530223,0,1
4.72580221,0,0
4.72630192,0,1
4.72680189,0,0
4.72730163,0,1
4.7278016,0,0
4.72830134,0,1
4.72880131,0,0
4.72930103,0,1
4.729801,0,0
4.73030073,0,1
4.73080067,0,0
4.73130039,0,1
4.73180036,0,0
4.73230012,0,1
4.73280009,0,0
4.7332998,0,1
4.73379975,0,0
4.73429953,0,1
4.73479953,0,0
4.73529926,0,1
4.73579922,0,0
4.7362989,0,1
4.73679883,0,0
4.73729854,0,1
4.73779853,0,0
4.73829826,0,1
4.73879822,0,0
4.73929792,0,1
4.73979782,0,0
4.74029754,0,1
4.74079749,0,0
4.74129717,0,1
4.7417971,0,0
4.74229683,0,1
4.74279679,0,0
4.74329651,0,1
4.74379644,0,0
4.74429613,0,1
4.74479608,0,0
4.74529582,0,1
4.74579579,0,0
4.74629553,0,1
4.74679546,0,0
4.74729517,0,1
4.7477951,0,0
4.74829481,0,1
4.74879477,0,0
4.74929449,0,1
4.74979444,0,0
4.75029415,0,1
4.75079411,0,0
4.75129383,0,1
4.75179374,0,0
4.75229346,0,1
4.75279341,0,0
4.75329309,0,1
4.75379305,0,0
4.75429272,0,1
4.7547927,0,0
4.75529243,0,1
4.75579238,0,0
4.7562921,0,1
4.75679206,0,0
4.7572918,0,1
4.75779176,0,0
4.75829147,0,1
4.75879144,0,0
4.75929114,0,1
4.75979112,0,0
4.76029084,0,1
4.76079081,0,0
4.76129054,0,1
4.76179048,0,0
4.76229018,0,1
4.76279004,0,0
4.7632897,0,1
4.76378963,0,0
4.76428931,0,1
4.76478924,0,0
4.76528891,0,1
4.76578887,0,0
4.76628859,0,1
4.76678858,0,0
4.7672883,0,1
4.76778822,0,0
4.76828789,0,1
4.76878781,0,0
4.76928744,0,1
4.76978733,0,0
4.77028695,0,1
4.77078689,0,0
4.77128656,0,1
4.77178649,0,0
4.77228616,0,1
4.7727861,0,0
4.77328577,0,1
4.77378567,0,0
4.77428537,0,1
4.7747853,0,0
4.77528499,0,1
4.7757849,0,0
4.7762846,0,1
4.77678451,0,0
4.77728416,0,1
4.77778407,0,0
4.77828374,0,1
4.77878366,0,0
4.77928334,0,1
4.7797833,0,0
4.78028295,0,1
4.78078283,0,0
4.78128246,0,1
4.78178233,0,0
4.78228197,0,1
4.78278184,0,0
4.78328147,0,1
4.78378132,0,0
4.78428095,0,1
4.78478084,0,0
4.78528047,0,1
4.78578033,0,0
4.78627997,0,1
4.78677987,0,0
4.78727953,0,1
4.78777947,0,0
4.7882791,0,1
4.78877901,0,0
4.78927864,0,1
4.78977852,0,0
4.79027814,0,1
4.79077802,0,0
4.79127764,0,1
4.79177753,0,0
4.79227715,0,1
4.79277697,0,0
4.79327655,0,1
4.79377639,0,0
4.79427605,0,1
4.79477592,0,0
4.79527556,0,1
4.79577544,0,0
4.79627509,0,1
4.79677496,0,0
4.7972746,0,1
4.79777449,0,0
4.79827414,0,1
4.79877402,0,0
4.79927367,0,1
4.79977357,0,0
4.80027323,0,1
4.80077313,0,0
4.80127279,0,1
4.8017727,0,0
4.80227233,0,1
4.80277222,0,0
4.80327189,0,1
4.8037718,0,0
4.80427148,0,1
4.80477138,0,0
4.80527104,0,1
4.80577094,0,0
4.80627064,0,1
4.80677053,0,0
4.80727018,0,1
4.80777006,0,0
4.80826969,0,1
4.8087696,0,0
4.80926925,0,1
4.80976917,0,0
4.81026885,0,1
4.81076879,0,0
4.81126847,0,1
4.81176836,0,0
4.81226799,0,1
4.81276788,0,0
4.81326752,0,1
4.81376742,0,0
4.81426706,0,1
4.81476699,0,0
4.81526665,0,1
4.81576651,0,0
4.81626613,0,1
4.81676603,0,0
4.81726565,0,1
4.81776551,0,0
4.81826509,0,1
4.81876493,0,0
4.81926459,0,1
4.81976452,0,0
4.82026416,0,1
4.82076407,0,0
4.82126373,0,1
4.82176364,0,0
4.82226331,0,1
4.82276321,0,0
4.82326284,0,1
4.82376275,0,0
4.8242624,0,1
4.82476226,0,0
4.82526188,0,1
4.82576176,0,0
4.82626139,0,1
4.82676129,0,0
4.82726091,0,1
4.82776077,0,0
4.8282604,0,1
4.82876028,0,0
4.8292599,0,1
4.82975978,0,0
4.83025942,0,1
4.83075931,0,0
4.83125897,0,1
4.83175887,0,0
4.83225849,0,1
4.83275837,0,0
4.83325798,0,1
4.83375784,0,0
4.83425746,0,1
4.83475737,0,0
4.83525699,0,1
4.83575684,0,0
4.83625645,0,1
4.83675635,0,0
4.83725598,0,1
4.83775588,0,0
4.83825548,0,1
4.83875536,0,0
4.83925499,0,1
4.83975488,0,0
4.84025452,0,1
4.8407544,0,0
4.84125404,0,1
4.84175392,0,0
4.84225359,0,1
4.84275351,0,0
4.84325321,0,1
4.84375311,0,0
4.84425275,0,1
4.84475266,0,0
4.84525231,0,1
4.84575221,0,0
4.84625185,0,1
4.84675172,0,0
4.84725137,0,1
4.84775129,0,0
4.84825094,0,1
4.84875086,0,0
4.84925051,0,1
4.84975043,0,0
4.8502501,0,1
4.85075,0,0
4.85124966,0,1
4.8517496,0,0
4.85224924,0,1
4.85274912,0,0
4.85324875,0,1
4.85374865,0,0
4.85424831,0,1
4.85474815,0,0
4.85524774,0,1
4.85574763,0,0
4.85624724,0,1
4.85674711,0,0
4.85724679,0,1
4.85774667,0,0
4.85824637,0,1
4.85874631,0,0
4.859246,0,1
4.85974591,0,0
4.8602456,0,1
4.8607455,0,0
4.86124513,0,1
4.86174506,0,0
4.86224476,0,1
4.86274471,0,0
4.86324441,0,1
4.86374435,0,0
4.86424411,0,1
4.86474411,0,0
4.86524381,0,1
4.86574375,0,0
4.86624344,0,1
4.86674341,0,0
4.8672431,0,1
4.86774307,0,0
4.86824277,0,1
4.86874274,0,0
4.86924243,0,1
4.86974237,0,0
4.87024202,0,1
4.87074193,0,0
4.87124162,0,1
4.87174153,0,0
4.87224117,0,1
4.87274109,0,0
4.87324076,0,1
4.87374069,0,0
4.87424035,0,1
4.87474021,0,0
4.87523984,0,1
4.87573977,0,0
4.87623947,0,1
4.8767394,0,0
4.87723909,0,1
4.877739,0,0
4.87823864,0,1
4.87873852,0,0
4.87923819,0,1
4.8797381,0,0
4.88023779,0,1
4.88073774,0,0
4.88123738,0,1
4.88173727,0,0
4.88223693,0,1
4.88273683,0,0
4.88323651,0,1
4.88373648,0,0
4.88423621,0,1
4.88473619,0,0
4.88523589,0,1
4.88573584,0,0
4.88623552,0,1
4.88673544,0,0
4.88723513,0,1
4.88773504,0,0
4.88823469,0,1
4.88873458,0,0
4.88923425,0,1
4.88973411,0,0
4.8902337,0,1
4.89073354,0,0
4.89123321,0,1
4.89173316,0,0
4.89223288,0,1
4.89273282,0,0
4.89323245,0,1
4.89373239,0,0
4.89423209,0,1
4.89473203,0,0
4.89523171,0,1
4.89573168,0,0
4.89623136,0,1
4.89673123,0,0
4.89723088,0,1
4.89773079,0,0
4.89823046,0,1
4.8987304,0,0
4.89923005,0,1
4.89972995,0,0
4.9002296,0,1
4.90072949,0,0
4.90122914,0,1
4.90172906,0,0
4.90222871,0,1
4.9027286,0,0
4.90322824,0,1
4.90372812,0,0
4.90422778,0,1
4.90472766,0,0
4.90522733,0,1
4.90572723,0,0
4.90622688,0,1
4.90672678,0,0
4.90722643,0,1
4.90772635,0,0
4.90822599,0,1
4.90872587,0,0
4.90922553,0,1
4.90972543,0,0
4.91022503,0,1
4.91072488,0,0
4.91122451,0,1
4.91172439,0,0
4.912224,0,1
4.91272385,0,0
4.91322351,0,1
4.91372341,0,0
4.91422308,0,1
4.91472299,0,0
4.91522262,0,1
4.91572249,0,0
4.91622209,0,1
4.91672198,0,0
4.91722165,0,1
4.91772158,0,0
4.91822125,0,1
4.91872115,0,0
4.91922081,0,1
4.91972073,0,0
4.92022039,0,1
4.92072031,0,0
4.92121997,0,1
4.9217199,0,0
4.92221959,0,1
4.9227195,0,0
4.92321916,0,1
4.92371911,0,0
4.92421878,0,1
4.92471867,0,0
4.92521828,0,1
4.92571818,0,0
4.92621785,0,1
4.92671779,0,0
4.92721751,0,1
4.92771741,0,0
4.92821709,0,1
4.928717,0,0
4.92921667,0,1
4.92971659,0,0
4.93021624,0,1
4.93071617,0,0
4.93121583,0,1
4.93171577,0,0
4.93221546,0,1
4.93271539,0,0
4.93321506,0,1
4.93371499,0,0
4.93421466,0,1
4.93471458,0,0
4.93521424,0,1
4.93571417,0,0
4.93621385,0,1
4.93671381,0,0
4.93721351,0,1
4.93771343,0,0
4.93821309,0,1
4.93871301,0,0
4.93921267,0,1
4.9397126,0,0
4.94021227,0,1
4.94071218,0,0
4.94121183,0,1
4.94171175,0,0
4.94221139,0,1
4.94271133,0,0
4.94321103,0,1
4.94371098,0,0
4.94421065,0,1
4.9447106,0,0
4.94521027,0,1
4.94571021,0,0
4.94620985,0,1
4.94670978,0,0
4.94720943,0,1
4.94770938,0,0
4.94820907,0,1
4.94870898,0,0
4.94920865,0,1
4.94970853,0,0
4.95020819,0,1
4.95070812,0,0
4.95120777,0,1
4.95170765,0,0
4.95220736,0,1
4.95270727,0,0
4.95320694,0,1
4.95370688,0,0
4.95420654,0,1
4.95470646,0,0
4.95520609,0,1
4.95570597,0,0
4.95620556,0,1
4.95670543,0,0
4.95720503,0,1
4.95770493,0,0
4.95820457,0,1
4.95870444,0,0
4.95920409,0,1
4.95970405,0,0
4.96020371,0,1
4.96070362,0,0
4.96120326,0,1
4.96170318,0,0
4.96220285,0,1
4.96270281,0,0
4.96320248,0,1
4.9637024,0,0
4.96420207,0,1
4.964702,0,0
4.96520166,0,1
4.96570154,0,0
4.96620116,0,1
4.96670108,0,0
4.96720076,0,1
4.9677007,0,0
4.9682004,0,1
4.96870034,0,0
4.9692,0,1
4.96969992,0,0
4.9701996,0,1
4.97069951,0,0
4.9711992,0,1
4.97169908,0,0
4.97219873,0,1
4.97269864,0,0
4.97319828,0,1
4.97369818,0,0
4.97419786,0,1
4.97469776,0,0
4.9751974,0,1
4.97569729,0,0
4.97619691,0,1
4.97669683,0,0
4.97719643,0,1
4.9776963,0,0
4.97819594,0,1
4.97869585,0,0
4.97919547,0,1
4.97969534,0,0
4.98019496,0,1
4.9806948,0,0
4.98119443,0,1
4.98169432,0,0
4.98219396,0,1
4.98269392,0,0
4.9831936,0,1
4.98369349,0,0
4.98419311,0,1
4.98469299,0,0
4.98519263,0,1
4.98569251,0,0
4.98619214,0,1
4.98669203,0,0
4.98719168,0,1
4.98769158,0,0
4.98819122,0,1
4.98869111,0,0
4.98919075,0,1
4.98969064,0,0
4.99019025,0,1
4.99069012,0,0
4.99118976,0,1
4.99168966,0,0
4.99218929,0,1
4.99268916,0,0
4.99318878,0,1
4.99368864,0,0
4.99418825,0,1
4.99468812,0,0
4.9951877,0,1
4.99568756,0,0
4.99618719,0,1
4.99668705,0,0
4.9971867,0,1
4.99768659,0,0
4.99818623,0,1
4.99868615,0,0
4.99918578,0,1
4.99968566,0,0
