timestamp_s,CH0,CH1
0.0,0,0
0.00026485,0,1
0.00076495,0,0
0.0012648,0,1
0.00176485,0,0
0.00226465,0,1
0.0027648,0,0
0.0032646,0,1
0.00376475,0,0
0.0042646,0,1
0.00476465,0,0
0.0052645,0,1
0.0057646,0,0
0.00626445,0,1
0.00676455,0,0
0.00726445,0,1
0.0077646,0,0
0.0082645,0,1
0.0087646,0,0
0.0092645,0,1
0.00976465,0,0
0.0102645,0,1
0.01076465,0,0
0.01126455,0,1
0.01176465,0,0
0.0122646,0,1
0.01276475,0,0
0.01326465,0,1
0.01376485,0,0
0.0142647,0,1
0.0147648,0,0
0.01526465,0,1
0.0157648,0,0
0.01626465,0,1
0.01676475,0,0
0.0172646,0,1
0.0177647,0,0
0.0182646,0,1
0.0187647,0,0
0.0192646,0,1
0.0197647,0,0
0.02026455,0,1
0.0207647,0,0
0.02126455,0,1
0.02176465,0,0
0.02226445,0,1
0.02276455,0,0
0.0232644,0,1
0.0237645,0,0
0.02426435,0,1
0.0247645,0,0
0.0252644,0,1
0.0257645,0,0
0.0262644,0,1
0.02676455,0,0
0.0272644,0,1
0.02776445,0,0
0.02826425,0,1
0.02876435,0,0
0.0292642,0,1
0.0297643,0,0
0.03026415,0,1
0.03076415,0,0
0.031264,0,1
0.03176405,0,0
0.03226385,0,1
0.03276395,0,0
0.03326375,0,1
0.0337638,0,0
0.03426365,0,1
0.03476365,0,0
0.03526345,0,1
0.03576355,0,0
0.0362634,0,1
0.03676345,0,0
0.03726325,0,1
0.0377633,0,0
0.0382631,0,1
0.0387632,0,0
0.03926305,0,1
0.03976315,0,0
0.040263,0,1
0.0407631,0,0
0.04126295,0,1
0.04176305,0,0
0.0422629,0,1
0.042763,0,0
0.0432628,0,1
0.0437629,0,0
0.0442627,0,1
0.0447628,0,0
0.04526265,0,1
0.0457627,0,0
0.04626255,0,1
0.0467626,0,0
0.04726265,0,1
0.0477628,0,0
0.0482623,0,1
0.04876235,0,0
0.0492624,0,1
0.04976255,0,0
0.0500025,1,0
0.05026195,1,1
0.050762,1,0
0.0512618,1,1
0.05176185,1,0
0.05226175,1,1
0.0527619,1,0
0.0532614,1,1
0.05376155,1,0
0.05426115,1,1
0.0547612,1,0
0.05526095,1,1
0.05576185,1,0
0.0562607,1,1
0.05676075,1,0
0.05726055,1,1
0.0577606,1,0
0.0582604,1,1
0.05876045,1,0
0.0592603,1,1
0.05976035,1,0
0.06026015,1,1
0.0607602,1,0
0.06126,1,1
0.0617601,1,0
0.06225995,1,1
0.06276,1,0
0.06325985,1,1
0.0637599,1,0
0.06425965,1,1
0.06475975,1,0
0.06525955,1,1
0.0657596,1,0
0.0659828,0,0
0.0662598,0,1
0.06675955,0,0
0.06725935,0,1
0.0677595,0,0
0.0682591,0,1
0.06875925,0,0
0.06925905,0,1
0.0697593,0,0
0.07025885,0,1
0.0707588,0,0
0.0712586,0,1
0.07175845,0,0
0.07225815,0,1
0.07275815,0,0
0.0732581,0,1
0.07375815,0,0
0.07425795,0,1
0.0747581,0,0
0.0752578,0,1
0.07575785,0,0
0.0762575,0,1
0.07675755,0,0
0.07725735,0,1
0.07775735,0,0
0.07825715,0,1
0.07875725,0,0
0.079257,0,1
0.07975705,0,0
0.08025685,0,1
0.0807569,0,0
0.08125675,0,1
0.0817568,0,0
0.0822566,0,1
0.08275665,0,0
0.08325645,0,1
0.0837565,0,0
0.0842563,0,1
0.08475635,0,0
0.08525615,0,1
0.08575615,0,0
0.0862559,0,1
0.08675595,0,0
0.0872558,0,1
0.08775585,0,0
0.08825565,0,1
0.0887557,0,0
0.08925545,0,1
0.08975555,0,0
0.09025535,0,1
0.0907554,0,0
0.0912552,0,1
0.0917552,0,0
0.092255,0,1
0.09275505,0,0
0.09325485,0,1
0.09375485,0,0
0.09425465,0,1
0.09475465,0,0
0.09525445,0,1
0.09575445,0,0
0.09625425,0,1
0.0967543,0,0
0.09725405,0,1
0.0977541,0,0
0.09825385,0,1
0.0987539,0,0
0.0992537,0,1
0.0997538,0,0
0.1002536,0,1
0.1007537,0,0
0.1012535,0,1
0.10175355,0,0
0.1022534,0,1
0.1027535,0,0
0.10325335,0,1
0.10375345,0,0
0.1042533,0,1
0.1047533,0,0
0.1052531,0,1
0.10575315,0,0
0.106253,0,1
0.10675305,0,0
0.1072529,0,1
0.10775295,0,0
0.1082527,0,1
0.1087527,0,0
0.1092525,0,1
0.10975255,0,0
0.11025245,0,1
0.11075255,0,0
0.1112524,0,1
0.11175245,0,0
0.1122523,0,1
0.11275235,0,0
0.1132522,0,1
0.1137523,0,0
0.11425215,0,1
0.1147522,0,0
0.115252,0,1
0.1157521,0,0
0.11625195,0,1
0.116752,0,0
0.11725185,0,1
0.117752,0,0
0.11825185,0,1
0.11875195,0,0
0.1192518,0,1
0.11975185,0,0
0.12025175,0,1
0.12075185,0,0
0.1212517,0,1
0.12175175,0,0
0.12225155,0,1
0.12275155,0,0
0.1232516,0,1
0.1237518,0,0
0.12425135,0,1
0.1247514,0,0
0.1252512,0,1
0.1257513,0,0
0.12625115,0,1
0.1267515,0,0
0.1272511,0,1
0.12775115,0,0
0.1282514,0,1
0.12875135,0,0
0.1292513,0,1
0.12975105,0,0
0.1302513,0,1
0.13075135,0,0
0.1312508,0,1
0.1317512,0,0
0.13225055,0,1
0.1327506,0,0
0.1332504,0,1
0.1337505,0,0
0.1342503,0,1
0.1347503,0,0
0.1352501,0,1
0.13575015,0,0
0.13625,0,1
0.13675005,0,0
0.13724985,0,1
0.13774995,0,0
0.1382498,0,1
0.13874985,0,0
0.1392497,0,1
0.13974975,0,0
0.14024955,0,1
0.1407497,0,0
0.1412495,0,1
0.1417497,0,0
0.14224955,0,1
0.1427498,0,0
0.1432496,0,1
0.14374955,0,0
0.14424975,0,1
0.1447493,0,0
0.1452497,0,1
0.1457494,0,0
0.1462494,0,1
0.14674965,0,0
0.1472494,0,1
0.1477497,0,0
0.14824915,0,1
0.1487494,0,0
0.14924945,0,1
0.14974915,0,0
0.1502493,0,1
0.15074905,0,0
0.15124885,0,1
0.15174885,0,0
0.15224885,0,1
0.152749,0,0
0.15324885,0,1
0.15374895,0,0
0.15424885,0,1
0.15474895,0,0
0.1552492,0,1
0.1557489,0,0
0.15624895,0,1
0.1567489,0,0
0.15724885,0,1
0.15774875,0,0
0.1582487,0,1
0.1587485,0,0
0.1592485,0,1
0.1597486,0,0
0.1602484,0,1
0.1607485,0,0
0.16124835,0,1
0.1617484,0,0
0.16224865,0,1
0.16274835,0,0
0.16324825,0,1
0.1637482,0,0
0.1642482,0,1
0.1647482,0,0
0.1652482,0,1
0.16574805,0,0
0.1662479,0,1
0.166748,0,0
0.167248,0,1
0.1677481,0,0
0.16824795,0,1
0.168748,0,0
0.16924785,0,1
0.16974795,0,0
0.1702482,0,1
0.17074795,0,0
0.1712479,0,1
0.1717483,0,0
0.1722477,0,1
0.17274805,0,0
0.17324765,0,1
0.1737478,0,0
0.17424765,0,1
0.17474775,0,0
0.1752476,0,1
0.1757478,0,0
0.17624785,0,1
0.17674755,0,0
0.17724735,0,1
0.1777477,0,0
0.1782473,0,1
0.1787474,0,0
0.17924755,0,1
0.1797473,0,0
0.18024755,0,1
0.18074725,0,0
0.18124695,0,1
0.181747,0,0
0.18224695,0,1
0.18274705,0,0
0.1832469,0,1
0.183747,0,0
0.18424685,0,1
0.18474695,0,0
0.1852468,0,1
0.1857469,0,0
0.18624685,0,1
0.18674705,0,0
0.18724675,0,1
0.18774695,0,0
0.1882467,0,1
0.18874685,0,0
0.1892464,0,1
0.1897464,0,0
0.19024645,0,1
0.1907463,0,0
0.1912462,0,1
0.1917461,0,0
0.19224595,0,1
0.19274595,0,0
0.19324585,0,1
0.19374605,0,0
0.1942456,0,1
0.19474585,0,0
0.1952455,0,1
0.19574565,0,0
0.19624505,0,1
0.1967451,0,0
0.197245,0,1
0.19774505,0,0
0.1982448,0,1
0.19874485,0,0
0.19924465,0,1
0.1997447,0,0
0.2002445,0,1
0.20074455,0,0
0.20124445,0,1
0.2017446,0,0
0.2022443,0,1
0.2027445,0,0
0.2032442,0,1
0.2037444,0,0
0.2042439,0,1
0.2047439,0,0
0.20524395,0,1
0.2057437,0,0
0.20624365,0,1
0.2067435,0,0
0.2072433,0,1
0.2077433,0,0
0.20824325,0,1
0.2087434,0,0
0.2092429,0,1
0.20974315,0,0
0.2102428,0,1
0.21074295,0,0
0.21124235,0,1
0.21174235,0,0
0.2122423,0,1
0.2127423,0,0
0.21324215,0,1
0.2137422,0,0
0.214242,0,1
0.2147421,0,0
0.2152418,0,1
0.21574175,0,0
0.21624165,0,1
0.2167418,0,0
0.21724145,0,1
0.21774165,0,0
0.21824135,0,1
0.2187415,0,0
0.21924105,0,1
0.21974115,0,0
0.22024125,0,1
0.22074105,0,0
0.22124105,0,1
0.221741,0,0
0.2222408,0,1
0.22274085,0,0
0.2232407,0,1
0.2237409,0,0
0.2242404,0,1
0.2247407,0,0
0.22524045,0,1
0.22574065,0,0
0.22624015,0,1
0.22674025,0,0
0.2272402,0,1
0.2277403,0,0
0.2282401,0,1
0.2287402,0,0
0.2292401,0,1
0.22974045,0,0
0.23024,0,1
0.2307401,0,0
0.23123995,0,1
0.23174005,0,0
0.23223985,0,1
0.23273995,0,0
0.23324015,0,1
0.23373985,0,0
0.23423985,0,1
0.23474005,0,0
0.23523965,0,1
0.23574005,0,0
0.23623965,0,1
0.23674005,0,0
0.2372396,0,1
0.23773965,0,0
0.2382395,0,1
0.23873955,0,0
0.23923965,0,1
0.23973945,0,0
0.24023965,0,1
0.24073935,0,0
0.2412391,0,1
0.24173915,0,0
0.2422391,0,1
0.24273915,0,0
0.24323895,0,1
0.24373905,0,0
0.2442388,0,1
0.24473905,0,0
0.2452386,0,1
0.2457386,0,0
0.24623845,0,1
0.24673845,0,0
0.24723825,0,1
0.24773835,0,0
0.2482385,0,1
0.24873815,0,0
0.24923805,0,1
0.24973825,0,0
0.25023775,0,1
0.2507381,0,0
0.2512376,0,1
0.25173795,0,0
0.2522375,0,1
0.2527375,0,0
0.2532373,0,1
0.25373735,0,0
0.25423735,0,1
0.2547372,0,0
0.2552374,0,1
0.25573705,0,0
0.25623675,0,1
0.2567368,0,0
0.2572367,0,1
0.25773675,0,0
0.25823655,0,1
0.25873655,0,0
0.25923635,0,1
0.25973635,0,0
0.2602362,0,1
0.2607362,0,0
0.26123605,0,1
0.26173605,0,0
0.2622359,0,1
0.26273595,0,0
0.26323595,0,1
0.2637361,0,0
0.2642357,0,1
0.26473575,0,0
0.26523585,0,1
0.26573565,0,0
0.26623555,0,1
0.2667355,0,0
0.26723535,0,1
0.2677354,0,0
0.26823535,0,1
0.26873555,0,0
0.26923515,0,1
0.2697355,0,0
0.2702352,0,1
0.2707354,0,0
0.2712349,0,1
0.271735,0,0
0.27223495,0,1
0.2727351,0,0
0.27323495,0,1
0.27373495,0,0
0.27423475,0,1
0.27473485,0,0
0.2752345,0,1
0.2757347,0,0
0.27623455,0,1
0.2767346,0,0
0.27723445,0,1
0.2777345,0,0
0.27823475,0,1
0.27873445,0,0
0.2792344,0,1
0.2797346,0,0
0.28023415,0,1
0.2807345,0,0
0.2812341,0,1
0.28173445,0,0
0.2822345,0,1
0.2827346,0,0
0.283234,0,1
0.2837341,0,0
0.28423415,0,1
0.28473395,0,0
0.28523415,0,1
0.28573385,0,0
0.28623355,0,1
0.28673365,0,0
0.2872336,0,1
0.2877337,0,0
0.28823355,0,1
0.2887336,0,0
0.2892334,0,1
0.28973345,0,0
0.2902333,0,1
0.2907334,0,0
0.29123335,0,1
0.2917335,0,0
0.29223325,0,1
0.2927334,0,0
0.2932331,0,1
0.2937333,0,0
0.29423285,0,1
0.29473285,0,0
0.2952329,0,1
0.2957327,0,0
0.29623265,0,1
0.29673255,0,0
0.29723235,0,1
0.2977324,0,0
0.2982324,0,1
0.2987326,0,0
0.29923215,0,1
0.2997324,0,0
0.30023205,0,1
0.30073225,0,0
0.30123165,0,1
0.30173175,0,0
0.30223165,0,1
0.30273165,0,0
0.3032314,0,1
0.3037315,0,0
0.3042313,0,1
0.3047313,0,0
0.3052311,0,1
0.3057311,0,0
0.30623105,0,1
0.3067312,0,0
0.30723085,0,1
0.30773105,0,0
0.30823075,0,1
0.3087309,0,0
0.30923045,0,1
0.30973045,0,0
0.31023045,0,1
0.31073025,0,0
0.31123015,0,1
0.3117301,0,0
0.3122299,0,1
0.3127299,0,0
0.3132298,0,1
0.31373,0,0
0.31422955,0,1
0.3147298,0,0
0.3152295,0,1
0.31572965,0,0
0.3162291,0,1
0.3167291,0,0
0.31722905,0,1
0.3177291,0,0
0.3182289,0,1
0.31872895,0,0
0.31922875,0,1
0.31972875,0,0
0.32022855,0,1
0.32072855,0,0
0.3212285,0,1
0.32172865,0,0
0.3222283,0,1
0.32272845,0,0
0.3232281,0,1
0.32372825,0,0
0.3242278,0,1
0.3247278,0,0
0.32522785,0,1
0.32572765,0,0
0.3262276,0,1
0.32672755,0,0
0.3272274,0,1
0.3277274,0,0
0.32822735,0,1
0.3287275,0,0
0.32922705,0,1
0.32972705,0,0
0.33022705,0,1
0.3307272,0,0
0.3312266,0,1
0.3317266,0,0
0.3322265,0,1
0.33272655,0,0
0.3332263,0,1
0.33372635,0,0
0.33422615,0,1
0.3347262,0,0
0.335226,0,1
0.33572605,0,0
0.336226,0,1
0.3367262,0,0
0.33722585,0,1
0.33772605,0,0
0.3382257,0,1
0.3387259,0,0
0.33922545,0,1
0.3397255,0,0
0.3402256,0,1
0.34072545,0,0
0.34122535,0,1
0.3417253,0,0
0.34222505,0,1
0.3427251,0,0
0.34322505,0,1
0.3437252,0,0
0.34422475,0,1
0.34472505,0,0
0.34522475,0,1
0.34572495,0,0
0.3462243,0,1
0.34672435,0,0
0.3472243,0,1
0.3477243,0,0
0.3482241,0,1
0.34872415,0,0
0.34922395,0,1
0.3497243,0,0
0.35022385,0,1
0.35072395,0,0
0.3512238,0,1
0.3517238,0,0
0.3522236,0,1
0.35272365,0,0
0.35322385,0,1
0.3537235,0,0
0.3542234,0,1
0.3547235,0,0
0.35522305,0,1
0.35572335,0,0
0.35622285,0,1
0.3567231,0,0
0.35722265,0,1
0.3577227,0,0
0.35822245,0,1
0.35872245,0,0
0.3592225,0,1
0.35972225,0,0
0.3602224,0,1
0.36072205,0,0
0.36122165,0,1
0.3617217,0,0
0.36222165,0,1
0.3627217,0,0
0.3632215,0,1
0.36372155,0,0
0.3642213,0,1
0.3647216,0,0
0.3652211,0,1
0.3657212,0,0
0.366221,0,1
0.36672105,0,0
0.36722085,0,1
0.3677209,0,0
0.36822105,0,1
0.3687207,0,0
0.36922065,0,1
0.3697208,0,0
0.3702203,0,1
0.37072055,0,0
0.37122005,0,1
0.37172035,0,0
0.37221985,0,1
0.3727199,0,0
0.3732197,0,1
0.3737197,0,0
0.37421975,0,1
0.37471955,0,0
0.37521975,0,1
0.3757194,0,0
0.3762191,0,1
0.3767191,0,0
0.37721905,0,1
0.37771915,0,0
0.37821895,0,1
0.378719,0,0
0.37921885,0,1
0.37971925,0,0
0.3802185,0,1
0.3807185,0,0
0.38121825,0,1
0.3817183,0,0
0.38221805,0,1
0.3827181,0,0
0.3832179,0,1
0.38371795,0,0
0.3842178,0,1
0.38471785,0,0
0.3852176,0,1
0.38571765,0,0
0.38621745,0,1
0.3867175,0,0
0.38721735,0,1
0.3877174,0,0
0.3882172,0,1
0.38871725,0,0
0.3892171,0,1
0.3897172,0,0
0.39021705,0,1
0.3907171,0,0
0.3912169,0,1
0.39171695,0,0
0.39221675,0,1
0.39271685,0,0
0.39321665,0,1
0.3937167,0,0
0.3942165,0,1
0.3947166,0,0
0.3952164,0,1
0.39571645,0,0
0.39621635,0,1
0.3967164,0,0
0.39721625,0,1
0.39771635,0,0
0.39821625,0,1
0.3987163,0,0
0.39921615,0,1
0.3997162,0,0
0.400216,0,1
0.4007161,0,0
0.4012159,0,1
0.40171595,0,0
0.40221585,0,1
0.40271595,0,0
0.40321575,0,1
0.40371585,0,0
0.4042157,0,1
0.40471575,0,0
0.40521555,0,1
0.40571565,0,0
0.40621545,0,1
0.40671555,0,0
0.4072154,0,1
0.4077155,0,0
0.40821535,0,1
0.40871545,0,0
0.40921535,0,1
0.40971545,0,0
0.4102153,0,1
0.4107154,0,0
0.41121525,0,1
0.4117153,0,0
0.41221505,0,1
0.4127151,0,0
0.4132149,0,1
0.41371495,0,0
0.41421475,0,1
0.41471485,0,0
0.4152147,0,1
0.4157148,0,0
0.4162146,0,1
0.41671465,0,0
0.41721445,0,1
0.41771445,0,0
0.4182143,0,1
0.4187144,0,0
0.4192142,0,1
0.4197142,0,0
0.42021405,0,1
0.42071415,0,0
0.42121395,0,1
0.42171395,0,0
0.4222137,0,1
0.42271375,0,0
0.42321355,0,1
0.42371355,0,0
0.4242134,0,1
0.42471345,0,0
0.42521325,0,1
0.4257133,0,0
0.42621305,0,1
0.4267131,0,0
0.42721295,0,1
0.427713,0,0
0.42821275,0,1
0.4287128,0,0
0.42921255,0,1
0.42971265,0,0
0.43021245,0,1
0.43071255,0,0
0.43121235,0,1
0.43171245,0,0
0.4322123,0,1
0.43271235,0,0
0.4332122,0,1
0.4337123,0,0
0.43421215,0,1
0.43471225,0,0
0.43521205,0,1
0.4357121,0,0
0.4362119,0,1
0.43671195,0,0
0.43721175,0,1
0.4377118,0,0
0.4382116,0,1
0.4387116,0,0
0.43921135,0,1
0.4397114,0,0
0.4402112,0,1
0.44071125,0,0
0.44121105,0,1
0.4417111,0,0
0.44221095,0,1
0.442711,0,0
0.4432108,0,1
0.44371085,0,0
0.4442106,0,1
0.4447106,0,0
0.44521045,0,1
0.44571045,0,0
0.4462103,0,1
0.44671035,0,0
0.44721015,0,1
0.44771025,0,0
0.44821005,0,1
0.4487101,0,0
0.4492099,0,1
0.44970995,0,0
0.45020975,0,1
0.45070975,0,0
0.45120955,0,1
0.4517096,0,0
0.45220945,0,1
0.45270955,0,0
0.45320935,0,1
0.4537094,0,0
0.45420915,0,1
0.4547092,0,0
0.455209,0,1
0.45570905,0,0
0.45620885,0,1
0.45670895,0,0
0.45720875,0,1
0.4577088,0,0
0.45820865,0,1
0.4587087,0,0
0.4592086,0,1
0.45970865,0,0
0.46020845,0,1
0.46070845,0,0
0.46120825,0,1
0.4617083,0,0
0.4622081,0,1
0.4627081,0,0
0.46320785,0,1
0.4637079,0,0
0.46420775,0,1
0.4647078,0,0
0.46520765,0,1
0.4657077,0,0
0.4662075,0,1
0.4667076,0,0
0.4672074,0,1
0.46770745,0,0
0.46820725,0,1
0.46870725,0,0
0.4692071,0,1
0.4697072,0,0
0.470207,0,1
0.47070705,0,0
0.47120685,0,1
0.4717069,0,0
0.47220675,0,1
0.47270675,0,0
0.47320655,0,1
0.4737066,0,0
0.4742064,0,1
0.47470645,0,0
0.4752062,0,1
0.47570625,0,0
0.476206,0,1
0.476706,0,0
0.47720585,0,1
0.4777059,0,0
0.4782057,0,1
0.4787057,0,0
0.47920555,0,1
0.4797056,0,0
0.48020535,0,1
0.48070535,0,0
0.4812051,0,1
0.4817051,0,0
0.48220485,0,1
0.4827049,0,0
0.48320465,0,1
0.48370465,0,0
0.48420445,0,1
0.4847045,0,0
0.4852043,0,1
0.48570435,0,0
0.48620415,0,1
0.48670415,0,0
0.48720395,0,1
0.487704,0,0
0.48820375,0,1
0.4887038,0,0
0.48920355,0,1
0.4897036,0,0
0.49020345,0,1
0.4907035,0,0
0.4912033,0,1
0.4917034,0,0
0.4922032,0,1
0.49270325,0,0
0.493203,0,1
0.493703,0,0
0.49420275,0,1
0.4947027,0,0
0.49520245,0,1
0.49570245,0,0
0.49620225,0,1
0.49670225,0,0
0.497202,0,1
0.49770205,0,0
0.4982019,0,1
0.49870205,0,0
0.4992019,0,1
0.499702,0,0
0.5002018,0,1
0.50070185,0,0
0.50120165,0,1
0.5017018,0,0
0.5022016,0,1
0.50270165,0,0
0.5032015,0,1
0.5037016,0,0
0.50420145,0,1
0.5047015,0,0
0.5052014,0,1
0.5057015,0,0
0.50620135,0,1
0.50670145,0,0
0.5072013,0,1
0.50770135,0,0
0.5082012,0,1
0.5087013,0,0
0.5092012,0,1
0.5097013,0,0
0.5102011,0,1
0.51070115,0,0
0.51120095,0,1
0.511701,0,0
0.5122008,0,1
0.51270085,0,0
0.51320065,0,1
0.5137007,0,0
0.5142005,0,1
0.5147006,0,0
0.5152004,0,1
0.51570045,0,0
0.51620025,0,1
0.5167003,0,0
0.51720015,0,1
0.51770025,0,0
0.51820005,0,1
0.51870015,0,0
0.5192,0,1
0.51970005,0,0
0.52019985,0,1
0.52069995,0,0
0.52119975,0,1
0.5216998,0,0
0.52219965,0,1
0.52269975,0,0
0.52319955,0,1
0.5236997,0,0
0.52419955,0,1
0.52469965,0,0
0.5251995,0,1
0.5256996,0,0
0.5261995,0,1
0.5266996,0,0
0.5271995,0,1
0.5276996,0,0
0.5281995,0,1
0.5286996,0,0
0.52919945,0,1
0.52969955,0,0
0.5301994,0,1
0.5306995,0,0
0.53119935,0,1
0.53169945,0,0
0.5321993,0,1
0.5326994,0,0
0.53319925,0,1
0.53369935,0,0
0.53419925,0,1
0.53469935,0,0
0.5351992,0,1
0.53569925,0,0
0.5361991,0,1
0.53669925,0,0
0.5371991,0,1
0.5376992,0,0
0.53819905,0,1
0.53869915,0,0
0.53919905,0,1
0.53969915,0,0
0.54019895,0,1
0.5406991,0,0
0.54119895,0,1
0.54169905,0,0
0.5421989,0,1
0.542699,0,0
0.5431988,0,1
0.54369885,0,0
0.5441987,0,1
0.54469875,0,0
0.54519865,0,1
0.5456987,0,0
0.5461985,0,1
0.5466986,0,0
0.54719845,0,1
0.5476986,0,0
0.54819845,0,1
0.54869855,0,0
0.5491984,0,1
0.5496985,0,0
0.55019835,0,1
0.5506984,0,0
0.55119825,0,1
0.55169835,0,0
0.5521982,0,1
0.5526983,0,0
0.5531982,0,1
0.5536983,0,0
0.55419815,0,1
0.55469825,0,0
0.5551981,0,1
0.55569815,0,0
0.556198,0,1
0.55669805,0,0
0.55719785,0,1
0.5576979,0,0
0.5581977,0,1
0.5586978,0,0
0.5591976,0,1
0.55969765,0,0
0.56019745,0,1
0.5606975,0,0
0.5611973,0,1
0.56169735,0,0
0.56219715,0,1
0.56269725,0,0
0.56319705,0,1
0.56369715,0,0
0.56419695,0,1
0.564697,0,0
0.56519685,0,1
0.56569695,0,0
0.56619675,0,1
0.56669685,0,0
0.56719665,0,1
0.56769675,0,0
0.5681966,0,1
0.56869665,0,0
0.56919645,0,1
0.5696965,0,0
0.5701963,0,1
0.5706964,0,0
0.57119625,0,1
0.5716963,0,0
0.5721961,0,1
0.57269615,0,0
0.57319595,0,1
0.57369605,0,0
0.57419585,0,1
0.5746959,0,0
0.5751958,0,1
0.57569585,0,0
0.5761957,0,1
0.5766958,0,0
0.57719565,0,1
0.57769575,0,0
0.57819555,0,1
0.5786956,0,0
0.5791954,0,1
0.57969535,0,0
0.5801951,0,1
0.58069515,0,0
0.5811949,0,1
0.58169495,0,0
0.5821947,0,1
0.58269475,0,0
0.58319455,0,1
0.58369455,0,0
0.58419435,0,1
0.58469435,0,0
0.58519415,0,1
0.5856942,0,0
0.586194,0,1
0.58669405,0,0
0.58719385,0,1
0.5876939,0,0
0.5881937,0,1
0.58869375,0,0
0.58919355,0,1
0.5896936,0,0
0.59019345,0,1
0.5906935,0,0
0.5911933,0,1
0.5916934,0,0
0.59219325,0,1
0.59269325,0,0
0.59319305,0,1
0.5936931,0,0
0.59419285,0,1
0.5946929,0,0
0.59519275,0,1
0.5956928,0,0
0.5961926,0,1
0.5966927,0,0
0.59719255,0,1
0.59769265,0,0
0.59819255,0,1
0.59869265,0,0
0.5991925,0,1
0.5996926,0,0
0.6001924,0,1
0.6006925,0,0
0.60119235,0,1
0.6016924,0,0
0.60219225,0,1
0.6026923,0,0
0.6031921,0,1
0.60369215,0,0
0.604192,0,1
0.6046921,0,0
0.6051919,0,1
0.60569195,0,0
0.60619175,0,1
0.6066918,0,0
0.6071916,0,1
0.60769165,0,0
0.6081915,0,1
0.60869155,0,0
0.6091914,0,1
0.6096915,0,0
0.6101913,0,1
0.6106914,0,0
0.6111912,0,1
0.6116913,0,0
0.6121911,0,1
0.61269115,0,0
0.61319095,0,1
0.61369105,0,0
0.6141908,0,1
0.61469085,0,0
0.6151907,0,1
0.6156908,0,0
0.61619065,0,1
0.61669075,0,0
0.61719065,0,1
0.61769075,0,0
0.6181907,0,1
0.61869085,0,0
0.6191907,0,1
0.6196908,0,0
0.62019065,0,1
0.62069075,0,0
0.62119055,0,1
0.62169065,0,0
0.6221905,0,1
0.62269055,0,0
0.6231903,0,1
0.6236904,0,0
0.6241902,0,1
0.6246903,0,0
0.62519015,0,1
0.62569025,0,0
0.62619005,0,1
0.62669015,0,0
0.62719,0,1
0.62769005,0,0
0.62818985,0,1
0.6286899,0,0
0.6291897,0,1
0.62968975,0,0
0.63018955,0,1
0.63068955,0,0
0.6311893,0,1
0.6316894,0,0
0.6321892,0,1
0.6326892,0,0
0.633189,0,1
0.63368905,0,0
0.6341889,0,1
0.63468895,0,0
0.6351888,0,1
0.63568885,0,0
0.6361886,0,1
0.63668865,0,0
0.63718845,0,1
0.6376885,0,0
0.6381883,0,1
0.6386883,0,0
0.63918815,0,1
0.63968825,0,0
0.64018815,0,1
0.64068825,0,0
0.6411881,0,1
0.64168815,0,0
0.64218795,0,1
0.64268795,0,0
0.64318775,0,1
0.6436878,0,0
0.64418755,0,1
0.64468765,0,0
0.64518745,0,1
0.64568755,0,0
0.6461874,0,1
0.64668745,0,0
0.64718725,0,1
0.64768735,0,0
0.64818715,0,1
0.6486872,0,0
0.64918705,0,1
0.6496871,0,0
0.6501869,0,1
0.65068695,0,0
0.65118665,0,1
0.65168665,0,0
0.6521864,0,1
0.65268645,0,0
0.6531863,0,1
0.65368635,0,0
0.65418615,0,1
0.6546862,0,0
0.655186,0,1
0.6556861,0,0
0.6561859,0,1
0.65668595,0,0
0.6571857,0,1
0.65768575,0,0
0.65818555,0,1
0.65868565,0,0
0.65918545,0,1
0.6596855,0,0
0.6601853,0,1
0.66068535,0,0
0.66118515,0,1
0.6616852,0,0
0.662185,0,1
0.66268505,0,0
0.66318485,0,1
0.6636849,0,0
0.66418475,0,1
0.6646848,0,0
0.6651846,0,1
0.66568465,0,0
0.6661845,0,1
0.6666846,0,0
0.66718445,0,1
0.6676846,0,0
0.6681845,0,1
0.66868455,0,0
0.6691844,0,1
0.66968455,0,0
0.6701844,0,1
0.6706845,0,0
0.67118435,0,1
0.6716845,0,0
0.67218435,0,1
0.67268445,0,0
0.6731843,0,1
0.6736844,0,0
0.67418425,0,1
0.6746844,0,0
0.6751842,0,1
0.67568435,0,0
0.6761842,0,1
0.6766843,0,0
0.6771841,0,1
0.6776842,0,0
0.6781841,0,1
0.67868415,0,0
0.679184,0,1
0.6796841,0,0
0.6801839,0,1
0.68068405,0,0
0.6811839,0,1
0.681684,0,0
0.6821838,0,1
0.6826839,0,0
0.68318375,0,1
0.68368385,0,0
0.6841837,0,1
0.68468375,0,0
0.6851836,0,1
0.68568365,0,0
0.6861835,0,1
0.6866836,0,0
0.68718345,0,1
0.6876835,0,0
0.68818335,0,1
0.68868345,0,0
0.6891833,0,1
0.68968335,0,0
0.69018315,0,1
0.6906832,0,0
0.6911831,0,1
0.6916832,0,0
0.69218305,0,1
0.6926831,0,0
0.6931829,0,1
0.693683,0,0
0.69418285,0,1
0.69468295,0,0
0.6951828,0,1
0.6956829,0,0
0.6961828,0,1
0.69668285,0,0
0.6971827,0,1
0.6976828,0,0
0.6981826,0,1
0.69868275,0,0
0.69918255,0,1
0.69968265,0,0
0.70018245,0,1
0.7006825,0,0
0.70118235,0,1
0.7016824,0,0
0.70218225,0,1
0.7026823,0,0
0.7031821,0,1
0.7036822,0,0
0.70418205,0,1
0.7046821,0,0
0.70518195,0,1
0.70568205,0,0
0.7061819,0,1
0.70668195,0,0
0.70718175,0,1
0.70768185,0,0
0.70818165,0,1
0.70868175,0,0
0.70918155,0,1
0.70968165,0,0
0.7101814,0,1
0.71068145,0,0
0.71118115,0,1
0.71168115,0,0
0.71218095,0,1
0.712681,0,0
0.7131808,0,1
0.71368085,0,0
0.7141807,0,1
0.7146808,0,0
0.7151806,0,1
0.7156807,0,0
0.7161805,0,1
0.7166806,0,0
0.7171804,0,1
0.71768045,0,0
0.71818025,0,1
0.7186803,0,0
0.7191801,0,1
0.71968015,0,0
0.72017995,0,1
0.72068005,0,0
0.72117985,0,1
0.72167995,0,0
0.72217975,0,1
0.7226798,0,0
0.7231796,0,1
0.72367965,0,0
0.72417945,0,1
0.72467955,0,0
0.7251794,0,1
0.7256795,0,0
0.72617935,0,1
0.72667945,0,0
0.7271793,0,1
0.72767945,0,0
0.7281793,0,1
0.72867945,0,0
0.7291793,0,1
0.7296794,0,0
0.73017925,0,1
0.7306794,0,0
0.7311792,0,1
0.73167925,0,0
0.7321791,0,1
0.7326792,0,0
0.733179,0,1
0.73367905,0,0
0.7341789,0,1
0.73467895,0,0
0.7351788,0,1
0.73567885,0,0
0.73617865,0,1
0.7366787,0,0
0.73717855,0,1
0.7376786,0,0
0.73817845,0,1
0.73867855,0,0
0.7391784,0,1
0.73967845,0,0
0.74017825,0,1
0.7406783,0,0
0.74117815,0,1
0.7416782,0,0
0.74217805,0,1
0.7426781,0,0
0.74317795,0,1
0.74367805,0,0
0.74417785,0,1
0.74467795,0,0
0.74517775,0,1
0.7456778,0,0
0.7461776,0,1
0.74667765,0,0
0.74717745,0,1
0.7476775,0,0
0.7481773,0,1
0.74867735,0,0
0.74917715,0,1
0.7496772,0,0
0.750177,0,1
0.7506771,0,0
0.7511769,0,1
0.75167695,0,0
0.7521768,0,1
0.75267685,0,0
0.75317665,0,1
0.75367675,0,0
0.75417655,0,1
0.7546766,0,0
0.7551764,0,1
0.7556765,0,0
0.75617635,0,1
0.7566764,0,0
0.75717625,0,1
0.7576763,0,0
0.7581761,0,1
0.7586761,0,0
0.75917585,0,1
0.7596759,0,0
0.7601757,0,1
0.76067575,0,0
0.76117555,0,1
0.76167555,0,0
0.76217535,0,1
0.76267545,0,0
0.76317525,0,1
0.76367525,0,0
0.76417505,0,1
0.76467515,0,0
0.76517495,0,1
0.76567505,0,0
0.76617485,0,1
0.76667495,0,0
0.76717475,0,1
0.7676748,0,0
0.76817465,0,1
0.76867475,0,0
0.76917455,0,1
0.7696746,0,0
0.77017445,0,1
0.7706745,0,0
0.77117435,0,1
0.7716744,0,0
0.7721742,0,1
0.77267425,0,0
0.773174,0,1
0.773674,0,0
0.7741737,0,1
0.7746737,0,0
0.77517345,0,1
0.77567345,0,0
0.77617325,0,1
0.7766733,0,0
0.77717305,0,1
0.77767305,0,0
0.77817275,0,1
0.77867275,0,0
0.77917255,0,1
0.77967255,0,0
0.78017235,0,1
0.7806724,0,0
0.78117215,0,1
0.7816722,0,0
0.782172,0,1
0.7826721,0,0
0.78317195,0,1
0.783672,0,0
0.7841718,0,1
0.7846718,0,0
0.78517155,0,1
0.7856716,0,0
0.78617135,0,1
0.7866714,0,0
0.7871712,0,1
0.78767125,0,0
0.78817105,0,1
0.7886711,0,0
0.78917085,0,1
0.78967095,0,0
0.79017075,0,1
0.7906708,0,0
0.79117065,0,1
0.79167065,0,0
0.79217045,0,1
0.7926705,0,0
0.7931703,0,1
0.7936703,0,0
0.7941701,0,1
0.79467015,0,0
0.79517,0,1
0.79567,0,0
0.7961698,0,1
0.79666985,0,0
0.79716965,0,1
0.79766975,0,0
0.79816955,0,1
0.7986696,0,0
0.7991694,0,1
0.7996694,0,0
0.8001692,0,1
0.80066925,0,0
0.80116905,0,1
0.8016691,0,0
0.8021689,0,1
0.802669,0,0
0.8031688,0,1
0.8036688,0,0
0.8041686,0,1
0.8046686,0,0
0.80516845,0,1
0.8056685,0,0
0.8061683,0,1
0.80666835,0,0
0.80716815,0,1
0.8076682,0,0
0.808168,0,1
0.80866805,0,0
0.80916785,0,1
0.8096679,0,0
0.8101677,0,1
0.8106677,0,0
0.81116745,0,1
0.81166745,0,0
0.81216715,0,1
0.81266715,0,0
0.81316685,0,1
0.8136668,0,0
0.81416655,0,1
0.8146666,0,0
0.8151663,0,1
0.81566625,0,0
0.81616595,0,1
0.8166659,0,0
0.81716565,0,1
0.81766565,0,0
0.8181654,0,1
0.8186654,0,0
0.81916515,0,1
0.8196652,0,0
0.8201649,0,1
0.82066495,0,0
0.8211647,0,1
0.82166465,0,0
0.8221644,0,1
0.8226644,0,0
0.82316415,0,1
0.82366415,0,0
0.82416385,0,1
0.82466385,0,0
0.8251636,0,1
0.8256636,0,0
0.82616335,0,1
0.8266633,0,0
0.82716305,0,1
0.827663,0,0
0.82816275,0,1
0.8286627,0,0
0.8291624,0,1
0.8296624,0,0
0.83016215,0,1
0.8306621,0,0
0.8311618,0,1
0.8316618,0,0
0.8321615,0,1
0.83266155,0,0
0.8331613,0,1
0.83366125,0,0
0.834161,0,1
0.834661,0,0
0.8351608,0,1
0.8356608,0,0
0.8361606,0,1
0.8366606,0,0
0.8371603,0,1
0.8376603,0,0
0.83816005,0,1
0.83866,0,0
0.83915975,0,1
0.8396597,0,0
0.8401594,0,1
0.8406594,0,0
0.84115915,0,1
0.8416591,0,0
0.8421588,0,1
0.8426588,0,0
0.8431585,0,1
0.84365845,0,0
0.84415815,0,1
0.8446582,0,0
0.8451579,0,1
0.84565785,0,0
0.8461576,0,1
0.8466576,0,0
0.84715735,0,1
0.84765735,0,0
0.8481571,0,1
0.84865715,0,0
0.84915695,0,1
0.84965695,0,0
0.85015675,0,1
0.85065675,0,0
0.8511565,0,1
0.85165655,0,0
0.85215625,0,1
0.85265625,0,0
0.85315595,0,1
0.85365595,0,0
0.8541557,0,1
0.85465565,0,0
0.8551554,0,1
0.8556554,0,0
0.85615515,0,1
0.85665515,0,0
0.8571549,0,1
0.8576549,0,0
0.85815465,0,1
0.85865465,0,0
0.8591544,0,1
0.8596544,0,0
0.86015415,0,1
0.86065415,0,0
0.86115395,0,1
0.86165395,0,0
0.8621537,0,1
0.86265375,0,0
0.8631535,0,1
0.8636535,0,0
0.86415325,0,1
0.86465325,0,0
0.865153,0,1
0.86565305,0,0
0.8661528,0,1
0.86665285,0,0
0.8671527,0,1
0.8676527,0,0
0.86815255,0,1
0.86865255,0,0
0.86915235,0,1
0.8696524,0,0
0.8701522,0,1
0.87065225,0,0
0.87115205,0,1
0.8716521,0,0
0.8721519,0,1
0.87265195,0,0
0.8731517,0,1
0.8736517,0,0
0.8741515,0,1
0.87465155,0,0
0.87515135,0,1
0.87565135,0,0
0.87615115,0,1
0.8766512,0,0
0.877151,0,1
0.87765105,0,0
0.8781508,0,1
0.87865085,0,0
0.87915065,0,1
0.87965065,0,0
0.8801505,0,1
0.8806505,0,0
0.8811503,0,1
0.8816503,0,0
0.88215005,0,1
0.88265005,0,0
0.88314985,0,1
0.88364985,0,0
0.88414965,0,1
0.8846497,0,0
0.8851495,0,1
0.88564955,0,0
0.88614935,0,1
0.8866494,0,0
0.8871491,0,1
0.8876491,0,0
0.88814885,0,1
0.88864885,0,0
0.88914855,0,1
0.88964855,0,0
0.8901483,0,1
0.89064825,0,0
0.89114805,0,1
0.89164805,0,0
0.89214785,0,1
0.89264785,0,0
0.89314765,0,1
0.8936476,0,0
0.89414735,0,1
0.89464735,0,0
0.8951471,0,1
0.8956471,0,0
0.89614685,0,1
0.8966469,0,0
0.8971467,0,1
0.8976467,0,0
0.8981465,0,1
0.8986465,0,0
0.89914625,0,1
0.8996463,0,0
0.90014605,0,1
0.9006461,0,0
0.90114585,0,1
0.9016459,0,0
0.90214565,0,1
0.9026457,0,0
0.9031455,0,1
0.90364555,0,0
0.9041453,0,1
0.9046453,0,0
0.9051451,0,1
0.9056451,0,0
0.9061449,0,1
0.90664495,0,0
0.90714475,0,1
0.9076448,0,0
0.9081446,0,1
0.90864465,0,0
0.90914445,0,1
0.90964445,0,0
0.9101442,0,1
0.91064425,0,0
0.911144,0,1
0.911644,0,0
0.9121438,0,1
0.91264385,0,0
0.91314365,0,1
0.9136437,0,0
0.9141435,0,1
0.9146435,0,0
0.9151433,0,1
0.9156433,0,0
0.9161431,0,1
0.9166431,0,0
0.91714285,0,1
0.91764285,0,0
0.9181427,0,1
0.91864275,0,0
0.91914255,0,1
0.91964255,0,0
0.92014235,0,1
0.92064235,0,0
0.92114215,0,1
0.9216422,0,0
0.92214195,0,1
0.92264195,0,0
0.9231417,0,1
0.92364175,0,0
0.9241415,0,1
0.9246415,0,0
0.92514125,0,1
0.9256413,0,0
0.92614105,0,1
0.92664105,0,0
0.92714085,0,1
0.92764085,0,0
0.9281406,0,1
0.9286406,0,0
0.9291404,0,1
0.92964045,0,0
0.9301403,0,1
0.93064035,0,0
0.93114015,0,1
0.9316402,0,0
0.93214,0,1
0.93264005,0,0
0.9331398,0,1
0.93363975,0,0
0.9341395,0,1
0.9346395,0,0
0.93513925,0,1
0.9356392,0,0
0.936139,0,1
0.93663895,0,0
0.9371387,0,1
0.93763865,0,0
0.93813835,0,1
0.93863835,0,0
0.93913805,0,1
0.93963805,0,0
0.9401378,0,1
0.9406378,0,0
0.94113755,0,1
0.94163755,0,0
0.94213725,0,1
0.94263725,0,0
0.943137,0,1
0.94363695,0,0
0.9441367,0,1
0.9446367,0,0
0.9451364,0,1
0.9456364,0,0
0.94613615,0,1
0.94663615,0,0
0.9471359,0,1
0.9476359,0,0
0.94813565,0,1
0.9486357,0,0
0.94913545,0,1
0.94963545,0,0
0.95013525,0,1
0.95063525,0,0
0.951135,0,1
0.9516349,0,0
0.9521346,0,1
0.95263455,0,0
0.95313425,0,1
0.95363415,0,0
0.95413385,0,1
0.95463385,0,0
0.95513355,0,1
0.9556336,0,0
0.95613335,0,1
0.95663335,0,0
0.9571331,0,1
0.95763305,0,0
0.9581328,0,1
0.9586328,0,0
0.95913255,0,1
0.95963255,0,0
0.96013235,0,1
0.9606324,0,0
0.9611322,0,1
0.9616322,0,0
0.96213195,0,1
0.962632,0,0
0.9631318,0,1
0.96363185,0,0
0.9641316,0,1
0.96463165,0,0
0.96513145,0,1
0.9656315,0,0
0.96613125,0,1
0.96663125,0,0
0.967131,0,1
0.96763105,0,0
0.96813075,0,1
0.9686308,0,0
0.96913055,0,1
0.9696306,0,0
0.97013035,0,1
0.9706304,0,0
0.97113015,0,1
0.97163015,0,0
0.97212995,0,1
0.97262995,0,0
0.97312975,0,1
0.97362975,0,0
0.9741295,0,1
0.9746295,0,0
0.9751292,0,1
0.97562915,0,0
0.9761289,0,1
0.9766289,0,0
0.97712875,0,1
0.97762875,0,0
0.97812855,0,1
0.9786286,0,0
0.97912835,0,1
0.97962845,0,0
0.98012825,0,1
0.9806283,0,0
0.9811281,0,1
0.9816282,0,0
0.982128,0,1
0.98262805,0,0
0.9831278,0,1
0.98362785,0,0
0.98412765,0,1
0.9846277,0,0
0.98512745,0,1
0.9856275,0,0
0.98612725,0,1
0.9866273,0,0
0.98712705,0,1
0.9876271,0,0
0.98812695,0,1
0.98862705,0,0
0.98912685,0,1
0.9896269,0,0
0.9901267,0,1
0.9906268,0,0
0.9911266,0,1
0.99162665,0,0
0.9921265,0,1
0.99262655,0,0
0.9931264,0,1
0.99362655,0,0
0.99412635,0,1
0.99462645,0,0
0.99512625,0,1
0.99562635,0,0
0.99612615,0,1
0.99662615,0,0
0.997126,0,1
0.9976261,0,0
0.99812595,0,1
0.998626,0,0
0.99912575,0,1
0.9996258,0,0
1.00012555,0,1
1.00062555,0,0
1.0011253,0,1
1.00162535,0,0
1.00212515,0,1
1.0026252,0,0
1.00312495,0,1
1.003625,0,0
1.0041248,0,1
1.00462485,0,0
1.0051246,0,1
1.00562465,0,0
1.0061245,0,1
1.00662455,0,0
1.00712435,0,1
1.00762445,0,0
1.00812425,0,1
1.00862435,0,0
1.00912415,0,1
1.00962415,0,0
1.01012395,0,1
1.010624,0,0
1.01112375,0,1
1.01162385,0,0
1.0121236,0,1
1.01262365,0,0
1.0131234,0,1
1.0136234,0,0
1.01412315,0,1
1.01462315,0,0
1.0151229,0,1
1.01562295,0,0
1.01612275,0,1
1.0166228,0,0
1.0171226,0,1
1.01762265,0,0
1.0181224,0,1
1.01862245,0,0
1.0191222,0,1
1.0196222,0,0
1.020122,0,1
1.020622,0,0
1.02112175,0,1
1.02162185,0,0
1.0221216,0,1
1.02262165,0,0
1.02312145,0,1
1.02362145,0,0
1.0241213,0,1
1.02462135,0,0
1.02512115,0,1
1.0256212,0,0
1.026121,0,1
1.02662105,0,0
1.02712085,0,1
1.0276209,0,0
1.02812065,0,1
1.0286207,0,0
1.0291205,0,1
1.0296205,0,0
1.0301203,0,1
1.03062035,0,0
1.0311202,0,1
1.0316203,0,0
1.03212005,0,1
1.0326201,0,0
1.0331199,0,1
1.0336199,0,0
1.0341197,0,1
1.03461975,0,0
1.03511955,0,1
1.03561965,0,0
1.0361195,0,1
1.03661955,0,0
1.03711945,0,1
1.03761955,0,0
1.0381194,0,1
1.0386195,0,0
1.0391193,0,1
1.03961945,0,0
1.0401193,0,1
1.0406194,0,0
1.04111925,0,1
1.04161935,0,0
1.04211925,0,1
1.04261935,0,0
1.04311925,0,1
1.0436194,0,0
1.0441193,0,1
1.0446194,0,0
1.04511925,0,1
1.04561935,0,0
1.0461192,0,1
1.0466193,0,0
1.04711915,0,1
1.04761925,0,0
1.04811905,0,1
1.04861915,0,0
1.049119,0,1
1.04961905,0,0
1.0501189,0,1
1.050619,0,0
1.05111885,0,1
1.05161895,0,0
1.0521188,0,1
1.05261885,0,0
1.0531187,0,1
1.05361875,0,0
1.0541186,0,1
1.0546187,0,0
1.0551185,0,1
1.05561855,0,0
1.0561184,0,1
1.05661845,0,0
1.05711825,0,1
1.0576184,0,0
1.05811825,0,1
1.0586183,0,0
1.05911815,0,1
1.0596182,0,0
1.06011805,0,1
1.06061815,0,0
1.06111795,0,1
1.06161805,0,0
1.06211785,0,1
1.0626179,0,0
1.0631177,0,1
1.06361775,0,0
1.06411755,0,1
1.06461765,0,0
1.0651175,0,1
1.0656176,0,0
1.06611745,0,1
1.06661755,0,0
1.06711745,0,1
1.0676175,0,0
1.06811735,0,1
1.0686174,0,0
1.06911725,0,1
1.0696173,0,0
1.07011705,0,1
1.07061715,0,0
1.07111695,0,1
1.071617,0,0
1.0721168,0,1
1.0726169,0,0
1.0731167,0,1
1.07361675,0,0
1.0741166,0,1
1.0746167,0,0
1.0751165,0,1
1.0756166,0,0
1.0761164,0,1
1.07661645,0,0
1.0771163,0,1
1.07761635,0,0
1.07811615,0,1
1.07861625,0,0
1.07911605,0,1
1.07961615,0,0
1.08011595,0,1
1.08061605,0,0
1.0811159,0,1
1.08161595,0,0
1.0821158,0,1
1.0826159,0,0
1.08311575,0,1
1.08361585,0,0
1.0841157,0,1
1.0846158,0,0
1.08511565,0,1
1.08561575,0,0
1.08611565,0,1
1.08661575,0,0
1.0871156,0,1
1.08761565,0,0
1.08811545,0,1
1.0886155,0,0
1.0891153,0,1
1.08961535,0,0
1.0901152,0,1
1.0906153,0,0
1.09111515,0,1
1.0916152,0,0
1.09211505,0,1
1.0926151,0,0
1.093115,0,1
1.0936151,0,0
1.09411495,0,1
1.09461505,0,0
1.0951149,0,1
1.095615,0,0
1.09611485,0,1
1.09661495,0,0
1.09711485,0,1
1.09761495,0,0
1.0981148,0,1
1.0986149,0,0
1.0991147,0,1
1.09961485,0,0
1.1001147,0,1
1.1006148,0,0
1.10111465,0,1
1.1016147,0,0
1.10211455,0,1
1.10261465,0,0
1.10311445,0,1
1.10361455,0,0
1.1041144,0,1
1.1046145,0,0
1.10511435,0,1
1.1056145,0,0
1.1061143,0,1
1.1066143,0,0
1.1071141,0,1
1.1076141,0,0
1.1081139,0,1
1.10861395,0,0
1.10911375,0,1
1.1096138,0,0
1.1101136,0,1
1.11061365,0,0
1.11111345,0,1
1.1116135,0,0
1.11211335,0,1
1.1126134,0,0
1.1131132,0,1
1.1136133,0,0
1.11411305,0,1
1.1146131,0,0
1.11511285,0,1
1.1156129,0,0
1.1161127,0,1
1.11661275,0,0
1.11711255,0,1
1.1176126,0,0
1.1181124,0,1
1.1186125,0,0
1.1191123,0,1
1.11961235,0,0
1.1201122,0,1
1.12061225,0,0
1.12111205,0,1
1.1216121,0,0
1.1221119,0,1
1.12261195,0,0
1.1231118,0,1
1.1236119,0,0
1.12411175,0,1
1.1246118,0,0
1.1251116,0,1
1.12561165,0,0
1.12611145,0,1
1.1266115,0,0
1.12711125,0,1
1.1276113,0,0
1.12811105,0,1
1.1286111,0,0
1.12911085,0,1
1.1296109,0,0
1.13011065,0,1
1.1306107,0,0
1.13111045,0,1
1.13161045,0,0
1.13211025,0,1
1.13261025,0,0
1.13311005,0,1
1.13361005,0,0
1.13410985,0,1
1.13460995,0,0
1.1351097,0,1
1.1356098,0,0
1.1361096,0,1
1.13660965,0,0
1.1371095,0,1
1.13760955,0,0
1.1381094,0,1
1.13860945,0,0
1.13910925,0,1
1.13960925,0,0
1.140109,0,1
1.14060905,0,0
1.14110875,0,1
1.14160875,0,0
1.14210855,0,1
1.1426086,0,0
1.14310835,0,1
1.1436084,0,0
1.14410815,0,1
1.14460815,0,0
1.1451079,0,1
1.14560795,0,0
1.1461077,0,1
1.1466077,0,0
1.14710745,0,1
1.1476075,0,0
1.14810725,0,1
1.14860725,0,0
1.14910705,0,1
1.14960705,0,0
1.1501069,0,1
1.1506069,0,0
1.15110665,0,1
1.1516067,0,0
1.1521065,0,1
1.1526065,0,0
1.15310625,0,1
1.15360625,0,0
1.154106,0,1
1.15460605,0,0
1.1551058,0,1
1.1556059,0,0
1.1561057,0,1
1.15660575,0,0
1.1571056,0,1
1.15760565,0,0
1.15810545,0,1
1.15860555,0,0
1.1591054,0,1
1.15960555,0,0
1.1601054,0,1
1.1606055,0,0
1.1611053,0,1
1.1616054,0,0
1.1621053,0,1
1.1626054,0,0
1.16310525,0,1
1.1636053,0,0
1.16410515,0,1
1.16460525,0,0
1.1651051,0,1
1.1656052,0,0
1.166105,0,1
1.16660505,0,0
1.1671049,0,1
1.16760495,0,0
1.16810475,0,1
1.16860485,0,0
1.16910465,0,1
1.16960475,0,0
1.17010455,0,1
1.1706046,0,0
1.1711044,0,1
1.1716044,0,0
1.17210425,0,1
1.1726043,0,0
1.17310415,0,1
1.1736042,0,0
1.17410405,0,1
1.1746041,0,0
1.17510395,0,1
1.175604,0,0
1.17610385,0,1
1.17660395,0,0
1.1771038,0,1
1.17760385,0,0
1.1781037,0,1
1.17860375,0,0
1.1791036,0,1
1.17960365,0,0
1.18010355,0,1
1.18060365,0,0
1.1811035,0,1
1.1816036,0,0
1.18210345,0,1
1.18260355,0,0
1.18310335,0,1
1.18360345,0,0
1.18410325,0,1
1.18460335,0,0
1.18510315,0,1
1.18560325,0,0
1.18610305,0,1
1.1866031,0,0
1.187103,0,1
1.1876031,0,0
1.188103,0,1
1.1886031,0,0
1.189103,0,1
1.1896031,0,0
1.19010295,0,1
1.190603,0,0
1.19110285,0,1
1.19160295,0,0
1.1921028,0,1
1.1926029,0,0
1.1931027,0,1
1.1936028,0,0
1.19410265,0,1
1.19460275,0,0
1.1951026,0,1
1.1956027,0,0
1.19610245,0,1
1.1966025,0,0
1.19710225,0,1
1.19760225,0,0
1.19810215,0,1
1.1986022,0,0
1.199102,0,1
1.19960205,0,0
1.2001019,0,1
1.20060195,0,0
1.2011018,0,1
1.20160185,0,0
1.2021017,0,1
1.2026018,0,0
1.20310165,0,1
1.2036017,0,0
1.20410155,0,1
1.20460155,0,0
1.20510135,0,1
1.20560135,0,0
1.2061011,0,1
1.20660115,0,0
1.20710095,0,1
1.207601,0,0
1.20810085,0,1
1.2086009,0,0
1.20910075,0,1
1.2096008,0,0
1.2101006,0,1
1.21060075,0,0
1.21110055,0,1
1.2116006,0,0
1.2121004,0,1
1.21260045,0,0
1.21310025,0,1
1.21360035,0,0
1.2141002,0,1
1.21460025,0,0
1.21510005,0,1
1.2156001,0,0
1.2161,0,1
1.2166001,0,0
1.21709995,0,1
1.2176,0,0
1.2180998,0,1
1.21859985,0,0
1.2190997,0,1
1.21959975,0,0
1.2200996,0,1
1.2205996,0,0
1.2210994,0,1
1.22159945,0,0
1.22209925,0,1
1.22259925,0,0
1.22309905,0,1
1.22359905,0,0
1.2240989,0,1
1.2245989,0,0
1.2250987,0,1
1.22559875,0,0
1.22609855,0,1
1.2265986,0,0
1.2270984,0,1
1.22759845,0,0
1.2280983,0,1
1.22859835,0,0
1.2290982,0,1
1.22959825,0,0
1.2300981,0,1
1.23059815,0,0
1.2310979,0,1
1.23159795,0,0
1.23209775,0,1
1.2325978,0,0
1.23309765,0,1
1.2335977,0,0
1.2340975,0,1
1.23459755,0,0
1.23509735,0,1
1.2355974,0,0
1.2360972,0,1
1.2365972,0,0
1.237097,0,1
1.23759695,0,0
1.2380967,0,1
1.2385968,0,0
1.23909665,0,1
1.2395967,0,0
1.24009655,0,1
1.2405966,0,0
1.2410964,0,1
1.24159645,0,0
1.24209625,0,1
1.2425963,0,0
1.24309615,0,1
1.2435962,0,0
1.244096,0,1
1.24459605,0,0
1.24509585,0,1
1.24559595,0,0
1.2460958,0,1
1.24659585,0,0
1.24709565,0,1
1.24759575,0,0
1.24809555,0,1
1.2485957,0,0
1.2490955,0,1
1.2495955,0,0
1.2500953,0,1
1.2505954,0,0
1.25109515,0,1
1.2515952,0,0
1.25209505,0,1
1.25259515,0,0
1.253095,0,1
1.25359515,0,0
1.254095,0,1
1.25459505,0,0
1.2550949,0,1
1.25559505,0,0
1.2560949,0,1
1.256595,0,0
1.25709485,0,1
1.257595,0,0
1.2580949,0,1
1.25859505,0,0
1.2590949,0,1
1.2595949,0,0
1.26009475,0,1
1.26059485,0,0
1.2610947,0,1
1.2615948,0,0
1.26209465,0,1
1.26259475,0,0
1.26309455,0,1
1.26359465,0,0
1.2640945,0,1
1.26459455,0,0
1.2650944,0,1
1.26559445,0,0
1.2660943,0,1
1.2665944,0,0
1.2670942,0,1
1.2675943,0,0
1.2680941,0,1
1.2685942,0,0
1.269094,0,1
1.26959415,0,0
1.270094,0,1
1.2705941,0,0
1.2710939,0,1
1.271594,0,0
1.27209385,0,1
1.27259395,0,0
1.27309375,0,1
1.27359385,0,0
1.2740937,0,1
1.2745938,0,0
1.27509365,0,1
1.27559375,0,0
1.2760936,0,1
1.27659365,0,0
1.27709355,0,1
1.27759365,0,0
1.2780935,0,1
1.27859365,0,0
1.27909355,0,1
1.27959365,0,0
1.2800936,0,1
1.2805937,0,0
1.28109355,0,1
1.28159375,0,0
1.2820936,0,1
1.28259375,0,0
1.2830936,0,1
1.28359375,0,0
1.28409365,0,1
1.2845938,0,0
1.2850937,0,1
1.28559385,0,0
1.28609375,0,1
1.28659395,0,0
1.28709385,0,1
1.28759405,0,0
1.288094,0,1
1.28859425,0,0
1.2890942,0,1
1.28959435,0,0
1.2900943,0,1
1.2905945,0,0
1.29109435,0,1
1.2915945,0,0
1.29209445,0,1
1.2925946,0,0
1.2930945,0,1
1.29359465,0,0
1.2940945,0,1
1.2945947,0,0
1.29509455,0,1
1.29559465,0,0
1.29609455,0,1
1.2965946,0,0
1.2970945,0,1
1.2975946,0,0
1.2980944,0,1
1.2985945,0,0
1.2990943,0,1
1.2995943,0,0
1.30009415,0,1
1.3005942,0,0
1.30109405,0,1
1.30159415,0,0
1.30209395,0,1
1.302594,0,0
1.3030938,0,1
1.30359385,0,0
1.30409365,0,1
1.3045937,0,0
1.3050935,0,1
1.3055936,0,0
1.3060934,0,1
1.3065935,0,0
1.30709335,0,1
1.3075934,0,0
1.3080931,0,1
1.3085931,0,0
1.30909285,0,1
1.30959285,0,0
1.31009265,0,1
1.3105927,0,0
1.31109255,0,1
1.3115926,0,0
1.31209245,0,1
1.3125925,0,0
1.3130923,0,1
1.31359235,0,0
1.31409215,0,1
1.3145922,0,0
1.31509195,0,1
1.315592,0,0
1.31609185,0,1
1.3165919,0,0
1.3170917,0,1
1.31759185,0,0
1.31809165,0,1
1.31859165,0,0
1.3190915,0,1
1.31959155,0,0
1.3200914,0,1
1.32059145,0,0
1.32109125,0,1
1.32159135,0,0
1.3220912,0,1
1.32259125,0,0
1.3230911,0,1
1.32359115,0,0
1.324091,0,1
1.3245911,0,0
1.3250909,0,1
1.325591,0,0
1.3260908,0,1
1.3265909,0,0
1.32709065,0,1
1.3275907,0,0
1.3280905,0,1
1.3285905,0,0
1.3290903,0,1
1.3295903,0,0
1.33009015,0,1
1.3305902,0,0
1.33109005,0,1
1.3315901,0,0
1.33208995,0,1
1.33259,0,0
1.3330899,0,1
1.33359,0,0
1.33408985,0,1
1.33458995,0,0
1.3350898,0,1
1.33558995,0,0
1.3360898,0,1
1.3365899,0,0
1.3370897,0,1
1.33758985,0,0
1.3380897,0,1
1.3385898,0,0
1.33908965,0,1
1.33958975,0,0
1.34008965,0,1
1.34058975,0,0
1.3410896,0,1
1.3415897,0,0
1.3420895,0,1
1.34258955,0,0
1.34308935,0,1
1.34358945,0,0
1.34408925,0,1
1.3445893,0,0
1.34508915,0,1
1.3455892,0,0
1.346089,0,1
1.34658905,0,0
1.3470889,0,1
1.347589,0,0
1.3480888,0,1
1.3485889,0,0
1.34908875,0,1
1.3495888,0,0
1.3500886,0,1
1.3505887,0,0
1.35108855,0,1
1.35158865,0,0
1.35208845,0,1
1.35258855,0,0
1.35308835,0,1
1.35358845,0,0
1.3540883,0,1
1.3545884,0,0
1.35508825,0,1
1.35558835,0,0
1.35608815,0,1
1.35658825,0,0
1.35708805,0,1
1.3575881,0,0
1.35808795,0,1
1.35858805,0,0
1.3590879,0,1
1.359588,0,0
1.36008785,0,1
1.360588,0,0
1.36108785,0,1
1.361588,0,0
1.3620878,0,1
1.3625879,0,0
1.3630878,0,1
1.3635879,0,0
1.36408775,0,1
1.36458785,0,0
1.36508765,0,1
1.36558775,0,0
1.36608755,0,1
1.3665876,0,0
1.3670874,0,1
1.36758745,0,0
1.36808725,0,1
1.36858735,0,0
1.3690872,0,1
1.3695873,0,0
1.37008715,0,1
1.37058725,0,0
1.37108715,0,1
1.37158735,0,0
1.37208725,0,1
1.37258745,0,0
1.37308735,0,1
1.37358755,0,0
1.3740875,0,1
1.3745877,0,0
1.37508765,0,1
1.3755878,0,0
1.37608775,0,1
1.37658795,0,0
1.37708795,0,1
1.3775881,0,0
1.37808805,0,1
1.37858825,0,0
1.37908815,0,1
1.3795883,0,0
1.3800882,0,1
1.38058835,0,0
1.38108825,0,1
1.3815884,0,0
1.3820883,0,1
1.38258845,0,0
1.3830883,0,1
1.38358845,0,0
1.3840883,0,1
1.3845884,0,0
1.38508825,0,1
1.3855884,0,0
1.38608825,0,1
1.3865884,0,0
1.3870883,0,1
1.38758845,0,0
1.3880883,0,1
1.38858845,0,0
1.3890884,0,1
1.3895886,0,0
1.39008845,0,1
1.3905886,0,0
1.3910885,0,1
1.3915887,0,0
1.3920886,0,1
1.39258875,0,0
1.3930886,0,1
1.39358875,0,0
1.39408865,0,1
1.3945888,0,0
1.39508865,0,1
1.39558875,0,0
1.39608865,0,1
1.39658875,0,0
1.3970886,0,1
1.3975887,0,0
1.39808855,0,1
1.3985887,0,0
1.3990886,0,1
1.39958875,0,0
1.40008865,0,1
1.4005888,0,0
1.40108865,0,1
1.40158875,0,0
1.40208865,0,1
1.40258875,0,0
1.40308865,0,1
1.4035888,0,0
1.4040887,0,1
1.40458885,0,0
1.40508875,0,1
1.40558885,0,0
1.40608875,0,1
1.40658885,0,0
1.4070887,0,1
1.40758885,0,0
1.40808875,0,1
1.4085888,0,0
1.4090887,0,1
1.4095889,0,0
1.4100887,0,1
1.4105888,0,0
1.4110887,0,1
1.4115888,0,0
1.4120887,0,1
1.4125888,0,0
1.41308865,0,1
1.4135888,0,0
1.4140886,0,1
1.41458875,0,0
1.41508865,0,1
1.41558875,0,0
1.41608865,0,1
1.41658875,0,0
1.41708865,0,1
1.4175888,0,0
1.4180887,0,1
1.4185889,0,0
1.4190888,0,1
1.41958895,0,0
1.4200888,0,1
1.42058895,0,0
1.42108885,0,1
1.421589,0,0
1.42208895,0,1
1.4225891,0,0
1.42308895,0,1
1.4235891,0,0
1.424089,0,1
1.42458915,0,0
1.42508905,0,1
1.42558925,0,0
1.42608915,0,1
1.4265893,0,0
1.4270892,0,1
1.4275893,0,0
1.4280892,0,1
1.42858935,0,0
1.4290893,0,1
1.4295894,0,0
1.43008925,0,1
1.4305894,0,0
1.43108925,0,1
1.4315894,0,0
1.43208925,0,1
1.4325894,0,0
1.4330893,0,1
1.4335895,0,0
1.43408935,0,1
1.4345895,0,0
1.4350894,0,1
1.43558955,0,0
1.43608945,0,1
1.4365896,0,0
1.4370895,0,1
1.43758965,0,0
1.4380895,0,1
1.4385896,0,0
1.4390895,0,1
1.43958965,0,0
1.4400895,0,1
1.4405896,0,0
1.44108945,0,1
1.4415896,0,0
1.4420895,0,1
1.44258965,0,0
1.44308955,0,1
1.4435897,0,0
1.44408955,0,1
1.44458965,0,0
1.44508955,0,1
1.4455897,0,0
1.44608955,0,1
1.44658965,0,0
1.4470895,0,1
1.4475896,0,0
1.4480895,0,1
1.44858965,0,0
1.44908945,0,1
1.4495896,0,0
1.4500895,0,1
1.4505896,0,0
1.4510895,0,1
1.4515896,0,0
1.45208945,0,1
1.4525896,0,0
1.45308945,0,1
1.4535896,0,0
1.4540895,0,1
1.4545896,0,0
1.4550895,0,1
1.4555896,0,0
1.45608945,0,1
1.45658955,0,0
1.45708935,0,1
1.45758945,0,0
1.45808925,0,1
1.45858935,0,0
1.45908915,0,1
1.45958925,0,0
1.46008905,0,1
1.46058915,0,0
1.461089,0,1
1.4615891,0,0
1.462089,0,1
1.4625891,0,0
1.463089,0,1
1.4635891,0,0
1.464089,0,1
1.4645891,0,0
1.465089,0,1
1.4655891,0,0
1.46608895,0,1
1.466589,0,0
1.46708885,0,1
1.467589,0,0
1.46808885,0,1
1.468589,0,0
1.46908885,0,1
1.469589,0,0
1.4700889,0,1
1.470589,0,0
1.4710889,0,1
1.471589,0,0
1.4720888,0,1
1.4725889,0,0
1.4730888,0,1
1.4735889,0,0
1.47408875,0,1
1.47458885,0,0
1.47508875,0,1
1.47558885,0,0
1.4760887,0,1
1.4765888,0,0
1.47708865,0,1
1.4775888,0,0
1.4780886,0,1
1.4785887,0,0
1.4790886,0,1
1.4795887,0,0
1.48008855,0,1
1.48058865,0,0
1.48108855,0,1
1.4815887,0,0
1.48208855,0,1
1.4825887,0,0
1.4830886,0,1
1.48358875,0,0
1.48408855,0,1
1.48458865,0,0
1.4850885,0,1
1.48558855,0,0
1.4860884,0,1
1.4865885,0,0
1.48708835,0,1
1.48758845,0,0
1.4880883,0,1
1.4885884,0,0
1.4890883,0,1
1.4895884,0,0
1.4900882,0,1
1.4905883,0,0
1.4910882,0,1
1.49158825,0,0
1.4920881,0,1
1.4925882,0,0
1.4930881,0,1
1.4935882,0,0
1.49408805,0,1
1.4945882,0,0
1.49508805,0,1
1.4955882,0,0
1.49608805,0,1
1.4965882,0,0
1.4970881,0,1
1.4975882,0,0
1.4980881,0,1
1.4985882,0,0
1.4990881,0,1
1.49958815,0,0
1.500088,0,1
1.50058815,0,0
1.501088,0,1
1.50158815,0,0
1.50208805,0,1
1.50258825,0,0
1.5030881,0,1
1.5035882,0,0
1.5040881,0,1
1.50458825,0,0
1.5050881,0,1
1.5055882,0,0
1.50608805,0,1
1.50658815,0,0
1.507088,0,1
1.50758815,0,0
1.508088,0,1
1.5085881,0,0
1.509088,0,1
1.5095881,0,0
1.510088,0,1
1.5105881,0,0
1.511088,0,1
1.5115881,0,0
1.512088,0,1
1.5125881,0,0
1.513088,0,1
1.51358815,0,0
1.514088,0,1
1.5145881,0,0
1.515088,0,1
1.51558815,0,0
1.516088,0,1
1.51658805,0,0
1.5170879,0,1
1.517588,0,0
1.5180879,0,1
1.518588,0,0
1.51908785,0,1
1.519588,0,0
1.5200879,0,1
1.520588,0,0
1.5210878,0,1
1.52158785,0,0
1.52208765,0,1
1.52258775,0,0
1.52308755,0,1
1.5235876,0,0
1.52408745,0,1
1.5245875,0,0
1.52508735,0,1
1.5255874,0,0
1.52608725,0,1
1.5265873,0,0
1.5270871,0,1
1.5275872,0,0
1.52808705,0,1
1.5285871,0,0
1.529087,0,1
1.52958705,0,0
1.53008685,0,1
1.5305869,0,0
1.5310867,0,1
1.53158675,0,0
1.5320866,0,1
1.53258665,0,0
1.53308645,0,1
1.53358655,0,0
1.5340864,0,1
1.53458645,0,0
1.5350863,0,1
1.5355864,0,0
1.53608625,0,1
1.5365864,0,0
1.53708625,0,1
1.5375864,0,0
1.53808625,0,1
1.5385864,0,0
1.5390863,0,1
1.53958645,0,0
1.54008635,0,1
1.5405865,0,0
1.5410863,0,1
1.5415864,0,0
1.54208625,0,1
1.54258635,0,0
1.54308625,0,1
1.54358635,0,0
1.54408625,0,1
1.5445864,0,0
1.54508625,0,1
1.5455864,0,0
1.5460863,0,1
1.54658645,0,0
1.54708635,0,1
1.5475865,0,0
1.54808635,0,1
1.5485864,0,0
1.54908625,0,1
1.5495864,0,0
1.55008625,0,1
1.5505864,0,0
1.5510863,0,1
1.55158645,0,0
1.5520863,0,1
1.5525864,0,0
1.55308625,0,1
1.5535863,0,0
1.5540861,0,1
1.5545862,0,0
1.55508605,0,1
1.55558615,0,0
1.556086,0,1
1.5565861,0,0
1.55708595,0,1
1.557586,0,0
1.55808585,0,1
1.55858595,0,0
1.55908575,0,1
1.5595858,0,0
1.56008565,0,1
1.5605857,0,0
1.5610855,0,1
1.5615856,0,0
1.56208545,0,1
1.56258555,0,0
1.5630854,0,1
1.5635855,0,0
1.56408535,0,1
1.56458545,0,0
1.56508525,0,1
1.56558535,0,0
1.5660852,0,1
1.5665853,0,0
1.56708515,0,1
1.56758525,0,0
1.56808505,0,1
1.56858515,0,0
1.56908495,0,1
1.56958505,0,0
1.5700848,0,1
1.57058485,0,0
1.57108465,0,1
1.57158465,0,0
1.57208445,0,1
1.5725845,0,0
1.57308425,0,1
1.5735843,0,0
1.57408415,0,1
1.5745842,0,0
1.57508405,0,1
1.57558415,0,0
1.57608395,0,1
1.576584,0,0
1.5770838,0,1
1.5775839,0,0
1.57808375,0,1
1.57858385,0,0
1.5790837,0,1
1.57958375,0,0
1.5800836,0,1
1.5805837,0,0
1.58108355,0,1
1.58158365,0,0
1.58208355,0,1
1.58258365,0,0
1.5830835,0,1
1.5835836,0,0
1.5840835,0,1
1.5845836,0,0
1.58508345,0,1
1.5855836,0,0
1.5860834,0,1
1.58658355,0,0
1.58708345,0,1
1.5875836,0,0
1.5880835,0,1
1.58858355,0,0
1.58908345,0,1
1.58958355,0,0
1.59008345,0,1
1.5905836,0,0
1.59108345,0,1
1.5915836,0,0
1.59208345,0,1
1.5925836,0,0
1.59308345,0,1
1.5935835,0,0
1.5940834,0,1
1.5945835,0,0
1.59508335,0,1
1.59558345,0,0
1.59608335,0,1
1.59658345,0,0
1.5970833,0,1
1.59758345,0,0
1.59808335,0,1
1.59858345,0,0
1.5990833,0,1
1.5995834,0,0
1.6000833,0,1
1.6005834,0,0
1.60108325,0,1
1.60158335,0,0
1.6020832,0,1
1.6025833,0,0
1.6030832,0,1
1.6035833,0,0
1.6040831,0,1
1.6045832,0,0
1.605083,0,1
1.60558315,0,0
1.606083,0,1
1.60658315,0,0
1.607083,0,1
1.6075831,0,0
1.608083,0,1
1.6085831,0,0
1.609083,0,1
1.60958315,0,0
1.61008305,0,1
1.6105832,0,0
1.611083,0,1
1.61158315,0,0
1.61208305,0,1
1.61258315,0,0
1.613083,0,1
1.6135831,0,0
1.61408295,0,1
1.61458305,0,0
1.61508285,0,1
1.61558295,0,0
1.6160828,0,1
1.6165829,0,0
1.6170827,0,1
1.6175828,0,0
1.6180827,0,1
1.61858275,0,0
1.61908265,0,1
1.61958285,0,0
1.6200827,0,1
1.6205829,0,0
1.6210828,0,1
1.62158295,0,0
1.6220829,0,1
1.62258305,0,0
1.6230829,0,1
1.62358305,0,0
1.62408295,0,1
1.62458305,0,0
1.62508295,0,1
1.62558305,0,0
1.62608295,0,1
1.62658305,0,0
1.62708285,0,1
1.62758295,0,0
1.6280828,0,1
1.6285829,0,0
1.62908275,0,1
1.62958285,0,0
1.63008275,0,1
1.63058285,0,0
1.6310827,0,1
1.6315828,0,0
1.63208265,0,1
1.6325828,0,0
1.63308265,0,1
1.63358275,0,0
1.6340826,0,1
1.6345827,0,0
1.63508255,0,1
1.6355826,0,0
1.63608245,0,1
1.63658255,0,0
1.63708235,0,1
1.63758245,0,0
1.6380823,0,1
1.6385824,0,0
1.6390823,0,1
1.63958245,0,0
1.6400823,0,1
1.6405824,0,0
1.64108225,0,1
1.64158235,0,0
1.64208215,0,1
1.64258225,0,0
1.64308215,0,1
1.64358225,0,0
1.6440821,0,1
1.6445822,0,0
1.645082,0,1
1.6455821,0,0
1.64608195,0,1
1.6465821,0,0
1.6470819,0,1
1.647582,0,0
1.64808185,0,1
1.648582,0,0
1.6490819,0,1
1.649582,0,0
1.6500818,0,1
1.6505819,0,0
1.6510817,0,1
1.65158175,0,0
1.65208165,0,1
1.6525818,0,0
1.6530817,0,1
1.6535818,0,0
1.6540817,0,1
1.65458185,0,0
1.6550817,0,1
1.6555818,0,0
1.65608165,0,1
1.6565818,0,0
1.6570817,0,1
1.65758185,0,0
1.65808175,0,1
1.6585819,0,0
1.65908175,0,1
1.65958185,0,0
1.6600817,0,1
1.66058185,0,0
1.66108175,0,1
1.66158185,0,0
1.66208175,0,1
1.6625819,0,0
1.66308175,0,1
1.66358185,0,0
1.66408175,0,1
1.6645819,0,0
1.6650817,0,1
1.6655818,0,0
1.66608165,0,1
1.66658175,0,0
1.6670816,0,1
1.66758165,0,0
1.6680815,0,1
1.66858155,0,0
1.66908135,0,1
1.6695814,0,0
1.67008125,0,1
1.6705813,0,0
1.67108115,0,1
1.67158125,0,0
1.6720811,0,1
1.6725812,0,0
1.6730811,0,1
1.6735812,0,0
1.6740811,0,1
1.6745812,0,0
1.675081,0,1
1.67558115,0,0
1.676081,0,1
1.6765811,0,0
1.677081,0,1
1.67758115,0,0
1.678081,0,1
1.6785811,0,0
1.67908095,0,1
1.6795811,0,0
1.6800809,0,1
1.680581,0,0
1.68108085,0,1
1.6815809,0,0
1.68208075,0,1
1.6825808,0,0
1.68308065,0,1
1.6835808,0,0
1.6840807,0,1
1.68458075,0,0
1.68508055,0,1
1.68558065,0,0
1.68608045,0,1
1.68658055,0,0
1.68708035,0,1
1.6875804,0,0
1.68808025,0,1
1.6885803,0,0
1.6890801,0,1
1.6895802,0,0
1.69008,0,1
1.69058005,0,0
1.6910799,0,1
1.69158,0,0
1.6920799,0,1
1.69258,0,0
1.6930799,0,1
1.69358,0,0
1.69407985,0,1
1.6945799,0,0
1.6950797,0,1
1.6955797,0,0
1.69607955,0,1
1.69657965,0,0
1.6970795,0,1
1.69757955,0,0
1.6980794,0,1
1.69857945,0,0
1.6990793,0,1
1.6995793,0,0
1.70007915,0,1
1.70057915,0,0
1.70107895,0,1
1.701579,0,0
1.7020788,0,1
1.70257885,0,0
1.70307865,0,1
1.70357875,0,0
1.70407855,0,1
1.70457865,0,0
1.7050785,0,1
1.70557855,0,0
1.7060784,0,1
1.7065785,0,0
1.70707835,0,1
1.7075784,0,0
1.70807825,0,1
1.7085783,0,0
1.70907805,0,1
1.70957815,0,0
1.71007795,0,1
1.71057805,0,0
1.71107785,0,1
1.7115779,0,0
1.7120777,0,1
1.7125778,0,0
1.7130776,0,1
1.71357765,0,0
1.71407745,0,1
1.7145775,0,0
1.7150773,0,1
1.7155774,0,0
1.7160772,0,1
1.71657725,0,0
1.71707705,0,1
1.71757715,0,0
1.71807695,0,1
1.71857705,0,0
1.7190769,0,1
1.71957705,0,0
1.72007685,0,1
1.72057695,0,0
1.7210768,0,1
1.72157685,0,0
1.72207665,0,1
1.72257675,0,0
1.72307655,0,1
1.72357665,0,0
1.72407645,0,1
1.7245765,0,0
1.72507635,0,1
1.72557645,0,0
1.72607625,0,1
1.72657635,0,0
1.7270762,0,1
1.7275763,0,0
1.72807615,0,1
1.72857615,0,0
1.729076,0,1
1.72957615,0,0
1.730076,0,1
1.73057605,0,0
1.7310759,0,1
1.73157595,0,0
1.73207575,0,1
1.7325759,0,0
1.7330757,0,1
1.7335758,0,0
1.7340757,0,1
1.73457585,0,0
1.73507565,0,1
1.73557575,0,0
1.73607555,0,1
1.73657565,0,0
1.73707555,0,1
1.7375756,0,0
1.73807545,0,1
1.7385756,0,0
1.7390754,0,1
1.73957555,0,0
1.7400754,0,1
1.74057555,0,0
1.74107535,0,1
1.7415755,0,0
1.74207535,0,1
1.7425754,0,0
1.7430752,0,1
1.7435753,0,0
1.74407515,0,1
1.74457525,0,0
1.74507505,0,1
1.7455751,0,0
1.74607495,0,1
1.746575,0,0
1.74707485,0,1
1.7475749,0,0
1.74807475,0,1
1.7485748,0,0
1.74907465,0,1
1.74957475,0,0
1.75007465,0,1
1.7505747,0,0
1.75107455,0,1
1.7515746,0,0
1.7520744,0,1
1.75257445,0,0
1.75307425,0,1
1.75357435,0,0
1.75407415,0,1
1.7545742,0,0
1.755074,0,1
1.75557405,0,0
1.7560739,0,1
1.75657395,0,0
1.7570738,0,1
1.7575739,0,0
1.7580737,0,1
1.75857375,0,0
1.75907355,0,1
1.7595736,0,0
1.7600734,0,1
1.7605735,0,0
1.76107325,0,1
1.76157335,0,0
1.7620731,0,1
1.7625731,0,0
1.7630729,0,1
1.7635729,0,0
1.7640727,0,1
1.76457275,0,0
1.7650726,0,1
1.76557265,0,0
1.76607245,0,1
1.76657245,0,0
1.7670723,0,1
1.76757235,0,0
1.76807215,0,1
1.76857225,0,0
1.769072,0,1
1.7695721,0,0
1.77007185,0,1
1.7705719,0,0
1.7710717,0,1
1.77157175,0,0
1.77207155,0,1
1.7725716,0,0
1.7730714,0,1
1.77357145,0,0
1.77407115,0,1
1.77457115,0,0
1.7750709,0,1
1.77557095,0,0
1.77607075,0,1
1.77657075,0,0
1.7770705,0,1
1.77757055,0,0
1.77807035,0,1
1.77857035,0,0
1.77907015,0,1
1.7795702,0,0
1.78007,0,1
1.78057,0,0
1.78106975,0,1
1.7815698,0,0
1.7820696,0,1
1.78256965,0,0
1.78306945,0,1
1.78356945,0,0
1.78406925,0,1
1.7845693,0,0
1.78506905,0,1
1.78556915,0,0
1.786069,0,1
1.7865691,0,0
1.78706895,0,1
1.787569,0,0
1.78806885,0,1
1.7885689,0,0
1.78906875,0,1
1.7895688,0,0
1.7900686,0,1
1.79056865,0,0
1.79106845,0,1
1.7915685,0,0
1.7920683,0,1
1.79256835,0,0
1.7930682,0,1
1.7935682,0,0
1.794068,0,1
1.794568,0,0
1.79506775,0,1
1.7955678,0,0
1.79606765,0,1
1.7965677,0,0
1.7970675,0,1
1.79756755,0,0
1.79806735,0,1
1.7985674,0,0
1.79906715,0,1
1.79956715,0,0
1.80006695,0,1
1.800567,0,0
1.80106675,0,1
1.80156675,0,0
1.80206645,0,1
1.80256645,0,0
1.80306615,0,1
1.80356615,0,0
1.80406595,0,1
1.80456595,0,0
1.80506575,0,1
1.80556575,0,0
1.8060655,0,1
1.8065655,0,0
1.80706525,0,1
1.80756525,0,0
1.808065,0,1
1.808565,0,0
1.80906475,0,1
1.80956475,0,0
1.81006455,0,1
1.81056455,0,0
1.8110643,0,1
1.81156435,0,0
1.8120641,0,1
1.8125641,0,0
1.8130638,0,1
1.8135638,0,0
1.8140636,0,1
1.8145636,0,0
1.8150634,0,1
1.81556345,0,0
1.8160632,0,1
1.81656325,0,0
1.81706305,0,1
1.81756305,0,0
1.81806285,0,1
1.81856285,0,0
1.81906265,0,1
1.81956265,0,0
1.82006245,0,1
1.8205625,0,0
1.8210623,0,1
1.82156235,0,0
1.82206215,0,1
1.8225622,0,0
1.823062,0,1
1.82356205,0,0
1.8240618,0,1
1.8245619,0,0
1.8250617,0,1
1.82556175,0,0
1.82606155,0,1
1.82656165,0,0
1.8270615,0,1
1.82756155,0,0
1.8280614,0,1
1.82856145,0,0
1.82906125,0,1
1.82956125,0,0
1.83006105,0,1
1.8305611,0,0
1.83106095,0,1
1.831561,0,0
1.83206075,0,1
1.8325608,0,0
1.8330606,0,1
1.83356065,0,0
1.83406045,0,1
1.8345605,0,0
1.8350603,0,1
1.83556035,0,0
1.8360601,0,1
1.8365601,0,0
1.8370599,0,1
1.83755995,0,0
1.8380597,0,1
1.8385598,0,0
1.83905965,0,1
1.8395597,0,0
1.8400595,0,1
1.84055955,0,0
1.84105935,0,1
1.84155945,0,0
1.8420592,0,1
1.84255925,0,0
1.843059,0,1
1.84355905,0,0
1.84405885,0,1
1.84455885,0,0
1.8450586,0,1
1.84555865,0,0
1.8460584,0,1
1.8465584,0,0
1.84705825,0,1
1.84755835,0,0
1.84805825,0,1
1.8485583,0,0
1.8490581,0,1
1.84955815,0,0
1.85005795,0,1
1.850558,0,0
1.8510578,0,1
1.8515578,0,0
1.8520576,0,1
1.85255765,0,0
1.85305745,0,1
1.8535575,0,0
1.8540573,0,1
1.85455735,0,0
1.85505715,0,1
1.8555572,0,0
1.856057,0,1
1.85655705,0,0
1.85705685,0,1
1.8575569,0,0
1.8580567,0,1
1.85855675,0,0
1.8590565,0,1
1.85955655,0,0
1.86005635,0,1
1.8605564,0,0
1.8610562,0,1
1.86155625,0,0
1.86205605,0,1
1.8625561,0,0
1.8630559,0,1
1.86355595,0,0
1.86405575,0,1
1.86455585,0,0
1.86505565,0,1
1.86555565,0,0
1.86605545,0,1
1.86655555,0,0
1.86705535,0,1
1.8675554,0,0
1.8680552,0,1
1.86855525,0,0
1.8690551,0,1
1.86955515,0,0
1.87005495,0,1
1.870555,0,0
1.8710548,0,1
1.87155485,0,0
1.8720547,0,1
1.87255475,0,0
1.8730546,0,1
1.87355465,0,0
1.87405445,0,1
1.8745545,0,0
1.87505435,0,1
1.8755544,0,0
1.87605425,0,1
1.8765543,0,0
1.87705415,0,1
1.87755425,0,0
1.8780541,0,1
1.8785541,0,0
1.87905395,0,1
1.879554,0,0
1.8800538,0,1
1.8805538,0,0
1.88105355,0,1
1.8815536,0,0
1.88205335,0,1
1.8825534,0,0
1.8830532,0,1
1.88355325,0,0
1.88405305,0,1
1.8845531,0,0
1.88505295,0,1
1.885553,0,0
1.8860528,0,1
1.8865529,0,0
1.8870527,0,1
1.88755275,0,0
1.88805265,0,1
1.8885527,0,0
1.88905255,0,1
1.8895526,0,0
1.89005245,0,1
1.8905525,0,0
1.89105235,0,1
1.89155245,0,0
1.89205225,0,1
1.89255235,0,0
1.89305215,0,1
1.89355225,0,0
1.89405205,0,1
1.89455215,0,0
1.89505205,0,1
1.8955521,0,0
1.89605195,0,1
1.89655205,0,0
1.89705185,0,1
1.89755195,0,0
1.89805175,0,1
1.8985518,0,0
1.89905155,0,1
1.89955155,0,0
1.9000513,0,1
1.90055135,0,0
1.9010511,0,1
1.9015511,0,0
1.90205085,0,1
1.9025509,0,0
1.9030507,0,1
1.9035508,0,0
1.9040506,0,1
1.90455065,0,0
1.90505045,0,1
1.90555045,0,0
1.90605025,0,1
1.9065503,0,0
1.9070501,0,1
1.9075502,0,0
1.90805,0,1
1.9085501,0,0
1.90904995,0,1
1.90955005,0,0
1.91004985,0,1
1.91054995,0,0
1.9110498,0,1
1.9115499,0,0
1.9120497,0,1
1.91254975,0,0
1.9130496,0,1
1.91354965,0,0
1.91404955,0,1
1.91454965,0,0
1.9150495,0,1
1.9155496,0,0
1.9160494,0,1
1.91654945,0,0
1.91704925,0,1
1.9175493,0,0
1.91804915,0,1
1.9185492,0,0
1.91904895,0,1
1.919549,0,0
1.9200487,0,1
1.92054875,0,0
1.9210486,0,1
1.9215487,0,0
1.92204845,0,1
1.9225485,0,0
1.92304835,0,1
1.92354845,0,0
1.92404825,0,1
1.92454835,0,0
1.92504815,0,1
1.9255482,0,0
1.92604795,0,1
1.926548,0,0
1.9270478,0,1
1.92754785,0,0
1.92804765,0,1
1.9285477,0,0
1.9290475,0,1
1.9295476,0,0
1.93004745,0,1
1.93054755,0,0
1.93104735,0,1
1.9315474,0,0
1.93204715,0,1
1.93254715,0,0
1.93304695,0,1
1.93354695,0,0
1.93404675,0,1
1.9345468,0,0
1.9350466,0,1
1.93554665,0,0
1.93604645,0,1
1.93654655,0,0
1.93704635,0,1
1.93754635,0,0
1.93804615,0,1
1.9385462,0,0
1.939046,0,1
1.93954605,0,0
1.9400458,0,1
1.94054585,0,0
1.9410456,0,1
1.9415456,0,0
1.9420454,0,1
1.9425454,0,0
1.9430452,0,1
1.94354525,0,0
1.94404505,0,1
1.9445451,0,0
1.94504495,0,1
1.94554495,0,0
1.94604475,0,1
1.94654475,0,0
1.94704455,0,1
1.9475446,0,0
1.94804435,0,1
1.94854445,0,0
1.9490442,0,1
1.94954425,0,0
1.950044,0,1
1.95054405,0,0
1.95104385,0,1
1.9515439,0,0
1.9520437,0,1
1.95254375,0,0
1.9530436,0,1
1.95354365,0,0
1.9540435,0,1
1.95454355,0,0
1.9550434,0,1
1.95554345,0,0
1.9560433,0,1
1.9565434,0,0
1.95704325,0,1
1.9575433,0,0
1.95804315,0,1
1.95854315,0,0
1.95904295,0,1
1.95954295,0,0
1.96004275,0,1
1.9605428,0,0
1.9610426,0,1
1.96154265,0,0
1.9620425,0,1
1.96254255,0,0
1.9630423,0,1
1.96354235,0,0
1.96404215,0,1
1.96454215,0,0
1.96504195,0,1
1.96554195,0,0
1.9660417,0,1
1.9665417,0,0
1.9670415,0,1
1.96754155,0,0
1.96804135,0,1
1.9685414,0,0
1.9690412,0,1
1.9695413,0,0
1.9700411,0,1
1.97054115,0,0
1.97104095,0,1
1.971541,0,0
1.9720408,0,1
1.97254085,0,0
1.9730406,0,1
1.97354065,0,0
1.97404045,0,1
1.97454055,0,0
1.97504035,0,1
1.97554045,0,0
1.9760402,0,1
1.9765403,0,0
1.9770401,0,1
1.9775402,0,0
1.97804,0,1
1.9785401,0,0
1.9790399,0,1
1.97954,0,0
1.98003985,0,1
1.9805399,0,0
1.98103975,0,1
1.9815398,0,0
1.98203965,0,1
1.9825397,0,0
1.9830395,0,1
1.98353955,0,0
1.98403935,0,1
1.9845394,0,0
1.98503925,0,1
1.98553925,0,0
1.986039,0,1
1.98653905,0,0
1.98703885,0,1
1.98753885,0,0
1.98803865,0,1
1.9885387,0,0
1.98903855,0,1
1.98953855,0,0
1.99003835,0,1
1.99053835,0,0
1.99103815,0,1
1.9915382,0,0
1.992038,0,1
1.9925381,0,0
1.99303785,0,1
1.9935379,0,0
1.99403765,0,1
1.9945377,0,0
1.9950375,0,1
1.99553755,0,0
1.99603735,0,1
1.9965374,0,0
1.9970372,0,1
1.9975373,0,0
1.99803715,0,1
1.99853725,0,0
1.99903705,0,1
1.99953705,0,0
2.0000369,0,1
2.00053695,0,0
2.00103675,0,1
2.00153685,0,0
2.00203665,0,1
2.00253675,0,0
2.00303655,0,1
2.00353665,0,0
2.0040365,0,1
2.00453655,0,0
2.0050364,0,1
2.0055365,0,0
2.00603635,0,1
2.0065364,0,0
2.00703625,0,1
2.00753635,0,0
2.00803615,0,1
2.00853625,0,0
2.00903605,0,1
2.00953615,0,0
2.010036,0,1
2.0105361,0,0
2.01103595,0,1
2.01153605,0,0
2.01203585,0,1
2.01253595,0,0
2.01303575,0,1
2.0135358,0,0
2.01403565,0,1
2.0145357,0,0
2.0150355,0,1
2.01553555,0,0
2.01603535,0,1
2.01653535,0,0
2.01703515,0,1
2.0175352,0,0
2.018035,0,1
2.01853505,0,0
2.0190349,0,1
2.0195349,0,0
2.02003475,0,1
2.0205348,0,0
2.02103455,0,1
2.02153455,0,0
2.0220343,0,1
2.02253435,0,0
2.02303415,0,1
2.0235342,0,0
2.024034,0,1
2.02453405,0,0
2.0250338,0,1
2.02553385,0,0
2.0260337,0,1
2.02653375,0,0
2.02703355,0,1
2.0275336,0,0
2.0280334,0,1
2.0285334,0,0
2.02903315,0,1
2.0295332,0,0
2.030033,0,1
2.03053305,0,0
2.0310328,0,1
2.03153285,0,0
2.03203265,0,1
2.0325327,0,0
2.03303245,0,1
2.03353245,0,0
2.03403225,0,1
2.0345323,0,0
2.0350321,0,1
2.0355322,0,0
2.03603195,0,1
2.03653205,0,0
2.03703185,0,1
2.037532,0,0
2.0380318,0,1
2.03853185,0,0
2.0390317,0,1
2.03953175,0,0
2.04003155,0,1
2.0405316,0,0
2.0410314,0,1
2.04153145,0,0
2.04203125,0,1
2.0425313,0,0
2.04303105,0,1
2.0435311,0,0
2.04403095,0,1
2.044531,0,0
2.04503085,0,1
2.04553095,0,0
2.04603075,0,1
2.04653085,0,0
2.04703065,0,1
2.0475307,0,0
2.04803055,0,1
2.04853065,0,0
2.0490305,0,1
2.04953055,0,0
2.05003035,0,1
2.0505304,0,0
2.05103015,0,1
2.05153025,0,0
2.0520301,0,1
2.05253015,0,0
2.05303,0,1
2.05353005,0,0
2.05402985,0,1
2.05452985,0,0
2.05502965,0,1
2.0555297,0,0
2.0560295,0,1
2.05652955,0,0
2.0570293,0,1
2.05752935,0,0
2.0580291,0,1
2.0585291,0,0
2.0590289,0,1
2.0595289,0,0
2.0600287,0,1
2.0605288,0,0
2.0610286,0,1
2.0615286,0,0
2.0620284,0,1
2.0625284,0,0
2.0630282,0,1
2.0635282,0,0
2.064028,0,1
2.06452805,0,0
2.0650278,0,1
2.0655278,0,0
2.06602755,0,1
2.0665275,0,0
2.06702715,0,1
2.0675272,0,0
2.068027,0,1
2.06852705,0,0
2.06902685,0,1
2.0695269,0,0
2.07002675,0,1
2.0705268,0,0
2.07102655,0,1
2.0715266,0,0
2.07202635,0,1
2.07252635,0,0
2.0730261,0,1
2.07352615,0,0
2.0740259,0,1
2.07452595,0,0
2.0750257,0,1
2.0755257,0,0
2.0760254,0,1
2.07652545,0,0
2.0770252,0,1
2.0775252,0,0
2.07802495,0,1
2.078525,0,0
2.0790248,0,1
2.07952485,0,0
2.0800246,0,1
2.08052465,0,0
2.0810244,0,1
2.08152445,0,0
2.0820242,0,1
2.08252425,0,0
2.08302405,0,1
2.08352405,0,0
2.0840238,0,1
2.08452385,0,0
2.08502365,0,1
2.0855237,0,0
2.08602345,0,1
2.0865235,0,0
2.08702335,0,1
2.0875234,0,0
2.08802315,0,1
2.08852315,0,0
2.0890229,0,1
2.0895229,0,0
2.0900227,0,1
2.0905227,0,0
2.0910225,0,1
2.09152255,0,0
2.0920223,0,1
2.09252235,0,0
2.09302215,0,1
2.0935222,0,0
2.094022,0,1
2.0945221,0,0
2.0950219,0,1
2.09552195,0,0
2.09602175,0,1
2.09652175,0,0
2.09702155,0,1
2.09752155,0,0
2.09802135,0,1
2.09852135,0,0
2.09902115,0,1
2.0995212,0,0
2.100021,0,1
2.10052105,0,0
2.10102085,0,1
2.10152095,0,0
2.10202075,0,1
2.1025208,0,0
2.1030206,0,1
2.10352065,0,0
2.1040205,0,1
2.10452055,0,0
2.1050204,0,1
2.10552045,0,0
2.10602025,0,1
2.10652025,0,0
2.1070201,0,1
2.10752015,0,0
2.10801995,0,1
2.10851995,0,0
2.10901975,0,1
2.10951985,0,0
2.11001965,0,1
2.11051965,0,0
2.11101945,0,1
2.1115195,0,0
2.1120193,0,1
2.1125193,0,0
2.11301915,0,1
2.11351915,0,0
2.1140189,0,1
2.11451895,0,0
2.1150187,0,1
2.1155188,0,0
2.1160186,0,1
2.1165187,0,0
2.1170185,0,1
2.1175186,0,0
2.1180184,0,1
2.1185185,0,0
2.1190183,0,1
2.11951835,0,0
2.12001815,0,1
2.1205182,0,0
2.121018,0,1
2.12151795,0,0
2.1220177,0,1
2.1225177,0,0
2.1230175,0,1
2.1235175,0,0
2.12401725,0,1
2.12451725,0,0
2.125017,0,1
2.125517,0,0
2.12601675,0,1
2.12651675,0,0
2.1270165,0,1
2.12751655,0,0
2.12801635,0,1
2.12851635,0,0
2.1290161,0,1
2.12951615,0,0
2.13001595,0,1
2.130516,0,0
2.1310157,0,1
2.1315157,0,0
2.1320155,0,1
2.1325155,0,0
2.13301535,0,1
2.1335154,0,0
2.1340152,0,1
2.1345152,0,0
2.135015,0,1
2.135515,0,0
2.1360148,0,1
2.13651475,0,0
2.1370145,0,1
2.13751445,0,0
2.13801415,0,1
2.13851415,0,0
2.13901395,0,1
2.13951395,0,0
2.1400137,0,1
2.1405137,0,0
2.14101345,0,1
2.1415134,0,0
2.1420132,0,1
2.14251325,0,0
2.143013,0,1
2.143513,0,0
2.14401275,0,1
2.14451275,0,0
2.14501255,0,1
2.14551255,0,0
2.1460123,0,1
2.14651235,0,0
2.14701215,0,1
2.1475122,0,0
2.148012,0,1
2.148512,0,0
2.1490117,0,1
2.14951165,0,0
2.15001145,0,1
2.15051145,0,0
2.15101125,0,1
2.1515113,0,0
2.1520111,0,1
2.1525111,0,0
2.15301085,0,1
2.15351085,0,0
2.15401065,0,1
2.15451065,0,0
2.1550104,0,1
2.15551045,0,0
2.15601025,0,1
2.1565103,0,0
2.1570101,0,1
2.15751015,0,0
2.15801,0,1
2.15851005,0,0
2.15900985,0,1
2.15950985,0,0
2.16000965,0,1
2.1605097,0,0
2.16100945,0,1
2.1615095,0,0
2.1620093,0,1
2.1625093,0,0
2.1630091,0,1
2.1635092,0,0
2.164009,0,1
2.1645091,0,0
2.1650089,0,1
2.16550895,0,0
2.1660088,0,1
2.16650885,0,0
2.1670086,0,1
2.16750865,0,0
2.1680084,0,1
2.1685084,0,0
2.16900815,0,1
2.1695082,0,0
2.17000805,0,1
2.1705081,0,0
2.17100795,0,1
2.171508,0,0
2.1720077,0,1
2.17250775,0,0
2.17300755,0,1
2.1735076,0,0
2.17400745,0,1
2.1745075,0,0
2.1750073,0,1
2.17550735,0,0
2.1760071,0,1
2.17650715,0,0
2.17700695,0,1
2.17750695,0,0
2.17800675,0,1
2.1785067,0,0
2.1790065,0,1
2.1795065,0,0
2.18000625,0,1
2.18050625,0,0
2.18100605,0,1
2.18150605,0,0
2.1820058,0,1
2.1825058,0,0
2.18300555,0,1
2.18350555,0,0
2.18400535,0,1
2.18450535,0,0
2.18500515,0,1
2.18550515,0,0
2.18600495,0,1
2.186505,0,0
2.18700475,0,1
2.1875048,0,0
2.18800455,0,1
2.1885046,0,0
2.18900435,0,1
2.18950435,0,0
2.1900041,0,1
2.1905041,0,0
2.1910039,0,1
2.19150395,0,0
2.19200375,0,1
2.19250385,0,0
2.19300365,0,1
2.19350365,0,0
2.19400345,0,1
2.19450345,0,0
2.1950032,0,1
2.1955032,0,0
2.19600295,0,1
2.19650295,0,0
2.1970027,0,1
2.19750275,0,0
2.19800255,0,1
2.1985026,0,0
2.1990024,0,1
2.1995024,0,0
2.20000215,0,1
2.20050215,0,0
2.2010019,0,1
2.20150195,0,0
2.2020017,0,1
2.2025017,0,0
2.2030015,0,1
2.20350155,0,0
2.20400135,0,1
2.20450135,0,0
2.20500115,0,1
2.2055012,0,0
2.2060009,0,1
2.2065009,0,0
2.20700065,0,1
2.2075007,0,0
2.20800045,0,1
2.2085005,0,0
2.2090003,0,1
2.2095003,0,0
2.2100001,0,1
2.2105001,0,0
2.2109999,0,1
2.21149995,0,0
2.2119998,0,1
2.2124998,0,0
2.2129996,0,1
2.21349965,0,0
2.21399945,0,1
2.21449945,0,0
2.21499925,0,1
2.21549925,0,0
2.21599905,0,1
2.21649905,0,0
2.2169988,0,1
2.2174988,0,0
2.21799855,0,1
2.2184986,0,0
2.21899835,0,1
2.21949835,0,0
2.2199981,0,1
2.2204981,0,0
2.22099785,0,1
2.22149785,0,0
2.2219976,0,1
2.2224976,0,0
2.22299735,0,1
2.22349735,0,0
2.2239971,0,1
2.22449715,0,0
2.22499695,0,1
2.22549695,0,0
2.2259967,0,1
2.22649675,0,0
2.2269965,0,1
2.22749655,0,0
2.22799635,0,1
2.2284964,0,0
2.2289962,0,1
2.22949625,0,0
2.22999605,0,1
2.23049605,0,0
2.23099585,0,1
2.2314959,0,0
2.2319957,0,1
2.23249575,0,0
2.2329956,0,1
2.23349565,0,0
2.23399545,0,1
2.23449545,0,0
2.2349953,0,1
2.23549535,0,0
2.23599515,0,1
2.23649515,0,0
2.23699495,0,1
2.237495,0,0
2.2379948,0,1
2.2384948,0,0
2.2389946,0,1
2.23949465,0,0
2.2399945,0,1
2.24049455,0,0
2.2409944,0,1
2.2414945,0,0
2.2419943,0,1
2.24249435,0,0
2.24299425,0,1
2.24349435,0,0
2.24399425,0,1
2.24449435,0,0
2.24499415,0,1
2.2454942,0,0
2.24599405,0,1
2.24649415,0,0
2.24699395,0,1
2.247494,0,0
2.2479938,0,1
2.24849395,0,0
2.2489938,0,1
2.24949385,0,0
2.24999365,0,1
2.2504937,0,0
2.2509935,0,1
2.25149355,0,0
2.25199335,0,1
2.2524934,0,0
2.2529932,0,1
2.25349325,0,0
2.25399305,0,1
2.2544931,0,0
2.25499285,0,1
2.2554929,0,0
2.25599265,0,1
2.25649275,0,0
2.25699255,0,1
2.2574926,0,0
2.2579924,0,1
2.25849245,0,0
2.25899225,0,1
2.2594923,0,0
2.2599921,0,1
2.2604921,0,0
2.26099195,0,1
2.261492,0,0
2.2619918,0,1
2.26249185,0,0
2.26299165,0,1
2.2634917,0,0
2.26399155,0,1
2.2644916,0,0
2.2649914,0,1
2.2654915,0,0
2.26599125,0,1
2.2664913,0,0
2.26699115,0,1
2.26749115,0,0
2.26799095,0,1
2.26849095,0,0
2.26899075,0,1
2.2694908,0,0
2.2699906,0,1
2.2704906,0,0
2.27099035,0,1
2.2714904,0,0
2.2719902,0,1
2.27249025,0,0
2.27299005,0,1
2.2734901,0,0
2.2739898,0,1
2.27448985,0,0
2.2749896,0,1
2.27548965,0,0
2.27598945,0,1
2.27648945,0,0
2.2769892,0,1
2.2774892,0,0
2.27798895,0,1
2.27848895,0,0
2.27898875,0,1
2.27948875,0,0
2.2799885,0,1
2.2804885,0,0
2.2809883,0,1
2.28148825,0,0
2.281988,0,1
2.282488,0,0
2.28298775,0,1
2.28348775,0,0
2.2839875,0,1
2.2844875,0,0
2.2849873,0,1
2.2854873,0,0
2.28598705,0,1
2.2864871,0,0
2.2869869,0,1
2.2874869,0,0
2.28798665,0,1
2.2884867,0,0
2.2889865,0,1
2.2894865,0,0
2.28998625,0,1
2.2904863,0,0
2.29098605,0,1
2.2914861,0,0
2.29198585,0,1
2.29248585,0,0
2.29298565,0,1
2.29348565,0,0
2.29398545,0,1
2.2944855,0,0
2.2949853,0,1
2.29548535,0,0
2.2959852,0,1
2.29648525,0,0
2.2969851,0,1
2.29748515,0,0
2.297985,0,1
2.2984851,0,0
2.2989849,0,1
2.299485,0,0
2.29998485,0,1
2.300485,0,0
2.30098485,0,1
2.30148495,0,0
2.30198475,0,1
2.30248485,0,0
2.30298465,0,1
2.3034847,0,0
2.3039845,0,1
2.3044845,0,0
2.3049843,0,1
2.3054843,0,0
2.3059841,0,1
2.30648415,0,0
2.3069839,0,1
2.307484,0,0
2.30798385,0,1
2.3084839,0,0
2.30898365,0,1
2.30948375,0,0
2.3099835,0,1
2.3104836,0,0
2.3109834,0,1
2.31148345,0,0
2.3119833,0,1
2.3124834,0,0
2.3129832,0,1
2.3134833,0,0
2.31398315,0,1
2.31448325,0,0
2.3149831,0,1
2.31548315,0,0
2.315983,0,1
2.31648305,0,0
2.31698285,0,1
2.3174829,0,0
2.31798275,0,1
2.3184829,0,0
2.31898275,0,1
2.31948285,0,0
2.31998275,0,1
2.32048285,0,0
2.3209827,0,1
2.3214828,0,0
2.32198265,0,1
2.32248275,0,0
2.3229826,0,1
2.32348265,0,0
2.32398245,0,1
2.3244825,0,0
2.32498235,0,1
2.3254824,0,0
2.32598225,0,1
2.3264823,0,0
2.32698215,0,1
2.32748225,0,0
2.32798205,0,1
2.32848205,0,0
2.32898185,0,1
2.3294819,0,0
2.3299817,0,1
2.33048175,0,0
2.3309815,0,1
2.33148155,0,0
2.33198135,0,1
2.3324814,0,0
2.3329812,0,1
2.33348125,0,0
2.333981,0,1
2.33448105,0,0
2.33498085,0,1
2.33548095,0,0
2.3359808,0,1
2.33648085,0,0
2.33698065,0,1
2.3374807,0,0
2.33798055,0,1
2.33848065,0,0
2.33898045,0,1
2.33948055,0,0
2.33998035,0,1
2.3404804,0,0
2.34098025,0,1
2.3414803,0,0
2.3419801,0,1
2.34248015,0,0
2.34298,0,1
2.34348,0,0
2.3439798,0,1
2.34447985,0,0
2.34497965,0,1
2.34547975,0,0
2.3459795,0,1
2.34647955,0,0
2.34697935,0,1
2.3474794,0,0
2.3479792,0,1
2.3484793,0,0
2.3489791,0,1
2.34947915,0,0
2.34997895,0,1
2.35047895,0,0
2.35097875,0,1
2.35147885,0,0
2.3519787,0,1
2.3524787,0,0
2.3529785,0,1
2.35347855,0,0
2.35397835,0,1
2.35447845,0,0
2.35497825,0,1
2.3554783,0,0
2.3559781,0,1
2.35647815,0,0
2.3569779,0,1
2.35747795,0,0
2.35797775,0,1
2.35847785,0,0
2.35897765,0,1
2.3594777,0,0
2.3599775,0,1
2.36047755,0,0
2.36097735,0,1
2.3614774,0,0
2.3619772,0,1
2.36247725,0,0
2.36297705,0,1
2.3634771,0,0
2.36397685,0,1
2.3644769,0,0
2.36497675,0,1
2.3654768,0,0
2.3659766,0,1
2.3664766,0,0
2.3669764,0,1
2.36747645,0,0
2.36797625,0,1
2.3684763,0,0
2.3689761,0,1
2.36947615,0,0
2.36997595,0,1
2.370476,0,0
2.3709758,0,1
2.37147585,0,0
2.3719756,0,1
2.37247565,0,0
2.3729754,0,1
2.3734755,0,0
2.37397525,0,1
2.3744753,0,0
2.3749751,0,1
2.37547515,0,0
2.375975,0,1
2.376475,0,0
2.3769748,0,1
2.3774748,0,0
2.3779746,0,1
2.3784746,0,0
2.3789743,0,1
2.37947425,0,0
2.37997405,0,1
2.3804741,0,0
2.38097385,0,1
2.38147385,0,0
2.38197365,0,1
2.38247365,0,0
2.3829734,0,1
2.3834734,0,0
2.3839732,0,1
2.38447325,0,0
2.384973,0,1
2.38547305,0,0
2.38597285,0,1
2.38647285,0,0
2.38697265,0,1
2.38747265,0,0
2.38797245,0,1
2.3884725,0,0
2.3889723,0,1
2.3894724,0,0
2.38997225,0,1
2.3904723,0,0
2.3909721,0,1
2.39147215,0,0
2.39197195,0,1
2.392472,0,0
2.3929718,0,1
2.3934719,0,0
2.3939717,0,1
2.3944718,0,0
2.39497165,0,1
2.3954718,0,0
2.3959716,0,1
2.3964717,0,0
2.39697155,0,1
2.3974716,0,0
2.3979714,0,1
2.39847145,0,0
2.39897125,0,1
2.39947125,0,0
2.39997105,0,1
2.4004711,0,0
2.4009709,0,1
2.4014709,0,0
2.40197065,0,1
2.4024707,0,0
2.40297045,0,1
2.4034704,0,0
2.40397015,0,1
2.4044701,0,0
2.40496985,0,1
2.4054698,0,0
2.40596955,0,1
2.40646955,0,0
2.40696935,0,1
2.4074694,0,0
2.40796915,0,1
2.4084692,0,0
2.40896895,0,1
2.409469,0,0
2.40996885,0,1
2.41046895,0,0
2.4109688,0,1
2.41146895,0,0
2.4119688,0,1
2.41246885,0,0
2.41296875,0,1
2.41346885,0,0
2.4139687,0,1
2.4144688,0,0
2.41496865,0,1
2.41546875,0,0
2.4159685,0,1
2.4164686,0,0
2.4169684,0,1
2.4174685,0,0
2.41796835,0,1
2.4184684,0,0
2.4189682,0,1
2.4194683,0,0
2.4199681,0,1
2.4204681,0,0
2.4209679,0,1
2.42146795,0,0
2.4219677,0,1
2.4224677,0,0
2.4229675,0,1
2.4234675,0,0
2.42396725,0,1
2.4244672,0,0
2.424967,0,1
2.425467,0,0
2.42596675,0,1
2.42646675,0,0
2.4269665,0,1
2.42746655,0,0
2.4279663,0,1
2.4284663,0,0
2.42896605,0,1
2.42946605,0,0
2.42996585,0,1
2.43046585,0,0
2.43096565,0,1
2.4314657,0,0
2.4319655,0,1
2.43246555,0,0
2.43296535,0,1
2.4334654,0,0
2.4339652,0,1
2.4344653,0,0
2.43496505,0,1
2.43546505,0,0
2.43596485,0,1
2.4364649,0,0
2.43696465,0,1
2.4374647,0,0
2.4379645,0,1
2.4384645,0,0
2.43896425,0,1
2.4394643,0,0
2.4399641,0,1
2.44046415,0,0
2.4409639,0,1
2.44146395,0,0
2.44196375,0,1
2.44246375,0,0
2.4429635,0,1
2.44346355,0,0
2.4439633,0,1
2.44446335,0,0
2.44496315,0,1
2.4454632,0,0
2.445963,0,1
2.44646305,0,0
2.4469629,0,1
2.447463,0,0
2.44796285,0,1
2.4484629,0,0
2.4489627,0,1
2.4494627,0,0
2.4499625,0,1
2.4504626,0,0
2.4509624,0,1
2.4514625,0,0
2.4519623,0,1
2.45246235,0,0
2.4529622,0,1
2.45346225,0,0
2.4539621,0,1
2.45446215,0,0
2.454962,0,1
2.45546205,0,0
2.4559619,0,1
2.45646195,0,0
2.4569618,0,1
2.45746185,0,0
2.4579617,0,1
2.45846175,0,0
2.4589616,0,1
2.45946165,0,0
2.45996145,0,1
2.46046155,0,0
2.4609613,0,1
2.4614614,0,0
2.46196125,0,1
2.4624613,0,0
2.4629612,0,1
2.4634613,0,0
2.46396115,0,1
2.46446125,0,0
2.4649611,0,1
2.4654612,0,0
2.4659611,0,1
2.4664612,0,0
2.46696105,0,1
2.4674611,0,0
2.4679609,0,1
2.468461,0,0
2.4689608,0,1
2.4694609,0,0
2.46996075,0,1
2.47046085,0,0
2.47096065,0,1
2.47146075,0,0
2.4719606,0,1
2.4724607,0,0
2.4729605,0,1
2.4734606,0,0
2.47396045,0,1
2.47446055,0,0
2.47496045,0,1
2.47546055,0,0
2.4759604,0,1
2.4764605,0,0
2.47696035,0,1
2.47746045,0,0
2.4779603,0,1
2.4784604,0,0
2.47896025,0,1
2.47946035,0,0
2.47996025,0,1
2.4804603,0,0
2.4809601,0,1
2.4814602,0,0
2.48196,0,1
2.48246005,0,0
2.4829599,0,1
2.48346,0,0
2.48395985,0,1
2.4844599,0,0
2.48495975,0,1
2.48545985,0,0
2.4859597,0,1
2.4864598,0,0
2.4869596,0,1
2.48745965,0,0
2.4879595,0,1
2.48845955,0,0
2.48895935,0,1
2.4894594,0,0
2.48995925,0,1
2.4904593,0,0
2.4909591,0,1
2.4914591,0,0
2.4919589,0,1
2.492459,0,0
2.4929588,0,1
2.4934589,0,0
2.4939587,0,1
2.49445875,0,0
2.4949586,0,1
2.49545865,0,0
2.49595855,0,1
2.49645865,0,0
2.49695855,0,1
2.4974586,0,0
2.49795845,0,1
2.4984585,0,0
2.4989583,0,1
2.4994583,0,0
2.4999581,0,1
2.5004582,0,0
2.500958,0,1
2.5014581,0,0
2.50195795,0,1
2.50245805,0,0
2.5029578,0,1
2.5034579,0,0
2.50395775,0,1
2.50445785,0,0
2.5049577,0,1
2.50545775,0,0
2.5059576,0,1
2.50645765,0,0
2.5069575,0,1
2.5074576,0,0
2.5079574,0,1
2.50845745,0,0
2.50895725,0,1
2.5094573,0,0
2.5099571,0,1
2.51045715,0,0
2.5109569,0,1
2.51145695,0,0
2.51195675,0,1
2.5124568,0,0
2.51295665,0,1
2.51345675,0,0
2.5139566,0,1
2.51445665,0,0
2.5149565,0,1
2.51545655,0,0
2.5159564,0,1
2.51645645,0,0
2.51695625,0,1
2.5174563,0,0
2.51795615,0,1
2.5184563,0,0
2.5189561,0,1
2.51945615,0,0
2.5199559,0,1
2.52045595,0,0
2.52095575,0,1
2.5214558,0,0
2.5219556,0,1
2.52245565,0,0
2.52295545,0,1
2.5234555,0,0
2.52395535,0,1
2.5244554,0,0
2.52495525,0,1
2.52545525,0,0
2.52595505,0,1
2.5264551,0,0
2.52695495,0,1
2.52745495,0,0
2.52795475,0,1
2.52845475,0,0
2.52895455,0,1
2.5294547,0,0
2.52995455,0,1
2.53045465,0,0
2.53095445,0,1
2.5314545,0,0
2.5319543,0,1
2.5324543,0,0
2.53295405,0,1
2.5334541,0,0
2.5339539,0,1
2.5344539,0,0
2.5349537,0,1
2.53545375,0,0
2.5359535,0,1
2.53645355,0,0
2.53695335,0,1
2.53745335,0,0
2.53795315,0,1
2.5384532,0,0
2.538953,0,1
2.53945305,0,0
2.5399528,0,1
2.5404528,0,0
2.54095255,0,1
2.54145255,0,0
2.5419523,0,1
2.5424523,0,0
2.54295205,0,1
2.54345205,0,0
2.5439518,0,1
2.54445185,0,0
2.54495165,0,1
2.54545165,0,0
2.54595145,0,1
2.54645145,0,0
2.5469512,0,1
2.54745125,0,0
2.547951,0,1
2.54845105,0,0
2.5489508,0,1
2.5494508,0,0
2.5499506,0,1
2.5504507,0,0
2.55095045,0,1
2.55145055,0,0
2.55195035,0,1
2.5524504,0,0
2.55295025,0,1
2.55345025,0,0
2.55395005,0,1
2.5544501,0,0
2.5549499,0,1
2.55544995,0,0
2.55594975,0,1
2.5564498,0,0
2.5569496,0,1
2.5574497,0,0
2.5579495,0,1
2.55844955,0,0
2.5589494,0,1
2.55944945,0,0
2.55994925,0,1
2.56044935,0,0
2.56094915,0,1
2.56144925,0,0
2.5619491,0,1
2.56244925,0,0
2.5629491,0,1
2.5634492,0,0
2.56394905,0,1
2.5644491,0,0
2.56494895,0,1
2.565449,0,0
2.56594885,0,1
2.56644895,0,0
2.56694875,0,1
2.56744885,0,0
2.56794865,0,1
2.56844865,0,0
2.56894845,0,1
2.5694485,0,0
2.5699483,0,1
2.57044835,0,0
2.57094815,0,1
2.57144825,0,0
2.57194805,0,1
2.5724481,0,0
2.57294795,0,1
2.573448,0,0
2.57394785,0,1
2.5744479,0,0
2.5749477,0,1
2.5754478,0,0
2.57594765,0,1
2.57644775,0,0
2.57694755,0,1
2.5774476,0,0
2.5779474,0,1
2.57844745,0,0
2.57894725,0,1
2.57944735,0,0
2.5799472,0,1
2.58044725,0,0
2.5809471,0,1
2.58144715,0,0
2.581947,0,1
2.582447,0,0
2.58294685,0,1
2.5834469,0,0
2.58394675,0,1
2.5844468,0,0
2.58494665,0,1
2.58544675,0,0
2.58594655,0,1
2.5864466,0,0
2.5869464,0,1
2.5874465,0,0
2.58794635,0,1
2.58844645,0,0
2.5889463,0,1
2.5894464,0,0
2.58994625,0,1
2.5904463,0,0
2.5909461,0,1
2.59144615,0,0
2.591946,0,1
2.592446,0,0
2.5929458,0,1
2.5934459,0,0
2.59394575,0,1
2.59444575,0,0
2.5949456,0,1
2.59544565,0,0
2.5959455,0,1
2.59644555,0,0
2.5969454,0,1
2.59744545,0,0
2.59794525,0,1
2.59844535,0,0
2.5989452,0,1
2.59944525,0,0
2.5999451,0,1
2.6004452,0,0
2.600945,0,1
2.6014451,0,0
2.60194495,0,1
2.6024451,0,0
2.60294495,0,1
2.60344505,0,0
2.6039449,0,1
2.6044449,0,0
2.6049447,0,1
2.6054447,0,0
2.6059445,0,1
2.60644455,0,0
2.6069444,0,1
2.6074445,0,0
2.6079443,0,1
2.6084443,0,0
2.6089441,0,1
2.60944415,0,0
2.60994395,0,1
2.61044395,0,0
2.61094375,0,1
2.6114438,0,0
2.6119436,0,1
2.61244365,0,0
2.61294345,0,1
2.61344345,0,0
2.6139433,0,1
2.6144434,0,0
2.61494325,0,1
2.61544335,0,0
2.6159432,0,1
2.61644325,0,0
2.6169431,0,1
2.61744315,0,0
2.61794295,0,1
2.618443,0,0
2.61894285,0,1
2.6194429,0,0
2.6199427,0,1
2.6204428,0,0
2.62094255,0,1
2.6214426,0,0
2.6219424,0,1
2.6224424,0,0
2.6229422,0,1
2.6234423,0,0
2.62394215,0,1
2.6244422,0,0
2.62494205,0,1
2.6254422,0,0
2.62594205,0,1
2.6264421,0,0
2.6269419,0,1
2.627442,0,0
2.6279418,0,1
2.62844185,0,0
2.6289416,0,1
2.6294416,0,0
2.6299414,0,1
2.63044145,0,0
2.6309412,0,1
2.6314412,0,0
2.63194095,0,1
2.632441,0,0
2.63294075,0,1
2.6334408,0,0
2.63394055,0,1
2.6344406,0,0
2.6349404,0,1
2.63544035,0,0
2.6359401,0,1
2.6364401,0,0
2.6369399,0,1
2.6374399,0,0
2.6379397,0,1
2.6384398,0,0
2.63893965,0,1
2.6394397,0,0
2.63993955,0,1
2.64043965,0,0
2.64093945,0,1
2.6414395,0,0
2.6419393,0,1
2.64243935,0,0
2.6429392,0,1
2.64343925,0,0
2.6439391,0,1
2.6444392,0,0
2.64493905,0,1
2.6454391,0,0
2.64593895,0,1
2.64643905,0,0
2.6469388,0,1
2.6474388,0,0
2.6479386,0,1
2.64843865,0,0
2.6489384,0,1
2.64943845,0,0
2.6499382,0,1
2.6504383,0,0
2.65093805,0,1
2.65143805,0,0
2.65193785,0,1
2.6524379,0,0
2.65293765,0,1
2.6534377,0,0
2.6539375,0,1
2.6544375,0,0
2.6549373,0,1
2.65543735,0,0
2.65593715,0,1
2.6564373,0,0
2.6569371,0,1
2.65743715,0,0
2.65793695,0,1
2.658437,0,0
2.65893685,0,1
2.65943685,0,0
2.6599366,0,1
2.6604366,0,0
2.6609364,0,1
2.66143645,0,0
2.6619363,0,1
2.6624364,0,0
2.66293625,0,1
2.66343635,0,0
2.6639362,0,1
2.6644363,0,0
2.66493615,0,1
2.66543625,0,0
2.6659361,0,1
2.6664362,0,0
2.666936,0,1
2.6674361,0,0
2.66793595,0,1
2.66843605,0,0
2.66893595,0,1
2.669436,0,0
2.66993585,0,1
2.67043595,0,0
2.6709358,0,1
2.6714359,0,0
2.67193575,0,1
2.67243585,0,0
2.67293565,0,1
2.67343575,0,0
2.6739356,0,1
2.67443565,0,0
2.67493555,0,1
2.67543565,0,0
2.6759355,0,1
2.6764356,0,0
2.6769354,0,1
2.67743545,0,0
2.6779353,0,1
2.6784354,0,0
2.67893525,0,1
2.6794354,0,0
2.67993525,0,1
2.68043535,0,0
2.6809352,0,1
2.6814353,0,0
2.6819352,0,1
2.6824353,0,0
2.6829351,0,1
2.6834352,0,0
2.68393505,0,1
2.6844351,0,0
2.684935,0,1
2.68543515,0,0
2.685935,0,1
2.6864351,0,0
2.686935,0,1
2.68743505,0,0
2.6879349,0,1
2.688435,0,0
2.6889349,0,1
2.689435,0,0
2.6899348,0,1
2.69043485,0,0
2.69093465,0,1
2.69143475,0,0
2.69193455,0,1
2.69243465,0,0
2.69293445,0,1
2.6934345,0,0
2.69393435,0,1
2.69443445,0,0
2.6949343,0,1
2.69543435,0,0
2.6959342,0,1
2.6964343,0,0
2.6969342,0,1
2.6974343,0,0
2.6979341,0,1
2.6984342,0,0
2.69893405,0,1
2.69943415,0,0
2.699934,0,1
2.7004341,0,0
2.70093395,0,1
2.70143405,0,0
2.70193395,0,1
2.70243405,0,0
2.70293395,0,1
2.70343405,0,0
2.7039339,0,1
2.704434,0,0
2.70493385,0,1
2.70543395,0,0
2.7059338,0,1
2.7064339,0,0
2.70693375,0,1
2.70743385,0,0
2.7079337,0,1
2.70843375,0,0
2.70893355,0,1
2.70943355,0,0
2.70993335,0,1
2.7104334,0,0
2.7109332,0,1
2.71143325,0,0
2.7119331,0,1
2.71243315,0,0
2.71293295,0,1
2.713433,0,0
2.7139328,0,1
2.71443285,0,0
2.71493265,0,1
2.71543265,0,0
2.71593245,0,1
2.7164325,0,0
2.71693235,0,1
2.7174324,0,0
2.7179322,0,1
2.7184322,0,0
2.71893195,0,1
2.719432,0,0
2.7199318,0,1
2.72043185,0,0
2.7209317,0,1
2.7214317,0,0
2.72193145,0,1
2.7224315,0,0
2.7229313,0,1
2.7234313,0,0
2.72393115,0,1
2.7244312,0,0
2.724931,0,1
2.72543105,0,0
2.72593085,0,1
2.72643085,0,0
2.72693065,0,1
2.72743065,0,0
2.7279304,0,1
2.7284304,0,0
2.72893025,0,1
2.7294303,0,0
2.7299301,0,1
2.73043015,0,0
2.7309299,0,1
2.73142995,0,0
2.73192975,0,1
2.73242975,0,0
2.7329295,0,1
2.7334296,0,0
2.73392945,0,1
2.73442945,0,0
2.7349293,0,1
2.73542935,0,0
2.73592915,0,1
2.7364292,0,0
2.73692905,0,1
2.7374291,0,0
2.7379289,0,1
2.738429,0,0
2.7389288,0,1
2.73942885,0,0
2.7399287,0,1
2.7404288,0,0
2.7409286,0,1
2.74142865,0,0
2.7419285,0,1
2.7424285,0,0
2.74292825,0,1
2.74342825,0,0
2.74392805,0,1
2.74442805,0,0
2.74492785,0,1
2.7454279,0,0
2.74592765,0,1
2.7464277,0,0
2.7469275,0,1
2.7474275,0,0
2.7479273,0,1
2.7484274,0,0
2.7489272,0,1
2.7494273,0,0
2.7499271,0,1
2.75042715,0,0
2.75092695,0,1
2.751427,0,0
2.7519268,0,1
2.7524269,0,0
2.7529267,0,1
2.75342675,0,0
2.75392655,0,1
2.7544266,0,0
2.7549264,0,1
2.7554264,0,0
2.7559262,0,1
2.75642615,0,0
2.75692595,0,1
2.75742595,0,0
2.7579258,0,1
2.75842585,0,0
2.7589257,0,1
2.75942575,0,0
2.75992555,0,1
2.7604256,0,0
2.76092535,0,1
2.76142545,0,0
2.7619252,0,1
2.76242525,0,0
2.76292505,0,1
2.7634251,0,0
2.7639249,0,1
2.76442495,0,0
2.7649247,0,1
2.76542475,0,0
2.76592455,0,1
2.7664246,0,0
2.76692445,0,1
2.76742455,0,0
2.76792435,0,1
2.76842445,0,0
2.7689243,0,1
2.76942435,0,0
2.7699242,0,1
2.77042425,0,0
2.770924,0,1
2.77142405,0,0
2.7719238,0,1
2.77242385,0,0
2.77292365,0,1
2.77342365,0,0
2.77392345,0,1
2.7744235,0,0
2.77492325,0,1
2.77542335,0,0
2.77592315,0,1
2.7764232,0,0
2.776923,0,1
2.77742305,0,0
2.77792285,0,1
2.7784229,0,0
2.7789227,0,1
2.77942275,0,0
2.77992255,0,1
2.7804226,0,0
2.7809224,0,1
2.7814224,0,0
2.78192215,0,1
2.7824222,0,0
2.782922,0,1
2.78342205,0,0
2.7839219,0,1
2.78442195,0,0
2.7849217,0,1
2.78542175,0,0
2.7859215,0,1
2.78642155,0,0
2.7869214,0,1
2.7874214,0,0
2.7879212,0,1
2.7884213,0,0
2.78892115,0,1
2.78942125,0,0
2.7899211,0,1
2.7904212,0,0
2.79092105,0,1
2.79142115,0,0
2.791921,0,1
2.7924211,0,0
2.79292095,0,1
2.793421,0,0
2.79392085,0,1
2.79442095,0,0
2.79492075,0,1
2.79542085,0,0
2.7959207,0,1
2.7964208,0,0
2.7969207,0,1
2.79742075,0,0
2.79792065,0,1
2.79842075,0,0
2.79892065,0,1
2.79942075,0,0
2.7999206,0,1
2.8004207,0,0
2.80092055,0,1
2.80142065,0,0
2.8019205,0,1
2.8024206,0,0
2.80292045,0,1
2.80342055,0,0
2.8039204,0,1
2.8044205,0,0
2.80492035,0,1
2.8054204,0,0
2.8059203,0,1
2.8064204,0,0
2.80692025,0,1
2.80742035,0,0
2.80792025,0,1
2.80842035,0,0
2.80892025,0,1
2.8094204,0,0
2.80992025,0,1
2.8104204,0,0
2.81092025,0,1
2.8114204,0,0
2.8119203,0,1
2.8124204,0,0
2.81292025,0,1
2.8134204,0,0
2.81392025,0,1
2.8144204,0,0
2.81492025,0,1
2.81542035,0,0
2.8159202,0,1
2.8164203,0,0
2.8169201,0,1
2.81742015,0,0
2.81791995,0,1
2.81842,0,0
2.81891985,0,1
2.81941995,0,0
2.81991985,0,1
2.8204199,0,0
2.8209198,0,1
2.82141995,0,0
2.8219198,0,1
2.82241995,0,0
2.82291985,0,1
2.82341995,0,0
2.82391985,0,1
2.8244199,0,0
2.82491975,0,1
2.8254199,0,0
2.82591975,0,1
2.8264198,0,0
2.8269196,0,1
2.8274197,0,0
2.82791955,0,1
2.82841965,0,0
2.8289195,0,1
2.8294196,0,0
2.82991945,0,1
2.83041955,0,0
2.83091945,0,1
2.8314196,0,0
2.8319194,0,1
2.8324195,0,0
2.83291935,0,1
2.83341945,0,0
2.8339193,0,1
2.8344194,0,0
2.83491925,0,1
2.83541935,0,0
2.83591915,0,1
2.83641925,0,0
2.83691905,0,1
2.83741915,0,0
2.837919,0,1
2.83841905,0,0
2.8389189,0,1
2.839419,0,0
2.83991885,0,1
2.8404189,0,0
2.8409188,0,1
2.8414189,0,0
2.8419187,0,1
2.8424188,0,0
2.8429186,0,1
2.8434187,0,0
2.8439185,0,1
2.8444186,0,0
2.84491845,0,1
2.8454185,0,0
2.8459183,0,1
2.84641845,0,0
2.84691825,0,1
2.84741835,0,0
2.8479182,0,1
2.84841825,0,0
2.8489181,0,1
2.8494182,0,0
2.849918,0,1
2.8504181,0,0
2.8509179,0,1
2.851418,0,0
2.85191785,0,1
2.8524179,0,0
2.85291775,0,1
2.85341785,0,0
2.85391765,0,1
2.85441775,0,0
2.8549176,0,1
2.8554177,0,0
2.8559175,0,1
2.8564176,0,0
2.8569174,0,1
2.8574175,0,0
2.85791735,0,1
2.8584174,0,0
2.85891725,0,1
2.85941735,0,0
2.8599172,0,1
2.8604173,0,0
2.8609171,0,1
2.8614172,0,0
2.86191705,0,1
2.8624171,0,0
2.8629169,0,1
2.86341695,0,0
2.86391685,0,1
2.8644169,0,0
2.86491675,0,1
2.8654168,0,0
2.86591665,0,1
2.8664167,0,0
2.8669166,0,1
2.8674167,0,0
2.86791655,0,1
2.8684166,0,0
2.86891645,0,1
2.8694165,0,0
2.86991635,0,1
2.87041645,0,0
2.87091635,0,1
2.8714165,0,0
2.87191635,0,1
2.87241645,0,0
2.87291635,0,1
2.8734165,0,0
2.8739164,0,1
2.8744165,0,0
2.8749164,0,1
2.87541655,0,0
2.8759164,0,1
2.8764165,0,0
2.8769164,0,1
2.87741645,0,0
2.87791635,0,1
2.87841645,0,0
2.87891635,0,1
2.87941645,0,0
2.87991625,0,1
2.8804164,0,0
2.8809162,0,1
2.8814163,0,0
2.88191615,0,1
2.88241625,0,0
2.8829161,0,1
2.8834162,0,0
2.88391605,0,1
2.88441625,0,0
2.8849161,0,1
2.8854162,0,0
2.8859161,0,1
2.88641625,0,0
2.88691615,0,1
2.8874163,0,0
2.88791615,0,1
2.8884163,0,0
2.8889162,0,1
2.8894163,0,0
2.88991615,0,1
2.89041625,0,0
2.89091615,0,1
2.8914162,0,0
2.8919161,0,1
2.89241615,0,0
2.892916,0,1
2.8934161,0,0
2.8939159,0,1
2.894416,0,0
2.8949158,0,1
2.89541585,0,0
2.89591565,0,1
2.8964157,0,0
2.89691555,0,1
2.89741565,0,0
2.89791545,0,1
2.8984156,0,0
2.89891545,0,1
2.8994155,0,0
2.8999153,0,1
2.9004154,0,0
2.90091525,0,1
2.9014153,0,0
2.9019151,0,1
2.90241515,0,0
2.90291505,0,1
2.9034152,0,0
2.9039151,0,1
2.90441525,0,0
2.90491515,0,1
2.9054153,0,0
2.9059152,0,1
2.90641535,0,0
2.90691525,0,1
2.9074154,0,0
2.9079153,0,1
2.90841545,0,0
2.9089153,0,1
2.90941545,0,0
2.9099153,0,1
2.9104154,0,0
2.91091525,0,1
2.9114154,0,0
2.91191525,0,1
2.9124154,0,0
2.91291525,0,1
2.91341535,0,0
2.9139152,0,1
2.91441535,0,0
2.9149153,0,1
2.9154154,0,0
2.9159153,0,1
2.91641545,0,0
2.91691535,0,1
2.9174155,0,0
2.91791545,0,1
2.91841555,0,0
2.91891545,0,1
2.9194156,0,0
2.9199155,0,1
2.9204156,0,0
2.92091545,0,1
2.92141555,0,0
2.9219154,0,1
2.9224155,0,0
2.9229154,0,1
2.92341555,0,0
2.9239154,0,1
2.92441555,0,0
2.9249154,0,1
2.92541555,0,0
2.9259154,0,1
2.9264155,0,0
2.92691535,0,1
2.9274155,0,0
2.92791535,0,1
2.9284155,0,0
2.92891535,0,1
2.9294155,0,0
2.9299154,0,1
2.93041555,0,0
2.93091545,0,1
2.93141555,0,0
2.93191545,0,1
2.9324156,0,0
2.9329155,0,1
2.93341565,0,0
2.93391555,0,1
2.9344157,0,0
2.9349156,0,1
2.93541575,0,0
2.93591565,0,1
2.9364158,0,0
2.9369157,0,1
2.9374159,0,0
2.93791585,0,1
2.93841605,0,0
2.938916,0,1
2.9394161,0,0
2.939916,0,1
2.94041615,0,0
2.9409161,0,1
2.94141625,0,0
2.94191615,0,1
2.9424163,0,0
2.94291625,0,1
2.94341645,0,0
2.9439164,0,1
2.9444166,0,0
2.94491655,0,1
2.9454168,0,0
2.9459167,0,1
2.9464169,0,0
2.9469168,0,1
2.94741695,0,0
2.94791685,0,1
2.948417,0,0
2.94891695,0,1
2.94941715,0,0
2.949917,0,1
2.95041715,0,0
2.950917,0,1
2.9514171,0,0
2.95191695,0,1
2.9524171,0,0
2.952917,0,1
2.95341715,0,0
2.95391705,0,1
2.9544172,0,0
2.95491715,0,1
2.9554173,0,0
2.95591715,0,1
2.9564173,0,0
2.9569172,0,1
2.9574173,0,0
2.95791715,0,1
2.95841735,0,0
2.95891725,0,1
2.9594174,0,0
2.95991735,0,1
2.9604175,0,0
2.9609174,0,1
2.9614176,0,0
2.96191745,0,1
2.9624176,0,0
2.9629175,0,1
2.9634176,0,0
2.9639175,0,1
2.9644176,0,0
2.96491745,0,1
2.96541755,0,0
2.9659175,0,1
2.96641765,0,0
2.9669175,0,1
2.96741765,0,0
2.96791755,0,1
2.96841765,0,0
2.96891755,0,1
2.9694177,0,0
2.96991755,0,1
2.9704177,0,0
2.9709176,0,1
2.97141775,0,0
2.97191765,0,1
2.9724178,0,0
2.97291765,0,1
2.97341775,0,0
2.97391765,0,1
2.97441775,0,0
2.97491765,0,1
2.97541775,0,0
2.97591765,0,1
2.9764178,0,0
2.9769177,0,1
2.9774178,0,0
2.9779177,0,1
2.9784178,0,0
2.9789177,0,1
2.97941785,0,0
2.97991775,0,1
2.98041785,0,0
2.9809177,0,1
2.98141775,0,0
2.9819176,0,1
2.9824177,0,0
2.98291755,0,1
2.98341765,0,0
2.98391745,0,1
2.98441755,0,0
2.9849174,0,1
2.9854175,0,0
2.98591735,0,1
2.98641745,0,0
2.9869173,0,1
2.98741735,0,0
2.98791715,0,1
2.98841725,0,0
2.98891705,0,1
2.98941715,0,0
2.989917,0,1
2.9904171,0,0
2.99091695,0,1
2.99141705,0,0
2.99191685,0,1
2.99241695,0,0
2.9929168,0,1
2.99341695,0,0
2.99391685,0,1
2.994417,0,0
2.99491685,0,1
2.99541695,0,0
2.99591685,0,1
2.99641695,0,0
2.9969169,0,1
2.997417,0,0
2.9979169,0,1
2.998417,0,0
2.99891685,0,1
2.99941695,0,0
2.9999168,0,1
3.0004169,0,0
3.00091685,0,1
3.00141695,0,0
3.00191685,0,1
3.00241695,0,0
3.00291685,0,1
3.003417,0,0
3.0039169,0,1
3.004417,0,0
3.00491695,0,1
3.0054171,0,0
3.005917,0,1
3.0064171,0,0
3.006917,0,1
3.0074171,0,0
3.00791695,0,1
3.00841705,0,0
3.0089169,0,1
3.009417,0,0
3.00991685,0,1
3.01041695,0,0
3.0109168,0,1
3.01141695,0,0
3.0119168,0,1
3.0124169,0,0
3.0129168,0,1
3.01341695,0,0
3.0139168,0,1
3.0144169,0,0
3.01491675,0,1
3.0154168,0,0
3.0159166,0,1
3.01641665,0,0
3.01691655,0,1
3.01741665,0,0
3.0179165,0,1
3.0184166,0,0
3.01891645,0,1
3.01941655,0,0
3.0199164,0,1
3.0204165,0,0
3.02091635,0,1
3.02141645,0,0
3.02191625,0,1
3.02241635,0,0
3.02291615,0,1
3.02341615,0,0
3.02391595,0,1
3.02441605,0,0
3.02491585,0,1
3.0254159,0,0
3.0259157,0,1
3.0264158,0,0
3.02691555,0,1
3.0274156,0,0
3.0279154,0,1
3.0284154,0,0
3.0289152,0,1
3.0294153,0,0
3.02991515,0,1
3.0304152,0,0
3.030915,0,1
3.0314151,0,0
3.0319149,0,1
3.032415,0,0
3.03291475,0,1
3.03341485,0,0
3.03391465,0,1
3.0344147,0,0
3.0349145,0,1
3.0354146,0,0
3.0359144,0,1
3.0364145,0,0
3.03691435,0,1
3.0374144,0,0
3.03791425,0,1
3.03841435,0,0
3.0389142,0,1
3.0394143,0,0
3.03991415,0,1
3.04041425,0,0
3.04091405,0,1
3.0414141,0,0
3.04191395,0,1
3.042414,0,0
3.0429138,0,1
3.04341385,0,0
3.0439137,0,1
3.0444138,0,0
3.04491365,0,1
3.0454137,0,0
3.04591355,0,1
3.0464137,0,0
3.0469135,0,1
3.04741365,0,0
3.04791345,0,1
3.0484135,0,0
3.0489133,0,1
3.04941335,0,0
3.04991315,0,1
3.05041325,0,0
3.050913,0,1
3.05141305,0,0
3.0519129,0,1
3.052413,0,0
3.05291275,0,1
3.05341285,0,0
3.05391265,0,1
3.05441275,0,0
3.05491255,0,1
3.0554126,0,0
3.0559124,0,1
3.05641245,0,0
3.05691225,0,1
3.0574123,0,0
3.0579121,0,1
3.05841215,0,0
3.058912,0,1
3.0594121,0,0
3.0599119,0,1
3.060412,0,0
3.06091185,0,1
3.0614119,0,0
3.0619117,0,1
3.06241175,0,0
3.0629116,0,1
3.0634117,0,0
3.0639115,0,1
3.06441155,0,0
3.0649114,0,1
3.0654115,0,0
3.06591135,0,1
3.0664114,0,0
3.06691125,0,1
3.0674113,0,0
3.06791115,0,1
3.0684112,0,0
3.06891105,0,1
3.0694112,0,0
3.06991105,0,1
3.0704111,0,0
3.0709109,0,1
3.07141095,0,0
3.07191075,0,1
3.07241075,0,0
3.0729106,0,1
3.0734107,0,0
3.0739106,0,1
3.0744107,0,0
3.07491055,0,1
3.0754107,0,0
3.0759105,0,1
3.0764106,0,0
3.07691045,0,1
3.0774105,0,0
3.0779103,0,1
3.0784104,0,0
3.0789102,0,1
3.0794102,0,0
3.07991,0,1
3.08041005,0,0
3.08090985,0,1
3.08140985,0,0
3.08190965,0,1
3.08240975,0,0
3.08290965,0,1
3.08340975,0,0
3.0839096,0,1
3.08440975,0,0
3.0849096,0,1
3.0854097,0,0
3.0859096,0,1
3.08640965,0,0
3.0869095,0,1
3.0874096,0,0
3.0879094,0,1
3.08840945,0,0
3.0889093,0,1
3.0894094,0,0
3.08990925,0,1
3.09040935,0,0
3.09090915,0,1
3.0914093,0,0
3.09190915,0,1
3.09240925,0,0
3.09290915,0,1
3.0934092,0,0
3.09390905,0,1
3.09440915,0,0
3.09490905,0,1
3.0954091,0,0
3.09590895,0,1
3.0964091,0,0
3.0969089,0,1
3.09740905,0,0
3.0979089,0,1
3.098409,0,0
3.09890885,0,1
3.0994089,0,0
3.09990875,0,1
3.1004088,0,0
3.10090865,0,1
3.10140875,0,0
3.10190855,0,1
3.10240865,0,0
3.1029084,0,1
3.10340845,0,0
3.1039082,0,1
3.10440825,0,0
3.10490805,0,1
3.105408,0,0
3.10590775,0,1
3.10640775,0,0
3.1069075,0,1
3.10740745,0,0
3.10790725,0,1
3.1084073,0,0
3.1089071,0,1
3.10940715,0,0
3.10990695,0,1
3.110407,0,0
3.11090685,0,1
3.11140695,0,0
3.1119068,0,1
3.1124068,0,0
3.11290655,0,1
3.11340655,0,0
3.1139063,0,1
3.1144063,0,0
3.1149061,0,1
3.11540615,0,0
3.1159059,0,1
3.11640595,0,0
3.1169057,0,1
3.11740575,0,0
3.1179055,0,1
3.11840545,0,0
3.11890525,0,1
3.11940525,0,0
3.11990505,0,1
3.1204051,0,0
3.12090485,0,1
3.12140495,0,0
3.12190475,0,1
3.1224048,0,0
3.1229046,0,1
3.1234046,0,0
3.1239044,0,1
3.12440445,0,0
3.12490425,0,1
3.1254043,0,0
3.1259041,0,1
3.12640415,0,0
3.1269039,0,1
3.127404,0,0
3.1279038,0,1
3.12840385,0,0
3.1289037,0,1
3.12940375,0,0
3.1299036,0,1
3.13040365,0,0
3.13090345,0,1
3.13140345,0,0
3.13190325,0,1
3.1324033,0,0
3.1329031,0,1
3.13340315,0,0
3.133903,0,1
3.134403,0,0
3.1349028,0,1
3.1354028,0,0
3.13590265,0,1
3.1364027,0,0
3.1369025,0,1
3.1374025,0,0
3.1379023,0,1
3.1384023,0,0
3.1389021,0,1
3.1394021,0,0
3.13990195,0,1
3.140402,0,0
3.1409018,0,1
3.14140185,0,0
3.1419016,0,1
3.14240155,0,0
3.14290135,0,1
3.1434014,0,0
3.1439012,0,1
3.1444012,0,0
3.144901,0,1
3.145401,0,0
3.1459008,0,1
3.14640085,0,0
3.14690065,0,1
3.1474007,0,0
3.14790045,0,1
3.1484005,0,0
3.1489003,0,1
3.14940035,0,0
3.1499001,0,1
3.1504001,0,0
3.1508999,0,1
3.15139995,0,0
3.1518997,0,1
3.15239975,0,0
3.1528995,0,1
3.1533995,0,0
3.15389925,0,1
3.1543992,0,0
3.154899,0,1
3.155399,0,0
3.1558988,0,1
3.15639885,0,0
3.15689865,0,1
3.15739875,0,0
3.1578985,0,1
3.1583985,0,0
3.15889825,0,1
3.1593983,0,0
3.159898,0,1
3.160398,0,0
3.1608977,0,1
3.1613977,0,0
3.16189745,0,1
3.16239745,0,0
3.16289725,0,1
3.1633973,0,0
3.1638971,0,1
3.16439715,0,0
3.164897,0,1
3.165397,0,0
3.1658968,0,1
3.1663968,0,0
3.1668966,0,1
3.16739655,0,0
3.16789635,0,1
3.1683964,0,0
3.1688962,0,1
3.1693963,0,0
3.16989605,0,1
3.17039615,0,0
3.17089595,0,1
3.171396,0,0
3.17189575,0,1
3.1723958,0,0
3.17289555,0,1
3.17339555,0,0
3.1738953,0,1
3.17439535,0,0
3.17489515,0,1
3.1753952,0,0
3.175895,0,1
3.1763951,0,0
3.1768949,0,1
3.17739495,0,0
3.17789475,0,1
3.17839475,0,0
3.17889455,0,1
3.17939455,0,0
3.17989435,0,1
3.1803944,0,0
3.1808942,0,1
3.18139425,0,0
3.18189405,0,1
3.18239415,0,0
3.18289395,0,1
3.183394,0,0
3.18389385,0,1
3.18439385,0,0
3.18489365,0,1
3.18539365,0,0
3.1858934,0,1
3.18639345,0,0
3.18689325,0,1
3.18739325,0,0
3.1878931,0,1
3.1883931,0,0
3.18889295,0,1
3.189393,0,0
3.1898928,0,1
3.1903928,0,0
3.19089265,0,1
3.1913927,0,0
3.1918925,0,1
3.19239255,0,0
3.19289235,0,1
3.1933924,0,0
3.1938922,0,1
3.19439225,0,0
3.19489205,0,1
3.1953921,0,0
3.1958919,0,1
3.1963919,0,0
3.1968917,0,1
3.1973917,0,0
3.1978915,0,1
3.19839155,0,0
3.19889135,0,1
3.1993914,0,0
3.1998912,0,1
3.20039125,0,0
3.20089105,0,1
3.20139105,0,0
3.20189085,0,1
3.20239085,0,0
3.2028906,0,1
3.2033907,0,0
3.2038905,0,1
3.2043905,0,0
3.2048903,0,1
3.20539035,0,0
3.20589015,0,1
3.2063902,0,0
3.20689,0,1
3.20739005,0,0
3.20788985,0,1
3.2083899,0,0
3.20888965,0,1
3.20938975,0,0
3.20988955,0,1
3.2103896,0,0
3.21088935,0,1
3.21138935,0,0
3.21188915,0,1
3.2123892,0,0
3.212889,0,1
3.21338915,0,0
3.21388895,0,1
3.21438905,0,0
3.2148889,0,1
3.2153889,0,0
3.2158887,0,1
3.2163888,0,0
3.2168886,0,1
3.21738865,0,0
3.21788845,0,1
3.21838855,0,0
3.2188883,0,1
3.21938835,0,0
3.2198882,0,1
3.22038825,0,0
3.220888,0,1
3.22138805,0,0
3.22188785,0,1
3.2223879,0,0
3.2228877,0,1
3.22338775,0,0
3.2238875,0,1
3.22438755,0,0
3.2248873,0,1
3.22538735,0,0
3.22588715,0,1
3.22638715,0,0
3.2268869,0,1
3.22738695,0,0
3.22788675,0,1
3.22838675,0,0
3.2288866,0,1
3.22938665,0,0
3.2298865,0,1
3.23038665,0,0
3.2308864,0,1
3.23138645,0,0
3.2318863,0,1
3.2323864,0,0
3.23288625,0,1
3.23338635,0,0
3.2338862,0,1
3.23438625,0,0
3.2348861,0,1
3.2353862,0,0
3.235886,0,1
3.236386,0,0
3.2368858,0,1
3.23738585,0,0
3.23788565,0,1
3.2383857,0,0
3.2388855,0,1
3.23938555,0,0
3.23988535,0,1
3.24038535,0,0
3.2408851,0,1
3.2413852,0,0
3.241885,0,1
3.24238505,0,0
3.2428849,0,1
3.24338495,0,0
3.24388475,0,1
3.2443848,0,0
3.24488455,0,1
3.24538465,0,0
3.24588445,0,1
3.24638455,0,0
3.24688435,0,1
3.24738445,0,0
3.24788425,0,1
3.2483843,0,0
3.24888405,0,1
3.24938405,0,0
3.24988385,0,1
3.2503839,0,0
3.25088365,0,1
3.25138365,0,0
3.2518834,0,1
3.25238345,0,0
3.25288325,0,1
3.2533833,0,0
3.2538831,0,1
3.2543832,0,0
3.254883,0,1
3.25538305,0,0
3.25588285,0,1
3.2563829,0,0
3.25688265,0,1
3.2573827,0,0
3.25788255,0,1
3.2583826,0,0
3.25888235,0,1
3.25938235,0,0
3.25988215,0,1
3.2603822,0,0
3.26088195,0,1
3.261382,0,0
3.26188175,0,1
3.26238175,0,0
3.2628815,0,1
3.26338155,0,0
3.2638814,0,1
3.2643814,0,0
3.2648812,0,1
3.26538125,0,0
3.26588105,0,1
3.26638105,0,0
3.26688085,0,1
3.26738085,0,0
3.26788065,0,1
3.26838065,0,0
3.26888045,0,1
3.26938055,0,0
3.26988035,0,1
3.2703804,0,0
3.2708802,0,1
3.2713802,0,0
3.27187995,0,1
3.27238005,0,0
3.2728798,0,1
3.27337985,0,0
3.27387965,0,1
3.2743797,0,0
3.2748795,0,1
3.27537955,0,0
3.27587935,0,1
3.2763794,0,0
3.27687915,0,1
3.2773792,0,0
3.27787905,0,1
3.2783791,0,0
3.2788789,0,1
3.279379,0,0
3.27987885,0,1
3.2803789,0,0
3.28087865,0,1
3.28137875,0,0
3.28187855,0,1
3.2823786,0,0
3.2828784,0,1
3.2833785,0,0
3.2838783,0,1
3.2843784,0,0
3.2848782,0,1
3.2853783,0,0
3.28587815,0,1
3.2863782,0,0
3.2868781,0,1
3.28737815,0,0
3.287878,0,1
3.2883781,0,0
3.2888779,0,1
3.28937795,0,0
3.28987775,0,1
3.2903778,0,0
3.2908776,0,1
3.29137765,0,0
3.29187745,0,1
3.29237745,0,0
3.2928773,0,1
3.2933774,0,0
3.29387725,0,1
3.29437735,0,0
3.2948771,0,1
3.2953772,0,0
3.295877,0,1
3.29637705,0,0
3.29687685,0,1
3.29737685,0,0
3.29787665,0,1
3.29837665,0,0
3.29887645,0,1
3.29937645,0,0
3.29987625,0,1
3.3003763,0,0
3.30087615,0,1
3.3013762,0,0
3.30187605,0,1
3.30237615,0,0
3.30287595,0,1
3.303376,0,0
3.30387585,0,1
3.3043759,0,0
3.3048757,0,1
3.30537575,0,0
3.30587555,0,1
3.30637565,0,0
3.3068755,0,1
3.3073755,0,0
3.3078753,0,1
3.3083753,0,0
3.3088751,0,1
3.30937515,0,0
3.30987495,0,1
3.31037505,0,0
3.31087485,0,1
3.31137495,0,0
3.3118747,0,1
3.3123748,0,0
3.3128746,0,1
3.3133746,0,0
3.31387435,0,1
3.3143744,0,0
3.31487415,0,1
3.3153742,0,0
3.315874,0,1
3.31637405,0,0
3.31687385,0,1
3.3173739,0,0
3.31787375,0,1
3.3183738,0,0
3.3188736,0,1
3.31937365,0,0
3.31987345,0,1
3.32037355,0,0
3.3208734,0,1
3.32137345,0,0
3.3218733,0,1
3.32237335,0,0
3.3228731,0,1
3.3233732,0,0
3.323873,0,1
3.32437305,0,0
3.32487285,0,1
3.32537295,0,0
3.3258727,0,1
3.32637275,0,0
3.32687255,0,1
3.3273726,0,0
3.32787235,0,1
3.32837245,0,0
3.32887225,0,1
3.3293723,0,0
3.3298721,0,1
3.3303721,0,0
3.3308718,0,1
3.3313719,0,0
3.33187165,0,1
3.3323717,0,0
3.33287155,0,1
3.3333716,0,0
3.33387145,0,1
3.3343715,0,0
3.33487135,0,1
3.33537145,0,0
3.33587125,0,1
3.3363713,0,0
3.3368711,0,1
3.33737115,0,0
3.33787095,0,1
3.338371,0,0
3.3388708,0,1
3.3393708,0,0
3.3398706,0,1
3.34037065,0,0
3.3408704,0,1
3.34137045,0,0
3.34187025,0,1
3.3423703,0,0
3.3428701,0,1
3.34337015,0,0
3.34386995,0,1
3.34437005,0,0
3.3448698,0,1
3.34536985,0,0
3.34586965,0,1
3.3463697,0,0
3.3468695,0,1
3.34736955,0,0
3.34786935,0,1
3.34836945,0,0
3.34886925,0,1
3.3493693,0,0
3.34986915,0,1
3.3503692,0,0
3.35086895,0,1
3.351369,0,0
3.35186885,0,1
3.3523689,0,0
3.35286875,0,1
3.35336875,0,0
3.3538686,0,1
3.3543687,0,0
3.3548685,0,1
3.3553686,0,0
3.35586845,0,1
3.3563685,0,0
3.35686835,0,1
3.35736845,0,0
3.3578683,0,1
3.3583684,0,0
3.35886825,0,1
3.35936835,0,0
3.35986815,0,1
3.36036825,0,0
3.36086805,0,1
3.36136815,0,0
3.36186805,0,1
3.36236805,0,0
3.3628679,0,1
3.36336805,0,0
3.3638679,0,1
3.36436805,0,0
3.36486795,0,1
3.3653681,0,0
3.3658679,0,1
3.366368,0,0
3.36686785,0,1
3.367368,0,0
3.3678678,0,1
3.3683679,0,0
3.3688677,0,1
3.3693678,0,0
3.3698676,0,1
3.3703677,0,0
3.37086755,0,1
3.37136765,0,0
3.37186755,0,1
3.37236765,0,0
3.3728675,0,1
3.37336765,0,0
3.3738675,0,1
3.37436765,0,0
3.3748675,0,1
3.37536765,0,0
3.3758675,0,1
3.3763676,0,0
3.37686745,0,1
3.37736755,0,0
3.37786735,0,1
3.37836745,0,0
3.37886735,0,1
3.3793675,0,0
3.37986735,0,1
3.3803675,0,0
3.3808674,0,1
3.3813675,0,0
3.3818674,0,1
3.3823675,0,0
3.3828674,0,1
3.38336755,0,0
3.3838675,0,1
3.38436765,0,0
3.38486755,0,1
3.3853677,0,0
3.3858676,0,1
3.3863677,0,0
3.38686765,0,1
3.3873678,0,0
3.3878677,0,1
3.3883679,0,0
3.38886775,0,1
3.3893679,0,0
3.3898678,0,1
3.39036795,0,0
3.39086785,0,1
3.391368,0,0
3.39186795,0,1
3.39236805,0,0
3.39286795,0,1
3.39336815,0,0
3.3938681,0,1
3.3943683,0,0
3.39486825,0,1
3.3953684,0,0
3.39586835,0,1
3.39636845,0,0
3.39686835,0,1
3.39736845,0,0
3.39786835,0,1
3.3983685,0,0
3.3988684,0,1
3.39936855,0,0
3.39986845,0,1
3.40036855,0,0
3.40086845,0,1
3.4013686,0,0
3.40186845,0,1
3.40236855,0,0
3.40286845,0,1
3.4033685,0,0
3.4038684,0,1
3.40436855,0,0
3.40486845,0,1
3.4053686,0,0
3.40586855,0,1
3.4063687,0,0
3.40686855,0,1
3.4073687,0,0
3.40786855,0,1
3.4083687,0,0
3.4088686,0,1
3.40936875,0,0
3.40986865,0,1
3.4103688,0,0
3.41086865,0,1
3.41136875,0,0
3.41186865,0,1
3.41236875,0,0
3.4128686,0,1
3.4133687,0,0
3.4138685,0,1
3.41436865,0,0
3.4148685,0,1
3.4153686,0,0
3.4158685,0,1
3.41636865,0,0
3.41686855,0,1
3.41736865,0,0
3.41786855,0,1
3.41836855,0,0
3.4188684,0,1
3.41936845,0,0
3.4198683,0,1
3.4203684,0,0
3.42086825,0,1
3.42136835,0,0
3.42186825,0,1
3.42236835,0,0
3.42286825,0,1
3.4233684,0,0
3.42386825,0,1
3.4243684,0,0
3.4248683,0,1
3.4253685,0,0
3.42586835,0,1
3.4263685,0,0
3.4268684,0,1
3.4273686,0,0
3.42786845,0,1
3.4283686,0,0
3.42886845,0,1
3.42936855,0,0
3.4298684,0,1
3.43036845,0,0
3.4308682,0,1
3.4313682,0,0
3.431868,0,1
3.4323681,0,0
3.432868,0,1
3.43336805,0,0
3.4338678,0,1
3.43436785,0,0
3.4348677,0,1
3.4353678,0,0
3.43586765,0,1
3.43636775,0,0
3.4368676,0,1
3.4373677,0,0
3.4378676,0,1
3.4383677,0,0
3.43886755,0,1
3.4393677,0,0
3.4398676,0,1
3.4403677,0,0
3.44086755,0,1
3.44136765,0,0
3.44186755,0,1
3.4423677,0,0
3.4428676,0,1
3.4433677,0,0
3.4438676,0,1
3.4443677,0,0
3.4448676,0,1
3.4453677,0,0
3.44586755,0,1
3.44636765,0,0
3.44686745,0,1
3.44736755,0,0
3.4478674,0,1
3.44836755,0,0
3.4488674,0,1
3.4493675,0,0
3.44986735,0,1
3.45036745,0,0
3.4508673,0,1
3.45136735,0,0
3.45186715,0,1
3.45236715,0,0
3.45286695,0,1
3.45336705,0,0
3.45386685,0,1
3.45436695,0,0
3.45486675,0,1
3.4553668,0,0
3.45586665,0,1
3.45636675,0,0
3.4568666,0,1
3.4573667,0,0
3.45786655,0,1
3.4583667,0,0
3.45886655,0,1
3.45936665,0,0
3.4598665,0,1
3.4603666,0,0
3.46086645,0,1
3.46136655,0,0
3.46186645,0,1
3.4623666,0,0
3.46286645,0,1
3.4633666,0,0
3.46386645,0,1
3.46436665,0,0
3.4648665,0,1
3.46536665,0,0
3.46586655,0,1
3.4663667,0,0
3.4668666,0,1
3.4673668,0,0
3.4678667,0,1
3.46836685,0,0
3.46886675,0,1
3.46936685,0,0
3.46986675,0,1
3.47036695,0,0
3.47086685,0,1
3.47136705,0,0
3.4718669,0,1
3.472367,0,0
3.4728669,0,1
3.47336705,0,0
3.47386695,0,1
3.47436705,0,0
3.4748669,0,1
3.47536705,0,0
3.47586695,0,1
3.47636705,0,0
3.47686685,0,1
3.4773669,0,0
3.4778667,0,1
3.4783668,0,0
3.47886665,0,1
3.47936675,0,0
3.47986655,0,1
3.4803666,0,0
3.48086645,0,1
3.4813666,0,0
3.4818665,0,1
3.48236665,0,0
3.4828665,0,1
3.48336665,0,0
3.4838665,0,1
3.48436665,0,0
3.4848665,0,1
3.48536665,0,0
3.4858665,0,1
3.4863666,0,0
3.48686645,0,1
3.4873665,0,0
3.4878664,0,1
3.48836655,0,0
3.4888664,0,1
3.4893665,0,0
3.4898664,0,1
3.4903665,0,0
3.4908663,0,1
3.49136635,0,0
3.49186615,0,1
3.49236625,0,0
3.49286605,0,1
3.49336615,0,0
3.49386595,0,1
3.494366,0,0
3.4948658,0,1
3.49536585,0,0
3.4958657,0,1
3.4963657,0,0
3.4968656,0,1
3.4973657,0,0
3.4978656,0,1
3.4983657,0,0
3.4988656,0,1
3.4993657,0,0
3.4998655,0,1
3.5003656,0,0
3.50086545,0,1
3.50136555,0,0
3.50186545,0,1
3.5023655,0,0
3.50286535,0,1
3.50336545,0,0
3.5038653,0,1
3.5043654,0,0
3.50486525,0,1
3.5053653,0,0
3.50586515,0,1
3.5063653,0,0
3.5068652,0,1
3.5073653,0,0
3.5078652,0,1
3.5083653,0,0
3.50886515,0,1
3.50936525,0,0
3.50986505,0,1
3.51036515,0,0
3.510865,0,1
3.5113651,0,0
3.51186495,0,1
3.51236505,0,0
3.5128649,0,1
3.51336505,0,0
3.51386485,0,1
3.51436495,0,0
3.5148648,0,1
3.5153649,0,0
3.5158647,0,1
3.5163648,0,0
3.51686465,0,1
3.5173647,0,0
3.5178646,0,1
3.5183647,0,0
3.51886455,0,1
3.5193646,0,0
3.51986445,0,1
3.5203645,0,0
3.5208643,0,1
3.5213644,0,0
3.5218642,0,1
3.52236425,0,0
3.5228641,0,1
3.5233641,0,0
3.52386395,0,1
3.52436405,0,0
3.5248639,0,1
3.52536395,0,0
3.5258638,0,1
3.5263639,0,0
3.5268637,0,1
3.52736385,0,0
3.5278637,0,1
3.52836375,0,0
3.5288636,0,1
3.52936365,0,0
3.52986345,0,1
3.53036355,0,0
3.5308634,0,1
3.53136345,0,0
3.53186325,0,1
3.5323633,0,0
3.5328631,0,1
3.53336315,0,0
3.53386305,0,1
3.5343632,0,0
3.53486305,0,1
3.53536315,0,0
3.535863,0,1
3.5363631,0,0
3.536863,0,1
3.53736305,0,0
3.5378629,0,1
3.53836295,0,0
3.5388628,0,1
3.5393629,0,0
3.5398627,0,1
3.54036275,0,0
3.5408626,0,1
3.5413627,0,0
3.54186255,0,1
3.54236265,0,0
3.54286255,0,1
3.54336265,0,0
3.5438625,0,1
3.5443626,0,0
3.54486245,0,1
3.54536255,0,0
3.5458624,0,1
3.5463625,0,0
3.54686235,0,1
3.54736245,0,0
3.5478623,0,1
3.5483624,0,0
3.54886225,0,1
3.54936235,0,0
3.5498622,0,1
3.5503623,0,0
3.55086215,0,1
3.5513622,0,0
3.55186205,0,1
3.55236215,0,0
3.55286195,0,1
3.553362,0,0
3.55386185,0,1
3.554362,0,0
3.5548619,0,1
3.555362,0,0
3.55586195,0,1
3.55636205,0,0
3.55686195,0,1
3.5573621,0,0
3.557862,0,1
3.55836215,0,0
3.558862,0,1
3.55936205,0,0
3.5598619,0,1
3.560362,0,0
3.56086185,0,1
3.56136195,0,0
3.56186175,0,1
3.5623618,0,0
3.5628616,0,1
3.56336175,0,0
3.56386155,0,1
3.56436165,0,0
3.5648615,0,1
3.56536155,0,0
3.5658614,0,1
3.56636145,0,0
3.56686125,0,1
3.5673613,0,0
3.5678611,0,1
3.56836115,0,0
3.56886095,0,1
3.569361,0,0
3.5698608,0,1
3.5703609,0,0
3.57086065,0,1
3.5713607,0,0
3.57186055,0,1
3.5723606,0,0
3.57286045,0,1
3.5733605,0,0
3.5738603,0,1
3.57436035,0,0
3.57486015,0,1
3.57536015,0,0
3.57586,0,1
3.57636005,0,0
3.5768599,0,1
3.57736,0,0
3.57785985,0,1
3.57835995,0,0
3.5788598,0,1
3.5793599,0,0
3.57985975,0,1
3.58035985,0,0
3.5808597,0,1
3.5813598,0,0
3.58185965,0,1
3.58235975,0,0
3.58285955,0,1
3.58335955,0,0
3.58385935,0,1
3.58435935,0,0
3.5848592,0,1
3.58535925,0,0
3.585859,0,1
3.58635905,0,0
3.5868589,0,1
3.58735895,0,0
3.5878588,0,1
3.58835885,0,0
3.58885865,0,1
3.58935875,0,0
3.58985855,0,1
3.59035865,0,0
3.5908585,0,1
3.5913586,0,0
3.5918584,0,1
3.5923584,0,0
3.5928582,0,1
3.5933582,0,0
3.59385805,0,1
3.5943581,0,0
3.594858,0,1
3.59535805,0,0
3.5958579,0,1
3.59635795,0,0
3.59685775,0,1
3.59735785,0,0
3.59785765,0,1
3.5983577,0,0
3.5988575,0,1
3.59935755,0,0
3.59985735,0,1
3.60035735,0,0
3.6008572,0,1
3.6013573,0,0
3.60185715,0,1
3.60235725,0,0
3.6028571,0,1
3.6033572,0,0
3.603857,0,1
3.60435705,0,0
3.6048568,0,1
3.60535685,0,0
3.60585665,0,1
3.6063567,0,0
3.6068565,0,1
3.6073565,0,0
3.6078563,0,1
3.60835635,0,0
3.60885615,0,1
3.6093562,0,0
3.609856,0,1
3.61035605,0,0
3.61085585,0,1
3.611356,0,0
3.61185585,0,1
3.6123559,0,0
3.61285575,0,1
3.6133558,0,0
3.61385565,0,1
3.61435575,0,0
3.6148556,0,1
3.6153557,0,0
3.61585555,0,1
3.6163557,0,0
3.61685555,0,1
3.61735565,0,0
3.61785555,0,1
3.61835565,0,0
3.61885545,0,1
3.61935555,0,0
3.6198554,0,1
3.6203555,0,0
3.62085535,0,1
3.6213554,0,0
3.62185525,0,1
3.62235535,0,0
3.6228552,0,1
3.6233553,0,0
3.62385515,0,1
3.6243552,0,0
3.62485505,0,1
3.62535515,0,0
3.62585495,0,1
3.626355,0,0
3.6268548,0,1
3.62735485,0,0
3.62785465,0,1
3.62835475,0,0
3.62885455,0,1
3.6293546,0,0
3.62985445,0,1
3.6303545,0,0
3.63085435,0,1
3.63135445,0,0
3.6318543,0,1
3.63235435,0,0
3.6328542,0,1
3.6333543,0,0
3.63385415,0,1
3.6343543,0,0
3.6348541,0,1
3.6353542,0,0
3.63585405,0,1
3.63635415,0,0
3.63685395,0,1
3.637354,0,0
3.63785385,0,1
3.63835395,0,0
3.63885385,0,1
3.63935395,0,0
3.6398538,0,1
3.6403539,0,0
3.64085375,0,1
3.6413539,0,0
3.64185375,0,1
3.64235385,0,0
3.64285365,0,1
3.6433537,0,0
3.64385355,0,1
3.6443537,0,0
3.64485355,0,1
3.64535365,0,0
3.6458535,0,1
3.64635365,0,0
3.6468535,0,1
3.6473536,0,0
3.64785345,0,1
3.64835355,0,0
3.64885335,0,1
3.6493534,0,0
3.64985325,0,1
3.65035335,0,0
3.65085315,0,1
3.65135325,0,0
3.6518531,0,1
3.6523532,0,0
3.65285305,0,1
3.65335315,0,0
3.65385295,0,1
3.65435305,0,0
3.6548529,0,1
3.65535305,0,0
3.65585285,0,1
3.65635295,0,0
3.6568528,0,1
3.6573529,0,0
3.6578527,0,1
3.6583528,0,0
3.6588526,0,1
3.6593527,0,0
3.6598526,0,1
3.6603527,0,0
3.66085255,0,1
3.6613526,0,0
3.66185245,0,1
3.6623525,0,0
3.6628523,0,1
3.6633524,0,0
3.66385225,0,1
3.6643523,0,0
3.66485205,0,1
3.6653521,0,0
3.6658519,0,1
3.6663519,0,0
3.6668517,0,1
3.66735175,0,0
3.66785155,0,1
3.66835155,0,0
3.6688513,0,1
3.6693513,0,0
3.66985105,0,1
3.6703511,0,0
3.6708509,0,1
3.67135095,0,0
3.6718507,0,1
3.6723507,0,0
3.6728505,0,1
3.67335055,0,0
3.67385035,0,1
3.67435035,0,0
3.6748502,0,1
3.67535025,0,0
3.6758501,0,1
3.67635025,0,0
3.6768501,0,1
3.67735015,0,0
3.67784995,0,1
3.67835005,0,0
3.6788499,0,1
3.67934995,0,0
3.67984975,0,1
3.68034985,0,0
3.6808497,0,1
3.6813498,0,0
3.68184965,0,1
3.6823497,0,0
3.68284955,0,1
3.6833496,0,0
3.68384945,0,1
3.68434955,0,0
3.68484935,0,1
3.6853494,0,0
3.68584925,0,1
3.6863493,0,0
3.6868491,0,1
3.68734915,0,0
3.68784895,0,1
3.68834905,0,0
3.6888489,0,1
3.689349,0,0
3.6898488,0,1
3.6903489,0,0
3.6908487,0,1
3.69134875,0,0
3.69184855,0,1
3.6923486,0,0
3.69284835,0,1
3.69334835,0,0
3.69384815,0,1
3.69434815,0,0
3.6948479,0,1
3.6953479,0,0
3.69584765,0,1
3.69634765,0,0
3.69684745,0,1
3.6973475,0,0
3.6978473,0,1
3.6983474,0,0
3.69884725,0,1
3.69934725,0,0
3.699847,0,1
3.70034705,0,0
3.70084685,0,1
3.70134695,0,0
3.7018468,0,1
3.7023469,0,0
3.70284675,0,1
3.70334685,0,0
3.7038467,0,1
3.7043468,0,0
3.7048466,0,1
3.7053467,0,0
3.70584655,0,1
3.70634665,0,0
3.70684645,0,1
3.7073466,0,0
3.7078464,0,1
3.70834655,0,0
3.7088464,0,1
3.7093465,0,0
3.70984635,0,1
3.7103464,0,0
3.71084625,0,1
3.7113463,0,0
3.7118461,0,1
3.7123462,0,0
3.712846,0,1
3.7133461,0,0
3.71384595,0,1
3.714346,0,0
3.71484585,0,1
3.71534595,0,0
3.7158458,0,1
3.7163459,0,0
3.71684575,0,1
3.71734585,0,0
3.71784565,0,1
3.71834575,0,0
3.7188456,0,1
3.7193457,0,0
3.71984555,0,1
3.72034565,0,0
3.72084545,0,1
3.72134555,0,0
3.72184535,0,1
3.7223454,0,0
3.7228452,0,1
3.7233453,0,0
3.7238451,0,1
3.7243452,0,0
3.72484505,0,1
3.72534515,0,0
3.72584495,0,1
3.72634515,0,0
3.726845,0,1
3.72734515,0,0
3.72784495,0,1
3.7283451,0,0
3.728845,0,1
3.7293451,0,0
3.72984495,0,1
3.7303451,0,0
3.73084495,0,1
3.7313451,0,0
3.731845,0,1
3.73234515,0,0
3.73284505,0,1
3.73334525,0,0
3.7338451,0,1
3.73434525,0,0
3.7348451,0,1
3.7353452,0,0
3.73584505,0,1
3.7363452,0,0
3.73684505,0,1
3.73734515,0,0
3.737845,0,1
3.7383451,0,0
3.73884495,0,1
3.73934505,0,0
3.73984485,0,1
3.74034495,0,0
3.74084475,0,1
3.74134485,0,0
3.74184465,0,1
3.74234475,0,0
3.74284455,0,1
3.7433446,0,0
3.7438444,0,1
3.7443444,0,0
3.74484425,0,1
3.7453443,0,0
3.74584415,0,1
3.7463442,0,0
3.74684405,0,1
3.74734415,0,0
3.747844,0,1
3.7483441,0,0
3.748844,0,1
3.74934405,0,0
3.7498439,0,1
3.75034395,0,0
3.75084375,0,1
3.75134385,0,0
3.7518437,0,1
3.75234375,0,0
3.7528436,0,1
3.7533437,0,0
3.7538436,0,1
3.75434375,0,0
3.7548437,0,1
3.7553438,0,0
3.7558437,0,1
3.75634385,0,0
3.75684375,0,1
3.75734395,0,0
3.7578438,0,1
3.7583439,0,0
3.7588438,0,1
3.7593439,0,0
3.7598438,0,1
3.76034395,0,0
3.7608438,0,1
3.76134395,0,0
3.7618438,0,1
3.76234395,0,0
3.76284385,0,1
3.763344,0,0
3.7638438,0,1
3.7643439,0,0
3.7648438,0,1
3.7653439,0,0
3.7658438,0,1
3.76634385,0,0
3.76684365,0,1
3.76734375,0,0
3.7678436,0,1
3.7683437,0,0
3.76884355,0,1
3.76934365,0,0
3.7698435,0,1
3.7703436,0,0
3.77084345,0,1
3.77134355,0,0
3.7718434,0,1
3.7723435,0,0
3.77284335,0,1
3.7733435,0,0
3.77384335,0,1
3.77434345,0,0
3.77484325,0,1
3.7753434,0,0
3.77584325,0,1
3.77634335,0,0
3.77684325,0,1
3.77734335,0,0
3.7778432,0,1
3.77834325,0,0
3.7788431,0,1
3.77934315,0,0
3.77984305,0,1
3.78034315,0,0
3.78084295,0,1
3.78134305,0,0
3.7818429,0,1
3.782343,0,0
3.7828429,0,1
3.783343,0,0
3.78384285,0,1
3.78434295,0,0
3.78484275,0,1
3.78534285,0,0
3.7858428,0,1
3.7863429,0,0
3.78684275,0,1
3.7873428,0,0
3.78784265,0,1
3.7883428,0,0
3.7888426,0,1
3.7893427,0,0
3.78984255,0,1
3.79034255,0,0
3.79084235,0,1
3.7913424,0,0
3.79184225,0,1
3.7923423,0,0
3.79284215,0,1
3.79334225,0,0
3.79384215,0,1
3.79434225,0,0
3.79484205,0,1
3.79534215,0,0
3.79584195,0,1
3.79634205,0,0
3.79684185,0,1
3.7973419,0,0
3.79784175,0,1
3.79834185,0,0
3.79884175,0,1
3.7993419,0,0
3.79984175,0,1
3.80034185,0,0
3.80084175,0,1
3.8013418,0,0
3.80184165,0,1
3.80234175,0,0
3.8028416,0,1
3.8033417,0,0
3.8038415,0,1
3.80434155,0,0
3.8048414,0,1
3.8053415,0,0
3.8058413,0,1
3.8063414,0,0
3.80684125,0,1
3.80734135,0,0
3.80784115,0,1
3.8083413,0,0
3.8088411,0,1
3.80934115,0,0
3.80984095,0,1
3.810341,0,0
3.8108408,0,1
3.81134095,0,0
3.8118408,0,1
3.81234085,0,0
3.8128407,0,1
3.81334075,0,0
3.8138406,0,1
3.8143407,0,0
3.81484055,0,1
3.81534065,0,0
3.8158405,0,1
3.81634055,0,0
3.8168404,0,1
3.8173405,0,0
3.81784035,0,1
3.8183405,0,0
3.81884035,0,1
3.81934045,0,0
3.8198403,0,1
3.82034035,0,0
3.8208402,0,1
3.82134025,0,0
3.82184005,0,1
3.8223401,0,0
3.8228399,0,1
3.82334,0,0
3.8238398,0,1
3.82433985,0,0
3.82483965,0,1
3.82533975,0,0
3.82583955,0,1
3.82633965,0,0
3.82683945,0,1
3.8273395,0,0
3.8278394,0,1
3.82833945,0,0
3.82883925,0,1
3.82933935,0,0
3.82983915,0,1
3.83033925,0,0
3.83083905,0,1
3.83133915,0,0
3.831839,0,1
3.8323391,0,0
3.832839,0,1
3.8333391,0,0
3.83383895,0,1
3.834339,0,0
3.8348388,0,1
3.83533895,0,0
3.8358388,0,1
3.8363389,0,0
3.8368387,0,1
3.8373388,0,0
3.8378386,0,1
3.83833865,0,0
3.83883845,0,1
3.83933855,0,0
3.83983835,0,1
3.84033845,0,0
3.8408383,0,1
3.8413384,0,0
3.84183825,0,1
3.84233835,0,0
3.8428382,0,1
3.8433383,0,0
3.8438382,0,1
3.8443383,0,0
3.84483815,0,1
3.8453383,0,0
3.84583815,0,1
3.84633825,0,0
3.8468381,0,1
3.8473382,0,0
3.847838,0,1
3.84833805,0,0
3.8488379,0,1
3.849338,0,0
3.84983785,0,1
3.8503379,0,0
3.85083775,0,1
3.85133785,0,0
3.85183765,0,1
3.85233775,0,0
3.8528376,0,1
3.85333765,0,0
3.85383745,0,1
3.85433755,0,0
3.85483735,0,1
3.8553374,0,0
3.8558372,0,1
3.85633725,0,0
3.85683705,0,1
3.85733715,0,0
3.857837,0,1
3.85833705,0,0
3.8588369,0,1
3.859337,0,0
3.8598369,0,1
3.86033695,0,0
3.8608368,0,1
3.86133685,0,0
3.86183665,0,1
3.8623367,0,0
3.86283645,0,1
3.86333655,0,0
3.8638363,0,1
3.8643364,0,0
3.86483615,0,1
3.86533615,0,0
3.86583595,0,1
3.86633605,0,0
3.86683585,0,1
3.86733585,0,0
3.86783565,0,1
3.8683357,0,0
3.86883555,0,1
3.8693356,0,0
3.8698354,0,1
3.8703355,0,0
3.8708353,0,1
3.8713353,0,0
3.87183505,0,1
3.87233505,0,0
3.87283485,0,1
3.8733349,0,0
3.8738347,0,1
3.8743347,0,0
3.87483445,0,1
3.8753345,0,0
3.8758342,0,1
3.8763342,0,0
3.876834,0,1
3.877334,0,0
3.8778338,0,1
3.87833385,0,0
3.87883365,0,1
3.8793338,0,0
3.8798337,0,1
3.8803338,0,0
3.88083365,0,1
3.8813337,0,0
3.8818335,0,1
3.88233355,0,0
3.88283335,0,1
3.8833334,0,0
3.88383315,0,1
3.88433325,0,0
3.88483305,0,1
3.8853331,0,0
3.8858329,0,1
3.88633295,0,0
3.88683275,0,1
3.8873328,0,0
3.8878326,0,1
3.88833265,0,0
3.8888325,0,1
3.8893326,0,0
3.88983245,0,1
3.89033255,0,0
3.8908324,0,1
3.89133245,0,0
3.8918323,0,1
3.8923324,0,0
3.89283225,0,1
3.89333235,0,0
3.8938322,0,1
3.8943323,0,0
3.89483215,0,1
3.8953322,0,0
3.89583205,0,1
3.89633215,0,0
3.896832,0,1
3.8973321,0,0
3.89783195,0,1
3.89833205,0,0
3.89883195,0,1
3.89933205,0,0
3.8998319,0,1
3.90033205,0,0
3.9008319,0,1
3.901332,0,0
3.9018319,0,1
3.90233195,0,0
3.9028318,0,1
3.90333185,0,0
3.9038317,0,1
3.90433175,0,0
3.9048316,0,1
3.90533165,0,0
3.9058315,0,1
3.90633155,0,0
3.90683135,0,1
3.9073314,0,0
3.9078312,0,1
3.9083313,0,0
3.9088311,0,1
3.9093312,0,0
3.90983105,0,1
3.9103311,0,0
3.91083095,0,1
3.911331,0,0
3.9118308,0,1
3.91233085,0,0
3.91283065,0,1
3.9133307,0,0
3.9138305,0,1
3.9143306,0,0
3.9148304,0,1
3.91533045,0,0
3.91583025,0,1
3.91633035,0,0
3.9168302,0,1
3.9173303,0,0
3.9178301,0,1
3.9183302,0,0
3.91883,0,1
3.9193301,0,0
3.9198299,0,1
3.92033,0,0
3.92082985,0,1
3.9213299,0,0
3.9218297,0,1
3.92232975,0,0
3.92282955,0,1
3.9233296,0,0
3.9238294,0,1
3.92432945,0,0
3.9248293,0,1
3.92532935,0,0
3.9258292,0,1
3.9263293,0,0
3.92682915,0,1
3.92732925,0,0
3.92782915,0,1
3.92832925,0,0
3.92882905,0,1
3.92932915,0,0
3.92982895,0,1
3.93032905,0,0
3.9308289,0,1
3.931329,0,0
3.9318288,0,1
3.93232885,0,0
3.9328287,0,1
3.93332875,0,0
3.9338286,0,1
3.9343287,0,0
3.9348285,0,1
3.9353286,0,0
3.93582845,0,1
3.9363285,0,0
3.93682835,0,1
3.93732845,0,0
3.93782825,0,1
3.93832835,0,0
3.93882815,0,1
3.93932825,0,0
3.93982805,0,1
3.9403281,0,0
3.9408279,0,1
3.941328,0,0
3.94182785,0,1
3.94232795,0,0
3.9428278,0,1
3.9433279,0,0
3.9438278,0,1
3.9443279,0,0
3.94482775,0,1
3.94532785,0,0
3.94582765,0,1
3.94632765,0,0
3.9468275,0,1
3.94732755,0,0
3.94782745,0,1
3.94832755,0,0
3.9488274,0,1
3.9493275,0,0
3.94982735,0,1
3.95032745,0,0
3.9508273,0,1
3.9513274,0,0
3.95182725,0,1
3.95232735,0,0
3.95282725,0,1
3.95332735,0,0
3.95382725,0,1
3.9543274,0,0
3.95482725,0,1
3.9553274,0,0
3.95582725,0,1
3.95632735,0,0
3.95682725,0,1
3.95732735,0,0
3.95782725,0,1
3.9583274,0,0
3.95882725,0,1
3.9593274,0,0
3.95982725,0,1
3.9603274,0,0
3.9608273,0,1
3.9613274,0,0
3.9618273,0,1
3.96232745,0,0
3.96282735,0,1
3.9633275,0,0
3.9638274,0,1
3.96432755,0,0
3.96482735,0,1
3.96532745,0,0
3.9658273,0,1
3.9663274,0,0
3.9668273,0,1
3.9673274,0,0
3.96782725,0,1
3.9683273,0,0
3.96882715,0,1
3.96932725,0,0
3.96982715,0,1
3.97032725,0,0
3.97082715,0,1
3.9713273,0,0
3.9718272,0,1
3.97232735,0,0
3.97282725,0,1
3.9733274,0,0
3.9738273,0,1
3.9743274,0,0
3.97482735,0,1
3.9753275,0,0
3.9758274,0,1
3.97632755,0,0
3.9768274,0,1
3.97732755,0,0
3.97782745,0,1
3.9783276,0,0
3.9788275,0,1
3.97932765,0,0
3.9798276,0,1
3.98032775,0,0
3.9808276,0,1
3.9813277,0,0
3.9818276,0,1
3.9823277,0,0
3.9828276,0,1
3.98332775,0,0
3.9838276,0,1
3.98432775,0,0
3.98482765,0,1
3.98532775,0,0
3.98582765,0,1
3.9863278,0,0
3.9868277,0,1
3.9873278,0,0
3.98782765,0,1
3.98832775,0,0
3.9888276,0,1
3.98932775,0,0
3.9898277,0,1
3.99032785,0,0
3.9908277,0,1
3.9913278,0,0
3.99182765,0,1
3.9923277,0,0
3.99282755,0,1
3.9933277,0,0
3.99382755,0,1
3.9943277,0,0
3.99482755,0,1
3.99532765,0,0
3.99582745,0,1
3.9963275,0,0
3.99682735,0,1
3.99732745,0,0
3.9978273,0,1
3.9983274,0,0
3.99882725,0,1
3.99932735,0,0
3.99982715,0,1
4.0003272,0,0
4.000827,0,1
4.00132705,0,0
4.0018269,0,1
4.00232695,0,0
4.0028268,0,1
4.0033269,0,0
4.0038267,0,1
4.0043268,0,0
4.0048266,0,1
4.00532665,0,0
4.0058265,0,1
4.0063266,0,0
4.00682645,0,1
4.0073266,0,0
4.00782635,0,1
4.0083264,0,0
4.0088262,0,1
4.0093263,0,0
4.0098261,0,1
4.0103262,0,0
4.010826,0,1
4.0113261,0,0
4.01182595,0,1
4.01232605,0,0
4.01282585,0,1
4.01332595,0,0
4.01382575,0,1
4.01432575,0,0
4.0148256,0,1
4.01532565,0,0
4.01582545,0,1
4.0163255,0,0
4.01682535,0,1
4.0173254,0,0
4.01782515,0,1
4.01832515,0,0
4.01882495,0,1
4.019325,0,0
4.0198248,0,1
4.02032485,0,0
4.02082465,0,1
4.0213247,0,0
4.0218245,0,1
4.0223246,0,0
4.02282435,0,1
4.02332445,0,0
4.02382425,0,1
4.0243243,0,0
4.02482415,0,1
4.02532425,0,0
4.0258241,0,1
4.0263242,0,0
4.0268241,0,1
4.0273242,0,0
4.027824,0,1
4.0283241,0,0
4.0288239,0,1
4.02932395,0,0
4.02982385,0,1
4.03032395,0,0
4.0308238,0,1
4.0313239,0,0
4.0318237,0,1
4.03232385,0,0
4.0328237,0,1
4.03332375,0,0
4.03382355,0,1
4.0343236,0,0
4.03482335,0,1
4.0353234,0,0
4.03582325,0,1
4.0363233,0,0
4.0368232,0,1
4.03732325,0,0
4.0378231,0,1
4.03832315,0,0
4.03882295,0,1
4.03932305,0,0
4.03982285,0,1
4.0403229,0,0
4.0408227,0,1
4.04132275,0,0
4.04182255,0,1
4.0423226,0,0
4.04282235,0,1
4.04332245,0,0
4.0438223,0,1
4.04432235,0,0
4.0448222,0,1
4.0453222,0,0
4.045822,0,1
4.04632205,0,0
4.0468219,0,1
4.047322,0,0
4.04782185,0,1
4.0483219,0,0
4.0488217,0,1
4.04932175,0,0
4.04982155,0,1
4.0503216,0,0
4.0508214,0,1
4.05132145,0,0
4.0518213,0,1
4.0523214,0,0
4.0528212,0,1
4.0533213,0,0
4.05382115,0,1
4.0543212,0,0
4.054821,0,1
4.0553211,0,0
4.05582095,0,1
4.056321,0,0
4.0568208,0,1
4.0573209,0,0
4.0578207,0,1
4.05832075,0,0
4.05882055,0,1
4.0593206,0,0
4.0598204,0,1
4.06032045,0,0
4.06082025,0,1
4.06132025,0,0
4.0618201,0,1
4.06232015,0,0
4.06281995,0,1
4.06332005,0,0
4.06381985,0,1
4.0643199,0,0
4.06481975,0,1
4.0653198,0,0
4.06581965,0,1
4.06631975,0,0
4.0668196,0,1
4.0673197,0,0
4.0678195,0,1
4.06831955,0,0
4.0688194,0,1
4.0693195,0,0
4.0698193,0,1
4.0703194,0,0
4.0708192,0,1
4.07131935,0,0
4.07181915,0,1
4.07231925,0,0
4.07281905,0,1
4.07331915,0,0
4.07381895,0,1
4.07431905,0,0
4.07481885,0,1
4.0753189,0,0
4.07581875,0,1
4.0763188,0,0
4.0768186,0,1
4.07731865,0,0
4.07781845,0,1
4.07831855,0,0
4.0788184,0,1
4.0793185,0,0
4.07981835,0,1
4.08031845,0,0
4.0808183,0,1
4.08131845,0,0
4.08181835,0,1
4.0823184,0,0
4.0828183,0,1
4.0833184,0,0
4.08381825,0,1
4.08431835,0,0
4.0848182,0,1
4.0853183,0,0
4.0858182,0,1
4.08631825,0,0
4.08681805,0,1
4.08731815,0,0
4.087818,0,1
4.08831805,0,0
4.08881795,0,1
4.08931805,0,0
4.08981785,0,1
4.09031795,0,0
4.09081775,0,1
4.09131775,0,0
4.09181755,0,1
4.09231755,0,0
4.0928174,0,1
4.0933174,0,0
4.0938172,0,1
4.09431725,0,0
4.0948171,0,1
4.09531715,0,0
4.095817,0,1
4.09631705,0,0
4.09681685,0,1
4.09731695,0,0
4.0978168,0,1
4.0983169,0,0
4.0988168,0,1
4.0993169,0,0
4.0998167,0,1
4.1003168,0,0
4.10081665,0,1
4.10131675,0,0
4.10181655,0,1
4.10231665,0,0
4.10281645,0,1
4.10331655,0,0
4.1038164,0,1
4.1043164,0,0
4.10481625,0,1
4.1053163,0,0
4.10581615,0,1
4.1063162,0,0
4.10681605,0,1
4.10731615,0,0
4.10781595,0,1
4.1083161,0,0
4.10881595,0,1
4.10931605,0,0
4.10981595,0,1
4.110316,0,0
4.1108158,0,1
4.11131585,0,0
4.1118157,0,1
4.1123158,0,0
4.11281565,0,1
4.1133157,0,0
4.11381555,0,1
4.1143156,0,0
4.11481545,0,1
4.11531555,0,0
4.1158154,0,1
4.11631545,0,0
4.11681525,0,1
4.11731535,0,0
4.11781515,0,1
4.11831525,0,0
4.11881505,0,1
4.11931515,0,0
4.11981495,0,1
4.12031505,0,0
4.12081485,0,1
4.12131485,0,0
4.12181465,0,1
4.12231465,0,0
4.12281445,0,1
4.1233145,0,0
4.1238143,0,1
4.12431435,0,0
4.1248141,0,1
4.12531415,0,0
4.1258139,0,1
4.12631395,0,0
4.12681375,0,1
4.1273138,0,0
4.1278136,0,1
4.12831365,0,0
4.1288134,0,1
4.1293134,0,0
4.1298133,0,1
4.13031335,0,0
4.1308132,0,1
4.1313133,0,0
4.1318131,0,1
4.1323132,0,0
4.13281305,0,1
4.1333131,0,0
4.13381295,0,1
4.13431305,0,0
4.13481285,0,1
4.13531295,0,0
4.1358128,0,1
4.13631285,0,0
4.1368127,0,1
4.1373128,0,0
4.13781265,0,1
4.1383127,0,0
4.13881255,0,1
4.1393126,0,0
4.13981245,0,1
4.1403125,0,0
4.1408123,0,1
4.14131235,0,0
4.14181215,0,1
4.14231225,0,0
4.14281205,0,1
4.14331215,0,0
4.14381195,0,1
4.144312,0,0
4.1448119,0,1
4.14531195,0,0
4.1458118,0,1
4.14631185,0,0
4.14681165,0,1
4.14731175,0,0
4.14781155,0,1
4.14831165,0,0
4.14881145,0,1
4.1493115,0,0
4.1498113,0,1
4.1503114,0,0
4.1508112,0,1
4.15131125,0,0
4.1518111,0,1
4.15231115,0,0
4.15281095,0,1
4.153311,0,0
4.15381085,0,1
4.15431095,0,0
4.15481085,0,1
4.15531095,0,0
4.15581075,0,1
4.15631085,0,0
4.1568107,0,1
4.15731075,0,0
4.15781055,0,1
4.1583106,0,0
4.1588105,0,1
4.15931055,0,0
4.15981035,0,1
4.16031045,0,0
4.16081035,0,1
4.1613104,0,0
4.16181025,0,1
4.1623103,0,0
4.16281015,0,1
4.16331025,0,0
4.1638101,0,1
4.1643102,0,0
4.16481005,0,1
4.16531015,0,0
4.16580995,0,1
4.16631,0,0
4.16680985,0,1
4.1673099,0,0
4.16780965,0,1
4.16830975,0,0
4.16880955,0,1
4.1693096,0,0
4.1698094,0,1
4.1703095,0,0
4.17080935,0,1
4.17130945,0,0
4.1718093,0,1
4.17230935,0,0
4.1728092,0,1
4.17330935,0,0
4.1738092,0,1
4.1743093,0,0
4.17480915,0,1
4.17530925,0,0
4.17580905,0,1
4.17630915,0,0
4.17680895,0,1
4.1773091,0,0
4.17780895,0,1
4.178309,0,0
4.17880885,0,1
4.1793089,0,0
4.1798087,0,1
4.1803088,0,0
4.18080865,0,1
4.18130875,0,0
4.18180865,0,1
4.18230875,0,0
4.1828086,0,1
4.18330865,0,0
4.1838084,0,1
4.18430845,0,0
4.18480825,0,1
4.18530825,0,0
4.18580805,0,1
4.1863081,0,0
4.18680795,0,1
4.18730795,0,0
4.18780775,0,1
4.18830775,0,0
4.1888075,0,1
4.18930755,0,0
4.1898073,0,1
4.19030735,0,0
4.1908072,0,1
4.1913073,0,0
4.1918071,0,1
4.19230715,0,0
4.19280695,0,1
4.19330705,0,0
4.19380685,0,1
4.1943069,0,0
4.1948067,0,1
4.19530675,0,0
4.19580655,0,1
4.19630665,0,0
4.19680645,0,1
4.1973065,0,0
4.1978063,0,1
4.1983064,0,0
4.19880615,0,1
4.19930625,0,0
4.19980605,0,1
4.2003062,0,0
4.200806,0,1
4.20130605,0,0
4.20180585,0,1
4.20230595,0,0
4.2028058,0,1
4.20330585,0,0
4.2038057,0,1
4.2043058,0,0
4.20480565,0,1
4.20530575,0,0
4.20580555,0,1
4.2063056,0,0
4.20680545,0,1
4.20730555,0,0
4.20780535,0,1
4.2083054,0,0
4.2088052,0,1
4.20930525,0,0
4.2098051,0,1
4.21030515,0,0
4.21080495,0,1
4.211305,0,0
4.2118048,0,1
4.21230485,0,0
4.2128047,0,1
4.21330475,0,0
4.21380455,0,1
4.2143046,0,0
4.21480435,0,1
4.21530435,0,0
4.2158042,0,1
4.2163042,0,0
4.216804,0,1
4.21730395,0,0
4.21780375,0,1
4.21830375,0,0
4.2188035,0,1
4.2193035,0,0
4.2198033,0,1
4.2203033,0,0
4.2208031,0,1
4.2213032,0,0
4.22180295,0,1
4.22230295,0,0
4.2228027,0,1
4.2233027,0,0
4.2238025,0,1
4.22430255,0,0
4.2248023,0,1
4.22530235,0,0
4.2258021,0,1
4.22630215,0,0
4.2268019,0,1
4.2273019,0,0
4.2278017,0,1
4.22830175,0,0
4.2288015,0,1
4.22930155,0,0
4.22980135,0,1
4.2303014,0,0
4.23080115,0,1
4.2313012,0,0
4.231801,0,1
4.23230105,0,0
4.2328009,0,1
4.23330095,0,0
4.23380075,0,1
4.2343008,0,0
4.2348006,0,1
4.23530065,0,0
4.23580045,0,1
4.23630045,0,0
4.2368002,0,1
4.2373002,0,0
4.23780005,0,1
4.2383001,0,0
4.23879985,0,1
4.23929985,0,0
4.2397996,0,1
4.2402996,0,0
4.24079935,0,1
4.2412994,0,0
4.2417992,0,1
4.24229925,0,0
4.242799,0,1
4.24329905,0,0
4.24379885,0,1
4.2442988,0,0
4.2447986,0,1
4.24529865,0,0
4.24579845,0,1
4.2462985,0,0
4.2467983,0,1
4.24729835,0,0
4.2477981,0,1
4.24829815,0,0
4.24879795,0,1
4.249298,0,0
4.24979785,0,1
4.2502979,0,0
4.2507977,0,1
4.2512977,0,0
4.2517975,0,1
4.25229755,0,0
4.2527974,0,1
4.25329745,0,0
4.25379725,0,1
4.2542973,0,0
4.25479715,0,1
4.25529725,0,0
4.25579705,0,1
4.2562971,0,0
4.2567969,0,1
4.25729695,0,0
4.25779675,0,1
4.2582968,0,0
4.2587966,0,1
4.2592967,0,0
4.2597965,0,1
4.26029655,0,0
4.26079635,0,1
4.26129645,0,0
4.26179625,0,1
4.2622963,0,0
4.26279615,0,1
4.2632963,0,0
4.2637961,0,1
4.2642962,0,0
4.264796,0,1
4.26529605,0,0
4.2657959,0,1
4.266296,0,0
4.26679585,0,1
4.26729595,0,0
4.26779575,0,1
4.26829585,0,0
4.26879565,0,1
4.26929565,0,0
4.26979545,0,1
4.2702955,0,0
4.2707953,0,1
4.2712953,0,0
4.2717951,0,1
4.2722951,0,0
4.2727949,0,1
4.2732949,0,0
4.27379475,0,1
4.2742948,0,0
4.27479465,0,1
4.2752947,0,0
4.27579455,0,1
4.27629455,0,0
4.2767943,0,1
4.27729435,0,0
4.2777941,0,1
4.27829415,0,0
4.2787939,0,1
4.27929395,0,0
4.27979375,0,1
4.28029375,0,0
4.2807935,0,1
4.28129355,0,0
4.2817934,0,1
4.2822934,0,0
4.28279325,0,1
4.2832933,0,0
4.2837931,0,1
4.28429315,0,0
4.284793,0,1
4.2852931,0,0
4.2857929,0,1
4.286293,0,0
4.2867928,0,1
4.28729285,0,0
4.28779265,0,1
4.2882927,0,0
4.2887925,0,1
4.28929255,0,0
4.28979235,0,1
4.2902924,0,0
4.2907922,0,1
4.29129225,0,0
4.29179205,0,1
4.2922921,0,0
4.2927919,0,1
4.29329195,0,0
4.29379175,0,1
4.29429185,0,0
4.29479165,0,1
4.2952917,0,0
4.2957915,0,1
4.2962916,0,0
4.29679145,0,1
4.2972915,0,0
4.2977913,0,1
4.29829135,0,0
4.29879115,0,1
4.2992912,0,0
4.299791,0,1
4.30029105,0,0
4.30079085,0,1
4.3012909,0,0
4.30179075,0,1
4.3022908,0,0
4.30279065,0,1
4.3032907,0,0
4.3037905,0,1
4.30429055,0,0
4.30479035,0,1
4.3052904,0,0
4.3057902,0,1
4.30629025,0,0
4.3067901,0,1
4.30729015,0,0
4.30779,0,1
4.3082901,0,0
4.3087899,0,1
4.30929,0,0
4.30978985,0,1
4.31028995,0,0
4.31078975,0,1
4.31128985,0,0
4.3117897,0,1
4.3122898,0,0
4.3127896,0,1
4.3132897,0,0
4.31378955,0,1
4.3142896,0,0
4.31478945,0,1
4.31528955,0,0
4.3157894,0,1
4.3162895,0,0
4.3167893,0,1
4.3172894,0,0
4.3177892,0,1
4.3182893,0,0
4.31878915,0,1
4.31928925,0,0
4.31978905,0,1
4.32028915,0,0
4.32078895,0,1
4.321289,0,0
4.32178875,0,1
4.32228875,0,0
4.32278855,0,1
4.3232886,0,0
4.32378835,0,1
4.3242884,0,0
4.32478815,0,1
4.32528825,0,0
4.32578805,0,1
4.32628815,0,0
4.3267879,0,1
4.32728795,0,0
4.3277878,0,1
4.32828785,0,0
4.3287877,0,1
4.32928775,0,0
4.32978755,0,1
4.33028765,0,0
4.33078745,0,1
4.33128745,0,0
4.33178725,0,1
4.3322873,0,0
4.3327871,0,1
4.33328725,0,0
4.33378705,0,1
4.33428715,0,0
4.33478695,0,1
4.33528705,0,0
4.3357869,0,1
4.336287,0,0
4.33678685,0,1
4.3372869,0,0
4.3377867,0,1
4.33828675,0,0
4.3387866,0,1
4.3392867,0,0
4.3397866,0,1
4.3402867,0,0
4.3407866,0,1
4.3412867,0,0
4.34178655,0,1
4.34228675,0,0
4.3427866,0,1
4.34328675,0,0
4.3437866,0,1
4.3442867,0,0
4.34478655,0,1
4.3452867,0,0
4.34578655,0,1
4.34628665,0,0
4.34678645,0,1
4.3472866,0,0
4.34778645,0,1
4.3482866,0,0
4.34878645,0,1
4.3492866,0,0
4.3497865,0,1
4.3502867,0,0
4.35078665,0,1
4.35128675,0,0
4.3517867,0,1
4.3522868,0,0
4.35278665,0,1
4.3532868,0,0
4.35378675,0,1
4.3542868,0,0
4.35478665,0,1
4.3552868,0,0
4.3557867,0,1
4.35628685,0,0
4.3567867,0,1
4.35728685,0,0
4.3577867,0,1
4.3582868,0,0
4.3587867,0,1
4.35928675,0,0
4.3597866,0,1
4.36028675,0,0
4.3607866,0,1
4.36128665,0,0
4.3617865,0,1
4.3622866,0,0
4.36278645,0,1
4.3632865,0,0
4.36378635,0,1
4.36428645,0,0
4.3647863,0,1
4.3652864,0,0
4.36578625,0,1
4.3662864,0,0
4.36678625,0,1
4.36728635,0,0
4.3677862,0,1
4.36828635,0,0
4.36878625,0,1
4.3692864,0,0
4.36978625,0,1
4.37028635,0,0
4.37078625,0,1
4.3712864,0,0
4.37178625,0,1
4.37228635,0,0
4.3727862,0,1
4.3732863,0,0
4.37378625,0,1
4.37428645,0,0
4.3747864,0,1
4.37528655,0,0
4.3757865,0,1
4.3762867,0,0
4.3767866,0,1
4.3772867,0,0
4.37778655,0,1
4.3782867,0,0
4.3787865,0,1
4.37928665,0,0
4.37978655,0,1
4.38028665,0,0
4.3807865,0,1
4.38128665,0,0
4.3817865,0,1
4.3822866,0,0
4.38278645,0,1
4.3832866,0,0
4.3837864,0,1
4.3842865,0,0
4.3847863,0,1
4.3852864,0,0
4.3857862,0,1
4.3862863,0,0
4.3867861,0,1
4.38728625,0,0
4.3877861,0,1
4.3882862,0,0
4.38878605,0,1
4.38928615,0,0
4.38978595,0,1
4.3902861,0,0
4.39078595,0,1
4.39128605,0,0
4.3917859,0,1
4.392286,0,0
4.39278585,0,1
4.39328595,0,0
4.39378575,0,1
4.3942858,0,0
4.39478565,0,1
4.3952858,0,0
4.39578565,0,1
4.39628575,0,0
4.3967856,0,1
4.39728565,0,0
4.3977855,0,1
4.3982856,0,0
4.39878545,0,1
4.3992855,0,0
4.39978535,0,1
4.40028545,0,0
4.40078525,0,1
4.4012854,0,0
4.4017852,0,1
4.4022853,0,0
4.40278515,0,1
4.4032852,0,0
4.40378505,0,1
4.4042852,0,0
4.4047851,0,1
4.4052852,0,0
4.40578505,0,1
4.40628515,0,0
4.40678505,0,1
4.40728515,0,0
4.407785,0,1
4.40828515,0,0
4.40878505,0,1
4.4092851,0,0
4.40978495,0,1
4.41028505,0,0
4.41078495,0,1
4.41128505,0,0
4.41178495,0,1
4.41228505,0,0
4.4127849,0,1
4.413285,0,0
4.41378485,0,1
4.41428495,0,0
4.4147848,0,1
4.41528495,0,0
4.4157848,0,1
4.4162849,0,0
4.41678475,0,1
4.41728485,0,0
4.4177847,0,1
4.41828475,0,0
4.41878465,0,1
4.4192847,0,0
4.41978455,0,1
4.42028465,0,0
4.42078455,0,1
4.42128465,0,0
4.4217845,0,1
4.4222846,0,0
4.42278445,0,1
4.42328455,0,0
4.4237844,0,1
4.42428445,0,0
4.42478435,0,1
4.4252844,0,0
4.4257843,0,1
4.4262844,0,0
4.42678425,0,1
4.42728435,0,0
4.4277842,0,1
4.42828425,0,0
4.4287841,0,1
4.4292842,0,0
4.42978405,0,1
4.43028415,0,0
4.430784,0,1
4.4312841,0,0
4.43178395,0,1
4.4322841,0,0
4.43278395,0,1
4.43328405,0,0
4.4337839,0,1
4.43428405,0,0
4.4347839,0,1
4.43528405,0,0
4.4357839,0,1
4.43628405,0,0
4.4367839,0,1
4.437284,0,0
4.43778385,0,1
4.43828385,0,0
4.43878365,0,1
4.4392837,0,0
4.4397835,0,1
4.4402835,0,0
4.44078335,0,1
4.4412835,0,0
4.44178335,0,1
4.4422835,0,0
4.44278335,0,1
4.44328345,0,0
4.44378335,0,1
4.44428345,0,0
4.44478335,0,1
4.44528345,0,0
4.4457833,0,1
4.44628345,0,0
4.44678335,0,1
4.4472835,0,0
4.4477834,0,1
4.44828355,0,0
4.44878345,0,1
4.44928365,0,0
4.4497836,0,1
4.45028375,0,0
4.45078365,0,1
4.4512838,0,0
4.4517837,0,1
4.45228385,0,0
4.45278375,0,1
4.4532839,0,0
4.4537838,0,1
4.4542839,0,0
4.4547838,0,1
4.45528395,0,0
4.45578385,0,1
4.456284,0,0
4.45678395,0,1
4.45728405,0,0
4.4577839,0,1
4.45828405,0,0
4.45878385,0,1
4.45928395,0,0
4.4597838,0,1
4.46028385,0,0
4.46078375,0,1
4.46128385,0,0
4.46178375,0,1
4.46228385,0,0
4.4627838,0,1
4.4632839,0,0
4.46378375,0,1
4.46428385,0,0
4.4647837,0,1
4.46528385,0,0
4.4657837,0,1
4.46628385,0,0
4.46678365,0,1
4.4672837,0,0
4.4677836,0,1
4.46828375,0,0
4.4687836,0,1
4.46928375,0,0
4.4697836,0,1
4.47028375,0,0
4.47078365,0,1
4.4712838,0,0
4.4717837,0,1
4.4722838,0,0
4.47278365,0,1
4.47328375,0,0
4.4737836,0,1
4.4742837,0,0
4.4747836,0,1
4.4752837,0,0
4.47578355,0,1
4.47628365,0,0
4.4767835,0,1
4.47728355,0,0
4.4777834,0,1
4.47828345,0,0
4.4787833,0,1
4.47928335,0,0
4.4797832,0,1
4.4802833,0,0
4.48078315,0,1
4.48128325,0,0
4.4817831,0,1
4.4822832,0,0
4.48278305,0,1
4.4832832,0,0
4.48378305,0,1
4.4842831,0,0
4.4847829,0,1
4.485283,0,0
4.48578285,0,1
4.48628295,0,0
4.48678275,0,1
4.4872828,0,0
4.48778265,0,1
4.48828275,0,0
4.48878255,0,1
4.48928265,0,0
4.4897825,0,1
4.4902826,0,0
4.4907825,0,1
4.4912826,0,0
4.4917825,0,1
4.4922826,0,0
4.4927825,0,1
4.4932826,0,0
4.49378245,0,1
4.4942825,0,0
4.4947824,0,1
4.49528255,0,0
4.4957824,0,1
4.49628255,0,0
4.49678245,0,1
4.4972826,0,0
4.49778245,0,1
4.4982826,0,0
4.49878245,0,1
4.49928255,0,0
4.4997824,0,1
4.50028255,0,0
4.5007824,0,1
4.5012825,0,0
4.5017823,0,1
4.5022824,0,0
4.5027823,0,1
4.50328235,0,0
4.5037822,0,1
4.50428235,0,0
4.5047822,0,1
4.5052823,0,0
4.5057822,0,1
4.5062823,0,0
4.5067822,0,1
4.50728235,0,0
4.5077823,0,1
4.5082824,0,0
4.5087823,0,1
4.5092824,0,0
4.5097823,0,1
4.5102824,0,0
4.51078225,0,1
4.51128235,0,0
4.5117822,0,1
4.5122823,0,0
4.51278215,0,1
4.51328225,0,0
4.5137821,0,1
4.5142822,0,0
4.5147821,0,1
4.51528215,0,0
4.51578195,0,1
4.516282,0,0
4.51678185,0,1
4.5172819,0,0
4.5177817,0,1
4.51828185,0,0
4.51878165,0,1
4.5192817,0,0
4.51978155,0,1
4.5202817,0,0
4.52078155,0,1
4.5212817,0,0
4.5217816,0,1
4.52228175,0,0
4.52278165,0,1
4.52328175,0,0
4.52378165,0,1
4.52428175,0,0
4.52478165,0,1
4.52528185,0,0
4.52578175,0,1
4.52628185,0,0
4.52678175,0,1
4.52728185,0,0
4.52778175,0,1
4.5282819,0,0
4.5287818,0,1
4.5292819,0,0
4.52978175,0,1
4.53028185,0,0
4.5307817,0,1
4.5312818,0,0
4.53178165,0,1
4.5322818,0,0
4.53278165,0,1
4.53328175,0,0
4.5337816,0,1
4.5342817,0,0
4.53478155,0,1
4.5352816,0,0
4.53578145,0,1
4.5362815,0,0
4.5367813,0,1
4.53728135,0,0
4.53778115,0,1
4.53828115,0,0
4.538781,0,1
4.539281,0,0
4.5397808,0,1
4.5402809,0,0
4.54078075,0,1
4.54128085,0,0
4.5417807,0,1
4.5422808,0,0
4.54278065,0,1
4.54328075,0,0
4.5437806,0,1
4.54428065,0,0
4.54478045,0,1
4.54528055,0,0
4.54578035,0,1
4.54628045,0,0
4.5467802,0,1
4.54728025,0,0
4.54777995,0,1
4.54827995,0,0
4.54877975,0,1
4.54927985,0,0
4.54977965,0,1
4.5502797,0,0
4.55077955,0,1
4.55127965,0,0
4.55177955,0,1
4.55227965,0,0
4.5527795,0,1
4.5532796,0,0
4.55377945,0,1
4.55427955,0,0
4.5547794,0,1
4.5552795,0,0
4.5557794,0,1
4.5562795,0,0
4.55677935,0,1
4.5572795,0,0
4.5577794,0,1
4.55827955,0,0
4.5587794,0,1
4.55927945,0,0
4.55977935,0,1
4.5602794,0,0
4.5607793,0,1
4.56127935,0,0
4.56177915,0,1
4.56227925,0,0
4.56277915,0,1
4.5632793,0,0
4.56377915,0,1
4.5642792,0,0
4.564779,0,1
4.5652791,0,0
4.56577895,0,1
4.5662791,0,0
4.56677895,0,1
4.56727905,0,0
4.5677789,0,1
4.568279,0,0
4.56877885,0,1
4.56927895,0,0
4.5697788,0,1
4.5702789,0,0
4.5707788,0,1
4.57127895,0,0
4.5717788,0,1
4.5722789,0,0
4.57277875,0,1
4.57327885,0,0
4.57377875,0,1
4.5742789,0,0
4.57477875,0,1
4.57527885,0,0
4.57577875,0,1
4.5762789,0,0
4.57677875,0,1
4.57727885,0,0
4.57777875,0,1
4.57827885,0,0
4.5787787,0,1
4.57927885,0,0
4.5797787,0,1
4.5802788,0,0
4.58077865,0,1
4.5812787,0,0
4.58177855,0,1
4.58227865,0,0
4.5827785,0,1
4.58327855,0,0
4.5837784,0,1
4.58427855,0,0
4.5847783,0,1
4.5852784,0,0
4.5857782,0,1
4.5862783,0,0
4.58677815,0,1
4.5872782,0,0
4.58777805,0,1
4.5882782,0,0
4.5887781,0,1
4.5892782,0,0
4.58977805,0,1
4.59027815,0,0
4.590778,0,1
4.59127815,0,0
4.591778,0,1
4.5922781,0,0
4.5927779,0,1
4.593278,0,0
4.59377785,0,1
4.59427795,0,0
4.5947778,0,1
4.5952779,0,0
4.59577775,0,1
4.59627785,0,0
4.5967777,0,1
4.59727785,0,0
4.59777775,0,1
4.59827785,0,0
4.5987777,0,1
4.5992778,0,0
4.59977765,0,1
4.60027775,0,0
4.60077755,0,1
4.60127765,0,0
4.6017775,0,1
4.6022776,0,0
4.60277745,0,1
4.60327755,0,0
4.60377735,0,1
4.60427745,0,0
4.6047773,0,1
4.6052774,0,0
4.6057772,0,1
4.6062773,0,0
4.6067771,0,1
4.6072771,0,0
4.6077769,0,1
4.60827695,0,0
4.60877675,0,1
4.6092768,0,0
4.6097766,0,1
4.6102767,0,0
4.6107765,0,1
4.61127655,0,0
4.61177635,0,1
4.6122765,0,0
4.61277635,0,1
4.61327645,0,0
4.6137763,0,1
4.61427635,0,0
4.61477615,0,1
4.6152762,0,0
4.615776,0,1
4.61627605,0,0
4.6167759,0,1
4.61727595,0,0
4.6177758,0,1
4.61827585,0,0
4.61877565,0,1
4.6192757,0,0
4.6197755,0,1
4.6202755,0,0
4.6207753,0,1
4.6212753,0,0
4.621775,0,1
4.622275,0,0
4.6227747,0,1
4.62327465,0,0
4.62377435,0,1
4.62427435,0,0
4.6247741,0,1
4.6252741,0,0
4.62577395,0,1
4.6262739,0,0
4.62677365,0,1
4.62727365,0,0
4.6277734,0,1
4.6282734,0,0
4.62877315,0,1
4.6292732,0,0
4.6297729,0,1
4.6302729,0,0
4.6307727,0,1
4.6312727,0,0
4.63177255,0,1
4.63227255,0,0
4.6327724,0,1
4.63327245,0,0
4.63377225,0,1
4.63427235,0,0
4.6347722,0,1
4.63527225,0,0
4.6357721,0,1
4.63627215,0,0
4.63677195,0,1
4.637272,0,0
4.63777175,0,1
4.6382718,0,0
4.6387716,0,1
4.63927165,0,0
4.63977145,0,1
4.64027155,0,0
4.6407714,0,1
4.64127145,0,0
4.6417712,0,1
4.6422712,0,0
4.64277105,0,1
4.6432711,0,0
4.643771,0,1
4.6442711,0,0
4.64477095,0,1
4.64527105,0,0
4.64577095,0,1
4.646271,0,0
4.6467708,0,1
4.64727085,0,0
4.6477707,0,1
4.6482708,0,0
4.6487706,0,1
4.6492707,0,0
4.64977055,0,1
4.65027065,0,0
4.6507705,0,1
4.6512706,0,0
4.6517704,0,1
4.65227045,0,0
4.6527703,0,1
4.6532704,0,0
4.65377015,0,1
4.6542703,0,0
4.6547701,0,1
4.6552702,0,0
4.65577005,0,1
4.6562702,0,0
4.65677005,0,1
4.6572701,0,0
4.65777,0,1
4.6582701,0,0
4.65876995,0,1
4.65927005,0,0
4.6597699,0,1
4.66027,0,0
4.6607698,0,1
4.66126995,0,0
4.6617698,0,1
4.66226985,0,0
4.66276965,0,1
4.6632697,0,0
4.66376955,0,1
4.6642696,0,0
4.66476945,0,1
4.6652695,0,0
4.66576925,0,1
4.6662693,0,0
4.66676915,0,1
4.6672692,0,0
4.66776905,0,1
4.6682692,0,0
4.66876905,0,1
4.6692692,0,0
4.66976905,0,1
4.6702692,0,0
4.67076915,0,1
4.6712693,0,0
4.6717692,0,1
4.67226935,0,0
4.6727692,0,1
4.67326935,0,0
4.67376925,0,1
4.6742694,0,0
4.67476925,0,1
4.6752694,0,0
4.67576925,0,1
4.6762694,0,0
4.6767692,0,1
4.67726925,0,0
4.6777691,0,1
4.6782692,0,0
4.67876905,0,1
4.6792691,0,0
4.67976895,0,1
4.68026905,0,0
4.68076885,0,1
4.68126895,0,0
4.68176875,0,1
4.68226885,0,0
4.68276865,0,1
4.68326875,0,0
4.68376855,0,1
4.6842686,0,0
4.6847684,0,1
4.68526845,0,0
4.68576825,0,1
4.68626835,0,0
4.6867682,0,1
4.68726825,0,0
4.6877681,0,1
4.68826815,0,0
4.68876805,0,1
4.6892681,0,0
4.6897679,0,1
4.690268,0,0
4.69076785,0,1
4.69126795,0,0
4.6917678,0,1
4.69226785,0,0
4.6927677,0,1
4.69326775,0,0
4.6937676,0,1
4.69426775,0,0
4.6947676,0,1
4.6952677,0,0
4.6957676,0,1
4.6962677,0,0
4.6967675,0,1
4.6972676,0,0
4.6977674,0,1
4.6982675,0,0
4.69876725,0,1
4.6992673,0,0
4.69976715,0,1
4.70026725,0,0
4.7007671,0,1
4.7012672,0,0
4.7017671,0,1
4.70226715,0,0
4.70276695,0,1
4.70326705,0,0
4.7037669,0,1
4.704267,0,0
4.70476685,0,1
4.70526695,0,0
4.7057668,0,1
4.7062669,0,0
4.70676675,0,1
4.70726685,0,0
4.70776675,0,1
4.70826685,0,0
4.70876675,0,1
4.70926685,0,0
4.7097667,0,1
4.71026675,0,0
4.7107666,0,1
4.7112667,0,0
4.71176655,0,1
4.71226665,0,0
4.71276655,0,1
4.7132667,0,0
4.71376655,0,1
4.7142667,0,0
4.71476655,0,1
4.7152666,0,0
4.71576645,0,1
4.71626655,0,0
4.71676635,0,1
4.71726645,0,0
4.7177663,0,1
4.7182664,0,0
4.71876625,0,1
4.7192664,0,0
4.7197663,0,1
4.7202664,0,0
4.7207663,0,1
4.72126645,0,0
4.7217663,0,1
4.7222664,0,0
4.72276625,0,1
4.72326635,0,0
4.7237662,0,1
4.7242663,0,0
4.72476615,0,1
4.72526625,0,0
4.72576615,0,1
4.72626625,0,0
4.72676615,0,1
4.7272663,0,0
4.72776625,0,1
4.72826645,0,0
4.72876635,0,1
4.72926645,0,0
4.72976635,0,1
4.7302665,0,0
4.73076635,0,1
4.7312664,0,0
4.7317663,0,1
4.73226645,0,0
4.7327663,0,1
4.7332664,0,0
4.7337663,0,1
4.73426645,0,0
4.73476635,0,1
4.73526645,0,0
4.73576635,0,1
4.73626645,0,0
4.73676635,0,1
4.7372665,0,0
4.7377664,0,1
4.73826655,0,0
4.73876645,0,1
4.7392666,0,0
4.7397665,0,1
4.74026665,0,0
4.74076655,0,1
4.74126665,0,0
4.7417665,0,1
4.7422666,0,0
4.7427665,0,1
4.74326665,0,0
4.74376655,0,1
4.74426665,0,0
4.7447665,0,1
4.74526665,0,0
4.7457665,0,1
4.7462666,0,0
4.7467665,0,1
4.7472666,0,0
4.74776645,0,1
4.7482666,0,0
4.74876655,0,1
4.74926665,0,0
4.7497666,0,1
4.75026675,0,0
4.75076665,0,1
4.75126685,0,0
4.7517668,0,1
4.75226695,0,0
4.75276685,0,1
4.753267,0,0
4.7537669,0,1
4.75426705,0,0
4.75476695,0,1
4.7552671,0,0
4.755767,0,1
4.75626715,0,0
4.75676705,0,1
4.75726725,0,0
4.7577672,0,1
4.75826735,0,0
4.7587673,0,1
4.75926745,0,0
4.7597674,0,1
4.76026755,0,0
4.7607675,0,1
4.76126765,0,0
4.7617675,0,1
4.76226765,0,0
4.7627676,0,1
4.76326775,0,0
4.76376765,0,1
4.76426785,0,0
4.7647678,0,1
4.765268,0,0
4.7657679,0,1
4.7662681,0,0
4.76676805,0,1
4.76726825,0,0
4.76776815,0,1
4.7682683,0,0
4.76876825,0,1
4.76926845,0,0
4.7697683,0,1
4.7702684,0,0
4.7707683,0,1
4.77126845,0,0
4.77176835,0,1
4.7722685,0,0
4.7727684,0,1
4.77326855,0,0
4.7737685,0,1
4.7742686,0,0
4.77476845,0,1
4.77526855,0,0
4.7757684,0,1
4.7762686,0,0
4.77676855,0,1
4.7772687,0,0
4.7777686,0,1
4.7782687,0,0
4.7787686,0,1
4.7792687,0,0
4.7797686,0,1
4.7802687,0,0
4.78076865,0,1
4.78126885,0,0
4.78176875,0,1
4.7822689,0,0
4.7827688,0,1
4.7832689,0,0
4.7837688,0,1
4.7842689,0,0
4.78476875,0,1
4.78526885,0,0
4.7857687,0,1
4.7862688,0,0
4.78676865,0,1
4.78726875,0,0
4.7877686,0,1
4.78826865,0,0
4.78876855,0,1
4.7892687,0,0
4.78976855,0,1
4.79026865,0,0
4.7907685,0,1
4.79126865,0,0
4.7917685,0,1
4.79226865,0,0
4.7927685,0,1
4.7932686,0,0
4.7937685,0,1
4.79426865,0,0
4.7947685,0,1
4.79526865,0,0
4.79576855,0,1
4.7962687,0,0
4.79676855,0,1
4.79726865,0,0
4.79776855,0,1
4.7982687,0,0
4.79876855,0,1
4.7992687,0,0
4.7997686,0,1
4.8002687,0,0
4.80076855,0,1
4.8012687,0,0
4.80176855,0,1
4.8022687,0,0
4.8027686,0,1
4.80326875,0,0
4.80376865,0,1
4.8042688,0,0
4.80476875,0,1
4.80526885,0,0
4.80576865,0,1
4.8062688,0,0
4.80676865,0,1
4.80726885,0,0
4.80776875,0,1
4.80826885,0,0
4.8087687,0,1
4.8092688,0,0
4.80976865,0,1
4.8102687,0,0
4.8107685,0,1
4.81126855,0,0
4.81176835,0,1
4.8122684,0,0
4.81276825,0,1
4.81326835,0,0
4.81376815,0,1
4.81426825,0,0
4.81476805,0,1
4.81526815,0,0
4.815768,0,1
4.816268,0,0
4.81676785,0,1
4.81726795,0,0
4.8177678,0,1
4.8182679,0,0
4.81876775,0,1
4.81926785,0,0
4.81976765,0,1
4.8202677,0,0
4.82076755,0,1
4.8212676,0,0
4.8217674,0,1
4.82226745,0,0
4.82276725,0,1
4.82326735,0,0
4.82376715,0,1
4.8242672,0,0
4.8247671,0,1
4.8252672,0,0
4.82576705,0,1
4.8262671,0,0
4.8267669,0,1
4.827267,0,0
4.8277668,0,1
4.82826685,0,0
4.8287667,0,1
4.8292668,0,0
4.82976665,0,1
4.8302667,0,0
4.83076655,0,1
4.8312667,0,0
4.8317666,0,1
4.8322667,0,0
4.8327665,0,1
4.8332666,0,0
4.8337665,0,1
4.8342666,0,0
4.8347664,0,1
4.8352665,0,0
4.83576635,0,1
4.83626645,0,0
4.83676635,0,1
4.83726645,0,0
4.8377663,0,1
4.8382664,0,0
4.83876625,0,1
4.8392663,0,0
4.83976615,0,1
4.84026625,0,0
4.8407661,0,1
4.84126615,0,0
4.84176595,0,1
4.842266,0,0
4.8427658,0,1
4.8432659,0,0
4.8437657,0,1
4.84426585,0,0
4.84476575,0,1
4.84526585,0,0
4.8457657,0,1
4.84626575,0,0
4.84676555,0,1
4.8472656,0,0
4.84776545,0,1
4.8482655,0,0
4.84876535,0,1
4.8492655,0,0
4.84976535,0,1
4.8502655,0,0
4.8507654,0,1
4.85126555,0,0
4.8517654,0,1
4.85226555,0,0
4.85276545,0,1
4.85326555,0,0
4.85376545,0,1
4.85426555,0,0
4.85476545,0,1
4.8552656,0,0
4.8557655,0,1
4.85626565,0,0
4.85676555,0,1
4.85726565,0,0
4.8577655,0,1
4.85826565,0,0
4.85876555,0,1
4.85926565,0,0
4.85976555,0,1
4.8602657,0,0
4.86076555,0,1
4.8612657,0,0
4.8617656,0,1
4.8622658,0,0
4.86276565,0,1
4.86326575,0,0
4.8637657,0,1
4.8642658,0,0
4.8647657,0,1
4.86526585,0,0
4.86576575,0,1
4.8662658,0,0
4.86676565,0,1
4.86726575,0,0
4.8677656,0,1
4.8682657,0,0
4.86876555,0,1
4.86926565,0,0
4.86976545,0,1
4.87026555,0,0
4.87076535,0,1
4.87126535,0,0
4.8717652,0,1
4.87226525,0,0
4.8727651,0,1
4.87326515,0,0
4.873765,0,1
4.87426505,0,0
4.87476485,0,1
4.87526495,0,0
4.8757648,0,1
4.8762649,0,0
4.87676475,0,1
4.8772648,0,0
4.8777646,0,1
4.8782646,0,0
4.8787644,0,1
4.8792645,0,0
4.87976435,0,1
4.88026435,0,0
4.8807642,0,1
4.88126425,0,0
4.88176405,0,1
4.88226415,0,0
4.88276395,0,1
4.883264,0,0
4.8837638,0,1
4.8842639,0,0
4.8847637,0,1
4.8852638,0,0
4.88576365,0,1
4.88626375,0,0
4.8867636,0,1
4.88726365,0,0
4.8877635,0,1
4.8882636,0,0
4.88876345,0,1
4.88926355,0,0
4.88976345,0,1
4.89026355,0,0
4.8907634,0,1
4.89126345,0,0
4.8917633,0,1
4.89226335,0,0
4.8927632,0,1
4.89326325,0,0
4.8937631,0,1
4.89426315,0,0
4.89476295,0,1
4.895263,0,0
4.89576285,0,1
4.89626295,0,0
4.89676275,0,1
4.89726285,0,0
4.89776265,0,1
4.89826265,0,0
4.8987624,0,1
4.8992624,0,0
4.89976215,0,1
4.9002622,0,0
4.90076205,0,1
4.90126215,0,0
4.901762,0,1
4.90226205,0,0
4.90276185,0,1
4.90326195,0,0
4.90376175,0,1
4.90426185,0,0
4.90476165,0,1
4.9052617,0,0
4.9057615,0,1
4.9062616,0,0
4.9067614,0,1
4.9072614,0,0
4.9077612,0,1
4.90826125,0,0
4.9087611,0,1
4.90926115,0,0
4.909761,0,1
4.91026105,0,0
4.9107609,0,1
4.91126095,0,0
4.91176075,0,1
4.91226075,0,0
4.9127606,0,1
4.91326065,0,0
4.9137605,0,1
4.91426055,0,0
4.91476035,0,1
4.91526045,0,0
4.91576025,0,1
4.9162603,0,0
4.91676015,0,1
4.9172602,0,0
4.91776,0,1
4.91825995,0,0
4.91875975,0,1
4.91925985,0,0
4.91975965,0,1
4.92025975,0,0
4.92075955,0,1
4.92125965,0,0
4.9217595,0,1
4.92225955,0,0
4.92275935,0,1
4.9232594,0,0
4.92375925,0,1
4.92425935,0,0
4.92475915,0,1
4.92525925,0,0
4.9257591,0,1
4.9262592,0,0
4.92675905,0,1
4.92725915,0,0
4.927759,0,1
4.9282591,0,0
4.9287589,0,1
4.929259,0,0
4.92975885,0,1
4.9302589,0,0
4.9307587,0,1
4.9312588,0,0
4.93175865,0,1
4.93225875,0,0
4.9327586,0,1
4.93325865,0,0
4.9337585,0,1
4.93425855,0,0
4.93475835,0,1
4.93525845,0,0
4.9357583,0,1
4.93625835,0,0
4.93675815,0,1
4.9372582,0,0
4.93775805,0,1
4.9382581,0,0
4.9387579,0,1
4.93925795,0,0
4.93975775,0,1
4.94025785,0,0
4.94075765,0,1
4.9412577,0,0
4.9417575,0,1
4.9422575,0,0
4.9427573,0,1
4.9432574,0,0
4.94375715,0,1
4.94425715,0,0
4.94475695,0,1
4.94525695,0,0
4.94575675,0,1
4.9462568,0,0
4.9467566,0,1
4.94725665,0,0
4.9477565,0,1
4.9482565,0,0
4.9487563,0,1
4.94925635,0,0
4.94975615,0,1
4.9502562,0,0
4.950756,0,1
4.9512561,0,0
4.9517559,0,1
4.952256,0,0
4.95275585,0,1
4.9532559,0,0
4.9537557,0,1
4.9542558,0,0
4.9547556,0,1
4.9552556,0,0
4.95575545,0,1
4.95625555,0,0
4.95675535,0,1
4.9572554,0,0
4.9577552,0,1
4.9582553,0,0
4.9587551,0,1
4.95925515,0,0
4.959755,0,1
4.96025505,0,0
4.9607549,0,1
4.96125495,0,0
4.96175475,0,1
4.96225485,0,0
4.96275465,0,1
4.9632547,0,0
4.9637545,0,1
4.96425455,0,0
4.96475435,0,1
4.96525435,0,0
4.96575415,0,1
4.9662542,0,0
4.966754,0,1
4.96725405,0,0
4.96775385,0,1
4.96825385,0,0
4.96875365,0,1
4.9692537,0,0
4.96975345,0,1
4.97025345,0,0
4.9707532,0,1
4.9712532,0,0
4.971753,0,1
4.97225305,0,0
4.97275285,0,1
4.97325285,0,0
4.97375265,0,1
4.9742527,0,0
4.9747525,0,1
4.97525255,0,0
4.97575235,0,1
4.9762524,0,0
4.9767522,0,1
4.97725225,0,0
4.9777521,0,1
4.97825215,0,0
4.9787519,0,1
4.97925195,0,0
4.9797517,0,1
4.9802517,0,0
4.98075145,0,1
4.98125145,0,0
4.9817512,0,1
4.9822513,0,0
4.98275105,0,1
4.98325105,0,0
4.9837508,0,1
4.9842508,0,0
4.9847506,0,1
4.98525065,0,0
4.98575045,0,1
4.9862505,0,0
4.9867503,0,1
4.98725035,0,0
4.98775015,0,1
4.98825015,0,0
4.98874995,0,1
4.98924995,0,0
4.98974975,0,1
4.9902498,0,0
4.99074955,0,1
4.9912496,0,0
4.99174935,0,1
4.99224935,0,0
4.99274915,0,1
4.99324915,0,0
4.9937489,0,1
4.9942489,0,0
4.9947487,0,1
4.9952487,0,0
4.99574845,0,1
4.99624845,0,0
4.99674825,0,1
4.99724825,0,0
4.99774795,0,1
4.998248,0,0
4.9987478,0,1
4.99924785,0,0
4.99974765,0,1
